method,qt_construction_seconds,sparse_factorization_seconds,posterior_mean_solve_seconds,posterior_mean_solve_relative_residual,observation_count,sigma_obs_standardized,selected_variance_solves_seconds,selected_variance_solve_relative_residual,selected_rhs_count,ei_seconds,selected_action_position,selected_action_key,selected_ei_standardized,total_decision_seconds,hyperparameters_fit_or_updated,seed,query_index,decision_kind,marginalization_500_rhs_seconds,marginalization_solve_relative_residual,dense_marginal_precision_seconds,dense_marginal_precision_relative_residual,support_rhs_count,principal_precision_submatrix_used,approximation,optimizer,optimizer_success,optimizer_iterations,optimizer_function_evaluations,gradient_infinity_norm,map_optimization_seconds,optimizer_attempts,factor_energy_gradient_calls,factor_energy_gradient_seconds,hessian_construction_seconds,factor_hessian_calls,factor_hessian_seconds,dense_cholesky_seconds,laplace_solve_relative_residual,laplace_spd_cholesky_success,warm_start_status,importance_validation_seconds_in_total
NO_PBE,0.0007448060000001533,0.045167196000022614,0.001239982000015516,6.570471031971845e-16,8,0.05,0.14272324900002786,6.363039849911176e-16,191,0.00029128099998843027,12,current-nlr-pbe-gw-v1:gw:matdb:000009592,0.005124021738371565,0.2030834419999792,False,0,1,,,,,,,,,,,,,,,,,,,,,,,,,
NO_PBE,0.0010975170000051548,0.04720641599999453,0.0012725010000167458,4.545098650041556e-16,9,0.05,0.14533610200004432,6.072036869042963e-16,191,0.00030147600000418606,11,current-nlr-pbe-gw-v1:gw:matdb:000010003,0.005056042557026987,0.20779277600001933,False,0,2,,,,,,,,,,,,,,,,,,,,,,,,,
NO_PBE,0.0006772130000172183,0.04694154599997091,0.0013147199999821169,6.110339059335993e-16,10,0.05,0.14835290700000314,6.093785009029866e-16,191,0.00029372800003102384,6,current-nlr-pbe-gw-v1:gw:matdb:000009985,0.005037221242968293,0.2173404740000251,False,0,3,,,,,,,,,,,,,,,,,,,,,,,,,
NO_PBE,0.0006984199999919838,0.09690880799996648,0.0037594930000182103,7.569791785241526e-16,11,0.05,0.1383359240000459,6.159787269570797e-16,191,0.0002917150000030233,8,current-nlr-pbe-gw-v1:gw:matdb:000009995,0.004963056822507389,0.25266773200002035,False,0,4,,,,,,,,,,,,,,,,,,,,,,,,,
NO_PBE,0.0007179069999665444,0.04678073600001653,0.0012471750000031534,9.356814323403511e-16,12,0.05,0.14615024100004348,6.318789453577656e-16,191,0.0002809580000189271,9,current-nlr-pbe-gw-v1:gw:matdb:000289592,0.004303140643749939,0.21587541299999202,False,0,5,,,,,,,,,,,,,,,,,,,,,,,,,
NO_PBE,0.002752015999988089,0.08526463799995554,0.0012623730000314026,5.275916554999076e-16,13,0.05,0.13729681000000937,5.622287569823484e-16,191,0.0002926980000097501,13,current-nlr-pbe-gw-v1:gw:matdb:000010014,0.004093391796774214,0.23799595799999906,False,0,6,,,,,,,,,,,,,,,,,,,,,,,,,
NO_PBE,0.0007222270000397657,0.04667892599997003,0.0012584469999978865,2.6377227382096665e-16,14,0.05,0.16361383299999943,6.163451607410317e-16,191,0.000286892000019634,165,current-nlr-pbe-gw-v1:gw:matdb:000010579,1.836238722662057e-05,0.22482310099996994,False,0,7,,,,,,,,,,,,,,,,,,,,,,,,,
NO_PBE,0.0006808210000031067,0.04726505799999359,0.0012475529999846913,5.387423869564405e-16,15,0.05,0.19383251099998233,6.213146527627518e-16,191,0.00028860399999075526,15,current-nlr-pbe-gw-v1:gw:matdb:000010786,1.0424022069679885e-05,0.2565143189999617,False,0,8,,,,,,,,,,,,,,,,,,,,,,,,,
NO_PBE,0.0007314819999919564,0.04953221099998473,0.0012456759999963651,4.2278650667994625e-16,16,0.05,0.14380030199998828,6.411356630102221e-16,191,0.00031452000001763736,77,current-nlr-pbe-gw-v1:gw:matdb:000011455,1.2217651676749593e-06,0.20722859699998253,False,0,9,,,,,,,,,,,,,,,,,,,,,,,,,
NO_PBE,0.0006994949999921118,0.0469726769999852,0.0012358089999793265,3.3296298877894665e-16,17,0.05,0.14967465900002708,6.50771963196172e-16,191,0.00029032899999492656,16,current-nlr-pbe-gw-v1:gw:matdb:000289615,9.98670407744116e-07,0.21774617900001658,False,0,10,,,,,,,,,,,,,,,,,,,,,,,,,
NO_PBE,0.0007873750000157997,0.09845380100000511,0.0007426349999946069,2.8920619865575825e-16,18,0.05,0.13062331999998378,5.902102695207721e-16,191,0.0002936550000072202,66,current-nlr-pbe-gw-v1:gw:matdb:000290176,1.0559828416573565e-06,0.24216212599998244,False,0,11,,,,,,,,,,,,,,,,,,,,,,,,,
NO_PBE,0.0007503329999849484,0.04731828200004884,0.0012338700000213976,4.281015163163413e-16,19,0.05,0.14258804299998928,5.956599670884822e-16,191,0.0002960740000048645,67,current-nlr-pbe-gw-v1:gw:matdb:000290178,1.165771831142337e-06,0.21296597600002087,False,0,12,,,,,,,,,,,,,,,,,,,,,,,,,
FULL_PBE,0.0005620660000431599,0.031533639999963725,0.0007721759999981259,6.570471031971845e-16,8,0.05,,,,0.0003769550000356503,13,current-nlr-pbe-gw-v1:gw:matdb:000010014,0.006858792666415162,2.4453180010000324,False,0,1,routine_bo_decision,0.3179747429999793,6.109450269676141e-16,0.038642490000029284,5.549560319964184e-16,500,False,Laplace Gaussian; not the exact conditioned posterior,scipy.optimize.minimize/L-BFGS-B,True,2,11,2.111786703007379e-07,1.711838149000016,"[{'attempt': 1, 'start_source': 'initial_map', 'success': True, 'status': 0, 'message': 'CONVERGENCE: RELATIVE REDUCTION OF F <= FACTR*EPSMCH', 'iterations': 68, 'function_evaluations': 83, 'objective': 161.62196151626182, 'gradient_infinity_norm': 1.3563888361434184e-05}, {'attempt': 2, 'start_source': 'first_attempt_candidate', 'success': True, 'status': 0, 'message': 'CONVERGENCE: RELATIVE REDUCTION OF F <= FACTR*EPSMCH', 'iterations': 2, 'function_evaluations': 11, 'objective': 161.6219615162615, 'gradient_infinity_norm': 2.111786703007379e-07}]",96,1.6195992120000255,0.016050863000032223,1,0.016044677999957457,0.17113525799999252,7.232261836627271e-16,True,zero_fallback_first_state,0.0
FULL_PBE,0.0007266650000019581,0.10016841100002694,0.0034067110000250977,1.1447776373683591e-15,9,0.05,,,,0.0003343449999988479,165,current-nlr-pbe-gw-v1:gw:matdb:000010579,3.043409428573761e-05,1.7717950580000092,False,0,2,routine_bo_decision,0.34448894199999813,5.61370882038794e-16,0.036720790000003944,5.564314535920104e-16,500,False,Laplace Gaussian; not the exact conditioned posterior,scipy.optimize.minimize/L-BFGS-B,True,76,84,1.1454457262138895e-06,1.164129365000008,"[{'attempt': 1, 'start_source': 'initial_map', 'success': True, 'status': 0, 'message': 'CONVERGENCE: RELATIVE REDUCTION OF F <= FACTR*EPSMCH', 'iterations': 76, 'function_evaluations': 84, 'objective': 160.7773505898595, 'gradient_infinity_norm': 1.1454457262138895e-06}]",85,1.1210793970000168,0.014620449999995344,1,0.014618662999964727,0.0038267869999799586,6.964840377657391e-16,True,preceding_FULL_PBE_MAP,0.0
FULL_PBE,0.0007445349999670725,0.047919613999965804,0.001229055999999673,5.593436419556398e-16,10,0.05,,,,0.0003132819999791536,15,current-nlr-pbe-gw-v1:gw:matdb:000010786,1.6084819532834367e-05,1.631554226999981,False,0,3,routine_bo_decision,0.36477577999994537,5.880482939555456e-16,0.042960818999972616,5.55186934296802e-16,500,False,Laplace Gaussian; not the exact conditioned posterior,scipy.optimize.minimize/L-BFGS-B,True,67,75,6.064581758238874e-06,1.042459727999983,"[{'attempt': 1, 'start_source': 'initial_map', 'success': True, 'status': 0, 'message': 'CONVERGENCE: RELATIVE REDUCTION OF F <= FACTR*EPSMCH', 'iterations': 67, 'function_evaluations': 75, 'objective': 160.06565031918788, 'gradient_infinity_norm': 6.064581758238874e-06}]",76,1.010117711000305,0.017302141000016036,1,0.017299137999998493,0.003995508999992126,7.844920286331999e-16,True,preceding_FULL_PBE_MAP,0.0
FULL_PBE,0.0007442360000027293,0.09284028799999078,0.0012582699999938995,8.145420040639695e-16,11,0.05,,,,0.00037326500000745,11,current-nlr-pbe-gw-v1:gw:matdb:000010003,2.8833522548497257e-06,1.6493711800000028,False,0,4,routine_bo_decision,0.331467774000032,5.641205573543373e-16,0.036077982999984215,5.687951200402842e-16,500,False,Laplace Gaussian; not the exact conditioned posterior,scipy.optimize.minimize/L-BFGS-B,True,69,76,3.1950369108191268e-06,1.071669498999995,"[{'attempt': 1, 'start_source': 'initial_map', 'success': True, 'status': 0, 'message': 'CONVERGENCE: RELATIVE REDUCTION OF F <= FACTR*EPSMCH', 'iterations': 69, 'function_evaluations': 76, 'objective': 159.39139412453267, 'gradient_infinity_norm': 3.1950369108191268e-06}]",77,1.0358181020000075,0.014916193000033218,1,0.014913706000015736,0.003821284999958152,7.538408899627122e-16,True,preceding_FULL_PBE_MAP,0.0
FULL_PBE,0.0007681870000055824,0.047733960000016395,0.0012356849999832775,4.633409895294198e-16,12,0.05,,,,0.0003381289999992987,12,current-nlr-pbe-gw-v1:gw:matdb:000009592,2.9734570059704814e-06,1.5965176180000071,False,0,5,routine_bo_decision,0.3726741620000098,5.52966753676452e-16,0.0371016810000242,5.826834390561425e-16,500,False,Laplace Gaussian; not the exact conditioned posterior,scipy.optimize.minimize/L-BFGS-B,True,44,51,6.728481457662916e-06,0.9993624839999597,"[{'attempt': 1, 'start_source': 'initial_map', 'success': True, 'status': 0, 'message': 'CONVERGENCE: RELATIVE REDUCTION OF F <= FACTR*EPSMCH', 'iterations': 44, 'function_evaluations': 51, 'objective': 159.29427722868687, 'gradient_infinity_norm': 6.728481457662916e-06}]",52,0.9180083659996967,0.018704107999951702,1,0.01870114400003331,0.007023496999977397,7.106188764452163e-16,True,preceding_FULL_PBE_MAP,0.0
FULL_PBE,0.0018135960000336127,0.11528565899999421,0.0012920720000124675,9.732102504557423e-16,13,0.05,,,,0.00033425100002659747,5,current-nlr-pbe-gw-v1:gw:matdb:000011924,2.0828424949849477e-06,2.7011948310000093,False,0,6,routine_bo_decision,0.9637664859999973,5.781661402207438e-16,0.19133456500003376,5.750087802097959e-16,500,False,Laplace Gaussian; not the exact conditioned posterior,scipy.optimize.minimize/L-BFGS-B,True,37,45,1.3132290260092772e-06,1.2548401970000214,"[{'attempt': 1, 'start_source': 'initial_map', 'success': True, 'status': 0, 'message': 'CONVERGENCE: RELATIVE REDUCTION OF F <= FACTR*EPSMCH', 'iterations': 37, 'function_evaluations': 45, 'objective': 159.26903117224825, 'gradient_infinity_norm': 1.3132290260092772e-06}]",46,1.1361823760000789,0.018873579000000973,1,0.01887115299996367,0.0069021209999959865,7.783004947415548e-16,True,preceding_FULL_PBE_MAP,0.0
FULL_PBE,0.0007171679999942171,0.0961794149999946,0.00335001899998133,6.609072897053135e-16,14,0.05,,,,0.00030024000000139495,134,current-nlr-pbe-gw-v1:gw:matdb:000286993,4.683585306169657e-06,2.128932958000007,False,0,7,routine_bo_decision,0.6245841369999994,5.694466377614804e-16,0.17528470399997786,5.899667027392803e-16,500,False,Laplace Gaussian; not the exact conditioned posterior,scipy.optimize.minimize/L-BFGS-B,True,75,81,1.545231730890051e-06,1.1171138770000084,"[{'attempt': 1, 'start_source': 'initial_map', 'success': True, 'status': 0, 'message': 'CONVERGENCE: RELATIVE REDUCTION OF F <= FACTR*EPSMCH', 'iterations': 75, 'function_evaluations': 81, 'objective': 158.42409162077374, 'gradient_infinity_norm': 1.545231730890051e-06}]",82,1.074575478999634,0.014672369999971124,1,0.014669912999977441,0.0037561319999781517,8.093829449882228e-16,True,preceding_FULL_PBE_MAP,0.0
FULL_PBE,0.0007342559999869991,0.047001281999996536,0.0012379030000033708,9.162415370243894e-16,15,0.05,,,,0.0003532220000010966,71,current-nlr-pbe-gw-v1:gw:matdb:000289958,7.73444993897409e-06,1.66694346700001,False,0,8,routine_bo_decision,0.36589365500003623,5.621137522687103e-16,0.03583635300003607,5.837807069052577e-16,500,False,Laplace Gaussian; not the exact conditioned posterior,scipy.optimize.minimize/L-BFGS-B,True,73,82,1.417328365081738e-06,1.0919924739999942,"[{'attempt': 1, 'start_source': 'initial_map', 'success': True, 'status': 0, 'message': 'CONVERGENCE: RELATIVE REDUCTION OF F <= FACTR*EPSMCH', 'iterations': 73, 'function_evaluations': 82, 'objective': 157.94458859397974, 'gradient_infinity_norm': 1.417328365081738e-06}]",83,1.0510517140000388,0.01472920899999508,1,0.01472716699998955,0.0037897689999795148,7.626405237195391e-16,True,preceding_FULL_PBE_MAP,0.0
FULL_PBE,0.0007787320000147702,0.08173607200001243,0.0032760710000161453,4.345467045686582e-16,16,0.05,,,,0.0003057769999941229,85,current-nlr-pbe-gw-v1:gw:matdb:000011426,9.545841019255612e-06,1.6017897210000456,False,0,9,routine_bo_decision,0.37011926699995,5.488974828561991e-16,0.0350409580000246,5.688858750515202e-16,500,False,Laplace Gaussian; not the exact conditioned posterior,scipy.optimize.minimize/L-BFGS-B,True,60,69,7.478965647553237e-07,0.9927030619999755,"[{'attempt': 1, 'start_source': 'initial_map', 'success': True, 'status': 0, 'message': 'CONVERGENCE: RELATIVE REDUCTION OF F <= FACTR*EPSMCH', 'iterations': 60, 'function_evaluations': 69, 'objective': 157.57072366517693, 'gradient_infinity_norm': 7.478965647553237e-07}]",70,0.9570014429999105,0.015071298999998817,1,0.015068917000007787,0.004200570000023163,7.630552258910685e-16,True,preceding_FULL_PBE_MAP,0.0
FULL_PBE,0.0006938039999795365,0.07267685199997231,0.003475949000005585,6.051182186728387e-16,17,0.05,,,,0.0003237870000134535,135,current-nlr-pbe-gw-v1:gw:matdb:000289941,4.813435329170467e-06,1.4117774140000279,False,0,10,routine_bo_decision,0.3603337640000177,5.852870949796773e-16,0.03703480500001888,5.989201358757389e-16,500,False,Laplace Gaussian; not the exact conditioned posterior,scipy.optimize.minimize/L-BFGS-B,True,50,61,5.48188752162726e-07,0.8224540329999854,"[{'attempt': 1, 'start_source': 'initial_map', 'success': True, 'status': 0, 'message': 'CONVERGENCE: RELATIVE REDUCTION OF F <= FACTR*EPSMCH', 'iterations': 50, 'function_evaluations': 61, 'objective': 157.7943559491631, 'gradient_infinity_norm': 5.48188752162726e-07}]",62,0.7942423859999508,0.01482816800000819,1,0.014825515999973504,0.0038301029999843195,7.750276489394307e-16,True,preceding_FULL_PBE_MAP,0.0
FULL_PBE,0.001919155999985378,0.09259424500004343,0.001260590000015327,3.6258217367766833e-16,18,0.05,,,,0.0003461850000121558,46,current-nlr-pbe-gw-v1:gw:matdb:000289999,4.1336832746163935e-06,1.608832145000008,False,0,11,routine_bo_decision,0.35178900599998997,5.484720132168022e-16,0.039396619000001465,5.82921735121556e-16,500,False,Laplace Gaussian; not the exact conditioned posterior,scipy.optimize.minimize/L-BFGS-B,True,55,59,4.2347396567443685e-06,0.9887349629999562,"[{'attempt': 1, 'start_source': 'initial_map', 'success': True, 'status': 0, 'message': 'CONVERGENCE: RELATIVE REDUCTION OF F <= FACTR*EPSMCH', 'iterations': 55, 'function_evaluations': 59, 'objective': 157.7280220288215, 'gradient_infinity_norm': 4.2347396567443685e-06}]",60,0.9474033129999384,0.015162508999992497,1,0.015160499999979038,0.0060203919999821665,7.499193370984287e-16,True,preceding_FULL_PBE_MAP,0.0
FULL_PBE,0.004192273000001023,0.11277893599998379,0.0014439349999975093,5.653290763045516e-16,19,0.05,,,,0.00032675500000323154,77,current-nlr-pbe-gw-v1:gw:matdb:000011455,4.785756864959001e-06,3.5149083270000006,False,0,12,routine_bo_decision,1.1037435869999968,5.647473190529586e-16,0.15243169000001444,5.815204256345565e-16,500,False,Laplace Gaussian; not the exact conditioned posterior,scipy.optimize.minimize/L-BFGS-B,True,64,74,1.5482186451476476e-06,1.952560664000032,"[{'attempt': 1, 'start_source': 'initial_map', 'success': True, 'status': 0, 'message': 'CONVERGENCE: RELATIVE REDUCTION OF F <= FACTR*EPSMCH', 'iterations': 64, 'function_evaluations': 74, 'objective': 157.49471268236994, 'gradient_infinity_norm': 1.5482186451476476e-06}]",75,1.742914127000006,0.01558701299995846,1,0.015584632000013698,0.00876608800001577,6.986533350942554e-16,True,preceding_FULL_PBE_MAP,0.0
FULL_PBE,0.0013172289999943132,0.09856854399998838,0.0012710770000126104,3.9239299734837443e-16,20,0.05,,,,0.0003590530000110448,133,current-nlr-pbe-gw-v1:gw:matdb:000286998,2.08072064632331e-06,1.7685884500000384,False,0,13,validation_only_after_12_queries,0.5005015610000214,5.612383882009703e-16,0.03770075500000303,5.753008932185156e-16,500,False,Laplace Gaussian; not the exact conditioned posterior,scipy.optimize.minimize/L-BFGS-B,True,64,71,1.8114727827200916e-06,0.993834129999982,"[{'attempt': 1, 'start_source': 'initial_map', 'success': True, 'status': 0, 'message': 'CONVERGENCE: RELATIVE REDUCTION OF F <= FACTR*EPSMCH', 'iterations': 64, 'function_evaluations': 71, 'objective': 157.68076352426522, 'gradient_infinity_norm': 1.8114727827200916e-06}]",72,0.9653768059998242,0.014754543999970338,1,0.01475234399998726,0.003844962000016494,7.516658482905453e-16,True,preceding_FULL_PBE_MAP,0.0
NO_PBE,0.0007705780000151208,0.07660261500006982,0.0013141459999133076,4.2885926860203323e-16,8,0.05,0.149310489999948,6.305849230430559e-16,191,0.00029398200001651276,14,current-nlr-pbe-gw-v1:gw:matdb:000009613,0.012882221588970143,0.24710116400001425,False,1,1,,,,,,,,,,,,,,,,,,,,,,,,,
NO_PBE,0.0007362569999713742,0.08357904000001781,0.0012910069999634288,4.63604407763883e-16,9,0.05,0.14329238699997404,6.1485188810559e-16,191,0.00028697100003682863,8,current-nlr-pbe-gw-v1:gw:matdb:000009995,2.5567109753984053e-05,0.24064383800009637,False,1,2,,,,,,,,,,,,,,,,,,,,,,,,,
NO_PBE,0.0007351140000082523,0.04712855100001434,0.0012418140000818312,8.509503619627656e-16,10,0.05,0.14845950500000527,5.880108133395992e-16,191,0.00028986000006625545,11,current-nlr-pbe-gw-v1:gw:matdb:000010003,1.427127824147592e-05,0.21210581000002549,False,1,3,,,,,,,,,,,,,,,,,,,,,,,,,
NO_PBE,0.0007332860000133223,0.04692277499998454,0.0012391120000074807,4.09831475900791e-16,11,0.05,0.14284368900007394,6.215608536167064e-16,191,0.0002744030000485509,12,current-nlr-pbe-gw-v1:gw:matdb:000009592,2.0350114722312738e-05,0.20561072199996033,False,1,4,,,,,,,,,,,,,,,,,,,,,,,,,
NO_PBE,0.0006960609999850931,0.047504004999950666,0.0012459399999897869,3.774771273097254e-16,12,0.05,0.1733674910000218,6.263493839535087e-16,191,0.00028578000001289183,13,current-nlr-pbe-gw-v1:gw:matdb:000010014,1.597983362158805e-05,0.23425740300001507,False,1,5,,,,,,,,,,,,,,,,,,,,,,,,,
NO_PBE,0.0006855259999838381,0.047210900000095535,0.0012382929999148473,4.984996006018223e-16,13,0.05,0.16931955600000492,5.741987435676978e-16,191,0.00028670500000771426,165,current-nlr-pbe-gw-v1:gw:matdb:000010579,7.683290613850952e-11,0.23184840999999778,False,1,6,,,,,,,,,,,,,,,,,,,,,,,,,
NO_PBE,0.0007355210000241641,0.0473334100000784,0.0012447600000768944,4.148200171386633e-16,14,0.05,0.1461873729999752,6.026696030046462e-16,191,0.0002871750000394968,15,current-nlr-pbe-gw-v1:gw:matdb:000010786,2.017429597092449e-11,0.2080694899999571,False,1,7,,,,,,,,,,,,,,,,,,,,,,,,,
NO_PBE,0.0006979760000831448,0.04816668200010099,0.0032227189999503025,4.193103966209298e-16,15,0.05,0.17883278299996164,6.311031482750127e-16,191,0.00029813200001171936,117,current-nlr-pbe-gw-v1:gw:matdb:000010399,7.669108127501503e-13,0.24354552499994497,False,1,8,,,,,,,,,,,,,,,,,,,,,,,,,
NO_PBE,0.0007787050000160889,0.047213279999937185,0.0012416040000289286,3.121027670387062e-16,16,0.05,0.15545715599989762,6.460369378477e-16,191,0.0002938899999662681,7,current-nlr-pbe-gw-v1:gw:matdb:000009577,1.9822050722646816e-13,0.22301423799990516,False,1,9,,,,,,,,,,,,,,,,,,,,,,,,,
NO_PBE,0.0007414000000380838,0.10344598500000757,0.0012566699999752018,3.247329850967558e-16,17,0.05,0.12917725499994503,5.821805129897937e-16,191,0.00030225299997255206,9,current-nlr-pbe-gw-v1:gw:matdb:000289592,2.4642694921069486e-13,0.24845475500001157,False,1,10,,,,,,,,,,,,,,,,,,,,,,,,,
NO_PBE,0.000714319000053365,0.04720291299997825,0.0012563050000835574,2.273968828883757e-16,18,0.05,0.14772879899999225,5.716689463333042e-16,191,0.0003086289999600922,77,current-nlr-pbe-gw-v1:gw:matdb:000011455,1.20531091197492e-13,0.21234325199998239,False,1,11,,,,,,,,,,,,,,,,,,,,,,,,,
NO_PBE,0.0007184339999639633,0.04698888999996598,0.0013063040000815818,2.3651061004004905e-16,19,0.05,0.14708652199999506,6.375344264409367e-16,191,0.0002912409998998555,16,current-nlr-pbe-gw-v1:gw:matdb:000289615,7.239366610581312e-14,0.21495810499993695,False,1,12,,,,,,,,,,,,,,,,,,,,,,,,,
FULL_PBE,0.0006924419999450038,0.09573118900004829,0.0012611000000788408,4.2885926860203323e-16,8,0.05,,,,0.0003278699999782475,13,current-nlr-pbe-gw-v1:gw:matdb:000010014,0.01996891015220846,1.9553797710000254,False,1,1,routine_bo_decision,0.3306080120000843,5.561901542558014e-16,0.043833625000047505,5.923769989651656e-16,500,False,Laplace Gaussian; not the exact conditioned posterior,scipy.optimize.minimize/L-BFGS-B,True,83,97,1.8332004851628891e-06,1.355336254000008,"[{'attempt': 1, 'start_source': 'initial_map', 'success': True, 'status': 0, 'message': 'CONVERGENCE: RELATIVE REDUCTION OF F <= FACTR*EPSMCH', 'iterations': 83, 'function_evaluations': 97, 'objective': 162.38728057279775, 'gradient_infinity_norm': 1.8332004851628891e-06}]",98,1.3069154329997446,0.017802650000021458,1,0.01779900799999723,0.003842955999971309,7.460437039938157e-16,True,zero_fallback_first_state,0.0
FULL_PBE,0.0007421980000117401,0.08584703700000773,0.0012631460000420702,9.852935233391298e-17,9,0.05,,,,0.00031571399995300453,165,current-nlr-pbe-gw-v1:gw:matdb:000010579,5.948504171236726e-11,1.869948432000001,False,1,2,routine_bo_decision,0.33010751400001936,5.778627808067831e-16,0.049267061000023205,6.101671496914089e-16,500,False,Laplace Gaussian; not the exact conditioned posterior,scipy.optimize.minimize/L-BFGS-B,True,71,76,5.376102307941277e-06,1.2659630099999504,"[{'attempt': 1, 'start_source': 'initial_map', 'success': True, 'status': 0, 'message': 'CONVERGENCE: RELATIVE REDUCTION OF F <= FACTR*EPSMCH', 'iterations': 71, 'function_evaluations': 76, 'objective': 161.29118376100934, 'gradient_infinity_norm': 5.376102307941277e-06}]",77,1.210269650999976,0.019263646000013068,1,0.019261026000094716,0.006505319999973835,7.4729079267152145e-16,True,preceding_FULL_PBE_MAP,0.0
FULL_PBE,0.000751681999986431,0.11707225999998627,0.0011427370000092196,3.5706022247052844e-16,10,0.05,,,,0.00035049799998887465,15,current-nlr-pbe-gw-v1:gw:matdb:000010786,1.3941190422748728e-11,3.6278008410000666,False,1,3,routine_bo_decision,1.195038425000007,5.673955860514204e-16,0.19784826000000066,5.874900743052272e-16,500,False,Laplace Gaussian; not the exact conditioned posterior,scipy.optimize.minimize/L-BFGS-B,True,70,74,9.720340423124973e-07,1.9406817300000512,"[{'attempt': 1, 'start_source': 'initial_map', 'success': True, 'status': 0, 'message': 'CONVERGENCE: RELATIVE REDUCTION OF F <= FACTR*EPSMCH', 'iterations': 70, 'function_evaluations': 74, 'objective': 160.49162305298358, 'gradient_infinity_norm': 9.720340423124973e-07}]",75,1.7429208409997727,0.02177068799994686,1,0.021768002000044362,0.0038813620000155424,7.331343068402632e-16,True,preceding_FULL_PBE_MAP,0.0
FULL_PBE,0.003140629999961675,0.12267338199990263,0.0014159309999968173,2.468596505267052e-16,11,0.05,,,,0.0003256470000678746,12,current-nlr-pbe-gw-v1:gw:matdb:000009592,1.6425849310110557e-13,2.009115128000076,False,1,4,routine_bo_decision,0.48733795999999074,5.617879277438334e-16,0.03696402700006729,5.794130324138888e-16,500,False,Laplace Gaussian; not the exact conditioned posterior,scipy.optimize.minimize/L-BFGS-B,True,84,93,4.301837531729691e-06,1.2452126540000563,"[{'attempt': 1, 'start_source': 'initial_map', 'success': True, 'status': 0, 'message': 'CONVERGENCE: RELATIVE REDUCTION OF F <= FACTR*EPSMCH', 'iterations': 84, 'function_evaluations': 93, 'objective': 159.75488538080668, 'gradient_infinity_norm': 4.301837531729691e-06}]",94,1.1971592900005135,0.016057459999956336,1,0.01605467599995336,0.0038198199999897042,6.873413314048411e-16,True,preceding_FULL_PBE_MAP,0.0
FULL_PBE,0.0007646950000435027,0.09155050399999709,0.0012524960000064311,3.413183858842622e-16,12,0.05,,,,0.0006720300000324642,11,current-nlr-pbe-gw-v1:gw:matdb:000010003,1.8019915521937062e-13,1.2538282240000171,False,1,5,routine_bo_decision,0.33212650399991617,5.6684181082552e-16,0.03780891999997493,5.801426717892363e-16,500,False,Laplace Gaussian; not the exact conditioned posterior,scipy.optimize.minimize/L-BFGS-B,True,41,49,7.371673801215284e-06,0.6785888720000912,"[{'attempt': 1, 'start_source': 'initial_map', 'success': True, 'status': 0, 'message': 'CONVERGENCE: RELATIVE REDUCTION OF F <= FACTR*EPSMCH', 'iterations': 41, 'function_evaluations': 49, 'objective': 159.68497681395763, 'gradient_infinity_norm': 7.371673801215284e-06}]",50,0.6565662639999346,0.016168763999985458,1,0.016166409999982534,0.0037877989999515194,7.368696275810655e-16,True,preceding_FULL_PBE_MAP,0.0
FULL_PBE,0.0007477829999515961,0.0469779910000625,0.0012437880000106816,5.620637345175743e-16,13,0.05,,,,0.0003311650000341615,14,current-nlr-pbe-gw-v1:gw:matdb:000009613,1.0355957928071518e-13,1.4028362789999846,False,1,6,routine_bo_decision,0.374467113000037,5.821683882067671e-16,0.037761291000038,6.077331714607778e-16,500,False,Laplace Gaussian; not the exact conditioned posterior,scipy.optimize.minimize/L-BFGS-B,True,48,57,1.0421744253696907e-06,0.8173030950000566,"[{'attempt': 1, 'start_source': 'initial_map', 'success': True, 'status': 0, 'message': 'CONVERGENCE: RELATIVE REDUCTION OF F <= FACTR*EPSMCH', 'iterations': 48, 'function_evaluations': 57, 'objective': 159.5288318878798, 'gradient_infinity_norm': 1.0421744253696907e-06}]",58,0.7872390410003618,0.016036120999956438,1,0.016033848999995826,0.0038814320000710723,7.417399648788723e-16,True,preceding_FULL_PBE_MAP,0.0
FULL_PBE,0.0007686379999540804,0.09232351599996491,0.001270073999990018,3.15473805912368e-16,14,0.05,,,,0.0003277989999332931,5,current-nlr-pbe-gw-v1:gw:matdb:000011924,7.965962643562393e-14,1.4184656150000592,False,1,7,routine_bo_decision,0.33226201599995875,5.531800876968307e-16,0.03659936600001856,6.091890517321915e-16,500,False,Laplace Gaussian; not the exact conditioned posterior,scipy.optimize.minimize/L-BFGS-B,True,52,59,3.135515336816219e-07,0.8331974330000094,"[{'attempt': 1, 'start_source': 'initial_map', 'success': True, 'status': 0, 'message': 'CONVERGENCE: RELATIVE REDUCTION OF F <= FACTR*EPSMCH', 'iterations': 52, 'function_evaluations': 59, 'objective': 159.24409529997953, 'gradient_infinity_norm': 3.135515336816219e-07}]",60,0.8023122679994685,0.01607555099997171,1,0.016072296000061215,0.003861057999984041,6.952970842154468e-16,True,preceding_FULL_PBE_MAP,0.0
FULL_PBE,0.000774866000028851,0.09379973099999006,0.0012779329999830225,3.4594886840257445e-16,15,0.05,,,,0.0003204150000328809,134,current-nlr-pbe-gw-v1:gw:matdb:000286993,8.153518654212061e-13,1.8509606950000261,False,1,8,routine_bo_decision,0.33633435000001555,5.4783644252164535e-16,0.03634575400008089,6.013849587288056e-16,500,False,Laplace Gaussian; not the exact conditioned posterior,scipy.optimize.minimize/L-BFGS-B,True,83,91,1.4563320900884413e-06,1.2695581859999265,"[{'attempt': 1, 'start_source': 'initial_map', 'success': True, 'status': 0, 'message': 'CONVERGENCE: RELATIVE REDUCTION OF F <= FACTR*EPSMCH', 'iterations': 83, 'function_evaluations': 91, 'objective': 158.2240860234944, 'gradient_infinity_norm': 1.4563320900884413e-06}]",92,1.2272061660000873,0.016113193000023784,1,0.016111023999997087,0.00383289599994896,7.112448385276735e-16,True,preceding_FULL_PBE_MAP,0.0
FULL_PBE,0.002737544000069647,0.09176786799991987,0.0012520880000010948,4.806554421472816e-16,16,0.05,,,,0.0003186889999824416,71,current-nlr-pbe-gw-v1:gw:matdb:000289958,3.708708853467672e-12,1.8248802069999783,False,1,9,routine_bo_decision,0.3355904009999904,5.496056898245422e-16,0.04035630600003515,5.861678807851975e-16,500,False,Laplace Gaussian; not the exact conditioned posterior,scipy.optimize.minimize/L-BFGS-B,True,82,93,2.6278387197931075e-06,1.2457934709999563,"[{'attempt': 1, 'start_source': 'initial_map', 'success': True, 'status': 0, 'message': 'CONVERGENCE: RELATIVE REDUCTION OF F <= FACTR*EPSMCH', 'iterations': 82, 'function_evaluations': 93, 'objective': 157.66444632671283, 'gradient_infinity_norm': 2.6278387197931075e-06}]",94,1.203035145000399,0.016108707999933358,1,0.016106600999933107,0.003916149000019686,7.655558724127516e-16,True,preceding_FULL_PBE_MAP,0.0
FULL_PBE,0.0007583199999317003,0.04698731200005568,0.0012568899999223504,3.915292308161175e-16,17,0.05,,,,0.0003372630000058052,85,current-nlr-pbe-gw-v1:gw:matdb:000011426,1.1537185866047674e-11,2.926880151999967,False,1,10,routine_bo_decision,0.3922630650000656,5.420182936806518e-16,0.04137649799997689,6.039914178090516e-16,500,False,Laplace Gaussian; not the exact conditioned posterior,scipy.optimize.minimize/L-BFGS-B,True,69,78,1.239734071373233e-06,2.087231650000035,"[{'attempt': 1, 'start_source': 'initial_map', 'success': True, 'status': 0, 'message': 'CONVERGENCE: RELATIVE REDUCTION OF F <= FACTR*EPSMCH', 'iterations': 69, 'function_evaluations': 78, 'objective': 157.24207187875615, 'gradient_infinity_norm': 1.239734071373233e-06}]",79,1.878327830999865,0.035328520999996726,1,0.035324893000051816,0.17186123900000894,7.594571529344761e-16,True,preceding_FULL_PBE_MAP,0.0
FULL_PBE,0.002763596000022517,0.11823242399998435,0.0013756700000158162,5.514491601157443e-16,18,0.05,,,,0.0003184609998925225,135,current-nlr-pbe-gw-v1:gw:matdb:000289941,2.522881624152825e-12,2.433291418000067,False,1,11,routine_bo_decision,0.7851822630000242,5.54573444583562e-16,0.21039759899997534,5.894706190635956e-16,500,False,Laplace Gaussian; not the exact conditioned posterior,scipy.optimize.minimize/L-BFGS-B,True,51,62,1.3132073982680126e-06,1.1579276400000253,"[{'attempt': 1, 'start_source': 'initial_map', 'success': True, 'status': 0, 'message': 'CONVERGENCE: RELATIVE REDUCTION OF F <= FACTR*EPSMCH', 'iterations': 51, 'function_evaluations': 62, 'objective': 157.39316077811534, 'gradient_infinity_norm': 1.3132073982680126e-06}]",63,1.085579681000354,0.01599376100000427,1,0.01599105499997222,0.003783148000024994,7.43843882593186e-16,True,preceding_FULL_PBE_MAP,0.0
FULL_PBE,0.0007546240000237958,0.054352542999936304,0.0012624319999758882,4.1138848161422536e-16,19,0.05,,,,0.0003030459999990853,77,current-nlr-pbe-gw-v1:gw:matdb:000011455,3.666062885142438e-12,1.4840124229999674,False,1,12,routine_bo_decision,0.37202314000001024,5.343039941185393e-16,0.03564948899997944,5.92839563364234e-16,500,False,Laplace Gaussian; not the exact conditioned posterior,scipy.optimize.minimize/L-BFGS-B,True,56,65,3.3448209323383438e-06,0.9020511700000498,"[{'attempt': 1, 'start_source': 'initial_map', 'success': True, 'status': 0, 'message': 'CONVERGENCE: RELATIVE REDUCTION OF F <= FACTR*EPSMCH', 'iterations': 56, 'function_evaluations': 65, 'objective': 157.32894595617904, 'gradient_infinity_norm': 3.3448209323383438e-06}]",66,0.8697439380002834,0.016135778000034406,1,0.01613320499996007,0.003791417000002184,7.378404869054542e-16,True,preceding_FULL_PBE_MAP,0.0
NO_PBE,0.0007036900000230162,0.0511707910000041,0.003297582999948645,1.4274210089226094e-16,8,0.05,0.151614089000077,6.436639575479876e-16,191,0.000283448999994107,16,current-nlr-pbe-gw-v1:gw:matdb:000289615,0.00570135316619803,0.22023709900008726,False,2,1,,,,,,,,,,,,,,,,,,,,,,,,,
NO_PBE,0.0007548170000291066,0.047182232000068325,0.001251497999987805,3.979257784687042e-16,9,0.05,0.15586201099995378,6.396790564022607e-16,191,0.0002812829999356836,66,current-nlr-pbe-gw-v1:gw:matdb:000290176,0.007114716972535733,0.2164843269999892,False,2,2,,,,,,,,,,,,,,,,,,,,,,,,,
NO_PBE,0.0007084279999389764,0.046934763999956886,0.0012725909999744545,5.962886186107084e-16,10,0.05,0.15500574400005007,6.46502359915609e-16,191,0.0002884049999920535,67,current-nlr-pbe-gw-v1:gw:matdb:000290178,0.008750491735479808,0.2197776600000907,False,2,3,,,,,,,,,,,,,,,,,,,,,,,,,
NO_PBE,0.0007067239999969388,0.09743302699996548,0.0013920610000468514,3.3125924890315293e-16,11,0.05,0.1627713530000392,6.058579193891294e-16,191,0.00031182099996840407,65,current-nlr-pbe-gw-v1:gw:matdb:000289867,0.010678190807293583,0.27414016499994887,False,2,4,,,,,,,,,,,,,,,,,,,,,,,,,
NO_PBE,0.0006956280000167681,0.04700348300002588,0.0012412649999760106,7.426662975791599e-16,12,0.05,0.155830122999987,6.147676966158605e-16,191,0.00028350399998089415,69,current-nlr-pbe-gw-v1:gw:matdb:000289849,0.010189316018823336,0.22222079599998779,False,2,5,,,,,,,,,,,,,,,,,,,,,,,,,
NO_PBE,0.0006836770000973047,0.09547276800003601,0.0012941559999717356,3.919868470896868e-16,13,0.05,0.13405271600004198,6.464052463170347e-16,191,0.00028297400001520145,64,current-nlr-pbe-gw-v1:gw:matdb:000289994,0.008678099483289806,0.2523554739999554,False,2,6,,,,,,,,,,,,,,,,,,,,,,,,,
NO_PBE,0.0007251339999356787,0.0872436120000657,0.0012442689999261347,2.383553644888632e-16,14,0.05,0.13394263999998657,6.026264177789108e-16,191,0.0002819349999754195,2,current-nlr-pbe-gw-v1:gw:matdb:000289828,0.009943683959496873,0.2347387910000407,False,2,7,,,,,,,,,,,,,,,,,,,,,,,,,
NO_PBE,0.0007307919998993384,0.047110542999917016,0.0012653479999471529,4.4696765604454e-16,15,0.05,0.1807814439999902,6.290443132645173e-16,191,0.00032541999996738014,68,current-nlr-pbe-gw-v1:gw:matdb:000289894,0.008416817032578648,0.24780692299998464,False,2,8,,,,,,,,,,,,,,,,,,,,,,,,,
NO_PBE,0.000695195000048443,0.09462161399994784,0.003757780000000821,5.443212010273535e-16,16,0.05,0.12584476400002131,6.431369763992507e-16,191,0.0003004700000701632,127,current-nlr-pbe-gw-v1:gw:matdb:000289918,0.004957915288712558,0.24068328499993186,False,2,9,,,,,,,,,,,,,,,,,,,,,,,,,
NO_PBE,0.0007014960000333303,0.0471744960000251,0.001240778000010323,3.776402779740566e-16,17,0.05,0.17690981099997316,6.31749626839855e-16,191,0.00028452300000481046,24,current-nlr-pbe-gw-v1:gw:matdb:000286938,0.004153947819422198,0.24488210599997728,False,2,10,,,,,,,,,,,,,,,,,,,,,,,,,
NO_PBE,0.0007027059999700214,0.09553750500003844,0.001277604999927462,2.244439656994061e-16,18,0.05,0.12805802500008667,6.065197208336947e-16,191,0.0003033250000044063,175,current-nlr-pbe-gw-v1:gw:matdb:000290273,0.004022018903108614,0.23906358599992927,False,2,11,,,,,,,,,,,,,,,,,,,,,,,,,
NO_PBE,0.0007022290000122666,0.05530119500008368,0.0012568319999672894,3.509204941402952e-16,19,0.05,0.1630464339999662,6.107068009612593e-16,191,0.0002853060000234109,129,current-nlr-pbe-gw-v1:gw:matdb:000289900,0.005238181642356694,0.23373483900002157,False,2,12,,,,,,,,,,,,,,,,,,,,,,,,,
FULL_PBE,0.000680633999991187,0.06852041299998746,0.0012969389999852865,1.4274210089226094e-16,8,0.05,,,,0.0003511559999651581,13,current-nlr-pbe-gw-v1:gw:matdb:000010014,0.007925992635814255,1.924341696000056,False,2,1,routine_bo_decision,0.3382849710000073,5.836052476677487e-16,0.036010627999985445,5.644744218385844e-16,500,False,Laplace Gaussian; not the exact conditioned posterior,scipy.optimize.minimize/L-BFGS-B,True,2,6,1.2016217409982488e-07,1.3599972289999869,"[{'attempt': 1, 'start_source': 'initial_map', 'success': True, 'status': 0, 'message': 'CONVERGENCE: RELATIVE REDUCTION OF F <= FACTR*EPSMCH', 'iterations': 79, 'function_evaluations': 91, 'objective': 162.3241477536906, 'gradient_infinity_norm': 1.1567924414410125e-05}, {'attempt': 2, 'start_source': 'first_attempt_candidate', 'success': True, 'status': 0, 'message': 'CONVERGENCE: RELATIVE REDUCTION OF F <= FACTR*EPSMCH', 'iterations': 2, 'function_evaluations': 6, 'objective': 162.3241477536903, 'gradient_infinity_norm': 1.2016217409982488e-07}]",99,1.3119767379988616,0.01234496200004287,1,0.01234306399999241,0.003794914999957655,7.189577365533924e-16,True,zero_fallback_first_state,0.0
FULL_PBE,0.0007381299999451585,0.04721873799996956,0.0012432889999445251,3.493569974164611e-16,9,0.05,,,,0.0003089369999997871,165,current-nlr-pbe-gw-v1:gw:matdb:000010579,2.905433581533025e-10,1.6139944540000215,False,2,2,routine_bo_decision,0.365093841000089,5.738103532226021e-16,0.03707301199995072,5.790253104738384e-16,500,False,Laplace Gaussian; not the exact conditioned posterior,scipy.optimize.minimize/L-BFGS-B,True,72,79,3.2769214129667323e-06,1.0550979859999643,"[{'attempt': 1, 'start_source': 'initial_map', 'success': True, 'status': 0, 'message': 'CONVERGENCE: RELATIVE REDUCTION OF F <= FACTR*EPSMCH', 'iterations': 72, 'function_evaluations': 79, 'objective': 161.23819740464268, 'gradient_infinity_norm': 3.2769214129667323e-06}]",80,1.0181822540000667,0.015948365999975067,1,0.015946509999935188,0.0038036900000406604,7.163134960543394e-16,True,preceding_FULL_PBE_MAP,0.0
FULL_PBE,0.0007483379999939643,0.06326979599998594,0.0012381430000232285,2.233068673611069e-16,10,0.05,,,,0.0003341650000265872,15,current-nlr-pbe-gw-v1:gw:matdb:000010786,7.79825762296116e-11,1.7907425020000574,False,2,3,routine_bo_decision,0.34987575200000265,5.801181879958108e-16,0.03645884700006263,5.590783230104159e-16,500,False,Laplace Gaussian; not the exact conditioned posterior,scipy.optimize.minimize/L-BFGS-B,True,75,80,7.181054266780507e-06,1.195829771999911,"[{'attempt': 1, 'start_source': 'initial_map', 'success': True, 'status': 0, 'message': 'CONVERGENCE: RELATIVE REDUCTION OF F <= FACTR*EPSMCH', 'iterations': 75, 'function_evaluations': 80, 'objective': 160.44626551210854, 'gradient_infinity_norm': 7.181054266780507e-06}]",81,1.1477173219992665,0.024002885999948376,1,0.023999971000080222,0.006882614999994985,7.708718095061286e-16,True,preceding_FULL_PBE_MAP,0.0
FULL_PBE,0.0007299959999045313,0.11970551900003557,0.0018322669999406571,4.93463908403451e-16,11,0.05,,,,0.0024052400000300622,11,current-nlr-pbe-gw-v1:gw:matdb:000010003,1.169616096591695e-12,3.7330679190000637,False,2,4,routine_bo_decision,1.143245051000008,5.686229338647132e-16,0.22737430999995922,5.916056925505346e-16,500,False,Laplace Gaussian; not the exact conditioned posterior,scipy.optimize.minimize/L-BFGS-B,True,69,76,4.073117442379877e-06,2.06224651499997,"[{'attempt': 1, 'start_source': 'initial_map', 'success': True, 'status': 0, 'message': 'CONVERGENCE: RELATIVE REDUCTION OF F <= FACTR*EPSMCH', 'iterations': 69, 'function_evaluations': 76, 'objective': 159.7268834998351, 'gradient_infinity_norm': 4.073117442379877e-06}]",77,1.8398576969996157,0.02099124899996241,1,0.020988837000004423,0.00854374799996549,7.661405203540838e-16,True,preceding_FULL_PBE_MAP,0.0
FULL_PBE,0.0007103609999603577,0.09653030699996634,0.0034203299999262526,3.2578696808294925e-16,12,0.05,,,,0.00031560299999000563,12,current-nlr-pbe-gw-v1:gw:matdb:000009592,1.6742295407874694e-12,1.7402545970001029,False,2,5,routine_bo_decision,0.5092593159999979,5.719266233868749e-16,0.03703418700001748,5.444695784912443e-16,500,False,Laplace Gaussian; not the exact conditioned posterior,scipy.optimize.minimize/L-BFGS-B,True,64,71,2.75095869950448e-06,0.9323042240000632,"[{'attempt': 1, 'start_source': 'initial_map', 'success': True, 'status': 0, 'message': 'CONVERGENCE: RELATIVE REDUCTION OF F <= FACTR*EPSMCH', 'iterations': 64, 'function_evaluations': 71, 'objective': 159.5435146414183, 'gradient_infinity_norm': 2.75095869950448e-06}]",72,0.9015060310000536,0.024681091000047672,1,0.02467874599994957,0.007556312000019716,7.20912147887798e-16,True,preceding_FULL_PBE_MAP,0.0
FULL_PBE,0.0006974669998953686,0.08726175500009958,0.0012746330000936723,4.822825977209279e-16,13,0.05,,,,0.00030471000002307846,14,current-nlr-pbe-gw-v1:gw:matdb:000009613,7.003853209908334e-13,1.3584141649999992,False,2,6,routine_bo_decision,0.33441953200008356,5.743574522771227e-16,0.03605504199992993,5.705531461921598e-16,500,False,Laplace Gaussian; not the exact conditioned posterior,scipy.optimize.minimize/L-BFGS-B,True,47,54,2.111349941436025e-06,0.7828178380000281,"[{'attempt': 1, 'start_source': 'initial_map', 'success': True, 'status': 0, 'message': 'CONVERGENCE: RELATIVE REDUCTION OF F <= FACTR*EPSMCH', 'iterations': 47, 'function_evaluations': 54, 'objective': 159.47533459854245, 'gradient_infinity_norm': 2.111349941436025e-06}]",55,0.7539243820003776,0.016345141999977386,1,0.01634307299991633,0.003777925999997933,7.122141916128606e-16,True,preceding_FULL_PBE_MAP,0.0
FULL_PBE,0.0007127889999765102,0.047598740000012185,0.0012577619999092349,6.597436976763473e-16,14,0.05,,,,0.0003152529999397302,6,current-nlr-pbe-gw-v1:gw:matdb:000009985,6.826654073149376e-13,1.543199489000017,False,2,7,routine_bo_decision,0.3416664569999739,5.672392588183235e-16,0.035418225000057646,5.871067382234619e-16,500,False,Laplace Gaussian; not the exact conditioned posterior,scipy.optimize.minimize/L-BFGS-B,True,67,73,8.396368271008231e-06,0.9972336120000591,"[{'attempt': 1, 'start_source': 'initial_map', 'success': True, 'status': 0, 'message': 'CONVERGENCE: RELATIVE REDUCTION OF F <= FACTR*EPSMCH', 'iterations': 67, 'function_evaluations': 73, 'objective': 159.14552154891808, 'gradient_infinity_norm': 8.396368271008231e-06}]",74,0.9558370789999344,0.016281696000078227,1,0.016279843999996046,0.004025382999998328,6.823920466392579e-16,True,preceding_FULL_PBE_MAP,0.0
FULL_PBE,0.0007416319999720145,0.04748548899999605,0.0012682369999765797,4.358227217698638e-16,15,0.05,,,,0.0003244550000545132,7,current-nlr-pbe-gw-v1:gw:matdb:000009577,5.340258656865428e-13,1.3919871970000486,False,2,8,routine_bo_decision,0.35888875499995265,6.097966789491952e-16,0.036101134999967144,5.728274556601843e-16,500,False,Laplace Gaussian; not the exact conditioned posterior,scipy.optimize.minimize/L-BFGS-B,True,47,56,2.469807212591643e-06,0.8298078410000471,"[{'attempt': 1, 'start_source': 'initial_map', 'success': True, 'status': 0, 'message': 'CONVERGENCE: RELATIVE REDUCTION OF F <= FACTR*EPSMCH', 'iterations': 47, 'function_evaluations': 56, 'objective': 159.09719688577547, 'gradient_infinity_norm': 2.469807212591643e-06}]",57,0.7968542040001694,0.016178874000047472,1,0.016176321999978427,0.00381734100005815,7.439218690847866e-16,True,preceding_FULL_PBE_MAP,0.0
FULL_PBE,0.0007380650000641253,0.09206576100007169,0.001239553999994314,5.356239889139262e-16,16,0.05,,,,0.00031547200001114106,5,current-nlr-pbe-gw-v1:gw:matdb:000011924,4.720467275434713e-13,1.3548409290000336,False,2,9,routine_bo_decision,0.3334537380000029,5.981426593477909e-16,0.03612416900000426,6.023687029833165e-16,500,False,Laplace Gaussian; not the exact conditioned posterior,scipy.optimize.minimize/L-BFGS-B,True,48,53,8.805905921810409e-07,0.7679868190000434,"[{'attempt': 1, 'start_source': 'initial_map', 'success': True, 'status': 0, 'message': 'CONVERGENCE: RELATIVE REDUCTION OF F <= FACTR*EPSMCH', 'iterations': 48, 'function_evaluations': 53, 'objective': 158.89361765537026, 'gradient_infinity_norm': 8.805905921810409e-07}]",54,0.7395562040004506,0.01599500400004672,1,0.015991962000043713,0.0037652619998880255,7.480617657767731e-16,True,preceding_FULL_PBE_MAP,0.0
FULL_PBE,0.0006891760000371505,0.0666065330000265,0.0012417679999998654,6.536435209746549e-16,17,0.05,,,,0.00031778499999290943,134,current-nlr-pbe-gw-v1:gw:matdb:000286993,3.3538102195495373e-12,1.6863395660000151,False,2,10,routine_bo_decision,0.3336772989999872,5.833118053882227e-16,0.036045490999981666,5.65513859842756e-16,500,False,Laplace Gaussian; not the exact conditioned posterior,scipy.optimize.minimize/L-BFGS-B,True,71,80,4.3585397524800035e-06,1.1297734140000557,"[{'attempt': 1, 'start_source': 'initial_map', 'success': True, 'status': 0, 'message': 'CONVERGENCE: RELATIVE REDUCTION OF F <= FACTR*EPSMCH', 'iterations': 71, 'function_evaluations': 80, 'objective': 157.96844660963345, 'gradient_infinity_norm': 4.3585397524800035e-06}]",81,1.0890761630012094,0.016267915999947036,1,0.01626566400000229,0.00376032999997733,7.369545138241793e-16,True,preceding_FULL_PBE_MAP,0.0
FULL_PBE,0.0006785520000676115,0.07991488600009689,0.0012330130000464123,4.876011126195116e-16,18,0.05,,,,0.0003438180000330249,71,current-nlr-pbe-gw-v1:gw:matdb:000289958,1.2671675910439686e-11,4.34853771600001,False,2,11,routine_bo_decision,0.3274611870000399,5.7886552119974285e-16,0.03853772200000094,5.875896271588766e-16,500,False,Laplace Gaussian; not the exact conditioned posterior,scipy.optimize.minimize/L-BFGS-B,True,75,87,5.732332812105612e-07,3.575012990999994,"[{'attempt': 1, 'start_source': 'initial_map', 'success': True, 'status': 0, 'message': 'CONVERGENCE: RELATIVE REDUCTION OF F <= FACTR*EPSMCH', 'iterations': 68, 'function_evaluations': 74, 'objective': 157.40279563554975, 'gradient_infinity_norm': 1.2167691579160686e-05}, {'attempt': 2, 'start_source': 'provided_retry_map', 'success': True, 'status': 0, 'message': 'CONVERGENCE: RELATIVE REDUCTION OF F <= FACTR*EPSMCH', 'iterations': 75, 'function_evaluations': 87, 'objective': 157.40279563554753, 'gradient_infinity_norm': 5.732332812105612e-07}]",163,3.2252766830001747,0.03357561700011047,1,0.03357301800008372,0.17083756099998482,6.902178010531617e-16,True,preceding_FULL_PBE_MAP,0.0
FULL_PBE,0.0008271250000007058,0.10669551500006946,0.0013113270000530974,3.610582303767033e-16,19,0.05,,,,0.0011523829999759982,135,current-nlr-pbe-gw-v1:gw:matdb:000289941,1.0877259677435919e-11,2.678907085999981,False,2,12,routine_bo_decision,0.7959259559999055,5.722096036300263e-16,0.09029523599997447,5.808859625956716e-16,500,False,Laplace Gaussian; not the exact conditioned posterior,scipy.optimize.minimize/L-BFGS-B,True,57,65,8.791975686546494e-07,1.437350107000043,"[{'attempt': 1, 'start_source': 'initial_map', 'success': True, 'status': 0, 'message': 'CONVERGENCE: RELATIVE REDUCTION OF F <= FACTR*EPSMCH', 'iterations': 57, 'function_evaluations': 65, 'objective': 156.95719706428133, 'gradient_infinity_norm': 8.791975686546494e-07}]",66,1.3748083309999402,0.01591022200000225,1,0.015907466000044224,0.009124474000032023,7.810301678972866e-16,True,preceding_FULL_PBE_MAP,0.0
NO_PBE,0.006233195999925556,0.07587243400007537,0.0012502109999559252,4.651596011429534e-16,8,0.05,0.1345249490000242,6.185907591067013e-16,191,0.00030413600006795605,13,current-nlr-pbe-gw-v1:gw:matdb:000010014,0.006540478076171939,0.24180576399999154,False,3,1,,,,,,,,,,,,,,,,,,,,,,,,,
NO_PBE,0.0007724939999889102,0.05444645199997922,0.00127964199998587,4.892040977080875e-16,9,0.05,0.22532934499997737,6.101596887908189e-16,191,0.0003047940000442395,117,current-nlr-pbe-gw-v1:gw:matdb:000010399,0.004923126891086819,0.31646107700009907,False,3,2,,,,,,,,,,,,,,,,,,,,,,,,,
NO_PBE,0.0019064399999706438,0.10179355399998258,0.0019441180000967506,4.482951867714096e-16,10,0.05,0.15922422399989955,5.89064493915197e-16,191,0.0003041140000732412,12,current-nlr-pbe-gw-v1:gw:matdb:000009592,0.004859705249804381,0.2873777209999844,False,3,3,,,,,,,,,,,,,,,,,,,,,,,,,
NO_PBE,0.004256368000028488,0.12812901500001317,0.0008827619999465242,3.736018870907671e-16,11,0.05,0.1373286079999616,5.841709219542455e-16,191,0.0003746139999520892,11,current-nlr-pbe-gw-v1:gw:matdb:000010003,0.00481411653526629,0.29369344700000966,False,3,4,,,,,,,,,,,,,,,,,,,,,,,,,
NO_PBE,0.003362673000083305,0.0924533600000359,0.0012715100000377788,5.235770573965369e-16,12,0.05,0.15367265599991242,6.647768889231367e-16,191,0.00032510500000171305,77,current-nlr-pbe-gw-v1:gw:matdb:000011455,0.004002266626269502,0.27473071899999013,False,3,5,,,,,,,,,,,,,,,,,,,,,,,,,
NO_PBE,0.00787938899998153,0.1062620650000099,0.0012366049999172901,4.734543240554123e-16,13,0.05,0.18192413199994917,5.791932920164879e-16,191,0.00034851299994898,14,current-nlr-pbe-gw-v1:gw:matdb:000009613,0.003948057291910813,0.31845222000004014,False,3,6,,,,,,,,,,,,,,,,,,,,,,,,,
NO_PBE,0.0007959419999679085,0.10854501599999367,0.002187255000080768,3.9124099063703214e-16,14,0.05,0.14400179300002947,6.084881977502558e-16,191,0.0003037199999198492,8,current-nlr-pbe-gw-v1:gw:matdb:000009995,0.004451232556358264,0.28980885999999373,False,3,7,,,,,,,,,,,,,,,,,,,,,,,,,
NO_PBE,0.00591344500003288,0.10772346400005972,0.0021709169999439837,3.800893733047716e-16,15,0.05,0.14093127699993602,6.399067815292731e-16,191,0.0003058099999861952,7,current-nlr-pbe-gw-v1:gw:matdb:000009577,0.0039330258943232055,0.28570820599998115,False,3,8,,,,,,,,,,,,,,,,,,,,,,,,,
NO_PBE,0.007828856000060114,0.09672765499999514,0.0012435520000053657,5.357010876123927e-16,16,0.05,0.14069460600001094,5.973875645625995e-16,191,0.00031416899992109393,9,current-nlr-pbe-gw-v1:gw:matdb:000289592,0.004011307210190995,0.2733124570000882,False,3,9,,,,,,,,,,,,,,,,,,,,,,,,,
NO_PBE,0.008919071000036638,0.10395797699993636,0.0013136869999925693,5.298852427638954e-16,17,0.05,0.19609039600004508,5.91092808985349e-16,191,0.0003068620000021838,16,current-nlr-pbe-gw-v1:gw:matdb:000289615,0.0037647232794646365,0.3430307050000465,False,3,10,,,,,,,,,,,,,,,,,,,,,,,,,
NO_PBE,0.018198139999981322,0.09462368499998774,0.0010204359999761436,4.029275926085264e-16,18,0.05,0.19070164200002182,5.533639163543157e-16,191,0.0018733729999667048,6,current-nlr-pbe-gw-v1:gw:matdb:000009985,0.003733379202410663,0.3568681099999367,False,3,11,,,,,,,,,,,,,,,,,,,,,,,,,
NO_PBE,0.0033616110000593835,0.09860554500005492,0.0013811349999741651,5.993614227153809e-16,19,0.05,0.20101585700001579,5.553552938933595e-16,191,0.0004423660000156815,67,current-nlr-pbe-gw-v1:gw:matdb:000290178,0.0037206168314156997,0.34220688000004884,False,3,12,,,,,,,,,,,,,,,,,,,,,,,,,
FULL_PBE,0.0009086000000024796,0.14283281300004091,0.002352039000015793,4.651596011429534e-16,8,0.05,,,,0.00037622900003952964,13,current-nlr-pbe-gw-v1:gw:matdb:000010014,0.011216133462360112,2.6755449620000036,False,3,1,routine_bo_decision,0.4263477320000675,5.750581285304354e-16,0.05589526599999317,6.048112625400161e-16,500,False,Laplace Gaussian; not the exact conditioned posterior,scipy.optimize.minimize/L-BFGS-B,True,70,82,1.9448156360069024e-06,1.6492147320000186,"[{'attempt': 1, 'start_source': 'initial_map', 'success': True, 'status': 0, 'message': 'CONVERGENCE: RELATIVE REDUCTION OF F <= FACTR*EPSMCH', 'iterations': 70, 'function_evaluations': 82, 'objective': 161.42381580906374, 'gradient_infinity_norm': 1.9448156360069024e-06}]",83,1.5622173880002492,0.040309883999952945,1,0.040306911000016044,0.15579471599994577,7.363646594646911e-16,True,zero_fallback_first_state,0.0
FULL_PBE,0.0008489769999187047,0.12844907999999577,0.00119726000002629,4.892040977080875e-16,9,0.05,,,,0.0003804020000188757,5,current-nlr-pbe-gw-v1:gw:matdb:000011924,0.0077579176453420814,1.5029334450000533,False,3,2,routine_bo_decision,0.4484006779999845,5.89701078753272e-16,0.048456555000029766,5.846016659251553e-16,500,False,Laplace Gaussian; not the exact conditioned posterior,scipy.optimize.minimize/L-BFGS-B,True,50,56,9.607064133887455e-06,0.7538089820000096,"[{'attempt': 1, 'start_source': 'initial_map', 'success': True, 'status': 0, 'message': 'CONVERGENCE: RELATIVE REDUCTION OF F <= FACTR*EPSMCH', 'iterations': 50, 'function_evaluations': 56, 'objective': 161.01680448424796, 'gradient_infinity_norm': 9.607064133887455e-06}]",57,0.7238875590004454,0.01674881099995673,1,0.016745617999958995,0.003976172999955452,7.413453656994078e-16,True,preceding_FULL_PBE_MAP,0.0
FULL_PBE,0.0008018600000241349,0.0501011290000406,0.00129502799995862,4.805346517981213e-16,10,0.05,,,,0.0003998900000397043,71,current-nlr-pbe-gw-v1:gw:matdb:000289958,0.009240830260794551,1.8315411470000527,False,3,3,routine_bo_decision,0.3686694839999518,5.910826857852084e-16,0.03706793699996069,5.683353238184454e-16,500,False,Laplace Gaussian; not the exact conditioned posterior,scipy.optimize.minimize/L-BFGS-B,True,64,71,2.2307096449181163e-06,1.2244111570000769,"[{'attempt': 1, 'start_source': 'initial_map', 'success': True, 'status': 0, 'message': 'CONVERGENCE: RELATIVE REDUCTION OF F <= FACTR*EPSMCH', 'iterations': 64, 'function_evaluations': 71, 'objective': 160.46127666422768, 'gradient_infinity_norm': 2.2307096449181163e-06}]",72,1.175057673999845,0.01847572899998795,1,0.018473445999916294,0.006501991000050111,7.469913665757212e-16,True,preceding_FULL_PBE_MAP,0.0
FULL_PBE,0.00084304200004226,0.050312302999941494,0.0012732640000194806,4.63069562765778e-16,11,0.05,,,,0.0003437899999880756,134,current-nlr-pbe-gw-v1:gw:matdb:000286993,0.010095148253930139,3.1897779579999224,False,3,4,routine_bo_decision,1.0522900710000158,5.86469795895871e-16,0.05331711600001654,5.849986833545343e-16,500,False,Laplace Gaussian; not the exact conditioned posterior,scipy.optimize.minimize/L-BFGS-B,True,61,67,4.0356188326373665e-06,1.8383459230000199,"[{'attempt': 1, 'start_source': 'initial_map', 'success': True, 'status': 0, 'message': 'CONVERGENCE: RELATIVE REDUCTION OF F <= FACTR*EPSMCH', 'iterations': 61, 'function_evaluations': 67, 'objective': 160.20728157844977, 'gradient_infinity_norm': 4.0356188326373665e-06}]",68,1.6249877409996998,0.017836150999983147,1,0.01783359199998813,0.009106388000077459,7.398670274891663e-16,True,preceding_FULL_PBE_MAP,0.0
FULL_PBE,0.0008331269999644064,0.10658259100000578,0.0013616710000405874,4.0248812978469393e-16,12,0.05,,,,0.0003270830000019487,85,current-nlr-pbe-gw-v1:gw:matdb:000011426,0.009491189650979864,1.9048957520000158,False,3,5,routine_bo_decision,0.7746317259999387,6.024510838788113e-16,0.07068370600006801,5.639229077421307e-16,500,False,Laplace Gaussian; not the exact conditioned posterior,scipy.optimize.minimize/L-BFGS-B,True,45,52,1.1430995668915145e-06,0.8055356139999503,"[{'attempt': 1, 'start_source': 'initial_map', 'success': True, 'status': 0, 'message': 'CONVERGENCE: RELATIVE REDUCTION OF F <= FACTR*EPSMCH', 'iterations': 45, 'function_evaluations': 52, 'objective': 159.95649176807842, 'gradient_infinity_norm': 1.1430995668915145e-06}]",53,0.7712910770003418,0.01633976599998732,1,0.016337045000000217,0.003798638000034771,7.538989768504696e-16,True,preceding_FULL_PBE_MAP,0.0
FULL_PBE,0.0007369129999688084,0.047633218000100896,0.0012843209999573446,2.6454131170447087e-16,13,0.05,,,,0.00033905800000866293,46,current-nlr-pbe-gw-v1:gw:matdb:000289999,0.007745905375994802,1.5309744500000306,False,3,6,routine_bo_decision,0.3934086890000117,6.012679470668667e-16,0.03614231899996412,5.675376962806617e-16,500,False,Laplace Gaussian; not the exact conditioned posterior,scipy.optimize.minimize/L-BFGS-B,True,55,65,1.4829153152096097e-06,0.9202432810000118,"[{'attempt': 1, 'start_source': 'initial_map', 'success': True, 'status': 0, 'message': 'CONVERGENCE: RELATIVE REDUCTION OF F <= FACTR*EPSMCH', 'iterations': 55, 'function_evaluations': 65, 'objective': 160.12651544641054, 'gradient_infinity_norm': 1.4829153152096097e-06}]",66,0.8867517120002049,0.016319661000011365,1,0.016316453000058573,0.003802016999998159,7.213522138752446e-16,True,preceding_FULL_PBE_MAP,0.0
FULL_PBE,0.00074428599998555,0.09301711600005547,0.0012748909999800162,4.633025597924058e-16,14,0.05,,,,0.0003668739999511672,135,current-nlr-pbe-gw-v1:gw:matdb:000289941,0.007798050369997089,1.4694924769999034,False,3,7,routine_bo_decision,0.36395252700003766,6.100939724536932e-16,0.036690603000010924,5.68359180775673e-16,500,False,Laplace Gaussian; not the exact conditioned posterior,scipy.optimize.minimize/L-BFGS-B,True,53,58,1.810061098672655e-06,0.840381625999953,"[{'attempt': 1, 'start_source': 'initial_map', 'success': True, 'status': 0, 'message': 'CONVERGENCE: RELATIVE REDUCTION OF F <= FACTR*EPSMCH', 'iterations': 53, 'function_evaluations': 58, 'objective': 159.99712102555387, 'gradient_infinity_norm': 1.810061098672655e-06}]",59,0.8129165679998778,0.02600791300005767,1,0.026005105999956868,0.005331942999987405,7.72614787669329e-16,True,preceding_FULL_PBE_MAP,0.0
FULL_PBE,0.0007827900000165755,0.04737710199992762,0.0013029409999489872,3.9434287221431337e-16,15,0.05,,,,0.0003333060000159094,118,current-nlr-pbe-gw-v1:gw:matdb:000289858,0.006776603077706021,0.9149560320000774,False,3,8,routine_bo_decision,0.3546849349999093,6.109421805228046e-16,0.037342777000048955,5.812393373938935e-16,500,False,Laplace Gaussian; not the exact conditioned posterior,scipy.optimize.minimize/L-BFGS-B,True,18,22,4.0737261659817836e-07,0.3542634899999939,"[{'attempt': 1, 'start_source': 'initial_map', 'success': True, 'status': 0, 'message': 'CONVERGENCE: RELATIVE REDUCTION OF F <= FACTR*EPSMCH', 'iterations': 18, 'function_evaluations': 22, 'objective': 159.9827140644381, 'gradient_infinity_norm': 4.0737261659817836e-07}]",23,0.3413650959997767,0.01602920000004815,1,0.016026863999968555,0.004405736000080651,7.617616026659551e-16,True,preceding_FULL_PBE_MAP,0.0
FULL_PBE,0.0017327999998997257,0.09564668600000914,0.0013044219999756024,3.829358479327356e-16,16,0.05,,,,0.00033467399998698966,182,current-nlr-pbe-gw-v1:gw:matdb:000290238,0.006652890265753719,1.3472477069999513,False,3,9,routine_bo_decision,0.32795021000004,6.006218966459309e-16,0.03529081099998166,5.526979715497452e-16,500,False,Laplace Gaussian; not the exact conditioned posterior,scipy.optimize.minimize/L-BFGS-B,True,41,54,3.968289709943562e-06,0.7632603069999959,"[{'attempt': 1, 'start_source': 'initial_map', 'success': True, 'status': 0, 'message': 'CONVERGENCE: RELATIVE REDUCTION OF F <= FACTR*EPSMCH', 'iterations': 41, 'function_evaluations': 54, 'objective': 159.8758677200405, 'gradient_infinity_norm': 3.968289709943562e-06}]",55,0.7396765000005416,0.017138776000024336,1,0.01713664599992626,0.003782109000098899,7.523643449950914e-16,True,preceding_FULL_PBE_MAP,0.0
FULL_PBE,0.0007470680000096763,0.09319596899990756,0.0023415609999801745,4.630617155593854e-16,17,0.05,,,,0.0003394039999875531,119,current-nlr-pbe-gw-v1:gw:matdb:000289924,0.006698511709608002,1.3043956779999917,False,3,10,routine_bo_decision,0.3308146269999952,6.299642610194819e-16,0.036272147999966364,5.626662655388156e-16,500,False,Laplace Gaussian; not the exact conditioned posterior,scipy.optimize.minimize/L-BFGS-B,True,41,47,5.964824091431176e-06,0.7148554640000384,"[{'attempt': 1, 'start_source': 'initial_map', 'success': True, 'status': 0, 'message': 'CONVERGENCE: RELATIVE REDUCTION OF F <= FACTR*EPSMCH', 'iterations': 41, 'function_evaluations': 47, 'objective': 159.74008721189594, 'gradient_infinity_norm': 5.964824091431176e-06}]",48,0.6828638739997359,0.016114690999984305,1,0.01611171199999717,0.004471107999961532,7.36813868969228e-16,True,preceding_FULL_PBE_MAP,0.0
FULL_PBE,0.0007540450000078636,0.07213427299996056,0.0012656689999630544,6.047716305065531e-16,18,0.05,,,,0.0003224780000437022,128,current-nlr-pbe-gw-v1:gw:matdb:000289881,0.0065236552215169955,1.2504597359999252,False,3,11,routine_bo_decision,0.34065239599999586,6.114700347249191e-16,0.036480621000009705,5.637147558886571e-16,500,False,Laplace Gaussian; not the exact conditioned posterior,scipy.optimize.minimize/L-BFGS-B,True,39,47,2.747050145079921e-06,0.6923323539999728,"[{'attempt': 1, 'start_source': 'initial_map', 'success': True, 'status': 0, 'message': 'CONVERGENCE: RELATIVE REDUCTION OF F <= FACTR*EPSMCH', 'iterations': 39, 'function_evaluations': 47, 'objective': 159.5986292347425, 'gradient_infinity_norm': 2.747050145079921e-06}]",48,0.6649250859996982,0.016351179999901433,1,0.016348643000014818,0.0038293129999829034,7.028613080305642e-16,True,preceding_FULL_PBE_MAP,0.0
FULL_PBE,0.0007485029999543258,0.05160613500004274,0.0012859870000738738,4.443239459113811e-16,19,0.05,,,,0.0004023499999448177,10,current-nlr-pbe-gw-v1:gw:matdb:000009582,0.006268090941003786,1.0461458469999343,False,3,12,routine_bo_decision,0.37445171000001665,6.14018973805317e-16,0.03226741299999958,5.653708137906633e-16,500,False,Laplace Gaussian; not the exact conditioned posterior,scipy.optimize.minimize/L-BFGS-B,True,27,30,4.6722830748802124e-07,0.4628557720000117,"[{'attempt': 1, 'start_source': 'initial_map', 'success': True, 'status': 0, 'message': 'CONVERGENCE: RELATIVE REDUCTION OF F <= FACTR*EPSMCH', 'iterations': 27, 'function_evaluations': 30, 'objective': 159.58181601436763, 'gradient_infinity_norm': 4.6722830748802124e-07}]",31,0.4468602199997349,0.016005642999971315,1,0.01600314699999217,0.0038357949999863195,7.419839304536768e-16,True,preceding_FULL_PBE_MAP,0.0
NO_PBE,0.0007286180000392051,0.05144923499995002,0.0012682419999237027,1.9757893495553516e-16,8,0.05,0.15087622100008957,6.09524365443066e-16,191,0.00030643999991752935,13,current-nlr-pbe-gw-v1:gw:matdb:000010014,0.00041041810440819743,0.21835788500004583,False,4,1,,,,,,,,,,,,,,,,,,,,,,,,,
NO_PBE,0.0007554070000423962,0.049932054000009884,0.0012775960000226405,3.4249393977646936e-16,9,0.05,0.16948793699998532,6.212819707980945e-16,191,0.00028947300006620935,165,current-nlr-pbe-gw-v1:gw:matdb:000010579,0.00045781983177323876,0.23332381000000169,False,4,2,,,,,,,,,,,,,,,,,,,,,,,,,
NO_PBE,0.0007323339999629752,0.08242039899994325,0.0017668440000306873,3.232951406084863e-16,10,0.05,0.23000998300005904,5.941937372545295e-16,191,0.00031662300000334653,12,current-nlr-pbe-gw-v1:gw:matdb:000009592,0.00040954115404423334,0.32849282000006497,False,4,3,,,,,,,,,,,,,,,,,,,,,,,,,
NO_PBE,0.0007074179999335684,0.10852834300010272,0.0023099799999499737,3.907681038353376e-16,11,0.05,0.6687331690000065,6.932189878353896e-16,191,0.00032218000001194014,11,current-nlr-pbe-gw-v1:gw:matdb:000010003,0.0004116459812649161,0.8203384150000375,False,4,4,,,,,,,,,,,,,,,,,,,,,,,,,
NO_PBE,0.0027844859999959226,0.11294533299997056,0.0013522799999918789,2.9070906157500484e-16,12,0.05,0.3471218110000791,6.213867810877518e-16,191,0.00032946399994671083,117,current-nlr-pbe-gw-v1:gw:matdb:000010399,0.0003666055829601245,0.48132043700002214,False,4,5,,,,,,,,,,,,,,,,,,,,,,,,,
NO_PBE,0.0007051630000205478,0.13388623299999836,0.001388908999956584,3.521417452992239e-16,13,0.05,0.5017604289998872,6.599612633203029e-16,191,0.00031975000001693843,77,current-nlr-pbe-gw-v1:gw:matdb:000011455,0.00033827793280420074,0.6873140709999461,False,4,6,,,,,,,,,,,,,,,,,,,,,,,,,
NO_PBE,0.0007409710000274572,0.11796434899997621,0.0013971619999892937,1.950723747715346e-16,14,0.05,0.5471885470000188,6.384583178862871e-16,191,0.00030914399997072906,7,current-nlr-pbe-gw-v1:gw:matdb:000009577,0.000295342023174184,0.7094378649999271,False,4,7,,,,,,,,,,,,,,,,,,,,,,,,,
NO_PBE,0.0007100420000369922,0.10762510799997926,0.0012803710000071078,2.638190914040334e-16,15,0.05,0.25391136400003234,6.928951373284748e-16,191,0.00031703900003776653,9,current-nlr-pbe-gw-v1:gw:matdb:000289592,0.0003083146790507094,0.3935221529999353,False,4,8,,,,,,,,,,,,,,,,,,,,,,,,,
NO_PBE,0.0007288340000286553,0.12333172900002864,0.001419652000095084,4.0814153708860616e-16,16,0.05,0.3896765619999769,6.182069294964402e-16,191,0.00034148999998251384,14,current-nlr-pbe-gw-v1:gw:matdb:000009613,0.00029178597307668317,0.5524696599999288,False,4,9,,,,,,,,,,,,,,,,,,,,,,,,,
NO_PBE,0.0008158829999729278,0.10794946399994387,0.0020710130000907157,3.6469718972072155e-16,17,0.05,0.2736808639999708,6.6939951955142e-16,191,0.0003153629999133045,6,current-nlr-pbe-gw-v1:gw:matdb:000009985,0.0003618309682686207,0.42781337700000677,False,4,10,,,,,,,,,,,,,,,,,,,,,,,,,
NO_PBE,0.000745623000057094,0.09086799500005327,0.0033615029999509716,4.0093340812106104e-16,18,0.05,0.20613961700007621,6.819903637745687e-16,191,0.00030478099995434604,8,current-nlr-pbe-gw-v1:gw:matdb:000009995,0.00037132862065445424,0.3294808800000055,False,4,11,,,,,,,,,,,,,,,,,,,,,,,,,
NO_PBE,0.002874485999996068,0.06313087300009101,0.0012936189999663839,3.1169415032157987e-16,19,0.05,0.1420272189999423,6.734256490456224e-16,191,0.0003194570000459862,151,current-nlr-pbe-gw-v1:gw:matdb:000290117,0.000272313409249048,0.22200634399996488,False,4,12,,,,,,,,,,,,,,,,,,,,,,,,,
FULL_PBE,0.0007395560000986734,0.0472280059999548,0.001265106999994714,1.9757893495553516e-16,8,0.05,,,,0.0003441790000806577,13,current-nlr-pbe-gw-v1:gw:matdb:000010014,0.0007701570742457585,1.9717605199999753,False,4,1,routine_bo_decision,0.3708926040000051,6.220452927513318e-16,0.033423590999973385,5.737548969081425e-16,500,False,Laplace Gaussian; not the exact conditioned posterior,scipy.optimize.minimize/L-BFGS-B,True,85,97,6.252258813524425e-07,1.3853912350000428,"[{'attempt': 1, 'start_source': 'initial_map', 'success': True, 'status': 0, 'message': 'CONVERGENCE: RELATIVE REDUCTION OF F <= FACTR*EPSMCH', 'iterations': 85, 'function_evaluations': 97, 'objective': 161.34683198394478, 'gradient_infinity_norm': 6.252258813524425e-07}]",98,1.3297739020000563,0.016966361999948276,1,0.016963852999992923,0.003834143000062795,7.793287383633111e-16,True,zero_fallback_first_state,0.0
FULL_PBE,0.0007686579999699461,0.04724097799999072,0.0013547180000159642,3.4249393977646936e-16,9,0.05,,,,0.0003277949999755947,165,current-nlr-pbe-gw-v1:gw:matdb:000010579,0.0008091868433626262,1.3923391060000085,False,4,2,routine_bo_decision,0.3708737009999368,5.895247412519557e-16,0.04957647800006271,5.979044963928525e-16,500,False,Laplace Gaussian; not the exact conditioned posterior,scipy.optimize.minimize/L-BFGS-B,True,49,56,7.833710254645521e-07,0.8014423309999756,"[{'attempt': 1, 'start_source': 'initial_map', 'success': True, 'status': 0, 'message': 'CONVERGENCE: RELATIVE REDUCTION OF F <= FACTR*EPSMCH', 'iterations': 49, 'function_evaluations': 56, 'objective': 160.74978384483245, 'gradient_infinity_norm': 7.833710254645521e-07}]",57,0.7748995390002165,0.01623838099999375,1,0.01623619500003315,0.003837489000034111,7.634610818717174e-16,True,preceding_FULL_PBE_MAP,0.0
FULL_PBE,0.0008085229999323928,0.07808797300003789,0.003305676999957541,3.232951406084863e-16,10,0.05,,,,0.00032585199994628056,5,current-nlr-pbe-gw-v1:gw:matdb:000011924,0.000641914857336205,1.4709240370000316,False,4,3,routine_bo_decision,0.3731695449999961,6.075652166521791e-16,0.03634323000005679,5.986459871229887e-16,500,False,Laplace Gaussian; not the exact conditioned posterior,scipy.optimize.minimize/L-BFGS-B,True,51,58,1.2476083063733823e-06,0.8534315800000059,"[{'attempt': 1, 'start_source': 'initial_map', 'success': True, 'status': 0, 'message': 'CONVERGENCE: RELATIVE REDUCTION OF F <= FACTR*EPSMCH', 'iterations': 51, 'function_evaluations': 58, 'objective': 160.1851223504922, 'gradient_infinity_norm': 1.2476083063733823e-06}]",59,0.8243830609997076,0.01627798000004077,1,0.016275683000003482,0.0037891960000706604,7.902954414367818e-16,True,preceding_FULL_PBE_MAP,0.0
FULL_PBE,0.0007186800000908988,0.051675070999976924,0.0012562329999354915,6.916471735992331e-16,11,0.05,,,,0.00035682899999756046,71,current-nlr-pbe-gw-v1:gw:matdb:000289958,0.0008888492270756158,1.6964097380000567,False,4,4,routine_bo_decision,0.3511218740000004,6.249057712961829e-16,0.03611794899995857,5.689487855264155e-16,500,False,Laplace Gaussian; not the exact conditioned posterior,scipy.optimize.minimize/L-BFGS-B,True,72,80,7.553925974179698e-07,1.1323444019999442,"[{'attempt': 1, 'start_source': 'initial_map', 'success': True, 'status': 0, 'message': 'CONVERGENCE: RELATIVE REDUCTION OF F <= FACTR*EPSMCH', 'iterations': 72, 'function_evaluations': 80, 'objective': 159.52389914235016, 'gradient_infinity_norm': 7.553925974179698e-07}]",81,1.0930815279992885,0.016231849000064358,1,0.016230054999937238,0.003858609000076285,7.752346905202291e-16,True,preceding_FULL_PBE_MAP,0.0
FULL_PBE,0.0018510749999904874,0.09303209200004403,0.0012847949999468256,4.2241554569772734e-16,12,0.05,,,,0.0003313170000183163,134,current-nlr-pbe-gw-v1:gw:matdb:000286993,0.0010640461711606038,1.4728309130000525,False,4,5,routine_bo_decision,0.3510955079999576,6.160596423855401e-16,0.03599327100005212,5.788697571672247e-16,500,False,Laplace Gaussian; not the exact conditioned posterior,scipy.optimize.minimize/L-BFGS-B,True,52,60,8.007525993863895e-06,0.8619857500000307,"[{'attempt': 1, 'start_source': 'initial_map', 'success': True, 'status': 0, 'message': 'CONVERGENCE: RELATIVE REDUCTION OF F <= FACTR*EPSMCH', 'iterations': 52, 'function_evaluations': 60, 'objective': 159.18469802162411, 'gradient_infinity_norm': 8.007525993863895e-06}]",61,0.8334203409996235,0.016038256999991063,1,0.01603615900000932,0.0037888379999913013,7.315141630140295e-16,True,preceding_FULL_PBE_MAP,0.0
FULL_PBE,0.0007194190000063827,0.06761623399995642,0.0012770069999987754,5.248579966674755e-16,13,0.05,,,,0.00039593700000750687,85,current-nlr-pbe-gw-v1:gw:matdb:000011426,0.0010871485615180972,1.5314256919999707,False,4,6,routine_bo_decision,0.3479628589999493,5.969552159571196e-16,0.03465237000000343,5.916759660618876e-16,500,False,Laplace Gaussian; not the exact conditioned posterior,scipy.optimize.minimize/L-BFGS-B,True,63,71,5.913853100864008e-06,0.970211551000034,"[{'attempt': 1, 'start_source': 'initial_map', 'success': True, 'status': 0, 'message': 'CONVERGENCE: RELATIVE REDUCTION OF F <= FACTR*EPSMCH', 'iterations': 63, 'function_evaluations': 71, 'objective': 158.86248804781107, 'gradient_infinity_norm': 5.913853100864008e-06}]",72,0.9346291249995602,0.016137873999923613,1,0.01613578800004234,0.0038361459999123326,7.505852281784242e-16,True,preceding_FULL_PBE_MAP,0.0
FULL_PBE,0.0007696019999912096,0.04732237100006387,0.0012762499999325883,5.693627507700404e-16,14,0.05,,,,0.00037022399999386835,135,current-nlr-pbe-gw-v1:gw:matdb:000289941,0.0007552376431298278,2.77470504300004,False,4,7,routine_bo_decision,0.4887278490000426,6.08235862519219e-16,0.05370253599994612,5.793659044824149e-16,500,False,Laplace Gaussian; not the exact conditioned posterior,scipy.optimize.minimize/L-BFGS-B,True,52,65,9.984095848458718e-06,1.8711549120000655,"[{'attempt': 1, 'start_source': 'initial_map', 'success': True, 'status': 0, 'message': 'CONVERGENCE: RELATIVE REDUCTION OF F <= FACTR*EPSMCH', 'iterations': 52, 'function_evaluations': 65, 'objective': 159.0433427930782, 'gradient_infinity_norm': 9.984095848458718e-06}]",66,1.6849130449998029,0.035606906999987586,1,0.03560329799995543,0.10609944799989535,7.543878153453314e-16,True,preceding_FULL_PBE_MAP,0.0
FULL_PBE,0.005064224999955513,0.11610096000003978,0.0013833450000220182,5.716295770977691e-16,15,0.05,,,,0.0003468359999487802,46,current-nlr-pbe-gw-v1:gw:matdb:000289999,0.0007420619800402274,2.243348932999993,False,4,8,routine_bo_decision,0.8399846519999983,6.216840433683464e-16,0.0632083310000553,5.746235803123121e-16,500,False,Laplace Gaussian; not the exact conditioned posterior,scipy.optimize.minimize/L-BFGS-B,True,44,47,1.7045205872034952e-06,1.0906291750000037,"[{'attempt': 1, 'start_source': 'initial_map', 'success': True, 'status': 0, 'message': 'CONVERGENCE: RELATIVE REDUCTION OF F <= FACTR*EPSMCH', 'iterations': 44, 'function_evaluations': 47, 'objective': 158.9989735052051, 'gradient_infinity_norm': 1.7045205872034952e-06}]",48,1.0137881180002069,0.01643887500006258,1,0.01643564999994851,0.004380630000014207,7.288297460700748e-16,True,preceding_FULL_PBE_MAP,0.0
FULL_PBE,0.0007235199999513497,0.09195554699999775,0.0013311349999867161,8.177946457473308e-16,16,0.05,,,,0.0003392500000245491,77,current-nlr-pbe-gw-v1:gw:matdb:000011455,0.0006211740421555173,1.5573840429999564,False,4,9,routine_bo_decision,0.3332805840000219,6.087723259440955e-16,0.037876210000035826,5.758597737179977e-16,500,False,Laplace Gaussian; not the exact conditioned posterior,scipy.optimize.minimize/L-BFGS-B,True,64,70,3.3826774692158335e-06,0.9756335769999396,"[{'attempt': 1, 'start_source': 'initial_map', 'success': True, 'status': 0, 'message': 'CONVERGENCE: RELATIVE REDUCTION OF F <= FACTR*EPSMCH', 'iterations': 64, 'function_evaluations': 70, 'objective': 158.82264306754416, 'gradient_infinity_norm': 3.3826774692158335e-06}]",71,0.9444168359998457,0.0163766640000631,1,0.01637386900006277,0.003903797000020859,7.111976690696594e-16,True,preceding_FULL_PBE_MAP,0.0
FULL_PBE,0.0007332739999128535,0.10318827699995836,0.0013039379999781886,5.815900545117509e-16,17,0.05,,,,0.0003442909999193944,118,current-nlr-pbe-gw-v1:gw:matdb:000289858,0.0004615439780660813,1.5271408520000023,False,4,10,routine_bo_decision,0.36716525199994976,6.143131873472966e-16,0.034871458999987226,6.000090184353859e-16,500,False,Laplace Gaussian; not the exact conditioned posterior,scipy.optimize.minimize/L-BFGS-B,True,58,65,1.2273903391424312e-06,0.9129599130000088,"[{'attempt': 1, 'start_source': 'initial_map', 'success': True, 'status': 0, 'message': 'CONVERGENCE: RELATIVE REDUCTION OF F <= FACTR*EPSMCH', 'iterations': 58, 'function_evaluations': 65, 'objective': 158.94670548221575, 'gradient_infinity_norm': 1.2273903391424312e-06}]",66,0.8778216390002171,0.01622340999995231,1,0.016220490000023347,0.0038409950000186655,7.433225949343768e-16,True,preceding_FULL_PBE_MAP,0.0
FULL_PBE,0.0010948200000484576,0.07169251000004806,0.0012832059999254852,6.683072137008369e-16,18,0.05,,,,0.00034591899998304143,182,current-nlr-pbe-gw-v1:gw:matdb:000290238,0.0004797329117933232,1.2241665120000107,False,4,11,routine_bo_decision,0.34468076699999983,6.188230654973827e-16,0.0361310800000183,5.817509626597663e-16,500,False,Laplace Gaussian; not the exact conditioned posterior,scipy.optimize.minimize/L-BFGS-B,True,36,47,2.7769060397253575e-06,0.6522836689999849,"[{'attempt': 1, 'start_source': 'initial_map', 'success': True, 'status': 0, 'message': 'CONVERGENCE: RELATIVE REDUCTION OF F <= FACTR*EPSMCH', 'iterations': 36, 'function_evaluations': 47, 'objective': 158.74207991168782, 'gradient_infinity_norm': 2.7769060397253575e-06}]",48,0.6305053150002777,0.0163517610000099,1,0.016349158000025454,0.0038503779999246035,7.297090541924931e-16,True,preceding_FULL_PBE_MAP,0.0
FULL_PBE,0.004005241000072601,0.047406152999997175,0.0013059130000101504,7.295321394230111e-16,19,0.05,,,,0.00035099499996249506,119,current-nlr-pbe-gw-v1:gw:matdb:000289924,0.0005124633137957874,2.817059143999927,False,4,12,routine_bo_decision,0.35553098899993074,6.094005982182517e-16,0.03521974600005251,5.658578482501346e-16,500,False,Laplace Gaussian; not the exact conditioned posterior,scipy.optimize.minimize/L-BFGS-B,True,93,106,4.325641950159165e-06,2.2559557509999877,"[{'attempt': 1, 'start_source': 'initial_map', 'success': True, 'status': 0, 'message': 'CONVERGENCE: RELATIVE REDUCTION OF F <= FACTR*EPSMCH', 'iterations': 50, 'function_evaluations': 59, 'objective': 158.5195035856189, 'gradient_infinity_norm': 1.0730132192882103e-05}, {'attempt': 2, 'start_source': 'provided_retry_map', 'success': True, 'status': 0, 'message': 'CONVERGENCE: RELATIVE REDUCTION OF F <= FACTR*EPSMCH', 'iterations': 93, 'function_evaluations': 106, 'objective': 158.51950358561916, 'gradient_infinity_norm': 4.325641950159165e-06}]",167,2.1736071540001376,0.016162948999976834,1,0.016160711999987143,0.003827813000043534,6.690972750928518e-16,True,preceding_FULL_PBE_MAP,0.0
NO_PBE,0.0007264829999940048,0.08967229200004567,0.0012711910000007265,4.863828573255807e-16,8,0.05,0.13026577100004033,5.571320278786073e-16,191,0.00029186699998717813,120,current-nlr-pbe-gw-v1:gw:matdb:000290331,0.013413471522698936,0.23391769700003806,False,5,1,,,,,,,,,,,,,,,,,,,,,,,,,
NO_PBE,0.0007539729999734845,0.04746412499991948,0.0012655199999471733,3.97355420260258e-16,9,0.05,0.14369293300001118,5.668056920117765e-16,191,0.00029096299999764597,118,current-nlr-pbe-gw-v1:gw:matdb:000289858,0.014829180522821513,0.20659098900000572,False,5,2,,,,,,,,,,,,,,,,,,,,,,,,,
NO_PBE,0.0007719180000549386,0.04719671299994843,0.0012678650000452762,8.926586484344612e-16,10,0.05,0.1493791919999694,5.683098311926638e-16,191,0.0002967159999798241,128,current-nlr-pbe-gw-v1:gw:matdb:000289881,0.01685636134891373,0.21165246400005344,False,5,3,,,,,,,,,,,,,,,,,,,,,,,,,
NO_PBE,0.0009646819999034051,0.047406513000055384,0.00128264800002853,4.687622523422064e-16,11,0.05,0.14641761699999734,5.595813665719235e-16,191,0.0003238589999909891,182,current-nlr-pbe-gw-v1:gw:matdb:000290238,0.01828909751687026,0.21791181800006143,False,5,4,,,,,,,,,,,,,,,,,,,,,,,,,
NO_PBE,0.0007781839999552176,0.0984844569999268,0.0012793009999541027,4.2065837672928917e-16,12,0.05,0.13219512399996347,5.728094560078834e-16,191,0.0003157029999556471,185,current-nlr-pbe-gw-v1:gw:matdb:000290276,0.012105573599272335,0.2465170369999896,False,5,5,,,,,,,,,,,,,,,,,,,,,,,,,
NO_PBE,0.000738936999937323,0.09331592099999853,0.003304040999978497,5.472405451183835e-16,13,0.05,0.13566920199991728,5.898222711864774e-16,191,0.0002986030000329265,189,current-nlr-pbe-gw-v1:gw:matdb:000290236,0.011879490628008832,0.2537872550000202,False,5,6,,,,,,,,,,,,,,,,,,,,,,,,,
NO_PBE,0.0007183059999533725,0.08198695399994449,0.0012988600000198858,3.6125657333714674e-16,14,0.05,0.14126062999991973,5.909776884109616e-16,191,0.00031047100003434025,2,current-nlr-pbe-gw-v1:gw:matdb:000289828,0.011542653326470635,0.23702481200007242,False,5,7,,,,,,,,,,,,,,,,,,,,,,,,,
NO_PBE,0.0007254839999859541,0.047653786999944714,0.001275918999908754,3.3874190018491275e-16,15,0.05,0.14807422399996994,5.773477346965129e-16,191,0.00033719800001108524,133,current-nlr-pbe-gw-v1:gw:matdb:000286998,0.011267716658194364,0.21024018299999625,False,5,8,,,,,,,,,,,,,,,,,,,,,,,,,
NO_PBE,0.0007091200000104436,0.0478358829999479,0.001286178999976073,3.63973541268954e-16,16,0.05,0.17861272400000416,6.38643416122465e-16,191,0.00030097900003056566,85,current-nlr-pbe-gw-v1:gw:matdb:000011426,0.01273076747763062,0.244452592000016,False,5,9,,,,,,,,,,,,,,,,,,,,,,,,,
NO_PBE,0.0007957850000366307,0.09381830899997112,0.001388487999975041,3.6850932578246903e-16,17,0.05,0.13114605099997334,5.920913368684643e-16,191,0.00029268699995554925,77,current-nlr-pbe-gw-v1:gw:matdb:000011455,0.012346921341162984,0.23893875199996728,False,5,10,,,,,,,,,,,,,,,,,,,,,,,,,
NO_PBE,0.0007175289999850065,0.047373700999969515,0.001279482999962056,4.047635468126712e-16,18,0.05,0.18041130300002806,6.030794800509073e-16,191,0.0003002280000146129,49,current-nlr-pbe-gw-v1:gw:matdb:000010042,0.011274149488997388,0.24877045400000952,False,5,11,,,,,,,,,,,,,,,,,,,,,,,,,
NO_PBE,0.0021686499999304942,0.09698475400000461,0.0027075330000343456,3.1860623252935095e-16,19,0.05,0.25623951100010345,5.959646240385e-16,191,0.00031222999996316503,162,current-nlr-pbe-gw-v1:gw:matdb:000010290,0.004897375468032053,0.3804321320000099,False,5,12,,,,,,,,,,,,,,,,,,,,,,,,,
FULL_PBE,0.0010388729999704083,0.12301288300000124,0.0013731289999441287,4.863828573255807e-16,8,0.05,,,,0.00039599200010798086,118,current-nlr-pbe-gw-v1:gw:matdb:000289858,0.02222946938258054,3.9273555580000448,False,5,1,routine_bo_decision,1.4086318639999718,5.82302787881405e-16,0.05120502400006899,5.870326622205998e-16,500,False,Laplace Gaussian; not the exact conditioned posterior,scipy.optimize.minimize/L-BFGS-B,True,64,76,1.5777513031056678e-06,2.0348086559999956,"[{'attempt': 1, 'start_source': 'initial_map', 'success': True, 'status': 0, 'message': 'CONVERGENCE: RELATIVE REDUCTION OF F <= FACTR*EPSMCH', 'iterations': 64, 'function_evaluations': 76, 'objective': 161.31778410073423, 'gradient_infinity_norm': 1.5777513031056678e-06}]",77,1.8526663989997587,0.03444938999996339,1,0.034446264000052906,0.03212541699997473,7.370902614590212e-16,True,zero_fallback_first_state,0.0
FULL_PBE,0.002859296999986327,0.11418294099996729,0.001267670999936854,6.1346994843451115e-16,9,0.05,,,,0.0003429610000011962,182,current-nlr-pbe-gw-v1:gw:matdb:000290238,0.023388134894310075,1.6193947719999642,False,5,2,routine_bo_decision,0.4684400529999948,6.059185952818368e-16,0.035058103999972445,5.900636088309302e-16,500,False,Laplace Gaussian; not the exact conditioned posterior,scipy.optimize.minimize/L-BFGS-B,True,52,60,1.5822216013483548e-06,0.8634183469999925,"[{'attempt': 1, 'start_source': 'initial_map', 'success': True, 'status': 0, 'message': 'CONVERGENCE: RELATIVE REDUCTION OF F <= FACTR*EPSMCH', 'iterations': 52, 'function_evaluations': 60, 'objective': 161.01147413150886, 'gradient_infinity_norm': 1.5822216013483548e-06}]",61,0.8342478279996612,0.0179817319999529,1,0.01797890499994992,0.007895355000073323,7.687374837469302e-16,True,preceding_FULL_PBE_MAP,0.0
FULL_PBE,0.000743501999977525,0.09276039499991384,0.0012700300000005882,4.092994367432007e-16,10,0.05,,,,0.00034093199997187185,128,current-nlr-pbe-gw-v1:gw:matdb:000289881,0.02481583209722467,1.4565905209999528,False,5,3,routine_bo_decision,0.3509924539999929,6.096788810664293e-16,0.03643600800000968,5.856227257372443e-16,500,False,Laplace Gaussian; not the exact conditioned posterior,scipy.optimize.minimize/L-BFGS-B,True,48,56,3.126286586829785e-06,0.8609072069999684,"[{'attempt': 1, 'start_source': 'initial_map', 'success': True, 'status': 0, 'message': 'CONVERGENCE: RELATIVE REDUCTION OF F <= FACTR*EPSMCH', 'iterations': 48, 'function_evaluations': 56, 'objective': 160.70806579677105, 'gradient_infinity_norm': 3.126286586829785e-06}]",57,0.8293552539998927,0.016657430999998724,1,0.016654455999969286,0.003796813999997539,7.2462848445710975e-16,True,preceding_FULL_PBE_MAP,0.0
FULL_PBE,0.0007780660000662465,0.06970477800007302,0.001281286999983422,2.8915164308065746e-16,11,0.05,,,,0.0003188599999930375,120,current-nlr-pbe-gw-v1:gw:matdb:000290331,0.025872623848989584,1.193909139000084,False,5,4,routine_bo_decision,0.3414834269999574,6.055894567295116e-16,0.03575366799998392,5.887579497834462e-16,500,False,Laplace Gaussian; not the exact conditioned posterior,scipy.optimize.minimize/L-BFGS-B,True,39,44,1.3455861235245337e-06,0.6378838570000198,"[{'attempt': 1, 'start_source': 'initial_map', 'success': True, 'status': 0, 'message': 'CONVERGENCE: RELATIVE REDUCTION OF F <= FACTR*EPSMCH', 'iterations': 39, 'function_evaluations': 44, 'objective': 160.56947358695294, 'gradient_infinity_norm': 1.3455861235245337e-06}]",45,0.61582404999956,0.016047631999981604,1,0.0160443119999627,0.0038354119999439718,7.647214840436272e-16,True,preceding_FULL_PBE_MAP,0.0
FULL_PBE,0.0007662200000595476,0.04767664799999238,0.0013043569999808824,4.2065837672928917e-16,12,0.05,,,,0.0003458920000412036,5,current-nlr-pbe-gw-v1:gw:matdb:000011924,0.01992038545953534,1.26546689099996,False,5,5,routine_bo_decision,0.35679348999997273,6.09112215983139e-16,0.0474918139999545,6.023632728158734e-16,500,False,Laplace Gaussian; not the exact conditioned posterior,scipy.optimize.minimize/L-BFGS-B,True,45,49,1.1498022787215234e-06,0.6853614610000704,"[{'attempt': 1, 'start_source': 'initial_map', 'success': True, 'status': 0, 'message': 'CONVERGENCE: RELATIVE REDUCTION OF F <= FACTR*EPSMCH', 'iterations': 45, 'function_evaluations': 49, 'objective': 160.47086351317427, 'gradient_infinity_norm': 1.1498022787215234e-06}]",50,0.6614797719996659,0.01655499800006055,1,0.016552197999999407,0.003915761000030216,7.772213507967352e-16,True,preceding_FULL_PBE_MAP,0.0
FULL_PBE,0.0007743710000340798,0.04785095900001579,0.0012636919999522433,5.569744683790046e-16,13,0.05,,,,0.0003341670000054364,71,current-nlr-pbe-gw-v1:gw:matdb:000289958,5.075188729771396e-06,1.7301458050000065,False,5,6,routine_bo_decision,0.38297982999995384,6.175227106837855e-16,0.03375630000005003,5.542833167328016e-16,500,False,Laplace Gaussian; not the exact conditioned posterior,scipy.optimize.minimize/L-BFGS-B,True,74,81,2.3207302967120924e-06,1.1313236910000342,"[{'attempt': 1, 'start_source': 'initial_map', 'success': True, 'status': 0, 'message': 'CONVERGENCE: RELATIVE REDUCTION OF F <= FACTR*EPSMCH', 'iterations': 74, 'function_evaluations': 81, 'objective': 159.57799523525475, 'gradient_infinity_norm': 2.3207302967120924e-06}]",82,1.090090517999215,0.016098921999969207,1,0.016096218000029694,0.0038204019999739103,6.869431585799689e-16,True,preceding_FULL_PBE_MAP,0.0
FULL_PBE,0.0007137289999263885,0.05890635899993413,0.001295917999982521,4.465544667575497e-16,14,0.05,,,,0.0004120950000015,134,current-nlr-pbe-gw-v1:gw:matdb:000286993,8.193062419974389e-06,1.609545138000044,False,5,7,routine_bo_decision,0.3503150330000153,6.063086612156085e-16,0.04004023699997106,5.710345149342442e-16,500,False,Laplace Gaussian; not the exact conditioned posterior,scipy.optimize.minimize/L-BFGS-B,True,67,75,6.128530725763026e-06,1.0354031230000373,"[{'attempt': 1, 'start_source': 'initial_map', 'success': True, 'status': 0, 'message': 'CONVERGENCE: RELATIVE REDUCTION OF F <= FACTR*EPSMCH', 'iterations': 67, 'function_evaluations': 75, 'objective': 159.10369770375775, 'gradient_infinity_norm': 6.128530725763026e-06}]",76,0.9993772129995477,0.0163098269999864,1,0.016307499000049575,0.003832031999991159,7.30604428097308e-16,True,preceding_FULL_PBE_MAP,0.0
FULL_PBE,0.0011179350000247723,0.0966226819999747,0.0013720760000524024,6.382965256080734e-16,15,0.05,,,,0.0003771010000264141,85,current-nlr-pbe-gw-v1:gw:matdb:000011426,1.036570465119945e-05,1.7870304549999219,False,5,8,routine_bo_decision,0.33617874399999437,6.190265770646024e-16,0.03964594599995053,5.385787236836299e-16,500,False,Laplace Gaussian; not the exact conditioned posterior,scipy.optimize.minimize/L-BFGS-B,True,69,77,3.812596113150768e-06,1.163225165999961,"[{'attempt': 1, 'start_source': 'initial_map', 'success': True, 'status': 0, 'message': 'CONVERGENCE: RELATIVE REDUCTION OF F <= FACTR*EPSMCH', 'iterations': 69, 'function_evaluations': 77, 'objective': 158.6921409813574, 'gradient_infinity_norm': 3.812596113150768e-06}]",78,1.1144184110000879,0.01693136999995204,1,0.016928838000012547,0.011815361000003577,7.548937133972092e-16,True,preceding_FULL_PBE_MAP,0.0
FULL_PBE,0.0007466810000096302,0.1207846969999764,0.0014082330000064758,7.00483158020224e-16,16,0.05,,,,0.0003653909999457028,135,current-nlr-pbe-gw-v1:gw:matdb:000289941,5.280266739907997e-06,3.106419879999976,False,5,9,routine_bo_decision,1.1585512219999146,6.033592304009177e-16,0.227560015999984,5.536901134868976e-16,500,False,Laplace Gaussian; not the exact conditioned posterior,scipy.optimize.minimize/L-BFGS-B,True,33,44,1.5122360724761919e-06,1.2239577509999435,"[{'attempt': 1, 'start_source': 'initial_map', 'success': True, 'status': 0, 'message': 'CONVERGENCE: RELATIVE REDUCTION OF F <= FACTR*EPSMCH', 'iterations': 33, 'function_evaluations': 44, 'objective': 158.83665538079438, 'gradient_infinity_norm': 1.5122360724761919e-06}]",45,1.1079718479993517,0.037798896000026616,1,0.037795780999999806,0.14122857700010627,7.501306681983661e-16,True,preceding_FULL_PBE_MAP,0.0
FULL_PBE,0.0007559720000926973,0.12400459100001626,0.0013364129999899887,5.617117941653701e-16,17,0.05,,,,0.00033866300009322003,46,current-nlr-pbe-gw-v1:gw:matdb:000289999,5.480599430874127e-06,1.8565827500000296,False,5,10,routine_bo_decision,0.6407913709999775,6.15258325928982e-16,0.051177977999941504,5.328832168795356e-16,500,False,Laplace Gaussian; not the exact conditioned posterior,scipy.optimize.minimize/L-BFGS-B,True,58,64,4.255419446305697e-06,0.8936001760000636,"[{'attempt': 1, 'start_source': 'initial_map', 'success': True, 'status': 0, 'message': 'CONVERGENCE: RELATIVE REDUCTION OF F <= FACTR*EPSMCH', 'iterations': 58, 'function_evaluations': 64, 'objective': 158.7445383293617, 'gradient_infinity_norm': 4.255419446305697e-06}]",65,0.8625442229994178,0.01653201200008425,1,0.01652938400002313,0.004112167000016598,7.507097473396838e-16,True,preceding_FULL_PBE_MAP,0.0
FULL_PBE,0.0007364460000189865,0.06426939899995432,0.003341670000054364,5.099450535285099e-16,18,0.05,,,,0.00033903799999279727,77,current-nlr-pbe-gw-v1:gw:matdb:000011455,6.015221721993456e-06,1.431881768999915,False,5,11,routine_bo_decision,0.36134967600003165,6.290651732083657e-16,0.039112558999931935,5.357004071202393e-16,500,False,Laplace Gaussian; not the exact conditioned posterior,scipy.optimize.minimize/L-BFGS-B,True,54,59,5.357520016235906e-07,0.8359269800000675,"[{'attempt': 1, 'start_source': 'initial_map', 'success': True, 'status': 0, 'message': 'CONVERGENCE: RELATIVE REDUCTION OF F <= FACTR*EPSMCH', 'iterations': 54, 'function_evaluations': 59, 'objective': 158.50277539699363, 'gradient_infinity_norm': 5.357520016235906e-07}]",60,0.8062524300005407,0.01624291199993877,1,0.016240336000009847,0.0038183780000053957,7.127750711856899e-16,True,preceding_FULL_PBE_MAP,0.0
FULL_PBE,0.0007636379999667042,0.06424102699998002,0.0012820400000919108,3.0862957658239076e-16,19,0.05,,,,0.0003323290000025736,133,current-nlr-pbe-gw-v1:gw:matdb:000286998,3.6413052569386376e-06,1.399630065999986,False,5,12,routine_bo_decision,0.347848572000089,6.264173970131304e-16,0.04669608100005007,5.413635445971007e-16,500,False,Laplace Gaussian; not the exact conditioned posterior,scipy.optimize.minimize/L-BFGS-B,True,48,57,9.896095867767407e-07,0.8029701209999303,"[{'attempt': 1, 'start_source': 'initial_map', 'success': True, 'status': 0, 'message': 'CONVERGENCE: RELATIVE REDUCTION OF F <= FACTR*EPSMCH', 'iterations': 48, 'function_evaluations': 57, 'objective': 158.63025905526922, 'gradient_infinity_norm': 9.896095867767407e-07}]",58,0.7677682530004404,0.016398818999959985,1,0.016396767999935946,0.003827401999956237,7.814398050983284e-16,True,preceding_FULL_PBE_MAP,0.0
NO_PBE,0.0014375590000099692,0.09705426599998646,0.0008515289999877496,1.7300836460958564e-16,8,0.05,0.12497020800003611,6.617172622748587e-16,191,0.0003182039999956032,46,current-nlr-pbe-gw-v1:gw:matdb:000289999,0.0011450324913790822,0.23776590399995712,False,6,1,,,,,,,,,,,,,,,,,,,,,,,,,
NO_PBE,0.0007364650000454276,0.05972790200007694,0.0029505919999337493,1.0469487607085685e-16,9,0.05,0.15773614900001576,6.378877001599779e-16,191,0.0002948489999425874,85,current-nlr-pbe-gw-v1:gw:matdb:000011426,0.0015796002475817403,0.232972473000018,False,6,2,,,,,,,,,,,,,,,,,,,,,,,,,
NO_PBE,0.0006975120001015966,0.04715617299996211,0.0012519100000645267,2.3953732951414055e-16,10,0.05,0.16724552900006984,6.272984067640663e-16,191,0.0002962539999771252,133,current-nlr-pbe-gw-v1:gw:matdb:000286998,0.0015680865789583116,0.23522968099996433,False,6,3,,,,,,,,,,,,,,,,,,,,,,,,,
NO_PBE,0.0007565649999605739,0.0633676850000029,0.0012852199999997538,2.872464311299517e-16,11,0.05,0.15208598200001688,6.405575849259624e-16,191,0.0003088749999733409,77,current-nlr-pbe-gw-v1:gw:matdb:000011455,0.0019579462139334425,0.23949680300006548,False,6,4,,,,,,,,,,,,,,,,,,,,,,,,,
NO_PBE,0.0009979060000659956,0.08565468900008,0.0012880619999577902,2.5166059634577464e-16,12,0.05,0.15882726400002412,6.242515621243653e-16,191,0.00030771400008688943,134,current-nlr-pbe-gw-v1:gw:matdb:000286993,0.0017053965971169215,0.25868362699998215,False,6,5,,,,,,,,,,,,,,,,,,,,,,,,,
NO_PBE,0.0007159419999425154,0.047583703999976024,0.0012600070000416963,1.9798633515226996e-16,13,0.05,0.15622745699999996,5.672881403769045e-16,191,0.00030765000008159404,5,current-nlr-pbe-gw-v1:gw:matdb:000011924,0.0010177599468381912,0.22425683699998444,False,6,6,,,,,,,,,,,,,,,,,,,,,,,,,
NO_PBE,0.0007246139999779189,0.07556849900004181,0.0012993969999115507,2.0079041092747854e-16,14,0.05,0.13922599099998934,6.284338311341358e-16,191,0.0003040589999727672,135,current-nlr-pbe-gw-v1:gw:matdb:000289941,1.4538333538935107e-05,0.23078551100002187,False,6,7,,,,,,,,,,,,,,,,,,,,,,,,,
NO_PBE,0.0007319609999285603,0.04764839699998902,0.0012799739999991289,3.645284529561699e-16,15,0.05,0.160202594999987,6.340752147484549e-16,191,0.0003004099999088794,105,current-nlr-pbe-gw-v1:gw:matdb:000012079,1.2353319670937231e-05,0.2261766509999461,False,6,8,,,,,,,,,,,,,,,,,,,,,,,,,
NO_PBE,0.000730576000023575,0.09601065599997582,0.0033005610000600427,2.8598307677216355e-16,16,0.05,0.13502072100004625,6.683485562163702e-16,191,0.00036654099994848366,72,current-nlr-pbe-gw-v1:gw:matdb:000290106,4.53537802549762e-06,0.25424687000008817,False,6,9,,,,,,,,,,,,,,,,,,,,,,,,,
NO_PBE,0.000763000999995711,0.07255956100004823,0.0012783030000491635,4.844390782446926e-16,17,0.05,0.1427279220000628,6.52786868323558e-16,191,0.0003119719999631343,47,current-nlr-pbe-gw-v1:gw:matdb:000290087,4.4166279275544555e-06,0.23355983099997957,False,6,10,,,,,,,,,,,,,,,,,,,,,,,,,
NO_PBE,0.001036816999999246,0.08013848699999926,0.0033085970000001907,7.828120231357068e-16,18,0.05,0.1447860229999378,6.408130171476171e-16,191,0.00031168299994988047,70,current-nlr-pbe-gw-v1:gw:matdb:000286988,3.929557310872509e-06,0.24792500399996698,False,6,11,,,,,,,,,,,,,,,,,,,,,,,,,
NO_PBE,0.0007390920000034384,0.09355611000000863,0.0033183770000277946,8.739718189867065e-16,19,0.05,0.13734457700002167,6.043394218575446e-16,191,0.0003203310000117199,63,current-nlr-pbe-gw-v1:gw:matdb:000286978,2.913872400789112e-06,0.25148245299999417,False,6,12,,,,,,,,,,,,,,,,,,,,,,,,,
FULL_PBE,0.0007936970000628207,0.04721177800001897,0.001283247000060328,1.7300836460958564e-16,8,0.05,,,,0.00034543100002792926,5,current-nlr-pbe-gw-v1:gw:matdb:000011924,0.001992062414568686,1.9216818150000563,False,6,1,routine_bo_decision,0.3722664619999705,5.99923555517806e-16,0.03978879800001778,5.474368536397784e-16,500,False,Laplace Gaussian; not the exact conditioned posterior,scipy.optimize.minimize/L-BFGS-B,True,85,99,9.778370939489411e-07,1.342454848999978,"[{'attempt': 1, 'start_source': 'initial_map', 'success': True, 'status': 0, 'message': 'CONVERGENCE: RELATIVE REDUCTION OF F <= FACTR*EPSMCH', 'iterations': 85, 'function_evaluations': 99, 'objective': 161.4543849414414, 'gradient_infinity_norm': 9.778370939489411e-07}]",100,1.294741187999989,0.016273920999992697,1,0.016271110000047884,0.003833681999935834,7.376146888450417e-16,True,zero_fallback_first_state,0.0
FULL_PBE,0.0007545690000370087,0.06060870800001794,0.0013114199999790799,9.895953560183705e-16,9,0.05,,,,0.00035755300007167534,134,current-nlr-pbe-gw-v1:gw:matdb:000286993,1.071381878809454e-05,1.7696049520000088,False,6,2,routine_bo_decision,0.3488517939999838,6.220454939170986e-16,0.03463565899994592,5.395078055460889e-16,500,False,Laplace Gaussian; not the exact conditioned posterior,scipy.optimize.minimize/L-BFGS-B,True,67,75,2.5871317351489065e-06,1.148632042000031,"[{'attempt': 1, 'start_source': 'initial_map', 'success': True, 'status': 0, 'message': 'CONVERGENCE: RELATIVE REDUCTION OF F <= FACTR*EPSMCH', 'iterations': 67, 'function_evaluations': 75, 'objective': 160.73629995658686, 'gradient_infinity_norm': 2.5871317351489065e-06}]",76,1.105872569999633,0.03230176699992171,1,0.032298852999929295,0.009599353999988125,7.517118037429758e-16,True,preceding_FULL_PBE_MAP,0.0
FULL_PBE,0.0007260510000151044,0.10620545500000844,0.001394659999959913,7.599068900523339e-16,10,0.05,,,,0.0003197429999772794,85,current-nlr-pbe-gw-v1:gw:matdb:000011426,1.3786778631821894e-05,5.0925915819999545,False,6,3,routine_bo_decision,0.9854865799999288,6.074907130976826e-16,0.057670506000022215,5.390707850367435e-16,500,False,Laplace Gaussian; not the exact conditioned posterior,scipy.optimize.minimize/L-BFGS-B,True,83,95,2.127040546209824e-06,3.795925393999937,"[{'attempt': 1, 'start_source': 'initial_map', 'success': True, 'status': 0, 'message': 'CONVERGENCE: RELATIVE REDUCTION OF F <= FACTR*EPSMCH', 'iterations': 77, 'function_evaluations': 84, 'objective': 160.31933103566783, 'gradient_infinity_norm': 1.3001240382878865e-05}, {'attempt': 2, 'start_source': 'provided_retry_map', 'success': True, 'status': 0, 'message': 'CONVERGENCE: RELATIVE REDUCTION OF F <= FACTR*EPSMCH', 'iterations': 83, 'function_evaluations': 95, 'objective': 160.31933103566703, 'gradient_infinity_norm': 2.127040546209824e-06}]",181,3.469937165999454,0.016082429999983106,1,0.01607984800000395,0.003832014999943567,7.525127864937998e-16,True,preceding_FULL_PBE_MAP,0.0
FULL_PBE,0.0007488290000310371,0.04734873500001413,0.0012629960000367646,1.0203935008994034e-15,11,0.05,,,,0.00032819900002323266,135,current-nlr-pbe-gw-v1:gw:matdb:000289941,7.723957681485364e-06,1.469677264999973,False,6,4,routine_bo_decision,0.40869053900007657,6.151647260461304e-16,0.03742986600002496,5.542182109468161e-16,500,False,Laplace Gaussian; not the exact conditioned posterior,scipy.optimize.minimize/L-BFGS-B,True,59,62,1.458295416173483e-06,0.8692685690000417,"[{'attempt': 1, 'start_source': 'initial_map', 'success': True, 'status': 0, 'message': 'CONVERGENCE: RELATIVE REDUCTION OF F <= FACTR*EPSMCH', 'iterations': 59, 'function_evaluations': 62, 'objective': 160.36208570211107, 'gradient_infinity_norm': 1.458295416173483e-06}]",63,0.8307503189996623,0.01641520699990906,1,0.016412250999906064,0.003981576999990466,7.556178583567092e-16,True,preceding_FULL_PBE_MAP,0.0
FULL_PBE,0.000748725999983435,0.05469383000001926,0.0012877310000476427,5.42433798758843e-16,12,0.05,,,,0.000343582000027709,46,current-nlr-pbe-gw-v1:gw:matdb:000289999,8.818345642007917e-06,1.5538043440000138,False,6,5,routine_bo_decision,0.3539978539999993,6.042779399289131e-16,0.03629466500001399,5.654122796527625e-16,500,False,Laplace Gaussian; not the exact conditioned posterior,scipy.optimize.minimize/L-BFGS-B,True,61,70,2.8472496678005887e-06,0.9943247080000219,"[{'attempt': 1, 'start_source': 'initial_map', 'success': True, 'status': 0, 'message': 'CONVERGENCE: RELATIVE REDUCTION OF F <= FACTR*EPSMCH', 'iterations': 61, 'function_evaluations': 70, 'objective': 160.25689459459562, 'gradient_infinity_norm': 2.8472496678005887e-06}]",71,0.9573727369994458,0.01618832899998779,1,0.01618542400001388,0.003812999000047057,7.033409221845084e-16,True,preceding_FULL_PBE_MAP,0.0
FULL_PBE,0.0010126529999752165,0.05183073399996374,0.0033101730000453244,4.082506147097501e-16,13,0.05,,,,0.00034953700003370614,77,current-nlr-pbe-gw-v1:gw:matdb:000011455,9.948046267204932e-06,1.447888667999905,False,6,6,routine_bo_decision,0.38386442699993495,5.701318621165583e-16,0.03495445799990193,5.692678096787616e-16,500,False,Laplace Gaussian; not the exact conditioned posterior,scipy.optimize.minimize/L-BFGS-B,True,50,61,6.845481897999051e-07,0.8634926009999617,"[{'attempt': 1, 'start_source': 'initial_map', 'success': True, 'status': 0, 'message': 'CONVERGENCE: RELATIVE REDUCTION OF F <= FACTR*EPSMCH', 'iterations': 50, 'function_evaluations': 61, 'objective': 160.00912058335786, 'gradient_infinity_norm': 6.845481897999051e-07}]",62,0.8315229679996037,0.01696114700007456,1,0.0169582219999711,0.0038282059999801277,7.421017728085406e-16,True,preceding_FULL_PBE_MAP,0.0
FULL_PBE,0.0007683420000148544,0.04730327499999021,0.0012854320000315056,3.178652597298862e-16,14,0.05,,,,0.00035133300002598844,133,current-nlr-pbe-gw-v1:gw:matdb:000286998,5.665025415733924e-06,1.540031386999999,False,6,7,routine_bo_decision,0.3612101269999357,5.690646812579813e-16,0.03501633899998069,5.519268669293047e-16,500,False,Laplace Gaussian; not the exact conditioned posterior,scipy.optimize.minimize/L-BFGS-B,True,59,68,2.4654128692735977e-06,0.9883155830000305,"[{'attempt': 1, 'start_source': 'initial_map', 'success': True, 'status': 0, 'message': 'CONVERGENCE: RELATIVE REDUCTION OF F <= FACTR*EPSMCH', 'iterations': 59, 'function_evaluations': 68, 'objective': 160.05189412764759, 'gradient_infinity_norm': 2.4654128692735977e-06}]",69,0.9575419589999683,0.016203436000068905,1,0.01620068700003685,0.003835841999944023,7.225696341634316e-16,True,preceding_FULL_PBE_MAP,0.0
FULL_PBE,0.000752090999981192,0.04766088500002752,0.0012845489999335769,3.645284529561699e-16,15,0.05,,,,0.00035665999996581377,15,current-nlr-pbe-gw-v1:gw:matdb:000010786,2.7205819268552895e-06,1.4778808529999878,False,6,8,routine_bo_decision,0.3767178939999667,5.879321052867002e-16,0.05149947500001417,5.655270454534382e-16,500,False,Laplace Gaussian; not the exact conditioned posterior,scipy.optimize.minimize/L-BFGS-B,True,56,62,1.964292661166267e-06,0.8750358450000704,"[{'attempt': 1, 'start_source': 'initial_map', 'success': True, 'status': 0, 'message': 'CONVERGENCE: RELATIVE REDUCTION OF F <= FACTR*EPSMCH', 'iterations': 56, 'function_evaluations': 62, 'objective': 160.20155635115853, 'gradient_infinity_norm': 1.964292661166267e-06}]",63,0.8453243350001003,0.016489357999944332,1,0.01648623200003385,0.0038267430001042158,7.407538260532348e-16,True,preceding_FULL_PBE_MAP,0.0
FULL_PBE,0.0007498920000443832,0.061165681000034056,0.001289524999947389,5.902066018563639e-16,16,0.05,,,,0.00033478799991826236,13,current-nlr-pbe-gw-v1:gw:matdb:000010014,3.0563715014618082e-06,1.763881008999988,False,6,9,routine_bo_decision,0.36468632899993736,5.910862697760788e-16,0.036344730999985586,5.393267480813761e-16,500,False,Laplace Gaussian; not the exact conditioned posterior,scipy.optimize.minimize/L-BFGS-B,True,77,85,5.759941106298072e-07,1.1832311209999489,"[{'attempt': 1, 'start_source': 'initial_map', 'success': True, 'status': 0, 'message': 'CONVERGENCE: RELATIVE REDUCTION OF F <= FACTR*EPSMCH', 'iterations': 77, 'function_evaluations': 85, 'objective': 159.4037966318633, 'gradient_infinity_norm': 5.759941106298072e-07}]",86,1.1402143049999722,0.016052072999968914,1,0.016049690000045302,0.0038097890000017287,7.233268479034117e-16,True,preceding_FULL_PBE_MAP,0.0
FULL_PBE,0.0007498590000523109,0.10647430300002725,0.004358875000093576,2.859002191574471e-16,17,0.05,,,,0.00032971500002076937,165,current-nlr-pbe-gw-v1:gw:matdb:000010579,3.6047744382162073e-06,3.805238863999989,False,6,10,routine_bo_decision,1.0972697070000095,6.065544153182082e-16,0.2159753800000317,5.35885024309636e-16,500,False,Laplace Gaussian; not the exact conditioned posterior,scipy.optimize.minimize/L-BFGS-B,True,71,76,1.4936003438700829e-06,2.188826658000039,"[{'attempt': 1, 'start_source': 'initial_map', 'success': True, 'status': 0, 'message': 'CONVERGENCE: RELATIVE REDUCTION OF F <= FACTR*EPSMCH', 'iterations': 71, 'function_evaluations': 76, 'objective': 158.65388700416216, 'gradient_infinity_norm': 1.4936003438700829e-06}]",77,1.9410985309993976,0.03198697400000583,1,0.031983651000018654,0.00946254100006172,7.986929016380967e-16,True,preceding_FULL_PBE_MAP,0.0
FULL_PBE,0.0007180300000300122,0.11540162400001464,0.0012903770000320947,1.7931686602141187e-16,18,0.05,,,,0.000317139000003408,11,current-nlr-pbe-gw-v1:gw:matdb:000010003,1.3568459560065854e-06,1.7979913739999347,False,6,11,routine_bo_decision,0.5817708230000562,5.938089566570694e-16,0.03619753399993897,5.379629174324738e-16,500,False,Laplace Gaussian; not the exact conditioned posterior,scipy.optimize.minimize/L-BFGS-B,True,64,68,7.1122588670563536e-06,0.9539935850000347,"[{'attempt': 1, 'start_source': 'initial_map', 'success': True, 'status': 0, 'message': 'CONVERGENCE: RELATIVE REDUCTION OF F <= FACTR*EPSMCH', 'iterations': 64, 'function_evaluations': 68, 'objective': 157.97596155525713, 'gradient_infinity_norm': 7.1122588670563536e-06}]",69,0.9146368910002138,0.01619719800009989,1,0.016193670000006932,0.0038268330000619244,7.725042353287956e-16,True,preceding_FULL_PBE_MAP,0.0
FULL_PBE,0.0007476969999515859,0.05058197900007144,0.0012705840000535318,3.841124002891068e-16,19,0.05,,,,0.00034008500006166287,12,current-nlr-pbe-gw-v1:gw:matdb:000009592,1.4626785114897748e-06,1.2237323030000198,False,6,12,routine_bo_decision,0.3697132650000867,5.924524791432215e-16,0.030878658999995423,5.9981199876168965e-16,500,False,Laplace Gaussian; not the exact conditioned posterior,scipy.optimize.minimize/L-BFGS-B,True,40,46,4.334719308184132e-06,0.6532599889999346,"[{'attempt': 1, 'start_source': 'initial_map', 'success': True, 'status': 0, 'message': 'CONVERGENCE: RELATIVE REDUCTION OF F <= FACTR*EPSMCH', 'iterations': 40, 'function_evaluations': 46, 'objective': 157.78842996593858, 'gradient_infinity_norm': 4.334719308184132e-06}]",47,0.6293949900001508,0.01635759299995243,1,0.01635494499998913,0.0038058220000039,7.507487320807012e-16,True,preceding_FULL_PBE_MAP,0.0
NO_PBE,0.0007304850000764418,0.08062796399997296,0.001298703000088608,3.8058669572964737e-16,8,0.05,0.13758233399994424,5.846264878737533e-16,191,0.00029781900002490147,154,current-nlr-pbe-gw-v1:gw:matdb:000290272,0.005017109277996985,0.23213891700004297,False,7,1,,,,,,,,,,,,,,,,,,,,,,,,,
NO_PBE,0.0007239870000148585,0.048570051000069725,0.0012835580000682967,2.8952590436196047e-16,9,0.05,0.17830311500006246,6.064477898741829e-16,191,0.00029535199996644224,58,current-nlr-pbe-gw-v1:gw:matdb:000009900,0.004956142182003794,0.24283517100002427,False,7,2,,,,,,,,,,,,,,,,,,,,,,,,,
NO_PBE,0.0007492980000733951,0.047285311999985424,0.0012954689999560287,1.3120799509911086e-16,10,0.05,0.16620248899994294,6.122143256812795e-16,191,0.00031040900000789406,125,current-nlr-pbe-gw-v1:gw:matdb:000010478,0.0053741008819223925,0.23377388100004737,False,7,3,,,,,,,,,,,,,,,,,,,,,,,,,
NO_PBE,0.0007418359999746826,0.09123030400007792,0.0012810639999543127,2.931748973125931e-16,11,0.05,0.13229674600006547,5.464269546467227e-16,191,0.0002914210000426465,59,current-nlr-pbe-gw-v1:gw:matdb:000010018,0.0054120807875732875,0.2376349300000129,False,7,4,,,,,,,,,,,,,,,,,,,,,,,,,
NO_PBE,0.0007003669999221529,0.04841875700003584,0.0012786739999910424,3.8640423071815506e-16,12,0.05,0.18053580200000852,6.26755811726652e-16,191,0.0003037760000097478,179,current-nlr-pbe-gw-v1:gw:matdb:000010746,0.005078180605131037,0.2476918070000238,False,7,5,,,,,,,,,,,,,,,,,,,,,,,,,
NO_PBE,0.0024723359999825334,0.04811862700000802,0.0012564980000888681,2.954765796100687e-16,13,0.05,0.1428598619999093,6.103695467355156e-16,191,0.0003087910000658667,114,current-nlr-pbe-gw-v1:gw:matdb:000010348,0.004935821605317026,0.21026671499998884,False,7,6,,,,,,,,,,,,,,,,,,,,,,,,,
NO_PBE,0.0007465149999461573,0.06579614099996434,0.0032935030000089682,2.665736573381035e-16,14,0.05,0.15156926800000292,6.517408826179799e-16,191,0.00031522400001904316,113,current-nlr-pbe-gw-v1:gw:matdb:000009927,0.0050404593325272945,0.2353880460000255,False,7,7,,,,,,,,,,,,,,,,,,,,,,,,,
NO_PBE,0.00070805100006055,0.04768598299995119,0.001276430999951117,2.603546664277752e-16,15,0.05,0.17643874999998843,5.683195274349116e-16,191,0.00030717499998900166,75,current-nlr-pbe-gw-v1:gw:matdb:000010320,0.005511614340848455,0.24553856800002904,False,7,8,,,,,,,,,,,,,,,,,,,,,,,,,
NO_PBE,0.0007338530000424726,0.09831323399998837,0.0013046660000100019,3.847341745638399e-16,16,0.05,0.1675844750000124,6.321737973303706e-16,191,0.00030448900008650526,94,current-nlr-pbe-gw-v1:gw:matdb:000009916,0.0054600936121502255,0.28742950600008044,False,7,9,,,,,,,,,,,,,,,,,,,,,,,,,
NO_PBE,0.0007415119999905073,0.1085938219999889,0.0012760800000251038,2.801970129784935e-16,17,0.05,0.13214596499994968,7.037779543290017e-16,191,0.00030696199996782525,112,current-nlr-pbe-gw-v1:gw:matdb:000010334,0.005350381970082654,0.25781516400002147,False,7,10,,,,,,,,,,,,,,,,,,,,,,,,,
NO_PBE,0.0010594950000495373,0.04711284899997281,0.001276498000038373,2.5631673810360174e-16,18,0.05,0.14572911699997348,6.361943677339348e-16,191,0.00030739399994672567,121,current-nlr-pbe-gw-v1:gw:matdb:000010436,0.00338079150009174,0.21230626400006258,False,7,11,,,,,,,,,,,,,,,,,,,,,,,,,
NO_PBE,0.0009738140000763451,0.0477481100000432,0.0012616519999255615,3.410045262177372e-16,19,0.05,0.15986706299997877,6.295180737355228e-16,191,0.00031131700006881147,141,current-nlr-pbe-gw-v1:gw:matdb:000010136,0.003282667973593705,0.2279583150000235,False,7,12,,,,,,,,,,,,,,,,,,,,,,,,,
FULL_PBE,0.0007735990000128368,0.0958842589999449,0.003277771000057328,3.8058669572964737e-16,8,0.05,,,,0.00032310999995388556,5,current-nlr-pbe-gw-v1:gw:matdb:000011924,0.008204466422159079,1.508712992000028,False,7,1,routine_bo_decision,0.34360088099992936,5.647577434923998e-16,0.03714350999996441,5.682100541061162e-16,500,False,Laplace Gaussian; not the exact conditioned posterior,scipy.optimize.minimize/L-BFGS-B,True,51,64,1.495731253325916e-06,0.914670894999972,"[{'attempt': 1, 'start_source': 'initial_map', 'success': True, 'status': 0, 'message': 'CONVERGENCE: RELATIVE REDUCTION OF F <= FACTR*EPSMCH', 'iterations': 51, 'function_evaluations': 64, 'objective': 162.0036974804847, 'gradient_infinity_norm': 1.495731253325916e-06}]",65,0.8849720690002414,0.01645821200008868,1,0.01645530799999051,0.003921962999925199,7.715757799260895e-16,True,zero_fallback_first_state,0.0
FULL_PBE,0.0007712099999253041,0.04732769199995346,0.0012745800000857344,5.387847133349219e-16,9,0.05,,,,0.00033973600000081206,71,current-nlr-pbe-gw-v1:gw:matdb:000289958,8.160708934422993e-08,1.7076038779999863,False,7,2,routine_bo_decision,0.3539303769999833,5.725903826794618e-16,0.03593047500010016,5.67571550469003e-16,500,False,Laplace Gaussian; not the exact conditioned posterior,scipy.optimize.minimize/L-BFGS-B,True,71,81,3.143638800988391e-06,1.1362928639999836,"[{'attempt': 1, 'start_source': 'initial_map', 'success': True, 'status': 0, 'message': 'CONVERGENCE: RELATIVE REDUCTION OF F <= FACTR*EPSMCH', 'iterations': 71, 'function_evaluations': 81, 'objective': 161.03610330094335, 'gradient_infinity_norm': 3.143638800988391e-06}]",82,1.0902619530010043,0.016323487000022396,1,0.0163204240000141,0.004061937999949805,7.80925325911647e-16,True,preceding_FULL_PBE_MAP,0.0
FULL_PBE,0.0007462410000016462,0.09016910699995151,0.001295056999992994,8.937272198602276e-16,10,0.05,,,,0.00034161199994287017,134,current-nlr-pbe-gw-v1:gw:matdb:000286993,1.854398616132235e-07,1.6539100390000385,False,7,3,routine_bo_decision,0.35460779600009573,5.744718013075698e-16,0.041533304000040516,5.817947444757861e-16,500,False,Laplace Gaussian; not the exact conditioned posterior,scipy.optimize.minimize/L-BFGS-B,True,56,64,3.142434098751118e-06,1.0297920389999717,"[{'attempt': 1, 'start_source': 'initial_map', 'success': True, 'status': 0, 'message': 'CONVERGENCE: RELATIVE REDUCTION OF F <= FACTR*EPSMCH', 'iterations': 56, 'function_evaluations': 64, 'objective': 160.49285717874284, 'gradient_infinity_norm': 3.142434098751118e-06}]",65,0.9910806110001431,0.019861829000092257,1,0.019859117000009974,0.00784750200000417,7.132073223844024e-16,True,preceding_FULL_PBE_MAP,0.0
FULL_PBE,0.006220702999939931,0.10940407099997174,0.0014250149999952555,1.0560050458663125e-15,11,0.05,,,,0.0005176800000299409,85,current-nlr-pbe-gw-v1:gw:matdb:000011426,3.128977325254389e-07,4.061647004000065,False,7,4,routine_bo_decision,1.3342632110000068,5.733539479120518e-16,0.18960681700002624,5.823984074791742e-16,500,False,Laplace Gaussian; not the exact conditioned posterior,scipy.optimize.minimize/L-BFGS-B,True,66,73,1.812960877534131e-06,2.1122967879999806,"[{'attempt': 1, 'start_source': 'initial_map', 'success': True, 'status': 0, 'message': 'CONVERGENCE: RELATIVE REDUCTION OF F <= FACTR*EPSMCH', 'iterations': 66, 'function_evaluations': 73, 'objective': 160.05820378082834, 'gradient_infinity_norm': 1.812960877534131e-06}]",74,1.9187000339998121,0.04068795600005615,1,0.04068377299995518,0.09717401199998221,7.262480419894826e-16,True,preceding_FULL_PBE_MAP,0.0
FULL_PBE,0.0009327870000106486,0.09793116299999838,0.0014051769999241515,9.80011454937581e-16,12,0.05,,,,0.0003345869999975548,135,current-nlr-pbe-gw-v1:gw:matdb:000289941,1.5105040973087055e-07,1.3630959870000652,False,7,5,routine_bo_decision,0.3440939060000119,5.86435970956266e-16,0.03794656499997018,5.798948555487611e-16,500,False,Laplace Gaussian; not the exact conditioned posterior,scipy.optimize.minimize/L-BFGS-B,True,46,51,1.7610150977453998e-06,0.75130286600006,"[{'attempt': 1, 'start_source': 'initial_map', 'success': True, 'status': 0, 'message': 'CONVERGENCE: RELATIVE REDUCTION OF F <= FACTR*EPSMCH', 'iterations': 46, 'function_evaluations': 51, 'objective': 160.0371421450731, 'gradient_infinity_norm': 1.7610150977453998e-06}]",52,0.7225414899999123,0.01597538299995449,1,0.015972735999980614,0.0038208360000453467,7.736734434589583e-16,True,preceding_FULL_PBE_MAP,0.0
FULL_PBE,0.0007310120000738607,0.0609955219999847,0.001284998000073756,9.45639042056802e-16,13,0.05,,,,0.00032334499996977684,77,current-nlr-pbe-gw-v1:gw:matdb:000011455,1.927539153381312e-07,1.3909313890000021,False,7,6,routine_bo_decision,0.35069057800001247,5.660367813356573e-16,0.033560306000026685,5.806468934149826e-16,500,False,Laplace Gaussian; not the exact conditioned posterior,scipy.optimize.minimize/L-BFGS-B,True,52,59,2.2584232921207467e-06,0.832801819999986,"[{'attempt': 1, 'start_source': 'initial_map', 'success': True, 'status': 0, 'message': 'CONVERGENCE: RELATIVE REDUCTION OF F <= FACTR*EPSMCH', 'iterations': 52, 'function_evaluations': 59, 'objective': 159.94246185671813, 'gradient_infinity_norm': 2.2584232921207467e-06}]",60,0.800797737999801,0.018915848999995433,1,0.018913154999950166,0.0044166960000211475,7.466628076354891e-16,True,preceding_FULL_PBE_MAP,0.0
FULL_PBE,0.0007569780000267201,0.047199958999954106,0.0012928329999795096,1.2997863077060485e-15,14,0.05,,,,0.0003243400000201291,46,current-nlr-pbe-gw-v1:gw:matdb:000289999,1.5484031358598396e-07,1.3572064500000351,False,7,7,routine_bo_decision,0.36695520600005693,5.591332462314474e-16,0.03637449599989395,5.842404793106787e-16,500,False,Laplace Gaussian; not the exact conditioned posterior,scipy.optimize.minimize/L-BFGS-B,True,47,56,5.152701027522077e-07,0.7649040490000516,"[{'attempt': 1, 'start_source': 'initial_map', 'success': True, 'status': 0, 'message': 'CONVERGENCE: RELATIVE REDUCTION OF F <= FACTR*EPSMCH', 'iterations': 47, 'function_evaluations': 56, 'objective': 159.95234108073046, 'gradient_infinity_norm': 5.152701027522077e-07}]",57,0.7385981749998791,0.016066757999965375,1,0.01606470999990961,0.0038498129999879893,7.7443855825498365e-16,True,preceding_FULL_PBE_MAP,0.0
FULL_PBE,0.0007600059999504083,0.05206053699998847,0.0012946680000140987,6.840463214482582e-16,15,0.05,,,,0.00032686700001249847,133,current-nlr-pbe-gw-v1:gw:matdb:000286998,1.6288690417021433e-07,1.7000008520000165,False,7,8,routine_bo_decision,0.4025498859999743,5.626416855840592e-16,0.03558475299996644,5.605848646142577e-16,500,False,Laplace Gaussian; not the exact conditioned posterior,scipy.optimize.minimize/L-BFGS-B,True,65,76,6.945279112144376e-06,1.0780558989999918,"[{'attempt': 1, 'start_source': 'initial_map', 'success': True, 'status': 0, 'message': 'CONVERGENCE: RELATIVE REDUCTION OF F <= FACTR*EPSMCH', 'iterations': 65, 'function_evaluations': 76, 'objective': 159.69046705644686, 'gradient_infinity_norm': 6.945279112144376e-06}]",77,1.0333839459998444,0.016327353999940897,1,0.016324827000062214,0.004001796000011382,7.242142446844056e-16,True,preceding_FULL_PBE_MAP,0.0
FULL_PBE,0.0007168750000801083,0.07320777599989015,0.001276712000048974,9.629167938712927e-16,16,0.05,,,,0.00032850700006292755,105,current-nlr-pbe-gw-v1:gw:matdb:000012079,4.3983334316548095e-08,1.536320939999996,False,7,9,routine_bo_decision,0.3452920089999907,5.773932677690778e-16,0.03609101799997916,5.678635157808877e-16,500,False,Laplace Gaussian; not the exact conditioned posterior,scipy.optimize.minimize/L-BFGS-B,True,61,68,4.306483835092578e-07,0.9571909679999635,"[{'attempt': 1, 'start_source': 'initial_map', 'success': True, 'status': 0, 'message': 'CONVERGENCE: RELATIVE REDUCTION OF F <= FACTR*EPSMCH', 'iterations': 61, 'function_evaluations': 68, 'objective': 159.96292050328813, 'gradient_infinity_norm': 4.306483835092578e-07}]",69,0.9261659129999771,0.01621338100005687,1,0.01621080699999311,0.0038261930000089706,7.868934666393285e-16,True,preceding_FULL_PBE_MAP,0.0
FULL_PBE,0.0007522180000023582,0.09723972999995567,0.0012849519999917902,7.416555838303777e-16,17,0.05,,,,0.0003421090000301774,15,current-nlr-pbe-gw-v1:gw:matdb:000010786,2.376295513811303e-08,1.4650858820000394,False,7,10,routine_bo_decision,0.3280976710000232,5.720199754844648e-16,0.03851376399995843,5.819646211319608e-16,500,False,Laplace Gaussian; not the exact conditioned posterior,scipy.optimize.minimize/L-BFGS-B,True,57,63,6.450099003484089e-07,0.8900382990000253,"[{'attempt': 1, 'start_source': 'initial_map', 'success': True, 'status': 0, 'message': 'CONVERGENCE: RELATIVE REDUCTION OF F <= FACTR*EPSMCH', 'iterations': 57, 'function_evaluations': 63, 'objective': 159.8681036843695, 'gradient_infinity_norm': 6.450099003484089e-07}]",64,0.862128073000008,0.016231763999940085,1,0.016229234999968867,0.004242792000013651,7.502856588061883e-16,True,preceding_FULL_PBE_MAP,0.0
FULL_PBE,0.0007841450000114492,0.05358948299999611,0.0033076309999842124,5.959085935906544e-16,18,0.05,,,,0.0003870720000804795,13,current-nlr-pbe-gw-v1:gw:matdb:000010014,2.957677993839418e-08,1.9592688919999546,False,7,11,routine_bo_decision,0.3572485619999952,6.121334850582699e-16,0.03473078600006829,5.864002600502418e-16,500,False,Laplace Gaussian; not the exact conditioned posterior,scipy.optimize.minimize/L-BFGS-B,True,71,77,8.650450335490056e-07,1.3378854989999809,"[{'attempt': 1, 'start_source': 'initial_map', 'success': True, 'status': 0, 'message': 'CONVERGENCE: RELATIVE REDUCTION OF F <= FACTR*EPSMCH', 'iterations': 71, 'function_evaluations': 77, 'objective': 159.00417739312306, 'gradient_infinity_norm': 8.650450335490056e-07}]",78,1.2805809169998383,0.01725311799998508,1,0.017250051000019084,0.009521843000015906,7.529258396294292e-16,True,preceding_FULL_PBE_MAP,0.0
FULL_PBE,0.004839666999941983,0.1083719819999942,0.001401791000034791,5.838991424934978e-16,19,0.05,,,,0.00034314300000914955,165,current-nlr-pbe-gw-v1:gw:matdb:000010579,3.88277625527058e-08,3.490171114000077,False,7,12,routine_bo_decision,1.263953297999933,6.363577160011392e-16,0.24183242799995242,5.910299577677256e-16,500,False,Laplace Gaussian; not the exact conditioned posterior,scipy.optimize.minimize/L-BFGS-B,True,67,73,2.5449365005786317e-06,1.674449222000021,"[{'attempt': 1, 'start_source': 'initial_map', 'success': True, 'status': 0, 'message': 'CONVERGENCE: RELATIVE REDUCTION OF F <= FACTR*EPSMCH', 'iterations': 67, 'function_evaluations': 73, 'objective': 158.1815094127328, 'gradient_infinity_norm': 2.5449365005786317e-06}]",74,1.5370085640003026,0.01591601300003731,1,0.01591328999995767,0.007636105999949905,7.500385611970707e-16,True,preceding_FULL_PBE_MAP,0.0
NO_PBE,0.0007770800000344025,0.09650947299996915,0.0015054130000180521,1.478607487515396e-16,8,0.05,0.26164414599998054,5.736814665965717e-16,191,0.0008603100000073027,129,current-nlr-pbe-gw-v1:gw:matdb:000289900,0.00029239568514649724,0.3899184819999846,False,8,1,,,,,,,,,,,,,,,,,,,,,,,,,
NO_PBE,0.000846181000042634,0.09390238500009218,0.001293825000061588,2.1696438097488688e-16,9,0.05,0.16467612999997527,6.321445717369421e-16,191,0.000300475999893024,175,current-nlr-pbe-gw-v1:gw:matdb:000290273,0.0004197692704323956,0.27480100100001437,False,8,2,,,,,,,,,,,,,,,,,,,,,,,,,
NO_PBE,0.0007493719999729365,0.047024487000044246,0.0012471940000295945,9.114056561922242e-17,10,0.05,0.1426568419999512,5.997375383991006e-16,191,0.00029609299997446215,131,current-nlr-pbe-gw-v1:gw:matdb:000289910,0.0006281813200437504,0.20596358800003145,False,8,3,,,,,,,,,,,,,,,,,,,,,,,,,
NO_PBE,0.0007492030000548766,0.04877248200000395,0.0013010730000360127,2.1609865171180657e-16,11,0.05,0.1599725149999358,6.134389624727769e-16,191,0.00029785899994294596,190,current-nlr-pbe-gw-v1:gw:matdb:000290308,0.0005386630674019451,0.22916485500002182,False,8,4,,,,,,,,,,,,,,,,,,,,,,,,,
NO_PBE,0.000790767000012238,0.0794227479999563,0.0012933259999954316,3.4443301553679185e-16,12,0.05,0.13533827499998097,6.395383726598275e-16,191,0.0003505110000787681,126,current-nlr-pbe-gw-v1:gw:matdb:000289890,0.0003857292186335397,0.23142482399998698,False,8,5,,,,,,,,,,,,,,,,,,,,,,,,,
NO_PBE,0.0007655600001044149,0.049112675000060335,0.0017012810000096579,2.110322728334763e-16,13,0.05,0.14596254499997485,6.492256156784183e-16,191,0.0003108440000687551,130,current-nlr-pbe-gw-v1:gw:matdb:000289977,0.0003692492507139603,0.21108241399997496,False,8,6,,,,,,,,,,,,,,,,,,,,,,,,,
NO_PBE,0.0007271509999782211,0.0474362720000272,0.0012855470000658897,1.703876538413636e-16,14,0.05,0.17285655400007727,6.614854078803724e-16,191,0.0003120369999578543,170,current-nlr-pbe-gw-v1:gw:matdb:000011153,0.00031082034585389095,0.23976062999997794,False,8,7,,,,,,,,,,,,,,,,,,,,,,,,,
NO_PBE,0.0007108139999445484,0.09772427500001868,0.0032746240000278704,1.7846566369921739e-16,15,0.05,0.12793290700005855,6.266938691600189e-16,191,0.0002947499999663705,167,current-nlr-pbe-gw-v1:gw:matdb:000010851,7.059105883354969e-06,0.24166909699999906,False,8,8,,,,,,,,,,,,,,,,,,,,,,,,,
NO_PBE,0.0007506680000233246,0.047426889999997,0.0013369130000455698,5.490269895750608e-16,16,0.05,0.16349898900000426,6.360419624701935e-16,191,0.00032239300003311655,68,current-nlr-pbe-gw-v1:gw:matdb:000289894,6.621571629217583e-06,0.2348296149999669,False,8,9,,,,,,,,,,,,,,,,,,,,,,,,,
NO_PBE,0.0007447310000543439,0.09729189899996982,0.0014540939999960756,2.3882119971426604e-16,17,0.05,0.13598000499996488,6.371940664187009e-16,191,0.0003099830000792281,69,current-nlr-pbe-gw-v1:gw:matdb:000289849,8.904984217285777e-06,0.25424580300000343,False,8,10,,,,,,,,,,,,,,,,,,,,,,,,,
NO_PBE,0.00099929800001064,0.08566682000002857,0.001290231999973912,3.072082142638411e-16,18,0.05,0.164390760999936,6.477128229570827e-16,191,0.00033069599999180355,65,current-nlr-pbe-gw-v1:gw:matdb:000289867,7.527064453496262e-06,0.2642220970000153,False,8,11,,,,,,,,,,,,,,,,,,,,,,,,,
NO_PBE,0.0007059130000470759,0.04751290000001518,0.001288144000000102,4.972077601518513e-16,19,0.05,0.14710514900002636,6.527518625825439e-16,191,0.00030903399999715475,169,current-nlr-pbe-gw-v1:gw:matdb:000290368,5.381492537115905e-06,0.21237069099993278,False,8,12,,,,,,,,,,,,,,,,,,,,,,,,,
FULL_PBE,0.0007330820000106542,0.04732523100005892,0.0012746600000355102,1.478607487515396e-16,8,0.05,,,,0.000368413999922268,175,current-nlr-pbe-gw-v1:gw:matdb:000290273,0.00039374926384450927,1.9090006830000448,False,8,1,routine_bo_decision,0.35439666500008116,5.829737847172036e-16,0.03524496599993654,5.813777235764177e-16,500,False,Laplace Gaussian; not the exact conditioned posterior,scipy.optimize.minimize/L-BFGS-B,True,87,100,2.2280945453992396e-06,1.3595261749999281,"[{'attempt': 1, 'start_source': 'initial_map', 'success': True, 'status': 0, 'message': 'CONVERGENCE: RELATIVE REDUCTION OF F <= FACTR*EPSMCH', 'iterations': 87, 'function_evaluations': 100, 'objective': 162.08356010298496, 'gradient_infinity_norm': 2.2280945453992396e-06}]",101,1.311097789999394,0.016642102000105297,1,0.016639351000094393,0.006568292999986625,7.402702995264433e-16,True,zero_fallback_first_state,0.0
FULL_PBE,0.0007886180000014065,0.047532153000020116,0.0013549049999710405,3.171453248729719e-16,9,0.05,,,,0.00034060000007229974,129,current-nlr-pbe-gw-v1:gw:matdb:000289900,0.0005036510478136627,1.64917436799999,False,8,2,routine_bo_decision,0.37590260100000705,6.049301383863497e-16,0.038823403000037615,5.832978952443386e-16,500,False,Laplace Gaussian; not the exact conditioned posterior,scipy.optimize.minimize/L-BFGS-B,True,65,75,1.031586376043503e-06,1.0603649369999175,"[{'attempt': 1, 'start_source': 'initial_map', 'success': True, 'status': 0, 'message': 'CONVERGENCE: RELATIVE REDUCTION OF F <= FACTR*EPSMCH', 'iterations': 65, 'function_evaluations': 75, 'objective': 161.6648564928236, 'gradient_infinity_norm': 1.031586376043503e-06}]",76,1.020713049999813,0.016618805999996766,1,0.016616339000051994,0.0038204319999977088,7.697771603442491e-16,True,preceding_FULL_PBE_MAP,0.0
FULL_PBE,0.0029265079999731825,0.08580721300006644,0.0012816949999887584,9.114056561922242e-17,10,0.05,,,,0.000353635999999824,131,current-nlr-pbe-gw-v1:gw:matdb:000289910,0.0006545700702552679,1.532132539000031,False,8,3,routine_bo_decision,0.3576675139998997,6.053636810606488e-16,0.0376810940000496,5.907435157501101e-16,500,False,Laplace Gaussian; not the exact conditioned posterior,scipy.optimize.minimize/L-BFGS-B,True,60,68,7.297721230994925e-07,0.9343762519999927,"[{'attempt': 1, 'start_source': 'initial_map', 'success': True, 'status': 0, 'message': 'CONVERGENCE: RELATIVE REDUCTION OF F <= FACTR*EPSMCH', 'iterations': 60, 'function_evaluations': 68, 'objective': 161.53160186725333, 'gradient_infinity_norm': 7.297721230994925e-07}]",69,0.8984643269991466,0.016406972000027054,1,0.016404945000090265,0.003913194000006115,7.777796150223978e-16,True,preceding_FULL_PBE_MAP,0.0
FULL_PBE,0.000780236999958106,0.048035683999955836,0.0013116159999526644,2.1609865171180657e-16,11,0.05,,,,0.00038379200009330816,190,current-nlr-pbe-gw-v1:gw:matdb:000290308,0.0005140851753510905,1.4224452490000203,False,8,4,routine_bo_decision,0.3564201919999732,6.046348426762384e-16,0.035818860999938806,5.910263474645249e-16,500,False,Laplace Gaussian; not the exact conditioned posterior,scipy.optimize.minimize/L-BFGS-B,True,56,62,2.2082947239362993e-06,0.8692572189999055,"[{'attempt': 1, 'start_source': 'initial_map', 'success': True, 'status': 0, 'message': 'CONVERGENCE: RELATIVE REDUCTION OF F <= FACTR*EPSMCH', 'iterations': 56, 'function_evaluations': 62, 'objective': 161.36343696571697, 'gradient_infinity_norm': 2.2082947239362993e-06}]",63,0.8317546210003002,0.016314226999952552,1,0.01631151399999453,0.0038629450000371435,7.790948797955416e-16,True,preceding_FULL_PBE_MAP,0.0
FULL_PBE,0.0007717299999967508,0.04764956099995743,0.001280505000067933,3.4443301553679185e-16,12,0.05,,,,0.00035282099997857586,170,current-nlr-pbe-gw-v1:gw:matdb:000011153,0.00040195934958029214,1.9197578340000518,False,8,5,routine_bo_decision,0.37416312699997434,5.933580341957075e-16,0.03670402300008391,5.965645159746621e-16,500,False,Laplace Gaussian; not the exact conditioned posterior,scipy.optimize.minimize/L-BFGS-B,True,50,56,1.411367765357871e-06,1.1425821090000454,"[{'attempt': 1, 'start_source': 'initial_map', 'success': True, 'status': 0, 'message': 'CONVERGENCE: RELATIVE REDUCTION OF F <= FACTR*EPSMCH', 'iterations': 50, 'function_evaluations': 56, 'objective': 161.23725448476247, 'gradient_infinity_norm': 1.411367765357871e-06}]",57,1.064156932000401,0.03808333599999969,1,0.03808020399992529,0.16051234600001862,7.661019700547602e-16,True,preceding_FULL_PBE_MAP,0.0
FULL_PBE,0.0007605159999002353,0.12178815100003249,0.0013807330000190632,4.203446721168567e-16,13,0.05,,,,0.00034927799993056396,169,current-nlr-pbe-gw-v1:gw:matdb:000290368,5.813147063476394e-06,3.189391922000027,False,8,6,routine_bo_decision,0.968373530000008,6.021242227481328e-16,0.23674402500000724,5.908400790601995e-16,500,False,Laplace Gaussian; not the exact conditioned posterior,scipy.optimize.minimize/L-BFGS-B,True,65,71,1.6035287684797173e-06,1.6761498370000254,"[{'attempt': 1, 'start_source': 'initial_map', 'success': True, 'status': 0, 'message': 'CONVERGENCE: RELATIVE REDUCTION OF F <= FACTR*EPSMCH', 'iterations': 65, 'function_evaluations': 71, 'objective': 160.88118871999157, 'gradient_infinity_norm': 1.6035287684797173e-06}]",72,1.5329940029998852,0.016728470999964884,1,0.016725773999951343,0.01329331599993111,7.586966762878409e-16,True,preceding_FULL_PBE_MAP,0.0
FULL_PBE,0.0008355560000836704,0.11911888199995246,0.0012891939999235547,5.161385695344728e-16,14,0.05,,,,0.0003532530000711631,5,current-nlr-pbe-gw-v1:gw:matdb:000011924,5.826069046077078e-06,1.6544744020000053,False,8,7,routine_bo_decision,0.3926443120000158,5.932879989427463e-16,0.03987478800002009,6.097326905375223e-16,500,False,Laplace Gaussian; not the exact conditioned posterior,scipy.optimize.minimize/L-BFGS-B,True,61,68,5.117525947173629e-07,0.9771270290000302,"[{'attempt': 1, 'start_source': 'initial_map', 'success': True, 'status': 0, 'message': 'CONVERGENCE: RELATIVE REDUCTION OF F <= FACTR*EPSMCH', 'iterations': 61, 'function_evaluations': 68, 'objective': 160.56115244519896, 'gradient_infinity_norm': 5.117525947173629e-07}]",69,0.9400002339992852,0.01652216499996939,1,0.016519685000048412,0.0038565349999544196,7.564827633034635e-16,True,preceding_FULL_PBE_MAP,0.0
FULL_PBE,0.0007374580000032438,0.09263707599995996,0.0012998340000649478,4.552364029207406e-16,15,0.05,,,,0.00033305799991012464,71,current-nlr-pbe-gw-v1:gw:matdb:000289958,2.5358149115051643e-15,1.6484146980000105,False,8,8,routine_bo_decision,0.3692132110001012,5.665493360978444e-16,0.038240887000029034,5.865673049207667e-16,500,False,Laplace Gaussian; not the exact conditioned posterior,scipy.optimize.minimize/L-BFGS-B,True,69,73,1.4701113794481427e-06,1.0302725180000607,"[{'attempt': 1, 'start_source': 'initial_map', 'success': True, 'status': 0, 'message': 'CONVERGENCE: RELATIVE REDUCTION OF F <= FACTR*EPSMCH', 'iterations': 69, 'function_evaluations': 73, 'objective': 159.39307776171802, 'gradient_infinity_norm': 1.4701113794481427e-06}]",74,0.9958955649999552,0.016326554999977816,1,0.016323977999945782,0.0038248649999559348,7.655265555156943e-16,True,preceding_FULL_PBE_MAP,0.0
FULL_PBE,0.0007557059999498961,0.09331280100002459,0.0013157959999716695,3.4619074528466684e-16,16,0.05,,,,0.00034303300003557524,134,current-nlr-pbe-gw-v1:gw:matdb:000286993,1.757928338709745e-14,1.6737538400000176,False,8,9,routine_bo_decision,0.33170676800000365,5.704498819617052e-16,0.03643993000002865,5.667167834873735e-16,500,False,Laplace Gaussian; not the exact conditioned posterior,scipy.optimize.minimize/L-BFGS-B,True,70,78,2.7748580871500388e-06,1.0870984599999929,"[{'attempt': 1, 'start_source': 'initial_map', 'success': True, 'status': 0, 'message': 'CONVERGENCE: RELATIVE REDUCTION OF F <= FACTR*EPSMCH', 'iterations': 70, 'function_evaluations': 78, 'objective': 158.81213047917274, 'gradient_infinity_norm': 2.7748580871500388e-06}]",79,1.0474627010005406,0.016335276999939197,1,0.01633296500006054,0.003822233000050801,7.196753931305672e-16,True,preceding_FULL_PBE_MAP,0.0
FULL_PBE,0.0007712359999914042,0.10107618699998966,0.0012726670000802187,5.400312320130277e-16,17,0.05,,,,0.0003424999999879219,85,current-nlr-pbe-gw-v1:gw:matdb:000011426,8.815902285892633e-14,1.8470865869999216,False,8,10,routine_bo_decision,0.32833514100002503,5.828303587594117e-16,0.03568315799998345,5.85428955605184e-16,500,False,Laplace Gaussian; not the exact conditioned posterior,scipy.optimize.minimize/L-BFGS-B,True,81,90,1.6988299617734168e-06,1.2659481059999962,"[{'attempt': 1, 'start_source': 'initial_map', 'success': True, 'status': 0, 'message': 'CONVERGENCE: RELATIVE REDUCTION OF F <= FACTR*EPSMCH', 'iterations': 81, 'function_evaluations': 90, 'objective': 158.41334459038336, 'gradient_infinity_norm': 1.6988299617734168e-06}]",91,1.2215067780002755,0.01626500199995462,1,0.01626159199997801,0.003953507999995054,7.534894226853581e-16,True,preceding_FULL_PBE_MAP,0.0
FULL_PBE,0.0007219599999643833,0.04714260900004774,0.0012892150000425318,5.931463128238576e-16,18,0.05,,,,0.00034099200001946883,77,current-nlr-pbe-gw-v1:gw:matdb:000011455,2.0196569673324903e-14,1.310482277999995,False,8,11,routine_bo_decision,0.36564966399998866,5.764151479891919e-16,0.0357258770000044,5.897523452376175e-16,500,False,Laplace Gaussian; not the exact conditioned posterior,scipy.optimize.minimize/L-BFGS-B,True,48,53,1.309154265537963e-06,0.7295688560000144,"[{'attempt': 1, 'start_source': 'initial_map', 'success': True, 'status': 0, 'message': 'CONVERGENCE: RELATIVE REDUCTION OF F <= FACTR*EPSMCH', 'iterations': 48, 'function_evaluations': 53, 'objective': 158.41800653549552, 'gradient_infinity_norm': 1.309154265537963e-06}]",54,0.7038634520007463,0.016362271999923905,1,0.01635828799999217,0.003788010999983271,7.915563250142595e-16,True,preceding_FULL_PBE_MAP,0.0
FULL_PBE,0.0007196860000249217,0.09935178800003541,0.0013196900000593814,8.051061009066464e-16,19,0.05,,,,0.00033255400001053204,135,current-nlr-pbe-gw-v1:gw:matdb:000289941,8.055150751127904e-15,1.4914793030000055,False,8,12,routine_bo_decision,0.33602891999998974,5.810055711608973e-16,0.03709759799994572,5.524533508948433e-16,500,False,Laplace Gaussian; not the exact conditioned posterior,scipy.optimize.minimize/L-BFGS-B,True,56,66,1.2524759128856866e-06,0.8983169130000306,"[{'attempt': 1, 'start_source': 'initial_map', 'success': True, 'status': 0, 'message': 'CONVERGENCE: RELATIVE REDUCTION OF F <= FACTR*EPSMCH', 'iterations': 56, 'function_evaluations': 66, 'objective': 158.4571527324404, 'gradient_infinity_norm': 1.2524759128856866e-06}]",67,0.8637624509999569,0.016256806000001234,1,0.01625427999999829,0.003801448999979584,7.811675976283196e-16,True,preceding_FULL_PBE_MAP,0.0
NO_PBE,0.0007461999999804902,0.0806048560000363,0.0014875239999128098,6.05936084301768e-16,8,0.05,0.1307909299999892,5.62322037144049e-16,191,0.0002969180000036431,156,current-nlr-pbe-gw-v1:gw:matdb:000290207,0.0009001913207124295,0.22538238399999955,False,9,1,,,,,,,,,,,,,,,,,,,,,,,,,
NO_PBE,0.0008534950000012032,0.0471228510000401,0.0012663559999737117,6.627094945282592e-16,9,0.05,0.15533526599995184,5.622298078946563e-16,191,0.00030262100005984394,114,current-nlr-pbe-gw-v1:gw:matdb:000010348,0.0007933954259009618,0.22147912600007658,False,9,2,,,,,,,,,,,,,,,,,,,,,,,,,
NO_PBE,0.0010016240000823018,0.086070958999926,0.0012885639999922205,5.368092885097585e-16,10,0.05,0.25374378300000444,5.454532493973298e-16,191,0.0003120049999552066,75,current-nlr-pbe-gw-v1:gw:matdb:000010320,0.000795498173100484,0.3612022339999612,False,9,3,,,,,,,,,,,,,,,,,,,,,,,,,
NO_PBE,0.0007290769999599434,0.10774767399993834,0.003344109999943612,4.137367149392777e-16,11,0.05,0.6771818839999924,5.607992769369553e-16,191,0.0003174379999109078,115,current-nlr-pbe-gw-v1:gw:matdb:000010393,0.0009167261407098913,0.8364164879999407,False,9,4,,,,,,,,,,,,,,,,,,,,,,,,,
NO_PBE,0.0007813299999952505,0.11141863600005308,0.003493923999940307,7.371791626958922e-16,12,0.05,0.6941957269999648,6.089405293735065e-16,191,0.0003297870000551484,94,current-nlr-pbe-gw-v1:gw:matdb:000009916,0.0010919642661651394,0.8422420169999896,False,9,5,,,,,,,,,,,,,,,,,,,,,,,,,
NO_PBE,0.0008002560000477388,0.11710584099989774,0.001400899000032041,4.49950551199572e-16,13,0.05,0.6747011789999533,5.683342744602307e-16,191,0.0003618670000378188,112,current-nlr-pbe-gw-v1:gw:matdb:000010334,0.0010686866349119539,0.8262032139999747,False,9,6,,,,,,,,,,,,,,,,,,,,,,,,,
NO_PBE,0.000835278000067774,0.09991212799991445,0.0022996499999408115,5.899501897164116e-16,14,0.05,0.23391020100007154,5.660574058458115e-16,191,0.00030508999998346553,121,current-nlr-pbe-gw-v1:gw:matdb:000010436,5.894493168207048e-05,0.3543515320000097,False,9,7,,,,,,,,,,,,,,,,,,,,,,,,,
NO_PBE,0.002758227000072111,0.1187901639999609,0.00142174999996314,4.344105304560887e-16,15,0.05,0.2820322999999689,5.505492376797053e-16,191,0.000327611000102479,141,current-nlr-pbe-gw-v1:gw:matdb:000010136,6.278778228832485e-05,0.4429460179999296,False,9,8,,,,,,,,,,,,,,,,,,,,,,,,,
NO_PBE,0.0007553320000397434,0.12145627400002468,0.0013434170000437007,5.559758812231871e-16,16,0.05,0.24018618800005243,5.785247572748254e-16,191,0.0003639400000565729,58,current-nlr-pbe-gw-v1:gw:matdb:000009900,5.4741237252072124e-05,0.38411669699996764,False,9,9,,,,,,,,,,,,,,,,,,,,,,,,,
NO_PBE,0.0007204249999404055,0.11430675199994766,0.0012578429999621221,5.561896957329494e-16,17,0.05,0.2939435640000738,6.250113772157867e-16,191,0.00031005899995761865,125,current-nlr-pbe-gw-v1:gw:matdb:000010478,6.185738850946994e-05,0.43042023900000004,False,9,10,,,,,,,,,,,,,,,,,,,,,,,,,
NO_PBE,0.000740059999998266,0.10285903999999846,0.0013427659999933894,5.232403156228896e-16,18,0.05,0.1291257279999627,5.774617218428514e-16,191,0.0003135519999659664,59,current-nlr-pbe-gw-v1:gw:matdb:000010018,5.878112681797186e-05,0.24772838400008368,False,9,11,,,,,,,,,,,,,,,,,,,,,,,,,
NO_PBE,0.0007471569999779604,0.0473461579999821,0.0012720969999691079,7.044263027999335e-16,19,0.05,0.15311533500005226,5.6694382982393e-16,191,0.0003118439999525435,140,current-nlr-pbe-gw-v1:gw:matdb:000289987,4.584442358368643e-05,0.21805893800001286,False,9,12,,,,,,,,,,,,,,,,,,,,,,,,,
FULL_PBE,0.0007343830000081653,0.04724382000006244,0.0012671629999658762,6.05936084301768e-16,8,0.05,,,,0.00033136299998659524,13,current-nlr-pbe-gw-v1:gw:matdb:000010014,0.0013525635137325905,1.9128568419999965,False,9,1,routine_bo_decision,0.37327227700006915,5.77999098128314e-16,0.03719098099998064,5.705147393346718e-16,500,False,Laplace Gaussian; not the exact conditioned posterior,scipy.optimize.minimize/L-BFGS-B,True,85,95,2.9713879279164024e-06,1.3326767170000267,"[{'attempt': 1, 'start_source': 'initial_map', 'success': True, 'status': 0, 'message': 'CONVERGENCE: RELATIVE REDUCTION OF F <= FACTR*EPSMCH', 'iterations': 85, 'function_evaluations': 95, 'objective': 162.25724118683908, 'gradient_infinity_norm': 2.9713879279164024e-06}]",96,1.2855740389992434,0.016379377000021123,1,0.016375769999967815,0.00383919400007926,7.14168590958597e-16,True,zero_fallback_first_state,0.0
FULL_PBE,0.0007464949999302917,0.04733159199997772,0.0012632869999151808,5.834096874629794e-16,9,0.05,,,,0.00032520300010219216,165,current-nlr-pbe-gw-v1:gw:matdb:000010579,4.12707119920806e-15,1.480651541000043,False,9,2,routine_bo_decision,0.37584598799992364,5.705497570695422e-16,0.036249418000011246,5.786445209570982e-16,500,False,Laplace Gaussian; not the exact conditioned posterior,scipy.optimize.minimize/L-BFGS-B,True,55,61,8.954674129600052e-07,0.8872699340000736,"[{'attempt': 1, 'start_source': 'initial_map', 'success': True, 'status': 0, 'message': 'CONVERGENCE: RELATIVE REDUCTION OF F <= FACTR*EPSMCH', 'iterations': 55, 'function_evaluations': 61, 'objective': 161.0441432004173, 'gradient_infinity_norm': 8.954674129600052e-07}]",62,0.8519948179998664,0.020231624999951237,1,0.02022891400008575,0.0038170249999893713,7.500666731620426e-16,True,preceding_FULL_PBE_MAP,0.0
FULL_PBE,0.000710102999960327,0.0476014960000839,0.0012761779998982092,4.884955544230178e-16,10,0.05,,,,0.00032647199998336873,15,current-nlr-pbe-gw-v1:gw:matdb:000010786,7.122615352100721e-16,1.6404300929999636,False,9,3,routine_bo_decision,0.3703138560000525,5.660997512059431e-16,0.039385365999919486,5.693842031757419e-16,500,False,Laplace Gaussian; not the exact conditioned posterior,scipy.optimize.minimize/L-BFGS-B,True,71,79,6.683260586240469e-06,1.0520450930000607,"[{'attempt': 1, 'start_source': 'initial_map', 'success': True, 'status': 0, 'message': 'CONVERGENCE: RELATIVE REDUCTION OF F <= FACTR*EPSMCH', 'iterations': 71, 'function_evaluations': 79, 'objective': 160.21376620613808, 'gradient_infinity_norm': 6.683260586240469e-06}]",80,1.0160796239999854,0.01634128300008797,1,0.01633878600000571,0.003790829999957168,7.3981061972188075e-16,True,preceding_FULL_PBE_MAP,0.0
FULL_PBE,0.0007766559999708988,0.057291850000069644,0.0012864900000977286,3.5246548825982004e-16,11,0.05,,,,0.00034371000003829977,11,current-nlr-pbe-gw-v1:gw:matdb:000010003,2.043208190946695e-18,1.6254096100000197,False,9,4,routine_bo_decision,0.3678913039999543,5.845403427647596e-16,0.037418103999925734,5.602482795453065e-16,500,False,Laplace Gaussian; not the exact conditioned posterior,scipy.optimize.minimize/L-BFGS-B,True,71,77,1.081358707707633e-06,1.0308768810000402,"[{'attempt': 1, 'start_source': 'initial_map', 'success': True, 'status': 0, 'message': 'CONVERGENCE: RELATIVE REDUCTION OF F <= FACTR*EPSMCH', 'iterations': 71, 'function_evaluations': 77, 'objective': 159.47919674588564, 'gradient_infinity_norm': 1.081358707707633e-06}]",78,0.993756489000134,0.016248675000042567,1,0.01624586500008718,0.005478545999949347,7.217553511832755e-16,True,preceding_FULL_PBE_MAP,0.0
FULL_PBE,0.0007998019999604367,0.08984796100003223,0.0013166570000748834,4.099808786023155e-16,12,0.05,,,,0.0003364529999316801,12,current-nlr-pbe-gw-v1:gw:matdb:000009592,5.1101985738463855e-18,1.4416947309999841,False,9,5,routine_bo_decision,0.3624972989999833,5.505969709546285e-16,0.03356680600006712,5.627391893741143e-16,500,False,Laplace Gaussian; not the exact conditioned posterior,scipy.optimize.minimize/L-BFGS-B,True,54,58,1.7241656760230706e-06,0.8327753500000199,"[{'attempt': 1, 'start_source': 'initial_map', 'success': True, 'status': 0, 'message': 'CONVERGENCE: RELATIVE REDUCTION OF F <= FACTR*EPSMCH', 'iterations': 54, 'function_evaluations': 58, 'objective': 159.34148013357918, 'gradient_infinity_norm': 1.7241656760230706e-06}]",59,0.798778401999698,0.01619981999999709,1,0.016197185000009995,0.0038383199999998396,7.144811614703049e-16,True,preceding_FULL_PBE_MAP,0.0
FULL_PBE,0.0017660070000147243,0.0920270309999296,0.0012926330000482267,3.2196428086252807e-16,13,0.05,,,,0.0003557239999736339,14,current-nlr-pbe-gw-v1:gw:matdb:000009613,1.253099641523108e-18,1.576414958999976,False,9,6,routine_bo_decision,0.33792671599996993,5.547140087998272e-16,0.03643759700003102,5.569111239855655e-16,500,False,Laplace Gaussian; not the exact conditioned posterior,scipy.optimize.minimize/L-BFGS-B,True,54,65,1.0563977069777408e-06,0.9566358089999767,"[{'attempt': 1, 'start_source': 'initial_map', 'success': True, 'status': 0, 'message': 'CONVERGENCE: RELATIVE REDUCTION OF F <= FACTR*EPSMCH', 'iterations': 54, 'function_evaluations': 65, 'objective': 159.35004303501023, 'gradient_infinity_norm': 1.0563977069777408e-06}]",66,0.9236705620002112,0.018201887000032002,1,0.018199310999989393,0.009850674000063009,6.819609937295485e-16,True,preceding_FULL_PBE_MAP,0.0
FULL_PBE,0.0007714710000072955,0.10695370799999182,0.0033646950000729703,3.5298731425881803e-16,14,0.05,,,,0.0003577999999606618,6,current-nlr-pbe-gw-v1:gw:matdb:000009985,1.5956299846720522e-18,3.029536320000034,False,9,7,routine_bo_decision,0.9074772080000457,6.078214064389971e-16,0.2127462570000489,5.48473329569206e-16,500,False,Laplace Gaussian; not the exact conditioned posterior,scipy.optimize.minimize/L-BFGS-B,True,59,64,7.264122228092112e-07,1.6000866659999247,"[{'attempt': 1, 'start_source': 'initial_map', 'success': True, 'status': 0, 'message': 'CONVERGENCE: RELATIVE REDUCTION OF F <= FACTR*EPSMCH', 'iterations': 59, 'function_evaluations': 64, 'objective': 159.08058862107086, 'gradient_infinity_norm': 7.264122228092112e-07}]",65,1.4186126480005896,0.021713610000006156,1,0.021710377999966113,0.009475114000110807,7.48034620147595e-16,True,preceding_FULL_PBE_MAP,0.0
FULL_PBE,0.0007629379999798402,0.11691044899998815,0.0014248150000639725,3.7181847277189553e-16,15,0.05,,,,0.0003431739999086858,7,current-nlr-pbe-gw-v1:gw:matdb:000009577,9.519826207058713e-19,2.122809987999972,False,9,8,routine_bo_decision,0.7859710000000177,5.70262035997946e-16,0.19277077000003828,5.365263177619305e-16,500,False,Laplace Gaussian; not the exact conditioned posterior,scipy.optimize.minimize/L-BFGS-B,True,54,61,1.9365825718598018e-06,0.8714626299999964,"[{'attempt': 1, 'start_source': 'initial_map', 'success': True, 'status': 0, 'message': 'CONVERGENCE: RELATIVE REDUCTION OF F <= FACTR*EPSMCH', 'iterations': 54, 'function_evaluations': 61, 'objective': 159.13430230018488, 'gradient_infinity_norm': 1.9365825718598018e-06}]",62,0.8336640750001152,0.016528201000028275,1,0.01652481999997235,0.003855004000001827,7.434162439700088e-16,True,preceding_FULL_PBE_MAP,0.0
FULL_PBE,0.0008077150000644906,0.04775625900003888,0.003289268000003176,5.179841444933034e-16,16,0.05,,,,0.00033830199993190035,5,current-nlr-pbe-gw-v1:gw:matdb:000011924,5.800940598057966e-19,1.2300292730000137,False,9,9,routine_bo_decision,0.3771113970000215,6.000751803456388e-16,0.0387866659999645,5.405709895554471e-16,500,False,Laplace Gaussian; not the exact conditioned posterior,scipy.optimize.minimize/L-BFGS-B,True,39,46,9.745059662280564e-07,0.6513643780000393,"[{'attempt': 1, 'start_source': 'initial_map', 'success': True, 'status': 0, 'message': 'CONVERGENCE: RELATIVE REDUCTION OF F <= FACTR*EPSMCH', 'iterations': 39, 'function_evaluations': 46, 'objective': 158.98437522833427, 'gradient_infinity_norm': 9.745059662280564e-07}]",47,0.6277236749996291,0.016414803999964533,1,0.016412185999911344,0.003812763000041741,7.393445011695953e-16,True,preceding_FULL_PBE_MAP,0.0
FULL_PBE,0.0007130330000109097,0.047705184000051304,0.0012739949999058808,8.162032970175294e-16,17,0.05,,,,0.0003471990000889491,134,current-nlr-pbe-gw-v1:gw:matdb:000286993,1.5390210655484052e-17,1.8045972740000025,False,9,10,routine_bo_decision,0.3687816220000286,5.882630575097594e-16,0.04082601099992189,5.421955578494389e-16,500,False,Laplace Gaussian; not the exact conditioned posterior,scipy.optimize.minimize/L-BFGS-B,True,84,91,6.236161332995316e-06,1.2298384810000016,"[{'attempt': 1, 'start_source': 'initial_map', 'success': True, 'status': 0, 'message': 'CONVERGENCE: RELATIVE REDUCTION OF F <= FACTR*EPSMCH', 'iterations': 84, 'function_evaluations': 91, 'objective': 157.90909862435828, 'gradient_infinity_norm': 6.236161332995316e-06}]",92,1.1874238359999936,0.01616869500003304,1,0.016166299000019535,0.004128317999970932,7.314022869400228e-16,True,preceding_FULL_PBE_MAP,0.0
FULL_PBE,0.0007733420000022306,0.04843450400005622,0.0013061369999149974,5.950005302038743e-16,18,0.05,,,,0.0003601110000772678,71,current-nlr-pbe-gw-v1:gw:matdb:000289958,1.6050780817721019e-16,1.6240690240000504,False,9,11,routine_bo_decision,0.35833466600001884,5.761026749500961e-16,0.03570143799993275,5.422962489350966e-16,500,False,Laplace Gaussian; not the exact conditioned posterior,scipy.optimize.minimize/L-BFGS-B,True,73,80,1.4376804434723667e-06,1.058547479999902,"[{'attempt': 1, 'start_source': 'initial_map', 'success': True, 'status': 0, 'message': 'CONVERGENCE: RELATIVE REDUCTION OF F <= FACTR*EPSMCH', 'iterations': 73, 'function_evaluations': 80, 'objective': 157.30866218361666, 'gradient_infinity_norm': 1.4376804434723667e-06}]",81,1.019701307999867,0.019987351000054332,1,0.01998375200003011,0.0038089669999408216,7.69333905425617e-16,True,preceding_FULL_PBE_MAP,0.0
FULL_PBE,0.0007225830000834321,0.04715350499998294,0.001299160000030497,6.725497164275155e-16,19,0.05,,,,0.000336979999929099,85,current-nlr-pbe-gw-v1:gw:matdb:000011426,1.0821800453977135e-15,1.6175803200000018,False,9,12,routine_bo_decision,0.37804640900003506,6.061918062154637e-16,0.0340017620000026,5.40435538898068e-16,500,False,Laplace Gaussian; not the exact conditioned posterior,scipy.optimize.minimize/L-BFGS-B,True,68,74,3.0012703067941807e-06,1.043444538000017,"[{'attempt': 1, 'start_source': 'initial_map', 'success': True, 'status': 0, 'message': 'CONVERGENCE: RELATIVE REDUCTION OF F <= FACTR*EPSMCH', 'iterations': 68, 'function_evaluations': 74, 'objective': 156.86211241146154, 'gradient_infinity_norm': 3.0012703067941807e-06}]",75,0.9942983859997412,0.016285428000060165,1,0.01628287599999112,0.0038312829999540554,7.615766332106939e-16,True,preceding_FULL_PBE_MAP,0.0
NO_PBE,0.0007289839999202741,0.08780188600007932,0.0012812399999120316,3.9309886518410093e-16,8,0.05,0.1316554019999785,5.579283622817292e-16,191,0.00030165299995132955,137,current-nlr-pbe-gw-v1:gw:matdb:000010484,0.001227887669851619,0.239847010999938,False,10,1,,,,,,,,,,,,,,,,,,,,,,,,,
NO_PBE,0.0007460690000016257,0.09614757700001064,0.003269442000032541,1.9681777902865041e-16,9,0.05,0.137990445000014,5.72828993451671e-16,191,0.0003184849999797734,136,current-nlr-pbe-gw-v1:gw:matdb:000011348,4.574506331554533e-05,0.2523172370000566,False,10,2,,,,,,,,,,,,,,,,,,,,,,,,,
NO_PBE,0.000743845999977566,0.0476602470000671,0.001279014000033385,3.876479966325881e-16,10,0.05,0.1608035839999502,5.482518453678899e-16,191,0.0003225870000278519,145,current-nlr-pbe-gw-v1:gw:matdb:000011066,3.3520743843732856e-05,0.22679012599996895,False,10,3,,,,,,,,,,,,,,,,,,,,,,,,,
NO_PBE,0.0028270450000036362,0.09761350099995525,0.001310934000002817,4.632306644101826e-16,11,0.05,0.13034698699993896,5.917742223433084e-16,191,0.00030485199999930046,162,current-nlr-pbe-gw-v1:gw:matdb:000010290,3.142134805500952e-05,0.24471798000001854,False,10,4,,,,,,,,,,,,,,,,,,,,,,,,,
NO_PBE,0.0007516330000498783,0.04768049400001928,0.0013039259999914066,3.22742266405099e-16,12,0.05,0.14872733699996843,5.825267353766705e-16,191,0.00030513699994116905,21,current-nlr-pbe-gw-v1:gw:matdb:000010038,3.6113586900357575e-05,0.22213944600002833,False,10,5,,,,,,,,,,,,,,,,,,,,,,,,,
NO_PBE,0.0007118810000292797,0.06577972200000204,0.0012602189999597613,5.695531032560243e-16,13,0.05,0.14524953099999038,5.966236792799605e-16,191,0.0003138129999342709,151,current-nlr-pbe-gw-v1:gw:matdb:000290117,3.109190213975116e-05,0.22502324799995677,False,10,6,,,,,,,,,,,,,,,,,,,,,,,,,
NO_PBE,0.0007248870000466923,0.05290729199998623,0.0012835400000312802,5.534036003423571e-16,14,0.05,0.15329941899994992,5.548914101253413e-16,191,0.00031440999998721963,133,current-nlr-pbe-gw-v1:gw:matdb:000286998,2.370396750738359e-05,0.22551722100001825,False,10,7,,,,,,,,,,,,,,,,,,,,,,,,,
NO_PBE,0.0007507880000048317,0.0733442839999725,0.0012615020000339427,6.64110776761762e-16,15,0.05,0.16475899499994284,5.803167760929197e-16,191,0.00031044000002111716,85,current-nlr-pbe-gw-v1:gw:matdb:000011426,2.961757726778133e-05,0.2516935479999347,False,10,8,,,,,,,,,,,,,,,,,,,,,,,,,
NO_PBE,0.0007067459999916537,0.04850672300005954,0.001422310000066318,3.953186846198895e-16,16,0.05,0.1601728399999729,5.823400165422971e-16,191,0.00029661600001418265,77,current-nlr-pbe-gw-v1:gw:matdb:000011455,2.4929513587640384e-05,0.2249578419999807,False,10,9,,,,,,,,,,,,,,,,,,,,,,,,,
NO_PBE,0.0007486599999992904,0.04745122500003163,0.0012348379999593817,4.489083760877997e-16,17,0.05,0.16573634600001697,6.549534754408052e-16,191,0.0003039939999780472,10,current-nlr-pbe-gw-v1:gw:matdb:000009582,2.075260441658874e-05,0.22808113200005664,False,10,10,,,,,,,,,,,,,,,,,,,,,,,,,
NO_PBE,0.0007527350001055311,0.0720922169999767,0.0033061329999100053,3.57125073105263e-16,18,0.05,0.15385101100002885,6.038260217523689e-16,191,0.0003004679999776272,16,current-nlr-pbe-gw-v1:gw:matdb:000289615,6.874091574079061e-07,0.24870695100003104,False,10,11,,,,,,,,,,,,,,,,,,,,,,,,,
NO_PBE,0.0007528940000156581,0.09530413899994983,0.003196789999947214,4.193956305480827e-16,19,0.05,0.18961127600005057,5.993379978068141e-16,191,0.0003042419999701451,66,current-nlr-pbe-gw-v1:gw:matdb:000290176,7.686215950879053e-07,0.31151014699992174,False,10,12,,,,,,,,,,,,,,,,,,,,,,,,,
FULL_PBE,0.000764261000085753,0.12018173199999183,0.0012846669999362348,3.9309886518410093e-16,8,0.05,,,,0.0003470039999911023,137,current-nlr-pbe-gw-v1:gw:matdb:000010484,0.001834763093736487,4.252783237000017,False,10,1,routine_bo_decision,1.2816344819999586,5.452331778639204e-16,0.06672231300001386,5.934852050295878e-16,500,False,Laplace Gaussian; not the exact conditioned posterior,scipy.optimize.minimize/L-BFGS-B,True,87,101,9.87499653742896e-07,2.570462716999941,"[{'attempt': 1, 'start_source': 'initial_map', 'success': True, 'status': 0, 'message': 'CONVERGENCE: RELATIVE REDUCTION OF F <= FACTR*EPSMCH', 'iterations': 87, 'function_evaluations': 101, 'objective': 162.22309645232377, 'gradient_infinity_norm': 9.87499653742896e-07}]",102,2.34498569699997,0.016157020000036937,1,0.016154609000068376,0.006961149000062505,7.363986362634596e-16,True,zero_fallback_first_state,0.0
FULL_PBE,0.0007888639999009683,0.10485099000004539,0.004110109999942324,1.9681777902865041e-16,9,0.05,,,,0.00033042799998384,5,current-nlr-pbe-gw-v1:gw:matdb:000011924,3.902660371354883e-05,1.57180146099995,False,10,2,routine_bo_decision,0.40754676099993503,5.375331928667111e-16,0.036097297999958755,5.966903429383628e-16,500,False,Laplace Gaussian; not the exact conditioned posterior,scipy.optimize.minimize/L-BFGS-B,True,56,63,3.78247539831178e-06,0.8896594650000225,"[{'attempt': 1, 'start_source': 'initial_map', 'success': True, 'status': 0, 'message': 'CONVERGENCE: RELATIVE REDUCTION OF F <= FACTR*EPSMCH', 'iterations': 56, 'function_evaluations': 63, 'objective': 161.75428417141265, 'gradient_infinity_norm': 3.78247539831178e-06}]",64,0.8581844979996731,0.016321623999942858,1,0.016319351999982246,0.004220304999989821,7.509247693510718e-16,True,preceding_FULL_PBE_MAP,0.0
FULL_PBE,0.0007361340000215932,0.0877726179999172,0.0012726150000617054,7.360905772585438e-16,10,0.05,,,,0.00034125199999834877,71,current-nlr-pbe-gw-v1:gw:matdb:000289958,4.28472899304505e-09,1.8206052210000507,False,10,3,routine_bo_decision,0.326972488000024,5.396178385569545e-16,0.036496832000011636,5.956414287763942e-16,500,False,Laplace Gaussian; not the exact conditioned posterior,scipy.optimize.minimize/L-BFGS-B,True,86,92,3.519734511098216e-06,1.2532865089999632,"[{'attempt': 1, 'start_source': 'initial_map', 'success': True, 'status': 0, 'message': 'CONVERGENCE: RELATIVE REDUCTION OF F <= FACTR*EPSMCH', 'iterations': 86, 'function_evaluations': 92, 'objective': 160.74976119385977, 'gradient_infinity_norm': 3.519734511098216e-06}]",93,1.205424543999925,0.016234223000083148,1,0.016231380000022,0.003853821000006974,7.44346681486116e-16,True,preceding_FULL_PBE_MAP,0.0
FULL_PBE,0.0007561890000715721,0.047845657000038955,0.0013281909999705022,4.996531970926458e-16,11,0.05,,,,0.00031913099996927485,134,current-nlr-pbe-gw-v1:gw:matdb:000286993,9.743523170911504e-09,1.5214452000000165,False,10,4,routine_bo_decision,0.35638786499998787,5.408938405044723e-16,0.03574267800001962,5.824495319313841e-16,500,False,Laplace Gaussian; not the exact conditioned posterior,scipy.optimize.minimize/L-BFGS-B,True,60,66,7.458711579078764e-07,0.9608620429999064,"[{'attempt': 1, 'start_source': 'initial_map', 'success': True, 'status': 0, 'message': 'CONVERGENCE: RELATIVE REDUCTION OF F <= FACTR*EPSMCH', 'iterations': 60, 'function_evaluations': 66, 'objective': 160.237345415234, 'gradient_infinity_norm': 7.458711579078764e-07}]",67,0.9306275239997603,0.016370721000043886,1,0.0163686380000172,0.0038650929999448635,7.835156721200131e-16,True,preceding_FULL_PBE_MAP,0.0
FULL_PBE,0.0007677669999566206,0.058419297999989794,0.0012820150000152353,5.181090738144779e-16,12,0.05,,,,0.00034192099997198966,85,current-nlr-pbe-gw-v1:gw:matdb:000011426,1.7112316084279258e-08,1.5502358720000302,False,10,5,routine_bo_decision,0.38449402100002317,5.512618824856768e-16,0.03628637899998921,5.898611931923167e-16,500,False,Laplace Gaussian; not the exact conditioned posterior,scipy.optimize.minimize/L-BFGS-B,True,63,67,1.7820567522475184e-06,0.9461436189999404,"[{'attempt': 1, 'start_source': 'initial_map', 'success': True, 'status': 0, 'message': 'CONVERGENCE: RELATIVE REDUCTION OF F <= FACTR*EPSMCH', 'iterations': 63, 'function_evaluations': 67, 'objective': 159.81537178050752, 'gradient_infinity_norm': 1.7820567522475184e-06}]",68,0.9090329289995225,0.016189755000027617,1,0.016187413000011475,0.003789564999920003,7.773031447979199e-16,True,preceding_FULL_PBE_MAP,0.0
FULL_PBE,0.0007533119999152404,0.06917926299990995,0.00125882699990143,7.09073258799133e-16,13,0.05,,,,0.0003406749999612657,135,current-nlr-pbe-gw-v1:gw:matdb:000289941,5.0832659396566105e-09,1.5429714110000532,False,10,6,routine_bo_decision,0.34318184699998255,5.187825358822825e-16,0.03890158700005486,5.696407205754509e-16,500,False,Laplace Gaussian; not the exact conditioned posterior,scipy.optimize.minimize/L-BFGS-B,True,59,70,2.271340077020234e-06,0.9660533360000727,"[{'attempt': 1, 'start_source': 'initial_map', 'success': True, 'status': 0, 'message': 'CONVERGENCE: RELATIVE REDUCTION OF F <= FACTR*EPSMCH', 'iterations': 59, 'function_evaluations': 70, 'objective': 160.0865961122293, 'gradient_infinity_norm': 2.271340077020234e-06}]",71,0.9349725210003044,0.0163550119999627,1,0.016352082000025803,0.004034192999938568,8.084281119953825e-16,True,preceding_FULL_PBE_MAP,0.0
FULL_PBE,0.0007209340000144948,0.09751424400008091,0.0013111039999103014,6.452316967981711e-16,14,0.05,,,,0.00037313300003916083,77,current-nlr-pbe-gw-v1:gw:matdb:000011455,5.000021090184473e-09,1.5206289400000514,False,10,7,routine_bo_decision,0.3699670229999583,5.600026055900387e-16,0.03404340700001285,5.5837447704171335e-16,500,False,Laplace Gaussian; not the exact conditioned posterior,scipy.optimize.minimize/L-BFGS-B,True,60,65,6.906807775985957e-07,0.8843850080000948,"[{'attempt': 1, 'start_source': 'initial_map', 'success': True, 'status': 0, 'message': 'CONVERGENCE: RELATIVE REDUCTION OF F <= FACTR*EPSMCH', 'iterations': 60, 'function_evaluations': 65, 'objective': 160.0042253115497, 'gradient_infinity_norm': 6.906807775985957e-07}]",66,0.8536932880002723,0.01917641700003969,1,0.019172387000025992,0.007515940999951454,7.465613632858914e-16,True,preceding_FULL_PBE_MAP,0.0
FULL_PBE,0.0007669450000094002,0.04723538799999005,0.0013876479999908042,4.813522957193112e-16,15,0.05,,,,0.00036730199997236923,46,current-nlr-pbe-gw-v1:gw:matdb:000289999,2.202338128382273e-09,2.5063262599999234,False,10,8,routine_bo_decision,0.3537451200000987,5.327976600392025e-16,0.038484313000026305,5.755162953943269e-16,500,False,Laplace Gaussian; not the exact conditioned posterior,scipy.optimize.minimize/L-BFGS-B,True,70,76,1.0536956572063105e-06,1.8022540169999957,"[{'attempt': 1, 'start_source': 'initial_map', 'success': True, 'status': 0, 'message': 'CONVERGENCE: RELATIVE REDUCTION OF F <= FACTR*EPSMCH', 'iterations': 70, 'function_evaluations': 76, 'objective': 160.31648211144372, 'gradient_infinity_norm': 1.0536956572063105e-06}]",77,1.6267584209992947,0.03612714700000197,1,0.03612342899998566,0.07666926699994292,7.767660941439228e-16,True,preceding_FULL_PBE_MAP,0.0
FULL_PBE,0.0007485069999120242,0.1166341900000134,0.001386559000025045,5.691477180100783e-16,16,0.05,,,,0.00032869899996512686,133,current-nlr-pbe-gw-v1:gw:matdb:000286998,2.5423813282684554e-09,3.0279321089999485,False,10,9,routine_bo_decision,1.0523038679999672,5.312822488312021e-16,0.057394884000018465,5.957698460480969e-16,500,False,Laplace Gaussian; not the exact conditioned posterior,scipy.optimize.minimize/L-BFGS-B,True,65,75,2.2535452551750157e-06,1.6291544169999952,"[{'attempt': 1, 'start_source': 'initial_map', 'success': True, 'status': 0, 'message': 'CONVERGENCE: RELATIVE REDUCTION OF F <= FACTR*EPSMCH', 'iterations': 65, 'function_evaluations': 75, 'objective': 160.03270795250876, 'gradient_infinity_norm': 2.2535452551750157e-06}]",76,1.5063875529996267,0.01641381700005695,1,0.01641114699998525,0.0038327500000150394,7.777289368286344e-16,True,preceding_FULL_PBE_MAP,0.0
FULL_PBE,0.0007218649999458648,0.09300912399999106,0.0013250270000071396,6.392118870275308e-16,17,0.05,,,,0.00033818300005350466,15,current-nlr-pbe-gw-v1:gw:matdb:000010786,7.872519754827868e-10,1.432330095999987,False,10,10,routine_bo_decision,0.33750086800000645,5.338111469663706e-16,0.03378596400000333,5.573467713563212e-16,500,False,Laplace Gaussian; not the exact conditioned posterior,scipy.optimize.minimize/L-BFGS-B,True,53,61,2.4807776218133126e-06,0.8507721209999772,"[{'attempt': 1, 'start_source': 'initial_map', 'success': True, 'status': 0, 'message': 'CONVERGENCE: RELATIVE REDUCTION OF F <= FACTR*EPSMCH', 'iterations': 53, 'function_evaluations': 61, 'objective': 160.16147290015854, 'gradient_infinity_norm': 2.4807776218133126e-06}]",62,0.8214366779994862,0.0161420919999955,1,0.01614012200002435,0.003838716000018394,7.021534613371316e-16,True,preceding_FULL_PBE_MAP,0.0
FULL_PBE,0.0007378960000323787,0.06122826799992254,0.003280413999959819,8.264333814723407e-16,18,0.05,,,,0.000328195999941272,13,current-nlr-pbe-gw-v1:gw:matdb:000010014,8.854224043968421e-10,1.8064512659999536,False,10,11,routine_bo_decision,0.3464747670000179,5.526448610292912e-16,0.05063893500005179,5.761282056975494e-16,500,False,Laplace Gaussian; not the exact conditioned posterior,scipy.optimize.minimize/L-BFGS-B,True,83,87,1.5708311340012493e-06,1.2232316380000157,"[{'attempt': 1, 'start_source': 'initial_map', 'success': True, 'status': 0, 'message': 'CONVERGENCE: RELATIVE REDUCTION OF F <= FACTR*EPSMCH', 'iterations': 83, 'function_evaluations': 87, 'objective': 159.25249683836944, 'gradient_infinity_norm': 1.5708311340012493e-06}]",88,1.180451866999988,0.016712718000007953,1,0.016709895000076358,0.0038666279999688413,7.603914425629706e-16,True,preceding_FULL_PBE_MAP,0.0
FULL_PBE,0.0007394350000140548,0.053722697000011976,0.001296232999948188,4.3403746545852803e-16,19,0.05,,,,0.0003545090000898199,165,current-nlr-pbe-gw-v1:gw:matdb:000010579,1.1895981794754987e-09,1.4589026410000088,False,10,12,routine_bo_decision,0.35937833799994223,5.381793168129999e-16,0.033477609999977176,5.541246927076421e-16,500,False,Laplace Gaussian; not the exact conditioned posterior,scipy.optimize.minimize/L-BFGS-B,True,60,65,2.4058472384048957e-06,0.8915675529999589,"[{'attempt': 1, 'start_source': 'initial_map', 'success': True, 'status': 0, 'message': 'CONVERGENCE: RELATIVE REDUCTION OF F <= FACTR*EPSMCH', 'iterations': 60, 'function_evaluations': 65, 'objective': 158.41043100924216, 'gradient_infinity_norm': 2.4058472384048957e-06}]",66,0.8573371779999661,0.01627938899991932,1,0.016268801000023814,0.0037941959999443498,7.703042031655601e-16,True,preceding_FULL_PBE_MAP,0.0
NO_PBE,0.0006888759999128524,0.0716315399999985,0.0012788779999937105,4.789144854790562e-16,8,0.05,0.1355186490000051,6.133286773022123e-16,191,0.00032696799996756454,77,current-nlr-pbe-gw-v1:gw:matdb:000011455,0.0005531511372466871,0.22104905300000155,False,11,1,,,,,,,,,,,,,,,,,,,,,,,,,
NO_PBE,0.0006886150000582347,0.04742008200003056,0.0012813139999252598,9.56343114902587e-17,9,0.05,0.16651955700001508,6.276034110010658e-16,191,0.00035499900002378126,85,current-nlr-pbe-gw-v1:gw:matdb:000011426,0.00045143563375323135,0.23136492599996927,False,11,2,,,,,,,,,,,,,,,,,,,,,,,,,
NO_PBE,0.0027213440000650735,0.06174195400001281,0.0012721670000246377,2.6921288904204756e-16,10,0.05,0.1490019590000884,7.049727956104655e-16,191,0.00029841599996416335,105,current-nlr-pbe-gw-v1:gw:matdb:000012079,0.0004230259287191576,0.2266229489999887,False,11,3,,,,,,,,,,,,,,,,,,,,,,,,,
NO_PBE,0.0007509290001053159,0.04712480899991078,0.001265967999984241,3.8247032333495535e-16,11,0.05,0.16386011600002348,6.520868281718723e-16,191,0.0003028580000545844,71,current-nlr-pbe-gw-v1:gw:matdb:000289958,0.00035516414377544537,0.23105105400009052,False,11,4,,,,,,,,,,,,,,,,,,,,,,,,,
NO_PBE,0.000715524000042933,0.0946356059999971,0.005313894999972035,4.484435778151749e-16,12,0.05,0.13054129399995418,6.8862396168287215e-16,191,0.0003225110000357745,133,current-nlr-pbe-gw-v1:gw:matdb:000286998,0.0004724385400485861,0.2504163080000126,False,11,5,,,,,,,,,,,,,,,,,,,,,,,,,
NO_PBE,0.0007230369999433606,0.09591270699991128,0.003312904000040362,4.986395794603935e-16,13,0.05,0.16719226600002912,6.397865914433747e-16,191,0.0003339380000397796,134,current-nlr-pbe-gw-v1:gw:matdb:000286993,0.0005179011066440376,0.279187565999905,False,11,6,,,,,,,,,,,,,,,,,,,,,,,,,
NO_PBE,0.0007261319999543048,0.04756612599999244,0.001285270000039418,5.796419433573905e-16,14,0.05,0.15542858899993917,7.092391212098477e-16,191,0.000304417999927864,46,current-nlr-pbe-gw-v1:gw:matdb:000289999,0.0005208488010251507,0.2213041909999447,False,11,7,,,,,,,,,,,,,,,,,,,,,,,,,
NO_PBE,0.0007163590000800468,0.09600858400006018,0.0013156570000774082,4.3629110194700045e-16,15,0.05,0.129538440000033,6.571229013629606e-16,191,0.00031120400001327653,72,current-nlr-pbe-gw-v1:gw:matdb:000290106,0.0004201370849327918,0.23954116000004433,False,11,8,,,,,,,,,,,,,,,,,,,,,,,,,
NO_PBE,0.0007362200000216035,0.047475034999933996,0.001565474000017275,6.562597535731568e-16,16,0.05,0.1560588810000354,6.569307824669079e-16,191,0.00029918799998540635,70,current-nlr-pbe-gw-v1:gw:matdb:000286988,0.0004051346225910999,0.2229597669999066,False,11,9,,,,,,,,,,,,,,,,,,,,,,,,,
NO_PBE,0.0007421660000090924,0.09656754100001308,0.0023578149999821107,4.743289529132403e-16,17,0.05,0.13328080599990244,6.408956960139094e-16,191,0.0003146939999396636,47,current-nlr-pbe-gw-v1:gw:matdb:000290087,0.0004072103418165437,0.2463830639999287,False,11,10,,,,,,,,,,,,,,,,,,,,,,,,,
NO_PBE,0.0007479390000071362,0.053306900999928075,0.0015395780000062587,2.5681518605501664e-16,18,0.05,0.16779639300000326,6.221606971004729e-16,191,0.00032095200003823265,152,current-nlr-pbe-gw-v1:gw:matdb:000290129,0.0003084116549983999,0.23705197000003864,False,11,11,,,,,,,,,,,,,,,,,,,,,,,,,
NO_PBE,0.0007459869999593138,0.04722098599995661,0.0012890709999737737,4.226425194399457e-16,19,0.05,0.18149572699996952,6.033486565945836e-16,191,0.00030798799991771375,63,current-nlr-pbe-gw-v1:gw:matdb:000286978,0.00029704951889413574,0.2497019930000306,False,11,12,,,,,,,,,,,,,,,,,,,,,,,,,
FULL_PBE,0.0007099499999867476,0.09640986499994142,0.0033086690000345698,4.789144854790562e-16,8,0.05,,,,0.0003433069999800864,134,current-nlr-pbe-gw-v1:gw:matdb:000286993,0.0007960903726861,1.8703902529999823,False,11,1,routine_bo_decision,0.33318842300002416,5.941301696418487e-16,0.035978425000052994,5.93063401073599e-16,500,False,Laplace Gaussian; not the exact conditioned posterior,scipy.optimize.minimize/L-BFGS-B,True,84,94,2.3556884272968315e-06,1.2807593249999627,"[{'attempt': 1, 'start_source': 'initial_map', 'success': True, 'status': 0, 'message': 'CONVERGENCE: RELATIVE REDUCTION OF F <= FACTR*EPSMCH', 'iterations': 84, 'function_evaluations': 94, 'objective': 161.32867651342733, 'gradient_infinity_norm': 2.3556884272968315e-06}]",95,1.2324353689995178,0.01635742499991011,1,0.01635434599995733,0.003970982999931039,6.923118995722128e-16,True,zero_fallback_first_state,0.0
FULL_PBE,0.0007290519999969547,0.09258280099993499,0.0012816280000151892,3.1743853848717063e-16,9,0.05,,,,0.0003770900000290567,71,current-nlr-pbe-gw-v1:gw:matdb:000289958,0.0009808496013159456,3.269113771000093,False,11,2,routine_bo_decision,0.5139137479999363,6.315350300033925e-16,0.1780974299999798,6.043765270945181e-16,500,False,Laplace Gaussian; not the exact conditioned posterior,scipy.optimize.minimize/L-BFGS-B,True,68,78,6.886870341143991e-06,2.320325114999946,"[{'attempt': 1, 'start_source': 'initial_map', 'success': True, 'status': 0, 'message': 'CONVERGENCE: RELATIVE REDUCTION OF F <= FACTR*EPSMCH', 'iterations': 68, 'function_evaluations': 78, 'objective': 160.9465451033062, 'gradient_infinity_norm': 6.886870341143991e-06}]",79,2.052729487999727,0.017001500999981545,1,0.0169983510000975,0.008258593999926234,7.651021510727077e-16,True,preceding_FULL_PBE_MAP,0.0
FULL_PBE,0.0028661530000135826,0.09339883500001633,0.0014267400000562702,6.490222576779773e-16,10,0.05,,,,0.0003435419999959777,85,current-nlr-pbe-gw-v1:gw:matdb:000011426,0.0010138755960028174,2.0997028980000323,False,11,3,routine_bo_decision,0.7609597399999757,6.027553032664688e-16,0.05419304600002306,5.662077473200148e-16,500,False,Laplace Gaussian; not the exact conditioned posterior,scipy.optimize.minimize/L-BFGS-B,True,55,64,6.472005997265606e-06,1.0410876910000297,"[{'attempt': 1, 'start_source': 'initial_map', 'success': True, 'status': 0, 'message': 'CONVERGENCE: RELATIVE REDUCTION OF F <= FACTR*EPSMCH', 'iterations': 55, 'function_evaluations': 64, 'objective': 160.62720583512683, 'gradient_infinity_norm': 6.472005997265606e-06}]",65,1.0011632590004638,0.01793121399998654,1,0.017928713999936008,0.0037910260000444396,8.103602453269079e-16,True,preceding_FULL_PBE_MAP,0.0
FULL_PBE,0.0007275069999650441,0.04768910600000709,0.0012854349999997794,7.707011594248313e-16,11,0.05,,,,0.0003526130000182093,46,current-nlr-pbe-gw-v1:gw:matdb:000289999,0.0007279053159709448,1.2311881840000751,False,11,4,routine_bo_decision,0.3579998840000371,5.867481770524678e-16,0.036486286000013024,5.918889873682521e-16,500,False,Laplace Gaussian; not the exact conditioned posterior,scipy.optimize.minimize/L-BFGS-B,True,46,50,3.152538978784536e-06,0.6749506180000253,"[{'attempt': 1, 'start_source': 'initial_map', 'success': True, 'status': 0, 'message': 'CONVERGENCE: RELATIVE REDUCTION OF F <= FACTR*EPSMCH', 'iterations': 46, 'function_evaluations': 50, 'objective': 160.72887984331453, 'gradient_infinity_norm': 3.152538978784536e-06}]",51,0.6534106289992678,0.01629287100001875,1,0.01629077799998413,0.003921735999938392,7.753120053370245e-16,True,preceding_FULL_PBE_MAP,0.0
FULL_PBE,0.0007520990000102756,0.05702311500010637,0.003620624999939537,5.529317685479534e-16,12,0.05,,,,0.00034707600002548133,77,current-nlr-pbe-gw-v1:gw:matdb:000011455,0.0006064836286022888,1.5706893510000555,False,11,5,routine_bo_decision,0.3605978609999738,6.104872026595017e-16,0.036610163000091234,6.147317003924376e-16,500,False,Laplace Gaussian; not the exact conditioned posterior,scipy.optimize.minimize/L-BFGS-B,True,63,74,9.391996671215264e-07,0.9961940130000357,"[{'attempt': 1, 'start_source': 'initial_map', 'success': True, 'status': 0, 'message': 'CONVERGENCE: RELATIVE REDUCTION OF F <= FACTR*EPSMCH', 'iterations': 63, 'function_evaluations': 74, 'objective': 160.52808530732094, 'gradient_infinity_norm': 9.391996671215264e-07}]",75,0.9604842599999301,0.016088952000018253,1,0.016086723000057646,0.003781968999987839,7.195086810992147e-16,True,preceding_FULL_PBE_MAP,0.0
FULL_PBE,0.0007754900000236375,0.09052759700000479,0.0013081320000765118,4.638404763264485e-16,13,0.05,,,,0.0003393990000404301,15,current-nlr-pbe-gw-v1:gw:matdb:000010786,0.000467293594052098,1.4567466209999793,False,11,6,routine_bo_decision,0.3521342279999544,6.070343169995977e-16,0.03750749400001041,6.005930121045334e-16,500,False,Laplace Gaussian; not the exact conditioned posterior,scipy.optimize.minimize/L-BFGS-B,True,50,62,6.822333944028758e-07,0.8549547049999546,"[{'attempt': 1, 'start_source': 'initial_map', 'success': True, 'status': 0, 'message': 'CONVERGENCE: RELATIVE REDUCTION OF F <= FACTR*EPSMCH', 'iterations': 50, 'function_evaluations': 62, 'objective': 160.6033811693152, 'gradient_infinity_norm': 6.822333944028758e-07}]",63,0.8245753219997596,0.016304703000059817,1,0.016301983000062137,0.003808165000009467,7.481146805762412e-16,True,preceding_FULL_PBE_MAP,0.0
FULL_PBE,0.002823827000042911,0.09157229799996003,0.001301947999991171,4.1003789952084553e-16,14,0.05,,,,0.00031328400007168966,13,current-nlr-pbe-gw-v1:gw:matdb:000010014,0.0004918644312223545,1.6502748780000047,False,11,7,routine_bo_decision,0.3359795059999442,6.238906438772972e-16,0.03669705200002227,5.946783373273376e-16,500,False,Laplace Gaussian; not the exact conditioned posterior,scipy.optimize.minimize/L-BFGS-B,True,70,76,1.3403488686170029e-06,1.0767342949999374,"[{'attempt': 1, 'start_source': 'initial_map', 'success': True, 'status': 0, 'message': 'CONVERGENCE: RELATIVE REDUCTION OF F <= FACTR*EPSMCH', 'iterations': 70, 'function_evaluations': 76, 'objective': 159.91985529116127, 'gradient_infinity_norm': 1.3403488686170029e-06}]",77,1.0358980850015769,0.016128965000007156,1,0.016126918000054502,0.005535542000075111,7.115784742111047e-16,True,preceding_FULL_PBE_MAP,0.0
FULL_PBE,0.000742515999945681,0.047067983000033564,0.0012722269999585478,4.3536781304430975e-16,15,0.05,,,,0.0003591029999370221,165,current-nlr-pbe-gw-v1:gw:matdb:000010579,0.0005263565469822689,1.509059117999982,False,11,8,routine_bo_decision,0.40240504000007604,6.387457157844514e-16,0.036804611000093246,5.874194645233311e-16,500,False,Laplace Gaussian; not the exact conditioned posterior,scipy.optimize.minimize/L-BFGS-B,True,60,67,6.298269519117161e-07,0.9149449459999914,"[{'attempt': 1, 'start_source': 'initial_map', 'success': True, 'status': 0, 'message': 'CONVERGENCE: RELATIVE REDUCTION OF F <= FACTR*EPSMCH', 'iterations': 60, 'function_evaluations': 67, 'objective': 159.29799551080808, 'gradient_infinity_norm': 6.298269519117161e-07}]",68,0.8839821589997428,0.016530246999991505,1,0.016527838999991218,0.0038325979999171977,7.585333847218738e-16,True,preceding_FULL_PBE_MAP,0.0
FULL_PBE,0.0007428420000223923,0.05948513599992111,0.001304571999980908,2.7925725092279605e-16,16,0.05,,,,0.00033323200000268116,118,current-nlr-pbe-gw-v1:gw:matdb:000289858,0.00028343477509798617,1.5359650609999562,False,11,9,routine_bo_decision,0.35829385800002456,6.099195150156008e-16,0.03358695700001135,5.739335579032895e-16,500,False,Laplace Gaussian; not the exact conditioned posterior,scipy.optimize.minimize/L-BFGS-B,True,63,67,5.793509848667222e-07,0.953449116999991,"[{'attempt': 1, 'start_source': 'initial_map', 'success': True, 'status': 0, 'message': 'CONVERGENCE: RELATIVE REDUCTION OF F <= FACTR*EPSMCH', 'iterations': 63, 'function_evaluations': 67, 'objective': 158.7170692026127, 'gradient_infinity_norm': 5.793509848667222e-07}]",68,0.9198986190001506,0.01632124399998247,1,0.0163189870000906,0.0037892629999305427,7.833544665947682e-16,True,preceding_FULL_PBE_MAP,0.0
FULL_PBE,0.0007482339999569376,0.09582600800001728,0.00129897500005427,3.644934384167015e-16,17,0.05,,,,0.0014229099999738537,182,current-nlr-pbe-gw-v1:gw:matdb:000290238,0.0003064014177013947,1.62841928499995,False,11,10,routine_bo_decision,0.3649554090000038,6.170974631646816e-16,0.07217246400000477,5.530036908832059e-16,500,False,Laplace Gaussian; not the exact conditioned posterior,scipy.optimize.minimize/L-BFGS-B,True,20,33,3.1354476742739834e-07,0.8487294499999507,"[{'attempt': 1, 'start_source': 'initial_map', 'success': True, 'status': 0, 'message': 'CONVERGENCE: RELATIVE REDUCTION OF F <= FACTR*EPSMCH', 'iterations': 20, 'function_evaluations': 33, 'objective': 158.44027534723028, 'gradient_infinity_norm': 3.1354476742739834e-07}]",34,0.7928200820000484,0.03822118099992622,1,0.038218375000042215,0.04582060600000659,7.402955437998093e-16,True,preceding_FULL_PBE_MAP,0.0
FULL_PBE,0.0008139970000229368,0.12238872199998241,0.001386830999990707,4.760623723801389e-16,18,0.05,,,,0.0003892700000278637,119,current-nlr-pbe-gw-v1:gw:matdb:000289924,0.00034330824936438294,2.838880549999999,False,11,11,routine_bo_decision,0.9120052830000986,6.043189950966235e-16,0.23512052700004915,5.49539281051411e-16,500,False,Laplace Gaussian; not the exact conditioned posterior,scipy.optimize.minimize/L-BFGS-B,True,46,53,8.349046567990293e-07,1.338531253000042,"[{'attempt': 1, 'start_source': 'initial_map', 'success': True, 'status': 0, 'message': 'CONVERGENCE: RELATIVE REDUCTION OF F <= FACTR*EPSMCH', 'iterations': 46, 'function_evaluations': 53, 'objective': 158.16550929787925, 'gradient_infinity_norm': 8.349046567990293e-07}]",54,1.2461454439999216,0.032548688000019865,1,0.03254551999998512,0.017273269000043,7.290104339052027e-16,True,preceding_FULL_PBE_MAP,0.0
FULL_PBE,0.0007549919999974009,0.10658539799999289,0.003327414999944267,4.760607008859557e-16,19,0.05,,,,0.00033655900006124284,128,current-nlr-pbe-gw-v1:gw:matdb:000289881,0.0003614322275094441,1.4821799659999897,False,11,12,routine_bo_decision,0.5320954839999104,6.043991560497906e-16,0.05069917900004839,5.573477533498157e-16,500,False,Laplace Gaussian; not the exact conditioned posterior,scipy.optimize.minimize/L-BFGS-B,True,40,47,1.2938359223724216e-06,0.6735283250000066,"[{'attempt': 1, 'start_source': 'initial_map', 'success': True, 'status': 0, 'message': 'CONVERGENCE: RELATIVE REDUCTION OF F <= FACTR*EPSMCH', 'iterations': 40, 'function_evaluations': 47, 'objective': 157.9078352966803, 'gradient_infinity_norm': 1.2938359223724216e-06}]",48,0.6519673130005685,0.016276987999958692,1,0.016274547999955757,0.0038915290000431924,7.256451325458764e-16,True,preceding_FULL_PBE_MAP,0.0
