backend,state_id,source_role,source_seed,grid_size,checkpoint,attempt,attempt_status,action_index,autocorrelation_ess,challenger_index,mcse,mean,observable,observable_type,split_rhat,standard_deviation
LAPLACE_INDEPENDENCE_MH,calibration_n24_r-2_early_q4,calibration,2026082401,24,early,1,NOT_SELECTED,,13219.447157971435,,0.8686636416309982,262.70795228415443,target_energy,TARGET_ENERGY,6.441872993760247,99.87534462058204
LAPLACE_INDEPENDENCE_MH,calibration_n24_r-2_early_q4,calibration,2026082401,24,early,1,NOT_SELECTED,,13606.327872629385,,0.1010130893107913,32.457220542350356,full_factor_energy,FULL_FACTOR_ENERGY,8.029199249565174,11.782789510367424
LAPLACE_INDEPENDENCE_MH,calibration_n24_r-2_early_q4,calibration,2026082401,24,early,1,NOT_SELECTED,227.0,13966.104861886197,,0.0027410513923258,0.4187272595531972,utility_action_227,TOP_ACTION_UTILITY,1.0013593003708416,0.3239327273178625
LAPLACE_INDEPENDENCE_MH,calibration_n24_r-2_early_q4,calibration,2026082401,24,early,1,NOT_SELECTED,228.0,13669.6843997306,,0.0027835398037225,0.4153203604102317,utility_action_228,TOP_ACTION_UTILITY,1.0017942951213388,0.3254443077968392
LAPLACE_INDEPENDENCE_MH,calibration_n24_r-2_early_q4,calibration,2026082401,24,early,1,NOT_SELECTED,227.0,13573.203094035474,228.0,0.0037125444262592,0.0034068991429655,gap_227_vs_228,LEADER_CHALLENGER_GAP,1.0005580309364577,0.4325266116756451
LAPLACE_INDEPENDENCE_MH,calibration_n24_r-2_early_q4,calibration,2026082401,24,early,1,NOT_SELECTED,252.0,11854.059509789997,,0.0025032145154489,0.2325236998054587,utility_action_252,TOP_ACTION_UTILITY,1.009885575668844,0.272540858794819
LAPLACE_INDEPENDENCE_MH,calibration_n24_r-2_early_q4,calibration,2026082401,24,early,1,NOT_SELECTED,227.0,12993.633999915812,252.0,0.0036754748528246,0.1862035597477385,gap_227_vs_252,LEADER_CHALLENGER_GAP,1.002182954369477,0.4189659903726876
LAPLACE_INDEPENDENCE_MH,calibration_n24_r-2_early_q4,calibration,2026082401,24,early,1,NOT_SELECTED,323.0,13241.677819790044,,0.0023679701820565,0.2407733972205827,utility_action_323,TOP_ACTION_UTILITY,1.008367630793822,0.272488223705878
LAPLACE_INDEPENDENCE_MH,calibration_n24_r-2_early_q4,calibration,2026082401,24,early,1,NOT_SELECTED,227.0,13623.078331848992,323.0,0.0036273338413248,0.1779538623326146,gap_227_vs_323,LEADER_CHALLENGER_GAP,1.00201863959526,0.4233749463004564
LAPLACE_INDEPENDENCE_MH,calibration_n24_r-2_early_q4,calibration,2026082401,24,early,1,NOT_SELECTED,324.0,13339.064437768222,,0.0023457161395299,0.2335849635259184,utility_action_324,TOP_ACTION_UTILITY,1.0076814497261464,0.2709181749198187
LAPLACE_INDEPENDENCE_MH,calibration_n24_r-2_early_q4,calibration,2026082401,24,early,1,NOT_SELECTED,227.0,13546.250634184007,324.0,0.0036333773735305,0.1851422960272788,gap_227_vs_324,LEADER_CHALLENGER_GAP,1.0016837632940692,0.4228828383037289
LAPLACE_INDEPENDENCE_MH,calibration_n24_r-2_early_q4,calibration,2026082401,24,early,1,NOT_SELECTED,347.0,13825.026083167571,,0.0027589911527913,0.4144933296585402,utility_action_347,TOP_ACTION_UTILITY,1.0011097976101742,0.3244018240558122
LAPLACE_INDEPENDENCE_MH,calibration_n24_r-2_early_q4,calibration,2026082401,24,early,1,NOT_SELECTED,227.0,13841.863299674573,347.0,0.0038663383561736,0.004233929894657,gap_227_vs_347,LEADER_CHALLENGER_GAP,1.000433225107549,0.4548803074284867
LAPLACE_INDEPENDENCE_MH,calibration_n24_r-2_early_q4,calibration,2026082401,24,early,1,NOT_SELECTED,348.0,13296.469520744376,,0.0027902640102666,0.4095616463427265,utility_action_348,TOP_ACTION_UTILITY,1.001677937584605,0.3217462313378579
LAPLACE_INDEPENDENCE_MH,calibration_n24_r-2_early_q4,calibration,2026082401,24,early,1,NOT_SELECTED,227.0,13187.75719726804,348.0,0.0039704631057074,0.0091656132104707,gap_227_vs_348,LEADER_CHALLENGER_GAP,1.0011411005442754,0.4559598857402234
LAPLACE_INDEPENDENCE_MH,calibration_n24_r-2_early_q4,calibration,2026082401,24,early,1,NOT_SELECTED,371.0,14440.492376785163,,0.0022675161004589,0.2460463231572691,utility_action_371,TOP_ACTION_UTILITY,1.006178855349607,0.2724842348056568
LAPLACE_INDEPENDENCE_MH,calibration_n24_r-2_early_q4,calibration,2026082401,24,early,1,NOT_SELECTED,227.0,13904.846430956495,371.0,0.0035664993869377,0.1726809363959282,gap_227_vs_371,LEADER_CHALLENGER_GAP,1.0016304967062388,0.4205573738438636
LAPLACE_INDEPENDENCE_MH,calibration_n24_r-2_middle_q8,calibration,2026082401,24,middle,1,NOT_SELECTED,,13396.76766813906,,0.8628888503021603,262.68424317273855,target_energy,TARGET_ENERGY,6.433741585166813,99.8745579733524
LAPLACE_INDEPENDENCE_MH,calibration_n24_r-2_middle_q8,calibration,2026082401,24,middle,1,NOT_SELECTED,,13579.491432784253,,0.1005327354739401,32.266639673098794,full_factor_energy,FULL_FACTOR_ENERGY,7.976347293238754,11.71518773407352
LAPLACE_INDEPENDENCE_MH,calibration_n24_r-2_middle_q8,calibration,2026082401,24,middle,1,NOT_SELECTED,127.0,32768.0,,0.0,0.0,utility_action_127,TOP_ACTION_UTILITY,1.0,0.0
LAPLACE_INDEPENDENCE_MH,calibration_n24_r-2_middle_q8,calibration,2026082401,24,middle,1,NOT_SELECTED,371.0,14029.742558943468,127.0,0.0011172075245364,0.0499479287252549,gap_371_vs_127,LEADER_CHALLENGER_GAP,1.0114918550055414,0.1323301189985886
LAPLACE_INDEPENDENCE_MH,calibration_n24_r-2_middle_q8,calibration,2026082401,24,middle,1,NOT_SELECTED,128.0,16709.8091835239,,0.0001111052396824,0.0007172520407972,utility_action_128,TOP_ACTION_UTILITY,1.000455788131949,0.0143621773694107
LAPLACE_INDEPENDENCE_MH,calibration_n24_r-2_middle_q8,calibration,2026082401,24,middle,1,NOT_SELECTED,371.0,14107.936624734211,128.0,0.0011207837073733,0.0492306766844576,gap_371_vs_128,LEADER_CHALLENGER_GAP,1.0109957707510078,0.1331231419159792
LAPLACE_INDEPENDENCE_MH,calibration_n24_r-2_middle_q8,calibration,2026082401,24,middle,1,NOT_SELECTED,129.0,9892.042286666008,,0.0001627692607199,0.0009363403997506,utility_action_129,TOP_ACTION_UTILITY,1.000837326841327,0.0161888266655647
LAPLACE_INDEPENDENCE_MH,calibration_n24_r-2_middle_q8,calibration,2026082401,24,middle,1,NOT_SELECTED,371.0,13862.200038114926,129.0,0.0011334381270701,0.0490115883255042,gap_371_vs_129,LEADER_CHALLENGER_GAP,1.0109196759865022,0.1334485620064229
LAPLACE_INDEPENDENCE_MH,calibration_n24_r-2_middle_q8,calibration,2026082401,24,middle,1,NOT_SELECTED,130.0,9905.978498777877,,0.0001479908898454,0.0009646581289247,utility_action_130,TOP_ACTION_UTILITY,1.000896770107247,0.014729353052354
LAPLACE_INDEPENDENCE_MH,calibration_n24_r-2_middle_q8,calibration,2026082401,24,middle,1,NOT_SELECTED,371.0,13968.81508745184,130.0,0.0011257765948741,0.0489832705963301,gap_371_vs_130,LEADER_CHALLENGER_GAP,1.0109253402593643,0.1330552451712541
LAPLACE_INDEPENDENCE_MH,calibration_n24_r-2_middle_q8,calibration,2026082401,24,middle,1,NOT_SELECTED,131.0,11292.278750475309,,0.0001667592848467,0.0012558864211932,utility_action_131,TOP_ACTION_UTILITY,1.0005513228192324,0.0177206977864248
LAPLACE_INDEPENDENCE_MH,calibration_n24_r-2_middle_q8,calibration,2026082401,24,middle,1,NOT_SELECTED,371.0,13837.177092255302,131.0,0.001131809927825,0.0486920423040616,gap_371_vs_131,LEADER_CHALLENGER_GAP,1.010836190973172,0.133136534644026
LAPLACE_INDEPENDENCE_MH,calibration_n24_r-2_middle_q8,calibration,2026082401,24,middle,1,NOT_SELECTED,203.0,13231.846249615988,,0.0011286155229891,0.0493080737284068,utility_action_203,TOP_ACTION_UTILITY,1.0117316118199668,0.1298243755083614
LAPLACE_INDEPENDENCE_MH,calibration_n24_r-2_middle_q8,calibration,2026082401,24,middle,1,NOT_SELECTED,371.0,13612.598640841332,203.0,0.0015643665407394,0.000639854996848,gap_371_vs_203,LEADER_CHALLENGER_GAP,1.00071444669863,0.1825194025164946
LAPLACE_INDEPENDENCE_MH,calibration_n24_r-2_middle_q8,calibration,2026082401,24,middle,1,NOT_SELECTED,204.0,12992.063621557729,,0.0011674745901917,0.0497397452804324,utility_action_204,TOP_ACTION_UTILITY,1.0109119400976034,0.1330719455193348
LAPLACE_INDEPENDENCE_MH,calibration_n24_r-2_middle_q8,calibration,2026082401,24,middle,1,NOT_SELECTED,371.0,14038.318514128428,204.0,0.001571944065356,0.0002081834448224,gap_371_vs_204,LEADER_CHALLENGER_GAP,1.000225587693152,0.1862492936497066
LAPLACE_INDEPENDENCE_MH,calibration_n24_r-2_middle_q8,calibration,2026082401,24,middle,1,NOT_SELECTED,251.0,13063.025985934404,,0.0011413891549496,0.0474708234130769,utility_action_251,TOP_ACTION_UTILITY,1.0104729936504375,0.1304534704518942
LAPLACE_INDEPENDENCE_MH,calibration_n24_r-2_middle_q8,calibration,2026082401,24,middle,1,NOT_SELECTED,371.0,14414.352625637588,251.0,0.0015405709955644,0.0024771053121779,gap_371_vs_251,LEADER_CHALLENGER_GAP,1.000442116857869,0.1849606266839372
LAPLACE_INDEPENDENCE_MH,calibration_n24_r-2_middle_q8,calibration,2026082401,24,middle,1,NOT_SELECTED,252.0,13074.51222378431,,0.0011387209218266,0.0476718161320757,utility_action_252,TOP_ACTION_UTILITY,1.0112098252911963,0.130205715310594
LAPLACE_INDEPENDENCE_MH,calibration_n24_r-2_middle_q8,calibration,2026082401,24,middle,1,NOT_SELECTED,371.0,14035.396409642572,252.0,0.0015458131138543,0.0022761125931792,gap_371_vs_252,LEADER_CHALLENGER_GAP,1.000600357763426,0.183134146553503
LAPLACE_INDEPENDENCE_MH,calibration_n24_r-2_middle_q8,calibration,2026082401,24,middle,1,NOT_SELECTED,323.0,13199.843213616376,,0.0011402376468745,0.0481163620457915,utility_action_323,TOP_ACTION_UTILITY,1.0108180971022511,0.131002553873104
LAPLACE_INDEPENDENCE_MH,calibration_n24_r-2_middle_q8,calibration,2026082401,24,middle,1,NOT_SELECTED,371.0,13594.647351335612,323.0,0.0015914665680539,0.0018315666794633,gap_371_vs_323,LEADER_CHALLENGER_GAP,1.0007382488133156,0.1855587733864877
LAPLACE_INDEPENDENCE_MH,calibration_n24_r-2_middle_q8,calibration,2026082401,24,middle,1,NOT_SELECTED,324.0,13181.88449346604,,0.0011273040025242,0.04685115404469,utility_action_324,TOP_ACTION_UTILITY,1.0105675942726229,0.1294284648027826
LAPLACE_INDEPENDENCE_MH,calibration_n24_r-2_middle_q8,calibration,2026082401,24,middle,1,NOT_SELECTED,371.0,13937.307681603246,324.0,0.0015657836935289,0.0030967746805648,gap_371_vs_324,LEADER_CHALLENGER_GAP,1.0003343365843722,0.1848507469151035
LAPLACE_INDEPENDENCE_MH,calibration_n24_r-2_middle_q8,calibration,2026082401,24,middle,1,NOT_SELECTED,371.0,14029.742558943468,,0.0011172075245364,0.0499479287252549,utility_action_371,TOP_ACTION_UTILITY,1.0114918550055414,0.1323301189985886
LAPLACE_INDEPENDENCE_MH,calibration_n24_r-2_middle_q8,calibration,2026082401,24,middle,1,NOT_SELECTED,372.0,12953.596074257704,,0.0011102180018305,0.0449536208137388,utility_action_372,TOP_ACTION_UTILITY,1.0103034380792937,0.1263582027954923
LAPLACE_INDEPENDENCE_MH,calibration_n24_r-2_middle_q8,calibration,2026082401,24,middle,1,NOT_SELECTED,371.0,13121.841556650334,372.0,0.0015362480603101,0.0049943079115161,gap_371_vs_372,LEADER_CHALLENGER_GAP,1.001058281391026,0.1759781477613555
LAPLACE_INDEPENDENCE_MH,calibration_n24_r-2_late_q12,calibration,2026082401,24,late,1,NOT_SELECTED,,12854.359642532974,,0.8805509189122468,262.5995421553474,target_energy,TARGET_ENERGY,6.456185932008785,99.83428177700056
LAPLACE_INDEPENDENCE_MH,calibration_n24_r-2_late_q12,calibration,2026082401,24,late,1,NOT_SELECTED,,13378.064273040298,,0.100640632927604,32.06620074032825,full_factor_energy,FULL_FACTOR_ENERGY,7.9611773450770995,11.640456130464734
LAPLACE_INDEPENDENCE_MH,calibration_n24_r-2_late_q12,calibration,2026082401,24,late,1,NOT_SELECTED,127.0,32768.0,,0.0,0.0,utility_action_127,TOP_ACTION_UTILITY,1.0,0.0
LAPLACE_INDEPENDENCE_MH,calibration_n24_r-2_late_q12,calibration,2026082401,24,late,1,NOT_SELECTED,371.0,15055.331820337196,127.0,0.0010719512710296,0.0489005026974033,gap_371_vs_127,LEADER_CHALLENGER_GAP,1.011267348897558,0.1315286036339568
LAPLACE_INDEPENDENCE_MH,calibration_n24_r-2_late_q12,calibration,2026082401,24,late,1,NOT_SELECTED,128.0,15698.101156001712,,8.34172193515438e-05,0.0005235985195838,utility_action_128,TOP_ACTION_UTILITY,1.0002071601933291,0.0104515155373004
LAPLACE_INDEPENDENCE_MH,calibration_n24_r-2_late_q12,calibration,2026082401,24,late,1,NOT_SELECTED,371.0,15059.26249705666,128.0,0.0010748093837203,0.0483769041778194,gap_371_vs_128,LEADER_CHALLENGER_GAP,1.010963065134458,0.1318965090821605
LAPLACE_INDEPENDENCE_MH,calibration_n24_r-2_late_q12,calibration,2026082401,24,late,1,NOT_SELECTED,129.0,16963.523927715298,,0.0001084111465217,0.0007209556890532,utility_action_129,TOP_ACTION_UTILITY,1.000332809597552,0.0141199115190412
LAPLACE_INDEPENDENCE_MH,calibration_n24_r-2_late_q12,calibration,2026082401,24,late,1,NOT_SELECTED,371.0,15146.297581610434,129.0,0.0010750903684789,0.04817954700835,gap_371_vs_129,LEADER_CHALLENGER_GAP,1.0107810275373403,0.1323116891070828
LAPLACE_INDEPENDENCE_MH,calibration_n24_r-2_late_q12,calibration,2026082401,24,late,1,NOT_SELECTED,130.0,15456.784968999124,,0.0001339373422474,0.0009450105888035,utility_action_130,TOP_ACTION_UTILITY,1.000305004059153,0.0166518028141458
LAPLACE_INDEPENDENCE_MH,calibration_n24_r-2_late_q12,calibration,2026082401,24,late,1,NOT_SELECTED,371.0,14984.508984300455,130.0,0.0010832894384996,0.0479554921085998,gap_371_vs_130,LEADER_CHALLENGER_GAP,1.0106575219221017,0.1326067915250837
LAPLACE_INDEPENDENCE_MH,calibration_n24_r-2_late_q12,calibration,2026082401,24,late,1,NOT_SELECTED,131.0,16589.123619397917,,0.0001286202328624,0.0010065779398988,utility_action_131,TOP_ACTION_UTILITY,1.0002625853401688,0.0165661280224143
LAPLACE_INDEPENDENCE_MH,calibration_n24_r-2_late_q12,calibration,2026082401,24,late,1,NOT_SELECTED,371.0,15155.055805785249,131.0,0.0010754028992196,0.0478939247575044,gap_371_vs_131,LEADER_CHALLENGER_GAP,1.0106411682126475,0.1323884120306103
LAPLACE_INDEPENDENCE_MH,calibration_n24_r-2_late_q12,calibration,2026082401,24,late,1,NOT_SELECTED,226.0,14502.879325190275,,0.0006642931866661,0.0202051895656332,utility_action_226,TOP_ACTION_UTILITY,1.0053890491921211,0.0799994340799808
LAPLACE_INDEPENDENCE_MH,calibration_n24_r-2_late_q12,calibration,2026082401,24,late,1,NOT_SELECTED,371.0,14831.789002356763,226.0,0.0012583464241402,0.02869531313177,gap_371_vs_226,LEADER_CHALLENGER_GAP,1.0031034667622685,0.1532487668612784
LAPLACE_INDEPENDENCE_MH,calibration_n24_r-2_late_q12,calibration,2026082401,24,late,1,NOT_SELECTED,229.0,16454.390297497444,,0.0006500935566404,0.0214440714499972,utility_action_229,TOP_ACTION_UTILITY,1.0062848610186863,0.0833905347592657
LAPLACE_INDEPENDENCE_MH,calibration_n24_r-2_late_q12,calibration,2026082401,24,late,1,NOT_SELECTED,371.0,15144.057432791396,229.0,0.0012683237184744,0.027456431247406,gap_371_vs_229,LEADER_CHALLENGER_GAP,1.0034792276148712,0.1560814309889145
LAPLACE_INDEPENDENCE_MH,calibration_n24_r-2_late_q12,calibration,2026082401,24,late,1,NOT_SELECTED,251.0,13027.508338703312,,0.0010733357878833,0.0420720128609225,utility_action_251,TOP_ACTION_UTILITY,1.0097155732416645,0.1225085190910788
LAPLACE_INDEPENDENCE_MH,calibration_n24_r-2_late_q12,calibration,2026082401,24,late,1,NOT_SELECTED,371.0,14063.772717471917,251.0,0.0015122320918643,0.0068284898364807,gap_371_vs_251,LEADER_CHALLENGER_GAP,1.0008972356620076,0.1793367808698612
LAPLACE_INDEPENDENCE_MH,calibration_n24_r-2_late_q12,calibration,2026082401,24,late,1,NOT_SELECTED,324.0,13734.24280965971,,0.0010655303446416,0.0441940464339779,utility_action_324,TOP_ACTION_UTILITY,1.0099513099036144,0.1248728957083397
LAPLACE_INDEPENDENCE_MH,calibration_n24_r-2_late_q12,calibration,2026082401,24,late,1,NOT_SELECTED,371.0,14506.553649235504,324.0,0.0014964799942731,0.0047064562634254,gap_371_vs_324,LEADER_CHALLENGER_GAP,1.0005170532360088,0.1802407722952788
LAPLACE_INDEPENDENCE_MH,calibration_n24_r-2_late_q12,calibration,2026082401,24,late,1,NOT_SELECTED,346.0,11647.511712421643,,0.0007809978962742,0.0208617049334502,utility_action_346,TOP_ACTION_UTILITY,1.0048854636914983,0.0842881345013642
LAPLACE_INDEPENDENCE_MH,calibration_n24_r-2_late_q12,calibration,2026082401,24,late,1,NOT_SELECTED,371.0,13922.076153862849,346.0,0.0013163569278251,0.028038797763953,gap_371_vs_346,LEADER_CHALLENGER_GAP,1.0031302027881746,0.1553193863152586
LAPLACE_INDEPENDENCE_MH,calibration_n24_r-2_late_q12,calibration,2026082401,24,late,1,NOT_SELECTED,371.0,15055.331820337196,,0.0010719512710296,0.0489005026974033,utility_action_371,TOP_ACTION_UTILITY,1.011267348897558,0.1315286036339568
LAPLACE_INDEPENDENCE_MH,calibration_n24_r-2_late_q12,calibration,2026082401,24,late,1,NOT_SELECTED,372.0,10463.725022893015,,0.0012260597136674,0.0445837635090137,utility_action_372,TOP_ACTION_UTILITY,1.0101810765420158,0.1254165302765021
LAPLACE_INDEPENDENCE_MH,calibration_n24_r-2_late_q12,calibration,2026082401,24,late,1,NOT_SELECTED,371.0,12844.876042069882,372.0,0.0015437860068896,0.0043167391883896,gap_371_vs_372,LEADER_CHALLENGER_GAP,1.0003656663118612,0.1749653536234749
LAPLACE_INDEPENDENCE_MH,calibration_n40_r-2_early_q4,calibration,2026082401,40,early,1,NOT_SELECTED,,1675.501535288779,,6.730158236037398,730.5766927864547,target_energy,TARGET_ENERGY,10.408511716982474,275.4848309951259
LAPLACE_INDEPENDENCE_MH,calibration_n40_r-2_early_q4,calibration,2026082401,40,early,1,NOT_SELECTED,,1811.433030193695,,0.7657768364029044,90.32327681262468,full_factor_energy,FULL_FACTOR_ENERGY,12.943012830372016,32.59217673831836
LAPLACE_INDEPENDENCE_MH,calibration_n40_r-2_early_q4,calibration,2026082401,40,early,1,NOT_SELECTED,699.0,3783.386642580874,,0.0051936850500413,0.4217385146459176,utility_action_699,TOP_ACTION_UTILITY,1.0023819324153862,0.319459621798079
LAPLACE_INDEPENDENCE_MH,calibration_n40_r-2_early_q4,calibration,2026082401,40,early,1,NOT_SELECTED,900.0,2387.892787884818,699.0,0.0095657285856717,0.0161410058311419,gap_900_vs_699,LEADER_CHALLENGER_GAP,1.0039743882744974,0.4674395617522983
LAPLACE_INDEPENDENCE_MH,calibration_n40_r-2_early_q4,calibration,2026082401,40,early,1,NOT_SELECTED,700.0,3525.5771610784996,,0.0053723377949389,0.4070956912858035,utility_action_700,TOP_ACTION_UTILITY,1.00627232321626,0.318990995492971
LAPLACE_INDEPENDENCE_MH,calibration_n40_r-2_early_q4,calibration,2026082401,40,early,1,NOT_SELECTED,900.0,2503.909637445788,700.0,0.0092591360553447,0.030783829191256,gap_900_vs_700,LEADER_CHALLENGER_GAP,1.0021508115842424,0.4633186599998242
LAPLACE_INDEPENDENCE_MH,calibration_n40_r-2_early_q4,calibration,2026082401,40,early,1,NOT_SELECTED,740.0,4062.964631108843,,0.0042225335664702,0.2379435931499836,utility_action_740,TOP_ACTION_UTILITY,1.007169304712635,0.269150153283139
LAPLACE_INDEPENDENCE_MH,calibration_n40_r-2_early_q4,calibration,2026082401,40,early,1,NOT_SELECTED,900.0,2383.1258550387665,740.0,0.0089610432046557,0.1999359273270759,gap_900_vs_740,LEADER_CHALLENGER_GAP,1.006018016223363,0.4374536660425966
LAPLACE_INDEPENDENCE_MH,calibration_n40_r-2_early_q4,calibration,2026082401,40,early,1,NOT_SELECTED,859.0,2765.0187689554573,,0.0051836919492422,0.2412443049694433,utility_action_859,TOP_ACTION_UTILITY,1.0127444659950944,0.2725763844968785
LAPLACE_INDEPENDENCE_MH,calibration_n40_r-2_early_q4,calibration,2026082401,40,early,1,NOT_SELECTED,900.0,1935.679898100368,859.0,0.0098569503147188,0.1966352155076162,gap_900_vs_859,LEADER_CHALLENGER_GAP,1.005132793805014,0.4336699574958818
LAPLACE_INDEPENDENCE_MH,calibration_n40_r-2_early_q4,calibration,2026082401,40,early,1,NOT_SELECTED,860.0,1537.6704683903793,,0.0070986252472286,0.2526957825600092,utility_action_860,TOP_ACTION_UTILITY,1.012067896597708,0.2783593964643435
LAPLACE_INDEPENDENCE_MH,calibration_n40_r-2_early_q4,calibration,2026082401,40,early,1,NOT_SELECTED,900.0,1169.5993637235654,860.0,0.0122245683051179,0.1851837379170503,gap_900_vs_860,LEADER_CHALLENGER_GAP,1.0084245338569635,0.4180729733851547
LAPLACE_INDEPENDENCE_MH,calibration_n40_r-2_early_q4,calibration,2026082401,40,early,1,NOT_SELECTED,899.0,4202.41772150547,,0.0050168898890298,0.4146246772793692,utility_action_899,TOP_ACTION_UTILITY,1.0037313296195702,0.3252251920502874
LAPLACE_INDEPENDENCE_MH,calibration_n40_r-2_early_q4,calibration,2026082401,40,early,1,NOT_SELECTED,900.0,1823.9564245713295,899.0,0.0106090249955948,0.0232548431976903,gap_900_vs_899,LEADER_CHALLENGER_GAP,1.006218833455182,0.4530881479794601
LAPLACE_INDEPENDENCE_MH,calibration_n40_r-2_early_q4,calibration,2026082401,40,early,1,NOT_SELECTED,900.0,1612.477014844182,,0.0084909782902137,0.4378795204770596,utility_action_900,TOP_ACTION_UTILITY,1.006918094807472,0.3409608356830784
LAPLACE_INDEPENDENCE_MH,calibration_n40_r-2_early_q4,calibration,2026082401,40,early,1,NOT_SELECTED,939.0,3551.565634135327,,0.0046281592682746,0.2521624166753907,utility_action_939,TOP_ACTION_UTILITY,1.0096542050734407,0.2758152140757004
LAPLACE_INDEPENDENCE_MH,calibration_n40_r-2_early_q4,calibration,2026082401,40,early,1,NOT_SELECTED,900.0,1864.975081395451,939.0,0.0102487097600892,0.1857171038016688,gap_900_vs_939,LEADER_CHALLENGER_GAP,1.0079437984985529,0.4425941924104705
LAPLACE_INDEPENDENCE_MH,calibration_n40_r-2_middle_q8,calibration,2026082401,40,middle,1,NOT_SELECTED,,6600.473915783292,,3.3853857392505797,729.5768203850286,target_energy,TARGET_ENERGY,10.650050949770858,275.0399117484516
LAPLACE_INDEPENDENCE_MH,calibration_n40_r-2_middle_q8,calibration,2026082401,40,middle,1,NOT_SELECTED,,6406.215789552344,,0.4058130477563537,90.04009702349754,full_factor_energy,FULL_FACTOR_ENERGY,13.28088368707432,32.48080529762326
LAPLACE_INDEPENDENCE_MH,calibration_n40_r-2_middle_q8,calibration,2026082401,40,middle,1,NOT_SELECTED,535.0,32768.0,,0.0,0.0,utility_action_535,TOP_ACTION_UTILITY,1.0,0.0
LAPLACE_INDEPENDENCE_MH,calibration_n40_r-2_middle_q8,calibration,2026082401,40,middle,1,NOT_SELECTED,860.0,5839.2283570004265,535.0,0.0018436467100687,0.0553399389168984,gap_860_vs_535,LEADER_CHALLENGER_GAP,1.0136501843912418,0.1408819754208079
LAPLACE_INDEPENDENCE_MH,calibration_n40_r-2_middle_q8,calibration,2026082401,40,middle,1,NOT_SELECTED,536.0,5666.035419173934,,0.0001651739217867,0.0005741472726932,utility_action_536,TOP_ACTION_UTILITY,1.0016212535571276,0.012433148562972
LAPLACE_INDEPENDENCE_MH,calibration_n40_r-2_middle_q8,calibration,2026082401,40,middle,1,NOT_SELECTED,860.0,5820.256310326234,536.0,0.0018540965592247,0.0547657916442052,gap_860_vs_536,LEADER_CHALLENGER_GAP,1.0133475232555151,0.141450147005102
LAPLACE_INDEPENDENCE_MH,calibration_n40_r-2_middle_q8,calibration,2026082401,40,middle,1,NOT_SELECTED,537.0,6662.881555732653,,0.000221933213766,0.0012095052854415,utility_action_537,TOP_ACTION_UTILITY,1.0012602425216093,0.0181156261084107
LAPLACE_INDEPENDENCE_MH,calibration_n40_r-2_middle_q8,calibration,2026082401,40,middle,1,NOT_SELECTED,860.0,5805.789713758654,537.0,0.0018639883175294,0.0541304336314569,gap_860_vs_537,LEADER_CHALLENGER_GAP,1.0130458610209787,0.1420279559906504
LAPLACE_INDEPENDENCE_MH,calibration_n40_r-2_middle_q8,calibration,2026082401,40,middle,1,NOT_SELECTED,538.0,10706.192375090148,,0.0001299893477927,0.000764470686166,utility_action_538,TOP_ACTION_UTILITY,1.000746996874359,0.0134500929648508
LAPLACE_INDEPENDENCE_MH,calibration_n40_r-2_middle_q8,calibration,2026082401,40,middle,1,NOT_SELECTED,860.0,5925.3741245178735,538.0,0.0018404489646558,0.0545754682307324,gap_860_vs_538,LEADER_CHALLENGER_GAP,1.013246265327485,0.1416712309321217
LAPLACE_INDEPENDENCE_MH,calibration_n40_r-2_middle_q8,calibration,2026082401,40,middle,1,NOT_SELECTED,539.0,1860.944301788706,,0.0005428613717521,0.0017061322308501,utility_action_539,TOP_ACTION_UTILITY,1.0045737722571269,0.0234183141263609
LAPLACE_INDEPENDENCE_MH,calibration_n40_r-2_middle_q8,calibration,2026082401,40,middle,1,NOT_SELECTED,860.0,5411.9773639779105,539.0,0.0019471276309119,0.0536338066860483,gap_860_vs_539,LEADER_CHALLENGER_GAP,1.0128252407466185,0.1432426693125157
LAPLACE_INDEPENDENCE_MH,calibration_n40_r-2_middle_q8,calibration,2026082401,40,middle,1,NOT_SELECTED,659.0,6180.08716655741,,0.0017088087921104,0.0535339989338,utility_action_659,TOP_ACTION_UTILITY,1.0135481296327171,0.1343354919764205
LAPLACE_INDEPENDENCE_MH,calibration_n40_r-2_middle_q8,calibration,2026082401,40,middle,1,NOT_SELECTED,860.0,5564.005211529895,659.0,0.0026332986951142,0.0018059399830984,gap_860_vs_659,LEADER_CHALLENGER_GAP,1.0005433271504882,0.1964237002109007
LAPLACE_INDEPENDENCE_MH,calibration_n40_r-2_middle_q8,calibration,2026082401,40,middle,1,NOT_SELECTED,660.0,6845.699676964387,,0.0016127337262304,0.0496153438067389,utility_action_660,TOP_ACTION_UTILITY,1.0115679941627302,0.1334355621181845
LAPLACE_INDEPENDENCE_MH,calibration_n40_r-2_middle_q8,calibration,2026082401,40,middle,1,NOT_SELECTED,860.0,6779.554881639558,660.0,0.0023118846816188,0.0057245951101595,gap_860_vs_660,LEADER_CHALLENGER_GAP,1.0017830628095423,0.1903560821788294
LAPLACE_INDEPENDENCE_MH,calibration_n40_r-2_middle_q8,calibration,2026082401,40,middle,1,NOT_SELECTED,739.0,4223.543759450816,,0.0020831522695926,0.0501820217660949,utility_action_739,TOP_ACTION_UTILITY,1.0127000879004828,0.1353815603523931
LAPLACE_INDEPENDENCE_MH,calibration_n40_r-2_middle_q8,calibration,2026082401,40,middle,1,NOT_SELECTED,860.0,5038.763215207022,739.0,0.0027030186273119,0.0051579171508035,gap_860_vs_739,LEADER_CHALLENGER_GAP,1.0020546014173324,0.1918717398504343
LAPLACE_INDEPENDENCE_MH,calibration_n40_r-2_middle_q8,calibration,2026082401,40,middle,1,NOT_SELECTED,740.0,6150.442510667865,,0.0017448496061268,0.0530138025679456,utility_action_740,TOP_ACTION_UTILITY,1.0123253869282434,0.1368394063638107
LAPLACE_INDEPENDENCE_MH,calibration_n40_r-2_middle_q8,calibration,2026082401,40,middle,1,NOT_SELECTED,860.0,5891.071940516395,740.0,0.0025325380612115,0.0023261363489528,gap_860_vs_740,LEADER_CHALLENGER_GAP,1.00181230938142,0.1943807010814003
LAPLACE_INDEPENDENCE_MH,calibration_n40_r-2_middle_q8,calibration,2026082401,40,middle,1,NOT_SELECTED,859.0,5259.105622765505,,0.0018453878967545,0.0508259717581332,utility_action_859,TOP_ACTION_UTILITY,1.0127213705402045,0.1338269605570967
LAPLACE_INDEPENDENCE_MH,calibration_n40_r-2_middle_q8,calibration,2026082401,40,middle,1,NOT_SELECTED,860.0,6682.673296520359,859.0,0.0022909989717792,0.0045139671587652,gap_860_vs_859,LEADER_CHALLENGER_GAP,1.000851841594018,0.1872837122563879
LAPLACE_INDEPENDENCE_MH,calibration_n40_r-2_middle_q8,calibration,2026082401,40,middle,1,NOT_SELECTED,860.0,5839.2283570004265,,0.0018436467100687,0.0553399389168984,utility_action_860,TOP_ACTION_UTILITY,1.0136501843912418,0.1408819754208079
LAPLACE_INDEPENDENCE_MH,calibration_n40_r-2_middle_q8,calibration,2026082401,40,middle,1,NOT_SELECTED,939.0,6384.671146730684,,0.0017248058692084,0.0538286517419814,utility_action_939,TOP_ACTION_UTILITY,1.0129294168100431,0.1378191248711474
LAPLACE_INDEPENDENCE_MH,calibration_n40_r-2_middle_q8,calibration,2026082401,40,middle,1,NOT_SELECTED,860.0,6087.771175357918,939.0,0.0025039032009718,0.001511287174917,gap_860_vs_939,LEADER_CHALLENGER_GAP,1.0018514328765478,0.1953649701581261
LAPLACE_INDEPENDENCE_MH,calibration_n40_r-2_middle_q8,calibration,2026082401,40,middle,1,NOT_SELECTED,940.0,5899.990490143516,,0.0017554560656961,0.0479597740461729,utility_action_940,TOP_ACTION_UTILITY,1.0111216367332472,0.134839030276313
LAPLACE_INDEPENDENCE_MH,calibration_n40_r-2_middle_q8,calibration,2026082401,40,middle,1,NOT_SELECTED,860.0,5743.450692811044,940.0,0.0025373837457642,0.0073801648707255,gap_860_vs_940,LEADER_CHALLENGER_GAP,1.001408801875635,0.1922970412155172
LAPLACE_INDEPENDENCE_MH,calibration_n40_r-2_late_q12,calibration,2026082401,40,late,1,NOT_SELECTED,,5333.870158056438,,3.7655865214960023,729.3717174376815,target_energy,TARGET_ENERGY,10.4793113625421,275.01339698330383
LAPLACE_INDEPENDENCE_MH,calibration_n40_r-2_late_q12,calibration,2026082401,40,late,1,NOT_SELECTED,,5767.576431757447,,0.4267873412722445,89.83157635446736,full_factor_energy,FULL_FACTOR_ENERGY,13.021235038412218,32.41217751569779
LAPLACE_INDEPENDENCE_MH,calibration_n40_r-2_late_q12,calibration,2026082401,40,late,1,NOT_SELECTED,535.0,32768.0,,0.0,0.0,utility_action_535,TOP_ACTION_UTILITY,1.0,0.0
LAPLACE_INDEPENDENCE_MH,calibration_n40_r-2_late_q12,calibration,2026082401,40,late,1,NOT_SELECTED,740.0,5556.990284116626,535.0,0.001838959793861,0.0525847438957187,gap_740_vs_535,LEADER_CHALLENGER_GAP,1.0123363024102965,0.1370856680693793
LAPLACE_INDEPENDENCE_MH,calibration_n40_r-2_late_q12,calibration,2026082401,40,late,1,NOT_SELECTED,536.0,9302.089082855377,,0.0001516737799292,0.0009292654760764,utility_action_536,TOP_ACTION_UTILITY,1.0009885689099702,0.0146285323779954
LAPLACE_INDEPENDENCE_MH,calibration_n40_r-2_late_q12,calibration,2026082401,40,late,1,NOT_SELECTED,740.0,5583.831679014949,536.0,0.0018411093322545,0.0516554784196422,gap_740_vs_536,LEADER_CHALLENGER_GAP,1.0117743275923106,0.1375769694335168
LAPLACE_INDEPENDENCE_MH,calibration_n40_r-2_late_q12,calibration,2026082401,40,late,1,NOT_SELECTED,537.0,5511.436319984618,,0.0002617329394825,0.0013720684482827,utility_action_537,TOP_ACTION_UTILITY,1.001268214543339,0.0194308043844117
LAPLACE_INDEPENDENCE_MH,calibration_n40_r-2_late_q12,calibration,2026082401,40,late,1,NOT_SELECTED,740.0,5470.202267808843,537.0,0.0018728947675909,0.0512126754474359,gap_740_vs_537,LEADER_CHALLENGER_GAP,1.0115082509762292,0.1385208248426988
LAPLACE_INDEPENDENCE_MH,calibration_n40_r-2_late_q12,calibration,2026082401,40,late,1,NOT_SELECTED,538.0,13231.524075054109,,0.0001235053275208,0.0008646197980674,utility_action_538,TOP_ACTION_UTILITY,1.0007118188281636,0.0142066155287103
LAPLACE_INDEPENDENCE_MH,calibration_n40_r-2_late_q12,calibration,2026082401,40,late,1,NOT_SELECTED,740.0,5524.115766352552,538.0,0.0018518211356291,0.0517201240976512,gap_740_vs_538,LEADER_CHALLENGER_GAP,1.0118488056792156,0.1376354864786638
LAPLACE_INDEPENDENCE_MH,calibration_n40_r-2_late_q12,calibration,2026082401,40,late,1,NOT_SELECTED,539.0,2840.100041723713,,0.0003751357266154,0.0016745006914645,utility_action_539,TOP_ACTION_UTILITY,1.0026108996786192,0.0199919540956258
LAPLACE_INDEPENDENCE_MH,calibration_n40_r-2_late_q12,calibration,2026082401,40,late,1,NOT_SELECTED,740.0,5449.72268778058,539.0,0.0018737925484243,0.0509102432042541,gap_740_vs_539,LEADER_CHALLENGER_GAP,1.0114125257305744,0.1383275577521348
LAPLACE_INDEPENDENCE_MH,calibration_n40_r-2_late_q12,calibration,2026082401,40,late,1,NOT_SELECTED,660.0,6608.040468360883,,0.0016790479174851,0.0516698819625547,utility_action_660,TOP_ACTION_UTILITY,1.0125048415751428,0.1364895611559673
LAPLACE_INDEPENDENCE_MH,calibration_n40_r-2_late_q12,calibration,2026082401,40,late,1,NOT_SELECTED,740.0,6062.859386826849,660.0,0.0024553218634268,0.0009148619331639,gap_740_vs_660,LEADER_CHALLENGER_GAP,1.0005724653927337,0.1911820785542627
LAPLACE_INDEPENDENCE_MH,calibration_n40_r-2_late_q12,calibration,2026082401,40,late,1,NOT_SELECTED,698.0,6933.831811905344,,0.0010553279319147,0.023342274111248,utility_action_698,TOP_ACTION_UTILITY,1.0061133172063557,0.0878767697876563
LAPLACE_INDEPENDENCE_MH,calibration_n40_r-2_late_q12,calibration,2026082401,40,late,1,NOT_SELECTED,740.0,5899.092335075737,698.0,0.0021111519884146,0.0292424697844706,gap_740_vs_698,LEADER_CHALLENGER_GAP,1.0034410402283351,0.1621481871886844
LAPLACE_INDEPENDENCE_MH,calibration_n40_r-2_late_q12,calibration,2026082401,40,late,1,NOT_SELECTED,739.0,6751.791714711725,,0.0016594717352759,0.0499752168221303,utility_action_739,TOP_ACTION_UTILITY,1.011260018632811,0.1363576091693968
LAPLACE_INDEPENDENCE_MH,calibration_n40_r-2_late_q12,calibration,2026082401,40,late,1,NOT_SELECTED,740.0,6520.407731131792,739.0,0.0023212150478561,0.0026095270735883,gap_740_vs_739,LEADER_CHALLENGER_GAP,1.000789688700941,0.187435890631675
LAPLACE_INDEPENDENCE_MH,calibration_n40_r-2_late_q12,calibration,2026082401,40,late,1,NOT_SELECTED,740.0,5556.990284116626,,0.001838959793861,0.0525847438957187,utility_action_740,TOP_ACTION_UTILITY,1.0123363024102965,0.1370856680693793
LAPLACE_INDEPENDENCE_MH,calibration_n40_r-2_late_q12,calibration,2026082401,40,late,1,NOT_SELECTED,898.0,5675.907874294576,,0.0011735838771106,0.0237710940484353,utility_action_898,TOP_ACTION_UTILITY,1.0075829031402703,0.0884161913975503
LAPLACE_INDEPENDENCE_MH,calibration_n40_r-2_late_q12,calibration,2026082401,40,late,1,NOT_SELECTED,740.0,5528.764443914725,898.0,0.0022011496579066,0.0288136498472833,gap_740_vs_898,LEADER_CHALLENGER_GAP,1.0045909315159367,0.1636679395670409
LAPLACE_INDEPENDENCE_MH,calibration_n40_r-2_late_q12,calibration,2026082401,40,late,1,NOT_SELECTED,901.0,6359.296520144755,,0.0010698239057045,0.022529918218303,utility_action_901,TOP_ACTION_UTILITY,1.0061701913005083,0.085313318622667
LAPLACE_INDEPENDENCE_MH,calibration_n40_r-2_late_q12,calibration,2026082401,40,late,1,NOT_SELECTED,740.0,7055.909535028275,901.0,0.0018756023695635,0.0300548256774156,gap_740_vs_901,LEADER_CHALLENGER_GAP,1.0038551721794235,0.1575495890620338
LAPLACE_INDEPENDENCE_MH,calibration_n40_r-2_late_q12,calibration,2026082401,40,late,1,NOT_SELECTED,939.0,7396.810310560936,,0.0014987307754052,0.0495940219486432,utility_action_939,TOP_ACTION_UTILITY,1.0124336471293989,0.128897907173881
LAPLACE_INDEPENDENCE_MH,calibration_n40_r-2_late_q12,calibration,2026082401,40,late,1,NOT_SELECTED,740.0,5764.531897799836,939.0,0.0024734154568297,0.0029907219470754,gap_740_vs_939,LEADER_CHALLENGER_GAP,1.0007416455731148,0.1877928676471878
LAPLACE_INDEPENDENCE_MH,calibration_n24_r-2_early_q4,calibration,2026082401,24,early,2,NOT_SELECTED,,24364.52779017103,,0.6394584973242734,262.49996559119853,target_energy,TARGET_ENERGY,6.395658633517142,99.81397748911516
LAPLACE_INDEPENDENCE_MH,calibration_n24_r-2_early_q4,calibration,2026082401,24,early,2,NOT_SELECTED,,24363.218690474943,,0.075436191258447,32.429209018757405,full_factor_energy,FULL_FACTOR_ENERGY,7.926924331480892,11.774625004709453
LAPLACE_INDEPENDENCE_MH,calibration_n24_r-2_early_q4,calibration,2026082401,24,early,2,NOT_SELECTED,227.0,26229.62455158193,,0.0020017049837829,0.4190046797970582,utility_action_227,TOP_ACTION_UTILITY,1.000762459990526,0.3241873822236461
LAPLACE_INDEPENDENCE_MH,calibration_n24_r-2_early_q4,calibration,2026082401,24,early,2,NOT_SELECTED,228.0,26536.10787997402,,0.0019791310417154,0.4105527924460523,utility_action_228,TOP_ACTION_UTILITY,1.001294637559478,0.3223986114074594
LAPLACE_INDEPENDENCE_MH,calibration_n24_r-2_early_q4,calibration,2026082401,24,early,2,NOT_SELECTED,227.0,26280.322627824047,228.0,0.0026531589939793,0.0084518873510059,gap_227_vs_228,LEADER_CHALLENGER_GAP,1.0001860653331152,0.430109091546198
LAPLACE_INDEPENDENCE_MH,calibration_n24_r-2_early_q4,calibration,2026082401,24,early,2,NOT_SELECTED,323.0,24997.77817405013,,0.0017120503017604,0.2395332035159312,utility_action_323,TOP_ACTION_UTILITY,1.0073672714510542,0.2706868919320585
LAPLACE_INDEPENDENCE_MH,calibration_n24_r-2_early_q4,calibration,2026082401,24,early,2,NOT_SELECTED,227.0,25858.092930032828,323.0,0.0026267261582003,0.179471476281127,gap_227_vs_323,LEADER_CHALLENGER_GAP,1.0012085286799872,0.4223894331407047
LAPLACE_INDEPENDENCE_MH,calibration_n24_r-2_early_q4,calibration,2026082401,24,early,2,NOT_SELECTED,347.0,26330.140524406463,,0.0020042624558799,0.4162131994859031,utility_action_347,TOP_ACTION_UTILITY,1.001021807653334,0.3252229461873357
LAPLACE_INDEPENDENCE_MH,calibration_n24_r-2_early_q4,calibration,2026082401,24,early,2,NOT_SELECTED,227.0,26789.148344331683,347.0,0.0027826010105708,0.0027914803111551,gap_227_vs_347,LEADER_CHALLENGER_GAP,1.000062745615624,0.4554391833718519
LAPLACE_INDEPENDENCE_MH,calibration_n24_r-2_early_q4,calibration,2026082401,24,early,2,NOT_SELECTED,348.0,26288.745485765656,,0.0020001742919192,0.4128148733299828,utility_action_348,TOP_ACTION_UTILITY,1.0016597376220917,0.3243043484217726
LAPLACE_INDEPENDENCE_MH,calibration_n24_r-2_early_q4,calibration,2026082401,24,early,2,NOT_SELECTED,227.0,25838.570419364747,348.0,0.0028347571886224,0.0061898064670753,gap_227_vs_348,LEADER_CHALLENGER_GAP,1.0003936958550022,0.4556696529894373
LAPLACE_INDEPENDENCE_MH,calibration_n24_r-2_early_q4,calibration,2026082401,24,early,2,NOT_SELECTED,371.0,26966.521947329016,,0.0016635097731994,0.2464193188111178,utility_action_371,TOP_ACTION_UTILITY,1.0058725448884889,0.2731730331378651
LAPLACE_INDEPENDENCE_MH,calibration_n24_r-2_early_q4,calibration,2026082401,24,early,2,NOT_SELECTED,227.0,25681.6089487214,371.0,0.0026513732313873,0.1725853609859403,gap_227_vs_371,LEADER_CHALLENGER_GAP,1.0008884599911296,0.4248953533127121
LAPLACE_INDEPENDENCE_MH,calibration_n24_r-2_middle_q8,calibration,2026082401,24,middle,2,NOT_SELECTED,,24977.739947813523,,0.6320386049696958,262.6545867956387,target_energy,TARGET_ENERGY,6.365677883609908,99.88957737905687
LAPLACE_INDEPENDENCE_MH,calibration_n24_r-2_middle_q8,calibration,2026082401,24,middle,2,NOT_SELECTED,,24914.5139560143,,0.0742367047274177,32.2681808258442,full_factor_energy,FULL_FACTOR_ENERGY,7.890903459639708,11.717768007618243
LAPLACE_INDEPENDENCE_MH,calibration_n24_r-2_middle_q8,calibration,2026082401,24,middle,2,NOT_SELECTED,127.0,65536.0,,0.0,0.0,utility_action_127,TOP_ACTION_UTILITY,1.0,0.0
LAPLACE_INDEPENDENCE_MH,calibration_n24_r-2_middle_q8,calibration,2026082401,24,middle,2,NOT_SELECTED,203.0,25276.741215373266,127.0,0.0008248769982529,0.0484793052898352,gap_203_vs_127,LEADER_CHALLENGER_GAP,1.0105336128053732,0.1311443951705194
LAPLACE_INDEPENDENCE_MH,calibration_n24_r-2_middle_q8,calibration,2026082401,24,middle,2,NOT_SELECTED,128.0,24160.559619554177,,9.728615853051164e-05,0.0008661200367183,utility_action_128,TOP_ACTION_UTILITY,1.000522346041376,0.0151218369067711
LAPLACE_INDEPENDENCE_MH,calibration_n24_r-2_middle_q8,calibration,2026082401,24,middle,2,NOT_SELECTED,203.0,25179.60711456765,128.0,0.0008321812766296,0.0476131852531168,gap_203_vs_128,LEADER_CHALLENGER_GAP,1.0100094684701353,0.13205121910821
LAPLACE_INDEPENDENCE_MH,calibration_n24_r-2_middle_q8,calibration,2026082401,24,middle,2,NOT_SELECTED,129.0,21987.396428788114,,9.23497192965697e-05,0.0007880779795439,utility_action_129,TOP_ACTION_UTILITY,1.0005164262059043,0.013693752780162
LAPLACE_INDEPENDENCE_MH,calibration_n24_r-2_middle_q8,calibration,2026082401,24,middle,2,NOT_SELECTED,203.0,25281.53103673265,129.0,0.0008294760677773,0.0476912273102912,gap_203_vs_129,LEADER_CHALLENGER_GAP,1.0100670410138544,0.1318880799336613
LAPLACE_INDEPENDENCE_MH,calibration_n24_r-2_middle_q8,calibration,2026082401,24,middle,2,NOT_SELECTED,130.0,14185.337037018991,,0.0001324945495472,0.0009556772146937,utility_action_130,TOP_ACTION_UTILITY,1.000574111485533,0.0157803940034057
LAPLACE_INDEPENDENCE_MH,calibration_n24_r-2_middle_q8,calibration,2026082401,24,middle,2,NOT_SELECTED,203.0,24852.1397346928,130.0,0.0008373912698356,0.0475236280751414,gap_203_vs_130,LEADER_CHALLENGER_GAP,1.0099999096235537,0.1320110612135331
LAPLACE_INDEPENDENCE_MH,calibration_n24_r-2_middle_q8,calibration,2026082401,24,middle,2,NOT_SELECTED,131.0,35026.627504854725,,7.619455246293518e-05,0.0008621418296611,utility_action_131,TOP_ACTION_UTILITY,1.000378895590086,0.014260116857156
LAPLACE_INDEPENDENCE_MH,calibration_n24_r-2_middle_q8,calibration,2026082401,24,middle,2,NOT_SELECTED,203.0,25346.072289731565,131.0,0.0008279140686352,0.047617163460174,gap_203_vs_131,LEADER_CHALLENGER_GAP,1.0100533894704462,0.131807643960605
LAPLACE_INDEPENDENCE_MH,calibration_n24_r-2_middle_q8,calibration,2026082401,24,middle,2,NOT_SELECTED,203.0,25276.741215373266,,0.0008248769982529,0.0484793052898352,utility_action_203,TOP_ACTION_UTILITY,1.0105336128053732,0.1311443951705194
LAPLACE_INDEPENDENCE_MH,calibration_n24_r-2_middle_q8,calibration,2026082401,24,middle,2,NOT_SELECTED,204.0,24872.353531865367,,0.0008043862293609,0.046120783078858,utility_action_204,TOP_ACTION_UTILITY,1.0104352567920185,0.1268595212648262
LAPLACE_INDEPENDENCE_MH,calibration_n24_r-2_middle_q8,calibration,2026082401,24,middle,2,NOT_SELECTED,203.0,24827.539428114505,204.0,0.0011109989583933,0.0023585222109771,gap_203_vs_204,LEADER_CHALLENGER_GAP,1.000169103056162,0.1750574072479654
LAPLACE_INDEPENDENCE_MH,calibration_n24_r-2_middle_q8,calibration,2026082401,24,middle,2,NOT_SELECTED,251.0,26043.1651438979,,0.0007928198201782,0.0464358475297655,utility_action_251,TOP_ACTION_UTILITY,1.0103009747051974,0.1279444292372077
LAPLACE_INDEPENDENCE_MH,calibration_n24_r-2_middle_q8,calibration,2026082401,24,middle,2,NOT_SELECTED,203.0,26242.084362444395,251.0,0.0011209906482266,0.0020434577600696,gap_203_vs_251,LEADER_CHALLENGER_GAP,1.0000912688830093,0.1815938570776119
LAPLACE_INDEPENDENCE_MH,calibration_n24_r-2_middle_q8,calibration,2026082401,24,middle,2,NOT_SELECTED,252.0,23936.706174303792,,0.0008366242333268,0.0474959060843313,utility_action_252,TOP_ACTION_UTILITY,1.0105424638429568,0.1294382505280945
LAPLACE_INDEPENDENCE_MH,calibration_n24_r-2_middle_q8,calibration,2026082401,24,middle,2,NOT_SELECTED,203.0,23767.04425230488,252.0,0.0011904238602744,0.0009833992055038,gap_203_vs_252,LEADER_CHALLENGER_GAP,1.0000546854753776,0.1835224551155999
LAPLACE_INDEPENDENCE_MH,calibration_n24_r-2_middle_q8,calibration,2026082401,24,middle,2,NOT_SELECTED,323.0,25538.144028721188,,0.000793252225186,0.0464739404559848,utility_action_323,TOP_ACTION_UTILITY,1.010544805443799,0.1267669277095331
LAPLACE_INDEPENDENCE_MH,calibration_n24_r-2_middle_q8,calibration,2026082401,24,middle,2,NOT_SELECTED,203.0,24279.324189675353,323.0,0.0011618238514228,0.0020053648338504,gap_203_vs_323,LEADER_CHALLENGER_GAP,1.000000058964616,0.1810333487364238
LAPLACE_INDEPENDENCE_MH,calibration_n24_r-2_middle_q8,calibration,2026082401,24,middle,2,NOT_SELECTED,324.0,25679.817959078297,,0.0008015619329476,0.0466697859536289,utility_action_324,TOP_ACTION_UTILITY,1.0104348379201964,0.1284496881631001
LAPLACE_INDEPENDENCE_MH,calibration_n24_r-2_middle_q8,calibration,2026082401,24,middle,2,NOT_SELECTED,203.0,24920.04351352832,324.0,0.0011548914470669,0.0018095193362063,gap_203_vs_324,LEADER_CHALLENGER_GAP,1.0001129024876534,0.1823121292168196
LAPLACE_INDEPENDENCE_MH,calibration_n24_r-2_middle_q8,calibration,2026082401,24,middle,2,NOT_SELECTED,371.0,30082.85378320513,,0.0007498452669473,0.0480790840885068,utility_action_371,TOP_ACTION_UTILITY,1.0107887977753578,0.1300562330517409
LAPLACE_INDEPENDENCE_MH,calibration_n24_r-2_middle_q8,calibration,2026082401,24,middle,2,NOT_SELECTED,203.0,28291.559258644997,371.0,0.001086192977828,0.0004002212013283,gap_203_vs_371,LEADER_CHALLENGER_GAP,1.0000225451765488,0.1826986897134803
LAPLACE_INDEPENDENCE_MH,calibration_n24_r-2_late_q12,calibration,2026082401,24,late,2,NOT_SELECTED,,24854.90161401608,,0.6332607603921221,262.52443029440985,target_energy,TARGET_ENERGY,6.377614898775367,99.83632870352344
LAPLACE_INDEPENDENCE_MH,calibration_n24_r-2_late_q12,calibration,2026082401,24,late,2,NOT_SELECTED,,25767.552935792948,,0.0725149025188393,32.06001174364121,full_factor_energy,FULL_FACTOR_ENERGY,7.8682883661848,11.640291493368862
LAPLACE_INDEPENDENCE_MH,calibration_n24_r-2_late_q12,calibration,2026082401,24,late,2,NOT_SELECTED,127.0,65536.0,,0.0,0.0,utility_action_127,TOP_ACTION_UTILITY,1.0,0.0
LAPLACE_INDEPENDENCE_MH,calibration_n24_r-2_late_q12,calibration,2026082401,24,late,2,NOT_SELECTED,371.0,27000.83646869615,127.0,0.0007893219296889,0.0482415920295312,gap_371_vs_127,LEADER_CHALLENGER_GAP,1.0107981674901416,0.1297008368474154
LAPLACE_INDEPENDENCE_MH,calibration_n24_r-2_late_q12,calibration,2026082401,24,late,2,NOT_SELECTED,128.0,24084.22146775523,,9.85554553430962e-05,0.0009006346270913,utility_action_128,TOP_ACTION_UTILITY,1.0004782488968436,0.0152949117277041
LAPLACE_INDEPENDENCE_MH,calibration_n24_r-2_late_q12,calibration,2026082401,24,late,2,NOT_SELECTED,371.0,26926.447080298436,128.0,0.0007958125241551,0.0473409574024398,gap_371_vs_128,LEADER_CHALLENGER_GAP,1.010244403990704,0.130587105529683
LAPLACE_INDEPENDENCE_MH,calibration_n24_r-2_late_q12,calibration,2026082401,24,late,2,NOT_SELECTED,129.0,35366.21292901191,,7.669625530215288e-05,0.0007624796553241,utility_action_129,TOP_ACTION_UTILITY,1.000263180812879,0.0144234262651083
LAPLACE_INDEPENDENCE_MH,calibration_n24_r-2_late_q12,calibration,2026082401,24,late,2,NOT_SELECTED,371.0,27112.93177195267,129.0,0.0007919812947947,0.047479112374207,gap_371_vs_129,LEADER_CHALLENGER_GAP,1.0103423041381698,0.1304076788928022
LAPLACE_INDEPENDENCE_MH,calibration_n24_r-2_late_q12,calibration,2026082401,24,late,2,NOT_SELECTED,130.0,34542.90363003052,,8.486481377791697e-05,0.0009370617130583,utility_action_130,TOP_ACTION_UTILITY,1.000297445440719,0.0157727377718753
LAPLACE_INDEPENDENCE_MH,calibration_n24_r-2_late_q12,calibration,2026082401,24,late,2,NOT_SELECTED,371.0,27213.772607097257,130.0,0.0007902494881117,0.0473045303164729,gap_371_vs_130,LEADER_CHALLENGER_GAP,1.0102844222471925,0.130364276579609
LAPLACE_INDEPENDENCE_MH,calibration_n24_r-2_late_q12,calibration,2026082401,24,late,2,NOT_SELECTED,131.0,43553.9752395056,,6.875547379319389e-05,0.0008462053375245,utility_action_131,TOP_ACTION_UTILITY,1.0003495894661243,0.014348984916982
LAPLACE_INDEPENDENCE_MH,calibration_n24_r-2_late_q12,calibration,2026082401,24,late,2,NOT_SELECTED,371.0,26968.623051606308,131.0,0.0007943779479581,0.0473953866920067,gap_371_vs_131,LEADER_CHALLENGER_GAP,1.010286174477796,0.1304537495025689
LAPLACE_INDEPENDENCE_MH,calibration_n24_r-2_late_q12,calibration,2026082401,24,late,2,NOT_SELECTED,226.0,28493.347980520837,,0.0004929268332105,0.0213306511905123,utility_action_226,TOP_ACTION_UTILITY,1.0051443877674673,0.0832059150889856
LAPLACE_INDEPENDENCE_MH,calibration_n24_r-2_late_q12,calibration,2026082401,24,late,2,NOT_SELECTED,371.0,27351.492041651767,226.0,0.0009265645814133,0.0269109408390189,gap_371_vs_226,LEADER_CHALLENGER_GAP,1.002442001247726,0.1532379050985949
LAPLACE_INDEPENDENCE_MH,calibration_n24_r-2_late_q12,calibration,2026082401,24,late,2,NOT_SELECTED,229.0,23562.72648357349,,0.0005361727418918,0.0203452291119613,utility_action_229,TOP_ACTION_UTILITY,1.0048913805261894,0.0823033480504726
LAPLACE_INDEPENDENCE_MH,calibration_n24_r-2_late_q12,calibration,2026082401,24,late,2,NOT_SELECTED,371.0,26033.474826244175,229.0,0.0009458328577363,0.0278963629175698,gap_371_vs_229,LEADER_CHALLENGER_GAP,1.0026875501521904,0.152609112561491
LAPLACE_INDEPENDENCE_MH,calibration_n24_r-2_late_q12,calibration,2026082401,24,late,2,NOT_SELECTED,251.0,23789.186434098945,,0.0008145008541834,0.0442595358479271,utility_action_251,TOP_ACTION_UTILITY,1.0097402775907736,0.12562652276241
LAPLACE_INDEPENDENCE_MH,calibration_n24_r-2_late_q12,calibration,2026082401,24,late,2,NOT_SELECTED,371.0,25017.88202877683,251.0,0.0011317166485592,0.003982056181604,gap_371_vs_251,LEADER_CHALLENGER_GAP,1.000139803930999,0.1790040985745114
LAPLACE_INDEPENDENCE_MH,calibration_n24_r-2_late_q12,calibration,2026082401,24,late,2,NOT_SELECTED,324.0,24955.77633059421,,0.0008066356820369,0.0459359498291227,utility_action_324,TOP_ACTION_UTILITY,1.010255108477418,0.1274274439277379
LAPLACE_INDEPENDENCE_MH,calibration_n24_r-2_late_q12,calibration,2026082401,24,late,2,NOT_SELECTED,371.0,25945.56278531896,324.0,0.0011129815358218,0.0023056422004085,gap_371_vs_324,LEADER_CHALLENGER_GAP,1.0001465134860046,0.1792749075568462
LAPLACE_INDEPENDENCE_MH,calibration_n24_r-2_late_q12,calibration,2026082401,24,late,2,NOT_SELECTED,346.0,25021.73171394582,,0.0005128159900879,0.0196365841019338,utility_action_346,TOP_ACTION_UTILITY,1.004704267236557,0.0811185613999076
LAPLACE_INDEPENDENCE_MH,calibration_n24_r-2_late_q12,calibration,2026082401,24,late,2,NOT_SELECTED,371.0,26533.824169849937,346.0,0.0009305104307788,0.0286050079275974,gap_371_vs_346,LEADER_CHALLENGER_GAP,1.0028387682646345,0.1515727636596127
LAPLACE_INDEPENDENCE_MH,calibration_n24_r-2_late_q12,calibration,2026082401,24,late,2,NOT_SELECTED,371.0,27000.83646869615,,0.0007893219296889,0.0482415920295312,utility_action_371,TOP_ACTION_UTILITY,1.0107981674901416,0.1297008368474154
LAPLACE_INDEPENDENCE_MH,calibration_n24_r-2_late_q12,calibration,2026082401,24,late,2,NOT_SELECTED,372.0,24258.105486335873,,0.0008011784474067,0.0440750814902754,utility_action_372,TOP_ACTION_UTILITY,1.0098358541918333,0.1247836537444683
LAPLACE_INDEPENDENCE_MH,calibration_n24_r-2_late_q12,calibration,2026082401,24,late,2,NOT_SELECTED,371.0,25584.76248282226,372.0,0.0010832905588382,0.0041665105392558,gap_371_vs_372,LEADER_CHALLENGER_GAP,1.0002030870764564,0.1732748984282226
LAPLACE_INDEPENDENCE_MH,calibration_n40_r-2_early_q4,calibration,2026082401,40,early,2,NOT_SELECTED,,5953.071638797288,,3.566546405690427,729.8506892122198,target_energy,TARGET_ENERGY,10.490358869174887,275.1809930643821
LAPLACE_INDEPENDENCE_MH,calibration_n40_r-2_early_q4,calibration,2026082401,40,early,2,NOT_SELECTED,,5756.901020399647,,0.4292068885538843,90.25887375387408,full_factor_energy,FULL_FACTOR_ENERGY,13.028547263197932,32.565748521884395
LAPLACE_INDEPENDENCE_MH,calibration_n40_r-2_early_q4,calibration,2026082401,40,early,2,NOT_SELECTED,659.0,7212.423342729524,,0.0031262389802497,0.2351710752833899,utility_action_659,TOP_ACTION_UTILITY,1.0064087284334968,0.2654989323724276
LAPLACE_INDEPENDENCE_MH,calibration_n40_r-2_early_q4,calibration,2026082401,40,early,2,NOT_SELECTED,900.0,7270.702626122904,659.0,0.0049655716972913,0.1943473747359084,gap_900_vs_659,LEADER_CHALLENGER_GAP,1.0016087616617655,0.4234064290561671
LAPLACE_INDEPENDENCE_MH,calibration_n40_r-2_early_q4,calibration,2026082401,40,early,2,NOT_SELECTED,660.0,6639.938995381346,,0.0032924283299264,0.233206082129211,utility_action_660,TOP_ACTION_UTILITY,1.0082985819347954,0.2682862249686553
LAPLACE_INDEPENDENCE_MH,calibration_n40_r-2_early_q4,calibration,2026082401,40,early,2,NOT_SELECTED,900.0,7248.984545110397,660.0,0.0049545135896761,0.1963123678900873,gap_900_vs_660,LEADER_CHALLENGER_GAP,1.0022708664816329,0.4218320862859044
LAPLACE_INDEPENDENCE_MH,calibration_n40_r-2_early_q4,calibration,2026082401,40,early,2,NOT_SELECTED,699.0,6689.187210191122,,0.0040017714095244,0.4144709031208088,utility_action_699,TOP_ACTION_UTILITY,1.0017332780965285,0.3272946847605141
LAPLACE_INDEPENDENCE_MH,calibration_n40_r-2_early_q4,calibration,2026082401,40,early,2,NOT_SELECTED,900.0,7056.427989902939,699.0,0.0054857904405632,0.0150475468984894,gap_900_vs_699,LEADER_CHALLENGER_GAP,1.001486995708028,0.4608203721699099
LAPLACE_INDEPENDENCE_MH,calibration_n40_r-2_early_q4,calibration,2026082401,40,early,2,NOT_SELECTED,700.0,7432.236011296857,,0.0036837609723891,0.4054953109160844,utility_action_700,TOP_ACTION_UTILITY,1.0016245686546792,0.3175785698140077
LAPLACE_INDEPENDENCE_MH,calibration_n40_r-2_early_q4,calibration,2026082401,40,early,2,NOT_SELECTED,900.0,8094.093740512513,700.0,0.0050580176908541,0.024023139103214,gap_900_vs_700,LEADER_CHALLENGER_GAP,1.000893693022534,0.4550555954394027
LAPLACE_INDEPENDENCE_MH,calibration_n40_r-2_early_q4,calibration,2026082401,40,early,2,NOT_SELECTED,740.0,7560.095365355999,,0.0031182168689355,0.2431584777883538,utility_action_740,TOP_ACTION_UTILITY,1.0067384357553784,0.2711252425781832
LAPLACE_INDEPENDENCE_MH,calibration_n40_r-2_early_q4,calibration,2026082401,40,early,2,NOT_SELECTED,900.0,7848.911772860752,740.0,0.0047989051375832,0.1863599722309445,gap_900_vs_740,LEADER_CHALLENGER_GAP,1.002054323035519,0.4251546063041834
LAPLACE_INDEPENDENCE_MH,calibration_n40_r-2_early_q4,calibration,2026082401,40,early,2,NOT_SELECTED,860.0,6682.526865005797,,0.0033431304891947,0.2391994360867866,utility_action_860,TOP_ACTION_UTILITY,1.0076170458688456,0.2732899649928243
LAPLACE_INDEPENDENCE_MH,calibration_n40_r-2_early_q4,calibration,2026082401,40,early,2,NOT_SELECTED,900.0,6894.684600360939,860.0,0.0048622731417555,0.1903190139325117,gap_900_vs_860,LEADER_CHALLENGER_GAP,1.002565700595711,0.4037351429347651
LAPLACE_INDEPENDENCE_MH,calibration_n40_r-2_early_q4,calibration,2026082401,40,early,2,NOT_SELECTED,899.0,6669.3495780330895,,0.0040228433233796,0.4235987576586891,utility_action_899,TOP_ACTION_UTILITY,1.0024205966126596,0.328529868207571
LAPLACE_INDEPENDENCE_MH,calibration_n40_r-2_early_q4,calibration,2026082401,40,early,2,NOT_SELECTED,900.0,6425.711431922071,899.0,0.005423855050564,0.0059196923606092,gap_900_vs_899,LEADER_CHALLENGER_GAP,1.001483656573851,0.434779124660284
LAPLACE_INDEPENDENCE_MH,calibration_n40_r-2_early_q4,calibration,2026082401,40,early,2,NOT_SELECTED,900.0,7266.484194465676,,0.0038320574540486,0.4295184500192983,utility_action_900,TOP_ACTION_UTILITY,1.0022845298325698,0.3266586616993182
LAPLACE_INDEPENDENCE_MH,calibration_n40_r-2_early_q4,calibration,2026082401,40,early,2,NOT_SELECTED,939.0,7703.277840109614,,0.0030828437364585,0.2406790652410435,utility_action_939,TOP_ACTION_UTILITY,1.0057091019081028,0.2705760128403098
LAPLACE_INDEPENDENCE_MH,calibration_n40_r-2_early_q4,calibration,2026082401,40,early,2,NOT_SELECTED,900.0,7462.096318150354,939.0,0.0048606591412404,0.1888393847782548,gap_900_vs_939,LEADER_CHALLENGER_GAP,1.001720178410307,0.419880390100959
LAPLACE_INDEPENDENCE_MH,calibration_n40_r-2_middle_q8,calibration,2026082401,40,middle,2,NOT_SELECTED,,10193.958315810278,,2.7233638295947395,729.3130912264608,target_energy,TARGET_ENERGY,10.541609926908505,274.9647944196831
LAPLACE_INDEPENDENCE_MH,calibration_n40_r-2_middle_q8,calibration,2026082401,40,middle,2,NOT_SELECTED,,10264.391135196603,,0.3205293545426638,90.0187364745658,full_factor_energy,FULL_FACTOR_ENERGY,13.18972824827202,32.47389674525063
LAPLACE_INDEPENDENCE_MH,calibration_n40_r-2_middle_q8,calibration,2026082401,40,middle,2,NOT_SELECTED,535.0,65536.0,,0.0,0.0,utility_action_535,TOP_ACTION_UTILITY,1.0,0.0
LAPLACE_INDEPENDENCE_MH,calibration_n40_r-2_middle_q8,calibration,2026082401,40,middle,2,NOT_SELECTED,939.0,10250.577403742684,535.0,0.0013791401724073,0.0552423406960391,gap_939_vs_535,LEADER_CHALLENGER_GAP,1.0128894994955868,0.1396312332292713
LAPLACE_INDEPENDENCE_MH,calibration_n40_r-2_middle_q8,calibration,2026082401,40,middle,2,NOT_SELECTED,536.0,13167.4672980972,,0.0001333409592198,0.000889776861825,utility_action_536,TOP_ACTION_UTILITY,1.0005839957874971,0.0153008197574624
LAPLACE_INDEPENDENCE_MH,calibration_n40_r-2_middle_q8,calibration,2026082401,40,middle,2,NOT_SELECTED,939.0,10178.119444272046,536.0,0.0013914892911503,0.054352563834214,gap_939_vs_536,LEADER_CHALLENGER_GAP,1.0124190050735162,0.1403827158255765
LAPLACE_INDEPENDENCE_MH,calibration_n40_r-2_middle_q8,calibration,2026082401,40,middle,2,NOT_SELECTED,537.0,21905.00743305491,,9.790742277404354e-05,0.0009434727085807,utility_action_537,TOP_ACTION_UTILITY,1.0007863930596606,0.0144906317936662
LAPLACE_INDEPENDENCE_MH,calibration_n40_r-2_middle_q8,calibration,2026082401,40,middle,2,NOT_SELECTED,939.0,10323.459681736127,537.0,0.0013825626779356,0.0542988679874584,gap_939_vs_537,LEADER_CHALLENGER_GAP,1.0123209835024387,0.1404744893346005
LAPLACE_INDEPENDENCE_MH,calibration_n40_r-2_middle_q8,calibration,2026082401,40,middle,2,NOT_SELECTED,538.0,18465.850274541735,,0.0001100373030466,0.0008733945921613,utility_action_538,TOP_ACTION_UTILITY,1.0004546963103504,0.0149528712012708
LAPLACE_INDEPENDENCE_MH,calibration_n40_r-2_middle_q8,calibration,2026082401,40,middle,2,NOT_SELECTED,939.0,10230.314348682918,538.0,0.0013870237592731,0.0543689461038778,gap_939_vs_538,LEADER_CHALLENGER_GAP,1.012424084192216,0.1402905409208778
LAPLACE_INDEPENDENCE_MH,calibration_n40_r-2_middle_q8,calibration,2026082401,40,middle,2,NOT_SELECTED,539.0,17609.584458838704,,0.000135182924685,0.0010267128765716,utility_action_539,TOP_ACTION_UTILITY,1.0005160877655233,0.0179389240892815
LAPLACE_INDEPENDENCE_MH,calibration_n40_r-2_middle_q8,calibration,2026082401,40,middle,2,NOT_SELECTED,939.0,10278.96475969774,539.0,0.0013859319865062,0.0542156278194674,gap_939_vs_539,LEADER_CHALLENGER_GAP,1.012314584827308,0.1405130325160186
LAPLACE_INDEPENDENCE_MH,calibration_n40_r-2_middle_q8,calibration,2026082401,40,middle,2,NOT_SELECTED,659.0,12861.392542485122,,0.0012146996843243,0.0534487562587902,utility_action_659,TOP_ACTION_UTILITY,1.012275585597942,0.1377567586180845
LAPLACE_INDEPENDENCE_MH,calibration_n40_r-2_middle_q8,calibration,2026082401,40,middle,2,NOT_SELECTED,939.0,9868.52349510807,659.0,0.0019444748691671,0.0017935844372489,gap_939_vs_659,LEADER_CHALLENGER_GAP,1.0010372855372212,0.1931649937277887
LAPLACE_INDEPENDENCE_MH,calibration_n40_r-2_middle_q8,calibration,2026082401,40,middle,2,NOT_SELECTED,660.0,7733.863838792206,,0.001585742096895,0.0523027085761918,utility_action_660,TOP_ACTION_UTILITY,1.0114714000580034,0.1394539488415834
LAPLACE_INDEPENDENCE_MH,calibration_n40_r-2_middle_q8,calibration,2026082401,40,middle,2,NOT_SELECTED,939.0,8649.563660407366,660.0,0.002088242685598,0.0029396321198472,gap_939_vs_660,LEADER_CHALLENGER_GAP,1.0008454001626452,0.1942128979355981
LAPLACE_INDEPENDENCE_MH,calibration_n40_r-2_middle_q8,calibration,2026082401,40,middle,2,NOT_SELECTED,739.0,10239.490839188316,,0.0013198524330857,0.0503380297285331,utility_action_739,TOP_ACTION_UTILITY,1.011768795055551,0.1335563551262159
LAPLACE_INDEPENDENCE_MH,calibration_n40_r-2_middle_q8,calibration,2026082401,40,middle,2,NOT_SELECTED,939.0,10160.44125692279,739.0,0.0019044145072191,0.0049043109675059,gap_939_vs_739,LEADER_CHALLENGER_GAP,1.001021784028691,0.1919631048919276
LAPLACE_INDEPENDENCE_MH,calibration_n40_r-2_middle_q8,calibration,2026082401,40,middle,2,NOT_SELECTED,740.0,11039.308403271889,,0.0013073631439804,0.0524453637307007,utility_action_740,TOP_ACTION_UTILITY,1.0115556318233887,0.1373621787546319
LAPLACE_INDEPENDENCE_MH,calibration_n40_r-2_middle_q8,calibration,2026082401,40,middle,2,NOT_SELECTED,939.0,11119.28272006832,740.0,0.0018415450986269,0.0027969769653384,gap_939_vs_740,LEADER_CHALLENGER_GAP,1.0007042365877823,0.1941872651643306
LAPLACE_INDEPENDENCE_MH,calibration_n40_r-2_middle_q8,calibration,2026082401,40,middle,2,NOT_SELECTED,859.0,13909.706912706057,,0.0011329669017127,0.0506863050831162,utility_action_859,TOP_ACTION_UTILITY,1.0116347553053413,0.1336214598568864
LAPLACE_INDEPENDENCE_MH,calibration_n40_r-2_middle_q8,calibration,2026082401,40,middle,2,NOT_SELECTED,939.0,10298.97303535951,859.0,0.0018948988538885,0.0045560356129228,gap_939_vs_859,LEADER_CHALLENGER_GAP,1.0008595243040828,0.1923016424854272
LAPLACE_INDEPENDENCE_MH,calibration_n40_r-2_middle_q8,calibration,2026082401,40,middle,2,NOT_SELECTED,860.0,11774.01138064482,,0.0012516786224354,0.0533243951636262,utility_action_860,TOP_ACTION_UTILITY,1.0133264552881949,0.1358172899814224
LAPLACE_INDEPENDENCE_MH,calibration_n40_r-2_middle_q8,calibration,2026082401,40,middle,2,NOT_SELECTED,939.0,10692.848703109055,860.0,0.0018719295550095,0.0019179455324128,gap_939_vs_860,LEADER_CHALLENGER_GAP,1.001360109082487,0.1935691808271931
LAPLACE_INDEPENDENCE_MH,calibration_n40_r-2_middle_q8,calibration,2026082401,40,middle,2,NOT_SELECTED,939.0,10250.577403742684,,0.0013791401724073,0.0552423406960391,utility_action_939,TOP_ACTION_UTILITY,1.0128894994955868,0.1396312332292713
LAPLACE_INDEPENDENCE_MH,calibration_n40_r-2_middle_q8,calibration,2026082401,40,middle,2,NOT_SELECTED,940.0,9787.019658307712,,0.0013134508128965,0.0499612127417441,utility_action_940,TOP_ACTION_UTILITY,1.0125882598568696,0.129938857527314
LAPLACE_INDEPENDENCE_MH,calibration_n40_r-2_middle_q8,calibration,2026082401,40,middle,2,NOT_SELECTED,939.0,9935.250172310904,940.0,0.0018293549954224,0.0052811279542949,gap_939_vs_940,LEADER_CHALLENGER_GAP,1.000742985402413,0.1823422856166057
LAPLACE_INDEPENDENCE_MH,calibration_n40_r-2_late_q12,calibration,2026082401,40,late,2,NOT_SELECTED,,12074.69295605832,,2.5035904002274925,729.6496723109012,target_energy,TARGET_ENERGY,10.509882032625171,275.10680022783265
LAPLACE_INDEPENDENCE_MH,calibration_n40_r-2_late_q12,calibration,2026082401,40,late,2,NOT_SELECTED,,12133.75075261584,,0.2943316770625284,89.86046229532968,full_factor_energy,FULL_FACTOR_ENERGY,13.09563313994698,32.42160719528919
LAPLACE_INDEPENDENCE_MH,calibration_n40_r-2_late_q12,calibration,2026082401,40,late,2,NOT_SELECTED,535.0,65536.0,,0.0,0.0,utility_action_535,TOP_ACTION_UTILITY,1.0,0.0
LAPLACE_INDEPENDENCE_MH,calibration_n40_r-2_late_q12,calibration,2026082401,40,late,2,NOT_SELECTED,740.0,12521.379096988963,535.0,0.0012245426155199,0.052316311762365,gap_740_vs_535,LEADER_CHALLENGER_GAP,1.0120935671603557,0.1370250552634487
LAPLACE_INDEPENDENCE_MH,calibration_n40_r-2_late_q12,calibration,2026082401,40,late,2,NOT_SELECTED,536.0,17011.060963363332,,9.84642118048774e-05,0.0007562631594254,utility_action_536,TOP_ACTION_UTILITY,1.0004342948475635,0.0128423383918653
LAPLACE_INDEPENDENCE_MH,calibration_n40_r-2_late_q12,calibration,2026082401,40,late,2,NOT_SELECTED,740.0,12474.071510122152,536.0,0.0012317116890735,0.0515600486029395,gap_740_vs_536,LEADER_CHALLENGER_GAP,1.011633069784565,0.137566655101012
LAPLACE_INDEPENDENCE_MH,calibration_n40_r-2_late_q12,calibration,2026082401,40,late,2,NOT_SELECTED,537.0,22662.010611408157,,0.000105976206568,0.0009843822515447,utility_action_537,TOP_ACTION_UTILITY,1.0005756143738462,0.015953559232146
LAPLACE_INDEPENDENCE_MH,calibration_n40_r-2_late_q12,calibration,2026082401,40,late,2,NOT_SELECTED,740.0,12624.889371029829,537.0,0.0012273037744171,0.0513319295108203,gap_740_vs_537,LEADER_CHALLENGER_GAP,1.0115024392637026,0.137900506219043
LAPLACE_INDEPENDENCE_MH,calibration_n40_r-2_late_q12,calibration,2026082401,40,late,2,NOT_SELECTED,538.0,11898.931695032628,,0.0001569535696061,0.0011293213609014,utility_action_538,TOP_ACTION_UTILITY,1.0005131587182148,0.017120844510941
LAPLACE_INDEPENDENCE_MH,calibration_n40_r-2_late_q12,calibration,2026082401,40,late,2,NOT_SELECTED,740.0,12383.290875543931,538.0,0.0012423602945224,0.0511869904014635,gap_740_vs_538,LEADER_CHALLENGER_GAP,1.0114289010316446,0.138250146499796
LAPLACE_INDEPENDENCE_MH,calibration_n40_r-2_late_q12,calibration,2026082401,40,late,2,NOT_SELECTED,539.0,8683.367401560574,,0.0001858915380876,0.0012591799194031,utility_action_539,TOP_ACTION_UTILITY,1.0007122387075358,0.0173222263503163
LAPLACE_INDEPENDENCE_MH,calibration_n40_r-2_late_q12,calibration,2026082401,40,late,2,NOT_SELECTED,740.0,12305.315357655552,539.0,0.0012434862725458,0.0510571318429618,gap_740_vs_539,LEADER_CHALLENGER_GAP,1.0114188648372286,0.1379390940524315
LAPLACE_INDEPENDENCE_MH,calibration_n40_r-2_late_q12,calibration,2026082401,40,late,2,NOT_SELECTED,660.0,12288.972875541023,,0.0011959855412615,0.0515706526947513,utility_action_660,TOP_ACTION_UTILITY,1.0118411543756032,0.1325817423684953
LAPLACE_INDEPENDENCE_MH,calibration_n40_r-2_late_q12,calibration,2026082401,40,late,2,NOT_SELECTED,740.0,13203.09697061276,660.0,0.0016502130821957,0.0007456590676136,gap_740_vs_660,LEADER_CHALLENGER_GAP,1.0004758439647234,0.1896172886108027
LAPLACE_INDEPENDENCE_MH,calibration_n40_r-2_late_q12,calibration,2026082401,40,late,2,NOT_SELECTED,698.0,13238.794330512928,,0.0007351168990458,0.0230354299355648,utility_action_698,TOP_ACTION_UTILITY,1.006521746224989,0.0845825207928862
LAPLACE_INDEPENDENCE_MH,calibration_n40_r-2_late_q12,calibration,2026082401,40,late,2,NOT_SELECTED,740.0,12653.757029786237,698.0,0.0014224930291787,0.0292808818268001,gap_740_vs_698,LEADER_CHALLENGER_GAP,1.0035537384501898,0.1600147039719534
LAPLACE_INDEPENDENCE_MH,calibration_n40_r-2_late_q12,calibration,2026082401,40,late,2,NOT_SELECTED,739.0,8902.564308680416,,0.0014414991176299,0.0520579021840318,utility_action_739,TOP_ACTION_UTILITY,1.0117168128470917,0.1360103445039305
LAPLACE_INDEPENDENCE_MH,calibration_n40_r-2_late_q12,calibration,2026082401,40,late,2,NOT_SELECTED,740.0,10260.973707994455,739.0,0.0018245467719004,0.0002584095783331,gap_740_vs_739,LEADER_CHALLENGER_GAP,1.0006640335042842,0.1848201371984798
LAPLACE_INDEPENDENCE_MH,calibration_n40_r-2_late_q12,calibration,2026082401,40,late,2,NOT_SELECTED,740.0,12521.379096988963,,0.0012245426155199,0.052316311762365,utility_action_740,TOP_ACTION_UTILITY,1.0120935671603557,0.1370250552634487
LAPLACE_INDEPENDENCE_MH,calibration_n40_r-2_late_q12,calibration,2026082401,40,late,2,NOT_SELECTED,898.0,10716.058068648335,,0.0008525658804968,0.022788261261981,utility_action_898,TOP_ACTION_UTILITY,1.0056123681939508,0.0882562514377923
LAPLACE_INDEPENDENCE_MH,calibration_n40_r-2_late_q12,calibration,2026082401,40,late,2,NOT_SELECTED,740.0,12294.161272702158,898.0,0.0014578096228875,0.029528050500384,gap_740_vs_898,LEADER_CHALLENGER_GAP,1.00352760661522,0.1616405299198792
LAPLACE_INDEPENDENCE_MH,calibration_n40_r-2_late_q12,calibration,2026082401,40,late,2,NOT_SELECTED,901.0,10189.566947799667,,0.0008970649056442,0.0233970913947608,utility_action_901,TOP_ACTION_UTILITY,1.0056869977681373,0.090552768018426
LAPLACE_INDEPENDENCE_MH,calibration_n40_r-2_late_q12,calibration,2026082401,40,late,2,NOT_SELECTED,740.0,12196.352158178615,901.0,0.0014624900513862,0.0289192203676041,gap_740_vs_901,LEADER_CHALLENGER_GAP,1.0031960461435925,0.1615131541064212
LAPLACE_INDEPENDENCE_MH,calibration_n40_r-2_late_q12,calibration,2026082401,40,late,2,NOT_SELECTED,939.0,11892.990724408482,,0.001256670448898,0.0515441342590023,utility_action_939,TOP_ACTION_UTILITY,1.0119324415676232,0.1370461825494037
LAPLACE_INDEPENDENCE_MH,calibration_n40_r-2_late_q12,calibration,2026082401,40,late,2,NOT_SELECTED,740.0,12834.418147712277,939.0,0.0016892393595279,0.0007721775033627,gap_740_vs_939,LEADER_CHALLENGER_GAP,1.0007972910328908,0.1913723915827789
ELLIPTICAL_SLICE_FULL,calibration_n24_r-2_early_q4,calibration,2026082401,24,early,1,NOT_SELECTED,,1217.4722149452825,,0.4995277785676067,300.26777066631314,target_energy,TARGET_ENERGY,1.0061275604118893,17.42967035692186
ELLIPTICAL_SLICE_FULL,calibration_n24_r-2_early_q4,calibration,2026082401,24,early,1,NOT_SELECTED,,1143.7023882436363,,0.04921647968090148,36.88006706809114,full_factor_energy,FULL_FACTOR_ENERGY,1.006792489095081,1.664435846815503
ELLIPTICAL_SLICE_FULL,calibration_n24_r-2_early_q4,calibration,2026082401,24,early,1,NOT_SELECTED,203.0,3675.2628344067093,,0.004752462822567737,0.2508299948750455,utility_action_203,TOP_ACTION_UTILITY,1.0011568362223089,0.28811304974952745
ELLIPTICAL_SLICE_FULL,calibration_n24_r-2_early_q4,calibration,2026082401,24,early,1,NOT_SELECTED,347.0,4364.242094410543,203.0,0.006773138472610281,0.17385456598535926,gap_347_vs_203,LEADER_CHALLENGER_GAP,1.0012426140962343,0.4474498548347759
ELLIPTICAL_SLICE_FULL,calibration_n24_r-2_early_q4,calibration,2026082401,24,early,1,NOT_SELECTED,227.0,5250.172557867066,,0.004727588586874859,0.42168892369071437,utility_action_227,TOP_ACTION_UTILITY,1.000946459128393,0.3425519659554699
ELLIPTICAL_SLICE_FULL,calibration_n24_r-2_early_q4,calibration,2026082401,24,early,1,NOT_SELECTED,347.0,5133.113241242481,227.0,0.006706827240433039,0.002995637169690365,gap_347_vs_227,LEADER_CHALLENGER_GAP,1.0012920264815892,0.4805156559746988
ELLIPTICAL_SLICE_FULL,calibration_n24_r-2_early_q4,calibration,2026082401,24,early,1,NOT_SELECTED,228.0,4214.037779810342,,0.005216483046343881,0.4152721510895506,utility_action_228,TOP_ACTION_UTILITY,1.0025358166610365,0.3386312335766454
ELLIPTICAL_SLICE_FULL,calibration_n24_r-2_early_q4,calibration,2026082401,24,early,1,NOT_SELECTED,347.0,4727.481489461241,228.0,0.007018623043299182,0.009412409770854085,gap_347_vs_228,LEADER_CHALLENGER_GAP,1.0016521189123406,0.48257724133313157
ELLIPTICAL_SLICE_FULL,calibration_n24_r-2_early_q4,calibration,2026082401,24,early,1,NOT_SELECTED,323.0,4105.7696068919595,,0.004500391522315476,0.2520816040711428,utility_action_323,TOP_ACTION_UTILITY,1.0016292125438009,0.2883683454763095
ELLIPTICAL_SLICE_FULL,calibration_n24_r-2_early_q4,calibration,2026082401,24,early,1,NOT_SELECTED,347.0,4428.761135943898,323.0,0.006428084817922454,0.17260295678926188,gap_347_vs_323,LEADER_CHALLENGER_GAP,1.0017399937870497,0.427782217379591
ELLIPTICAL_SLICE_FULL,calibration_n24_r-2_early_q4,calibration,2026082401,24,early,1,NOT_SELECTED,324.0,4084.8622300289,,0.004534826721831731,0.25464223470231495,utility_action_324,TOP_ACTION_UTILITY,1.001337307468916,0.28983404895767617
ELLIPTICAL_SLICE_FULL,calibration_n24_r-2_early_q4,calibration,2026082401,24,early,1,NOT_SELECTED,347.0,4433.1261207050975,324.0,0.006745148911247131,0.1700423261580898,gap_347_vs_324,LEADER_CHALLENGER_GAP,1.0010414938209358,0.44910365074010644
ELLIPTICAL_SLICE_FULL,calibration_n24_r-2_early_q4,calibration,2026082401,24,early,1,NOT_SELECTED,347.0,4904.516016137715,,0.004904857203004932,0.42468456086040474,utility_action_347,TOP_ACTION_UTILITY,1.0010780565585793,0.3434981850173306
ELLIPTICAL_SLICE_FULL,calibration_n24_r-2_early_q4,calibration,2026082401,24,early,1,NOT_SELECTED,348.0,4468.682724889258,,0.005188339740279328,0.4117474464319837,utility_action_348,TOP_ACTION_UTILITY,1.0016963286819602,0.3468312068401931
ELLIPTICAL_SLICE_FULL,calibration_n24_r-2_early_q4,calibration,2026082401,24,early,1,NOT_SELECTED,347.0,5333.127029681806,348.0,0.00632028034987,0.01293711442842101,gap_347_vs_348,LEADER_CHALLENGER_GAP,1.0014627941558791,0.4615590883924824
ELLIPTICAL_SLICE_FULL,calibration_n24_r-2_early_q4,calibration,2026082401,24,early,1,NOT_SELECTED,371.0,4363.040958899067,,0.0043789625881594406,0.25479738117872264,utility_action_371,TOP_ACTION_UTILITY,1.0013364290845688,0.2892450129893852
ELLIPTICAL_SLICE_FULL,calibration_n24_r-2_early_q4,calibration,2026082401,24,early,1,NOT_SELECTED,347.0,4637.982677126019,371.0,0.006208409296752181,0.16988717968168204,gap_347_vs_371,LEADER_CHALLENGER_GAP,1.0010923407120962,0.4228096605218411
ELLIPTICAL_SLICE_FULL,calibration_n24_r-2_early_q4,calibration,2026082401,24,early,1,NOT_SELECTED,372.0,4400.901472301084,,0.004299320427084831,0.24463801388762407,utility_action_372,TOP_ACTION_UTILITY,1.0022347729416463,0.2852138670325472
ELLIPTICAL_SLICE_FULL,calibration_n24_r-2_early_q4,calibration,2026082401,24,early,1,NOT_SELECTED,347.0,4743.607295811695,372.0,0.00648080877933875,0.1800465469727806,gap_347_vs_372,LEADER_CHALLENGER_GAP,1.0016119985848941,0.4463582556043205
ELLIPTICAL_SLICE_FULL,calibration_n24_r-2_middle_q8,calibration,2026082401,24,middle,1,NOT_SELECTED,,1113.7332497023906,,0.514825866353006,299.27946035632175,target_energy,TARGET_ENERGY,1.0101378098662503,17.181099450791777
ELLIPTICAL_SLICE_FULL,calibration_n24_r-2_middle_q8,calibration,2026082401,24,middle,1,NOT_SELECTED,,1046.806872822724,,0.05010520042375674,36.59984538070157,full_factor_energy,FULL_FACTOR_ENERGY,1.0116500950754488,1.6211234437466253
ELLIPTICAL_SLICE_FULL,calibration_n24_r-2_middle_q8,calibration,2026082401,24,middle,1,NOT_SELECTED,203.0,3893.2545892701264,,0.0021170689102641134,0.0528130708832589,utility_action_203,TOP_ACTION_UTILITY,1.001701098221308,0.13209652608969075
ELLIPTICAL_SLICE_FULL,calibration_n24_r-2_middle_q8,calibration,2026082401,24,middle,1,NOT_SELECTED,371.0,3145.51384814695,203.0,0.003495768197435949,0.005295450384185253,gap_371_vs_203,LEADER_CHALLENGER_GAP,1.0014363485817142,0.19605974246430163
ELLIPTICAL_SLICE_FULL,calibration_n24_r-2_middle_q8,calibration,2026082401,24,middle,1,NOT_SELECTED,204.0,3420.383018781899,,0.0022897502193947013,0.05470749552612055,utility_action_204,TOP_ACTION_UTILITY,1.0013057288499299,0.13391384506664072
ELLIPTICAL_SLICE_FULL,calibration_n24_r-2_middle_q8,calibration,2026082401,24,middle,1,NOT_SELECTED,371.0,3241.387109406189,204.0,0.0034302417248128843,0.0034010257413236043,gap_371_vs_204,LEADER_CHALLENGER_GAP,1.0015736074762125,0.19529457331267705
ELLIPTICAL_SLICE_FULL,calibration_n24_r-2_middle_q8,calibration,2026082401,24,middle,1,NOT_SELECTED,251.0,3538.659632696955,,0.0023148510333536286,0.05387579928249264,utility_action_251,TOP_ACTION_UTILITY,1.0009685500692171,0.13770269634219875
ELLIPTICAL_SLICE_FULL,calibration_n24_r-2_middle_q8,calibration,2026082401,24,middle,1,NOT_SELECTED,371.0,2947.6474638090235,251.0,0.003649658301030964,0.0042327219849515214,gap_371_vs_251,LEADER_CHALLENGER_GAP,1.0020184319546,0.1981481290894052
ELLIPTICAL_SLICE_FULL,calibration_n24_r-2_middle_q8,calibration,2026082401,24,middle,1,NOT_SELECTED,252.0,3431.61989509057,,0.0024024033476413333,0.056947356465872775,utility_action_252,TOP_ACTION_UTILITY,1.0034435645898352,0.1407328597727633
ELLIPTICAL_SLICE_FULL,calibration_n24_r-2_middle_q8,calibration,2026082401,24,middle,1,NOT_SELECTED,371.0,2961.4594822064764,252.0,0.0036547429231208513,0.0011611648015713851,gap_371_vs_252,LEADER_CHALLENGER_GAP,1.003445182978108,0.19888852703365256
ELLIPTICAL_SLICE_FULL,calibration_n24_r-2_middle_q8,calibration,2026082401,24,middle,1,NOT_SELECTED,323.0,2813.3771867494793,,0.0027310793515616214,0.056314661185651864,utility_action_323,TOP_ACTION_UTILITY,1.0011239471876576,0.1448599395092251
ELLIPTICAL_SLICE_FULL,calibration_n24_r-2_middle_q8,calibration,2026082401,24,middle,1,NOT_SELECTED,371.0,2636.1076475386153,323.0,0.0040136499511697,0.001793860081792295,gap_371_vs_323,LEADER_CHALLENGER_GAP,1.0013516361661126,0.20607298573225627
ELLIPTICAL_SLICE_FULL,calibration_n24_r-2_middle_q8,calibration,2026082401,24,middle,1,NOT_SELECTED,324.0,3679.235110616656,,0.002287699453950872,0.05597371448118037,utility_action_324,TOP_ACTION_UTILITY,1.002670957688952,0.13876429674778917
ELLIPTICAL_SLICE_FULL,calibration_n24_r-2_middle_q8,calibration,2026082401,24,middle,1,NOT_SELECTED,371.0,2878.3136785407637,324.0,0.003727364753451681,0.0021348067862637927,gap_371_vs_324,LEADER_CHALLENGER_GAP,1.0027382815885753,0.1999728125844588
ELLIPTICAL_SLICE_FULL,calibration_n24_r-2_middle_q8,calibration,2026082401,24,middle,1,NOT_SELECTED,371.0,2691.6351235779407,,0.0027755705054671362,0.05810852126744416,utility_action_371,TOP_ACTION_UTILITY,1.0028273245377182,0.14399929214492152
ELLIPTICAL_SLICE_FULL,calibration_n24_r-2_middle_q8,calibration,2026082401,24,middle,1,NOT_SELECTED,372.0,2971.161786013342,,0.002474519802343563,0.05101475333020855,utility_action_372,TOP_ACTION_UTILITY,1.0022728874404336,0.1348820270205826
ELLIPTICAL_SLICE_FULL,calibration_n24_r-2_middle_q8,calibration,2026082401,24,middle,1,NOT_SELECTED,371.0,2954.4666603105466,372.0,0.003549624523421418,0.007093767937235608,gap_371_vs_372,LEADER_CHALLENGER_GAP,1.0032526947390252,0.19293986171487967
ELLIPTICAL_SLICE_FULL,calibration_n24_r-2_late_q12,calibration,2026082401,24,late,1,NOT_SELECTED,,1125.7684596145984,,0.51596070223756,299.73362296382476,target_energy,TARGET_ENERGY,1.0067598391092958,17.311757647748784
ELLIPTICAL_SLICE_FULL,calibration_n24_r-2_late_q12,calibration,2026082401,24,late,1,NOT_SELECTED,,1076.4157166702446,,0.049481162562982205,36.435710488169235,full_factor_energy,FULL_FACTOR_ENERGY,1.0059774935841825,1.623416329018172
ELLIPTICAL_SLICE_FULL,calibration_n24_r-2_late_q12,calibration,2026082401,24,late,1,NOT_SELECTED,226.0,3209.756123771466,,0.001561147171866063,0.024332920662319013,utility_action_226,TOP_ACTION_UTILITY,1.0025290325232232,0.08844633971881966
ELLIPTICAL_SLICE_FULL,calibration_n24_r-2_late_q12,calibration,2026082401,24,late,1,NOT_SELECTED,324.0,3856.4229941830217,226.0,0.0026125213049219575,0.028044001461294384,gap_324_vs_226,LEADER_CHALLENGER_GAP,1.0012829256482718,0.16223784636537486
ELLIPTICAL_SLICE_FULL,calibration_n24_r-2_late_q12,calibration,2026082401,24,late,1,NOT_SELECTED,229.0,3423.1220645107446,,0.001523235802441822,0.025041738882254208,utility_action_229,TOP_ACTION_UTILITY,1.0047822466050522,0.08912064722294712
ELLIPTICAL_SLICE_FULL,calibration_n24_r-2_late_q12,calibration,2026082401,24,late,1,NOT_SELECTED,324.0,3915.7673193301807,229.0,0.002618321834274833,0.02733518324135919,gap_324_vs_229,LEADER_CHALLENGER_GAP,1.0018491790464563,0.1638443486009681
ELLIPTICAL_SLICE_FULL,calibration_n24_r-2_late_q12,calibration,2026082401,24,late,1,NOT_SELECTED,251.0,3922.796547170793,,0.0020413321974006885,0.047569142546298994,utility_action_251,TOP_ACTION_UTILITY,1.001416491059226,0.12785319278489754
ELLIPTICAL_SLICE_FULL,calibration_n24_r-2_late_q12,calibration,2026082401,24,late,1,NOT_SELECTED,324.0,4233.051250332826,251.0,0.002844251051573539,0.0048077795773144045,gap_324_vs_251,LEADER_CHALLENGER_GAP,1.0012724488858737,0.18505238664483195
ELLIPTICAL_SLICE_FULL,calibration_n24_r-2_late_q12,calibration,2026082401,24,late,1,NOT_SELECTED,324.0,4350.6446215112555,,0.002050300462217211,0.0523769221236134,utility_action_324,TOP_ACTION_UTILITY,1.000790561654706,0.13523662208298678
ELLIPTICAL_SLICE_FULL,calibration_n24_r-2_late_q12,calibration,2026082401,24,late,1,NOT_SELECTED,371.0,3947.640726781932,,0.0021005587613868192,0.05169144687735278,utility_action_371,TOP_ACTION_UTILITY,1.0009984838485821,0.13197863899998452
ELLIPTICAL_SLICE_FULL,calibration_n24_r-2_late_q12,calibration,2026082401,24,late,1,NOT_SELECTED,324.0,4434.161505232784,371.0,0.0028735555776655598,0.0006854752462606174,gap_324_vs_371,LEADER_CHALLENGER_GAP,1.0011119958052395,0.19134862903070615
ELLIPTICAL_SLICE_FULL,calibration_n24_r-2_late_q12,calibration,2026082401,24,late,1,NOT_SELECTED,372.0,4142.38948760803,,0.001977771486252113,0.048080019573298424,utility_action_372,TOP_ACTION_UTILITY,1.0015711764124655,0.1272921367824647
ELLIPTICAL_SLICE_FULL,calibration_n24_r-2_late_q12,calibration,2026082401,24,late,1,NOT_SELECTED,324.0,3897.685130591226,372.0,0.0029992708403728152,0.004296902550314974,gap_324_vs_372,LEADER_CHALLENGER_GAP,1.0013883602096605,0.18724880784613215
ELLIPTICAL_SLICE_FULL,calibration_n40_r-2_early_q4,calibration,2026082401,40,early,1,NOT_SELECTED,,550.1769366713495,,1.1708923198699681,833.3564853935885,target_energy,TARGET_ENERGY,1.0171415411677478,27.46427555572633
ELLIPTICAL_SLICE_FULL,calibration_n40_r-2_early_q4,calibration,2026082401,40,early,1,NOT_SELECTED,,549.650937824332,,0.10931040111357809,102.49651758911347,full_factor_energy,FULL_FACTOR_ENERGY,1.0175056365747426,2.562742520016514
ELLIPTICAL_SLICE_FULL,calibration_n40_r-2_early_q4,calibration,2026082401,40,early,1,NOT_SELECTED,660.0,1682.1351424297818,,0.006849487368543692,0.24260241421122203,utility_action_660,TOP_ACTION_UTILITY,1.0030641312253963,0.2809237849344533
ELLIPTICAL_SLICE_FULL,calibration_n40_r-2_early_q4,calibration,2026082401,40,early,1,NOT_SELECTED,900.0,1803.6909713958225,660.0,0.010758107480348209,0.1861565135940853,gap_900_vs_660,LEADER_CHALLENGER_GAP,1.0021736248668358,0.45689556717758106
ELLIPTICAL_SLICE_FULL,calibration_n40_r-2_early_q4,calibration,2026082401,40,early,1,NOT_SELECTED,699.0,1990.9405985891506,,0.007648085355117131,0.41496388184700117,utility_action_699,TOP_ACTION_UTILITY,1.003432438446375,0.3412572427550023
ELLIPTICAL_SLICE_FULL,calibration_n40_r-2_early_q4,calibration,2026082401,40,early,1,NOT_SELECTED,900.0,1865.2239890711135,699.0,0.011180782350640463,0.013795045958306194,gap_900_vs_699,LEADER_CHALLENGER_GAP,1.0035664070238624,0.48287830051529995
ELLIPTICAL_SLICE_FULL,calibration_n40_r-2_early_q4,calibration,2026082401,40,early,1,NOT_SELECTED,700.0,1522.7903867140978,,0.00879836219249679,0.41004004822396195,utility_action_700,TOP_ACTION_UTILITY,1.0046369596195468,0.34333802086503673
ELLIPTICAL_SLICE_FULL,calibration_n40_r-2_early_q4,calibration,2026082401,40,early,1,NOT_SELECTED,900.0,1551.3336464174608,700.0,0.012544870755475794,0.01871887958134534,gap_900_vs_700,LEADER_CHALLENGER_GAP,1.0056821624709493,0.4941044864215423
ELLIPTICAL_SLICE_FULL,calibration_n40_r-2_early_q4,calibration,2026082401,40,early,1,NOT_SELECTED,740.0,1619.350715174788,,0.007049315618740252,0.2548293818954557,utility_action_740,TOP_ACTION_UTILITY,1.0047972046015197,0.2836726164228061
ELLIPTICAL_SLICE_FULL,calibration_n40_r-2_early_q4,calibration,2026082401,40,early,1,NOT_SELECTED,900.0,1727.0212384403367,740.0,0.010871491789989496,0.1739295459098516,gap_900_vs_740,LEADER_CHALLENGER_GAP,1.005509775330977,0.4517914225898531
ELLIPTICAL_SLICE_FULL,calibration_n40_r-2_early_q4,calibration,2026082401,40,early,1,NOT_SELECTED,859.0,1474.5217226787145,,0.007762461523437324,0.2633635207843601,utility_action_859,TOP_ACTION_UTILITY,1.0051027893398885,0.2980746536437177
ELLIPTICAL_SLICE_FULL,calibration_n40_r-2_early_q4,calibration,2026082401,40,early,1,NOT_SELECTED,900.0,1844.2387251987384,859.0,0.010550235723775909,0.16539540702094727,gap_900_vs_859,LEADER_CHALLENGER_GAP,1.0053607486991882,0.45307565994680865
ELLIPTICAL_SLICE_FULL,calibration_n40_r-2_early_q4,calibration,2026082401,40,early,1,NOT_SELECTED,860.0,1780.160906344771,,0.006681246025052578,0.24453584245601676,utility_action_860,TOP_ACTION_UTILITY,1.0057937001873178,0.2818948189347929
ELLIPTICAL_SLICE_FULL,calibration_n40_r-2_early_q4,calibration,2026082401,40,early,1,NOT_SELECTED,900.0,1821.776083858725,860.0,0.009998609067238198,0.18422308534929058,gap_900_vs_860,LEADER_CHALLENGER_GAP,1.0068357645258346,0.4267633214671307
ELLIPTICAL_SLICE_FULL,calibration_n40_r-2_early_q4,calibration,2026082401,40,early,1,NOT_SELECTED,899.0,1810.057405801828,,0.008245344515992068,0.41615332345722356,utility_action_899,TOP_ACTION_UTILITY,1.0033546134923663,0.3507962812989491
ELLIPTICAL_SLICE_FULL,calibration_n40_r-2_early_q4,calibration,2026082401,40,early,1,NOT_SELECTED,900.0,2047.4137922184361,899.0,0.010193123202607441,0.012605604348083768,gap_900_vs_899,LEADER_CHALLENGER_GAP,1.00180743814634,0.461222075478633
ELLIPTICAL_SLICE_FULL,calibration_n40_r-2_early_q4,calibration,2026082401,40,early,1,NOT_SELECTED,900.0,1919.2728070167277,,0.007918512971776662,0.42875892780530733,utility_action_900,TOP_ACTION_UTILITY,1.0042290267728484,0.34690614073952014
ELLIPTICAL_SLICE_FULL,calibration_n40_r-2_early_q4,calibration,2026082401,40,early,1,NOT_SELECTED,939.0,1839.4743813846328,,0.006353016939973072,0.24757536182614875,utility_action_939,TOP_ACTION_UTILITY,1.0042169059128894,0.2724751405179639
ELLIPTICAL_SLICE_FULL,calibration_n40_r-2_early_q4,calibration,2026082401,40,early,1,NOT_SELECTED,900.0,1889.4545864526735,939.0,0.010039089909017444,0.18118356597915855,gap_900_vs_939,LEADER_CHALLENGER_GAP,1.0040559804926121,0.4363777239148098
ELLIPTICAL_SLICE_FULL,calibration_n40_r-2_middle_q8,calibration,2026082401,40,middle,1,NOT_SELECTED,,478.83751682190444,,1.3703523211673105,833.0721399034662,target_energy,TARGET_ENERGY,1.0206060455955048,29.986537735219105
ELLIPTICAL_SLICE_FULL,calibration_n40_r-2_middle_q8,calibration,2026082401,40,middle,1,NOT_SELECTED,,444.85181757937386,,0.13191366130503807,102.30922146471198,full_factor_energy,FULL_FACTOR_ENERGY,1.0243879505841003,2.782258380038151
ELLIPTICAL_SLICE_FULL,calibration_n40_r-2_middle_q8,calibration,2026082401,40,middle,1,NOT_SELECTED,659.0,1400.898010576714,,0.00392968742269753,0.06403908710364238,utility_action_659,TOP_ACTION_UTILITY,1.005470337646013,0.14708258909031327
ELLIPTICAL_SLICE_FULL,calibration_n40_r-2_middle_q8,calibration,2026082401,40,middle,1,NOT_SELECTED,860.0,1074.662373490809,659.0,0.0067229028488645926,0.010124869661666421,gap_860_vs_659,LEADER_CHALLENGER_GAP,1.0029400976667942,0.22039049337678168
ELLIPTICAL_SLICE_FULL,calibration_n40_r-2_middle_q8,calibration,2026082401,40,middle,1,NOT_SELECTED,660.0,1578.780790705462,,0.003459978116818823,0.055473400594971925,utility_action_660,TOP_ACTION_UTILITY,1.0017136661412571,0.13747833661141912
ELLIPTICAL_SLICE_FULL,calibration_n40_r-2_middle_q8,calibration,2026082401,40,middle,1,NOT_SELECTED,860.0,1183.2196449617252,660.0,0.006232676557139639,0.018690556170336884,gap_860_vs_660,LEADER_CHALLENGER_GAP,1.001969742583745,0.21439135825314282
ELLIPTICAL_SLICE_FULL,calibration_n40_r-2_middle_q8,calibration,2026082401,40,middle,1,NOT_SELECTED,739.0,1356.3995273131275,,0.003895726004749779,0.05824239035246407,utility_action_739,TOP_ACTION_UTILITY,1.0035697059208368,0.14347697751124106
ELLIPTICAL_SLICE_FULL,calibration_n40_r-2_middle_q8,calibration,2026082401,40,middle,1,NOT_SELECTED,860.0,1018.6235925174885,739.0,0.0069413260509766685,0.015921566412844736,gap_860_vs_739,LEADER_CHALLENGER_GAP,1.0041064809890043,0.22153855063499284
ELLIPTICAL_SLICE_FULL,calibration_n40_r-2_middle_q8,calibration,2026082401,40,middle,1,NOT_SELECTED,740.0,1568.120004725702,,0.003504006406343968,0.055546414608020324,utility_action_740,TOP_ACTION_UTILITY,1.0058731784793968,0.13875688418881013
ELLIPTICAL_SLICE_FULL,calibration_n40_r-2_middle_q8,calibration,2026082401,40,middle,1,NOT_SELECTED,860.0,1178.0738618821213,740.0,0.0062410897735509846,0.01861754215728848,gap_860_vs_740,LEADER_CHALLENGER_GAP,1.004390909745712,0.2142134273301558
ELLIPTICAL_SLICE_FULL,calibration_n40_r-2_middle_q8,calibration,2026082401,40,middle,1,NOT_SELECTED,859.0,1608.793105408171,,0.0036821027327126245,0.06059418391412778,utility_action_859,TOP_ACTION_UTILITY,1.0027136096713285,0.14768826875364438
ELLIPTICAL_SLICE_FULL,calibration_n40_r-2_middle_q8,calibration,2026082401,40,middle,1,NOT_SELECTED,860.0,1222.7533059704342,859.0,0.0062165300376778206,0.013569772851181024,gap_860_vs_859,LEADER_CHALLENGER_GAP,1.0033517062195059,0.21737893630972663
ELLIPTICAL_SLICE_FULL,calibration_n40_r-2_middle_q8,calibration,2026082401,40,middle,1,NOT_SELECTED,860.0,964.7341795352564,,0.00536920628233354,0.0741639567653088,utility_action_860,TOP_ACTION_UTILITY,1.0029675101437627,0.1667684615457548
ELLIPTICAL_SLICE_FULL,calibration_n40_r-2_middle_q8,calibration,2026082401,40,middle,1,NOT_SELECTED,939.0,1442.5875019671043,,0.003945591559384478,0.06522532798770936,utility_action_939,TOP_ACTION_UTILITY,1.0020072204702342,0.14985913052144276
ELLIPTICAL_SLICE_FULL,calibration_n40_r-2_middle_q8,calibration,2026082401,40,middle,1,NOT_SELECTED,860.0,1077.5537541251151,939.0,0.006881577645752243,0.00893862877759945,gap_860_vs_939,LEADER_CHALLENGER_GAP,1.0034260988901216,0.22589545164777455
ELLIPTICAL_SLICE_FULL,calibration_n40_r-2_middle_q8,calibration,2026082401,40,middle,1,NOT_SELECTED,940.0,1432.4419597219764,,0.0037556641585533594,0.06061144097273579,utility_action_940,TOP_ACTION_UTILITY,1.0054837552667724,0.1421429310694777
ELLIPTICAL_SLICE_FULL,calibration_n40_r-2_middle_q8,calibration,2026082401,40,middle,1,NOT_SELECTED,860.0,1094.2716265199513,940.0,0.006620580465334995,0.013552515792573012,gap_860_vs_940,LEADER_CHALLENGER_GAP,1.004210509448719,0.21900732341747245
ELLIPTICAL_SLICE_FULL,calibration_n40_r-2_late_q12,calibration,2026082401,40,late,1,NOT_SELECTED,,489.31731630671015,,1.278386513110379,830.8003192119136,target_energy,TARGET_ENERGY,1.0246208890250887,28.27857186607788
ELLIPTICAL_SLICE_FULL,calibration_n40_r-2_late_q12,calibration,2026082401,40,late,1,NOT_SELECTED,,439.4941584722065,,0.12782556613316717,101.88502659520108,full_factor_energy,FULL_FACTOR_ENERGY,1.0281858898538538,2.6797499925557524
ELLIPTICAL_SLICE_FULL,calibration_n40_r-2_late_q12,calibration,2026082401,40,late,1,NOT_SELECTED,660.0,1210.826794342031,,0.0042713986476315595,0.06355310664048695,utility_action_660,TOP_ACTION_UTILITY,1.0057811598543729,0.14863158778751193
ELLIPTICAL_SLICE_FULL,calibration_n40_r-2_late_q12,calibration,2026082401,40,late,1,NOT_SELECTED,698.0,925.1042650111835,,0.0034835760132984088,0.031032902005205466,utility_action_698,TOP_ACTION_UTILITY,1.006206173995457,0.10595479927675783
ELLIPTICAL_SLICE_FULL,calibration_n40_r-2_late_q12,calibration,2026082401,40,late,1,NOT_SELECTED,660.0,1064.728628992735,698.0,0.0055707675444739155,0.0325202046352815,gap_660_vs_698,LEADER_CHALLENGER_GAP,1.0051317541219964,0.18177514619150892
ELLIPTICAL_SLICE_FULL,calibration_n40_r-2_late_q12,calibration,2026082401,40,late,1,NOT_SELECTED,701.0,1674.24840688559,,0.0021228744145770292,0.02332149869729882,utility_action_701,TOP_ACTION_UTILITY,1.0063805827206918,0.08686288508478422
ELLIPTICAL_SLICE_FULL,calibration_n40_r-2_late_q12,calibration,2026082401,40,late,1,NOT_SELECTED,660.0,1242.272188272904,701.0,0.00496586203291282,0.04023160794318815,gap_660_vs_701,LEADER_CHALLENGER_GAP,1.0087962795850125,0.17502618655805455
ELLIPTICAL_SLICE_FULL,calibration_n40_r-2_late_q12,calibration,2026082401,40,late,1,NOT_SELECTED,739.0,1164.0143358266607,,0.004464415600869711,0.06312689536745306,utility_action_739,TOP_ACTION_UTILITY,1.0057863705620147,0.1523153881803833
ELLIPTICAL_SLICE_FULL,calibration_n40_r-2_late_q12,calibration,2026082401,40,late,1,NOT_SELECTED,660.0,1136.3086044384595,739.0,0.006348490125660441,0.00042621127303392025,gap_660_vs_739,LEADER_CHALLENGER_GAP,1.005661685480947,0.21400237642664
ELLIPTICAL_SLICE_FULL,calibration_n40_r-2_late_q12,calibration,2026082401,40,late,1,NOT_SELECTED,740.0,1737.116836527834,,0.003274302389157004,0.05674014495784245,utility_action_740,TOP_ACTION_UTILITY,1.0014904553084365,0.13646877708318123
ELLIPTICAL_SLICE_FULL,calibration_n40_r-2_late_q12,calibration,2026082401,40,late,1,NOT_SELECTED,660.0,1408.1705749198986,740.0,0.005417638821340938,0.006812961682644511,gap_660_vs_740,LEADER_CHALLENGER_GAP,1.0036739958997387,0.20330014154746986
ELLIPTICAL_SLICE_FULL,calibration_n40_r-2_late_q12,calibration,2026082401,40,late,1,NOT_SELECTED,901.0,1687.3505005077418,,0.0021344020517717463,0.024948987636069966,utility_action_901,TOP_ACTION_UTILITY,1.0027786207512979,0.08767562734010763
ELLIPTICAL_SLICE_FULL,calibration_n40_r-2_late_q12,calibration,2026082401,40,late,1,NOT_SELECTED,660.0,1381.0422626687096,901.0,0.004650194421725359,0.038604119004417,gap_660_vs_901,LEADER_CHALLENGER_GAP,1.002910985987023,0.17281227812200925
ELLIPTICAL_SLICE_FULL,calibration_n40_r-2_late_q12,calibration,2026082401,40,late,1,NOT_SELECTED,939.0,1593.0729119761963,,0.00348629085970192,0.058333875707226326,utility_action_939,TOP_ACTION_UTILITY,1.002453527612892,0.13914943389854195
ELLIPTICAL_SLICE_FULL,calibration_n40_r-2_late_q12,calibration,2026082401,40,late,1,NOT_SELECTED,660.0,1441.099856640589,939.0,0.005403590073612292,0.005219230933260631,gap_660_vs_939,LEADER_CHALLENGER_GAP,1.0055267217326815,0.20513011934568448
ELLIPTICAL_SLICE_FULL,calibration_n24_r-2_early_q4,calibration,2026082401,24,early,2,NOT_SELECTED,,2001.9614041655198,,0.3832784402594713,299.9943528220317,target_energy,TARGET_ENERGY,1.0019730137984622,17.149135851165315
ELLIPTICAL_SLICE_FULL,calibration_n24_r-2_early_q4,calibration,2026082401,24,early,2,NOT_SELECTED,,1942.7006884180867,,0.03678610366958963,36.86967412105585,full_factor_energy,FULL_FACTOR_ENERGY,1.0026530653365826,1.6213871899118253
ELLIPTICAL_SLICE_FULL,calibration_n24_r-2_early_q4,calibration,2026082401,24,early,2,NOT_SELECTED,204.0,8974.935743078846,,0.0029727901494864184,0.24664664769604805,utility_action_204,TOP_ACTION_UTILITY,1.0006231209457541,0.28163065627660616
ELLIPTICAL_SLICE_FULL,calibration_n24_r-2_early_q4,calibration,2026082401,24,early,2,NOT_SELECTED,347.0,8762.89026476057,204.0,0.004809333549108998,0.17757469221580968,gap_347_vs_204,LEADER_CHALLENGER_GAP,1.0013437708832644,0.45020320767411975
ELLIPTICAL_SLICE_FULL,calibration_n24_r-2_early_q4,calibration,2026082401,24,early,2,NOT_SELECTED,227.0,8555.96339076622,,0.003751517272713247,0.41989031411886446,utility_action_227,TOP_ACTION_UTILITY,1.0011175745321332,0.34700953568005444
ELLIPTICAL_SLICE_FULL,calibration_n24_r-2_early_q4,calibration,2026082401,24,early,2,NOT_SELECTED,347.0,8527.375084159452,227.0,0.00531897502328724,0.004331025792993267,gap_347_vs_227,LEADER_CHALLENGER_GAP,1.000721147310634,0.49117429910449706
ELLIPTICAL_SLICE_FULL,calibration_n24_r-2_early_q4,calibration,2026082401,24,early,2,NOT_SELECTED,228.0,9961.24266876722,,0.003395460139360228,0.4116199723729178,utility_action_228,TOP_ACTION_UTILITY,1.000983321285482,0.3388873802778598
ELLIPTICAL_SLICE_FULL,calibration_n24_r-2_early_q4,calibration,2026082401,24,early,2,NOT_SELECTED,347.0,9594.973983925773,228.0,0.004949510583858308,0.012601367538939943,gap_347_vs_228,LEADER_CHALLENGER_GAP,1.0008691246674097,0.48482405322080907
ELLIPTICAL_SLICE_FULL,calibration_n24_r-2_early_q4,calibration,2026082401,24,early,2,NOT_SELECTED,252.0,8317.130417855995,,0.0031197568852371713,0.2436618241826098,utility_action_252,TOP_ACTION_UTILITY,1.000415746773774,0.2845165328129467
ELLIPTICAL_SLICE_FULL,calibration_n24_r-2_early_q4,calibration,2026082401,24,early,2,NOT_SELECTED,347.0,8479.501665481272,252.0,0.004896253582031657,0.18055951572924794,gap_347_vs_252,LEADER_CHALLENGER_GAP,1.0004832472786416,0.4508676413105751
ELLIPTICAL_SLICE_FULL,calibration_n24_r-2_early_q4,calibration,2026082401,24,early,2,NOT_SELECTED,347.0,9297.28173678473,,0.0036339234335104275,0.42422133991185773,utility_action_347,TOP_ACTION_UTILITY,1.000965895866891,0.3503916662678651
ELLIPTICAL_SLICE_FULL,calibration_n24_r-2_early_q4,calibration,2026082401,24,early,2,NOT_SELECTED,348.0,9559.380053564353,,0.0035096095303158627,0.41857395830674327,utility_action_348,TOP_ACTION_UTILITY,1.000350400846904,0.3431418314132969
ELLIPTICAL_SLICE_FULL,calibration_n24_r-2_early_q4,calibration,2026082401,24,early,2,NOT_SELECTED,347.0,9944.89546975202,348.0,0.004584851993484399,0.005647381605114474,gap_347_vs_348,LEADER_CHALLENGER_GAP,1.00040501601111,0.45722022371712284
ELLIPTICAL_SLICE_FULL,calibration_n24_r-2_early_q4,calibration,2026082401,24,early,2,NOT_SELECTED,371.0,7697.470732831454,,0.003346698071930921,0.2596215661416045,utility_action_371,TOP_ACTION_UTILITY,1.000730393743071,0.2936233279361923
ELLIPTICAL_SLICE_FULL,calibration_n24_r-2_early_q4,calibration,2026082401,24,early,2,NOT_SELECTED,347.0,8841.822124610215,371.0,0.004566494851840191,0.16459977377025323,gap_347_vs_371,LEADER_CHALLENGER_GAP,1.000851099505981,0.4293919114131043
ELLIPTICAL_SLICE_FULL,calibration_n24_r-2_early_q4,calibration,2026082401,24,early,2,NOT_SELECTED,372.0,8264.393948306844,,0.003145632697818303,0.2454094635454577,utility_action_372,TOP_ACTION_UTILITY,1.0011122730133535,0.2859654175167562
ELLIPTICAL_SLICE_FULL,calibration_n24_r-2_early_q4,calibration,2026082401,24,early,2,NOT_SELECTED,347.0,9525.66011260763,372.0,0.0045104042491454395,0.17881187636640003,gap_347_vs_372,LEADER_CHALLENGER_GAP,1.0014239150577404,0.4402131466546068
ELLIPTICAL_SLICE_FULL,calibration_n24_r-2_middle_q8,calibration,2026082401,24,middle,2,NOT_SELECTED,,2150.540208343538,,0.3757039511053277,299.1205108398192,target_energy,TARGET_ENERGY,1.003132327273451,17.422863968358826
ELLIPTICAL_SLICE_FULL,calibration_n24_r-2_middle_q8,calibration,2026082401,24,middle,2,NOT_SELECTED,,2063.340305453635,,0.03625280518218277,36.57451280348374,full_factor_energy,FULL_FACTOR_ENERGY,1.0031379826732107,1.6467476338734097
ELLIPTICAL_SLICE_FULL,calibration_n24_r-2_middle_q8,calibration,2026082401,24,middle,2,NOT_SELECTED,203.0,7400.088036188296,,0.0016121316843321321,0.054871234968205194,utility_action_203,TOP_ACTION_UTILITY,1.000587661852295,0.13868163614455276
ELLIPTICAL_SLICE_FULL,calibration_n24_r-2_middle_q8,calibration,2026082401,24,middle,2,NOT_SELECTED,371.0,7002.714043124081,203.0,0.002403272486567431,0.005397846723401038,gap_371_vs_203,LEADER_CHALLENGER_GAP,1.001068739114737,0.20111117836241296
ELLIPTICAL_SLICE_FULL,calibration_n24_r-2_middle_q8,calibration,2026082401,24,middle,2,NOT_SELECTED,204.0,6551.299688110742,,0.0017039764929378828,0.05492146105506185,utility_action_204,TOP_ACTION_UTILITY,1.0008889745870049,0.1379200266844862
ELLIPTICAL_SLICE_FULL,calibration_n24_r-2_middle_q8,calibration,2026082401,24,middle,2,NOT_SELECTED,371.0,6434.140190907406,204.0,0.002489959611138558,0.005347620636544389,gap_371_vs_204,LEADER_CHALLENGER_GAP,1.0012067270503495,0.19972736033780988
ELLIPTICAL_SLICE_FULL,calibration_n24_r-2_middle_q8,calibration,2026082401,24,middle,2,NOT_SELECTED,251.0,6704.305635979069,,0.0016420517429240546,0.05250429875579214,utility_action_251,TOP_ACTION_UTILITY,1.000933893650284,0.13445090828816578
ELLIPTICAL_SLICE_FULL,calibration_n24_r-2_middle_q8,calibration,2026082401,24,middle,2,NOT_SELECTED,371.0,6663.906997265588,251.0,0.002415283034654919,0.007764782935814087,gap_371_vs_251,LEADER_CHALLENGER_GAP,1.0009124663912097,0.19716621278562313
ELLIPTICAL_SLICE_FULL,calibration_n24_r-2_middle_q8,calibration,2026082401,24,middle,2,NOT_SELECTED,252.0,6262.112565146699,,0.0017809639007674294,0.05686003466074341,utility_action_252,TOP_ACTION_UTILITY,1.001265817497041,0.14093392645403321
ELLIPTICAL_SLICE_FULL,calibration_n24_r-2_middle_q8,calibration,2026082401,24,middle,2,NOT_SELECTED,371.0,6500.8676973932215,252.0,0.0025141503246371307,0.0034090470308628224,gap_371_vs_252,LEADER_CHALLENGER_GAP,1.0014259034223787,0.20271080812359654
ELLIPTICAL_SLICE_FULL,calibration_n24_r-2_middle_q8,calibration,2026082401,24,middle,2,NOT_SELECTED,323.0,6296.279314942691,,0.0016795167473713443,0.05193588132934637,utility_action_323,TOP_ACTION_UTILITY,1.00196585329267,0.13326813857266903
ELLIPTICAL_SLICE_FULL,calibration_n24_r-2_middle_q8,calibration,2026082401,24,middle,2,NOT_SELECTED,371.0,6458.293001953308,323.0,0.0024444881711874087,0.008333200362259862,gap_371_vs_323,LEADER_CHALLENGER_GAP,1.001641512229008,0.19644763837248902
ELLIPTICAL_SLICE_FULL,calibration_n24_r-2_middle_q8,calibration,2026082401,24,middle,2,NOT_SELECTED,324.0,6844.490187372202,,0.0015453959248335706,0.04868993566844991,utility_action_324,TOP_ACTION_UTILITY,1.0005812247736015,0.12785282110564733
ELLIPTICAL_SLICE_FULL,calibration_n24_r-2_middle_q8,calibration,2026082401,24,middle,2,NOT_SELECTED,371.0,6897.116103371032,324.0,0.002313740259430351,0.011579146023156326,gap_371_vs_324,LEADER_CHALLENGER_GAP,1.0007873943169627,0.19215353205984806
ELLIPTICAL_SLICE_FULL,calibration_n24_r-2_middle_q8,calibration,2026082401,24,middle,2,NOT_SELECTED,371.0,6547.894973065889,,0.0017839621361269305,0.06026908169160623,utility_action_371,TOP_ACTION_UTILITY,1.0009662699310014,0.14435654686681829
ELLIPTICAL_SLICE_FULL,calibration_n24_r-2_middle_q8,calibration,2026082401,24,middle,2,NOT_SELECTED,372.0,6557.396537318831,,0.0016162013525597132,0.04966319480405988,utility_action_372,TOP_ACTION_UTILITY,1.0007350562702726,0.1308763544885769
ELLIPTICAL_SLICE_FULL,calibration_n24_r-2_middle_q8,calibration,2026082401,24,middle,2,NOT_SELECTED,371.0,6084.482285438426,372.0,0.0024159243544986772,0.01060588688754635,gap_371_vs_372,LEADER_CHALLENGER_GAP,1.00088832915191,0.1884495685101689
ELLIPTICAL_SLICE_FULL,calibration_n24_r-2_late_q12,calibration,2026082401,24,late,2,NOT_SELECTED,,2159.733046411239,,0.36874770669113377,299.9977044830191,target_energy,TARGET_ENERGY,1.0020735098697167,17.136785660983527
ELLIPTICAL_SLICE_FULL,calibration_n24_r-2_late_q12,calibration,2026082401,24,late,2,NOT_SELECTED,,2114.47100338379,,0.035358325536770555,36.42701080700321,full_factor_energy,FULL_FACTOR_ENERGY,1.0026110680399167,1.6258952298011335
ELLIPTICAL_SLICE_FULL,calibration_n24_r-2_late_q12,calibration,2026082401,24,late,2,NOT_SELECTED,226.0,5988.039195397787,,0.0011379305263672862,0.024376304658265992,utility_action_226,TOP_ACTION_UTILITY,1.0007242632708888,0.08805581990989796
ELLIPTICAL_SLICE_FULL,calibration_n24_r-2_late_q12,calibration,2026082401,24,late,2,NOT_SELECTED,371.0,6122.283197179555,226.0,0.002098905609549334,0.03176884824962317,gap_371_vs_226,LEADER_CHALLENGER_GAP,1.001460618256091,0.16422891196570563
ELLIPTICAL_SLICE_FULL,calibration_n24_r-2_late_q12,calibration,2026082401,24,late,2,NOT_SELECTED,229.0,6935.436544827044,,0.0010245296366261187,0.0226022737878637,utility_action_229,TOP_ACTION_UTILITY,1.0009567303123348,0.08532207858980553
ELLIPTICAL_SLICE_FULL,calibration_n24_r-2_late_q12,calibration,2026082401,24,late,2,NOT_SELECTED,371.0,6457.515120252684,229.0,0.0020307897109409835,0.033542879120025466,gap_371_vs_229,LEADER_CHALLENGER_GAP,1.001777279056159,0.16319155107365216
ELLIPTICAL_SLICE_FULL,calibration_n24_r-2_late_q12,calibration,2026082401,24,late,2,NOT_SELECTED,251.0,6412.626729213699,,0.0016108454529142491,0.049726780938804276,utility_action_251,TOP_ACTION_UTILITY,1.0007421939027696,0.12899469677711295
ELLIPTICAL_SLICE_FULL,calibration_n24_r-2_late_q12,calibration,2026082401,24,late,2,NOT_SELECTED,371.0,6448.0891625500135,251.0,0.0023622507753391438,0.0064183719690848896,gap_371_vs_251,LEADER_CHALLENGER_GAP,1.001925761081905,0.18968872494175726
ELLIPTICAL_SLICE_FULL,calibration_n24_r-2_late_q12,calibration,2026082401,24,late,2,NOT_SELECTED,324.0,7582.386152835902,,0.0015286279021279818,0.05056696461711481,utility_action_324,TOP_ACTION_UTILITY,1.0004301175626336,0.13310817580412804
ELLIPTICAL_SLICE_FULL,calibration_n24_r-2_late_q12,calibration,2026082401,24,late,2,NOT_SELECTED,371.0,6610.508063642898,324.0,0.0023888230204399306,0.0055781882907743555,gap_371_vs_324,LEADER_CHALLENGER_GAP,1.0010913146341063,0.19422332969706324
ELLIPTICAL_SLICE_FULL,calibration_n24_r-2_late_q12,calibration,2026082401,24,late,2,NOT_SELECTED,346.0,5529.246008789667,,0.0012251529969487512,0.02461527352441855,utility_action_346,TOP_ACTION_UTILITY,1.0008194861550446,0.09110102918134975
ELLIPTICAL_SLICE_FULL,calibration_n24_r-2_late_q12,calibration,2026082401,24,late,2,NOT_SELECTED,371.0,6012.588254610214,346.0,0.002117307264040401,0.03152987938347062,gap_371_vs_346,LEADER_CHALLENGER_GAP,1.0030955627507687,0.1641778709885058
ELLIPTICAL_SLICE_FULL,calibration_n24_r-2_late_q12,calibration,2026082401,24,late,2,NOT_SELECTED,349.0,6535.339800408713,,0.0010359073219624595,0.021896723668078676,utility_action_349,TOP_ACTION_UTILITY,1.0020463013103742,0.08374424845015063
ELLIPTICAL_SLICE_FULL,calibration_n24_r-2_late_q12,calibration,2026082401,24,late,2,NOT_SELECTED,371.0,5880.746914437011,349.0,0.0021342751972365684,0.03424842923981049,gap_371_vs_349,LEADER_CHALLENGER_GAP,1.0027127919878738,0.16366908786924658
ELLIPTICAL_SLICE_FULL,calibration_n24_r-2_late_q12,calibration,2026082401,24,late,2,NOT_SELECTED,371.0,6332.36169378974,,0.0017529271410023225,0.05614515290788917,utility_action_371,TOP_ACTION_UTILITY,1.0024659135486378,0.13949117157844823
ELLIPTICAL_SLICE_FULL,calibration_n24_r-2_late_q12,calibration,2026082401,24,late,2,NOT_SELECTED,372.0,5598.386759265581,,0.0018490807530112327,0.05270067188728338,utility_action_372,TOP_ACTION_UTILITY,1.0006272687134434,0.13835260063936952
ELLIPTICAL_SLICE_FULL,calibration_n24_r-2_late_q12,calibration,2026082401,24,late,2,NOT_SELECTED,371.0,6135.92138454696,372.0,0.002423768805481736,0.0034444810206057876,gap_371_vs_372,LEADER_CHALLENGER_GAP,1.002331805598292,0.18985895450603957
ELLIPTICAL_SLICE_FULL,calibration_n40_r-2_early_q4,calibration,2026082401,40,early,2,NOT_SELECTED,,720.4827947549599,,1.080612386295594,832.9192376570494,target_energy,TARGET_ENERGY,1.005248687498096,29.005592974136164
ELLIPTICAL_SLICE_FULL,calibration_n40_r-2_early_q4,calibration,2026082401,40,early,2,NOT_SELECTED,,697.0116857006948,,0.10471342129018404,102.43426115045887,full_factor_energy,FULL_FACTOR_ENERGY,1.0051045236182372,2.7645368236937182
ELLIPTICAL_SLICE_FULL,calibration_n40_r-2_early_q4,calibration,2026082401,40,early,2,NOT_SELECTED,659.0,2833.6694440857254,,0.005442329978813886,0.26080025153489583,utility_action_659,TOP_ACTION_UTILITY,1.0017524287254524,0.28970731686414863
ELLIPTICAL_SLICE_FULL,calibration_n40_r-2_early_q4,calibration,2026082401,40,early,2,NOT_SELECTED,900.0,2780.3382799065153,659.0,0.008493550341647407,0.16814085657406908,gap_900_vs_659,LEADER_CHALLENGER_GAP,1.002868744929892,0.4478556781328614
ELLIPTICAL_SLICE_FULL,calibration_n40_r-2_early_q4,calibration,2026082401,40,early,2,NOT_SELECTED,660.0,2675.8503093562445,,0.005713874152246085,0.25818164962201723,utility_action_660,TOP_ACTION_UTILITY,1.0028674609903556,0.2955708348150072
ELLIPTICAL_SLICE_FULL,calibration_n40_r-2_early_q4,calibration,2026082401,40,early,2,NOT_SELECTED,900.0,2862.4278241087586,660.0,0.008495826765074219,0.17075945848694768,gap_900_vs_660,LEADER_CHALLENGER_GAP,1.0020229396449634,0.4545408509908956
ELLIPTICAL_SLICE_FULL,calibration_n40_r-2_early_q4,calibration,2026082401,40,early,2,NOT_SELECTED,699.0,2971.411955386391,,0.0064919992723063286,0.42031821909601985,utility_action_699,TOP_ACTION_UTILITY,1.00085013624107,0.3538831592023958
ELLIPTICAL_SLICE_FULL,calibration_n40_r-2_early_q4,calibration,2026082401,40,early,2,NOT_SELECTED,900.0,2863.4012833306297,699.0,0.009261848347579664,0.008622889012945074,gap_900_vs_699,LEADER_CHALLENGER_GAP,1.0020120546400744,0.4956085308906776
ELLIPTICAL_SLICE_FULL,calibration_n40_r-2_early_q4,calibration,2026082401,40,early,2,NOT_SELECTED,700.0,3203.275265679513,,0.006156576002602096,0.41207974556330096,utility_action_700,TOP_ACTION_UTILITY,1.002333298924926,0.3484467156391689
ELLIPTICAL_SLICE_FULL,calibration_n40_r-2_early_q4,calibration,2026082401,40,early,2,NOT_SELECTED,900.0,3433.8291041396246,700.0,0.008327916490274579,0.016861362545663953,gap_900_vs_700,LEADER_CHALLENGER_GAP,1.0021394461878472,0.4880066051339952
ELLIPTICAL_SLICE_FULL,calibration_n40_r-2_early_q4,calibration,2026082401,40,early,2,NOT_SELECTED,859.0,2852.7940465388997,,0.005426863023298619,0.2590442074579853,utility_action_859,TOP_ACTION_UTILITY,1.0045038032082574,0.2898571846682655
ELLIPTICAL_SLICE_FULL,calibration_n40_r-2_early_q4,calibration,2026082401,40,early,2,NOT_SELECTED,900.0,3004.3238156456364,859.0,0.008140539559751489,0.16989690065097962,gap_900_vs_859,LEADER_CHALLENGER_GAP,1.0032845844125236,0.4461969130872461
ELLIPTICAL_SLICE_FULL,calibration_n40_r-2_early_q4,calibration,2026082401,40,early,2,NOT_SELECTED,860.0,3164.0601745735908,,0.005227336813453215,0.25552415373581183,utility_action_860,TOP_ACTION_UTILITY,1.0020490136351823,0.2940375877052828
ELLIPTICAL_SLICE_FULL,calibration_n40_r-2_early_q4,calibration,2026082401,40,early,2,NOT_SELECTED,900.0,3843.4768115133,860.0,0.006877438552969666,0.17341695437315308,gap_900_vs_860,LEADER_CHALLENGER_GAP,1.0030448398794443,0.42637217158161467
ELLIPTICAL_SLICE_FULL,calibration_n40_r-2_early_q4,calibration,2026082401,40,early,2,NOT_SELECTED,899.0,2861.845761445771,,0.006582068878567085,0.42288797363046887,utility_action_899,TOP_ACTION_UTILITY,1.0042264603270927,0.35211581752709403
ELLIPTICAL_SLICE_FULL,calibration_n40_r-2_early_q4,calibration,2026082401,40,early,2,NOT_SELECTED,900.0,2961.849305476229,899.0,0.008601881849743179,0.006053134478496043,gap_900_vs_899,LEADER_CHALLENGER_GAP,1.0049744384876185,0.4681391392674782
ELLIPTICAL_SLICE_FULL,calibration_n40_r-2_early_q4,calibration,2026082401,40,early,2,NOT_SELECTED,900.0,3055.6877386653487,,0.006210497475818478,0.4289411081089649,utility_action_900,TOP_ACTION_UTILITY,1.0025266320729056,0.34330559025876206
ELLIPTICAL_SLICE_FULL,calibration_n40_r-2_early_q4,calibration,2026082401,40,early,2,NOT_SELECTED,939.0,3268.076819642802,,0.004909939377107379,0.2576110095155406,utility_action_939,TOP_ACTION_UTILITY,1.0011747804765918,0.2806869737743252
ELLIPTICAL_SLICE_FULL,calibration_n40_r-2_early_q4,calibration,2026082401,40,early,2,NOT_SELECTED,900.0,3129.8799947744824,939.0,0.007762391874664699,0.17133009859342432,gap_900_vs_939,LEADER_CHALLENGER_GAP,1.002383478493425,0.43426957820628814
ELLIPTICAL_SLICE_FULL,calibration_n40_r-2_middle_q8,calibration,2026082401,40,middle,2,NOT_SELECTED,,821.0584062762812,,1.0072108433275784,831.9098203320614,target_energy,TARGET_ENERGY,1.0104970814047731,28.86073708872965
ELLIPTICAL_SLICE_FULL,calibration_n40_r-2_middle_q8,calibration,2026082401,40,middle,2,NOT_SELECTED,,834.0939760640297,,0.09509500432239323,102.18742336316922,full_factor_energy,FULL_FACTOR_ENERGY,1.0101143085629796,2.74640888136355
ELLIPTICAL_SLICE_FULL,calibration_n40_r-2_middle_q8,calibration,2026082401,40,middle,2,NOT_SELECTED,659.0,2601.0461997858165,,0.002843287260204088,0.06292420044374969,utility_action_659,TOP_ACTION_UTILITY,1.0034399054197285,0.14500893810059606
ELLIPTICAL_SLICE_FULL,calibration_n40_r-2_middle_q8,calibration,2026082401,40,middle,2,NOT_SELECTED,660.0,2911.9453897893904,,0.0024845945579805386,0.05383389397547081,utility_action_660,TOP_ACTION_UTILITY,1.0028974203991652,0.1340747953270516
ELLIPTICAL_SLICE_FULL,calibration_n40_r-2_middle_q8,calibration,2026082401,40,middle,2,NOT_SELECTED,659.0,2693.505032881489,660.0,0.003727189235439718,0.00909030646827888,gap_659_vs_660,LEADER_CHALLENGER_GAP,1.0038544151834519,0.19343735218516203
ELLIPTICAL_SLICE_FULL,calibration_n40_r-2_middle_q8,calibration,2026082401,40,middle,2,NOT_SELECTED,739.0,2824.9065815101517,,0.002530560076619432,0.05413482205078132,utility_action_739,TOP_ACTION_UTILITY,1.0022672408159183,0.13449888911887373
ELLIPTICAL_SLICE_FULL,calibration_n40_r-2_middle_q8,calibration,2026082401,40,middle,2,NOT_SELECTED,659.0,2792.5106257144225,739.0,0.003808259828878851,0.00878937839296837,gap_659_vs_739,LEADER_CHALLENGER_GAP,1.0033762264619412,0.201244485561821
ELLIPTICAL_SLICE_FULL,calibration_n40_r-2_middle_q8,calibration,2026082401,40,middle,2,NOT_SELECTED,740.0,2789.3886287856985,,0.0026681091443855765,0.05829034407959736,utility_action_740,TOP_ACTION_UTILITY,1.00187599814895,0.14091528533275036
ELLIPTICAL_SLICE_FULL,calibration_n40_r-2_middle_q8,calibration,2026082401,40,middle,2,NOT_SELECTED,659.0,2544.5965922593145,740.0,0.004048113016584906,0.00463385636415234,gap_659_vs_740,LEADER_CHALLENGER_GAP,1.002510850527692,0.20420299119110974
ELLIPTICAL_SLICE_FULL,calibration_n40_r-2_middle_q8,calibration,2026082401,40,middle,2,NOT_SELECTED,859.0,2543.234582951559,,0.002901041114260021,0.061193201044204365,utility_action_859,TOP_ACTION_UTILITY,1.0036279138155135,0.1463009324183199
ELLIPTICAL_SLICE_FULL,calibration_n40_r-2_middle_q8,calibration,2026082401,40,middle,2,NOT_SELECTED,659.0,2574.05059217276,859.0,0.004080862119803231,0.001730999399545329,gap_659_vs_859,LEADER_CHALLENGER_GAP,1.0026877236587552,0.20704295658879054
ELLIPTICAL_SLICE_FULL,calibration_n40_r-2_middle_q8,calibration,2026082401,40,middle,2,NOT_SELECTED,860.0,2834.38377576484,,0.0026378454446250744,0.059405426619768054,utility_action_860,TOP_ACTION_UTILITY,1.0015970600463895,0.1404360716582163
ELLIPTICAL_SLICE_FULL,calibration_n40_r-2_middle_q8,calibration,2026082401,40,middle,2,NOT_SELECTED,659.0,2655.0830821796335,860.0,0.00387000422944967,0.0035187738239816366,gap_659_vs_860,LEADER_CHALLENGER_GAP,1.0022595002700536,0.19941163639613738
ELLIPTICAL_SLICE_FULL,calibration_n40_r-2_middle_q8,calibration,2026082401,40,middle,2,NOT_SELECTED,939.0,3065.417622949637,,0.002487004560628887,0.0563758324981411,utility_action_939,TOP_ACTION_UTILITY,1.0026421180846323,0.13769602605471343
ELLIPTICAL_SLICE_FULL,calibration_n40_r-2_middle_q8,calibration,2026082401,40,middle,2,NOT_SELECTED,659.0,2610.801042810276,939.0,0.003961576311361587,0.006548367945608597,gap_659_vs_939,LEADER_CHALLENGER_GAP,1.0028254478811371,0.20242069649145664
ELLIPTICAL_SLICE_FULL,calibration_n40_r-2_middle_q8,calibration,2026082401,40,middle,2,NOT_SELECTED,940.0,2727.9267906166206,,0.002676355537268994,0.05516242844644872,utility_action_940,TOP_ACTION_UTILITY,1.0040111991598561,0.13978486834428985
ELLIPTICAL_SLICE_FULL,calibration_n40_r-2_middle_q8,calibration,2026082401,40,middle,2,NOT_SELECTED,659.0,2672.0363709663325,940.0,0.0039321377801454765,0.007761771997300972,gap_659_vs_940,LEADER_CHALLENGER_GAP,1.0048084223475542,0.2032590584848665
ELLIPTICAL_SLICE_FULL,calibration_n40_r-2_late_q12,calibration,2026082401,40,late,2,NOT_SELECTED,,842.0733844520277,,0.9945314920430451,831.0552811438347,target_energy,TARGET_ENERGY,1.0064678626798484,28.85981282503192
ELLIPTICAL_SLICE_FULL,calibration_n40_r-2_late_q12,calibration,2026082401,40,late,2,NOT_SELECTED,,820.9934870809099,,0.09512400039339632,101.89524402679821,full_factor_energy,FULL_FACTOR_ENERGY,1.0050615767197075,2.725586452949566
ELLIPTICAL_SLICE_FULL,calibration_n40_r-2_late_q12,calibration,2026082401,40,late,2,NOT_SELECTED,660.0,2398.4740880665004,,0.002904152249066323,0.05738783908181363,utility_action_660,TOP_ACTION_UTILITY,1.002776678558861,0.142228587110828
ELLIPTICAL_SLICE_FULL,calibration_n40_r-2_late_q12,calibration,2026082401,40,late,2,NOT_SELECTED,740.0,2292.7199083163555,660.0,0.004280254310337049,0.004923310012486768,gap_740_vs_660,LEADER_CHALLENGER_GAP,1.0044956394233666,0.20494865584016633
ELLIPTICAL_SLICE_FULL,calibration_n40_r-2_late_q12,calibration,2026082401,40,late,2,NOT_SELECTED,698.0,2395.8541905715074,,0.0020605420829255964,0.02949992454343279,utility_action_698,TOP_ACTION_UTILITY,1.0024275784134076,0.10085830855181897
ELLIPTICAL_SLICE_FULL,calibration_n40_r-2_late_q12,calibration,2026082401,40,late,2,NOT_SELECTED,740.0,2098.071885257219,698.0,0.00384878990910377,0.0328112245508676,gap_740_vs_698,LEADER_CHALLENGER_GAP,1.0030317924256082,0.17629272358006218
ELLIPTICAL_SLICE_FULL,calibration_n40_r-2_late_q12,calibration,2026082401,40,late,2,NOT_SELECTED,701.0,1776.1115275327438,,0.002087543532237822,0.023362499132953643,utility_action_701,TOP_ACTION_UTILITY,1.0065526116404495,0.08797730562550063
ELLIPTICAL_SLICE_FULL,calibration_n40_r-2_late_q12,calibration,2026082401,40,late,2,NOT_SELECTED,740.0,1848.8474812415564,701.0,0.003953650032754944,0.038948649961346754,gap_740_vs_701,LEADER_CHALLENGER_GAP,1.0063356501107512,0.16999993956858017
ELLIPTICAL_SLICE_FULL,calibration_n40_r-2_late_q12,calibration,2026082401,40,late,2,NOT_SELECTED,739.0,2951.9069910887074,,0.0024185062926131975,0.052684895508619954,utility_action_739,TOP_ACTION_UTILITY,1.0022949648308739,0.13140096555219682
ELLIPTICAL_SLICE_FULL,calibration_n40_r-2_late_q12,calibration,2026082401,40,late,2,NOT_SELECTED,740.0,2241.352207134805,739.0,0.003999217380504538,0.009626253585680446,gap_740_vs_739,LEADER_CHALLENGER_GAP,1.002410608185093,0.18933463412567186
ELLIPTICAL_SLICE_FULL,calibration_n40_r-2_late_q12,calibration,2026082401,40,late,2,NOT_SELECTED,740.0,1951.9909277508739,,0.003308748686352319,0.0623111490943004,utility_action_740,TOP_ACTION_UTILITY,1.0035477775396946,0.1461849553128237
ELLIPTICAL_SLICE_FULL,calibration_n40_r-2_late_q12,calibration,2026082401,40,late,2,NOT_SELECTED,901.0,2124.6732688845345,,0.0019120525624271353,0.024673059242976164,utility_action_901,TOP_ACTION_UTILITY,1.004078703074563,0.088134491642974
ELLIPTICAL_SLICE_FULL,calibration_n40_r-2_late_q12,calibration,2026082401,40,late,2,NOT_SELECTED,740.0,2163.1291240172777,901.0,0.0036700106184103343,0.03763808985132423,gap_740_vs_901,LEADER_CHALLENGER_GAP,1.003718531711247,0.17069018264424646
ELLIPTICAL_SLICE_FULL,calibration_n40_r-2_late_q12,calibration,2026082401,40,late,2,NOT_SELECTED,939.0,2210.178634604606,,0.003037101601691087,0.05884027519113929,utility_action_939,TOP_ACTION_UTILITY,1.0059809000212354,0.142781851403793
ELLIPTICAL_SLICE_FULL,calibration_n40_r-2_late_q12,calibration,2026082401,40,late,2,NOT_SELECTED,740.0,2212.0960800737575,939.0,0.004308350792367244,0.003470873903161106,gap_740_vs_939,LEADER_CHALLENGER_GAP,1.007922657026867,0.20263434179879558
