method,seed,bo_iteration,refinement_index,leader_index,worst_challenger_index,active_set_before_refinement,newly_activated_factor,per_factor_contribution_scores,active_acquisition_gap,B_struct,B_infer,stopping_envelope,screening_tolerance,stopping_reason,inference_draws_per_batch,inference_total_draws,inference_ess,inference_ess_fraction,laplace_mode_iterations,laplace_gradient_infinity_norm,comparison_minimum_eigenvalue,comparison_condition_number,raw_factor_likelihood_evaluation_count_cumulative,refinement_wall_time_seconds,numerical_accuracy_reliable,config_sha256
adaptive,0,1,0,1,11,[],5,"[0.061992634331721745, 0.2163755546542322, 7.299695907787684e-05, 0.01777058684831241, 0.06704380407195544, 0.23544365400205877, 0.0670391354198726, 0.017752954060177562]",-0.011774150548762168,0.6834913203474084,0.0029601229190185582,0.6746772927176649,0.05,activate_factor,8192,16384,16383.999999999985,0.9999999999999991,0,0.0,6.382091815800932,1568.7318119518793,0,0.012122999876737595,True,4eafe727b67864632d25d30b526cbdb5c0a83989bf31e7b0cf41f7129c8a89da
adaptive,0,1,1,5,4,[5],4,"[2.0407984509601607e-06, 7.123086500899019e-06, 2.486201480377756e-05, 0.07974064873606435, 0.3011434280921828, null, 0.0861268494367617, 0.022807662894551786]",-0.008641892943506273,0.48985261505931627,0.0023628141315865043,0.4835735362473965,0.05,activate_factor,8192,16384,16382.082819647465,0.9998829845976236,2,5.78700420916789e-10,6.382091815800932,1568.7318119518793,16389,0.010605290997773409,True,4eafe727b67864632d25d30b526cbdb5c0a83989bf31e7b0cf41f7129c8a89da
adaptive,0,1,2,5,6,"[4, 5]",6,"[5.83664370549573e-07, 2.037188825266138e-06, 7.1104876692773914e-06, 0.022805669775878952, null, null, 0.30114542121085563, 0.0797477591962552]",-0.01001193027687007,0.4037085815238548,0.0022656355125624623,0.3959622867595472,0.05,activate_factor,8192,16384,16380.387771554742,0.999779527072433,2,4.62676563728337e-11,6.382091815800932,1568.7318119518793,49167,0.010563249932602048,True,4eafe727b67864632d25d30b526cbdb5c0a83989bf31e7b0cf41f7129c8a89da
adaptive,0,1,3,12,0,"[4, 5, 6]",0,"[0.23411728411155439, 0.061997717423635836, 3.86557129964544e-05, 0.06199492774249234, null, null, null, 0.005054862654320385]",-0.011588578354826785,0.36320344764499934,0.002482083692014184,0.35409695298218674,0.05,activate_factor,8192,16384,16378.562017388946,0.9996680918816495,2,1.05765507463218e-10,6.382091815800932,1568.7318119518793,98334,0.016912874998524785,True,4eafe727b67864632d25d30b526cbdb5c0a83989bf31e7b0cf41f7129c8a89da
adaptive,0,1,4,0,1,"[0, 4, 5, 6]",1,"[null, 0.2783661489913671, 8.679065727055367e-05, 2.4865854740415734e-05, null, null, null, 1.5381994616194042e-07]",-0.0014469275957039937,0.27847795932332425,0.002489046895896953,0.2795200786235172,0.05,activate_factor,8192,16384,16377.247276898126,0.9995878464903641,2,6.729641288671928e-10,6.382091815800932,1568.7318119518793,163890,0.021490958984941244,True,4eafe727b67864632d25d30b526cbdb5c0a83989bf31e7b0cf41f7129c8a89da
adaptive,0,1,5,15,3,"[0, 1, 4, 5, 6]",3,"[null, null, 0.00013492450138439022, 0.21639255844335561, null, null, null, 0.0013386023539924054]",-0.009532857385430412,0.21786608529873244,0.0061304882123705134,0.21446371612567255,0.05,activate_factor,8192,16384,16375.513697324235,0.9994820371901999,2,1.0576750586466233e-10,6.382091815800932,1568.7318119518793,245835,0.01469062501564622,True,4eafe727b67864632d25d30b526cbdb5c0a83989bf31e7b0cf41f7129c8a89da
adaptive,0,1,6,3,9,"[0, 1, 3, 4, 5, 6]",7,"[null, null, 6.787945567973375e-05, null, null, null, null, 0.21773104042750788]",-0.025438036525071588,0.2177989198831876,0.00255155991741516,0.1949124432755312,0.05,activate_factor,8192,16384,16374.915201870259,0.9994455079266515,2,1.365166868438905e-10,6.382091815800932,1568.7318119518793,344169,0.018930999794974923,True,4eafe727b67864632d25d30b526cbdb5c0a83989bf31e7b0cf41f7129c8a89da
adaptive,0,1,7,3,3,"[0, 1, 3, 4, 5, 6, 7]",,"[null, null, 0.0, null, null, null, null, null]",0.0,0.0,0.0,0.0,0.05,screening_tolerance,8192,16384,16373.278487060838,0.9993456107825218,3,4.976569286871402e-14,6.382091815800932,1568.7318119518793,458906,0.014614416984841228,True,4eafe727b67864632d25d30b526cbdb5c0a83989bf31e7b0cf41f7129c8a89da
adaptive,0,2,0,4,5,[],5,"[2.0407984509601607e-06, 7.123086500899019e-06, 2.486201480377756e-05, 0.07974064873606435, 0.3011434280921828, 0.3024803349875133, 0.0861268494367617, 0.022807662894551786]",-0.006160358482490617,0.7923329500468295,0.001105682866183984,0.7872782744305228,0.05,activate_factor,8192,16384,16383.999999999985,0.9999999999999991,0,0.0,6.382091815800932,1568.7318119518793,0,0.013725332915782928,True,4eafe727b67864632d25d30b526cbdb5c0a83989bf31e7b0cf41f7129c8a89da
adaptive,0,2,1,4,6,[5],6,"[1.7158486661350243e-06, 5.988900307907438e-06, 2.0903316012624417e-05, 0.06704380126619387, 0.2531933269374243, null, 0.25319490281050433, 0.06704975309889744]",-0.009575798183403558,0.6405103921780068,0.0012433979565534363,0.6321779919511566,0.05,activate_factor,8192,16384,16382.247159103026,0.9998930150819718,3,2.7228219678931964e-13,6.382091815800932,1568.7318119518793,16391,0.015184707939624786,True,4eafe727b67864632d25d30b526cbdb5c0a83989bf31e7b0cf41f7129c8a89da
adaptive,0,2,2,4,0,"[5, 6]",0,"[0.23411728411155439, 0.061997717423635836, 3.86557129964544e-05, 0.06199492774249234, 0.23410674791059238, null, null, 0.005054862654320385]",-0.009951510892896913,0.5973101955555917,0.0011878442200132435,0.5885465288827081,0.05,activate_factor,8192,16384,16379.884958871287,0.9997488378217338,2,2.286403288920269e-10,6.382091815800932,1568.7318119518793,49169,0.012104916851967573,True,4eafe727b67864632d25d30b526cbdb5c0a83989bf31e7b0cf41f7129c8a89da
adaptive,0,2,3,4,13,"[0, 5, 6]",4,"[null, 2.4865624429482584e-05, 8.678955711029094e-05, 0.27836262033110754, 0.29609455153240877, null, null, 0.00639331118836663]",-0.009596488759705948,0.5809621382334227,0.0011871579924756933,0.5725528074661924,0.05,activate_factor,8192,16384,16378.506038981279,0.9996646752307909,2,6.732792101615814e-10,6.382091815800932,1568.7318119518793,98336,0.011369167128577828,True,4eafe727b67864632d25d30b526cbdb5c0a83989bf31e7b0cf41f7129c8a89da
adaptive,0,2,4,0,1,"[0, 4, 5, 6]",1,"[null, 0.2783661489913671, 8.679065727055367e-05, 2.4865854740415734e-05, null, null, null, 1.5381994616194042e-07]",-0.0016938146796897388,0.27847795932332425,0.00108608453434615,0.27787022917798065,0.05,activate_factor,8192,16384,16377.147326490436,0.9995817460016135,2,6.732688850874524e-10,6.382091815800932,1568.7318119518793,163892,0.011287458008155227,True,4eafe727b67864632d25d30b526cbdb5c0a83989bf31e7b0cf41f7129c8a89da
adaptive,0,2,5,12,13,"[0, 1, 4, 5, 6]",3,"[null, null, 8.678955711029094e-05, 0.27836262033110754, null, null, null, 0.00639331118836663]",-0.001918112654311424,0.2848427210765845,0.0010885608365536004,0.28401316925882664,0.05,activate_factor,8192,16384,16375.653139135135,0.9994905480429159,2,9.056999594747595e-11,6.382091815800932,1568.7318119518793,245837,0.01124712498858571,True,4eafe727b67864632d25d30b526cbdb5c0a83989bf31e7b0cf41f7129c8a89da
adaptive,0,2,6,15,9,"[0, 1, 3, 4, 5, 6]",7,"[null, null, 6.787968599066667e-05, null, null, null, null, 0.21639267720196104]",-0.004343141794161061,0.21646055688795174,0.0009500408827608065,0.2130674559765515,0.05,activate_factor,8192,16384,16375.035401565081,0.9994528443338062,2,1.4720791252642584e-10,6.382091815800932,1568.7318119518793,344171,0.01228495896793902,True,4eafe727b67864632d25d30b526cbdb5c0a83989bf31e7b0cf41f7129c8a89da
adaptive,0,2,7,0,10,"[0, 1, 3, 4, 5, 6, 7]",,"[null, null, 2.0904185861954237e-05, null, null, null, null, null]",-0.0002371546233853795,2.0904185861954237e-05,0.0011263291520166596,0.0009100787144932344,0.05,screening_tolerance,8192,16384,16373.150756947687,0.9993378147551079,3,4.632960681760778e-13,6.382091815800932,1568.7318119518793,458908,0.011943040881305933,True,4eafe727b67864632d25d30b526cbdb5c0a83989bf31e7b0cf41f7129c8a89da
adaptive,0,3,0,4,5,[],5,"[2.0407984509601607e-06, 7.123086500899019e-06, 2.486201480377756e-05, 0.07974064873606435, 0.3011434280921828, 0.3024803349875133, 0.0861268494367617, 0.022807662894551786]",-0.00769466715416247,0.7923329500468295,0.0027796543124184274,0.7874179372050855,0.05,activate_factor,8192,16384,16383.999999999985,0.9999999999999991,0,0.0,6.382091815800932,1568.7318119518793,0,0.010160750010982156,True,4eafe727b67864632d25d30b526cbdb5c0a83989bf31e7b0cf41f7129c8a89da
adaptive,0,3,1,4,6,[5],6,"[1.7158486661350243e-06, 5.988900307907438e-06, 2.0903316012624417e-05, 0.06704380126619387, 0.2531933269374243, null, 0.25319490281050433, 0.06704975309889744]",-0.009521549221530205,0.6405103921780068,0.0011810721866880485,0.6321699151431646,0.05,activate_factor,8192,16384,16381.795630092767,0.9998654559382792,3,4.821629207008016e-13,6.382091815800932,1568.7318119518793,16391,0.010138208046555519,True,4eafe727b67864632d25d30b526cbdb5c0a83989bf31e7b0cf41f7129c8a89da
adaptive,0,3,2,4,16,"[5, 6]",0,"[0.23411728411155439, 0.061997717423635836, 3.86557129964544e-05, 0.06199492774249234, 0.23410674791059238, null, null, 0.005054862654320385]",-0.010154949459506641,0.5973101955555917,0.001171102301897025,0.5883263483979821,0.05,activate_factor,8192,16384,16380.274126631064,0.9997725907367593,2,2.2864043991432936e-10,6.382091815800932,1568.7318119518793,49169,0.010428792098537087,True,4eafe727b67864632d25d30b526cbdb5c0a83989bf31e7b0cf41f7129c8a89da
adaptive,0,3,3,4,13,"[0, 5, 6]",4,"[null, 2.4865624429482584e-05, 8.678955711029094e-05, 0.27836262033110754, 0.29609455153240877, null, null, 0.00639331118836663]",-0.010598182753699812,0.5809621382334227,0.0015087320545827988,0.5718726875343056,0.05,activate_factor,8192,16384,16380.455895189987,0.9997836850091545,2,2.2864266036037861e-10,6.382091815800932,1568.7318119518793,98336,0.011032250011339784,True,4eafe727b67864632d25d30b526cbdb5c0a83989bf31e7b0cf41f7129c8a89da
adaptive,0,3,4,12,13,"[0, 4, 5, 6]",3,"[null, 2.4865624429482584e-05, 8.678955711029094e-05, 0.27836262033110754, null, null, null, 0.00639331118836663]",-0.0026551314447047303,0.284867586701014,0.0014278388022259609,0.2836402940585352,0.05,activate_factor,8192,16384,16378.095673314008,0.9996396284981695,2,8.978329191222656e-11,6.382091815800932,1568.7318119518793,163892,0.010474249953404069,True,4eafe727b67864632d25d30b526cbdb5c0a83989bf31e7b0cf41f7129c8a89da
adaptive,0,3,5,12,1,"[0, 3, 4, 5, 6]",1,"[null, 0.21637950636571476, 8.678978742122384e-05, null, null, null, null, 0.005054947962819819]",-0.0021642437803527726,0.22152124411595583,0.0009583187808716963,0.22031531911647476,0.05,activate_factor,8192,16384,16378.829365401572,0.9996844095093733,2,1.475596311806271e-10,6.382091815800932,1568.7318119518793,245837,0.010763749945908785,True,4eafe727b67864632d25d30b526cbdb5c0a83989bf31e7b0cf41f7129c8a89da
adaptive,0,3,6,15,9,"[0, 1, 3, 4, 5, 6]",7,"[null, null, 6.787968599066667e-05, null, null, null, null, 0.21639267720196104]",-0.003523048521653193,0.21646055688795174,0.0009352768135653536,0.2138727851798639,0.05,activate_factor,8192,16384,16377.506851954426,0.999603689694484,2,1.472003630098584e-10,6.382091815800932,1568.7318119518793,344171,0.010817833011969924,True,4eafe727b67864632d25d30b526cbdb5c0a83989bf31e7b0cf41f7129c8a89da
adaptive,0,3,7,10,15,"[0, 1, 3, 4, 5, 6, 7]",,"[null, null, 6.903826028672369e-05, null, null, null, null, null]",-0.00018652932980835885,6.903826028672369e-05,0.0010465763334218724,0.0009290852639002372,0.05,screening_tolerance,8192,16384,16375.187020292627,0.9994620984065324,3,8.983092047998298e-14,6.382091815800932,1568.7318119518793,458908,0.011407542042434216,True,4eafe727b67864632d25d30b526cbdb5c0a83989bf31e7b0cf41f7129c8a89da
adaptive,0,4,0,4,5,[],5,"[2.0407984509601607e-06, 7.123086500899019e-06, 2.486201480377756e-05, 0.07974064873606435, 0.3011434280921828, 0.3024803349875133, 0.0861268494367617, 0.022807662894551786]",-0.006508697764605723,0.7923329500468295,0.00192623359154534,0.7877504858737691,0.05,activate_factor,8192,16384,16383.999999999985,0.9999999999999991,0,0.0,6.382091815800932,1568.7318119518793,0,0.009965291013941169,True,4eafe727b67864632d25d30b526cbdb5c0a83989bf31e7b0cf41f7129c8a89da
adaptive,0,4,1,4,6,[5],6,"[1.7158486661350243e-06, 5.988900307907438e-06, 2.0903316012624417e-05, 0.06704380126619387, 0.2531933269374243, null, 0.25319490281050433, 0.06704975309889744]",-0.009233803190435033,0.6405103921780068,0.0011924533115597255,0.6324690422991315,0.05,activate_factor,8192,16384,16382.427390279638,0.9999040155199974,2,2.9214741736893757e-10,6.382091815800932,1568.7318119518793,16389,0.009736665990203619,True,4eafe727b67864632d25d30b526cbdb5c0a83989bf31e7b0cf41f7129c8a89da
adaptive,0,4,2,4,16,"[5, 6]",0,"[0.23411728411155439, 0.061997717423635836, 3.86557129964544e-05, 0.06199492774249234, 0.23410674791059238, null, null, 0.005054862654320385]",-0.011326734921197415,0.5973101955555917,0.0011782272081573553,0.5871616878425516,0.05,activate_factor,8192,16384,16382.402598496894,0.9999025023496639,2,9.128209299547052e-11,6.382091815800932,1568.7318119518793,49167,0.010014083003625274,True,4eafe727b67864632d25d30b526cbdb5c0a83989bf31e7b0cf41f7129c8a89da
adaptive,0,4,3,4,13,"[0, 5, 6]",4,"[null, 2.4865624429482584e-05, 8.678955711029094e-05, 0.27836262033110754, 0.29609455153240877, null, null, 0.00639331118836663]",-0.010865856858406953,0.5809621382334227,0.002261795383784404,0.5723580767588001,0.05,activate_factor,8192,16384,16381.887024034579,0.999871034181798,2,9.128287015158776e-11,6.382091815800932,1568.7318119518793,98334,0.010353000136092305,True,4eafe727b67864632d25d30b526cbdb5c0a83989bf31e7b0cf41f7129c8a89da
adaptive,0,4,4,12,13,"[0, 4, 5, 6]",3,"[null, 2.4865624429482584e-05, 8.678955711029094e-05, 0.27836262033110754, null, null, null, 0.00639331118836663]",-0.0015416887713332402,0.284867586701014,0.0009937452842846974,0.2843196432139654,0.05,activate_factor,8192,16384,16380.81277611264,0.9998054672920312,2,4.1693093422168204e-11,6.382091815800932,1568.7318119518793,163890,0.010228374972939491,True,4eafe727b67864632d25d30b526cbdb5c0a83989bf31e7b0cf41f7129c8a89da
adaptive,0,4,5,4,1,"[0, 3, 4, 5, 6]",1,"[null, 0.21637950636571476, 8.678978742122384e-05, null, null, null, null, 0.005054947962819819]",-0.0021695789769588004,0.22152124411595583,0.0009780605716253668,0.2203297257106224,0.05,activate_factor,8192,16384,16380.038966499487,0.9997582377013847,2,1.3208645288642629e-10,6.382091815800932,1568.7318119518793,245835,0.010892792139202356,True,4eafe727b67864632d25d30b526cbdb5c0a83989bf31e7b0cf41f7129c8a89da
adaptive,0,4,6,5,9,"[0, 1, 3, 4, 5, 6]",7,"[null, null, 5.9519133732203605e-06, null, null, null, null, 0.234145392133693]",-0.0037905886855137154,0.23415134404706628,0.0009294319964141423,0.2312901873579667,0.05,activate_factor,8192,16384,16378.301935423367,0.9996522177382426,2,1.3155432299072345e-10,6.382091815800932,1568.7318119518793,344169,0.01123358285985887,True,4eafe727b67864632d25d30b526cbdb5c0a83989bf31e7b0cf41f7129c8a89da
adaptive,0,4,7,15,12,"[0, 1, 3, 4, 5, 6, 7]",,"[null, null, 8.678978742122384e-05, null, null, null, null, null]",-2.9073404429389403e-06,8.678978742122386e-05,0.0010294690355801856,0.0011133514825584705,0.05,screening_tolerance,8192,16384,16377.213820739918,0.9995858044885204,3,3.3728575488112256e-13,6.382091815800932,1568.7318119518793,458906,0.011586165986955166,True,4eafe727b67864632d25d30b526cbdb5c0a83989bf31e7b0cf41f7129c8a89da
adaptive,0,5,0,4,5,[],5,"[2.0407984509601607e-06, 7.123086500899019e-06, 2.486201480377756e-05, 0.07974064873606435, 0.3011434280921828, 0.3024803349875133, 0.0861268494367617, 0.022807662894551786]",-0.007110027803304916,0.7923329500468295,0.0018249237126279454,0.7870478459561525,0.05,activate_factor,8192,16384,16383.999999999985,0.9999999999999991,0,0.0,6.382091815800932,1568.7318119518793,0,0.010037458036094904,True,4eafe727b67864632d25d30b526cbdb5c0a83989bf31e7b0cf41f7129c8a89da
adaptive,0,5,1,4,6,[5],6,"[1.7158486661350243e-06, 5.988900307907438e-06, 2.0903316012624417e-05, 0.06704380126619387, 0.2531933269374243, null, 0.25319490281050433, 0.06704975309889744]",-0.010713181744715382,0.6405103921780068,0.0017235626499531118,0.6315207730832445,0.05,activate_factor,8192,16384,16382.115019202138,0.9998849499024742,2,2.921517472387336e-10,6.382091815800932,1568.7318119518793,16389,0.009951834101229906,True,4eafe727b67864632d25d30b526cbdb5c0a83989bf31e7b0cf41f7129c8a89da
adaptive,0,5,2,4,16,"[5, 6]",0,"[0.23411728411155439, 0.061997717423635836, 3.86557129964544e-05, 0.06199492774249234, 0.23410674791059238, null, null, 0.005054862654320385]",-0.011600669755253853,0.5973101955555917,0.001141586606989626,0.5868511124073275,0.05,activate_factor,8192,16384,16382.270243168778,0.9998944240215318,2,9.128375833000746e-11,6.382091815800932,1568.7318119518793,49167,0.010166833875700831,True,4eafe727b67864632d25d30b526cbdb5c0a83989bf31e7b0cf41f7129c8a89da
adaptive,0,5,3,4,13,"[0, 5, 6]",4,"[null, 2.4865624429482584e-05, 8.678955711029094e-05, 0.27836262033110754, 0.29609455153240877, null, null, 0.00639331118836663]",-0.009968244105389015,0.5809621382334227,0.0012080578720735028,0.5722019520001072,0.05,activate_factor,8192,16384,16381.667832298202,0.9998576557799196,2,9.128353628540253e-11,6.382091815800932,1568.7318119518793,98334,0.010448584100231528,True,4eafe727b67864632d25d30b526cbdb5c0a83989bf31e7b0cf41f7129c8a89da
adaptive,0,5,4,12,13,"[0, 4, 5, 6]",3,"[null, 2.4865624429482584e-05, 8.678955711029094e-05, 0.27836262033110754, null, null, null, 0.00639331118836663]",-0.0021481230158152988,0.284867586701014,0.0012789306711678185,0.2839983943563665,0.05,activate_factor,8192,16384,16380.825696270169,0.9998062558758648,2,4.1694425689797754e-11,6.382091815800932,1568.7318119518793,163890,0.010089375078678131,True,4eafe727b67864632d25d30b526cbdb5c0a83989bf31e7b0cf41f7129c8a89da
adaptive,0,5,5,5,1,"[0, 3, 4, 5, 6]",1,"[null, 0.2163755546542322, 7.299695907787684e-05, null, null, null, null, 0.017752954060177562]",-0.002163496165306973,0.2342015056734876,0.002008144230868986,0.2340461537390496,0.05,activate_factor,8192,16384,16380.054892983197,0.9997592097768064,2,1.3154122235903287e-10,6.382091815800932,1568.7318119518793,245835,0.010572500061243773,True,4eafe727b67864632d25d30b526cbdb5c0a83989bf31e7b0cf41f7129c8a89da
adaptive,0,5,6,5,9,"[0, 1, 3, 4, 5, 6]",7,"[null, null, 5.9519133732203605e-06, null, null, null, null, 0.234145392133693]",-0.0037497626644076164,0.23415134404706628,0.0009530171492391817,0.23135459853189785,0.05,activate_factor,8192,16384,16379.94778854848,0.9997526726408984,2,1.320239473301399e-10,6.382091815800932,1568.7318119518793,344169,0.011453708866611123,True,4eafe727b67864632d25d30b526cbdb5c0a83989bf31e7b0cf41f7129c8a89da
adaptive,0,5,7,5,12,"[0, 1, 3, 4, 5, 6, 7]",,"[null, null, 2.486201480377756e-05, null, null, null, null, null]",-0.00010828232413041914,2.4862014803777555e-05,0.0012062962657083294,0.001122875956381688,0.05,screening_tolerance,8192,16384,16378.75081293206,0.9996796150471228,3,4.1810999107383395e-13,6.382091815800932,1568.7318119518793,458906,0.011417083907872438,True,4eafe727b67864632d25d30b526cbdb5c0a83989bf31e7b0cf41f7129c8a89da
adaptive,0,6,0,4,11,[],5,"[2.0407984509601607e-06, 7.123086500899019e-06, 2.486201480377756e-05, 0.07974064873606435, 0.3011434280921828, 0.3024803349875133, 0.0861268494367617, 0.022807662894551786]",-0.01048927701150141,0.7923329500468295,0.0012077201598755722,0.7830513931952037,0.05,activate_factor,8192,16384,16383.999999999985,0.9999999999999991,0,0.0,6.382091815800932,1568.7318119518793,0,0.00982879102230072,True,4eafe727b67864632d25d30b526cbdb5c0a83989bf31e7b0cf41f7129c8a89da
adaptive,0,6,1,4,6,[5],6,"[1.7158486661350243e-06, 5.988900307907438e-06, 2.0903316012624417e-05, 0.06704380126619387, 0.2531933269374243, null, 0.25319490281050433, 0.06704975309889744]",-0.010598311584143184,0.6405103921780068,0.001913301827837022,0.6318253824217006,0.05,activate_factor,8192,16384,16383.781521872004,0.9999866651533206,2,6.73798794537106e-11,6.382091815800932,1568.7318119518793,16389,0.010032291989773512,True,4eafe727b67864632d25d30b526cbdb5c0a83989bf31e7b0cf41f7129c8a89da
adaptive,0,6,2,4,16,"[5, 6]",0,"[0.23411728411155439, 0.061997717423635836, 3.86557129964544e-05, 0.06199492774249234, 0.23410674791059238, null, null, 0.005054862654320385]",-0.012102155720689237,0.5973101955555917,0.0011286873663321254,0.5863367272012346,0.05,activate_factor,8192,16384,16383.628889616239,0.9999773492197411,2,6.706035726722348e-11,6.382091815800932,1568.7318119518793,49167,0.01002679206430912,True,4eafe727b67864632d25d30b526cbdb5c0a83989bf31e7b0cf41f7129c8a89da
adaptive,0,6,3,4,13,"[0, 5, 6]",4,"[null, 2.4865624429482584e-05, 8.678955711029094e-05, 0.27836262033110754, 0.29609455153240877, null, null, 0.00639331118836663]",-0.00980771342081752,0.5809621382334227,0.0011658559377385057,0.5723202807503437,0.05,activate_factor,8192,16384,16383.488953445189,0.9999688081936761,2,6.71124267270784e-11,6.382091815800932,1568.7318119518793,98334,0.010173333808779716,True,4eafe727b67864632d25d30b526cbdb5c0a83989bf31e7b0cf41f7129c8a89da
adaptive,0,6,4,12,13,"[0, 4, 5, 6]",3,"[null, 2.4865624429482584e-05, 8.678955711029094e-05, 0.27836262033110754, null, null, null, 0.00639331118836663]",-0.00122983618710679,0.284867586701014,0.0014770722437622633,0.2851148227576695,0.05,activate_factor,8192,16384,16382.311654503565,0.9998969515688211,2,3.6479852472126595e-10,6.382091815800932,1568.7318119518793,163890,0.010802792152389884,True,4eafe727b67864632d25d30b526cbdb5c0a83989bf31e7b0cf41f7129c8a89da
adaptive,0,6,5,12,1,"[0, 3, 4, 5, 6]",1,"[null, 0.21637950636571476, 8.678978742122384e-05, null, null, null, null, 0.005054947962819819]",-0.003440556504802821,0.22152124411595583,0.0010984324875036805,0.2191791200986567,0.05,activate_factor,8192,16384,16381.814416761223,0.9998666025855238,2,4.2172199066214944e-10,6.382091815800932,1568.7318119518793,245835,0.010831458028405905,True,4eafe727b67864632d25d30b526cbdb5c0a83989bf31e7b0cf41f7129c8a89da
adaptive,0,6,6,4,9,"[0, 1, 3, 4, 5, 6]",7,"[null, null, 1.9744741716567393e-05, null, null, null, null, 0.22144738603633526]",-0.0037450095678502777,0.22146713077805188,0.0017827689544255444,0.21950489016462715,0.05,activate_factor,8192,16384,16381.756837052742,0.9998630881990199,2,4.217221016844519e-10,6.382091815800932,1568.7318119518793,344169,0.010782958939671516,True,4eafe727b67864632d25d30b526cbdb5c0a83989bf31e7b0cf41f7129c8a89da
adaptive,0,6,7,12,4,"[0, 1, 3, 4, 5, 6, 7]",,"[null, null, 2.7333101715034142e-05, null, null, null, null, null]",-2.0539854709922034e-05,2.733310171503414e-05,0.001845509038565521,0.0018523022855706332,0.05,screening_tolerance,8192,16384,16380.10378154868,0.9997621936980395,3,9.958700530887654e-14,6.382091815800932,1568.7318119518793,458906,0.011265625013038516,True,4eafe727b67864632d25d30b526cbdb5c0a83989bf31e7b0cf41f7129c8a89da
adaptive,1,1,0,3,11,[],5,"[5.991936380390666e-06, 2.091391294684128e-05, 7.299672876694393e-05, 0.23412448884079265, 0.12902765678615333, 0.2531933269374243, 0.07209309507156071, 0.019091317285724375]",-0.011615358497950892,0.7076297874997495,0.00244372495658384,0.6984581539583824,0.05,activate_factor,8192,16384,16383.999999999985,0.9999999999999991,0,0.0,6.382091815800932,1568.7318119518793,0,0.010160791920498013,True,4eafe727b67864632d25d30b526cbdb5c0a83989bf31e7b0cf41f7129c8a89da
adaptive,1,1,1,5,4,[5],4,"[2.0407984509601607e-06, 7.123086500899019e-06, 2.486201480377756e-05, 0.07974064873606435, 0.3011434280921828, null, 0.0861268494367617, 0.022807662894551786]",-0.007519954807901233,0.48985261505931627,0.0025973791688408965,0.4849300394202559,0.05,activate_factor,8192,16384,16382.270735338108,0.9998944540611638,2,5.833294958179636e-10,6.382091815800932,1568.7318119518793,16389,0.010821499861776829,True,4eafe727b67864632d25d30b526cbdb5c0a83989bf31e7b0cf41f7129c8a89da
adaptive,1,1,2,4,6,"[4, 5]",6,"[1.7158486661350243e-06, 5.988900307907438e-06, 2.0903316012624417e-05, 0.06704380126619387, null, null, 0.25319490281050433, 0.06704975309889744]",-0.020471154104283497,0.3873170652405824,0.003364445183581255,0.37021035631988014,0.05,activate_factor,8192,16384,16379.827774853282,0.9997453475862599,3,2.2412627309620348e-13,6.382091815800932,1568.7318119518793,49171,0.010206457925960422,True,4eafe727b67864632d25d30b526cbdb5c0a83989bf31e7b0cf41f7129c8a89da
adaptive,1,1,3,5,0,"[4, 5, 6]",0,"[0.23411615192725882, 0.0619937657121532, 2.486288465310738e-05, 0.017756796252177406, null, null, null, 0.01775286875167813]",-0.02316470199286554,0.3316444455279206,0.002636010099721569,0.3111157536347766,0.05,activate_factor,8192,16384,16376.810651808346,0.9995611970097867,3,2.3619994848900205e-14,6.382091815800932,1568.7318119518793,98344,0.010403458029031754,True,4eafe727b67864632d25d30b526cbdb5c0a83989bf31e7b0cf41f7129c8a89da
adaptive,1,1,4,4,3,"[0, 4, 5, 6]",3,"[null, 2.4865624429482584e-05, 8.678955711029094e-05, 0.27836262033110754, null, null, null, 0.00639331118836663]",-0.007128258617898436,0.284867586701014,0.002562868309888792,0.28030219639300435,0.05,activate_factor,8192,16384,16374.935133637768,0.9994467244651958,3,1.3607864834952466e-13,6.382091815800932,1568.7318119518793,163908,0.011669124942272902,True,4eafe727b67864632d25d30b526cbdb5c0a83989bf31e7b0cf41f7129c8a89da
adaptive,1,1,5,5,15,"[0, 3, 4, 5, 6]",1,"[null, 0.2163755546542322, 7.299695907787684e-05, null, null, null, null, 0.017752954060177562]",-0.014409669853362428,0.2342015056734876,0.0026874677006568774,0.22247930352078205,0.05,activate_factor,8192,16384,16373.425431135298,0.9993545795370665,3,2.603472992745992e-13,6.382091815800932,1568.7318119518793,245863,0.012896792031824589,True,4eafe727b67864632d25d30b526cbdb5c0a83989bf31e7b0cf41f7129c8a89da
adaptive,1,1,6,15,7,"[0, 1, 3, 4, 5, 6]",7,"[null, null, 6.787968599066667e-05, null, null, null, null, 0.21639267720196104]",-0.027611797284395674,0.21646055688795174,0.0026060452006152475,0.19145480480417132,0.05,activate_factor,8192,16384,16372.253273126826,0.9992830366898697,3,1.6575629757653587e-13,6.382091815800932,1568.7318119518793,344209,0.012261291965842247,True,4eafe727b67864632d25d30b526cbdb5c0a83989bf31e7b0cf41f7129c8a89da
adaptive,1,1,7,15,15,"[0, 1, 3, 4, 5, 6, 7]",,"[null, null, 0.0, null, null, null, null, null]",0.0,0.0,0.0,0.0,0.05,screening_tolerance,8192,16384,16370.779290952594,0.9991930719575558,3,2.631228568361621e-14,6.382091815800932,1568.7318119518793,458946,0.011903916951268911,True,4eafe727b67864632d25d30b526cbdb5c0a83989bf31e7b0cf41f7129c8a89da
adaptive,1,2,0,3,5,[],5,"[5.991936380390666e-06, 2.091391294684128e-05, 7.299672876694393e-05, 0.23412448884079265, 0.12902765678615333, 0.2531933269374243, 0.07209309507156071, 0.019091317285724375]",-0.013897428436455935,0.7076297874997495,0.0023796241901907064,0.6961119832534842,0.05,activate_factor,8192,16384,16383.999999999985,0.9999999999999991,0,0.0,6.382091815800932,1568.7318119518793,0,0.010467750020325184,True,4eafe727b67864632d25d30b526cbdb5c0a83989bf31e7b0cf41f7129c8a89da
adaptive,1,2,1,5,4,[5],4,"[2.0407984509601607e-06, 7.123086500899019e-06, 2.486201480377756e-05, 0.07974064873606435, 0.3011434280921828, null, 0.0861268494367617, 0.022807662894551786]",-0.008191603098140697,0.48985261505931627,0.005391672665576892,0.48705268462675244,0.05,activate_factor,8192,16384,16382.05765226426,0.9998814485024573,2,5.833363792007162e-10,6.382091815800932,1568.7318119518793,16389,0.01001666602678597,True,4eafe727b67864632d25d30b526cbdb5c0a83989bf31e7b0cf41f7129c8a89da
adaptive,1,2,2,4,6,"[4, 5]",6,"[1.7158486661350243e-06, 5.988900307907438e-06, 2.0903316012624417e-05, 0.06704380126619387, null, null, 0.25319490281050433, 0.06704975309889744]",-0.020585376437339896,0.3873170652405824,0.002640525597726629,0.3693722144009691,0.05,activate_factor,8192,16384,16379.132936323937,0.9997029380080528,3,7.779887845060784e-14,6.382091815800932,1568.7318119518793,49171,0.010331165976822376,True,4eafe727b67864632d25d30b526cbdb5c0a83989bf31e7b0cf41f7129c8a89da
adaptive,1,2,3,5,0,"[4, 5, 6]",0,"[0.23411615192725882, 0.0619937657121532, 2.486288465310738e-05, 0.017756796252177406, null, null, null, 0.01775286875167813]",-0.022545778484150205,0.3316444455279206,0.002632266631558653,0.31173093367532906,0.05,activate_factor,8192,16384,16376.701133630902,0.9995545125507143,3,2.773475893391719e-13,6.382091815800932,1568.7318119518793,98344,0.01048633293248713,True,4eafe727b67864632d25d30b526cbdb5c0a83989bf31e7b0cf41f7129c8a89da
adaptive,1,2,4,4,3,"[0, 4, 5, 6]",3,"[null, 2.4865624429482584e-05, 8.678955711029094e-05, 0.27836262033110754, null, null, null, 0.00639331118836663]",-0.006950280576187072,0.284867586701014,0.0036231105249698164,0.28154041664979673,0.05,activate_factor,8192,16384,16374.77750273369,0.9994371034383356,3,1.3653314590023058e-13,6.382091815800932,1568.7318119518793,163908,0.010752292117103934,True,4eafe727b67864632d25d30b526cbdb5c0a83989bf31e7b0cf41f7129c8a89da
adaptive,1,2,5,5,1,"[0, 3, 4, 5, 6]",1,"[null, 0.2163755546542322, 7.299695907787684e-05, null, null, null, null, 0.017752954060177562]",-0.018908641617462682,0.2342015056734876,0.002651217385794709,0.21794408144181962,0.05,activate_factor,8192,16384,16374.168090422316,0.9993999078626902,3,1.8934853684982045e-13,6.382091815800932,1568.7318119518793,245863,0.01108720782212913,True,4eafe727b67864632d25d30b526cbdb5c0a83989bf31e7b0cf41f7129c8a89da
adaptive,1,2,6,5,7,"[0, 1, 3, 4, 5, 6]",7,"[null, null, 5.9519133732203605e-06, null, null, null, null, 0.234145392133693]",-0.02366338409514036,0.23415134404706628,0.002499504819477993,0.2129874647714039,0.05,activate_factor,8192,16384,16373.774302190874,0.9993758729364547,3,1.4138690218601369e-13,6.382091815800932,1568.7318119518793,344209,0.011165916919708252,True,4eafe727b67864632d25d30b526cbdb5c0a83989bf31e7b0cf41f7129c8a89da
adaptive,1,2,7,5,5,"[0, 1, 3, 4, 5, 6, 7]",,"[null, null, 0.0, null, null, null, null, null]",0.0,0.0,0.0,0.0,0.05,screening_tolerance,8192,16384,16372.572430191301,0.9993025164911683,3,3.7941871866564725e-14,6.382091815800932,1568.7318119518793,458946,0.011700375005602837,True,4eafe727b67864632d25d30b526cbdb5c0a83989bf31e7b0cf41f7129c8a89da
adaptive,1,3,0,3,11,[],5,"[5.991936380390666e-06, 2.091391294684128e-05, 7.299672876694393e-05, 0.23412448884079265, 0.12902765678615333, 0.2531933269374243, 0.07209309507156071, 0.019091317285724375]",-0.016317442137219685,0.7076297874997495,0.002451268874020238,0.69376361423655,0.05,activate_factor,8192,16384,16383.999999999985,0.9999999999999991,0,0.0,6.382091815800932,1568.7318119518793,0,0.01013162499293685,True,4eafe727b67864632d25d30b526cbdb5c0a83989bf31e7b0cf41f7129c8a89da
adaptive,1,3,1,3,4,[5],4,"[7.124120675976116e-06, 2.4865624429482584e-05, 8.678955711029094e-05, 0.27836262033110754, 0.29609455153240877, null, 0.0241425766712095, 0.00639331118836663]",-0.003957236946442607,0.6051118390253082,0.004557421067744004,0.6057120231466095,0.05,activate_factor,8192,16384,16383.612258538535,0.9999763341393149,2,2.023351486357683e-10,6.382091815800932,1568.7318119518793,16389,0.009866083040833473,True,4eafe727b67864632d25d30b526cbdb5c0a83989bf31e7b0cf41f7129c8a89da
adaptive,1,3,2,4,6,"[4, 5]",6,"[1.7158486661350243e-06, 5.988900307907438e-06, 2.0903316012624417e-05, 0.06704380126619387, null, null, 0.25319490281050433, 0.06704975309889744]",-0.023036469516009364,0.3873170652405824,0.0027652036666703144,0.3670457993912434,0.05,activate_factor,8192,16384,16381.616840393874,0.9998545434810714,3,7.503719867685277e-14,6.382091815800932,1568.7318119518793,49171,0.009519499959424138,True,4eafe727b67864632d25d30b526cbdb5c0a83989bf31e7b0cf41f7129c8a89da
adaptive,1,3,3,4,0,"[4, 5, 6]",0,"[0.23411728411155439, 0.061997717423635836, 3.86557129964544e-05, 0.06199492774249234, null, null, null, 0.005054862654320385]",-0.02786676873446053,0.36320344764499934,0.002680381716966259,0.3380170606275051,0.05,activate_factor,8192,16384,16378.51123011202,0.9996649920722669,3,1.1685791223570163e-13,6.382091815800932,1568.7318119518793,98344,0.010441208025440574,True,4eafe727b67864632d25d30b526cbdb5c0a83989bf31e7b0cf41f7129c8a89da
adaptive,1,3,4,4,3,"[0, 4, 5, 6]",3,"[null, 2.4865624429482584e-05, 8.678955711029094e-05, 0.27836262033110754, null, null, null, 0.00639331118836663]",-0.008465738883494897,0.284867586701014,0.004650646701819104,0.28105249451933817,0.05,activate_factor,8192,16384,16377.433803243284,0.9995992311549856,3,8.849865285043279e-14,6.382091815800932,1568.7318119518793,163908,0.010565791046246886,True,4eafe727b67864632d25d30b526cbdb5c0a83989bf31e7b0cf41f7129c8a89da
adaptive,1,3,5,4,1,"[0, 3, 4, 5, 6]",1,"[null, 0.21637950636571476, 8.678978742122384e-05, null, null, null, null, 0.005054947962819819]",-0.020003386709812436,0.22152124411595583,0.003402058176391373,0.20491991558253478,0.05,activate_factor,8192,16384,16376.752382023222,0.999557640504347,3,1.4310774787418268e-13,6.382091815800932,1568.7318119518793,245863,0.010481875156983733,True,4eafe727b67864632d25d30b526cbdb5c0a83989bf31e7b0cf41f7129c8a89da
adaptive,1,3,6,4,7,"[0, 1, 3, 4, 5, 6]",7,"[null, null, 1.9744741716567393e-05, null, null, null, null, 0.22144738603633526]",-0.022311800950581405,0.22146713077805188,0.002496520934531921,0.2016518507620024,0.05,activate_factor,8192,16384,16376.808891700464,0.9995610895813272,3,2.496891582381977e-13,6.382091815800932,1568.7318119518793,344209,0.011357415933161974,True,4eafe727b67864632d25d30b526cbdb5c0a83989bf31e7b0cf41f7129c8a89da
adaptive,1,3,7,4,6,"[0, 1, 3, 4, 5, 6, 7]",,"[null, null, 2.0903316012624417e-05, null, null, null, null, null]",-0.004743579524265503,2.0903316012624417e-05,0.00667122420636581,0.0019485479981129312,0.05,screening_tolerance,8192,16384,16374.835822881074,0.9994406630176437,3,1.3714029911682246e-13,6.382091815800932,1568.7318119518793,458946,0.011307084001600742,True,4eafe727b67864632d25d30b526cbdb5c0a83989bf31e7b0cf41f7129c8a89da
adaptive,1,4,0,3,11,[],5,"[5.991936380390666e-06, 2.091391294684128e-05, 7.299672876694393e-05, 0.23412448884079265, 0.12902765678615333, 0.2531933269374243, 0.07209309507156071, 0.019091317285724375]",-0.014563175103304911,0.7076297874997495,0.0016985964830400976,0.6947652088794847,0.05,activate_factor,8192,16384,16383.999999999985,0.9999999999999991,0,0.0,6.382091815800932,1568.7318119518793,0,0.010283291107043624,True,4eafe727b67864632d25d30b526cbdb5c0a83989bf31e7b0cf41f7129c8a89da
adaptive,1,4,1,3,6,[5],6,"[5.666986595565529e-06, 1.97797267538497e-05, 6.903802997579076e-05, 0.22142764137092216, 0.08107755563139488, null, 0.23916114844530337, 0.06333340749007002]",-0.012478883432284107,0.6050942376810157,0.0014732592264759606,0.5940886134752075,0.05,activate_factor,8192,16384,16383.653998504178,0.9999788817446398,2,2.0252655108521367e-10,6.382091815800932,1568.7318119518793,16389,0.010190333938226104,True,4eafe727b67864632d25d30b526cbdb5c0a83989bf31e7b0cf41f7129c8a89da
adaptive,1,4,2,3,12,"[5, 6]",4,"[7.124120675976116e-06, 2.4865624429482584e-05, 8.678955711029094e-05, 0.27836262033110754, 0.29609455153240877, null, null, 0.00639331118836663]",-0.016087142909802756,0.5809692623540987,0.0012481309293552016,0.5661302503736512,0.05,activate_factor,8192,16384,16381.350574546164,0.9998382919034524,3,2.4844340994201186e-13,6.382091815800932,1568.7318119518793,49171,0.010417707962915301,True,4eafe727b67864632d25d30b526cbdb5c0a83989bf31e7b0cf41f7129c8a89da
adaptive,1,4,3,3,0,"[4, 5, 6]",0,"[0.2341212352494838, 0.062011508250081775, 8.679042695962076e-05, 0.2163787678472206, null, null, null, 0.0013385170454929725]",-0.012936354861854859,0.5139368188192388,0.0012810340154156409,0.5022814979727996,0.05,activate_factor,8192,16384,16380.666121474325,0.9997965162032669,3,4.694022948115162e-13,6.382091815800932,1568.7318119518793,98344,0.010475290939211845,True,4eafe727b67864632d25d30b526cbdb5c0a83989bf31e7b0cf41f7129c8a89da
adaptive,1,4,4,3,1,"[0, 4, 5, 6]",1,"[null, 0.21639329719216077, 0.00013492450138439022, 0.21639255844335561, null, null, null, 0.0013386023539924054]",-0.013566576915982394,0.4342593824908932,0.0013506926372801663,0.42204349821219095,0.05,activate_factor,8192,16384,16378.781874776696,0.9996815109116636,3,5.146438830649913e-13,6.382091815800932,1568.7318119518793,163908,0.010554125066846609,True,4eafe727b67864632d25d30b526cbdb5c0a83989bf31e7b0cf41f7129c8a89da
adaptive,1,4,5,3,7,"[0, 1, 4, 5, 6]",7,"[null, null, 6.787945567973375e-05, 0.2177117130076875, null, null, null, 0.21773104042750788]",-0.01397698080949358,0.4355106328908751,0.0012718683062310063,0.42280552038761254,0.05,activate_factor,8192,16384,16379.026538266155,0.9996964439859714,3,3.4228175849193576e-13,6.382091815800932,1568.7318119518793,245863,0.01097845914773643,True,4eafe727b67864632d25d30b526cbdb5c0a83989bf31e7b0cf41f7129c8a89da
adaptive,1,4,6,3,13,"[0, 1, 4, 5, 6, 7]",3,"[null, null, 9.54058670226936e-05, 0.3059979567086555, null, null, null, null]",-0.014257148671003726,0.3060933625756782,0.0012450636058199444,0.2930812775104944,0.05,activate_factor,8192,16384,16377.85294944012,0.999624813808601,3,5.573319583618286e-14,6.382091815800932,1568.7318119518793,344209,0.01103045791387558,True,4eafe727b67864632d25d30b526cbdb5c0a83989bf31e7b0cf41f7129c8a89da
adaptive,1,4,7,3,6,"[0, 1, 3, 4, 5, 6, 7]",,"[null, null, 6.903802997579076e-05, null, null, null, null, null]",-0.0009159785253766799,6.903802997579077e-05,0.0022846560237021855,0.0014377155283012964,0.05,screening_tolerance,8192,16384,16376.743609209634,0.999557105054299,3,5.286326931752683e-13,6.382091815800932,1568.7318119518793,458946,0.011405083118006587,True,4eafe727b67864632d25d30b526cbdb5c0a83989bf31e7b0cf41f7129c8a89da
adaptive,1,5,0,1,11,[],5,"[0.061992634331721745, 0.2163755546542322, 7.299695907787684e-05, 0.01777058684831241, 0.06704380407195544, 0.23544365400205877, 0.0670391354198726, 0.017752954060177562]",-0.002904348865191882,0.6834913203474084,0.0009577132936673437,0.6815446847758839,0.05,activate_factor,8192,16384,16383.999999999985,0.9999999999999991,0,0.0,6.382091815800932,1568.7318119518793,0,0.009816250065341592,True,4eafe727b67864632d25d30b526cbdb5c0a83989bf31e7b0cf41f7129c8a89da
adaptive,1,5,1,1,6,[5],6,"[0.061992309381936915, 0.21637442046803917, 6.903826028672369e-05, 0.00507373937844196, 0.019093702917197017, null, 0.23410718879361528, 0.06199504426452321]",-0.0003551395607601231,0.5987054434640402,0.0014026425711991886,0.5997529464744793,0.05,activate_factor,8192,16384,16383.611910204554,0.9999763128786959,2,2.024257428345777e-10,6.382091815800932,1568.7318119518793,16389,0.010267375037074089,True,4eafe727b67864632d25d30b526cbdb5c0a83989bf31e7b0cf41f7129c8a89da
adaptive,1,5,2,6,12,"[5, 6]",4,"[1.7158486661350243e-06, 5.988900307907438e-06, 2.0903316012624417e-05, 0.06704380126619387, 0.2531933269374243, null, null, 0.06704975309889744]",-0.005822511266208695,0.3873154893675024,0.0010385566474689738,0.38253153474876267,0.05,activate_factor,8192,16384,16381.691996209487,0.9998591306280205,3,2.639306068127807e-13,6.382091815800932,1568.7318119518793,49171,0.010087166912853718,True,4eafe727b67864632d25d30b526cbdb5c0a83989bf31e7b0cf41f7129c8a89da
adaptive,1,5,3,6,0,"[4, 5, 6]",0,"[0.23411582697747396, 0.06199263152596019, 2.0904185861954237e-05, 0.005059948782306951, null, null, null, 0.061994958956023784]",-0.00524807302745862,0.36318427042762685,0.0010834713013809349,0.35901966870154917,0.05,activate_factor,8192,16384,16380.52826701316,0.99978810223469,3,4.174845690506357e-13,6.382091815800932,1568.7318119518793,98344,0.010691083036363125,True,4eafe727b67864632d25d30b526cbdb5c0a83989bf31e7b0cf41f7129c8a89da
adaptive,1,5,4,6,1,"[0, 4, 5, 6]",1,"[null, 0.21637442046803917, 6.903826028672369e-05, 0.00507373937844196, null, null, null, 0.06199504426452321]",-0.004606919772849667,0.2835122423712911,0.0011989144961547411,0.28010423709459614,0.05,activate_factor,8192,16384,16378.684968785134,0.999675596239327,3,4.533040609544514e-13,6.382091815800932,1568.7318119518793,163908,0.010398374870419502,True,4eafe727b67864632d25d30b526cbdb5c0a83989bf31e7b0cf41f7129c8a89da
adaptive,1,5,5,6,7,"[0, 1, 4, 5, 6]",7,"[null, null, 1.9932145820672222e-06, 0.0063928939427738566, null, null, null, 0.27838748233803867]",-0.0058004315337513,0.2847823694953946,0.001224967428739579,0.2802069053903829,0.05,activate_factor,8192,16384,16378.818935259009,0.9996837729039922,3,4.892373059949516e-13,6.382091815800932,1568.7318119518793,245863,0.01094104116782546,True,4eafe727b67864632d25d30b526cbdb5c0a83989bf31e7b0cf41f7129c8a89da
adaptive,1,5,6,6,13,"[0, 1, 4, 5, 6, 7]",3,"[null, null, 6.903802997579076e-05, 0.22142764137092216, null, null, null, null]",-0.004484211386755901,0.22149667940089796,0.0012225889766978911,0.21823505699083995,0.05,activate_factor,8192,16384,16377.2164005079,0.9995859619450622,3,3.738747186192784e-13,6.382091815800932,1568.7318119518793,344209,0.011018207995221019,True,4eafe727b67864632d25d30b526cbdb5c0a83989bf31e7b0cf41f7129c8a89da
adaptive,1,5,7,13,6,"[0, 1, 3, 4, 5, 6, 7]",,"[null, null, 6.903802997579076e-05, null, null, null, null, null]",-0.00230210683886536,6.903802997579077e-05,0.0023142432732242736,8.117446433470445e-05,0.05,screening_tolerance,8192,16384,16377.870070602261,0.9996258588014075,3,2.3908652835302746e-13,6.382091815800932,1568.7318119518793,458946,0.011559250066056848,True,4eafe727b67864632d25d30b526cbdb5c0a83989bf31e7b0cf41f7129c8a89da
adaptive,1,6,0,12,11,[],5,"[2.2206877757575666e-09, 7.750961934591562e-09, 2.7053515384579834e-08, 8.676951101440349e-05, 0.27832315874399416, 0.29594553117183314, 0.08426615966876375, 0.02231492473847888]",-0.004144820811453853,0.6809365808592494,0.0007101461338769379,0.6775019061816724,0.05,activate_factor,8192,16384,16383.999999999982,0.9999999999999989,0,0.0,6.737807259755708,1486.3753672239166,0,0.01015595905482769,True,4eafe727b67864632d25d30b526cbdb5c0a83989bf31e7b0cf41f7129c8a89da
adaptive,1,6,1,12,6,[5],6,"[1.8670947911791547e-09, 6.516801151906576e-09, 2.2745870992334067e-08, 7.295348037196827e-05, 0.23400665580705746, null, 0.25163048470002974, 0.06663547205735028]",-0.0039198672741595835,0.5523455971745763,0.0007562281130370722,0.5491819580134538,0.05,activate_factor,8192,16384,16383.739766448247,0.9999841166045073,2,1.2190237708153973e-10,6.737807259755708,1486.3753672239166,16389,0.010199457872658968,True,4eafe727b67864632d25d30b526cbdb5c0a83989bf31e7b0cf41f7129c8a89da
adaptive,1,6,2,12,0,"[5, 6]",0,"[0.23411569920494615, 0.06199218555601756, 1.934759781347392e-05, 6.745956611657778e-05, 0.21636496913490355, null, null, 0.004671779912131792]",-0.0033061092519679246,0.5172314409719291,0.0006158445772948824,0.514541176297256,0.05,activate_factor,8192,16384,16381.487060731664,0.9998466223591104,3,3.981875593139783e-13,6.737807259755708,1486.3753672239166,49171,0.01030983286909759,True,4eafe727b67864632d25d30b526cbdb5c0a83989bf31e7b0cf41f7129c8a89da
adaptive,1,6,3,12,7,"[0, 5, 6]",7,"[null, 6.155604951947748e-09, 2.148517238081906e-08, 6.891000578086436e-05, 0.22103674728342498, null, null, 0.22105606668018724]",-0.0040526917848783175,0.44216175161017046,0.0006894077878589772,0.4387984676131511,0.05,activate_factor,8192,16384,16380.262969983085,0.9997719097890067,3,4.44881978478584e-13,6.737807259755708,1486.3753672239166,98344,0.010712291114032269,True,4eafe727b67864632d25d30b526cbdb5c0a83989bf31e7b0cf41f7129c8a89da
adaptive,1,6,4,12,1,"[0, 5, 6, 7]",1,"[null, 0.21637397326754823, 6.747737720269268e-05, 6.747457230604575e-05, 0.21636497343407002, null, null, null]",-0.0035529133076096647,0.432873898651127,0.0006250005178330701,0.4299459858613504,0.05,activate_factor,8192,16384,16378.950503767066,0.9996918032084391,2,7.464195928008621e-10,6.737807259755708,1486.3753672239166,163900,0.010722875129431486,True,4eafe727b67864632d25d30b526cbdb5c0a83989bf31e7b0cf41f7129c8a89da
adaptive,1,6,5,12,11,"[0, 1, 5, 6, 7]",4,"[null, null, 2.7053515384579834e-08, 8.676951101440349e-05, 0.27832315874399416, null, null, null]",-0.0044314541379825365,0.27840995530852397,0.0005624634110767432,0.2745409645816182,0.05,activate_factor,8192,16384,16378.960843098455,0.999692434271146,2,7.464197038231646e-10,6.737807259755708,1486.3753672239166,245845,0.011078666895627975,True,4eafe727b67864632d25d30b526cbdb5c0a83989bf31e7b0cf41f7129c8a89da
adaptive,1,6,6,12,6,"[0, 1, 4, 5, 6, 7]",,"[null, null, 2.2745870992334067e-08, 7.295348037196827e-05, null, null, null, null]",-5.413957576964608e-05,7.297622624296063e-05,0.001541191676584265,0.0015600283270575796,0.05,screening_tolerance,8192,16384,16378.00298588249,0.9996339713063043,3,4.539424391936109e-13,6.737807259755708,1486.3753672239166,344191,0.011785042006522417,True,4eafe727b67864632d25d30b526cbdb5c0a83989bf31e7b0cf41f7129c8a89da
adaptive,2,1,0,1,11,[],5,"[0.061992634331721745, 0.2163755546542322, 7.299695907787684e-05, 0.01777058684831241, 0.06704380407195544, 0.23544365400205877, 0.0670391354198726, 0.017752954060177562]",-0.012508836156439248,0.6834913203474084,0.003001010596533092,0.6739834947875023,0.05,activate_factor,8192,16384,16383.999999999985,0.9999999999999991,0,0.0,6.382091815800932,1568.7318119518793,0,0.009908041916787624,True,4eafe727b67864632d25d30b526cbdb5c0a83989bf31e7b0cf41f7129c8a89da
adaptive,2,1,1,11,12,[5],4,"[2.0407984509601607e-06, 7.123086500899019e-06, 2.486201480377756e-05, 0.07974064873606435, 0.3011434280921828, null, 0.0861268494367617, 0.022807662894551786]",-0.007886223690273869,0.48985261505931627,0.0023965339216344248,0.4843629252906768,0.05,activate_factor,8192,16384,16382.178297387993,0.9998888120964351,2,4.931185459966514e-10,6.382091815800932,1568.7318119518793,16389,0.010381874861195683,True,4eafe727b67864632d25d30b526cbdb5c0a83989bf31e7b0cf41f7129c8a89da
adaptive,2,1,2,12,10,"[4, 5]",6,"[1.7158486661350243e-06, 5.988900307907438e-06, 2.0903316012624417e-05, 0.06704380126619387, null, null, 0.25319490281050433, 0.06704975309889744]",-0.019390684317659203,0.3873170652405824,0.0026251611436502744,0.3705515420665735,0.05,activate_factor,8192,16384,16379.090341488352,0.9997003382256074,3,4.621303340002214e-15,6.382091815800932,1568.7318119518793,49171,0.010037916945293546,True,4eafe727b67864632d25d30b526cbdb5c0a83989bf31e7b0cf41f7129c8a89da
adaptive,2,1,3,11,0,"[4, 5, 6]",0,"[0.23411615192725882, 0.0619937657121532, 2.486288465310738e-05, 0.017756796252177406, null, null, null, 0.01775286875167813]",-0.024465010139792374,0.3316444455279206,0.0027277246045359776,0.3099071599926642,0.05,activate_factor,8192,16384,16376.996801798765,0.9995725587035379,3,1.0702549957386509e-13,6.382091815800932,1568.7318119518793,98344,0.01155737484805286,True,4eafe727b67864632d25d30b526cbdb5c0a83989bf31e7b0cf41f7129c8a89da
adaptive,2,1,4,11,1,"[0, 4, 5, 6]",1,"[null, 0.2163755546542322, 7.299695907787684e-05, 0.01777058684831241, null, null, null, 0.017752954060177562]",-0.009069555158688198,0.25197209252180003,0.002897122178071368,0.24579965954118319,0.05,activate_factor,8192,16384,16375.085620699088,0.9994559094664971,3,9.249545573908335e-15,6.382091815800932,1568.7318119518793,163908,0.01134437508881092,True,4eafe727b67864632d25d30b526cbdb5c0a83989bf31e7b0cf41f7129c8a89da
adaptive,2,1,5,11,13,"[0, 1, 4, 5, 6]",3,"[null, null, 7.299672876694393e-05, 0.23412448884079265, null, null, null, 0.019091317285724375]",-0.013580562439895642,0.25328880285528393,0.006100507236869272,0.24580874765225758,0.05,activate_factor,8192,16384,16373.06631738461,0.9993326609731817,3,2.4868995751603507e-14,6.382091815800932,1568.7318119518793,245863,0.011383916949853301,True,4eafe727b67864632d25d30b526cbdb5c0a83989bf31e7b0cf41f7129c8a89da
adaptive,2,1,6,13,9,"[0, 1, 3, 4, 5, 6]",7,"[null, null, 6.787945567973375e-05, null, null, null, null, 0.21773104042750788]",-0.030929360551757955,0.2177989198831876,0.002690477458070719,0.18956003678950037,0.05,activate_factor,8192,16384,16371.67472829744,0.9992477251158105,3,3.9968028886505635e-15,6.382091815800932,1568.7318119518793,344209,0.01133433310315013,True,4eafe727b67864632d25d30b526cbdb5c0a83989bf31e7b0cf41f7129c8a89da
adaptive,2,1,7,13,12,"[0, 1, 3, 4, 5, 6, 7]",,"[null, null, 8.678955711029094e-05, null, null, null, null, null]",-0.002041153774593939,8.678955711029094e-05,0.0027837853800318766,0.0008294211625482287,0.05,screening_tolerance,8192,16384,16370.935213445682,0.9992025887112843,3,5.934142066621462e-14,6.382091815800932,1568.7318119518793,458946,0.01122374995611608,True,4eafe727b67864632d25d30b526cbdb5c0a83989bf31e7b0cf41f7129c8a89da
adaptive,2,2,0,12,11,[],5,"[2.0407984509601607e-06, 7.123086500899019e-06, 2.486201480377756e-05, 0.07974064873606435, 0.3011434280921828, 0.3024803349875133, 0.0861268494367617, 0.022807662894551786]",-0.004451422814851126,0.7923329500468295,0.0010112692157254622,0.7888927964477038,0.05,activate_factor,8192,16384,16383.999999999985,0.9999999999999991,0,0.0,6.382091815800932,1568.7318119518793,0,0.010369959054514766,True,4eafe727b67864632d25d30b526cbdb5c0a83989bf31e7b0cf41f7129c8a89da
adaptive,2,2,1,12,10,[5],6,"[1.7158486661350243e-06, 5.988900307907438e-06, 2.0903316012624417e-05, 0.06704380126619387, 0.2531933269374243, null, 0.25319490281050433, 0.06704975309889744]",-0.005469430521498845,0.6405103921780068,0.0010967635864850798,0.636137725242993,0.05,activate_factor,8192,16384,16381.97755615674,0.9998765598240198,3,4.0716041649346835e-13,6.382091815800932,1568.7318119518793,16391,0.010313207982107997,True,4eafe727b67864632d25d30b526cbdb5c0a83989bf31e7b0cf41f7129c8a89da
adaptive,2,2,2,12,0,"[5, 6]",0,"[0.23411728411155439, 0.061997717423635836, 3.86557129964544e-05, 0.06199492774249234, 0.23410674791059238, null, null, 0.005054862654320385]",-0.006233194709930086,0.5973101955555917,0.0007563856540753783,0.591833386499737,0.05,activate_factor,8192,16384,16378.759109028018,0.9996801214006359,3,2.986499936241671e-14,6.382091815800932,1568.7318119518793,49173,0.010645875008776784,True,4eafe727b67864632d25d30b526cbdb5c0a83989bf31e7b0cf41f7129c8a89da
adaptive,2,2,3,12,3,"[0, 5, 6]",4,"[null, 2.4865624429482584e-05, 8.678955711029094e-05, 0.27836262033110754, 0.29609455153240877, null, null, 0.00639331118836663]",-0.006097441982742183,0.5809621382334227,0.0007568097747354129,0.575621506025416,0.05,activate_factor,8192,16384,16377.365887136886,0.9995950858848197,3,4.3078041134236855e-13,6.382091815800932,1568.7318119518793,98346,0.01059575006365776,True,4eafe727b67864632d25d30b526cbdb5c0a83989bf31e7b0cf41f7129c8a89da
adaptive,2,2,4,12,3,"[0, 4, 5, 6]",3,"[null, 2.4865624429482584e-05, 8.678955711029094e-05, 0.27836262033110754, null, null, null, 0.00639331118836663]",-0.009251489946060249,0.284867586701014,0.0008970688385046309,0.27651316559345834,0.05,activate_factor,8192,16384,16373.431571202324,0.9993549542970168,3,1.6159296123419153e-13,6.382091815800932,1568.7318119518793,163910,0.011158250039443374,True,4eafe727b67864632d25d30b526cbdb5c0a83989bf31e7b0cf41f7129c8a89da
adaptive,2,2,5,12,1,"[0, 3, 4, 5, 6]",1,"[null, 0.21637950636571476, 8.678978742122384e-05, null, null, null, null, 0.005054947962819819]",-0.007454598206470247,0.22152124411595583,0.0009910514945418985,0.2150576974040275,0.05,activate_factor,8192,16384,16372.11776708233,0.9992747660572712,3,2.669531262711189e-13,6.382091815800932,1568.7318119518793,245865,0.011414749780669808,True,4eafe727b67864632d25d30b526cbdb5c0a83989bf31e7b0cf41f7129c8a89da
adaptive,2,2,6,12,9,"[0, 1, 3, 4, 5, 6]",7,"[null, null, 1.9744741716567393e-05, null, null, null, null, 0.22144738603633526]",-0.009944742245389077,0.22146713077805188,0.0008772610172893269,0.21239964954995214,0.05,activate_factor,8192,16384,16371.126427034904,0.9992142594625796,3,2.8360647164049624e-13,6.382091815800932,1568.7318119518793,344211,0.011538499966263771,True,4eafe727b67864632d25d30b526cbdb5c0a83989bf31e7b0cf41f7129c8a89da
adaptive,2,2,7,12,12,"[0, 1, 3, 4, 5, 6, 7]",,"[null, null, 0.0, null, null, null, null, null]",0.0,0.0,0.0,0.0,0.05,screening_tolerance,8192,16384,16370.651933312074,0.999185298664067,3,3.1069591344135006e-13,6.382091815800932,1568.7318119518793,458948,0.011715125059708953,True,4eafe727b67864632d25d30b526cbdb5c0a83989bf31e7b0cf41f7129c8a89da
adaptive,2,3,0,11,10,[],5,"[5.83664370549573e-07, 2.037188825266138e-06, 7.1104876692773914e-06, 0.022805669775878952, 0.08612643219116893, 0.3024807522331061, 0.30114542121085563, 0.0797477591962552]",-0.0008026694613849628,0.7923157659481297,0.00022733783262574917,0.7917404343193705,0.05,activate_factor,8192,16384,16383.999999999985,0.9999999999999991,0,0.0,6.382091815800932,1568.7318119518793,0,0.010412500007078052,True,4eafe727b67864632d25d30b526cbdb5c0a83989bf31e7b0cf41f7129c8a89da
adaptive,2,3,1,11,10,[5],6,"[5.83664370549573e-07, 2.037188825266138e-06, 7.1104876692773914e-06, 0.022805669775878952, 0.08612643219116893, null, 0.30114542121085563, 0.0797477591962552]",-0.0011723722701757788,0.48983501371502375,0.00027309157436579103,0.4889357330192138,0.05,activate_factor,8192,16384,16381.252223398898,0.9998322890258117,3,2.908506768761754e-13,6.382091815800932,1568.7318119518793,16391,0.010031542042270303,True,4eafe727b67864632d25d30b526cbdb5c0a83989bf31e7b0cf41f7129c8a89da
adaptive,2,3,2,11,4,"[5, 6]",4,"[2.0407984509601607e-06, 7.123086500899019e-06, 2.486201480377756e-05, 0.07974064873606435, 0.3011434280921828, null, null, 0.022807662894551786]",-0.0012740166988575114,0.4037257656225546,0.0002599409734883285,0.4027116898971854,0.05,activate_factor,8192,16384,16376.962597221454,0.9995704710218173,3,2.6914581674475357e-13,6.382091815800932,1568.7318119518793,49173,0.010542791103944182,True,4eafe727b67864632d25d30b526cbdb5c0a83989bf31e7b0cf41f7129c8a89da
adaptive,2,3,3,11,0,"[4, 5, 6]",0,"[0.23411615192725882, 0.0619937657121532, 2.486288465310738e-05, 0.017756796252177406, null, null, null, 0.01775286875167813]",-0.0014853394192037772,0.3316444455279206,0.0004204709647876309,0.33057957707350444,0.05,activate_factor,8192,16384,16375.814580247323,0.9995004016264235,3,4.374278717023117e-14,6.382091815800932,1568.7318119518793,98346,0.010942208115011454,True,4eafe727b67864632d25d30b526cbdb5c0a83989bf31e7b0cf41f7129c8a89da
adaptive,2,3,4,11,3,"[0, 4, 5, 6]",3,"[null, 2.091391294684128e-05, 7.299672876694393e-05, 0.23412448884079265, null, null, null, 0.019091317285724375]",-0.0015639591013637995,0.2533097167682308,0.00028783362097679595,0.25203359128784375,0.05,activate_factor,8192,16384,16374.491365908047,0.9994196390324736,3,3.8996583739958623e-13,6.382091815800932,1568.7318119518793,163910,0.010456791846081614,True,4eafe727b67864632d25d30b526cbdb5c0a83989bf31e7b0cf41f7129c8a89da
adaptive,2,3,5,11,15,"[0, 3, 4, 5, 6]",1,"[null, 0.2163755546542322, 7.299695907787684e-05, null, null, null, null, 0.017752954060177562]",-0.0016319574482791428,0.2342015056734876,0.00043077430749143453,0.2330003225326999,0.05,activate_factor,8192,16384,16373.600916205442,0.9993652902957423,3,4.251599072802037e-13,6.382091815800932,1568.7318119518793,245865,0.010988333029672503,True,4eafe727b67864632d25d30b526cbdb5c0a83989bf31e7b0cf41f7129c8a89da
adaptive,2,3,6,11,9,"[0, 1, 3, 4, 5, 6]",7,"[null, null, 5.9519133732203605e-06, null, null, null, null, 0.234145392133693]",-0.001542540525722259,0.23415134404706628,0.00032320194249156847,0.23293200546383558,0.05,activate_factor,8192,16384,16371.301158594357,0.9992249242306126,3,2.1271873151818e-13,6.382091815800932,1568.7318119518793,344211,0.010911541059613228,True,4eafe727b67864632d25d30b526cbdb5c0a83989bf31e7b0cf41f7129c8a89da
adaptive,2,3,7,11,11,"[0, 1, 3, 4, 5, 6, 7]",,"[null, null, 0.0, null, null, null, null, null]",0.0,0.0,0.0,0.0,0.05,screening_tolerance,8192,16384,16371.640581741674,0.999245640975444,3,3.995137554113626e-13,6.382091815800932,1568.7318119518793,458948,0.011542957974597812,True,4eafe727b67864632d25d30b526cbdb5c0a83989bf31e7b0cf41f7129c8a89da
adaptive,2,4,0,10,5,[],5,"[5.83664370549573e-07, 2.037188825266138e-06, 7.1104876692773914e-06, 0.022805669775878952, 0.08612643219116893, 0.3024807522331061, 0.30114542121085563, 0.0797477591962552]",-0.00018887776650959682,0.7923157659481297,0.00017117502201666342,0.7922980632036367,0.05,activate_factor,8192,16384,16383.999999999985,0.9999999999999991,0,0.0,6.382091815800932,1568.7318119518793,0,0.010034458944573998,True,4eafe727b67864632d25d30b526cbdb5c0a83989bf31e7b0cf41f7129c8a89da
adaptive,2,4,1,10,4,[5],6,"[1.7158486661350243e-06, 5.988900307907438e-06, 2.0903316012624417e-05, 0.06704380126619387, 0.2531933269374243, null, 0.25319490281050433, 0.06704975309889744]",-7.052468623963413e-05,0.6405103921780068,0.00011373180411520803,0.6405535992958823,0.05,activate_factor,8192,16384,16383.170337445645,0.9999493614163601,2,3.254431724108997e-10,6.382091815800932,1568.7318119518793,16389,0.009893750073388219,True,4eafe727b67864632d25d30b526cbdb5c0a83989bf31e7b0cf41f7129c8a89da
adaptive,2,4,2,10,4,"[5, 6]",4,"[1.7158486661350243e-06, 5.988900307907438e-06, 2.0903316012624417e-05, 0.06704380126619387, 0.2531933269374243, null, null, 0.06704975309889744]",-0.0005037634680044757,0.3873154893675024,0.000215232435634983,0.3870269583351329,0.05,activate_factor,8192,16384,16379.841788758458,0.999746202927152,3,5.049703060214239e-13,6.382091815800932,1568.7318119518793,49171,0.010219333926215768,True,4eafe727b67864632d25d30b526cbdb5c0a83989bf31e7b0cf41f7129c8a89da
adaptive,2,4,3,10,0,"[4, 5, 6]",0,"[0.23411582697747396, 0.06199263152596019, 2.0904185861954237e-05, 0.005059948782306951, null, null, null, 0.061994958956023784]",-0.000307678644806742,0.36318427042762685,0.0002542303813602156,0.3631308221641803,0.05,activate_factor,8192,16384,16379.064281180732,0.9996987476306599,3,3.6609604237014537e-13,6.382091815800932,1568.7318119518793,98344,0.010276459157466888,True,4eafe727b67864632d25d30b526cbdb5c0a83989bf31e7b0cf41f7129c8a89da
adaptive,2,4,4,10,7,"[0, 4, 5, 6]",7,"[null, 5.710655389348089e-07, 1.9932145820672222e-06, 0.0063928939427738566, null, null, null, 0.27838748233803867]",-0.0003341072622029183,0.2847829405609335,0.000235962895236688,0.28468479619396725,0.05,activate_factor,8192,16384,16377.424153821281,0.9995986422010059,3,3.0309088572266774e-13,6.382091815800932,1568.7318119518793,163908,0.010606040945276618,True,4eafe727b67864632d25d30b526cbdb5c0a83989bf31e7b0cf41f7129c8a89da
adaptive,2,4,5,10,1,"[0, 4, 5, 6, 7]",1,"[null, 0.21637442046803917, 6.903826028672369e-05, 0.00507373937844196, null, null, null, null]",-0.0002271720424275404,0.22151719810676784,0.00012845523994496743,0.22141848130428526,0.05,activate_factor,8192,16384,16375.660365046566,0.9994909890775492,3,5.188627305585669e-13,6.382091815800932,1568.7318119518793,245863,0.011572583112865686,True,4eafe727b67864632d25d30b526cbdb5c0a83989bf31e7b0cf41f7129c8a89da
adaptive,2,4,6,10,3,"[0, 1, 4, 5, 6, 7]",3,"[null, null, 6.903802997579076e-05, 0.22142764137092216, null, null, null, null]",-0.0003224595723364611,0.22149667940089796,0.0004521723906829977,0.2216263922192445,0.05,activate_factor,8192,16384,16374.408340433169,0.9994145715596416,3,5.032851305847297e-13,6.382091815800932,1568.7318119518793,344209,0.012000665999948978,True,4eafe727b67864632d25d30b526cbdb5c0a83989bf31e7b0cf41f7129c8a89da
adaptive,2,4,7,10,10,"[0, 1, 3, 4, 5, 6, 7]",,"[null, null, 0.0, null, null, null, null, null]",0.0,0.0,0.0,0.0,0.05,screening_tolerance,8192,16384,16373.930212770296,0.9993853889630308,3,3.0780933357732465e-13,6.382091815800932,1568.7318119518793,458946,0.01163650001399219,True,4eafe727b67864632d25d30b526cbdb5c0a83989bf31e7b0cf41f7129c8a89da
adaptive,2,5,0,6,5,[],5,"[5.83664370549573e-07, 2.037188825266138e-06, 7.1104876692773914e-06, 0.022805669775878952, 0.08612643219116893, 0.3024807522331061, 0.30114542121085563, 0.0797477591962552]",-5.3895076184255544e-05,0.7923157659481297,8.025598909210143e-05,0.7923421268610376,0.05,activate_factor,8192,16384,16383.999999999982,0.9999999999999989,0,0.0,6.382091815800932,1568.7318119518793,0,0.010199374984949827,True,4eafe727b67864632d25d30b526cbdb5c0a83989bf31e7b0cf41f7129c8a89da
adaptive,2,5,1,0,4,[5],0,"[0.23411728411155439, 0.061997717423635836, 3.86557129964544e-05, 0.06199492774249234, 0.23410674791059238, null, 0.019088294875498107, 0.005054862654320385]",-7.060950559575199e-05,0.6163984904310899,8.847951134585118e-05,0.61641636043684,0.05,activate_factor,8192,16384,16383.097507889634,0.9999449162530294,2,3.2578795217119705e-10,6.382091815800932,1568.7318119518793,16389,0.010071665979921818,True,4eafe727b67864632d25d30b526cbdb5c0a83989bf31e7b0cf41f7129c8a89da
adaptive,2,5,2,0,4,"[0, 5]",4,"[null, 0.061997717423635836, 3.86557129964544e-05, 0.06199492774249234, 0.23410674791059238, null, 0.019088294875498107, 0.005054862654320385]",-0.00011447303209273865,0.38228120631953544,0.000108333480784159,0.38227506676822687,0.05,activate_factor,8192,16384,16381.07238223032,0.9998213123919873,2,6.538820596091455e-10,6.382091815800932,1568.7318119518793,49167,0.01012562494724989,True,4eafe727b67864632d25d30b526cbdb5c0a83989bf31e7b0cf41f7129c8a89da
adaptive,2,5,3,0,6,"[0, 4, 5]",6,"[null, 0.06199263152596019, 2.0904185861954237e-05, 0.005059948782306951, null, null, 0.234106866649592, 0.061994958956023784]",-0.00012253942792264164,0.36317531009974485,9.608785717829039e-05,0.36314885852900053,0.05,activate_factor,8192,16384,16379.739555294702,0.9997399630917176,2,7.741465246624557e-10,6.382091815800932,1568.7318119518793,98334,0.010347625007852912,True,4eafe727b67864632d25d30b526cbdb5c0a83989bf31e7b0cf41f7129c8a89da
adaptive,2,5,4,0,3,"[0, 4, 5, 6]",3,"[null, 0.062011508250081775, 8.679042695962076e-05, 0.2163787678472206, null, null, null, 0.0013385170454929725]",-6.564021348814951e-05,0.279815583569755,0.00010092394096511206,0.27985086729723196,0.05,activate_factor,8192,16384,16379.63821578928,0.9997337778191699,3,5.422884363781577e-13,6.382091815800932,1568.7318119518793,163898,0.010714042000472546,True,4eafe727b67864632d25d30b526cbdb5c0a83989bf31e7b0cf41f7129c8a89da
adaptive,2,5,5,1,7,"[0, 3, 4, 5, 6]",7,"[null, 0.21637408853094586, 6.787968599066667e-05, null, null, null, null, 0.21639267720196104]",-5.192819391686501e-05,0.43283464541889755,0.00014494655004660306,0.4329276637750273,0.05,activate_factor,8192,16384,16378.505104688053,0.9996646182060579,3,3.6387559632089506e-13,6.382091815800932,1568.7318119518793,245853,0.01032550004310906,True,4eafe727b67864632d25d30b526cbdb5c0a83989bf31e7b0cf41f7129c8a89da
adaptive,2,5,6,1,15,"[0, 3, 4, 5, 6, 7]",1,"[null, 0.3059990014572349, 9.540619273153851e-05, null, null, null, null, null]",-0.00013100345822113116,0.3060944076499664,7.402151388254776e-05,0.30603742570562786,0.05,activate_factor,8192,16384,16377.186767088553,0.9995841532646822,3,4.0389913635863195e-13,6.382091815800932,1568.7318119518793,344199,0.010662790853530169,True,4eafe727b67864632d25d30b526cbdb5c0a83989bf31e7b0cf41f7129c8a89da
adaptive,2,5,7,15,0,"[0, 1, 3, 4, 5, 6, 7]",,"[null, null, 8.679065727055367e-05, null, null, null, null, null]",-4.5443148370087414e-05,8.679065727055369e-05,8.908626726530962e-05,0.0001304337761657759,0.05,screening_tolerance,8192,16384,16375.994643860371,0.9995113918371809,3,3.640976409258201e-13,6.382091815800932,1568.7318119518793,458936,0.011455416213721037,True,4eafe727b67864632d25d30b526cbdb5c0a83989bf31e7b0cf41f7129c8a89da
adaptive,2,6,0,1,5,[],5,"[0.061992634331721745, 0.2163755546542322, 7.299695907787684e-05, 0.01777058684831241, 0.06704380407195544, 0.23544365400205877, 0.0670391354198726, 0.017752954060177562]",-2.7309895640520833e-05,0.6834913203474084,0.0001217466675658019,0.6835857571193338,0.05,activate_factor,8192,16384,16383.999999999982,0.9999999999999989,0,0.0,6.382091815800932,1568.7318119518793,0,0.00987220904789865,True,4eafe727b67864632d25d30b526cbdb5c0a83989bf31e7b0cf41f7129c8a89da
adaptive,2,6,1,1,4,[5],4,"[0.06199376651601733, 0.21637950636571476, 8.678978742122384e-05, 0.06200871833862735, 0.23411069881821087, null, 0.019088617019521387, 0.005054947962819819]",-4.3637574213616864e-05,0.5987230448083327,7.191734612116678e-05,0.5987513245802403,0.05,activate_factor,8192,16384,16383.107455060193,0.9999455233801388,2,3.2578811870465074e-10,6.382091815800932,1568.7318119518793,16389,0.010223791934549809,True,4eafe727b67864632d25d30b526cbdb5c0a83989bf31e7b0cf41f7129c8a89da
adaptive,2,6,2,1,6,"[4, 5]",6,"[0.061992309381936915, 0.21637442046803917, 6.903826028672369e-05, 0.00507373937844196, null, null, 0.23410718879361528, 0.06199504426452321]",-6.734254531745576e-05,0.5796117405468433,8.463705024169348e-05,0.5796290350517675,0.05,activate_factor,8192,16384,16381.80663141353,0.999866127405611,2,7.742284036105218e-10,6.382091815800932,1568.7318119518793,49167,0.01064700004644692,True,4eafe727b67864632d25d30b526cbdb5c0a83989bf31e7b0cf41f7129c8a89da
adaptive,2,6,3,0,1,"[4, 5, 6]",0,"[0.29610787764482516, 0.2783661489913671, 8.679065727055367e-05, 2.4865854740415734e-05, null, null, null, 1.5381994616194042e-07]",-5.7613523364884436e-06,0.5745858369681494,8.05377026578046e-05,0.5746606133184706,0.05,activate_factor,8192,16384,16381.453658272592,0.9998445836348018,3,4.155866731476998e-13,6.382091815800932,1568.7318119518793,98340,0.010403124848380685,True,4eafe727b67864632d25d30b526cbdb5c0a83989bf31e7b0cf41f7129c8a89da
adaptive,2,6,4,0,3,"[0, 4, 5, 6]",3,"[null, 0.062011508250081775, 8.679042695962076e-05, 0.2163787678472206, null, null, null, 0.0013385170454929725]",-4.0373905245671366e-05,0.279815583569755,0.00010369852794269603,0.27987890819245204,0.05,activate_factor,8192,16384,16379.525137493143,0.9997268760676967,3,5.16577191721386e-13,6.382091815800932,1568.7318119518793,163904,0.010834417073056102,True,4eafe727b67864632d25d30b526cbdb5c0a83989bf31e7b0cf41f7129c8a89da
adaptive,2,6,5,1,7,"[0, 3, 4, 5, 6]",7,"[null, 0.21637408853094586, 6.787968599066667e-05, null, null, null, null, 0.21639267720196104]",-4.428054835260318e-05,0.43283464541889755,0.0001523048234584831,0.4329426696940034,0.05,activate_factor,8192,16384,16378.62921593938,0.999672193355675,3,2.8993474288085963e-13,6.382091815800932,1568.7318119518793,245859,0.010716874850913882,True,4eafe727b67864632d25d30b526cbdb5c0a83989bf31e7b0cf41f7129c8a89da
adaptive,2,6,6,0,1,"[0, 3, 4, 5, 6, 7]",1,"[null, 0.2783661489913671, 8.679065727055367e-05, null, null, null, null, null]",-3.47510662962469e-05,0.27845293964863765,0.00020212609476993,0.27862031467711135,0.05,activate_factor,8192,16384,16377.099363871455,0.9995788185956699,3,5.331846075762314e-13,6.382091815800932,1568.7318119518793,344205,0.01055224984884262,True,4eafe727b67864632d25d30b526cbdb5c0a83989bf31e7b0cf41f7129c8a89da
adaptive,2,6,7,0,3,"[0, 1, 3, 4, 5, 6, 7]",,"[null, null, 8.679042695962076e-05, null, null, null, null, null]",-0.00010723793292540956,8.679042695962076e-05,0.0001800054330918657,0.00015955792712607692,0.05,screening_tolerance,8192,16384,16377.463512817963,0.9996010444835183,3,3.874123244429484e-13,6.382091815800932,1568.7318119518793,458942,0.010941582964733243,True,4eafe727b67864632d25d30b526cbdb5c0a83989bf31e7b0cf41f7129c8a89da
adaptive,3,1,0,1,5,[],5,"[0.061992634331721745, 0.2163755546542322, 7.299695907787684e-05, 0.01777058684831241, 0.06704380407195544, 0.23544365400205877, 0.0670391354198726, 0.017752954060177562]",-0.01174059865277181,0.6834913203474084,0.002320786832131728,0.6740715085267683,0.05,activate_factor,8192,16384,16383.999999999985,0.9999999999999991,0,0.0,6.382091815800932,1568.7318119518793,0,0.010292582912370563,True,4eafe727b67864632d25d30b526cbdb5c0a83989bf31e7b0cf41f7129c8a89da
adaptive,3,1,1,11,12,[5],4,"[2.0407984509601607e-06, 7.123086500899019e-06, 2.486201480377756e-05, 0.07974064873606435, 0.3011434280921828, null, 0.0861268494367617, 0.022807662894551786]",-0.007375659692617873,0.48985261505931627,0.0022268461218020955,0.4847038014885005,0.05,activate_factor,8192,16384,16382.285417146912,0.9998953501676582,2,4.802451769592153e-10,6.382091815800932,1568.7318119518793,16389,0.009778749896213412,True,4eafe727b67864632d25d30b526cbdb5c0a83989bf31e7b0cf41f7129c8a89da
adaptive,3,1,2,12,10,"[4, 5]",6,"[1.7158486661350243e-06, 5.988900307907438e-06, 2.0903316012624417e-05, 0.06704380126619387, null, null, 0.25319490281050433, 0.06704975309889744]",-0.01849962520562197,0.3873170652405824,0.0024765786173321968,0.3712940186522926,0.05,activate_factor,8192,16384,16379.463558435411,0.9997231175802863,3,2.5232593792168245e-13,6.382091815800932,1568.7318119518793,49171,0.010020292131230235,True,4eafe727b67864632d25d30b526cbdb5c0a83989bf31e7b0cf41f7129c8a89da
adaptive,3,1,3,11,16,"[4, 5, 6]",0,"[0.23411615192725882, 0.0619937657121532, 2.486288465310738e-05, 0.017756796252177406, null, null, null, 0.01775286875167813]",-0.024199952577017285,0.3316444455279206,0.0025733047884162244,0.31001779773931953,0.05,activate_factor,8192,16384,16377.212036598796,0.9995856955931882,3,1.0350054147068022e-13,6.382091815800932,1568.7318119518793,98344,0.00990941608324647,True,4eafe727b67864632d25d30b526cbdb5c0a83989bf31e7b0cf41f7129c8a89da
adaptive,3,1,4,11,13,"[0, 4, 5, 6]",3,"[null, 2.091391294684128e-05, 7.299672876694393e-05, 0.23412448884079265, null, null, null, 0.019091317285724375]",-0.012804353870641856,0.2533097167682308,0.0026213445260917768,0.2431267074236807,0.05,activate_factor,8192,16384,16374.636068714022,0.9994284709908461,3,8.58202398035246e-14,6.382091815800932,1568.7318119518793,163908,0.01106900000013411,True,4eafe727b67864632d25d30b526cbdb5c0a83989bf31e7b0cf41f7129c8a89da
adaptive,3,1,5,13,15,"[0, 3, 4, 5, 6]",1,"[null, 0.21639329719216077, 0.00013492450138439022, null, null, null, null, 0.0013386023539924054]",-0.016108591455351116,0.21786682404753754,0.0026422515707088053,0.20440048416289525,0.05,activate_factor,8192,16384,16372.840579185384,0.9993188830069204,3,9.159339953157541e-14,6.382091815800932,1568.7318119518793,245863,0.010990374954417348,True,4eafe727b67864632d25d30b526cbdb5c0a83989bf31e7b0cf41f7129c8a89da
adaptive,3,1,6,13,9,"[0, 1, 3, 4, 5, 6]",7,"[null, null, 6.787945567973375e-05, null, null, null, null, 0.21773104042750788]",-0.02808099952284975,0.2177989198831876,0.002490293162301097,0.19220821352263895,0.05,activate_factor,8192,16384,16372.77054019506,0.9993146081662024,3,2.55351295663786e-14,6.382091815800932,1568.7318119518793,344209,0.011193749960511923,True,4eafe727b67864632d25d30b526cbdb5c0a83989bf31e7b0cf41f7129c8a89da
adaptive,3,1,7,13,12,"[0, 1, 3, 4, 5, 6, 7]",,"[null, null, 8.678955711029094e-05, null, null, null, null, null]",-0.0010623330529633422,8.678955711029094e-05,0.002887116820766103,0.0019115733249130517,0.05,screening_tolerance,8192,16384,16370.213713611662,0.9991585518561805,3,3.422262473407045e-14,6.382091815800932,1568.7318119518793,458946,0.01169416680932045,True,4eafe727b67864632d25d30b526cbdb5c0a83989bf31e7b0cf41f7129c8a89da
adaptive,3,2,0,12,11,[],5,"[2.0407984509601607e-06, 7.123086500899019e-06, 2.486201480377756e-05, 0.07974064873606435, 0.3011434280921828, 0.3024803349875133, 0.0861268494367617, 0.022807662894551786]",-0.003599200209415041,0.7923329500468295,0.0006649169752944246,0.7893986668127089,0.05,activate_factor,8192,16384,16383.999999999985,0.9999999999999991,0,0.0,6.382091815800932,1568.7318119518793,0,0.009808999951928854,True,4eafe727b67864632d25d30b526cbdb5c0a83989bf31e7b0cf41f7129c8a89da
adaptive,3,2,1,12,10,[5],6,"[1.7158486661350243e-06, 5.988900307907438e-06, 2.0903316012624417e-05, 0.06704380126619387, 0.2531933269374243, null, 0.25319490281050433, 0.06704975309889744]",-0.005380473331346766,0.6405103921780068,0.0007099882290641334,0.6358399070757241,0.05,activate_factor,8192,16384,16381.934894819946,0.9998739559826627,3,3.180372631916839e-13,6.382091815800932,1568.7318119518793,16391,0.010565750068053603,True,4eafe727b67864632d25d30b526cbdb5c0a83989bf31e7b0cf41f7129c8a89da
adaptive,3,2,2,12,0,"[5, 6]",0,"[0.23411728411155439, 0.061997717423635836, 3.86557129964544e-05, 0.06199492774249234, 0.23410674791059238, null, null, 0.005054862654320385]",-0.005833852584622267,0.5973101955555917,0.0007033322691884386,0.5921796752401579,0.05,activate_factor,8192,16384,16379.156753543659,0.99970439169578,3,2.737289561682843e-13,6.382091815800932,1568.7318119518793,49173,0.01045741606503725,True,4eafe727b67864632d25d30b526cbdb5c0a83989bf31e7b0cf41f7129c8a89da
adaptive,3,2,3,12,3,"[0, 5, 6]",4,"[null, 2.4865624429482584e-05, 8.678955711029094e-05, 0.27836262033110754, 0.29609455153240877, null, null, 0.00639331118836663]",-0.005564617803242904,0.5809621382334227,0.0007129242115920148,0.5761104446417717,0.05,activate_factor,8192,16384,16376.951614618712,0.9995698006969429,3,1.3451739722114553e-13,6.382091815800932,1568.7318119518793,98346,0.010741875041276217,True,4eafe727b67864632d25d30b526cbdb5c0a83989bf31e7b0cf41f7129c8a89da
adaptive,3,2,4,12,3,"[0, 4, 5, 6]",3,"[null, 2.4865624429482584e-05, 8.678955711029094e-05, 0.27836262033110754, null, null, null, 0.00639331118836663]",-0.009455978328129548,0.284867586701014,0.00141871351606691,0.27683032188895135,0.05,activate_factor,8192,16384,16373.596778123401,0.9993650377272584,3,4.736488978807074e-13,6.382091815800932,1568.7318119518793,163910,0.010851041879504919,True,4eafe727b67864632d25d30b526cbdb5c0a83989bf31e7b0cf41f7129c8a89da
adaptive,3,2,5,12,1,"[0, 3, 4, 5, 6]",1,"[null, 0.21637950636571476, 8.678978742122384e-05, null, null, null, null, 0.005054947962819819]",-0.009635594950066438,0.22152124411595583,0.0010836056542427152,0.21296925482013213,0.05,activate_factor,8192,16384,16371.91252344281,0.9992622389796637,3,1.9056978217690812e-13,6.382091815800932,1568.7318119518793,245865,0.011132917134091258,True,4eafe727b67864632d25d30b526cbdb5c0a83989bf31e7b0cf41f7129c8a89da
adaptive,3,2,6,12,9,"[0, 1, 3, 4, 5, 6]",7,"[null, null, 1.9744741716567393e-05, null, null, null, null, 0.22144738603633526]",-0.00884792534036361,0.22146713077805188,0.000843580546181527,0.2134627859838698,0.05,activate_factor,8192,16384,16371.479589463763,0.9992358147866066,3,4.740097203637106e-13,6.382091815800932,1568.7318119518793,344211,0.011394334025681019,True,4eafe727b67864632d25d30b526cbdb5c0a83989bf31e7b0cf41f7129c8a89da
adaptive,3,2,7,12,12,"[0, 1, 3, 4, 5, 6, 7]",,"[null, null, 0.0, null, null, null, null, null]",0.0,0.0,0.0,0.0,0.05,screening_tolerance,8192,16384,16370.736612492763,0.9991904670710915,3,3.6087799415440713e-13,6.382091815800932,1568.7318119518793,458948,0.011359999887645245,True,4eafe727b67864632d25d30b526cbdb5c0a83989bf31e7b0cf41f7129c8a89da
adaptive,3,3,0,11,10,[],5,"[5.83664370549573e-07, 2.037188825266138e-06, 7.1104876692773914e-06, 0.022805669775878952, 0.08612643219116893, 0.3024807522331061, 0.30114542121085563, 0.0797477591962552]",-0.0008705913338290906,0.7923157659481297,0.0005296372354535643,0.7919748118497542,0.05,activate_factor,8192,16384,16383.999999999985,0.9999999999999991,0,0.0,6.382091815800932,1568.7318119518793,0,0.010429625166580081,True,4eafe727b67864632d25d30b526cbdb5c0a83989bf31e7b0cf41f7129c8a89da
adaptive,3,3,1,11,10,[5],6,"[5.83664370549573e-07, 2.037188825266138e-06, 7.1104876692773914e-06, 0.022805669775878952, 0.08612643219116893, null, 0.30114542121085563, 0.0797477591962552]",-0.0011990555312039342,0.48983501371502375,0.0002599436595736811,0.4888959018433935,0.05,activate_factor,8192,16384,16380.809182544366,0.9998052479580302,3,4.2099657093785936e-13,6.382091815800932,1568.7318119518793,16391,0.010529000079259276,True,4eafe727b67864632d25d30b526cbdb5c0a83989bf31e7b0cf41f7129c8a89da
adaptive,3,3,2,11,4,"[5, 6]",4,"[2.0407984509601607e-06, 7.123086500899019e-06, 2.486201480377756e-05, 0.07974064873606435, 0.3011434280921828, null, null, 0.022807662894551786]",-0.0013159522138362304,0.4037257656225546,0.0002526273249098883,0.4026624407336282,0.05,activate_factor,8192,16384,16378.163309027705,0.999643756654523,3,1.60510493785182e-13,6.382091815800932,1568.7318119518793,49173,0.010046582901850343,True,4eafe727b67864632d25d30b526cbdb5c0a83989bf31e7b0cf41f7129c8a89da
adaptive,3,3,3,11,0,"[4, 5, 6]",0,"[0.23411615192725882, 0.0619937657121532, 2.486288465310738e-05, 0.017756796252177406, null, null, null, 0.01775286875167813]",-0.001706693637817452,0.3316444455279206,0.0005598508790182581,0.33049760276912143,0.05,activate_factor,8192,16384,16375.74147358123,0.9994959395496357,3,3.5083047578154947e-13,6.382091815800932,1568.7318119518793,98346,0.010197666008025408,True,4eafe727b67864632d25d30b526cbdb5c0a83989bf31e7b0cf41f7129c8a89da
adaptive,3,3,4,11,3,"[0, 4, 5, 6]",3,"[null, 2.091391294684128e-05, 7.299672876694393e-05, 0.23412448884079265, null, null, null, 0.019091317285724375]",-0.0016505508406722321,0.2533097167682308,0.0003328647280152176,0.25199203065557374,0.05,activate_factor,8192,16384,16374.198020632024,0.9994017346577163,3,1.9322043964820068e-13,6.382091815800932,1568.7318119518793,163910,0.010243457974866033,True,4eafe727b67864632d25d30b526cbdb5c0a83989bf31e7b0cf41f7129c8a89da
adaptive,3,3,5,11,15,"[0, 3, 4, 5, 6]",1,"[null, 0.2163755546542322, 7.299695907787684e-05, null, null, null, null, 0.017752954060177562]",-0.001643936489549704,0.2342015056734876,0.0003252970876115713,0.23288286627154947,0.05,activate_factor,8192,16384,16372.590529667823,0.9993036211955458,3,4.52138326778595e-13,6.382091815800932,1568.7318119518793,245865,0.010776542127132416,True,4eafe727b67864632d25d30b526cbdb5c0a83989bf31e7b0cf41f7129c8a89da
adaptive,3,3,6,11,9,"[0, 1, 3, 4, 5, 6]",7,"[null, null, 5.9519133732203605e-06, null, null, null, null, 0.234145392133693]",-0.0013210281806601194,0.23415134404706628,0.0002477519574648108,0.23307806782387097,0.05,activate_factor,8192,16384,16372.52138722725,0.999299401075882,3,5.117017920497346e-13,6.382091815800932,1568.7318119518793,344211,0.011352250119671226,True,4eafe727b67864632d25d30b526cbdb5c0a83989bf31e7b0cf41f7129c8a89da
adaptive,3,3,7,11,11,"[0, 1, 3, 4, 5, 6, 7]",,"[null, null, 0.0, null, null, null, null, null]",0.0,0.0,0.0,0.0,0.05,screening_tolerance,8192,16384,16370.102659641188,0.9991517736597405,3,3.9140912733159894e-13,6.382091815800932,1568.7318119518793,458948,0.011272000148892403,True,4eafe727b67864632d25d30b526cbdb5c0a83989bf31e7b0cf41f7129c8a89da
adaptive,3,4,0,10,5,[],5,"[5.83664370549573e-07, 2.037188825266138e-06, 7.1104876692773914e-06, 0.022805669775878952, 0.08612643219116893, 0.3024807522331061, 0.30114542121085563, 0.0797477591962552]",-0.00023785560671866387,0.7923157659481297,8.9776883009366e-05,0.7921676872244204,0.05,activate_factor,8192,16384,16383.999999999985,0.9999999999999991,0,0.0,6.382091815800932,1568.7318119518793,0,0.010133208008483052,True,4eafe727b67864632d25d30b526cbdb5c0a83989bf31e7b0cf41f7129c8a89da
adaptive,3,4,1,10,4,[5],6,"[1.7158486661350243e-06, 5.988900307907438e-06, 2.0903316012624417e-05, 0.06704380126619387, 0.2531933269374243, null, 0.25319490281050433, 0.06704975309889744]",-0.00020216044276686438,0.6405103921780068,0.00014466361461519859,0.6404528953498551,0.05,activate_factor,8192,16384,16383.127098328474,0.9999467223100875,2,3.2108676828457305e-10,6.382091815800932,1568.7318119518793,16389,0.009771416895091534,True,4eafe727b67864632d25d30b526cbdb5c0a83989bf31e7b0cf41f7129c8a89da
adaptive,3,4,2,10,4,"[5, 6]",4,"[1.7158486661350243e-06, 5.988900307907438e-06, 2.0903316012624417e-05, 0.06704380126619387, 0.2531933269374243, null, null, 0.06704975309889744]",-0.0003899947086825127,0.3873154893675024,0.00014198226144325113,0.3870674769202631,0.05,activate_factor,8192,16384,16379.891487023682,0.9997492362685353,3,2.5701663020072374e-13,6.382091815800932,1568.7318119518793,49171,0.010381749831140041,True,4eafe727b67864632d25d30b526cbdb5c0a83989bf31e7b0cf41f7129c8a89da
adaptive,3,4,3,10,16,"[4, 5, 6]",0,"[0.23411582697747396, 0.06199263152596019, 2.0904185861954237e-05, 0.005059948782306951, null, null, null, 0.061994958956023784]",-0.00038208043535777395,0.36318427042762685,0.00024793591967672395,0.3630501259119458,0.05,activate_factor,8192,16384,16378.998198924899,0.9996947142898498,3,5.498379529456088e-13,6.382091815800932,1568.7318119518793,98344,0.01031804084777832,True,4eafe727b67864632d25d30b526cbdb5c0a83989bf31e7b0cf41f7129c8a89da
adaptive,3,4,4,10,3,"[0, 4, 5, 6]",3,"[null, 1.97797267538497e-05, 6.903802997579076e-05, 0.22142764137092216, null, null, null, 0.06333340749007002]",-0.0002932347201637563,0.2848498666177218,0.00013853086370511355,0.28469516276126317,0.05,activate_factor,8192,16384,16377.06579253185,0.9995767695637116,3,4.103939410526891e-13,6.382091815800932,1568.7318119518793,163908,0.010697499848902225,True,4eafe727b67864632d25d30b526cbdb5c0a83989bf31e7b0cf41f7129c8a89da
adaptive,3,4,5,10,1,"[0, 3, 4, 5, 6]",1,"[null, 0.21637442046803917, 6.903826028672369e-05, null, null, null, null, 0.06199504426452321]",-0.0002274280318048951,0.2784385029928491,0.00011193769806586903,0.2783230126591101,0.05,activate_factor,8192,16384,16376.217643423905,0.9995250026503848,3,3.018141292443488e-13,6.382091815800932,1568.7318119518793,245863,0.011624374892562628,True,4eafe727b67864632d25d30b526cbdb5c0a83989bf31e7b0cf41f7129c8a89da
adaptive,3,4,6,10,9,"[0, 1, 3, 4, 5, 6]",7,"[null, null, 1.9932145820672222e-06, null, null, null, null, 0.27838748233803867]",-0.00040773081593163527,0.2783894755526208,0.0003668582725084883,0.2783486030091976,0.05,activate_factor,8192,16384,16374.404698182605,0.9994143492543094,3,4.7001291747506e-13,6.382091815800932,1568.7318119518793,344209,0.011292999843135476,True,4eafe727b67864632d25d30b526cbdb5c0a83989bf31e7b0cf41f7129c8a89da
adaptive,3,4,7,10,1,"[0, 1, 3, 4, 5, 6, 7]",,"[null, null, 6.903826028672369e-05, null, null, null, null, null]",-8.96365420477966e-05,6.903826028672369e-05,0.00013939372547242709,0.00011879544371135418,0.05,screening_tolerance,8192,16384,16374.62181348555,0.9994276009207489,3,4.2521541843143495e-13,6.382091815800932,1568.7318119518793,458946,0.012783332960680127,True,4eafe727b67864632d25d30b526cbdb5c0a83989bf31e7b0cf41f7129c8a89da
adaptive,3,5,0,16,5,[],5,"[0.23411615192725882, 0.0619937657121532, 2.486288465310738e-05, 0.017756796252177406, 0.06703985316433696, 0.23544252262162732, 0.06703881327584932, 0.01775286875167813]",-8.559021453894389e-05,0.7011656345897341,9.192038160456879e-05,0.7011719647567998,0.05,activate_factor,8192,16384,16383.999999999985,0.9999999999999991,0,0.0,6.382091815800932,1568.7318119518793,0,0.010024874936789274,True,4eafe727b67864632d25d30b526cbdb5c0a83989bf31e7b0cf41f7129c8a89da
adaptive,3,5,1,15,4,[5],4,"[0.06199376651601733, 0.21637950636571476, 8.678978742122384e-05, 0.06200871833862735, 0.23411069881821087, null, 0.019088617019521387, 0.005054947962819819]",-5.908359643472991e-05,0.5987230448083327,7.384527298772312e-05,0.5987378064848857,0.05,activate_factor,8192,16384,16383.21811483659,0.9999522775168818,2,3.2097668967168147e-10,6.382091815800932,1568.7318119518793,16389,0.009752749931067228,True,4eafe727b67864632d25d30b526cbdb5c0a83989bf31e7b0cf41f7129c8a89da
adaptive,3,5,2,1,6,"[4, 5]",6,"[0.061992309381936915, 0.21637442046803917, 6.903826028672369e-05, 0.00507373937844196, null, null, 0.23410718879361528, 0.06199504426452321]",-0.00012155616761433285,0.5796117405468433,0.00012217669167786395,0.5796123610709069,0.05,activate_factor,8192,16384,16382.0002774486,0.9998779466216187,2,7.709486382623254e-10,6.382091815800932,1568.7318119518793,49167,0.010267374804243445,True,4eafe727b67864632d25d30b526cbdb5c0a83989bf31e7b0cf41f7129c8a89da
adaptive,3,5,3,3,16,"[4, 5, 6]",0,"[0.2341212352494838, 0.062011508250081775, 8.679042695962076e-05, 0.2163787678472206, null, null, null, 0.0013385170454929725]",-9.759161027219138e-05,0.5139368188192388,9.701092996447344e-05,0.5139362381389311,0.05,activate_factor,8192,16384,16381.338016118736,0.9998375253978721,3,3.49442697000768e-13,6.382091815800932,1568.7318119518793,98340,0.010431292001157999,True,4eafe727b67864632d25d30b526cbdb5c0a83989bf31e7b0cf41f7129c8a89da
adaptive,3,5,4,1,3,"[0, 4, 5, 6]",1,"[null, 0.21639329719216077, 0.00013492450138439022, 0.21639255844335561, null, null, null, 0.0013386023539924054]",-1.573447319368109e-05,0.4342593824908932,9.450444032251283e-05,0.43433815245802204,0.05,activate_factor,8192,16384,16379.793708631454,0.9997432683490878,3,4.649614027130156e-13,6.382091815800932,1568.7318119518793,163904,0.010978749953210354,True,4eafe727b67864632d25d30b526cbdb5c0a83989bf31e7b0cf41f7129c8a89da
adaptive,3,5,5,1,3,"[0, 1, 4, 5, 6]",3,"[null, null, 0.00013492450138439022, 0.21639255844335561, null, null, null, 0.0013386023539924054]",-0.0001121263002925611,0.21786608529873244,8.774966200140735e-05,0.21784170866044128,0.05,activate_factor,8192,16384,16378.200770965454,0.9996460431497469,3,4.3970382890279325e-13,6.382091815800932,1568.7318119518793,245859,0.010888000018894672,True,4eafe727b67864632d25d30b526cbdb5c0a83989bf31e7b0cf41f7129c8a89da
adaptive,3,5,6,1,9,"[0, 1, 3, 4, 5, 6]",7,"[null, null, 6.787968599066667e-05, null, null, null, null, 0.21639267720196104]",-0.00012642387301282186,0.21646055688795174,9.212132590933208e-05,0.21642625434084825,0.05,activate_factor,8192,16384,16376.852074049817,0.9995637252227672,3,4.673483822159596e-13,6.382091815800932,1568.7318119518793,344205,0.011139208916574717,True,4eafe727b67864632d25d30b526cbdb5c0a83989bf31e7b0cf41f7129c8a89da
adaptive,3,5,7,16,1,"[0, 1, 3, 4, 5, 6, 7]",,"[null, null, 8.679065727055367e-05, null, null, null, null, null]",-3.0033848000747793e-05,8.679065727055369e-05,0.00010464543782705784,0.00016140224709686375,0.05,screening_tolerance,8192,16384,16376.231825168668,0.9995258682353924,3,5.448974604860268e-13,6.382091815800932,1568.7318119518793,458942,0.01152845798060298,True,4eafe727b67864632d25d30b526cbdb5c0a83989bf31e7b0cf41f7129c8a89da
adaptive,3,6,0,1,5,[],5,"[0.06199263433172174, 0.2163755546542322, 7.299695907787684e-05, 0.01777058684831241, 0.06704380407195544, 0.23544365400205877, 0.0670391354198726, 0.017752954060177562]",-1.215458630118066e-05,0.6834913203474084,9.775095663432645e-05,0.6835769167177416,0.05,activate_factor,8192,16384,16383.999999999982,0.9999999999999989,0,0.0,6.382091815801463,1568.7318119517486,0,0.010043582879006863,True,4eafe727b67864632d25d30b526cbdb5c0a83989bf31e7b0cf41f7129c8a89da
adaptive,3,6,1,1,6,[5],6,"[0.0619923093819369, 0.21637442046803917, 6.903826028672369e-05, 0.00507373937844196, 0.019093702917197017, null, 0.23410718879361528, 0.06199504426452321]",-9.055464023582993e-06,0.5987054434640402,8.901153264647848e-05,0.5987853995326631,0.05,activate_factor,8192,16384,16383.1787258546,0.9999498734042114,2,3.2097668967168147e-10,6.382091815801463,1568.7318119517486,16389,0.010278749978169799,True,4eafe727b67864632d25d30b526cbdb5c0a83989bf31e7b0cf41f7129c8a89da
adaptive,3,6,2,3,4,"[5, 6]",4,"[7.124120675976115e-06, 2.4865624429482584e-05, 8.678955711029094e-05, 0.27836262033110754, 0.29609455153240877, null, null, 0.00639331118836663]",-6.825272854730163e-05,0.5809692623540987,7.669925354686191e-05,0.5809777088790983,0.05,activate_factor,8192,16384,16382.713741390804,0.9999214930048098,3,4.3942627314663696e-13,6.382091815801463,1568.7318119517486,49171,0.010298542212694883,True,4eafe727b67864632d25d30b526cbdb5c0a83989bf31e7b0cf41f7129c8a89da
adaptive,3,6,3,3,0,"[4, 5, 6]",0,"[0.23412123524948378, 0.06201150825008177, 8.679042695962076e-05, 0.2163787678472206, null, null, null, 0.0013385170454929725]",-7.110663590554906e-05,0.5139368188192387,0.00016228456623280352,0.5140279967495659,0.05,activate_factor,8192,16384,16381.424119690644,0.9998427807428372,3,3.499978085130806e-13,6.382091815801463,1568.7318119517486,98344,0.009846374858170748,True,4eafe727b67864632d25d30b526cbdb5c0a83989bf31e7b0cf41f7129c8a89da
adaptive,3,6,4,7,3,"[0, 4, 5, 6]",7,"[null, 1.9447789660509953e-05, 6.787945567973375e-05, 0.2177117130076875, null, null, null, 0.21773104042750788]",-1.171938235054243e-05,0.4355300806805356,7.383723557685866e-05,0.4355921985337619,0.05,activate_factor,8192,16384,16381.149664132889,0.9998260293049859,3,5.343503417520878e-13,6.382091815801463,1568.7318119517486,163908,0.010423290776088834,True,4eafe727b67864632d25d30b526cbdb5c0a83989bf31e7b0cf41f7129c8a89da
adaptive,3,6,5,1,3,"[0, 4, 5, 6, 7]",1,"[null, 0.21639329719216074, 0.00013492450138439022, 0.21639255844335561, null, null, null, null]",-1.1527197487021267e-05,0.4329207801369007,7.531583009071685e-05,0.4329845687695044,0.05,activate_factor,8192,16384,16380.145397287892,0.9997647337211848,3,4.615197113366776e-13,6.382091815801463,1568.7318119517486,245863,0.010701792081817985,True,4eafe727b67864632d25d30b526cbdb5c0a83989bf31e7b0cf41f7129c8a89da
adaptive,3,6,6,1,3,"[0, 1, 4, 5, 6, 7]",3,"[null, null, 0.00013492450138439022, 0.21639255844335561, null, null, null, null]",-2.457269061488968e-05,0.21652748294474003,7.748464975808026e-05,0.21658039490388323,0.05,activate_factor,8192,16384,16378.542837863322,0.9996669212563063,3,3.0098146197587994e-13,6.382091815801463,1568.7318119517486,344209,0.01110604195855558,True,4eafe727b67864632d25d30b526cbdb5c0a83989bf31e7b0cf41f7129c8a89da
adaptive,3,6,7,1,0,"[0, 1, 3, 4, 5, 6, 7]",,"[null, null, 8.679065727055367e-05, null, null, null, null, null]",-8.330988809642988e-06,8.679065727055369e-05,0.000133114968905786,0.00021157463736669668,0.05,screening_tolerance,8192,16384,16378.056657095143,0.9996372471371547,3,5.200284647344233e-13,6.382091815801463,1568.7318119517486,458946,0.011384667130187154,True,4eafe727b67864632d25d30b526cbdb5c0a83989bf31e7b0cf41f7129c8a89da
adaptive,4,1,0,3,5,[],5,"[5.991936380390666e-06, 2.091391294684128e-05, 7.299672876694393e-05, 0.23412448884079265, 0.12902765678615333, 0.2531933269374243, 0.07209309507156071, 0.019091317285724375]",-0.013246678678296105,0.7076297874997495,0.002363844786625672,0.696746953608079,0.05,activate_factor,8192,16384,16383.999999999985,0.9999999999999991,0,0.0,6.382091815800932,1568.7318119518793,0,0.009911332977935672,True,4eafe727b67864632d25d30b526cbdb5c0a83989bf31e7b0cf41f7129c8a89da
adaptive,4,1,1,11,12,[5],4,"[2.0407984509601607e-06, 7.123086500899019e-06, 2.486201480377756e-05, 0.07974064873606435, 0.3011434280921828, null, 0.0861268494367617, 0.022807662894551786]",-0.009763185406367935,0.48985261505931627,0.002366688116057573,0.4824561177690059,0.05,activate_factor,8192,16384,16382.046039640682,0.9998807397241627,2,4.906572925733599e-10,6.382091815800932,1568.7318119518793,16389,0.010100833140313625,True,4eafe727b67864632d25d30b526cbdb5c0a83989bf31e7b0cf41f7129c8a89da
adaptive,4,1,2,12,10,"[4, 5]",6,"[1.7158486661350243e-06, 5.988900307907438e-06, 2.0903316012624417e-05, 0.06704380126619387, null, null, 0.25319490281050433, 0.06704975309889744]",-0.016825004632598638,0.3873170652405824,0.0025532808646492326,0.373045341472633,0.05,activate_factor,8192,16384,16379.248703306768,0.9997100038639385,3,1.511013536514838e-13,6.382091815800932,1568.7318119518793,49171,0.010190792148932815,True,4eafe727b67864632d25d30b526cbdb5c0a83989bf31e7b0cf41f7129c8a89da
adaptive,4,1,3,11,0,"[4, 5, 6]",0,"[0.23411615192725882, 0.0619937657121532, 2.486288465310738e-05, 0.017756796252177406, null, null, null, 0.01775286875167813]",-0.02383466635465881,0.3316444455279206,0.0026446929955827488,0.31045447216884453,0.05,activate_factor,8192,16384,16376.998933283421,0.9995726887990369,3,1.6109336087311021e-13,6.382091815800932,1568.7318119518793,98344,0.011227749986574054,True,4eafe727b67864632d25d30b526cbdb5c0a83989bf31e7b0cf41f7129c8a89da
adaptive,4,1,4,11,1,"[0, 4, 5, 6]",1,"[null, 0.2163755546542322, 7.299695907787684e-05, 0.01777058684831241, null, null, null, 0.017752954060177562]",-0.0088912810220999,0.25197209252180003,0.0028834773347298295,0.24596428883442994,0.05,activate_factor,8192,16384,16375.30492602378,0.9994692948012561,3,2.031812218472595e-13,6.382091815800932,1568.7318119518793,163908,0.010963167063891888,True,4eafe727b67864632d25d30b526cbdb5c0a83989bf31e7b0cf41f7129c8a89da
adaptive,4,1,5,1,13,"[0, 1, 4, 5, 6]",3,"[null, null, 0.00013492450138439022, 0.21639255844335561, null, null, null, 0.0013386023539924054]",-0.023872269757361078,0.21786608529873244,0.002842771311033585,0.19683658685240496,0.05,activate_factor,8192,16384,16372.487469183909,0.9992973308828069,3,1.5709655798445965e-13,6.382091815800932,1568.7318119518793,245863,0.011354540940374136,True,4eafe727b67864632d25d30b526cbdb5c0a83989bf31e7b0cf41f7129c8a89da
adaptive,4,1,6,1,9,"[0, 1, 3, 4, 5, 6]",7,"[null, null, 6.787968599066667e-05, null, null, null, null, 0.21639267720196104]",-0.03498426279467975,0.21646055688795174,0.002677989457064436,0.18415428355033642,0.05,activate_factor,8192,16384,16369.291418197867,0.9991022594114909,3,1.2183656861175507e-13,6.382091815800932,1568.7318119518793,344209,0.011208791984245181,True,4eafe727b67864632d25d30b526cbdb5c0a83989bf31e7b0cf41f7129c8a89da
adaptive,4,1,7,1,1,"[0, 1, 3, 4, 5, 6, 7]",,"[null, null, 0.0, null, null, null, null, null]",0.0,0.0,0.0,0.0,0.05,screening_tolerance,8192,16384,16369.594754709076,0.9991207736028489,3,5.585809592645319e-16,6.382091815800932,1568.7318119518793,458946,0.011887999949976802,True,4eafe727b67864632d25d30b526cbdb5c0a83989bf31e7b0cf41f7129c8a89da
adaptive,4,2,0,3,11,[],5,"[5.991936380390666e-06, 2.091391294684128e-05, 7.299672876694393e-05, 0.23412448884079265, 0.12902765678615333, 0.2531933269374243, 0.07209309507156071, 0.019091317285724375]",-0.012139190512883376,0.7076297874997495,0.0039677088161889015,0.699458305803055,0.05,activate_factor,8192,16384,16383.999999999985,0.9999999999999991,0,0.0,6.382091815800932,1568.7318119518793,0,0.010329749900847673,True,4eafe727b67864632d25d30b526cbdb5c0a83989bf31e7b0cf41f7129c8a89da
adaptive,4,2,1,11,12,[5],4,"[2.0407984509601607e-06, 7.123086500899019e-06, 2.486201480377756e-05, 0.07974064873606435, 0.3011434280921828, null, 0.0861268494367617, 0.022807662894551786]",-0.0080693473772122,0.48985261505931627,0.0022904057875548518,0.4840736734696589,0.05,activate_factor,8192,16384,16382.32156024506,0.999897556167301,2,4.906586248409894e-10,6.382091815800932,1568.7318119518793,16389,0.010139709105715156,True,4eafe727b67864632d25d30b526cbdb5c0a83989bf31e7b0cf41f7129c8a89da
adaptive,4,2,2,12,10,"[4, 5]",6,"[1.7158486661350243e-06, 5.988900307907438e-06, 2.0903316012624417e-05, 0.06704380126619387, null, null, 0.25319490281050433, 0.06704975309889744]",-0.020360537911946846,0.3873170652405824,0.0036022100027134282,0.370558737331349,0.05,activate_factor,8192,16384,16379.369827472603,0.9997173966963259,3,1.881411693105406e-13,6.382091815800932,1568.7318119518793,49171,0.010522166034206748,True,4eafe727b67864632d25d30b526cbdb5c0a83989bf31e7b0cf41f7129c8a89da
adaptive,4,2,3,11,16,"[4, 5, 6]",0,"[0.23411615192725882, 0.0619937657121532, 2.486288465310738e-05, 0.017756796252177406, null, null, null, 0.01775286875167813]",-0.024004512136046742,0.3316444455279206,0.003352371511482849,0.3109923049033567,0.05,activate_factor,8192,16384,16376.895146918348,0.9995663541820281,3,6.378231276471524e-14,6.382091815800932,1568.7318119518793,98344,0.01015141699463129,True,4eafe727b67864632d25d30b526cbdb5c0a83989bf31e7b0cf41f7129c8a89da
adaptive,4,2,4,11,13,"[0, 4, 5, 6]",3,"[null, 2.091391294684128e-05, 7.299672876694393e-05, 0.23412448884079265, null, null, null, 0.019091317285724375]",-0.015173597063863727,0.2533097167682308,0.004532599814202357,0.24266871951856941,0.05,activate_factor,8192,16384,16374.76266518874,0.9994361978264612,3,1.914163272331848e-13,6.382091815800932,1568.7318119518793,163908,0.011086916085332632,True,4eafe727b67864632d25d30b526cbdb5c0a83989bf31e7b0cf41f7129c8a89da
adaptive,4,2,5,13,15,"[0, 3, 4, 5, 6]",1,"[null, 0.21639329719216077, 0.00013492450138439022, null, null, null, null, 0.0013386023539924054]",-0.03007952702172817,0.21786682404753754,0.004465901309212372,0.19225319833502175,0.05,activate_factor,8192,16384,16372.59797940162,0.9993040758912122,3,1.4549472737712676e-13,6.382091815800932,1568.7318119518793,245863,0.010987791931256652,True,4eafe727b67864632d25d30b526cbdb5c0a83989bf31e7b0cf41f7129c8a89da
adaptive,4,2,6,13,9,"[0, 1, 3, 4, 5, 6]",7,"[null, null, 6.787945567973375e-05, null, null, null, null, 0.21773104042750788]",-0.029706183044144192,0.2177989198831876,0.0027920903374106937,0.1908848271764541,0.05,activate_factor,8192,16384,16372.244026860346,0.9992824723425504,3,1.7469359292476838e-13,6.382091815800932,1568.7318119518793,344209,0.011130915954709053,True,4eafe727b67864632d25d30b526cbdb5c0a83989bf31e7b0cf41f7129c8a89da
adaptive,4,2,7,13,12,"[0, 1, 3, 4, 5, 6, 7]",,"[null, null, 8.678955711029094e-05, null, null, null, null, null]",-0.0006465719435413269,8.678955711029094e-05,0.002667111143579435,0.002107328757148399,0.05,screening_tolerance,8192,16384,16371.452173604313,0.9992341414553414,3,1.2782223196561304e-13,6.382091815800932,1568.7318119518793,458946,0.01134974998421967,True,4eafe727b67864632d25d30b526cbdb5c0a83989bf31e7b0cf41f7129c8a89da
adaptive,4,3,0,12,11,[],5,"[2.0407984509601607e-06, 7.123086500899019e-06, 2.486201480377756e-05, 0.07974064873606435, 0.3011434280921828, 0.3024803349875133, 0.0861268494367617, 0.022807662894551786]",-0.004162371066763573,0.7923329500468295,0.0006856731662118704,0.7888562521462777,0.05,activate_factor,8192,16384,16383.999999999985,0.9999999999999991,0,0.0,6.382091815800932,1568.7318119518793,0,0.009833290940150619,True,4eafe727b67864632d25d30b526cbdb5c0a83989bf31e7b0cf41f7129c8a89da
adaptive,4,3,1,12,10,[5],6,"[1.7158486661350243e-06, 5.988900307907438e-06, 2.0903316012624417e-05, 0.06704380126619387, 0.2531933269374243, null, 0.25319490281050433, 0.06704975309889744]",-0.005804868352954767,0.6405103921780068,0.0007348906772378644,0.6354404145022898,0.05,activate_factor,8192,16384,16382.141601550087,0.9998865723602348,3,1.372501423494224e-13,6.382091815800932,1568.7318119518793,16391,0.01030279090628028,True,4eafe727b67864632d25d30b526cbdb5c0a83989bf31e7b0cf41f7129c8a89da
adaptive,4,3,2,12,16,"[5, 6]",0,"[0.23411728411155439, 0.061997717423635836, 3.86557129964544e-05, 0.06199492774249234, 0.23410674791059238, null, null, 0.005054862654320385]",-0.0059534672453261375,0.5973101955555917,0.0007295412175855785,0.5920862695278512,0.05,activate_factor,8192,16384,16379.38823207902,0.9997185200243542,3,6.587785872369523e-14,6.382091815800932,1568.7318119518793,49173,0.01046141586266458,True,4eafe727b67864632d25d30b526cbdb5c0a83989bf31e7b0cf41f7129c8a89da
adaptive,4,3,3,12,3,"[0, 5, 6]",4,"[null, 2.4865624429482584e-05, 8.678955711029094e-05, 0.27836262033110754, 0.29609455153240877, null, null, 0.00639331118836663]",-0.005677010534381511,0.5809621382334227,0.0015486945582139505,0.5768338222572551,0.05,activate_factor,8192,16384,16378.143215758777,0.9996425302587144,3,5.345307529935894e-13,6.382091815800932,1568.7318119518793,98346,0.01060429192148149,True,4eafe727b67864632d25d30b526cbdb5c0a83989bf31e7b0cf41f7129c8a89da
adaptive,4,3,4,12,3,"[0, 4, 5, 6]",3,"[null, 2.4865624429482584e-05, 8.678955711029094e-05, 0.27836262033110754, null, null, null, 0.00639331118836663]",-0.008626903543230868,0.284867586701014,0.0008719852091445962,0.2771126683669277,0.05,activate_factor,8192,16384,16374.35102245829,0.999411073148089,3,2.3359092438113294e-13,6.382091815800932,1568.7318119518793,163910,0.01060754107311368,True,4eafe727b67864632d25d30b526cbdb5c0a83989bf31e7b0cf41f7129c8a89da
adaptive,4,3,5,12,9,"[0, 3, 4, 5, 6]",7,"[null, 5.656963214567691e-06, 1.9744741716567393e-05, null, null, null, null, 0.22144738603633526]",-0.00847689519139777,0.2214727877412664,0.0011466464441812051,0.21414253899404984,0.05,activate_factor,8192,16384,16372.44661276679,0.9992948372050042,3,4.4902970230964456e-13,6.382091815800932,1568.7318119518793,245865,0.010905750095844269,True,4eafe727b67864632d25d30b526cbdb5c0a83989bf31e7b0cf41f7129c8a89da
adaptive,4,3,6,12,15,"[0, 3, 4, 5, 6, 7]",1,"[null, 0.21637950636571476, 8.678978742122384e-05, null, null, null, null, null]",-0.008840398118613363,0.216466296153136,0.0008146176903492925,0.20844051572487193,0.05,activate_factor,8192,16384,16371.127919244243,0.9992143505398098,3,2.2029600366124669e-13,6.382091815800932,1568.7318119518793,344211,0.011190582998096943,True,4eafe727b67864632d25d30b526cbdb5c0a83989bf31e7b0cf41f7129c8a89da
adaptive,4,3,7,12,12,"[0, 1, 3, 4, 5, 6, 7]",,"[null, null, 0.0, null, null, null, null, null]",0.0,0.0,0.0,0.0,0.05,screening_tolerance,8192,16384,16371.3058181154,0.9992252086252075,3,1.7275070263167436e-13,6.382091815800932,1568.7318119518793,458948,0.011716666864231229,True,4eafe727b67864632d25d30b526cbdb5c0a83989bf31e7b0cf41f7129c8a89da
adaptive,4,4,0,11,10,[],5,"[5.83664370549573e-07, 2.037188825266138e-06, 7.1104876692773914e-06, 0.022805669775878952, 0.08612643219116893, 0.3024807522331061, 0.30114542121085563, 0.0797477591962552]",-0.0007626338181927186,0.7923157659481297,0.0003694150087116425,0.7919225471386486,0.05,activate_factor,8192,16384,16383.999999999985,0.9999999999999991,0,0.0,6.382091815800932,1568.7318119518793,0,0.010470833163708448,True,4eafe727b67864632d25d30b526cbdb5c0a83989bf31e7b0cf41f7129c8a89da
adaptive,4,4,1,11,10,[5],6,"[5.83664370549573e-07, 2.037188825266138e-06, 7.1104876692773914e-06, 0.022805669775878952, 0.08612643219116893, null, 0.30114542121085563, 0.0797477591962552]",-0.0008159220359715155,0.48983501371502375,0.0002347624577850124,0.48925385413683725,0.05,activate_factor,8192,16384,16381.150051484106,0.999826052947028,3,4.4732154856315723e-13,6.382091815800932,1568.7318119518793,16391,0.009688457939773798,True,4eafe727b67864632d25d30b526cbdb5c0a83989bf31e7b0cf41f7129c8a89da
adaptive,4,4,2,11,4,"[5, 6]",4,"[2.0407984509601607e-06, 7.123086500899019e-06, 2.486201480377756e-05, 0.07974064873606435, 0.3011434280921828, null, null, 0.022807662894551786]",-0.0016616732154248065,0.4037257656225546,0.0003249596028059712,0.40238905200993574,0.05,activate_factor,8192,16384,16377.441181143713,0.9995996814662911,3,3.822038443113823e-13,6.382091815800932,1568.7318119518793,49173,0.010635166894644499,True,4eafe727b67864632d25d30b526cbdb5c0a83989bf31e7b0cf41f7129c8a89da
adaptive,4,4,3,11,0,"[4, 5, 6]",0,"[0.23411615192725882, 0.0619937657121532, 2.486288465310738e-05, 0.017756796252177406, null, null, null, 0.01775286875167813]",-0.0013880324789273806,0.3316444455279206,0.0002694930075182864,0.3305259060565115,0.05,activate_factor,8192,16384,16376.497609214945,0.9995420904061856,3,1.0756950885593142e-12,6.382091815800932,1568.7318119518793,98346,0.010540249990299344,True,4eafe727b67864632d25d30b526cbdb5c0a83989bf31e7b0cf41f7129c8a89da
adaptive,4,4,4,11,3,"[0, 4, 5, 6]",3,"[null, 2.091391294684128e-05, 7.299672876694393e-05, 0.23412448884079265, null, null, null, 0.019091317285724375]",-0.0015834754317901145,0.2533097167682308,0.000729061040902949,0.2524553023773436,0.05,activate_factor,8192,16384,16374.871909939999,0.9994428655969237,3,5.103695244201845e-13,6.382091815800932,1568.7318119518793,163910,0.010238999966531992,True,4eafe727b67864632d25d30b526cbdb5c0a83989bf31e7b0cf41f7129c8a89da
adaptive,4,4,5,11,15,"[0, 3, 4, 5, 6]",1,"[null, 0.2163755546542322, 7.299695907787684e-05, null, null, null, null, 0.017752954060177562]",-0.001427474261100306,0.2342015056734876,0.0002679739709359221,0.23304200538332323,0.05,activate_factor,8192,16384,16372.82748702636,0.9993180839249487,3,1.0561551633259114e-12,6.382091815800932,1568.7318119518793,245865,0.010924458038061857,True,4eafe727b67864632d25d30b526cbdb5c0a83989bf31e7b0cf41f7129c8a89da
adaptive,4,4,6,11,9,"[0, 1, 3, 4, 5, 6]",7,"[null, null, 5.9519133732203605e-06, null, null, null, null, 0.234145392133693]",-0.0014308890518800225,0.23415134404706628,0.00031897688510339477,0.23303943188028964,0.05,activate_factor,8192,16384,16373.267327052257,0.9993449296296544,3,1.0031420139000602e-12,6.382091815800932,1568.7318119518793,344211,0.011244332883507013,True,4eafe727b67864632d25d30b526cbdb5c0a83989bf31e7b0cf41f7129c8a89da
adaptive,4,4,7,11,11,"[0, 1, 3, 4, 5, 6, 7]",,"[null, null, 0.0, null, null, null, null, null]",0.0,0.0,0.0,0.0,0.05,screening_tolerance,8192,16384,16370.766095921339,0.9991922665967614,3,2.407518628899652e-13,6.382091815800932,1568.7318119518793,458948,0.01138666714541614,True,4eafe727b67864632d25d30b526cbdb5c0a83989bf31e7b0cf41f7129c8a89da
adaptive,4,5,0,10,5,[],5,"[5.83664370549573e-07, 2.037188825266138e-06, 7.1104876692773914e-06, 0.022805669775878952, 0.08612643219116893, 0.3024807522331061, 0.30114542121085563, 0.0797477591962552]",-0.00020930884648298335,0.7923157659481297,0.0001215923554484404,0.7922280494570951,0.05,activate_factor,8192,16384,16383.999999999978,0.9999999999999987,0,0.0,6.382091815800932,1568.7318119518793,0,0.010229500010609627,True,4eafe727b67864632d25d30b526cbdb5c0a83989bf31e7b0cf41f7129c8a89da
adaptive,4,5,1,10,4,[5],6,"[1.7158486661350243e-06, 5.988900307907438e-06, 2.0903316012624417e-05, 0.06704380126619387, 0.2531933269374243, null, 0.25319490281050433, 0.06704975309889744]",-0.0001869193338784757,0.6405103921780068,0.00010585292975841199,0.6404293257738867,0.05,activate_factor,8192,16384,16383.135644473132,0.999947243925362,2,3.091694122936417e-10,6.382091815800932,1568.7318119518793,16389,0.010176333133131266,True,4eafe727b67864632d25d30b526cbdb5c0a83989bf31e7b0cf41f7129c8a89da
adaptive,4,5,2,10,4,"[5, 6]",4,"[1.7158486661350243e-06, 5.988900307907438e-06, 2.0903316012624417e-05, 0.06704380126619387, 0.2531933269374243, null, null, 0.06704975309889744]",-0.00030287216219120836,0.3873154893675024,0.000136415497663022,0.3871490327029742,0.05,activate_factor,8192,16384,16380.345789385705,0.9997769646841861,3,9.740861546189694e-13,6.382091815800932,1568.7318119518793,49171,0.010486667044460773,True,4eafe727b67864632d25d30b526cbdb5c0a83989bf31e7b0cf41f7129c8a89da
adaptive,4,5,3,10,16,"[4, 5, 6]",0,"[0.23411582697747396, 0.06199263152596019, 2.0904185861954237e-05, 0.005059948782306951, null, null, null, 0.061994958956023784]",-0.0003224824571867559,0.36318427042762685,0.00012426571358098806,0.3629860536840211,0.05,activate_factor,8192,16384,16379.089958889967,0.9997003148736552,3,4.258260410949788e-13,6.382091815800932,1568.7318119518793,98344,0.009834083030000329,True,4eafe727b67864632d25d30b526cbdb5c0a83989bf31e7b0cf41f7129c8a89da
adaptive,4,5,4,10,3,"[0, 4, 5, 6]",3,"[null, 1.97797267538497e-05, 6.903802997579076e-05, 0.22142764137092216, null, null, null, 0.06333340749007002]",-0.00022756931922502315,0.2848498666177218,0.00014687832944853602,0.28476917562794535,0.05,activate_factor,8192,16384,16377.60302963853,0.9996095599144611,3,5.808686864838819e-13,6.382091815800932,1568.7318119518793,163908,0.010747124906629324,True,4eafe727b67864632d25d30b526cbdb5c0a83989bf31e7b0cf41f7129c8a89da
adaptive,4,5,5,10,9,"[0, 3, 4, 5, 6]",7,"[null, 5.710655389348089e-07, 1.9932145820672222e-06, null, null, null, null, 0.27838748233803867]",-0.00023589979943686965,0.2783900466181597,0.0001427078850165466,0.2782968547037394,0.05,activate_factor,8192,16384,16375.946899684024,0.9995084777639175,3,7.635003740347202e-13,6.382091815800932,1568.7318119518793,245863,0.011365165933966637,True,4eafe727b67864632d25d30b526cbdb5c0a83989bf31e7b0cf41f7129c8a89da
adaptive,4,5,6,10,15,"[0, 3, 4, 5, 6, 7]",1,"[null, 0.21637442046803917, 6.903826028672369e-05, null, null, null, null, null]",-0.0002065742399419051,0.21644345872832588,0.0001071937076176218,0.2163440781960016,0.05,activate_factor,8192,16384,16375.344643423488,0.9994717189589531,3,3.851363672424668e-13,6.382091815800932,1568.7318119518793,344209,0.011144999880343676,True,4eafe727b67864632d25d30b526cbdb5c0a83989bf31e7b0cf41f7129c8a89da
adaptive,4,5,7,10,10,"[0, 1, 3, 4, 5, 6, 7]",,"[null, null, 0.0, null, null, null, null, null]",0.0,0.0,0.0,0.0,0.05,screening_tolerance,8192,16384,16375.735190820795,0.9994955560803708,3,4.730660307927792e-13,6.382091815800932,1568.7318119518793,458946,0.011177124921232462,True,4eafe727b67864632d25d30b526cbdb5c0a83989bf31e7b0cf41f7129c8a89da
adaptive,4,6,0,3,5,[],5,"[5.991936380390666e-06, 2.091391294684128e-05, 7.299672876694393e-05, 0.23412448884079265, 0.12902765678615333, 0.2531933269374243, 0.07209309507156071, 0.019091317285724375]",-3.3767269392672e-05,0.7076297874997495,7.090632974038177e-05,0.7076669265600972,0.05,activate_factor,8192,16384,16383.999999999978,0.9999999999999987,0,0.0,6.382091815800932,1568.7318119518793,0,0.01011212496086955,True,4eafe727b67864632d25d30b526cbdb5c0a83989bf31e7b0cf41f7129c8a89da
adaptive,4,6,1,15,4,[5],4,"[0.06199376651601733, 0.21637950636571476, 8.678978742122384e-05, 0.06200871833862735, 0.23411069881821087, null, 0.019088617019521387, 0.005054947962819819]",-4.9495287842172406e-05,0.5987230448083327,7.09321904581086e-05,0.5987444817109486,0.05,activate_factor,8192,16384,16383.146391845814,0.999947899892933,2,3.0942098883102176e-10,6.382091815800932,1568.7318119518793,16389,0.010340915992856026,True,4eafe727b67864632d25d30b526cbdb5c0a83989bf31e7b0cf41f7129c8a89da
adaptive,4,6,2,15,6,"[4, 5]",6,"[0.061992309381936915, 0.21637442046803917, 6.903826028672369e-05, 0.00507373937844196, null, null, 0.23410718879361528, 0.06199504426452321]",-4.307020856288455e-05,0.5796117405468433,6.110121001177243e-05,0.5796297715482922,0.05,activate_factor,8192,16384,16381.924570428162,0.999873325831797,2,7.448986982794281e-10,6.382091815800932,1568.7318119518793,49167,0.00978358299471438,True,4eafe727b67864632d25d30b526cbdb5c0a83989bf31e7b0cf41f7129c8a89da
adaptive,4,6,3,16,15,"[4, 5, 6]",0,"[0.29610787764482516, 0.2783661489913671, 8.679065727055367e-05, 2.4865854740415734e-05, null, null, null, 1.5381994616194042e-07]",-1.5138830705590419e-05,0.5745858369681494,0.000100062701488743,0.5746707608389325,0.05,activate_factor,8192,16384,16381.453976808243,0.999844603076675,3,1.7968959653558159e-13,6.382091815800932,1568.7318119518793,98340,0.010292917024344206,True,4eafe727b67864632d25d30b526cbdb5c0a83989bf31e7b0cf41f7129c8a89da
adaptive,4,6,4,3,9,"[0, 4, 5, 6]",7,"[null, 1.9447789660509953e-05, 6.787945567973375e-05, 0.2177117130076875, null, null, null, 0.21773104042750788]",-5.71755679361108e-05,0.4355300806805356,6.234108504818138e-05,0.43553524619764766,0.05,activate_factor,8192,16384,16379.914057739667,0.9997506138757121,3,5.070246251927951e-13,6.382091815800932,1568.7318119518793,163904,0.01084541599266231,True,4eafe727b67864632d25d30b526cbdb5c0a83989bf31e7b0cf41f7129c8a89da
adaptive,4,6,5,0,15,"[0, 4, 5, 6, 7]",1,"[null, 0.2783661489913671, 8.679065727055367e-05, 2.4865854740415734e-05, null, null, null, null]",-2.0737241318924714e-05,0.27847780550337803,0.00010246576889361062,0.27855953403095274,0.05,activate_factor,8192,16384,16378.634818241955,0.9996725352930881,3,7.039924199148118e-13,6.382091815800932,1568.7318119518793,245859,0.011009125038981438,True,4eafe727b67864632d25d30b526cbdb5c0a83989bf31e7b0cf41f7129c8a89da
adaptive,4,6,6,0,3,"[0, 1, 4, 5, 6, 7]",3,"[null, null, 8.679042695962076e-05, 0.2163787678472206, null, null, null, null]",-5.7953154230830756e-05,0.21646555827418024,0.00011840480952662272,0.21652600992947602,0.05,activate_factor,8192,16384,16378.476963947338,0.9996629006315514,3,5.953015858040089e-13,6.382091815800932,1568.7318119518793,344205,0.010948667069897056,True,4eafe727b67864632d25d30b526cbdb5c0a83989bf31e7b0cf41f7129c8a89da
adaptive,4,6,7,0,3,"[0, 1, 3, 4, 5, 6, 7]",,"[null, null, 8.679042695962076e-05, null, null, null, null, null]",-2.1739016085285572e-05,8.679042695962076e-05,4.620726832280849e-05,0.00011125867919714369,0.05,screening_tolerance,8192,16384,16377.430970435664,0.9995990582541299,3,4.214406601477094e-13,6.382091815800932,1568.7318119518793,458942,0.011254458921030164,True,4eafe727b67864632d25d30b526cbdb5c0a83989bf31e7b0cf41f7129c8a89da
adaptive,5,1,0,1,5,[],5,"[0.061992634331721745, 0.2163755546542322, 7.299695907787684e-05, 0.01777058684831241, 0.06704380407195544, 0.23544365400205877, 0.0670391354198726, 0.017752954060177562]",-0.012914709648011304,0.6834913203474084,0.0023169933718704475,0.6728936040712676,0.05,activate_factor,8192,16384,16383.999999999985,0.9999999999999991,0,0.0,6.382091815800932,1568.7318119518793,0,0.00993620790541172,True,4eafe727b67864632d25d30b526cbdb5c0a83989bf31e7b0cf41f7129c8a89da
adaptive,5,1,1,5,4,[5],4,"[2.0407984509601607e-06, 7.123086500899019e-06, 2.486201480377756e-05, 0.07974064873606435, 0.3011434280921828, null, 0.0861268494367617, 0.022807662894551786]",-0.007495471160709557,0.48985261505931627,0.002241634626519386,0.4845987785251261,0.05,activate_factor,8192,16384,16381.69843535519,0.9998595236422846,2,5.859435159294435e-10,6.382091815800932,1568.7318119518793,16389,0.009868666995316744,True,4eafe727b67864632d25d30b526cbdb5c0a83989bf31e7b0cf41f7129c8a89da
adaptive,5,1,2,4,6,"[4, 5]",6,"[1.7158486661350243e-06, 5.988900307907438e-06, 2.0903316012624417e-05, 0.06704380126619387, null, null, 0.25319490281050433, 0.06704975309889744]",-0.01869981224308781,0.3873170652405824,0.002467469206317185,0.3710847222038118,0.05,activate_factor,8192,16384,16379.733439641053,0.9997395898218416,3,1.0923206783530759e-13,6.382091815800932,1568.7318119518793,49171,0.009792208904400468,True,4eafe727b67864632d25d30b526cbdb5c0a83989bf31e7b0cf41f7129c8a89da
adaptive,5,1,3,4,0,"[4, 5, 6]",0,"[0.23411728411155439, 0.061997717423635836, 3.86557129964544e-05, 0.06199492774249234, null, null, null, 0.005054862654320385]",-0.01767419294018234,0.36320344764499934,0.002498783928497761,0.3480280386333148,0.05,activate_factor,8192,16384,16378.01073603668,0.9996344443381763,3,1.299654828201824e-13,6.382091815800932,1568.7318119518793,98344,0.010392541997134686,True,4eafe727b67864632d25d30b526cbdb5c0a83989bf31e7b0cf41f7129c8a89da
adaptive,5,1,4,4,3,"[0, 4, 5, 6]",3,"[null, 2.4865624429482584e-05, 8.678955711029094e-05, 0.27836262033110754, null, null, null, 0.00639331118836663]",-0.004640739522425125,0.284867586701014,0.0035091363754742866,0.28373598355406315,0.05,activate_factor,8192,16384,16374.85659976373,0.999441931137923,3,1.2500937784931665e-13,6.382091815800932,1568.7318119518793,163908,0.011083000106737018,True,4eafe727b67864632d25d30b526cbdb5c0a83989bf31e7b0cf41f7129c8a89da
adaptive,5,1,5,3,15,"[0, 3, 4, 5, 6]",1,"[null, 0.21639329719216077, 0.00013492450138439022, null, null, null, null, 0.0013386023539924054]",-0.026033841758852296,0.21786682404753754,0.0035759559794390217,0.19540893826812428,0.05,activate_factor,8192,16384,16373.28115544958,0.9993457736480457,3,2.707278845548444e-13,6.382091815800932,1568.7318119518793,245863,0.010805208003148437,True,4eafe727b67864632d25d30b526cbdb5c0a83989bf31e7b0cf41f7129c8a89da
adaptive,5,1,6,3,9,"[0, 1, 3, 4, 5, 6]",7,"[null, null, 6.787945567973375e-05, null, null, null, null, 0.21773104042750788]",-0.03961304633007247,0.2177989198831876,0.00263104110364977,0.18081691465676492,0.05,activate_factor,8192,16384,16372.563508796355,0.9993019719724338,3,1.7804117555253463e-14,6.382091815800932,1568.7318119518793,344209,0.01203658408485353,True,4eafe727b67864632d25d30b526cbdb5c0a83989bf31e7b0cf41f7129c8a89da
adaptive,5,1,7,3,3,"[0, 1, 3, 4, 5, 6, 7]",,"[null, null, 0.0, null, null, null, null, null]",0.0,0.0,0.0,0.0,0.05,screening_tolerance,8192,16384,16370.47173313307,0.9991743001179852,3,2.079391346609949e-13,6.382091815800932,1568.7318119518793,458946,0.012161999940872192,True,4eafe727b67864632d25d30b526cbdb5c0a83989bf31e7b0cf41f7129c8a89da
adaptive,5,2,0,4,5,[],5,"[2.0407984509601607e-06, 7.123086500899019e-06, 2.486201480377756e-05, 0.07974064873606435, 0.3011434280921828, 0.3024803349875133, 0.0861268494367617, 0.022807662894551786]",-0.008693595154349143,0.7923329500468295,0.001202396448874574,0.7848417513413549,0.05,activate_factor,8192,16384,16383.999999999985,0.9999999999999991,0,0.0,6.382091815800932,1568.7318119518793,0,0.010462791891768575,True,4eafe727b67864632d25d30b526cbdb5c0a83989bf31e7b0cf41f7129c8a89da
adaptive,5,2,1,4,6,[5],6,"[1.7158486661350243e-06, 5.988900307907438e-06, 2.0903316012624417e-05, 0.06704380126619387, 0.2531933269374243, null, 0.25319490281050433, 0.06704975309889744]",-0.010980094210730987,0.6405103921780068,0.001237376806794288,0.63076767477407,0.05,activate_factor,8192,16384,16382.079348234533,0.9998827727193929,3,4.4306225355228435e-13,6.382091815800932,1568.7318119518793,16391,0.010462375124916434,True,4eafe727b67864632d25d30b526cbdb5c0a83989bf31e7b0cf41f7129c8a89da
adaptive,5,2,2,4,16,"[5, 6]",0,"[0.23411728411155439, 0.061997717423635836, 3.86557129964544e-05, 0.06199492774249234, 0.23410674791059238, null, null, 0.005054862654320385]",-0.010827651593494327,0.5973101955555917,0.0033559727125642893,0.5898385166746617,0.05,activate_factor,8192,16384,16380.643230300466,0.9997951190368937,2,2.227421580514033e-10,6.382091815800932,1568.7318119518793,49169,0.010543999960646033,True,4eafe727b67864632d25d30b526cbdb5c0a83989bf31e7b0cf41f7129c8a89da
adaptive,5,2,3,4,13,"[0, 5, 6]",4,"[null, 2.4865624429482584e-05, 8.678955711029094e-05, 0.27836262033110754, 0.29609455153240877, null, null, 0.00639331118836663]",-0.01064807595300904,0.5809621382334227,0.001209411998864346,0.571523474279278,0.05,activate_factor,8192,16384,16378.72049461016,0.9996777645636084,2,3.5030633949162393e-10,6.382091815800932,1568.7318119518793,98336,0.010879208100959659,True,4eafe727b67864632d25d30b526cbdb5c0a83989bf31e7b0cf41f7129c8a89da
adaptive,5,2,4,4,15,"[0, 4, 5, 6]",1,"[null, 0.21637950636571476, 8.678978742122384e-05, 0.06200871833862735, null, null, null, 0.005054947962819819]",-0.015344056516456884,0.28352996245458323,0.0014391112141092534,0.2696250171522356,0.05,activate_factor,8192,16384,16375.774501659003,0.9994979554235232,3,4.707068068654507e-13,6.382091815800932,1568.7318119518793,163900,0.010836832923814654,True,4eafe727b67864632d25d30b526cbdb5c0a83989bf31e7b0cf41f7129c8a89da
adaptive,5,2,5,4,13,"[0, 1, 4, 5, 6]",3,"[null, null, 8.678955711029094e-05, 0.27836262033110754, null, null, null, 0.00639331118836663]",-0.017268008630255773,0.2848427210765845,0.0013445819463890306,0.2689192943927177,0.05,activate_factor,8192,16384,16374.073370791817,0.9993941266352427,3,2.7333690866271354e-13,6.382091815800932,1568.7318119518793,245855,0.010408875066787004,True,4eafe727b67864632d25d30b526cbdb5c0a83989bf31e7b0cf41f7129c8a89da
adaptive,5,2,6,4,9,"[0, 1, 3, 4, 5, 6]",7,"[null, null, 1.9744741716567393e-05, null, null, null, null, 0.22144738603633526]",-0.019020821270937467,0.22146713077805188,0.0013436913205397663,0.2037900008276542,0.05,activate_factor,8192,16384,16373.467550638163,0.999357150307505,3,4.786726570671362e-13,6.382091815800932,1568.7318119518793,344201,0.011006833054125309,True,4eafe727b67864632d25d30b526cbdb5c0a83989bf31e7b0cf41f7129c8a89da
adaptive,5,2,7,4,4,"[0, 1, 3, 4, 5, 6, 7]",,"[null, null, 0.0, null, null, null, null, null]",0.0,0.0,0.0,0.0,0.05,screening_tolerance,8192,16384,16372.378640954037,0.9992906885347923,3,2.8177460364986473e-13,6.382091815800932,1568.7318119518793,458938,0.012045334093272686,True,4eafe727b67864632d25d30b526cbdb5c0a83989bf31e7b0cf41f7129c8a89da
adaptive,5,3,0,5,6,[],5,"[5.83664370549573e-07, 2.037188825266138e-06, 7.1104876692773914e-06, 0.022805669775878952, 0.08612643219116893, 0.3024807522331061, 0.30114542121085563, 0.0797477591962552]",-0.006257228165580298,0.7923157659481297,0.0011468967391573476,0.7872054345217068,0.05,activate_factor,8192,16384,16383.999999999985,0.9999999999999991,0,0.0,6.382091815800932,1568.7318119518793,0,0.010138917015865445,True,4eafe727b67864632d25d30b526cbdb5c0a83989bf31e7b0cf41f7129c8a89da
adaptive,5,3,1,5,6,[5],6,"[5.83664370549573e-07, 2.037188825266138e-06, 7.1104876692773914e-06, 0.022805669775878952, 0.08612643219116893, null, 0.30114542121085563, 0.0797477591962552]",-0.012646958920083023,0.48983501371502375,0.0016797774833474076,0.4788678322782881,0.05,activate_factor,8192,16384,16381.746477665689,0.9998624559122125,3,2.7383979865491654e-13,6.382091815800932,1568.7318119518793,16391,0.009546417044475675,True,4eafe727b67864632d25d30b526cbdb5c0a83989bf31e7b0cf41f7129c8a89da
adaptive,5,3,2,5,12,"[5, 6]",4,"[2.0407984509601607e-06, 7.123086500899019e-06, 2.486201480377756e-05, 0.07974064873606435, 0.3011434280921828, null, null, 0.022807662894551786]",-0.011829766474846298,0.4037257656225546,0.0012791839810656234,0.3931751831287739,0.05,activate_factor,8192,16384,16380.394627243664,0.9997799455104776,3,2.754185768338857e-13,6.382091815800932,1568.7318119518793,49173,0.010300833033397794,True,4eafe727b67864632d25d30b526cbdb5c0a83989bf31e7b0cf41f7129c8a89da
adaptive,5,3,3,5,0,"[4, 5, 6]",0,"[0.23411615192725882, 0.0619937657121532, 2.486288465310738e-05, 0.017756796252177406, null, null, null, 0.01775286875167813]",-0.0118001736151296,0.3316444455279206,0.0012541107212495949,0.3210983826340406,0.05,activate_factor,8192,16384,16379.725712597292,0.9997391182005183,3,4.866107516932061e-13,6.382091815800932,1568.7318119518793,98346,0.010601500049233437,True,4eafe727b67864632d25d30b526cbdb5c0a83989bf31e7b0cf41f7129c8a89da
adaptive,5,3,4,5,15,"[0, 4, 5, 6]",1,"[null, 0.2163755546542322, 7.299695907787684e-05, 0.01777058684831241, null, null, null, 0.017752954060177562]",-0.010530317153311233,0.25197209252180003,0.0022198959229057843,0.24366167129139457,0.05,activate_factor,8192,16384,16377.04560549628,0.9995755374448413,3,4.3425023776508254e-13,6.382091815800932,1568.7318119518793,163910,0.010538792004808784,True,4eafe727b67864632d25d30b526cbdb5c0a83989bf31e7b0cf41f7129c8a89da
adaptive,5,3,5,5,13,"[0, 1, 4, 5, 6]",3,"[null, null, 7.299672876694393e-05, 0.23412448884079265, null, null, null, 0.019091317285724375]",-0.012575652216509586,0.25328880285528393,0.0027498659795447532,0.2434630166183191,0.05,activate_factor,8192,16384,16375.534024235047,0.9994832778463774,3,2.5712765250318625e-13,6.382091815800932,1568.7318119518793,245865,0.010918040992692113,True,4eafe727b67864632d25d30b526cbdb5c0a83989bf31e7b0cf41f7129c8a89da
adaptive,5,3,6,5,9,"[0, 1, 3, 4, 5, 6]",7,"[null, null, 5.9519133732203605e-06, null, null, null, null, 0.234145392133693]",-0.013516535228682803,0.23415134404706628,0.001921589963046767,0.22255639878143024,0.05,activate_factor,8192,16384,16374.661963591348,0.9994300514887298,3,1.4727108421652702e-13,6.382091815800932,1568.7318119518793,344211,0.010909915901720524,True,4eafe727b67864632d25d30b526cbdb5c0a83989bf31e7b0cf41f7129c8a89da
adaptive,5,3,7,5,5,"[0, 1, 3, 4, 5, 6, 7]",,"[null, null, 0.0, null, null, null, null, null]",0.0,0.0,0.0,0.0,0.05,screening_tolerance,8192,16384,16373.4909324227,0.9993585774183776,3,2.007283228522283e-13,6.382091815800932,1568.7318119518793,458948,0.011308333138003945,True,4eafe727b67864632d25d30b526cbdb5c0a83989bf31e7b0cf41f7129c8a89da
adaptive,5,4,0,1,11,[],5,"[0.061992634331721745, 0.2163755546542322, 7.299695907787684e-05, 0.01777058684831241, 0.06704380407195544, 0.23544365400205877, 0.0670391354198726, 0.017752954060177562]",-0.0025519631565923758,0.6834913203474084,0.0009847898387091848,0.6819241470295253,0.05,activate_factor,8192,16384,16383.999999999985,0.9999999999999991,0,0.0,6.382091815800932,1568.7318119518793,0,0.01001829095184803,True,4eafe727b67864632d25d30b526cbdb5c0a83989bf31e7b0cf41f7129c8a89da
adaptive,5,4,1,1,6,[5],6,"[0.061992309381936915, 0.21637442046803917, 6.903826028672369e-05, 0.00507373937844196, 0.019093702917197017, null, 0.23410718879361528, 0.06199504426452321]",-0.0010169917617905123,0.5987054434640402,0.001447250535112403,0.5991357022373621,0.05,activate_factor,8192,16384,16383.689230568916,0.9999810321392161,2,1.809510319361607e-10,6.382091815800932,1568.7318119518793,16389,0.009979791007936,True,4eafe727b67864632d25d30b526cbdb5c0a83989bf31e7b0cf41f7129c8a89da
adaptive,5,4,2,1,12,"[5, 6]",4,"[0.06199376651601733, 0.21637950636571476, 8.678978742122384e-05, 0.06200871833862735, 0.23411069881821087, null, null, 0.005054947962819819]",-0.0033740431885148393,0.5796344277888115,0.001012702747540657,0.5772730873478373,0.05,activate_factor,8192,16384,16382.120303024898,0.999885272401422,2,4.2241654618635494e-11,6.382091815800932,1568.7318119518793,49167,0.010557916015386581,True,4eafe727b67864632d25d30b526cbdb5c0a83989bf31e7b0cf41f7129c8a89da
adaptive,5,4,3,1,0,"[4, 5, 6]",0,"[0.29610787764482516, 0.2783661489913671, 8.679065727055367e-05, 2.4865854740415734e-05, null, null, null, 1.5381994616194042e-07]",-0.0018440198387148846,0.5745858369681494,0.0009878067577270347,0.5737296238871615,0.05,activate_factor,8192,16384,16381.30692168655,0.9998356275443451,3,3.5943470422239443e-13,6.382091815800932,1568.7318119518793,98340,0.010010957950726151,True,4eafe727b67864632d25d30b526cbdb5c0a83989bf31e7b0cf41f7129c8a89da
adaptive,5,4,4,16,15,"[0, 4, 5, 6]",1,"[null, 0.2783661489913671, 8.679065727055367e-05, 2.4865854740415734e-05, null, null, null, 1.5381994616194042e-07]",-0.0021882013076727977,0.27847795932332425,0.0015368482391351253,0.27782660625478656,0.05,activate_factor,8192,16384,16379.636437164298,0.9997336692605162,3,2.406462344933108e-13,6.382091815800932,1568.7318119518793,163904,0.011036249808967113,True,4eafe727b67864632d25d30b526cbdb5c0a83989bf31e7b0cf41f7129c8a89da
adaptive,5,4,5,15,13,"[0, 1, 4, 5, 6]",3,"[null, null, 0.00013492450138439022, 0.21639255844335561, null, null, null, 0.0013386023539924054]",-0.007868178298679203,0.21786608529873244,0.0010820797491696474,0.21107998674922288,0.05,activate_factor,8192,16384,16377.668943266961,0.9996135829630713,3,3.644594120857242e-13,6.382091815800932,1568.7318119518793,245859,0.011144625023007393,True,4eafe727b67864632d25d30b526cbdb5c0a83989bf31e7b0cf41f7129c8a89da
adaptive,5,4,6,15,9,"[0, 1, 3, 4, 5, 6]",7,"[null, null, 6.787968599066667e-05, null, null, null, null, 0.21639267720196104]",-0.007909188725936711,0.21646055688795174,0.0010601533972965827,0.20961152155931162,0.05,activate_factor,8192,16384,16376.601871313216,0.9995484540596445,3,4.2887915441269797e-13,6.382091815800932,1568.7318119518793,344205,0.01148170791566372,True,4eafe727b67864632d25d30b526cbdb5c0a83989bf31e7b0cf41f7129c8a89da
adaptive,5,4,7,15,16,"[0, 1, 3, 4, 5, 6, 7]",,"[null, null, 8.679065727055367e-05, null, null, null, null, null]",-0.00032498028954496813,8.679065727055369e-05,0.001663986192547387,0.0014257965602729726,0.05,screening_tolerance,8192,16384,16375.176940282146,0.9994614831715177,3,5.134226377379036e-13,6.382091815800932,1568.7318119518793,458942,0.01169141591526568,True,4eafe727b67864632d25d30b526cbdb5c0a83989bf31e7b0cf41f7129c8a89da
adaptive,5,5,0,1,11,[],5,"[0.061992634331721745, 0.2163755546542322, 7.299695907787684e-05, 0.01777058684831241, 0.06704380407195544, 0.23544365400205877, 0.0670391354198726, 0.017752954060177562]",-0.0042967618768928505,0.6834913203474084,0.00098157128623123,0.6801761297567468,0.05,activate_factor,8192,16384,16383.999999999985,0.9999999999999991,0,0.0,6.382091815800932,1568.7318119518793,0,0.010564208962023258,True,4eafe727b67864632d25d30b526cbdb5c0a83989bf31e7b0cf41f7129c8a89da
adaptive,5,5,1,1,6,[5],6,"[0.061992309381936915, 0.21637442046803917, 6.903826028672369e-05, 0.00507373937844196, 0.019093702917197017, null, 0.23410718879361528, 0.06199504426452321]",-0.002445948184823321,0.5987054434640402,0.0016896540602967247,0.5979491493395136,0.05,activate_factor,8192,16384,16383.701871863466,0.9999818037026041,2,1.8083023967108147e-10,6.382091815800932,1568.7318119518793,16389,0.010394458193331957,True,4eafe727b67864632d25d30b526cbdb5c0a83989bf31e7b0cf41f7129c8a89da
adaptive,5,5,2,1,12,"[5, 6]",4,"[0.06199376651601733, 0.21637950636571476, 8.678978742122384e-05, 0.06200871833862735, 0.23411069881821087, null, null, 0.005054947962819819]",-0.0027795080920788306,0.5796344277888115,0.001731175738776701,0.5785860954355093,0.05,activate_factor,8192,16384,16382.301656251162,0.9998963413239235,2,4.221367699841494e-11,6.382091815800932,1568.7318119518793,49167,0.00995137495920062,True,4eafe727b67864632d25d30b526cbdb5c0a83989bf31e7b0cf41f7129c8a89da
adaptive,5,5,3,1,0,"[4, 5, 6]",0,"[0.29610787764482516, 0.2783661489913671, 8.679065727055367e-05, 2.4865854740415734e-05, null, null, null, 1.5381994616194042e-07]",-0.0018059478217563264,0.5745858369681494,0.0018883068325667874,0.5746681959789598,0.05,activate_factor,8192,16384,16381.542235375391,0.9998499899521113,3,5.075196176946434e-13,6.382091815800932,1568.7318119518793,98340,0.010427000001072884,True,4eafe727b67864632d25d30b526cbdb5c0a83989bf31e7b0cf41f7129c8a89da
adaptive,5,5,4,10,1,"[0, 4, 5, 6]",1,"[null, 0.21637442046803917, 6.903826028672369e-05, 0.00507373937844196, null, null, null, 0.06199504426452321]",-0.0005863801209497077,0.2835122423712911,0.0009900307275912072,0.28391589297793257,0.05,activate_factor,8192,16384,16379.698470793233,0.9997374554927511,3,4.322653346378047e-13,6.382091815800932,1568.7318119518793,163904,0.010999459074810147,True,4eafe727b67864632d25d30b526cbdb5c0a83989bf31e7b0cf41f7129c8a89da
adaptive,5,5,5,10,13,"[0, 1, 4, 5, 6]",3,"[null, null, 6.903802997579076e-05, 0.22142764137092216, null, null, null, 0.06333340749007002]",-0.002115583711706523,0.284830086890968,0.0020831878595111604,0.2847976910387726,0.05,activate_factor,8192,16384,16379.650768487194,0.9997345439750485,3,5.196203845892269e-13,6.382091815800932,1568.7318119518793,245859,0.010967083042487502,True,4eafe727b67864632d25d30b526cbdb5c0a83989bf31e7b0cf41f7129c8a89da
adaptive,5,5,6,10,9,"[0, 1, 3, 4, 5, 6]",7,"[null, null, 1.9932145820672222e-06, null, null, null, null, 0.27838748233803867]",-0.0023319578573092253,0.2783894755526208,0.000881955989441392,0.27693947368475297,0.05,activate_factor,8192,16384,16378.58472178437,0.9996694776479718,3,5.516698209362403e-13,6.382091815800932,1568.7318119518793,344205,0.011817707912996411,True,4eafe727b67864632d25d30b526cbdb5c0a83989bf31e7b0cf41f7129c8a89da
adaptive,5,5,7,10,9,"[0, 1, 3, 4, 5, 6, 7]",,"[null, null, 1.9932145820672222e-06, null, null, null, null, null]",-0.00034967097369125507,1.9932145820672222e-06,0.0009847229751583579,0.00063704521604917,0.05,screening_tolerance,8192,16384,16377.113254257152,0.9995796663975313,3,5.341282971471628e-13,6.382091815800932,1568.7318119518793,458942,0.011693791020661592,True,4eafe727b67864632d25d30b526cbdb5c0a83989bf31e7b0cf41f7129c8a89da
adaptive,5,6,0,1,11,[],5,"[0.061992634331721745, 0.2163755546542322, 7.299695907787684e-05, 0.01777058684831241, 0.06704380407195544, 0.23544365400205877, 0.0670391354198726, 0.017752954060177562]",-0.001717885247968894,0.6834913203474084,0.0010311619140844375,0.682804597013524,0.05,activate_factor,8192,16384,16383.999999999982,0.9999999999999989,0,0.0,6.382091815800932,1568.7318119518793,0,0.012446749955415726,True,4eafe727b67864632d25d30b526cbdb5c0a83989bf31e7b0cf41f7129c8a89da
adaptive,5,6,1,1,6,[5],6,"[0.061992309381936915, 0.21637442046803917, 6.903826028672369e-05, 0.00507373937844196, 0.019093702917197017, null, 0.23410718879361528, 0.06199504426452321]",-0.0015773710486582707,0.5987054434640402,0.0010163045625975508,0.5981443769779795,0.05,activate_factor,8192,16384,16383.783205468068,0.9999867679118694,2,7.018408076930882e-11,6.382091815800932,1568.7318119518793,16389,0.011335916118696332,True,4eafe727b67864632d25d30b526cbdb5c0a83989bf31e7b0cf41f7129c8a89da
adaptive,5,6,2,1,12,"[5, 6]",4,"[0.06199376651601733, 0.21637950636571476, 8.678978742122384e-05, 0.06200871833862735, 0.23411069881821087, null, null, 0.005054947962819819]",-0.0032488059862287853,0.5796344277888115,0.0009599694719229894,0.5773455912745057,0.05,activate_factor,8192,16384,16383.62300943924,0.9999769903222192,2,6.996925261404385e-11,6.382091815800932,1568.7318119518793,49167,0.010591958882287145,True,4eafe727b67864632d25d30b526cbdb5c0a83989bf31e7b0cf41f7129c8a89da
adaptive,5,6,3,1,0,"[4, 5, 6]",0,"[0.29610787764482516, 0.2783661489913671, 8.679065727055367e-05, 2.4865854740415734e-05, null, null, null, 1.5381994616194042e-07]",-0.0012314343546192422,0.5745858369681494,0.0015090808335922242,0.5748634834471223,0.05,activate_factor,8192,16384,16382.721485738577,0.9999219656822862,3,4.49478426483782e-13,6.382091815800932,1568.7318119518793,98340,0.010799540905281901,True,4eafe727b67864632d25d30b526cbdb5c0a83989bf31e7b0cf41f7129c8a89da
adaptive,5,6,4,16,1,"[0, 4, 5, 6]",1,"[null, 0.2783661489913671, 8.679065727055367e-05, 2.4865854740415734e-05, null, null, null, 1.5381994616194042e-07]",-0.00046619844812213697,0.27847795932332425,0.000968357611694365,0.27898011848689647,0.05,activate_factor,8192,16384,16381.274426319414,0.9998336441845346,3,4.613877639322861e-13,6.382091815800932,1568.7318119518793,163904,0.010575958993285894,True,4eafe727b67864632d25d30b526cbdb5c0a83989bf31e7b0cf41f7129c8a89da
adaptive,5,6,5,16,13,"[0, 1, 4, 5, 6]",3,"[null, null, 8.679042695962076e-05, 0.2163787678472206, null, null, null, 0.0013385170454929725]",-0.001065097332821112,0.21780407531967322,0.0008953434434202858,0.2176343214302724,0.05,activate_factor,8192,16384,16380.99070317035,0.9998163270977997,3,4.726680947141591e-13,6.382091815800932,1568.7318119518793,245859,0.011273999931290746,True,4eafe727b67864632d25d30b526cbdb5c0a83989bf31e7b0cf41f7129c8a89da
adaptive,5,6,6,16,9,"[0, 1, 3, 4, 5, 6]",7,"[null, null, 1.9745611565897213e-05, null, null, null, null, 0.2163925918934616]",-0.0017982240596931401,0.21641233750502756,0.0008776706493103675,0.21549178409464478,0.05,activate_factor,8192,16384,16380.118427549489,0.9997630876189874,3,1.1124434706744069e-13,6.382091815800932,1568.7318119518793,344205,0.011013166978955269,True,4eafe727b67864632d25d30b526cbdb5c0a83989bf31e7b0cf41f7129c8a89da
adaptive,5,6,7,9,9,"[0, 1, 3, 4, 5, 6, 7]",,"[null, null, 0.0, null, null, null, null, null]",0.0,0.0,0.0,0.0,0.05,screening_tolerance,8192,16384,16378.707897354834,0.9996769956881613,3,3.401168235939167e-13,6.382091815800932,1568.7318119518793,458942,0.011803792091086507,True,4eafe727b67864632d25d30b526cbdb5c0a83989bf31e7b0cf41f7129c8a89da
adaptive,6,1,0,1,5,[],5,"[0.061992634331721745, 0.2163755546542322, 7.299695907787684e-05, 0.01777058684831241, 0.06704380407195544, 0.23544365400205877, 0.0670391354198726, 0.017752954060177562]",-0.012477968677242149,0.6834913203474084,0.0024172381949548643,0.6734305898651212,0.05,activate_factor,8192,16384,16383.999999999985,0.9999999999999991,0,0.0,6.382091815800932,1568.7318119518793,0,0.011390332831069827,True,4eafe727b67864632d25d30b526cbdb5c0a83989bf31e7b0cf41f7129c8a89da
adaptive,6,1,1,5,4,[5],4,"[2.0407984509601607e-06, 7.123086500899019e-06, 2.486201480377756e-05, 0.07974064873606435, 0.3011434280921828, null, 0.0861268494367617, 0.022807662894551786]",-0.006593633462039844,0.48985261505931627,0.0023476434021807257,0.48560662499945717,0.05,activate_factor,8192,16384,16381.97750512349,0.9998765567091974,2,5.812426095985757e-10,6.382091815800932,1568.7318119518793,16389,0.010042333044111729,True,4eafe727b67864632d25d30b526cbdb5c0a83989bf31e7b0cf41f7129c8a89da
adaptive,6,1,2,1,0,"[4, 5]",0,"[0.29610787764482516, 0.2783661489913671, 8.679065727055367e-05, 2.4865854740415734e-05, null, null, 5.808586089994971e-07, 1.5381994616194042e-07]",-0.008090271135109833,0.5745864178267583,0.005270826035196699,0.5717669727268452,0.05,activate_factor,8192,16384,16380.793017441762,0.9998042613184669,2,4.682021437218964e-11,6.382091815800932,1568.7318119518793,49167,0.011045417049899697,True,4eafe727b67864632d25d30b526cbdb5c0a83989bf31e7b0cf41f7129c8a89da
adaptive,6,1,3,0,6,"[0, 4, 5]",6,"[null, 0.06199263152596019, 2.0904185861954237e-05, 0.005059948782306951, null, null, 0.234106866649592, 0.061994958956023784]",-0.016951520156796723,0.36317531009974485,0.0025823010946842235,0.3488060910376324,0.05,activate_factor,8192,16384,16378.714066189224,0.9996773722039322,2,6.824582010622748e-10,6.382091815800932,1568.7318119518793,98334,0.011559667065739632,True,4eafe727b67864632d25d30b526cbdb5c0a83989bf31e7b0cf41f7129c8a89da
adaptive,6,1,4,0,1,"[0, 4, 5, 6]",1,"[null, 0.2783661489913671, 8.679065727055367e-05, 2.4865854740415734e-05, null, null, null, 1.5381994616194042e-07]",-0.0032062231142593375,0.27847795932332425,0.0024899127592451593,0.27776164896831007,0.05,activate_factor,8192,16384,16376.127032812657,0.9995194722175694,2,6.824549814155034e-10,6.382091815800932,1568.7318119518793,163890,0.011793333804234862,True,4eafe727b67864632d25d30b526cbdb5c0a83989bf31e7b0cf41f7129c8a89da
adaptive,6,1,5,15,13,"[0, 1, 4, 5, 6]",3,"[null, null, 0.00013492450138439022, 0.21639255844335561, null, null, null, 0.0013386023539924054]",-0.00734024631624272,0.21786608529873244,0.002579161337672077,0.2131050003201618,0.05,activate_factor,8192,16384,16375.50913473893,0.9994817587120929,2,1.0546885587103816e-10,6.382091815800932,1568.7318119518793,245835,0.011378708062693477,True,4eafe727b67864632d25d30b526cbdb5c0a83989bf31e7b0cf41f7129c8a89da
adaptive,6,1,6,13,9,"[0, 1, 3, 4, 5, 6]",7,"[null, null, 6.787945567973375e-05, null, null, null, null, 0.21773104042750788]",-0.028829229614278837,0.2177989198831876,0.0025454376243411025,0.19151512789324987,0.05,activate_factor,8192,16384,16374.557980552829,0.9994237048677264,2,6.597193902280196e-10,6.382091815800932,1568.7318119518793,344169,0.011660292046144605,True,4eafe727b67864632d25d30b526cbdb5c0a83989bf31e7b0cf41f7129c8a89da
adaptive,6,1,7,13,13,"[0, 1, 3, 4, 5, 6, 7]",,"[null, null, 0.0, null, null, null, null, null]",0.0,0.0,0.0,0.0,0.05,screening_tolerance,8192,16384,16371.612643611017,0.999243935767274,2,5.589708695907802e-10,6.382091815800932,1568.7318119518793,458892,0.011747458949685097,True,4eafe727b67864632d25d30b526cbdb5c0a83989bf31e7b0cf41f7129c8a89da
adaptive,6,2,0,12,11,[],5,"[2.0407984509601607e-06, 7.123086500899019e-06, 2.486201480377756e-05, 0.07974064873606435, 0.3011434280921828, 0.3024803349875133, 0.0861268494367617, 0.022807662894551786]",-0.0035227077101929296,0.7923329500468295,0.0006782693400100644,0.7894885116766466,0.05,activate_factor,8192,16384,16383.999999999985,0.9999999999999991,0,0.0,6.382091815800932,1568.7318119518793,0,0.009672458050772548,True,4eafe727b67864632d25d30b526cbdb5c0a83989bf31e7b0cf41f7129c8a89da
adaptive,6,2,1,12,6,[5],6,"[1.7158486661350243e-06, 5.988900307907438e-06, 2.0903316012624417e-05, 0.06704380126619387, 0.2531933269374243, null, 0.25319490281050433, 0.06704975309889744]",-0.0030039357294619285,0.6405103921780068,0.0005989188200617415,0.6381053752686066,0.05,activate_factor,8192,16384,16382.354210002763,0.9998995489503639,2,1.6681100944992977e-13,6.382091815800932,1568.7318119518793,16389,0.010239624883979559,True,4eafe727b67864632d25d30b526cbdb5c0a83989bf31e7b0cf41f7129c8a89da
adaptive,6,2,2,12,16,"[5, 6]",0,"[0.23411728411155439, 0.061997717423635836, 3.86557129964544e-05, 0.06199492774249234, 0.23410674791059238, null, null, 0.005054862654320385]",-0.003580100732029921,0.5973101955555917,0.0006369043225199928,0.5943669991460818,0.05,activate_factor,8192,16384,16380.602252921672,0.9997926179761762,2,1.3038381485586115e-10,6.382091815800932,1568.7318119518793,49167,0.010480042081326246,True,4eafe727b67864632d25d30b526cbdb5c0a83989bf31e7b0cf41f7129c8a89da
adaptive,6,2,3,12,3,"[0, 5, 6]",4,"[null, 2.4865624429482584e-05, 8.678955711029094e-05, 0.27836262033110754, 0.29609455153240877, null, null, 0.00639331118836663]",-0.0032708763158593463,0.5809621382334227,0.0006459323902817183,0.578337194307845,0.05,activate_factor,8192,16384,16378.7058137606,0.9996768685156616,2,6.820728426504274e-10,6.382091815800932,1568.7318119518793,98334,0.010373540921136737,True,4eafe727b67864632d25d30b526cbdb5c0a83989bf31e7b0cf41f7129c8a89da
adaptive,6,2,4,12,3,"[0, 4, 5, 6]",3,"[null, 2.4865624429482584e-05, 8.678955711029094e-05, 0.27836262033110754, null, null, null, 0.00639331118836663]",-0.006035586324029322,0.284867586701014,0.0007671287679643212,0.279599129144949,0.05,activate_factor,8192,16384,16376.092508857162,0.9995173650425514,3,4.2993386628609187e-13,6.382091815800932,1568.7318119518793,163898,0.011109000071883202,True,4eafe727b67864632d25d30b526cbdb5c0a83989bf31e7b0cf41f7129c8a89da
adaptive,6,2,5,12,1,"[0, 3, 4, 5, 6]",1,"[null, 0.21637950636571476, 8.678978742122384e-05, null, null, null, null, 0.005054947962819819]",-0.005751760227737558,0.22152124411595583,0.0010546162781936092,0.21682410016641188,0.05,activate_factor,8192,16384,16375.01806369946,0.9994517861144689,3,4.707345624410664e-13,6.382091815800932,1568.7318119518793,245853,0.011163583025336266,True,4eafe727b67864632d25d30b526cbdb5c0a83989bf31e7b0cf41f7129c8a89da
adaptive,6,2,6,12,9,"[0, 1, 3, 4, 5, 6]",7,"[null, null, 1.9744741716567393e-05, null, null, null, null, 0.22144738603633526]",-0.007203950285400076,0.22146713077805188,0.0007365454147226474,0.21499972590737446,0.05,activate_factor,8192,16384,16374.28777074171,0.9994072125696845,3,3.9229730575129906e-13,6.382091815800932,1568.7318119518793,344199,0.011037959018722177,True,4eafe727b67864632d25d30b526cbdb5c0a83989bf31e7b0cf41f7129c8a89da
adaptive,6,2,7,12,12,"[0, 1, 3, 4, 5, 6, 7]",,"[null, null, 0.0, null, null, null, null, null]",0.0,0.0,0.0,0.0,0.05,screening_tolerance,8192,16384,16372.650268846643,0.9993072673856593,3,3.337885523535533e-13,6.382091815800932,1568.7318119518793,458936,0.011730457888916135,True,4eafe727b67864632d25d30b526cbdb5c0a83989bf31e7b0cf41f7129c8a89da
adaptive,6,3,0,11,10,[],5,"[5.83664370549573e-07, 2.037188825266138e-06, 7.1104876692773914e-06, 0.022805669775878952, 0.08612643219116893, 0.3024807522331061, 0.30114542121085563, 0.0797477591962552]",-0.0008670161552112635,0.7923157659481297,0.00022955384321800257,0.7916783036361364,0.05,activate_factor,8192,16384,16383.999999999985,0.9999999999999991,0,0.0,6.382091815800932,1568.7318119518793,0,0.010017917025834322,True,4eafe727b67864632d25d30b526cbdb5c0a83989bf31e7b0cf41f7129c8a89da
adaptive,6,3,1,11,10,[5],6,"[5.83664370549573e-07, 2.037188825266138e-06, 7.1104876692773914e-06, 0.022805669775878952, 0.08612643219116893, null, 0.30114542121085563, 0.0797477591962552]",-0.00020762887321026463,0.48983501371502375,0.00023334242217823642,0.4898607272639917,0.05,activate_factor,8192,16384,16382.531314644855,0.9999103585598667,3,4.530820163495264e-13,6.382091815800932,1568.7318119518793,16391,0.01014599995687604,True,4eafe727b67864632d25d30b526cbdb5c0a83989bf31e7b0cf41f7129c8a89da
adaptive,6,3,2,11,4,"[5, 6]",4,"[2.0407984509601607e-06, 7.123086500899019e-06, 2.486201480377756e-05, 0.07974064873606435, 0.3011434280921828, null, null, 0.022807662894551786]",-0.00034252959171188804,0.4037257656225546,0.00015233531152196125,0.4035355713423647,0.05,activate_factor,8192,16384,16380.102125075888,0.9997620925949638,3,2.509902008451803e-13,6.382091815800932,1568.7318119518793,49173,0.00999879208393395,True,4eafe727b67864632d25d30b526cbdb5c0a83989bf31e7b0cf41f7129c8a89da
adaptive,6,3,3,11,16,"[4, 5, 6]",0,"[0.23411615192725882, 0.0619937657121532, 2.486288465310738e-05, 0.017756796252177406, null, null, null, 0.01775286875167813]",-0.00030471673934683713,0.3316444455279206,0.00014197453845428223,0.33148170332702803,0.05,activate_factor,8192,16384,16378.91456556155,0.9996896097144501,3,2.142730437526552e-13,6.382091815800932,1568.7318119518793,98346,0.010410916991531849,True,4eafe727b67864632d25d30b526cbdb5c0a83989bf31e7b0cf41f7129c8a89da
adaptive,6,3,4,11,3,"[0, 4, 5, 6]",3,"[null, 2.091391294684128e-05, 7.299672876694393e-05, 0.23412448884079265, null, null, null, 0.019091317285724375]",-0.000285128606608073,0.2533097167682308,0.00018605699630600762,0.2532106451579287,0.05,activate_factor,8192,16384,16377.48633981915,0.9996024377331024,3,4.043987254965267e-13,6.382091815800932,1568.7318119518793,163910,0.011198708089068532,True,4eafe727b67864632d25d30b526cbdb5c0a83989bf31e7b0cf41f7129c8a89da
adaptive,6,3,5,11,1,"[0, 3, 4, 5, 6]",1,"[null, 0.2163755546542322, 7.299695907787684e-05, null, null, null, null, 0.017752954060177562]",-0.0002716107894809377,0.2342015056734876,0.0001449607360811268,0.23407485562008779,0.05,activate_factor,8192,16384,16376.061229150822,0.9995154558807875,3,4.317102231254921e-13,6.382091815800932,1568.7318119518793,245865,0.011121416930109262,True,4eafe727b67864632d25d30b526cbdb5c0a83989bf31e7b0cf41f7129c8a89da
adaptive,6,3,6,11,9,"[0, 1, 3, 4, 5, 6]",7,"[null, null, 5.9519133732203605e-06, null, null, null, null, 0.234145392133693]",-0.00033087552179735387,0.23415134404706628,0.00015063303739324682,0.23397110156266218,0.05,activate_factor,8192,16384,16374.258069321406,0.9994053997388553,3,4.973799150320701e-13,6.382091815800932,1568.7318119518793,344211,0.011513208039104939,True,4eafe727b67864632d25d30b526cbdb5c0a83989bf31e7b0cf41f7129c8a89da
adaptive,6,3,7,11,0,"[0, 1, 3, 4, 5, 6, 7]",,"[null, null, 2.486288465310738e-05, null, null, null, null, null]",-0.00020363022827912087,2.4862884653107375e-05,0.00021676216003110573,3.7994816405092234e-05,0.05,screening_tolerance,8192,16384,16373.81152170704,0.9993781446354395,3,2.468025783741723e-13,6.382091815800932,1568.7318119518793,458948,0.012420250102877617,True,4eafe727b67864632d25d30b526cbdb5c0a83989bf31e7b0cf41f7129c8a89da
adaptive,6,4,0,10,5,[],5,"[5.83664370549573e-07, 2.037188825266138e-06, 7.1104876692773914e-06, 0.022805669775878952, 0.08612643219116893, 0.3024807522331061, 0.30114542121085563, 0.0797477591962552]",-0.0002864684928508616,0.7923157659481297,0.0001425676307035243,0.7921718650859824,0.05,activate_factor,8192,16384,16383.999999999978,0.9999999999999987,0,0.0,6.382091815800932,1568.7318119518793,0,0.010261333081871271,True,4eafe727b67864632d25d30b526cbdb5c0a83989bf31e7b0cf41f7129c8a89da
adaptive,6,4,1,10,4,[5],6,"[1.7158486661350243e-06, 5.988900307907438e-06, 2.0903316012624417e-05, 0.06704380126619387, 0.2531933269374243, null, 0.25319490281050433, 0.06704975309889744]",-9.896308721264625e-05,0.6405103921780068,0.00015612002996339346,0.6405675491207575,0.05,activate_factor,8192,16384,16383.3282005926,0.9999589966182006,3,3.7390462904671184e-13,6.382091815800932,1568.7318119518793,16391,0.01019229181110859,True,4eafe727b67864632d25d30b526cbdb5c0a83989bf31e7b0cf41f7129c8a89da
adaptive,6,4,2,10,4,"[5, 6]",4,"[1.7158486661350243e-06, 5.988900307907438e-06, 2.0903316012624417e-05, 0.06704380126619387, 0.2531933269374243, null, null, 0.06704975309889744]",-0.0003462843847449181,0.3873154893675024,0.0003006921362116089,0.3872698971189691,0.05,activate_factor,8192,16384,16380.848574391915,0.9998076522456003,3,4.89386309254769e-13,6.382091815800932,1568.7318119518793,49173,0.010401292005553842,True,4eafe727b67864632d25d30b526cbdb5c0a83989bf31e7b0cf41f7129c8a89da
adaptive,6,4,3,10,0,"[4, 5, 6]",0,"[0.23411582697747396, 0.06199263152596019, 2.0904185861954237e-05, 0.005059948782306951, null, null, null, 0.061994958956023784]",-0.0002829408690044187,0.36318427042762685,0.00015511136090244206,0.3630564409195249,0.05,activate_factor,8192,16384,16379.756081950887,0.9997409717987602,3,3.283783970653778e-13,6.382091815800932,1568.7318119518793,98346,0.010599542176350951,True,4eafe727b67864632d25d30b526cbdb5c0a83989bf31e7b0cf41f7129c8a89da
adaptive,6,4,4,10,3,"[0, 4, 5, 6]",3,"[null, 1.97797267538497e-05, 6.903802997579076e-05, 0.22142764137092216, null, null, null, 0.06333340749007002]",-0.00024105742659767844,0.2848498666177218,0.00013667372137348988,0.2847454829124976,0.05,activate_factor,8192,16384,16378.5587750142,0.9996678939828003,3,4.636291350834654e-13,6.382091815800932,1568.7318119518793,163910,0.010789874941110611,True,4eafe727b67864632d25d30b526cbdb5c0a83989bf31e7b0cf41f7129c8a89da
adaptive,6,4,5,10,1,"[0, 3, 4, 5, 6]",1,"[null, 0.21637442046803917, 6.903826028672369e-05, null, null, null, null, 0.06199504426452321]",-0.00031966857452264295,0.2784385029928491,0.00024256210667412373,0.2783613965250006,0.05,activate_factor,8192,16384,16376.336460222488,0.9995322546522515,3,4.955480470414386e-13,6.382091815800932,1568.7318119518793,245865,0.011028333101421595,True,4eafe727b67864632d25d30b526cbdb5c0a83989bf31e7b0cf41f7129c8a89da
adaptive,6,4,6,10,9,"[0, 1, 3, 4, 5, 6]",7,"[null, null, 1.9932145820672222e-06, null, null, null, null, 0.27838748233803867]",-0.000386632692149836,0.2783894755526208,0.0001480156694684509,0.27815085852993937,0.05,activate_factor,8192,16384,16375.694757817484,0.999493088245696,3,5.169198402654729e-13,6.382091815800932,1568.7318119518793,344211,0.011363249970600009,True,4eafe727b67864632d25d30b526cbdb5c0a83989bf31e7b0cf41f7129c8a89da
adaptive,6,4,7,10,10,"[0, 1, 3, 4, 5, 6, 7]",,"[null, null, 0.0, null, null, null, null, null]",0.0,0.0,0.0,0.0,0.05,screening_tolerance,8192,16384,16374.460808242451,0.9994177739405793,3,5.031530747601209e-13,6.382091815800932,1568.7318119518793,458948,0.011634833877906203,True,4eafe727b67864632d25d30b526cbdb5c0a83989bf31e7b0cf41f7129c8a89da
adaptive,6,5,0,0,5,[],5,"[0.23411615192725882, 0.0619937657121532, 2.486288465310738e-05, 0.017756796252177406, 0.06703985316433696, 0.23544252262162732, 0.06703881327584932, 0.01775286875167813]",-8.590246535363568e-05,0.7011656345897341,9.994532488343197e-05,0.7011796774492639,0.05,activate_factor,8192,16384,16383.999999999989,0.9999999999999993,0,0.0,6.382091815800932,1568.7318119518793,0,0.010103583103045821,True,4eafe727b67864632d25d30b526cbdb5c0a83989bf31e7b0cf41f7129c8a89da
adaptive,6,5,1,5,4,[5],4,"[2.0407984509601607e-06, 7.123086500899019e-06, 2.486201480377756e-05, 0.07974064873606435, 0.3011434280921828, null, 0.0861268494367617, 0.022807662894551786]",-6.636771493942052e-06,0.48985261505931627,0.00010781606847404146,0.4899537943562964,0.05,activate_factor,8192,16384,16383.306222971261,0.9999576552106483,3,4.222007400807304e-13,6.382091815800932,1568.7318119518793,16391,0.010183792095631361,True,4eafe727b67864632d25d30b526cbdb5c0a83989bf31e7b0cf41f7129c8a89da
adaptive,6,5,2,6,16,"[4, 5]",0,"[0.23411582697747396, 0.06199263152596019, 2.0904185861954237e-05, 0.005059948782306951, null, null, 0.234106866649592, 0.061994958956023784]",-0.00010240869469271782,0.5972911370772189,0.00011281580124878325,0.597301544183775,0.05,activate_factor,8192,16384,16382.006797882164,0.9998783445973001,3,1.5354384430565915e-13,6.382091815800932,1568.7318119518793,49173,0.010180833050981164,True,4eafe727b67864632d25d30b526cbdb5c0a83989bf31e7b0cf41f7129c8a89da
adaptive,6,5,3,5,6,"[0, 4, 5]",6,"[null, 2.037188825266138e-06, 7.1104876692773914e-06, 0.022805669775878952, null, null, 0.30114542121085563, 0.0797477591962552]",-0.00011746286845669204,0.40370799785948425,0.00011190735721227629,0.4037024423482398,0.05,activate_factor,8192,16384,16380.38593873193,0.9997794152058063,3,4.976019596369952e-13,6.382091815800932,1568.7318119518793,98346,0.010560167022049427,True,4eafe727b67864632d25d30b526cbdb5c0a83989bf31e7b0cf41f7129c8a89da
adaptive,6,5,4,1,3,"[0, 4, 5, 6]",1,"[null, 0.21639329719216077, 0.00013492450138439022, 0.21639255844335561, null, null, null, 0.0013386023539924054]",-7.860171194052935e-05,0.4342593824908932,0.00011589949209054364,0.4342966802710432,0.05,activate_factor,8192,16384,16379.468075485545,0.999723393279147,3,3.4305891460917337e-13,6.382091815800932,1568.7318119518793,163910,0.010557583998888731,True,4eafe727b67864632d25d30b526cbdb5c0a83989bf31e7b0cf41f7129c8a89da
adaptive,6,5,5,15,3,"[0, 1, 4, 5, 6]",3,"[null, null, 0.00013492450138439022, 0.21639255844335561, null, null, null, 0.0013386023539924054]",-8.284535158488166e-05,0.21786608529873244,0.00020867324366492584,0.2179919131908125,0.05,activate_factor,8192,16384,16378.760282257643,0.9996801930088893,3,5.202505093393484e-13,6.382091815800932,1568.7318119518793,245865,0.011400165967643261,True,4eafe727b67864632d25d30b526cbdb5c0a83989bf31e7b0cf41f7129c8a89da
adaptive,6,5,6,15,7,"[0, 1, 3, 4, 5, 6]",7,"[null, null, 6.787968599066667e-05, null, null, null, null, 0.21639267720196104]",-0.000126283555139727,0.21646055688795174,0.00011285892091428779,0.2164471322537263,0.05,activate_factor,8192,16384,16377.620369457702,0.9996106182530335,3,2.4136248555350903e-13,6.382091815800932,1568.7318119518793,344211,0.011042500147596002,True,4eafe727b67864632d25d30b526cbdb5c0a83989bf31e7b0cf41f7129c8a89da
adaptive,6,5,7,15,3,"[0, 1, 3, 4, 5, 6, 7]",,"[null, null, 0.00013492450138439022, null, null, null, null, null]",-6.325296452637352e-05,0.00013492450138439022,0.0001408861135876722,0.0002125576504456889,0.05,screening_tolerance,8192,16384,16376.545480365916,0.999545012229365,3,5.523359547510154e-13,6.382091815800932,1568.7318119518793,458948,0.01147891697473824,True,4eafe727b67864632d25d30b526cbdb5c0a83989bf31e7b0cf41f7129c8a89da
adaptive,6,6,0,4,5,[],5,"[2.0407984509601607e-06, 7.123086500899019e-06, 2.486201480377756e-05, 0.07974064873606435, 0.3011434280921828, 0.3024803349875133, 0.0861268494367617, 0.022807662894551786]",-9.90960376736841e-05,0.7923329500468295,0.00010394307663143468,0.7923377970857872,0.05,activate_factor,8192,16384,16383.999999999985,0.9999999999999991,0,0.0,6.382091815800932,1568.7318119518793,0,0.010369667084887624,True,4eafe727b67864632d25d30b526cbdb5c0a83989bf31e7b0cf41f7129c8a89da
adaptive,6,6,1,4,6,[5],6,"[1.7158486661350243e-06, 5.988900307907438e-06, 2.0903316012624417e-05, 0.06704380126619387, 0.2531933269374243, null, 0.25319490281050433, 0.06704975309889744]",-5.813036588014098e-05,0.6405103921780068,0.00019412711110927656,0.6406463889232359,0.05,activate_factor,8192,16384,16383.404936484094,0.999963680205328,3,4.222007400807304e-13,6.382091815800932,1568.7318119518793,16391,0.010403707856312394,True,4eafe727b67864632d25d30b526cbdb5c0a83989bf31e7b0cf41f7129c8a89da
adaptive,6,6,2,5,4,"[5, 6]",4,"[2.0407984509601607e-06, 7.123086500899019e-06, 2.486201480377756e-05, 0.07974064873606435, 0.3011434280921828, null, null, 0.022807662894551786]",-6.881409218912233e-05,0.4037257656225546,8.765250266596915e-05,0.4037446040330314,0.05,activate_factor,8192,16384,16383.097669441766,0.999944926113389,3,3.118864758469564e-13,6.382091815800932,1568.7318119518793,49173,0.010446332860738039,True,4eafe727b67864632d25d30b526cbdb5c0a83989bf31e7b0cf41f7129c8a89da
adaptive,6,6,3,0,1,"[4, 5, 6]",0,"[0.29610787764482516, 0.2783661489913671, 8.679065727055367e-05, 2.4865854740415734e-05, null, null, null, 1.5381994616194042e-07]",-8.112491194789246e-05,0.5745858369681494,0.00010667711962060159,0.5746113891758221,0.05,activate_factor,8192,16384,16381.56778919052,0.9998515496332104,3,1.503241975342462e-13,6.382091815800932,1568.7318119518793,98346,0.010483624879270792,True,4eafe727b67864632d25d30b526cbdb5c0a83989bf31e7b0cf41f7129c8a89da
adaptive,6,6,4,0,3,"[0, 4, 5, 6]",3,"[null, 0.062011508250081775, 8.679042695962076e-05, 0.2163787678472206, null, null, null, 0.0013385170454929725]",-8.559553739655314e-05,0.279815583569755,0.000177872086778953,0.2799078601191374,0.05,activate_factor,8192,16384,16379.957811211001,0.9997532843756715,3,3.0780933357732465e-13,6.382091815800932,1568.7318119518793,163910,0.01093904091976583,True,4eafe727b67864632d25d30b526cbdb5c0a83989bf31e7b0cf41f7129c8a89da
adaptive,6,6,5,5,1,"[0, 3, 4, 5, 6]",1,"[null, 0.2163755546542322, 7.299695907787684e-05, null, null, null, null, 0.017752954060177562]",-5.313019905573301e-05,0.2342015056734876,0.00011418036744458316,0.23426255584187644,0.05,activate_factor,8192,16384,16378.767856304963,0.999680655292051,3,4.145017662438022e-13,6.382091815800932,1568.7318119518793,245865,0.011076916940510273,True,4eafe727b67864632d25d30b526cbdb5c0a83989bf31e7b0cf41f7129c8a89da
adaptive,6,6,6,5,9,"[0, 1, 3, 4, 5, 6]",7,"[null, null, 5.9519133732203605e-06, null, null, null, null, 0.234145392133693]",-0.00016584612201018736,0.23415134404706628,0.00012950898449569774,0.23411500690955178,0.05,activate_factor,8192,16384,16378.883459637207,0.9996877111594975,3,4.3459680298951753e-13,6.382091815800932,1568.7318119518793,344211,0.010876082815229893,True,4eafe727b67864632d25d30b526cbdb5c0a83989bf31e7b0cf41f7129c8a89da
adaptive,6,6,7,5,0,"[0, 1, 3, 4, 5, 6, 7]",,"[null, null, 2.486288465310738e-05, null, null, null, null, null]",-2.0801679084243766e-05,2.4862884653107375e-05,0.00011245788680185813,0.00011651909237072174,0.05,screening_tolerance,8192,16384,16377.584335591606,0.9996084189203861,3,2.9309887850104133e-13,6.382091815800932,1568.7318119518793,458948,0.01148166717030108,True,4eafe727b67864632d25d30b526cbdb5c0a83989bf31e7b0cf41f7129c8a89da
adaptive,7,1,0,1,5,[],5,"[0.061992634331721745, 0.2163755546542322, 7.299695907787684e-05, 0.01777058684831241, 0.06704380407195544, 0.23544365400205877, 0.0670391354198726, 0.017752954060177562]",-0.011712229079846044,0.6834913203474084,0.002350476899885743,0.6741295681674482,0.05,activate_factor,8192,16384,16383.999999999985,0.9999999999999991,0,0.0,6.382091815800932,1568.7318119518793,0,0.01023583416827023,True,4eafe727b67864632d25d30b526cbdb5c0a83989bf31e7b0cf41f7129c8a89da
adaptive,7,1,1,11,12,[5],4,"[2.0407984509601607e-06, 7.123086500899019e-06, 2.486201480377756e-05, 0.07974064873606435, 0.3011434280921828, null, 0.0861268494367617, 0.022807662894551786]",-0.008337813940938882,0.48985261505931627,0.0023130690274328833,0.48382787014581025,0.05,activate_factor,8192,16384,16382.029438726368,0.9998797264847636,2,4.848477175301014e-10,6.382091815800932,1568.7318119518793,16389,0.010219084098935127,True,4eafe727b67864632d25d30b526cbdb5c0a83989bf31e7b0cf41f7129c8a89da
adaptive,7,1,2,3,10,"[4, 5]",6,"[5.666986595565529e-06, 1.97797267538497e-05, 6.903802997579076e-05, 0.22142764137092216, null, null, 0.23916114844530337, 0.06333340749007002]",-0.014526498893438747,0.5240166820496208,0.002407737469125096,0.5118979206253071,0.05,activate_factor,8192,16384,16380.106335222188,0.9997623495619011,2,5.690314885953285e-11,6.382091815800932,1568.7318119518793,49167,0.010697792051360011,True,4eafe727b67864632d25d30b526cbdb5c0a83989bf31e7b0cf41f7129c8a89da
adaptive,7,1,3,3,0,"[4, 5, 6]",0,"[0.2341212352494838, 0.062011508250081775, 8.679042695962076e-05, 0.2163787678472206, null, null, null, 0.0013385170454929725]",-0.013348815158923229,0.5139368188192388,0.0033265765120158303,0.5039145801723314,0.05,activate_factor,8192,16384,16379.552871875201,0.9997285688400391,2,1.6140988545743085e-10,6.382091815800932,1568.7318119518793,98334,0.010436500189825892,True,4eafe727b67864632d25d30b526cbdb5c0a83989bf31e7b0cf41f7129c8a89da
adaptive,7,1,4,16,3,"[0, 4, 5, 6]",3,"[null, 0.062011508250081775, 8.679042695962076e-05, 0.2163787678472206, null, null, null, 0.0013385170454929725]",-0.0010261663708843476,0.279815583569755,0.002632439356026372,0.28142185655489704,0.05,activate_factor,8192,16384,16376.650266182061,0.9995514078480262,2,3.59073104583274e-10,6.382091815800932,1568.7318119518793,163890,0.011198875028640032,True,4eafe727b67864632d25d30b526cbdb5c0a83989bf31e7b0cf41f7129c8a89da
adaptive,7,1,5,13,15,"[0, 3, 4, 5, 6]",1,"[null, 0.21639329719216077, 0.00013492450138439022, null, null, null, null, 0.0013386023539924054]",-0.0076055051176654375,0.21786682404753754,0.002553116765655065,0.21281443569552716,0.05,activate_factor,8192,16384,16375.850065152405,0.9995025674531497,2,3.5913461093883825e-10,6.382091815800932,1568.7318119518793,245835,0.011616084026172757,True,4eafe727b67864632d25d30b526cbdb5c0a83989bf31e7b0cf41f7129c8a89da
adaptive,7,1,6,1,7,"[0, 1, 3, 4, 5, 6]",7,"[null, null, 6.787968599066667e-05, null, null, null, null, 0.21639267720196104]",-0.024989988325315456,0.21646055688795174,0.0027881492474272004,0.19425871781006349,0.05,activate_factor,8192,16384,16374.192225916964,0.9994013809763772,2,8.780753901760363e-11,6.382091815800932,1568.7318119518793,344169,0.01093075005337596,True,4eafe727b67864632d25d30b526cbdb5c0a83989bf31e7b0cf41f7129c8a89da
adaptive,7,1,7,1,1,"[0, 1, 3, 4, 5, 6, 7]",,"[null, null, 0.0, null, null, null, null, null]",0.0,0.0,0.0,0.0,0.05,screening_tolerance,8192,16384,16372.70134417222,0.9993103847761364,2,7.669076484972948e-11,6.382091815800932,1568.7318119518793,458892,0.011676250025629997,True,4eafe727b67864632d25d30b526cbdb5c0a83989bf31e7b0cf41f7129c8a89da
adaptive,7,2,0,3,11,[],5,"[5.991936380390666e-06, 2.091391294684128e-05, 7.299672876694393e-05, 0.23412448884079265, 0.12902765678615333, 0.2531933269374243, 0.07209309507156071, 0.019091317285724375]",-0.008604307569658215,0.7076297874997495,0.0023824050318939517,0.7014078849619853,0.05,activate_factor,8192,16384,16383.999999999985,0.9999999999999991,0,0.0,6.382091815800932,1568.7318119518793,0,0.009810500079765916,True,4eafe727b67864632d25d30b526cbdb5c0a83989bf31e7b0cf41f7129c8a89da
adaptive,7,2,1,11,12,[5],4,"[2.0407984509601607e-06, 7.123086500899019e-06, 2.486201480377756e-05, 0.07974064873606435, 0.3011434280921828, null, 0.0861268494367617, 0.022807662894551786]",-0.01006576829657872,0.48985261505931627,0.00228719777395352,0.48207404453669106,0.05,activate_factor,8192,16384,16381.280081847766,0.9998339893705912,2,4.848494938869408e-10,6.382091815800932,1568.7318119518793,16389,0.009972583036869764,True,4eafe727b67864632d25d30b526cbdb5c0a83989bf31e7b0cf41f7129c8a89da
adaptive,7,2,2,3,10,"[4, 5]",6,"[5.666986595565529e-06, 1.97797267538497e-05, 6.903802997579076e-05, 0.22142764137092216, null, null, 0.23916114844530337, 0.06333340749007002]",-0.017666800353868757,0.5240166820496208,0.002499097913445667,0.5088489796091977,0.05,activate_factor,8192,16384,16380.726868757083,0.9998002239231618,2,5.69018165919033e-11,6.382091815800932,1568.7318119518793,49167,0.010025834199041128,True,4eafe727b67864632d25d30b526cbdb5c0a83989bf31e7b0cf41f7129c8a89da
adaptive,7,2,3,3,16,"[4, 5, 6]",0,"[0.2341212352494838, 0.062011508250081775, 8.679042695962076e-05, 0.2163787678472206, null, null, null, 0.0013385170454929725]",-0.015232411763119218,0.5139368188192388,0.0024334942156751483,0.5011379012717947,0.05,activate_factor,8192,16384,16378.72948772657,0.9996783134598737,2,1.6140744296677667e-10,6.382091815800932,1568.7318119518793,98334,0.010761958081275225,True,4eafe727b67864632d25d30b526cbdb5c0a83989bf31e7b0cf41f7129c8a89da
adaptive,7,2,4,16,3,"[0, 4, 5, 6]",3,"[null, 0.062011508250081775, 8.679042695962076e-05, 0.2163787678472206, null, null, null, 0.0013385170454929725]",-0.0010648165107767296,0.279815583569755,0.0027226054963088104,0.2814733725552871,0.05,activate_factor,8192,16384,16376.280108205174,0.9995288151980697,2,3.073666876574066e-10,6.382091815800932,1568.7318119518793,163890,0.013764374889433384,True,4eafe727b67864632d25d30b526cbdb5c0a83989bf31e7b0cf41f7129c8a89da
adaptive,7,2,5,16,15,"[0, 3, 4, 5, 6]",1,"[null, 0.2783661489913671, 8.679065727055367e-05, null, null, null, null, 1.5381994616194042e-07]",-0.006532145102655252,0.2784530934685838,0.002353822016075275,0.2742747703820039,0.05,activate_factor,8192,16384,16375.917596696607,0.9995066892515019,2,3.0739355505460253e-10,6.382091815800932,1568.7318119518793,245835,0.01079062488861382,True,4eafe727b67864632d25d30b526cbdb5c0a83989bf31e7b0cf41f7129c8a89da
adaptive,7,2,6,13,7,"[0, 1, 3, 4, 5, 6]",7,"[null, null, 6.787945567973375e-05, null, null, null, null, 0.21773104042750788]",-0.019099161091807856,0.2177989198831876,0.0027861432269354752,0.20148590201831523,0.05,activate_factor,8192,16384,16376.107859016804,0.9995183019419436,2,1.0781642245660805e-10,6.382091815800932,1568.7318119518793,344169,0.011255457997322083,True,4eafe727b67864632d25d30b526cbdb5c0a83989bf31e7b0cf41f7129c8a89da
adaptive,7,2,7,13,13,"[0, 1, 3, 4, 5, 6, 7]",,"[null, null, 0.0, null, null, null, null, null]",0.0,0.0,0.0,0.0,0.05,screening_tolerance,8192,16384,16374.46122417027,0.9994177993267988,2,1.0781675552351544e-10,6.382091815800932,1568.7318119518793,458892,0.011798541992902756,True,4eafe727b67864632d25d30b526cbdb5c0a83989bf31e7b0cf41f7129c8a89da
adaptive,7,3,0,12,11,[],5,"[2.0407984509601607e-06, 7.123086500899019e-06, 2.486201480377756e-05, 0.07974064873606435, 0.3011434280921828, 0.3024803349875133, 0.0861268494367617, 0.022807662894551786]",-0.004207442905565776,0.7923329500468295,0.0007105045681064074,0.7888360117093701,0.05,activate_factor,8192,16384,16383.999999999985,0.9999999999999991,0,0.0,6.382091815800932,1568.7318119518793,0,0.01040245802141726,True,4eafe727b67864632d25d30b526cbdb5c0a83989bf31e7b0cf41f7129c8a89da
adaptive,7,3,1,12,10,[5],6,"[1.7158486661350243e-06, 5.988900307907438e-06, 2.0903316012624417e-05, 0.06704380126619387, 0.2531933269374243, null, 0.25319490281050433, 0.06704975309889744]",-0.005720312846811581,0.6405103921780068,0.0008173720206311672,0.6356074513518264,0.05,activate_factor,8192,16384,16382.15268543704,0.9998872488670069,3,4.719349910864423e-13,6.382091815800932,1568.7318119518793,16391,0.010507958009839058,True,4eafe727b67864632d25d30b526cbdb5c0a83989bf31e7b0cf41f7129c8a89da
adaptive,7,3,2,12,16,"[5, 6]",0,"[0.23411728411155439, 0.061997717423635836, 3.86557129964544e-05, 0.06199492774249234, 0.23410674791059238, null, null, 0.005054862654320385]",-0.005408318129548418,0.5973101955555917,0.0007052855234570269,0.5926071629495003,0.05,activate_factor,8192,16384,16380.58593567996,0.9997916220507788,2,3.1201341510467273e-10,6.382091815800932,1568.7318119518793,49169,0.010428499896079302,True,4eafe727b67864632d25d30b526cbdb5c0a83989bf31e7b0cf41f7129c8a89da
adaptive,7,3,3,12,3,"[0, 5, 6]",4,"[null, 2.4865624429482584e-05, 8.678955711029094e-05, 0.27836262033110754, 0.29609455153240877, null, null, 0.00639331118836663]",-0.005380926814401249,0.5809621382334227,0.0007424384152355698,0.576323649834257,0.05,activate_factor,8192,16384,16378.489689095899,0.9996636773129821,2,3.1201341510467273e-10,6.382091815800932,1568.7318119518793,98336,0.010600792011246085,True,4eafe727b67864632d25d30b526cbdb5c0a83989bf31e7b0cf41f7129c8a89da
adaptive,7,3,4,12,3,"[0, 4, 5, 6]",3,"[null, 2.4865624429482584e-05, 8.678955711029094e-05, 0.27836262033110754, null, null, null, 0.00639331118836663]",-0.0004222377372559472,0.284867586701014,0.0005843454842133238,0.2850296944479713,0.05,activate_factor,8192,16384,16377.735153237325,0.9996176240989578,2,6.913083439030743e-10,6.382091815800932,1568.7318119518793,163892,0.011121125193312764,True,4eafe727b67864632d25d30b526cbdb5c0a83989bf31e7b0cf41f7129c8a89da
adaptive,7,3,5,16,15,"[0, 3, 4, 5, 6]",1,"[null, 0.2783661489913671, 8.679065727055367e-05, null, null, null, null, 1.5381994616194042e-07]",-0.0012554169571952548,0.2784530934685838,0.0005407866746866097,0.2777384631860752,0.05,activate_factor,8192,16384,16376.070857968152,0.9995160435771577,2,6.907628913310759e-10,6.382091815800932,1568.7318119518793,245837,0.011021875077858567,True,4eafe727b67864632d25d30b526cbdb5c0a83989bf31e7b0cf41f7129c8a89da
adaptive,7,3,6,12,7,"[0, 1, 3, 4, 5, 6]",7,"[null, null, 1.9744741716567393e-05, null, null, null, null, 0.22144738603633526]",-0.001884358063079477,0.22146713077805188,0.0005128882323155433,0.22009566094728794,0.05,activate_factor,8192,16384,16376.68036286978,0.9995532448040637,2,6.907630023533784e-10,6.382091815800932,1568.7318119518793,344171,0.011335833929479122,True,4eafe727b67864632d25d30b526cbdb5c0a83989bf31e7b0cf41f7129c8a89da
adaptive,7,3,7,12,11,"[0, 1, 3, 4, 5, 6, 7]",,"[null, null, 2.486201480377756e-05, null, null, null, null, null]",-0.0005643390834012262,2.4862014803777555e-05,0.0005678751664999231,2.839809790247448e-05,0.05,screening_tolerance,8192,16384,16375.334156763192,0.9994710789040034,2,7.138540869533472e-10,6.382091815800932,1568.7318119518793,458894,0.011810374911874533,True,4eafe727b67864632d25d30b526cbdb5c0a83989bf31e7b0cf41f7129c8a89da
adaptive,7,4,0,11,10,[],5,"[5.83664370549573e-07, 2.037188825266138e-06, 7.1104876692773914e-06, 0.022805669775878952, 0.08612643219116893, 0.3024807522331061, 0.30114542121085563, 0.0797477591962552]",-0.0007244904021710809,0.7923157659481297,0.00023855809400100128,0.7918298336399596,0.05,activate_factor,8192,16384,16383.999999999985,0.9999999999999991,0,0.0,6.382091815800932,1568.7318119518793,0,0.010007750010117888,True,4eafe727b67864632d25d30b526cbdb5c0a83989bf31e7b0cf41f7129c8a89da
adaptive,7,4,1,11,10,[5],6,"[5.83664370549573e-07, 2.037188825266138e-06, 7.1104876692773914e-06, 0.022805669775878952, 0.08612643219116893, null, 0.30114542121085563, 0.0797477591962552]",-0.001156125830220559,0.48983501371502375,0.0002611583210989046,0.4889400462059021,0.05,activate_factor,8192,16384,16380.900061953862,0.9998107947969886,3,4.961426370653568e-13,6.382091815800932,1568.7318119518793,16391,0.010617249878123403,True,4eafe727b67864632d25d30b526cbdb5c0a83989bf31e7b0cf41f7129c8a89da
adaptive,7,4,2,11,4,"[5, 6]",4,"[2.0407984509601607e-06, 7.123086500899019e-06, 2.486201480377756e-05, 0.07974064873606435, 0.3011434280921828, null, null, 0.022807662894551786]",-0.000965954969345442,0.4037257656225546,0.0003185592879969036,0.40307836994120605,0.05,activate_factor,8192,16384,16379.730878488792,0.9997394335015132,3,2.2581242431485293e-13,6.382091815800932,1568.7318119518793,49173,0.010127583052963018,True,4eafe727b67864632d25d30b526cbdb5c0a83989bf31e7b0cf41f7129c8a89da
adaptive,7,4,3,11,16,"[4, 5, 6]",0,"[0.23411615192725882, 0.0619937657121532, 2.486288465310738e-05, 0.017756796252177406, null, null, null, 0.01775286875167813]",-0.0010905041401129104,0.3316444455279206,0.00024912880697785194,0.33080307019478555,0.05,activate_factor,8192,16384,16378.81992735676,0.9996838334568335,3,2.5521669196407193e-13,6.382091815800932,1568.7318119518793,98346,0.010794416069984436,True,4eafe727b67864632d25d30b526cbdb5c0a83989bf31e7b0cf41f7129c8a89da
adaptive,7,4,4,11,3,"[0, 4, 5, 6]",3,"[null, 2.091391294684128e-05, 7.299672876694393e-05, 0.23412448884079265, null, null, null, 0.019091317285724375]",-0.0011285897303280016,0.2533097167682308,0.00026125160626792274,0.2524423786441707,0.05,activate_factor,8192,16384,16377.491887290324,0.9996027763238723,3,2.709821841744009e-13,6.382091815800932,1568.7318119518793,163910,0.010542749892920256,True,4eafe727b67864632d25d30b526cbdb5c0a83989bf31e7b0cf41f7129c8a89da
adaptive,7,4,5,11,15,"[0, 3, 4, 5, 6]",1,"[null, 0.2163755546542322, 7.299695907787684e-05, null, null, null, null, 0.017752954060177562]",-0.0010935006851249328,0.2342015056734876,0.00026548109182451547,0.23337348608018718,0.05,activate_factor,8192,16384,16376.22469537164,0.9995254330671167,3,3.0597746558669314e-13,6.382091815800932,1568.7318119518793,245865,0.01045612501911819,True,4eafe727b67864632d25d30b526cbdb5c0a83989bf31e7b0cf41f7129c8a89da
adaptive,7,4,6,11,9,"[0, 1, 3, 4, 5, 6]",7,"[null, null, 5.9519133732203605e-06, null, null, null, null, 0.234145392133693]",-0.001024547581530904,0.23415134404706628,0.00024966079172808627,0.23337645725726347,0.05,activate_factor,8192,16384,16375.172976010641,0.999461241211587,3,2.3803181647963356e-13,6.382091815800932,1568.7318119518793,344211,0.010926040820777416,True,4eafe727b67864632d25d30b526cbdb5c0a83989bf31e7b0cf41f7129c8a89da
adaptive,7,4,7,11,11,"[0, 1, 3, 4, 5, 6, 7]",,"[null, null, 0.0, null, null, null, null, null]",0.0,0.0,0.0,0.0,0.05,screening_tolerance,8192,16384,16371.910146713164,0.9992620939155984,3,4.163336342344337e-13,6.382091815800932,1568.7318119518793,458948,0.011406291974708438,True,4eafe727b67864632d25d30b526cbdb5c0a83989bf31e7b0cf41f7129c8a89da
adaptive,7,5,0,10,5,[],5,"[5.83664370549573e-07, 2.037188825266138e-06, 7.1104876692773914e-06, 0.022805669775878952, 0.08612643219116893, 0.3024807522331061, 0.30114542121085563, 0.0797477591962552]",-0.00013503736487976688,0.7923157659481297,0.0001200554080521128,0.792300783991302,0.05,activate_factor,8192,16384,16383.999999999982,0.9999999999999989,0,0.0,6.382091815800932,1568.7318119518793,0,0.010183332953602076,True,4eafe727b67864632d25d30b526cbdb5c0a83989bf31e7b0cf41f7129c8a89da
adaptive,7,5,1,10,4,[5],6,"[1.7158486661350243e-06, 5.988900307907438e-06, 2.0903316012624417e-05, 0.06704380126619387, 0.2531933269374243, null, 0.25319490281050433, 0.06704975309889744]",-0.0001548301881615571,0.6405103921780068,0.00010348116142080445,0.640459043151266,0.05,activate_factor,8192,16384,16383.142107903792,0.9999476384218623,2,3.2523278514773324e-10,6.382091815800932,1568.7318119518793,16389,0.010047208983451128,True,4eafe727b67864632d25d30b526cbdb5c0a83989bf31e7b0cf41f7129c8a89da
adaptive,7,5,2,10,4,"[5, 6]",4,"[1.7158486661350243e-06, 5.988900307907438e-06, 2.0903316012624417e-05, 0.06704380126619387, 0.2531933269374243, null, null, 0.06704975309889744]",-5.395592290337914e-05,0.3873154893675024,0.00010558599893832579,0.3873671194435373,0.05,activate_factor,8192,16384,16381.84713418564,0.9998685994986353,2,2.6809510167424833e-10,6.382091815800932,1568.7318119518793,49167,0.010766874998807907,True,4eafe727b67864632d25d30b526cbdb5c0a83989bf31e7b0cf41f7129c8a89da
adaptive,7,5,3,4,0,"[4, 5, 6]",0,"[0.23411728411155439, 0.061997717423635836, 3.86557129964544e-05, 0.06199492774249234, null, null, null, 0.005054862654320385]",-0.00033417323602214877,0.36320344764499934,0.000134093530057018,0.3630033679390342,0.05,activate_factor,8192,16384,16380.243062633916,0.9997706947408396,3,5.19797800722227e-13,6.382091815800932,1568.7318119518793,98340,0.010375792160630226,True,4eafe727b67864632d25d30b526cbdb5c0a83989bf31e7b0cf41f7129c8a89da
adaptive,7,5,4,4,3,"[0, 4, 5, 6]",3,"[null, 2.4865624429482584e-05, 8.678955711029094e-05, 0.27836262033110754, null, null, null, 0.00639331118836663]",-0.00019834401516303813,0.284867586701014,0.00030610682974480845,0.2849753495155957,0.05,activate_factor,8192,16384,16378.862251707484,0.9996864167301931,3,4.083400284571326e-13,6.382091815800932,1568.7318119518793,163904,0.01081083295866847,True,4eafe727b67864632d25d30b526cbdb5c0a83989bf31e7b0cf41f7129c8a89da
adaptive,7,5,5,4,15,"[0, 3, 4, 5, 6]",1,"[null, 0.21637950636571476, 8.678978742122384e-05, null, null, null, null, 0.005054947962819819]",-0.00025738367491184963,0.22152124411595583,0.00011616839599932966,0.2213800288370433,0.05,activate_factor,8192,16384,16378.422860504126,0.9996595984194413,3,4.0389913635863195e-13,6.382091815800932,1568.7318119518793,245859,0.011229333933442831,True,4eafe727b67864632d25d30b526cbdb5c0a83989bf31e7b0cf41f7129c8a89da
adaptive,7,5,6,4,9,"[0, 1, 3, 4, 5, 6]",7,"[null, null, 1.9744741716567393e-05, null, null, null, null, 0.22144738603633526]",-0.00019000654651917423,0.22146713077805188,0.00010838898891760836,0.22138551322045033,0.05,activate_factor,8192,16384,16377.79258142352,0.9996211292372754,3,3.189115638235762e-13,6.382091815800932,1568.7318119518793,344205,0.011679416988044977,True,4eafe727b67864632d25d30b526cbdb5c0a83989bf31e7b0cf41f7129c8a89da
adaptive,7,5,7,4,4,"[0, 1, 3, 4, 5, 6, 7]",,"[null, null, 0.0, null, null, null, null, null]",0.0,0.0,0.0,0.0,0.05,screening_tolerance,8192,16384,16376.222082650766,0.9995252735992899,3,1.237343560944737e-13,6.382091815800932,1568.7318119518793,458942,0.011352625209838152,True,4eafe727b67864632d25d30b526cbdb5c0a83989bf31e7b0cf41f7129c8a89da
adaptive,7,6,0,3,10,[],6,"[5.118090254758693e-06, 1.786389027634025e-05, 6.235110361887374e-05, 0.19998047186518145, 8.154857343100828e-05, 0.06159595618213996, 0.23255700020840253, 0.06158453141161229]",-0.00011638270385882913,0.5558848413249172,0.00016994881185957163,0.555938407432918,0.05,activate_factor,8192,16384,16383.999999999985,0.9999999999999991,0,0.0,7.373656337912448,1357.7784173357059,0,0.01048208400607109,True,4eafe727b67864632d25d30b526cbdb5c0a83989bf31e7b0cf41f7129c8a89da
adaptive,7,6,1,3,0,[6],0,"[0.2341208155695865, 0.06201004342330782, 8.16776791452606e-05, 0.19998050605071369, 6.235111145530896e-05, 1.785484101144459e-05, null, 1.3462931229629307e-06]",-0.0003509189312522253,0.49627459496834303,0.00013232904023832736,0.4960560050773291,0.05,activate_factor,8192,16384,16382.496802988051,0.9999082521355012,2,2.7508262334663414e-10,7.373656337912448,1357.7784173357059,16389,0.010334750171750784,True,4eafe727b67864632d25d30b526cbdb5c0a83989bf31e7b0cf41f7129c8a89da
adaptive,7,6,2,5,9,"[0, 6]",7,"[null, 1.7151583451012036e-09, 5.986490848076175e-09, 1.9200642733314145e-05, 7.251191789797034e-05, 0.2325711154914725, null, 0.2325903145488946]",-0.00021968009709188904,0.4652531503026476,0.00012310670114906402,0.46515657690670476,0.05,activate_factor,8192,16384,16380.878840526544,0.9998094995438565,2,3.0761349023578077e-10,7.373656337912448,1357.7784173357059,49167,0.010575416963547468,True,4eafe727b67864632d25d30b526cbdb5c0a83989bf31e7b0cf41f7129c8a89da
adaptive,7,6,3,3,15,"[0, 6, 7]",1,"[null, 0.21639183227202813, 0.0001298114277162462, 0.1999932515267198, 6.235508531561515e-05, 1.78559789645995e-05, null, null]",-0.0002246237947271031,0.41659510629074437,0.0002460624975504058,0.41661654499356765,0.05,activate_factor,8192,16384,16380.03972591704,0.9997582840525537,2,3.0761326819117585e-10,7.373656337912448,1357.7784173357059,98334,0.010935875121504068,True,4eafe727b67864632d25d30b526cbdb5c0a83989bf31e7b0cf41f7129c8a89da
adaptive,7,6,4,3,5,"[0, 1, 6, 7]",5,"[null, null, 6.235508531561516e-05, 0.1999932424746328, 0.0001297772393619402, 0.21628217824573234, null, null]",-7.814066221903138e-05,0.4164675530450427,0.00017161312150266263,0.41656102550432633,0.05,activate_factor,8192,16384,16379.73012268373,0.9997393873708331,2,2.513361740952291e-10,7.373656337912448,1357.7784173357059,163890,0.010682416148483753,True,4eafe727b67864632d25d30b526cbdb5c0a83989bf31e7b0cf41f7129c8a89da
adaptive,7,6,5,3,10,"[0, 1, 5, 6, 7]",3,"[null, null, 6.235110361887374e-05, 0.19998047186518145, 8.154857343100828e-05, null, null, null]",-0.00032262814051276325,0.20012437154223137,0.00022911887535952824,0.20003086227707814,0.05,activate_factor,8192,16384,16379.00288376757,0.9996950002299543,2,2.6589763724160775e-10,7.373656337912448,1357.7784173357059,245835,0.010657666018232703,True,4eafe727b67864632d25d30b526cbdb5c0a83989bf31e7b0cf41f7129c8a89da
adaptive,7,6,6,3,5,"[0, 1, 3, 5, 6, 7]",,"[null, null, 6.235508531561516e-05, null, 0.0001297772393619402, null, null, null]",-6.900526362737199e-05,0.0001921323246775554,0.00013008590001755392,0.00025321296106773733,0.05,screening_tolerance,8192,16384,16378.374328669317,0.9996566362713206,2,2.6590063484377424e-10,7.373656337912448,1357.7784173357059,344169,0.011590083129703999,True,4eafe727b67864632d25d30b526cbdb5c0a83989bf31e7b0cf41f7129c8a89da
adaptive,8,1,0,1,11,[],5,"[0.061992634331721745, 0.2163755546542322, 7.299695907787684e-05, 0.01777058684831241, 0.06704380407195544, 0.23544365400205877, 0.0670391354198726, 0.017752954060177562]",-0.012495109818227535,0.6834913203474084,0.002354973130661062,0.6733511836598419,0.05,activate_factor,8192,16384,16383.999999999985,0.9999999999999991,0,0.0,6.382091815800932,1568.7318119518793,0,0.01052545802667737,True,4eafe727b67864632d25d30b526cbdb5c0a83989bf31e7b0cf41f7129c8a89da
adaptive,8,1,1,11,12,[5],4,"[2.0407984509601607e-06, 7.123086500899019e-06, 2.486201480377756e-05, 0.07974064873606435, 0.3011434280921828, null, 0.0861268494367617, 0.022807662894551786]",-0.00876410796282102,0.48985261505931627,0.0022964168845309245,0.48338492398102617,0.05,activate_factor,8192,16384,16382.402235069681,0.9999024801678272,2,4.821649746133971e-10,6.382091815800932,1568.7318119518793,16389,0.010555583983659744,True,4eafe727b67864632d25d30b526cbdb5c0a83989bf31e7b0cf41f7129c8a89da
adaptive,8,1,2,3,10,"[4, 5]",6,"[5.666986595565529e-06, 1.97797267538497e-05, 6.903802997579076e-05, 0.22142764137092216, null, null, 0.23916114844530337, 0.06333340749007002]",-0.013084401637146735,0.5240166820496208,0.002468651224646934,0.513400931637121,0.05,activate_factor,8192,16384,16380.489226639746,0.9997857193993985,2,5.844591477455197e-11,6.382091815800932,1568.7318119518793,49167,0.010388707974925637,True,4eafe727b67864632d25d30b526cbdb5c0a83989bf31e7b0cf41f7129c8a89da
adaptive,8,1,3,10,0,"[4, 5, 6]",0,"[0.23411582697747396, 0.06199263152596019, 2.0904185861954237e-05, 0.005059948782306951, null, null, null, 0.061994958956023784]",-0.014815722911679772,0.36318427042762685,0.003216679000616486,0.35158522651656354,0.05,activate_factor,8192,16384,16378.788395457072,0.9996819089024092,3,1.9223511671384585e-13,6.382091815800932,1568.7318119518793,98340,0.010699500096961856,True,4eafe727b67864632d25d30b526cbdb5c0a83989bf31e7b0cf41f7129c8a89da
adaptive,8,1,4,10,3,"[0, 4, 5, 6]",3,"[null, 1.97797267538497e-05, 6.903802997579076e-05, 0.22142764137092216, null, null, null, 0.06333340749007002]",-0.0026908564457222344,0.2848498666177218,0.0026925188110084584,0.28485152898300803,0.05,activate_factor,8192,16384,16375.982567882978,0.9995106547780138,3,1.9188470257169854e-13,6.382091815800932,1568.7318119518793,163904,0.01143645797856152,True,4eafe727b67864632d25d30b526cbdb5c0a83989bf31e7b0cf41f7129c8a89da
adaptive,8,1,5,3,15,"[0, 3, 4, 5, 6]",1,"[null, 0.21639329719216077, 0.00013492450138439022, null, null, null, null, 0.0013386023539924054]",-0.025674134871917477,0.21786682404753754,0.0032765704737054008,0.19546925964932546,0.05,activate_factor,8192,16384,16374.534815050682,0.9994222909576832,3,1.3311574065255627e-13,6.382091815800932,1568.7318119518793,245859,0.011393083026632667,True,4eafe727b67864632d25d30b526cbdb5c0a83989bf31e7b0cf41f7129c8a89da
adaptive,8,1,6,3,9,"[0, 1, 3, 4, 5, 6]",7,"[null, null, 6.787945567973375e-05, null, null, null, null, 0.21773104042750788]",-0.03307233360120937,0.2177989198831876,0.0034682989996069336,0.18819488528158518,0.05,activate_factor,8192,16384,16373.360603804786,0.9993506227908194,3,1.7180701306074297e-13,6.382091815800932,1568.7318119518793,344205,0.011875457828864455,True,4eafe727b67864632d25d30b526cbdb5c0a83989bf31e7b0cf41f7129c8a89da
adaptive,8,1,7,3,3,"[0, 1, 3, 4, 5, 6, 7]",,"[null, null, 0.0, null, null, null, null, null]",0.0,0.0,0.0,0.0,0.05,screening_tolerance,8192,16384,16372.055274118817,0.9992709517894786,3,2.2637447472106942e-13,6.382091815800932,1568.7318119518793,458942,0.011733708903193474,True,4eafe727b67864632d25d30b526cbdb5c0a83989bf31e7b0cf41f7129c8a89da
adaptive,8,2,0,4,5,[],5,"[2.0407984509601607e-06, 7.123086500899019e-06, 2.486201480377756e-05, 0.07974064873606435, 0.3011434280921828, 0.3024803349875133, 0.0861268494367617, 0.022807662894551786]",-0.007168913887303438,0.7923329500468295,0.0011389508695568973,0.786302987029083,0.05,activate_factor,8192,16384,16383.999999999985,0.9999999999999991,0,0.0,6.382091815800932,1568.7318119518793,0,0.0119630410335958,True,4eafe727b67864632d25d30b526cbdb5c0a83989bf31e7b0cf41f7129c8a89da
adaptive,8,2,1,4,10,[5],6,"[1.7158486661350243e-06, 5.988900307907438e-06, 2.0903316012624417e-05, 0.06704380126619387, 0.2531933269374243, null, 0.25319490281050433, 0.06704975309889744]",-0.006898922697857501,0.6405103921780068,0.001620926700172217,0.6352323961803215,0.05,activate_factor,8192,16384,16381.673512717805,0.9998580024852176,2,2.683875344189346e-11,6.382091815800932,1568.7318119518793,16389,0.01092499983496964,True,4eafe727b67864632d25d30b526cbdb5c0a83989bf31e7b0cf41f7129c8a89da
adaptive,8,2,2,4,0,"[5, 6]",0,"[0.23411728411155439, 0.061997717423635836, 3.86557129964544e-05, 0.06199492774249234, 0.23410674791059238, null, null, 0.005054862654320385]",-0.005678202423713942,0.5973101955555917,0.0012110126198316123,0.5928430057517095,0.05,activate_factor,8192,16384,16380.17560540246,0.9997665774781775,3,1.1389500453873325e-13,6.382091815800932,1568.7318119518793,49171,0.010484332917258143,True,4eafe727b67864632d25d30b526cbdb5c0a83989bf31e7b0cf41f7129c8a89da
adaptive,8,2,3,4,13,"[0, 5, 6]",4,"[null, 2.4865624429482584e-05, 8.678955711029094e-05, 0.27836262033110754, 0.29609455153240877, null, null, 0.00639331118836663]",-0.006241675538753738,0.5809621382334227,0.0011169409041678936,0.5758374035988368,0.05,activate_factor,8192,16384,16378.11663187512,0.9996409077072217,3,2.2161439350298906e-13,6.382091815800932,1568.7318119518793,98344,0.010639749933034182,True,4eafe727b67864632d25d30b526cbdb5c0a83989bf31e7b0cf41f7129c8a89da
adaptive,8,2,4,4,1,"[0, 4, 5, 6]",1,"[null, 0.21637950636571476, 8.678978742122384e-05, 0.06200871833862735, null, null, null, 0.005054947962819819]",-0.010282844237166518,0.28352996245458323,0.0013285064111634107,0.2745756246285801,0.05,activate_factor,8192,16384,16376.696486693783,0.9995542289241811,3,1.776911950912563e-13,6.382091815800932,1568.7318119518793,163908,0.010671124793589115,True,4eafe727b67864632d25d30b526cbdb5c0a83989bf31e7b0cf41f7129c8a89da
adaptive,8,2,5,4,13,"[0, 1, 4, 5, 6]",3,"[null, null, 8.678955711029094e-05, 0.27836262033110754, null, null, null, 0.00639331118836663]",-0.012669067154850552,0.2848427210765845,0.0012388049992588216,0.27341245892099275,0.05,activate_factor,8192,16384,16374.719736504654,0.9994335776675204,3,4.060501934688432e-13,6.382091815800932,1568.7318119518793,245863,0.01147649995982647,True,4eafe727b67864632d25d30b526cbdb5c0a83989bf31e7b0cf41f7129c8a89da
adaptive,8,2,6,4,9,"[0, 1, 3, 4, 5, 6]",7,"[null, null, 1.9744741716567393e-05, null, null, null, null, 0.22144738603633526]",-0.012539135792990833,0.22146713077805188,0.001914585679642651,0.2108425806647037,0.05,activate_factor,8192,16384,16374.699669096392,0.9994323528501216,3,1.2292944440162046e-13,6.382091815800932,1568.7318119518793,344209,0.01110991695895791,True,4eafe727b67864632d25d30b526cbdb5c0a83989bf31e7b0cf41f7129c8a89da
adaptive,8,2,7,4,4,"[0, 1, 3, 4, 5, 6, 7]",,"[null, null, 0.0, null, null, null, null, null]",0.0,0.0,0.0,0.0,0.05,screening_tolerance,8192,16384,16373.282618035102,0.9993458629171815,3,5.450639939397206e-13,6.382091815800932,1568.7318119518793,458946,0.012162833008915186,True,4eafe727b67864632d25d30b526cbdb5c0a83989bf31e7b0cf41f7129c8a89da
adaptive,8,3,0,5,6,[],5,"[5.83664370549573e-07, 2.037188825266138e-06, 7.1104876692773914e-06, 0.022805669775878952, 0.08612643219116893, 0.3024807522331061, 0.30114542121085563, 0.0797477591962552]",-0.00778914233376376,0.7923157659481297,0.0011406398179027765,0.7856672634322687,0.05,activate_factor,8192,16384,16383.999999999982,0.9999999999999989,0,0.0,6.382091815800932,1568.7318119518793,0,0.009982166113331914,True,4eafe727b67864632d25d30b526cbdb5c0a83989bf31e7b0cf41f7129c8a89da
adaptive,8,3,1,11,12,[5],4,"[2.0407984509601607e-06, 7.123086500899019e-06, 2.486201480377756e-05, 0.07974064873606435, 0.3011434280921828, null, 0.0861268494367617, 0.022807662894551786]",-0.0031627652067729747,0.48985261505931627,0.0010086390605475817,0.48769848891309087,0.05,activate_factor,8192,16384,16382.798117196253,0.9999266428952791,2,2.537817733738734e-10,6.382091815800932,1568.7318119518793,16389,0.010363832814618945,True,4eafe727b67864632d25d30b526cbdb5c0a83989bf31e7b0cf41f7129c8a89da
adaptive,8,3,2,11,10,"[4, 5]",6,"[5.83664370549573e-07, 2.037188825266138e-06, 7.1104876692773914e-06, 0.022805669775878952, null, null, 0.30114542121085563, 0.0797477591962552]",-0.0031556174529050224,0.4037085815238548,0.000984941163589195,0.40153790523453897,0.05,activate_factor,8192,16384,16382.03035828833,0.9998797826103717,2,2.2460577842053908e-10,6.382091815800932,1568.7318119518793,49167,0.010267915902659297,True,4eafe727b67864632d25d30b526cbdb5c0a83989bf31e7b0cf41f7129c8a89da
adaptive,8,3,3,10,16,"[4, 5, 6]",0,"[0.23411582697747396, 0.06199263152596019, 2.0904185861954237e-05, 0.005059948782306951, null, null, null, 0.061994958956023784]",-0.004709459806041596,0.36318427042762685,0.0023675865955177424,0.360842397217103,0.05,activate_factor,8192,16384,16380.014494983607,0.9997567440785893,2,7.385320133224127e-10,6.382091815800932,1568.7318119518793,98334,0.011016375152394176,True,4eafe727b67864632d25d30b526cbdb5c0a83989bf31e7b0cf41f7129c8a89da
adaptive,8,3,4,11,15,"[0, 4, 5, 6]",1,"[null, 0.2163755546542322, 7.299695907787684e-05, 0.01777058684831241, null, null, null, 0.017752954060177562]",-0.0021424830662772052,0.25197209252180003,0.001111637253770151,0.25094124670929296,0.05,activate_factor,8192,16384,16378.022581716912,0.9996351673411201,2,7.385342337684619e-10,6.382091815800932,1568.7318119518793,163890,0.010736708994954824,True,4eafe727b67864632d25d30b526cbdb5c0a83989bf31e7b0cf41f7129c8a89da
adaptive,8,3,5,10,13,"[0, 1, 4, 5, 6]",3,"[null, null, 6.903802997579076e-05, 0.22142764137092216, null, null, null, 0.06333340749007002]",-0.006035262007889541,0.284830086890968,0.0010905314813798807,0.2798853563644583,0.05,activate_factor,8192,16384,16376.717155832208,0.9995554904682744,2,7.385257960734748e-10,6.382091815800932,1568.7318119518793,245835,0.011230583069846034,True,4eafe727b67864632d25d30b526cbdb5c0a83989bf31e7b0cf41f7129c8a89da
adaptive,8,3,6,1,9,"[0, 1, 3, 4, 5, 6]",7,"[null, null, 6.787968599066667e-05, null, null, null, null, 0.21639267720196104]",-0.006413156403978835,0.21646055688795174,0.0010316710052437983,0.2110790714892167,0.05,activate_factor,8192,16384,16375.824015248818,0.999500977493214,2,6.922558082322894e-10,6.382091815800932,1568.7318119518793,344169,0.011323916958644986,True,4eafe727b67864632d25d30b526cbdb5c0a83989bf31e7b0cf41f7129c8a89da
adaptive,8,3,7,1,1,"[0, 1, 3, 4, 5, 6, 7]",,"[null, null, 0.0, null, null, null, null, null]",0.0,0.0,0.0,0.0,0.05,screening_tolerance,8192,16384,16374.831019999336,0.9994403698730063,2,6.870340407694187e-10,6.382091815800932,1568.7318119518793,458892,0.01126354094594717,True,4eafe727b67864632d25d30b526cbdb5c0a83989bf31e7b0cf41f7129c8a89da
adaptive,8,4,0,5,6,[],5,"[5.83664370549573e-07, 2.037188825266138e-06, 7.1104876692773914e-06, 0.022805669775878952, 0.08612643219116893, 0.3024807522331061, 0.30114542121085563, 0.0797477591962552]",-0.006840119738059492,0.7923157659481297,0.0011575321422003452,0.7866331783522705,0.05,activate_factor,8192,16384,16383.999999999985,0.9999999999999991,0,0.0,6.382091815800932,1568.7318119518793,0,0.010318208951503038,True,4eafe727b67864632d25d30b526cbdb5c0a83989bf31e7b0cf41f7129c8a89da
adaptive,8,4,1,11,12,[5],4,"[2.0407984509601607e-06, 7.123086500899019e-06, 2.486201480377756e-05, 0.07974064873606435, 0.3011434280921828, null, 0.0861268494367617, 0.022807662894551786]",-0.0026482248006896884,0.48985261505931627,0.0010356709457051553,0.4882400612043317,0.05,activate_factor,8192,16384,16382.526778578924,0.9999100817003738,2,2.5378166235157096e-10,6.382091815800932,1568.7318119518793,16389,0.010336916195228696,True,4eafe727b67864632d25d30b526cbdb5c0a83989bf31e7b0cf41f7129c8a89da
adaptive,8,4,2,11,10,"[4, 5]",6,"[5.83664370549573e-07, 2.037188825266138e-06, 7.1104876692773914e-06, 0.022805669775878952, null, null, 0.30114542121085563, 0.0797477591962552]",-0.002907890747754105,0.4037085815238548,0.0019003654276840204,0.4027010562037847,0.05,activate_factor,8192,16384,16381.843170413516,0.9998683575691844,2,2.2460566739823662e-10,6.382091815800932,1568.7318119518793,49167,0.010368583956733346,True,4eafe727b67864632d25d30b526cbdb5c0a83989bf31e7b0cf41f7129c8a89da
adaptive,8,4,3,11,16,"[4, 5, 6]",0,"[0.23411615192725882, 0.0619937657121532, 2.486288465310738e-05, 0.017756796252177406, null, null, null, 0.01775286875167813]",-0.005586164759630231,0.3316444455279206,0.0016823189933047652,0.32774059976159514,0.05,activate_factor,8192,16384,16380.230154108807,0.9997699068669926,2,7.385320133224127e-10,6.382091815800932,1568.7318119518793,98334,0.010688708163797855,True,4eafe727b67864632d25d30b526cbdb5c0a83989bf31e7b0cf41f7129c8a89da
adaptive,8,4,4,16,15,"[0, 4, 5, 6]",1,"[null, 0.2783661489913671, 8.679065727055367e-05, 2.4865854740415734e-05, null, null, null, 1.5381994616194042e-07]",-0.002431780305902752,0.27847795932332425,0.0012221439864143029,0.2772683230038358,0.05,activate_factor,8192,16384,16378.752597126553,0.9996797239457125,2,7.385343447907644e-10,6.382091815800932,1568.7318119518793,163890,0.010920124826952815,True,4eafe727b67864632d25d30b526cbdb5c0a83989bf31e7b0cf41f7129c8a89da
adaptive,8,4,5,10,13,"[0, 1, 4, 5, 6]",3,"[null, null, 6.903802997579076e-05, 0.22142764137092216, null, null, null, 0.06333340749007002]",-0.0056539044030197065,0.284830086890968,0.0010772526375559222,0.2802534351255042,0.05,activate_factor,8192,16384,16377.711256165789,0.9996161655374627,2,7.385245748281477e-10,6.382091815800932,1568.7318119518793,245835,0.01125150010921061,True,4eafe727b67864632d25d30b526cbdb5c0a83989bf31e7b0cf41f7129c8a89da
adaptive,8,4,6,10,9,"[0, 1, 3, 4, 5, 6]",7,"[null, null, 1.9932145820672222e-06, null, null, null, null, 0.27838748233803867]",-0.004766917495502752,0.2783894755526208,0.0009823211138650363,0.2746048791709831,0.05,activate_factor,8192,16384,16377.026804770803,0.9995743899396242,2,6.922548090315672e-10,6.382091815800932,1568.7318119518793,344169,0.011355875059962273,True,4eafe727b67864632d25d30b526cbdb5c0a83989bf31e7b0cf41f7129c8a89da
adaptive,8,4,7,11,11,"[0, 1, 3, 4, 5, 6, 7]",,"[null, null, 0.0, null, null, null, null, null]",0.0,0.0,0.0,0.0,0.05,screening_tolerance,8192,16384,16376.401892035725,0.9995362482931961,2,6.870288227212029e-10,6.382091815800932,1568.7318119518793,458892,0.01177970808930695,True,4eafe727b67864632d25d30b526cbdb5c0a83989bf31e7b0cf41f7129c8a89da
adaptive,8,5,0,12,5,[],5,"[2.0407984509601607e-06, 7.123086500899019e-06, 2.486201480377756e-05, 0.07974064873606435, 0.3011434280921828, 0.3024803349875133, 0.0861268494367617, 0.022807662894551786]",-0.0016116547026885776,0.7923329500468295,0.0014009120443028572,0.7921222073884437,0.05,activate_factor,8192,16384,16383.999999999982,0.9999999999999989,0,0.0,6.382091815800932,1568.7318119518793,0,0.010306542040780187,True,4eafe727b67864632d25d30b526cbdb5c0a83989bf31e7b0cf41f7129c8a89da
adaptive,8,5,1,12,10,[5],6,"[1.7158486661350243e-06, 5.988900307907438e-06, 2.0903316012624417e-05, 0.06704380126619387, 0.2531933269374243, null, 0.25319490281050433, 0.06704975309889744]",-0.0014148287876083394,0.6405103921780068,0.0012253284624457455,0.6403208918528441,0.05,activate_factor,8192,16384,16383.46999385741,0.9999676509922736,2,2.3523827330507174e-10,6.382091815800932,1568.7318119518793,16389,0.010085290996357799,True,4eafe727b67864632d25d30b526cbdb5c0a83989bf31e7b0cf41f7129c8a89da
adaptive,8,5,2,10,12,"[5, 6]",4,"[1.7158486661350243e-06, 5.988900307907438e-06, 2.0903316012624417e-05, 0.06704380126619387, 0.2531933269374243, null, null, 0.06704975309889744]",-0.0042777718783290775,0.3873154893675024,0.002156766964712266,0.38519448445388554,0.05,activate_factor,8192,16384,16380.83888931223,0.9998070611152484,3,1.1160516955044386e-13,6.382091815800932,1568.7318119518793,49171,0.01033987500704825,True,4eafe727b67864632d25d30b526cbdb5c0a83989bf31e7b0cf41f7129c8a89da
adaptive,8,5,3,10,16,"[4, 5, 6]",0,"[0.23411582697747396, 0.06199263152596019, 2.0904185861954237e-05, 0.005059948782306951, null, null, null, 0.061994958956023784]",-0.012858682848394174,0.36318427042762685,0.001151643031995072,0.35147723061122776,0.05,activate_factor,8192,16384,16381.006545740498,0.9998172940515441,3,4.126698982531707e-13,6.382091815800932,1568.7318119518793,98344,0.01064424985088408,True,4eafe727b67864632d25d30b526cbdb5c0a83989bf31e7b0cf41f7129c8a89da
adaptive,8,5,4,10,13,"[0, 4, 5, 6]",3,"[null, 1.97797267538497e-05, 6.903802997579076e-05, 0.22142764137092216, null, null, null, 0.06333340749007002]",-0.011856961247729357,0.2848498666177218,0.0011771859261900815,0.2741700912961825,0.05,activate_factor,8192,16384,16378.896977340142,0.9996885362146083,3,5.442313266712517e-13,6.382091815800932,1568.7318119518793,163908,0.011541042011231184,True,4eafe727b67864632d25d30b526cbdb5c0a83989bf31e7b0cf41f7129c8a89da
adaptive,8,5,5,10,15,"[0, 3, 4, 5, 6]",1,"[null, 0.21637442046803917, 6.903826028672369e-05, null, null, null, null, 0.06199504426452321]",-0.011094641508881297,0.2784385029928491,0.0011622231286817105,0.2685060846126495,0.05,activate_factor,8192,16384,16378.251706637051,0.9996491520164216,3,3.821387650759789e-13,6.382091815800932,1568.7318119518793,245863,0.011236541904509068,True,4eafe727b67864632d25d30b526cbdb5c0a83989bf31e7b0cf41f7129c8a89da
adaptive,8,5,6,10,9,"[0, 1, 3, 4, 5, 6]",7,"[null, null, 1.9932145820672222e-06, null, null, null, null, 0.27838748233803867]",-0.012149601381302454,0.2783894755526208,0.002040840921844327,0.26828071509316265,0.05,activate_factor,8192,16384,16378.360697521615,0.9996558042920908,3,4.0600856010541975e-13,6.382091815800932,1568.7318119518793,344209,0.011593500152230263,True,4eafe727b67864632d25d30b526cbdb5c0a83989bf31e7b0cf41f7129c8a89da
adaptive,8,5,7,10,10,"[0, 1, 3, 4, 5, 6, 7]",,"[null, null, 0.0, null, null, null, null, null]",0.0,0.0,0.0,0.0,0.05,screening_tolerance,8192,16384,16377.19629412066,0.9995847347485755,3,5.245803791353865e-13,6.382091815800932,1568.7318119518793,458946,0.011605374980717897,True,4eafe727b67864632d25d30b526cbdb5c0a83989bf31e7b0cf41f7129c8a89da
adaptive,8,6,0,12,5,[],5,"[2.0407984509601607e-06, 7.123086500899019e-06, 2.486201480377756e-05, 0.07974064873606435, 0.3011434280921828, 0.3024803349875133, 0.0861268494367617, 0.022807662894551786]",-0.002220494524849609,0.7923329500468295,0.0012335069272851294,0.791345962449265,0.05,activate_factor,8192,16384,16383.999999999985,0.9999999999999991,0,0.0,6.382091815800932,1568.7318119518793,0,0.010679499944671988,True,4eafe727b67864632d25d30b526cbdb5c0a83989bf31e7b0cf41f7129c8a89da
adaptive,8,6,1,12,6,[5],6,"[1.7158486661350243e-06, 5.988900307907438e-06, 2.0903316012624417e-05, 0.06704380126619387, 0.2531933269374243, null, 0.25319490281050433, 0.06704975309889744]",-0.008431658412646726,0.6405103921780068,0.002762037535801681,0.6348407713011617,0.05,activate_factor,8192,16384,16383.385890839874,0.9999625177514572,2,2.3525958958714455e-10,6.382091815800932,1568.7318119518793,16389,0.010295291896909475,True,4eafe727b67864632d25d30b526cbdb5c0a83989bf31e7b0cf41f7129c8a89da
adaptive,8,6,2,12,16,"[5, 6]",0,"[0.23411728411155439, 0.061997717423635836, 3.86557129964544e-05, 0.06199492774249234, 0.23410674791059238, null, null, 0.005054862654320385]",-0.008866690367391593,0.5973101955555917,0.0021484582463748084,0.590591963434575,0.05,activate_factor,8192,16384,16383.07397646009,0.9999434800085504,3,4.2721381987576024e-13,6.382091815800932,1568.7318119518793,49171,0.01036933297291398,True,4eafe727b67864632d25d30b526cbdb5c0a83989bf31e7b0cf41f7129c8a89da
adaptive,8,6,3,12,13,"[0, 5, 6]",4,"[null, 2.4865624429482584e-05, 8.678955711029094e-05, 0.27836262033110754, 0.29609455153240877, null, null, 0.00639331118836663]",-0.0053928365835736085,0.5809621382334227,0.0010864269650067795,0.5766557286148558,0.05,activate_factor,8192,16384,16381.446265013195,0.9998441323860593,3,4.787559237939831e-13,6.382091815800932,1568.7318119518793,98344,0.010079833213239908,True,4eafe727b67864632d25d30b526cbdb5c0a83989bf31e7b0cf41f7129c8a89da
adaptive,8,6,4,12,13,"[0, 4, 5, 6]",3,"[null, 2.4865624429482584e-05, 8.678955711029094e-05, 0.27836262033110754, null, null, null, 0.00639331118836663]",-0.0008806625202484151,0.284867586701014,0.000855722856471482,0.28484264703723705,0.05,activate_factor,8192,16384,16381.036530001398,0.9998191241455932,3,5.414557691096888e-13,6.382091815800932,1568.7318119518793,163908,0.011198332998901606,True,4eafe727b67864632d25d30b526cbdb5c0a83989bf31e7b0cf41f7129c8a89da
adaptive,8,6,5,16,15,"[0, 3, 4, 5, 6]",1,"[null, 0.2783661489913671, 8.679065727055367e-05, null, null, null, null, 1.5381994616194042e-07]",-0.0021531392616847707,0.2784530934685838,0.000848584503332692,0.27714853871023176,0.05,activate_factor,8192,16384,16380.456936205068,0.9997837485476726,3,4.82502926502093e-13,6.382091815800932,1568.7318119518793,245863,0.01073566684499383,True,4eafe727b67864632d25d30b526cbdb5c0a83989bf31e7b0cf41f7129c8a89da
adaptive,8,6,6,12,9,"[0, 1, 3, 4, 5, 6]",7,"[null, null, 1.9744741716567393e-05, null, null, null, null, 0.22144738603633526]",-0.00324505168904401,0.22146713077805188,0.000791279079301671,0.21901335816830955,0.05,activate_factor,8192,16384,16380.258528741462,0.9997716387171303,3,4.75397499144492e-13,6.382091815800932,1568.7318119518793,344209,0.011361167067661881,True,4eafe727b67864632d25d30b526cbdb5c0a83989bf31e7b0cf41f7129c8a89da
adaptive,8,6,7,12,16,"[0, 1, 3, 4, 5, 6, 7]",,"[null, null, 3.86557129964544e-05, null, null, null, null, null]",-0.0003979417209506041,3.86557129964544e-05,0.0015072819413913877,0.001147995933437238,0.05,screening_tolerance,8192,16384,16378.995171890154,0.9996945295343111,2,9.3759755515066e-10,6.382091815800932,1568.7318119518793,458932,0.010944083100184798,True,4eafe727b67864632d25d30b526cbdb5c0a83989bf31e7b0cf41f7129c8a89da
adaptive,9,1,0,3,5,[],5,"[5.991936380390666e-06, 2.091391294684128e-05, 7.299672876694393e-05, 0.23412448884079265, 0.12902765678615333, 0.2531933269374243, 0.07209309507156071, 0.019091317285724375]",-0.012320131517323323,0.7076297874997495,0.0022692638707589776,0.6975789198531851,0.05,activate_factor,8192,16384,16383.999999999985,0.9999999999999991,0,0.0,6.382091815800932,1568.7318119518793,0,0.010100875049829483,True,4eafe727b67864632d25d30b526cbdb5c0a83989bf31e7b0cf41f7129c8a89da
adaptive,9,1,1,11,12,[5],4,"[2.0407984509601607e-06, 7.123086500899019e-06, 2.486201480377756e-05, 0.07974064873606435, 0.3011434280921828, null, 0.0861268494367617, 0.022807662894551786]",-0.008001032799813027,0.48985261505931627,0.0033039000802151525,0.4851554823397184,0.05,activate_factor,8192,16384,16382.169266452258,0.9998882608918614,2,4.863142111233287e-10,6.382091815800932,1568.7318119518793,16389,0.010476709110662341,True,4eafe727b67864632d25d30b526cbdb5c0a83989bf31e7b0cf41f7129c8a89da
adaptive,9,1,2,12,10,"[4, 5]",6,"[1.7158486661350243e-06, 5.988900307907438e-06, 2.0903316012624417e-05, 0.06704380126619387, null, null, 0.25319490281050433, 0.06704975309889744]",-0.017011494728620645,0.3873170652405824,0.0024482092159893195,0.3727537797279511,0.05,activate_factor,8192,16384,16379.307235685555,0.9997135763968235,3,1.6255052859293073e-13,6.382091815800932,1568.7318119518793,49171,0.00993912504054606,True,4eafe727b67864632d25d30b526cbdb5c0a83989bf31e7b0cf41f7129c8a89da
adaptive,9,1,3,12,0,"[4, 5, 6]",0,"[0.23411728411155439, 0.061997717423635836, 3.86557129964544e-05, 0.06199492774249234, null, null, null, 0.005054862654320385]",-0.01842530805084336,0.36320344764499934,0.0025062106510607483,0.34728435024521676,0.05,activate_factor,8192,16384,16378.271376308292,0.9996503525578792,3,2.1788126858268697e-13,6.382091815800932,1568.7318119518793,98344,0.011101749958470464,True,4eafe727b67864632d25d30b526cbdb5c0a83989bf31e7b0cf41f7129c8a89da
adaptive,9,1,4,0,1,"[0, 4, 5, 6]",1,"[null, 0.2783661489913671, 8.679065727055367e-05, 2.4865854740415734e-05, null, null, null, 1.5381994616194042e-07]",-0.0030398429295600917,0.27847795932332425,0.0033768356665085375,0.2788149520602727,0.05,activate_factor,8192,16384,16375.989017203674,0.9995110484133102,3,1.0609568779074152e-13,6.382091815800932,1568.7318119518793,163908,0.01142379199154675,True,4eafe727b67864632d25d30b526cbdb5c0a83989bf31e7b0cf41f7129c8a89da
adaptive,9,1,5,12,13,"[0, 1, 4, 5, 6]",3,"[null, null, 8.678955711029094e-05, 0.27836262033110754, null, null, null, 0.00639331118836663]",-0.007159334519848763,0.2848427210765845,0.0023714047312495567,0.28005479128798527,0.05,activate_factor,8192,16384,16374.831650664817,0.9994404083657725,3,2.537969834293108e-13,6.382091815800932,1568.7318119518793,245863,0.011022374965250492,True,4eafe727b67864632d25d30b526cbdb5c0a83989bf31e7b0cf41f7129c8a89da
adaptive,9,1,6,3,7,"[0, 1, 3, 4, 5, 6]",7,"[null, null, 6.787945567973375e-05, null, null, null, null, 0.21773104042750788]",-0.024009847211297723,0.2177989198831876,0.002401718776302043,0.19619079144819193,0.05,activate_factor,8192,16384,16373.399951525646,0.9993530243851102,2,3.198055154030044e-10,6.382091815800932,1568.7318119518793,344197,0.011344625148922205,True,4eafe727b67864632d25d30b526cbdb5c0a83989bf31e7b0cf41f7129c8a89da
adaptive,9,1,7,3,3,"[0, 1, 3, 4, 5, 6, 7]",,"[null, null, 0.0, null, null, null, null, null]",0.0,0.0,0.0,0.0,0.05,screening_tolerance,8192,16384,16372.958165576612,0.9993260599106819,2,5.814808634596602e-10,6.382091815800932,1568.7318119518793,458920,0.011724292067810893,True,4eafe727b67864632d25d30b526cbdb5c0a83989bf31e7b0cf41f7129c8a89da
adaptive,9,2,0,4,5,[],5,"[2.0407984509601607e-06, 7.123086500899019e-06, 2.486201480377756e-05, 0.07974064873606435, 0.3011434280921828, 0.3024803349875133, 0.0861268494367617, 0.022807662894551786]",-0.0068486455212060805,0.7923329500468295,0.002264295337508101,0.7877485998631315,0.05,activate_factor,8192,16384,16383.999999999985,0.9999999999999991,0,0.0,6.382091815800932,1568.7318119518793,0,0.010150958085432649,True,4eafe727b67864632d25d30b526cbdb5c0a83989bf31e7b0cf41f7129c8a89da
adaptive,9,2,1,4,10,[5],6,"[1.7158486661350243e-06, 5.988900307907438e-06, 2.0903316012624417e-05, 0.06704380126619387, 0.2531933269374243, null, 0.25319490281050433, 0.06704975309889744]",-0.006368865855793417,0.6405103921780068,0.001586451352439332,0.6357279776746527,0.05,activate_factor,8192,16384,16382.19953542257,0.9998901083631939,2,2.153277556260491e-11,6.382091815800932,1568.7318119518793,16389,0.010188082931563258,True,4eafe727b67864632d25d30b526cbdb5c0a83989bf31e7b0cf41f7129c8a89da
adaptive,9,2,2,4,0,"[5, 6]",0,"[0.23411728411155439, 0.061997717423635836, 3.86557129964544e-05, 0.06199492774249234, 0.23410674791059238, null, null, 0.005054862654320385]",-0.006378718197380874,0.5973101955555917,0.0010673952554471516,0.591998872613658,0.05,activate_factor,8192,16384,16380.48507266499,0.9997854658609002,2,1.028181983997456e-10,6.382091815800932,1568.7318119518793,49167,0.010418249992653728,True,4eafe727b67864632d25d30b526cbdb5c0a83989bf31e7b0cf41f7129c8a89da
adaptive,9,2,3,4,13,"[0, 5, 6]",4,"[null, 2.4865624429482584e-05, 8.678955711029094e-05, 0.27836262033110754, 0.29609455153240877, null, null, 0.00639331118836663]",-0.005888324780367467,0.5809621382334227,0.0014825487599585165,0.5765563622130138,0.05,activate_factor,8192,16384,16378.705049581742,0.9996768218738856,2,6.821472275930773e-10,6.382091815800932,1568.7318119518793,98334,0.010600792011246085,True,4eafe727b67864632d25d30b526cbdb5c0a83989bf31e7b0cf41f7129c8a89da
adaptive,9,2,4,12,1,"[0, 4, 5, 6]",1,"[null, 0.21637950636571476, 8.678978742122384e-05, 0.06200871833862735, null, null, null, 0.005054947962819819]",-0.0014164317621216183,0.28352996245458323,0.002536678468309201,0.28465020916077083,0.05,activate_factor,8192,16384,16376.894983540304,0.9995663442102236,2,8.946434704171224e-10,6.382091815800932,1568.7318119518793,163890,0.010860625188797712,True,4eafe727b67864632d25d30b526cbdb5c0a83989bf31e7b0cf41f7129c8a89da
adaptive,9,2,5,12,13,"[0, 1, 4, 5, 6]",3,"[null, null, 8.678955711029094e-05, 0.27836262033110754, null, null, null, 0.00639331118836663]",-0.0022188355410668608,0.2848427210765845,0.001266840307853078,0.2838907258433707,0.05,activate_factor,8192,16384,16375.415612042028,0.9994760505396746,2,8.946910989848789e-10,6.382091815800932,1568.7318119518793,245835,0.01110749994404614,True,4eafe727b67864632d25d30b526cbdb5c0a83989bf31e7b0cf41f7129c8a89da
adaptive,9,2,6,12,7,"[0, 1, 3, 4, 5, 6]",7,"[null, null, 1.9744741716567393e-05, null, null, null, null, 0.22144738603633526]",-0.004875112276112448,0.22146713077805188,0.0009297176831929281,0.21752173618513237,0.05,activate_factor,8192,16384,16375.447752367349,0.9994780122294524,2,5.738496344775967e-10,6.382091815800932,1568.7318119518793,344169,0.011761791072785854,True,4eafe727b67864632d25d30b526cbdb5c0a83989bf31e7b0cf41f7129c8a89da
adaptive,9,2,7,12,15,"[0, 1, 3, 4, 5, 6, 7]",,"[null, null, 8.678978742122384e-05, null, null, null, null, null]",-0.0013110081573097243,8.678978742122386e-05,0.001748141206419732,0.0005239228365312315,0.05,screening_tolerance,8192,16384,16374.123213039229,0.9993971687646014,2,6.048628264920808e-10,6.382091815800932,1568.7318119518793,458892,0.012592874933034182,True,4eafe727b67864632d25d30b526cbdb5c0a83989bf31e7b0cf41f7129c8a89da
adaptive,9,3,0,11,4,[],5,"[2.0407984509601607e-06, 7.123086500899019e-06, 2.486201480377756e-05, 0.07974064873606435, 0.3011434280921828, 0.3024803349875133, 0.0861268494367617, 0.022807662894551786]",-0.0008709419906338851,0.7923329500468295,0.00027564496723087934,0.7917376530234265,0.05,activate_factor,8192,16384,16383.999999999985,0.9999999999999991,0,0.0,6.382091815800932,1568.7318119518793,0,0.01036470802500844,True,4eafe727b67864632d25d30b526cbdb5c0a83989bf31e7b0cf41f7129c8a89da
adaptive,9,3,1,11,4,[5],4,"[2.0407984509601607e-06, 7.123086500899019e-06, 2.486201480377756e-05, 0.07974064873606435, 0.3011434280921828, null, 0.0861268494367617, 0.022807662894551786]",-0.001143060067641333,0.48985261505931627,0.0002724803447145066,0.48898203533638945,0.05,activate_factor,8192,16384,16381.217462287816,0.9998301673759653,3,2.367966933647381e-13,6.382091815800932,1568.7318119518793,16391,0.010090457974001765,True,4eafe727b67864632d25d30b526cbdb5c0a83989bf31e7b0cf41f7129c8a89da
adaptive,9,3,2,11,10,"[4, 5]",6,"[5.83664370549573e-07, 2.037188825266138e-06, 7.1104876692773914e-06, 0.022805669775878952, null, null, 0.30114542121085563, 0.0797477591962552]",-0.0012525779871652909,0.4037085815238548,0.00038367804839727895,0.4028396815850868,0.05,activate_factor,8192,16384,16380.045027610046,0.9997586076422147,3,3.134159598516817e-13,6.382091815800932,1568.7318119518793,49173,0.010702291037887335,True,4eafe727b67864632d25d30b526cbdb5c0a83989bf31e7b0cf41f7129c8a89da
adaptive,9,3,3,11,16,"[4, 5, 6]",0,"[0.23411615192725882, 0.0619937657121532, 2.486288465310738e-05, 0.017756796252177406, null, null, null, 0.01775286875167813]",-0.0009507792088972892,0.3316444455279206,0.00026509982170506464,0.3309587661407284,0.05,activate_factor,8192,16384,16379.293167185195,0.9997127177237057,3,2.680259985309019e-13,6.382091815800932,1568.7318119518793,98346,0.010846167104318738,True,4eafe727b67864632d25d30b526cbdb5c0a83989bf31e7b0cf41f7129c8a89da
adaptive,9,3,4,11,13,"[0, 4, 5, 6]",3,"[null, 2.091391294684128e-05, 7.299672876694393e-05, 0.23412448884079265, null, null, null, 0.019091317285724375]",-0.0004044960575929527,0.2533097167682308,0.0003366905124009477,0.2532419112230388,0.05,activate_factor,8192,16384,16376.698357636184,0.9995543431174428,3,4.720113189193853e-13,6.382091815800932,1568.7318119518793,163910,0.010908042080700397,True,4eafe727b67864632d25d30b526cbdb5c0a83989bf31e7b0cf41f7129c8a89da
adaptive,9,3,5,11,1,"[0, 3, 4, 5, 6]",1,"[null, 0.2163755546542322, 7.299695907787684e-05, null, null, null, null, 0.017752954060177562]",-0.0014730395399594844,0.2342015056734876,0.0005261451242753222,0.23325461125780345,0.05,activate_factor,8192,16384,16376.908150326295,0.9995671478470639,3,5.404565683875262e-13,6.382091815800932,1568.7318119518793,245865,0.010964875109493732,True,4eafe727b67864632d25d30b526cbdb5c0a83989bf31e7b0cf41f7129c8a89da
adaptive,9,3,6,11,9,"[0, 1, 3, 4, 5, 6]",7,"[null, null, 5.9519133732203605e-06, null, null, null, null, 0.234145392133693]",-0.0010606213402378215,0.23415134404706628,0.00021549980093302096,0.23330622250776148,0.05,activate_factor,8192,16384,16375.67247210501,0.9994917280337531,3,3.999023334699814e-13,6.382091815800932,1568.7318119518793,344211,0.011628417065367103,True,4eafe727b67864632d25d30b526cbdb5c0a83989bf31e7b0cf41f7129c8a89da
adaptive,9,3,7,11,11,"[0, 1, 3, 4, 5, 6, 7]",,"[null, null, 0.0, null, null, null, null, null]",0.0,0.0,0.0,0.0,0.05,screening_tolerance,8192,16384,16373.965092530172,0.9993875178546248,3,5.064837438339964e-13,6.382091815800932,1568.7318119518793,458948,0.011435457970947027,True,4eafe727b67864632d25d30b526cbdb5c0a83989bf31e7b0cf41f7129c8a89da
adaptive,9,4,0,13,5,[],5,"[5.991936380390666e-06, 2.091391294684128e-05, 7.299672876694393e-05, 0.23412448884079265, 0.12902765678615333, 0.2531933269374243, 0.07209309507156071, 0.019091317285724375]",-0.0009160667660042315,0.7076297874997495,0.0002212283125381855,0.7069349490462834,0.05,activate_factor,8192,16384,16383.999999999985,0.9999999999999991,0,0.0,6.382091815800932,1568.7318119518793,0,0.009957917034626007,True,4eafe727b67864632d25d30b526cbdb5c0a83989bf31e7b0cf41f7129c8a89da
adaptive,9,4,1,13,4,[5],4,"[7.124120675976116e-06, 2.4865624429482584e-05, 8.678955711029094e-05, 0.27836262033110754, 0.29609455153240877, null, 0.0241425766712095, 0.00639331118836663]",-0.000871478998512543,0.6051118390253082,0.00034294333230874005,0.6045833033591044,0.05,activate_factor,8192,16384,16383.256169719283,0.999954600202593,2,3.258897596225552e-10,6.382091815800932,1568.7318119518793,16389,0.009948916966095567,True,4eafe727b67864632d25d30b526cbdb5c0a83989bf31e7b0cf41f7129c8a89da
adaptive,9,4,2,13,10,"[4, 5]",6,"[5.666986595565529e-06, 1.97797267538497e-05, 6.903802997579076e-05, 0.22142764137092216, null, null, 0.23916114844530337, 0.06333340749007002]",-0.0008934876753205096,0.5240166820496208,0.00024603059328726713,0.5233692249675875,0.05,activate_factor,8192,16384,16382.173209920486,0.9998885015820609,2,8.433362896909102e-10,6.382091815800932,1568.7318119518793,49167,0.01026591588743031,True,4eafe727b67864632d25d30b526cbdb5c0a83989bf31e7b0cf41f7129c8a89da
adaptive,9,4,3,13,0,"[4, 5, 6]",0,"[0.2341212352494838, 0.062011508250081775, 8.679042695962076e-05, 0.2163787678472206, null, null, null, 0.0013385170454929725]",-0.0010401541860374046,0.5139368188192388,0.00023897156417246017,0.5131356361973739,0.05,activate_factor,8192,16384,16380.756560734153,0.9998020361776216,2,4.965276523272166e-10,6.382091815800932,1568.7318119518793,98334,0.01004620804451406,True,4eafe727b67864632d25d30b526cbdb5c0a83989bf31e7b0cf41f7129c8a89da
adaptive,9,4,4,13,7,"[0, 4, 5, 6]",7,"[null, 1.9447789660509953e-05, 6.787945567973375e-05, 0.2177117130076875, null, null, null, 0.21773104042750788]",-0.0010364701070889946,0.4355300806805356,0.0002108279480872821,0.4347044385215339,0.05,activate_factor,8192,16384,16379.325525343953,0.9997146927089815,2,6.819872444552288e-10,6.382091815800932,1568.7318119518793,163890,0.01068274979479611,True,4eafe727b67864632d25d30b526cbdb5c0a83989bf31e7b0cf41f7129c8a89da
adaptive,9,4,5,13,1,"[0, 4, 5, 6, 7]",1,"[null, 0.21639329719216077, 0.00013492450138439022, 0.21639255844335561, null, null, null, null]",-0.0009635340328789891,0.4329207801369007,0.0002191908934916886,0.4321764369975134,0.05,activate_factor,8192,16384,16376.98482173741,0.9995718274986212,2,6.819873554775313e-10,6.382091815800932,1568.7318119518793,245835,0.011390709085389972,True,4eafe727b67864632d25d30b526cbdb5c0a83989bf31e7b0cf41f7129c8a89da
adaptive,9,4,6,13,4,"[0, 1, 4, 5, 6, 7]",3,"[null, null, 8.678955711029094e-05, 0.27836262033110754, null, null, null, null]",-0.0009631247078927084,0.27844940988821787,0.00023088169576295962,0.2777171668760881,0.05,activate_factor,8192,16384,16376.090301247574,0.9995172303007552,2,4.90873119929347e-10,6.382091815800932,1568.7318119518793,344169,0.010716084158048034,True,4eafe727b67864632d25d30b526cbdb5c0a83989bf31e7b0cf41f7129c8a89da
adaptive,9,4,7,13,13,"[0, 1, 3, 4, 5, 6, 7]",,"[null, null, 0.0, null, null, null, null, null]",0.0,0.0,0.0,0.0,0.05,screening_tolerance,8192,16384,16375.668001049347,0.9994914551421721,2,4.904435191299683e-10,6.382091815800932,1568.7318119518793,458892,0.011908750049769878,True,4eafe727b67864632d25d30b526cbdb5c0a83989bf31e7b0cf41f7129c8a89da
adaptive,9,5,0,4,10,[],6,"[1.8670947911791547e-09, 6.516801151906576e-09, 2.2745870992334067e-08, 7.295348037196827e-05, 0.23400665580705746, 0.12858266260570045, 0.25163048470002974, 0.06663547205735028]",-9.203043251180876e-06,0.6809282597802768,0.00031023604528217306,0.6812292927823078,0.05,activate_factor,8192,16384,16383.999999999985,0.9999999999999991,0,0.0,6.737807259755708,1486.3753672239166,0,0.010202832985669374,True,4eafe727b67864632d25d30b526cbdb5c0a83989bf31e7b0cf41f7129c8a89da
adaptive,9,5,1,4,5,[6],5,"[2.2206877757575666e-09, 7.750961934591562e-09, 2.7053515384579834e-08, 8.676951101440349e-05, 0.27832315874399416, 0.29594553117183314, null, 0.02231492473847888]",-0.00019139760909718344,0.5966704211904857,0.00015730388571745784,0.596636327467106,0.05,activate_factor,8192,16384,16382.43689921732,0.9999045958994947,2,1.1520651099772294e-10,6.737807259755708,1486.3753672239166,16389,0.010398458922281861,True,4eafe727b67864632d25d30b526cbdb5c0a83989bf31e7b0cf41f7129c8a89da
adaptive,9,5,2,4,16,"[5, 6]",0,"[0.23411569920494615, 0.06199218555601756, 1.934759781347392e-05, 6.745956611657778e-05, 0.21636496913490355, null, null, 0.004671779912131792]",-0.0002043485194214723,0.5172314409719291,0.00012746782160177476,0.5171545602741093,0.05,activate_factor,8192,16384,16381.777580410651,0.999864354273111,2,2.503906526563071e-10,6.737807259755708,1486.3753672239166,49167,0.010211291955783963,True,4eafe727b67864632d25d30b526cbdb5c0a83989bf31e7b0cf41f7129c8a89da
adaptive,9,5,3,1,4,"[0, 5, 6]",1,"[null, 0.21637397326754823, 6.747737720269268e-05, 6.747457230604575e-05, 0.21636497343407002, null, null, 0.004671780004959941]",-3.142864495259075e-05,0.43754567865608696,0.00014373316534416398,0.4376579831764785,0.05,activate_factor,8192,16384,16379.99102155773,0.9997553113743731,2,6.817407749437621e-10,6.737807259755708,1486.3753672239166,98334,0.012890666956081986,True,4eafe727b67864632d25d30b526cbdb5c0a83989bf31e7b0cf41f7129c8a89da
adaptive,9,5,4,4,9,"[0, 1, 5, 6]",7,"[null, null, 2.148517238081906e-08, 6.891000578086436e-05, 0.22103674728342498, null, null, 0.22105606668018724]",-0.00015748601363247306,0.4421617454545655,0.0002548596394093369,0.4422591190803424,0.05,activate_factor,8192,16384,16378.803066530107,0.9996828043536442,2,2.5014301741066447e-10,6.737807259755708,1486.3753672239166,163890,0.010796000016853213,True,4eafe727b67864632d25d30b526cbdb5c0a83989bf31e7b0cf41f7129c8a89da
adaptive,9,5,5,4,5,"[0, 1, 5, 6, 7]",4,"[null, null, 2.7053515384579834e-08, 8.676951101440349e-05, 0.27832315874399416, null, null, null]",-0.00022159202814913228,0.27840995530852397,0.00010669609449439417,0.27829505937486926,0.05,activate_factor,8192,16384,16377.491408869011,0.9996027471233527,2,4.036131429074885e-10,6.737807259755708,1486.3753672239166,245835,0.011208374984562397,True,4eafe727b67864632d25d30b526cbdb5c0a83989bf31e7b0cf41f7129c8a89da
adaptive,9,5,6,9,4,"[0, 1, 4, 5, 6, 7]",,"[null, null, 2.148517238081906e-08, 6.891000578086436e-05, null, null, null, null]",-3.2377985241375326e-06,6.893149095324516e-05,0.00011892661068190399,0.00018462030311101164,0.05,screening_tolerance,8192,16384,16376.068935458237,0.9995159262364647,2,4.91207741148969e-10,6.737807259755708,1486.3753672239166,344169,0.014227791922166944,True,4eafe727b67864632d25d30b526cbdb5c0a83989bf31e7b0cf41f7129c8a89da
adaptive,9,6,0,4,10,[],6,"[1.8670947911791547e-09, 6.516801151906576e-09, 2.2745870992334067e-08, 7.295348037196827e-05, 0.23400665580705746, 0.12858266260570045, 0.25163048470002974, 0.06663547205735028]",-1.1466980391397915e-05,0.6809282597802768,0.0001456787760062688,0.6810624715758917,0.05,activate_factor,8192,16384,16383.999999999985,0.9999999999999991,0,0.0,6.737807259755708,1486.3753672239166,0,0.010024416958913207,True,4eafe727b67864632d25d30b526cbdb5c0a83989bf31e7b0cf41f7129c8a89da
adaptive,9,6,1,4,5,[6],5,"[2.2206877757575666e-09, 7.750961934591562e-09, 2.7053515384579834e-08, 8.676951101440349e-05, 0.27832315874399416, 0.29594553117183314, null, 0.02231492473847888]",-0.0001766920013636356,0.5966704211904857,0.00012781248879218616,0.5966215416779143,0.05,activate_factor,8192,16384,16382.727455453902,0.9999223300447938,2,4.887235061090678e-11,6.737807259755708,1486.3753672239166,16389,0.010308124823495746,True,4eafe727b67864632d25d30b526cbdb5c0a83989bf31e7b0cf41f7129c8a89da
adaptive,9,6,2,4,16,"[5, 6]",0,"[0.23411569920494615, 0.06199218555601756, 1.934759781347392e-05, 6.745956611657778e-05, 0.21636496913490355, null, null, 0.004671779912131792]",-0.00010786687838308484,0.5172314409719291,0.00011789379794974013,0.5172414678914957,0.05,activate_factor,8192,16384,16382.14119230678,0.9998865473820057,2,2.264435305932011e-10,6.737807259755708,1486.3753672239166,49167,0.010753249982371926,True,4eafe727b67864632d25d30b526cbdb5c0a83989bf31e7b0cf41f7129c8a89da
adaptive,9,6,3,4,7,"[0, 5, 6]",7,"[null, 6.155604951947748e-09, 2.148517238081906e-08, 6.891000578086436e-05, 0.22103674728342498, null, null, 0.22105606668018724]",-0.0002430618929757338,0.44216175161017046,0.0001333529492469257,0.44205204266644166,0.05,activate_factor,8192,16384,16379.561337988605,0.9997290855705936,2,6.817411080106694e-10,6.737807259755708,1486.3753672239166,98334,0.010530750034376979,True,4eafe727b67864632d25d30b526cbdb5c0a83989bf31e7b0cf41f7129c8a89da
adaptive,9,6,4,4,1,"[0, 5, 6, 7]",1,"[null, 0.21637397326754823, 6.747737720269268e-05, 6.747457230604575e-05, 0.21636497343407002, null, null, null]",-0.00018664352267143286,0.432873898651127,0.00012195022335922567,0.43280920535181483,0.05,activate_factor,8192,16384,16379.440750933181,0.9997217255208241,2,6.81740996988367e-10,6.737807259755708,1486.3753672239166,163890,0.011000625090673566,True,4eafe727b67864632d25d30b526cbdb5c0a83989bf31e7b0cf41f7129c8a89da
adaptive,9,6,5,4,5,"[0, 1, 5, 6, 7]",4,"[null, null, 2.7053515384579834e-08, 8.676951101440349e-05, 0.27832315874399416, null, null, null]",-0.0001278731288154495,0.27840995530852397,0.0002275531384058335,0.27850963531811435,0.05,activate_factor,8192,16384,16378.847802037273,0.999685534792314,2,2.391565834258813e-10,6.737807259755708,1486.3753672239166,245835,0.010794667061418295,True,4eafe727b67864632d25d30b526cbdb5c0a83989bf31e7b0cf41f7129c8a89da
adaptive,9,6,6,0,4,"[0, 1, 4, 5, 6, 7]",,"[null, null, 1.934759781347392e-05, 6.745956611657778e-05, null, null, null, null]",-7.465210093478575e-06,8.680716393005171e-05,0.00012534322035784526,0.0002046851741944184,0.05,screening_tolerance,8192,16384,16377.36118722598,0.9995947990250232,2,5.228437127691166e-10,6.737807259755708,1486.3753672239166,344169,0.01115166605450213,True,4eafe727b67864632d25d30b526cbdb5c0a83989bf31e7b0cf41f7129c8a89da
adaptive,10,1,0,3,5,[],5,"[5.991936380390666e-06, 2.091391294684128e-05, 7.299672876694393e-05, 0.23412448884079265, 0.12902765678615333, 0.2531933269374243, 0.07209309507156071, 0.019091317285724375]",-0.014123556274376139,0.7076297874997495,0.0022628998399754937,0.6957691310653489,0.05,activate_factor,8192,16384,16383.999999999985,0.9999999999999991,0,0.0,6.382091815800932,1568.7318119518793,0,0.010541416937485337,True,4eafe727b67864632d25d30b526cbdb5c0a83989bf31e7b0cf41f7129c8a89da
adaptive,10,1,1,5,4,[5],4,"[2.0407984509601607e-06, 7.123086500899019e-06, 2.486201480377756e-05, 0.07974064873606435, 0.3011434280921828, null, 0.0861268494367617, 0.022807662894551786]",-0.00691219728262004,0.48985261505931627,0.0022195686485914114,0.4851599864252876,0.05,activate_factor,8192,16384,16382.208094043266,0.9998906307399454,2,5.890116172579951e-10,6.382091815800932,1568.7318119518793,16389,0.010661000153049827,True,4eafe727b67864632d25d30b526cbdb5c0a83989bf31e7b0cf41f7129c8a89da
adaptive,10,1,2,1,6,"[4, 5]",6,"[0.061992309381936915, 0.21637442046803917, 6.903826028672369e-05, 0.00507373937844196, null, null, 0.23410718879361528, 0.06199504426452321]",-0.009326401697679891,0.5796117405468433,0.0023271114641874235,0.5726124503133508,0.05,activate_factor,8192,16384,16380.50235304122,0.9997865205713635,2,4.852507284880403e-11,6.382091815800932,1568.7318119518793,49167,0.010382666951045394,True,4eafe727b67864632d25d30b526cbdb5c0a83989bf31e7b0cf41f7129c8a89da
adaptive,10,1,3,6,0,"[4, 5, 6]",0,"[0.23411582697747396, 0.06199263152596019, 2.0904185861954237e-05, 0.005059948782306951, null, null, null, 0.061994958956023784]",-0.012354675897464808,0.36318427042762685,0.002465299826280958,0.353294894356443,0.05,activate_factor,8192,16384,16378.258963692162,0.9996495949519142,3,1.5725615254424952e-13,6.382091815800932,1568.7318119518793,98340,0.010970749892294407,True,4eafe727b67864632d25d30b526cbdb5c0a83989bf31e7b0cf41f7129c8a89da
adaptive,10,1,4,0,1,"[0, 4, 5, 6]",1,"[null, 0.2783661489913671, 8.679065727055367e-05, 2.4865854740415734e-05, null, null, null, 1.5381994616194042e-07]",-0.0002633905872702528,0.27847795932332425,0.002422831088673831,0.28063739982472785,0.05,activate_factor,8192,16384,16376.650371296184,0.9995514142636831,3,1.2514295155696686e-13,6.382091815800932,1568.7318119518793,163904,0.011176875093951821,True,4eafe727b67864632d25d30b526cbdb5c0a83989bf31e7b0cf41f7129c8a89da
adaptive,10,1,5,6,3,"[0, 1, 4, 5, 6]",3,"[null, null, 6.903802997579076e-05, 0.22142764137092216, null, null, null, 0.06333340749007002]",-0.011066439184539948,0.284830086890968,0.00404393842068948,0.27780758612711753,0.05,activate_factor,8192,16384,16374.98613952627,0.9994498376175702,3,1.0258460747536446e-13,6.382091815800932,1568.7318119518793,245859,0.010990542126819491,True,4eafe727b67864632d25d30b526cbdb5c0a83989bf31e7b0cf41f7129c8a89da
adaptive,10,1,6,3,7,"[0, 1, 3, 4, 5, 6]",7,"[null, null, 6.787945567973375e-05, null, null, null, null, 0.21773104042750788]",-0.025403775014347603,0.2177989198831876,0.0024492796896054617,0.19484442455844547,0.05,activate_factor,8192,16384,16373.642896547783,0.9993678525724965,3,1.547061090345636e-13,6.382091815800932,1568.7318119518793,344205,0.012099707964807749,True,4eafe727b67864632d25d30b526cbdb5c0a83989bf31e7b0cf41f7129c8a89da
adaptive,10,1,7,3,3,"[0, 1, 3, 4, 5, 6, 7]",,"[null, null, 0.0, null, null, null, null, null]",0.0,0.0,0.0,0.0,0.05,screening_tolerance,8192,16384,16372.620837836987,0.9993054710593864,2,7.417392255959498e-10,6.382091815800932,1568.7318119518793,458928,0.011820917017757893,True,4eafe727b67864632d25d30b526cbdb5c0a83989bf31e7b0cf41f7129c8a89da
adaptive,10,2,0,4,5,[],5,"[2.0407984509601607e-06, 7.123086500899019e-06, 2.486201480377756e-05, 0.07974064873606435, 0.3011434280921828, 0.3024803349875133, 0.0861268494367617, 0.022807662894551786]",-0.006978491118285687,0.7923329500468295,0.0010644649796837393,0.7864189239082275,0.05,activate_factor,8192,16384,16383.999999999985,0.9999999999999991,0,0.0,6.382091815800932,1568.7318119518793,0,0.01023983396589756,True,4eafe727b67864632d25d30b526cbdb5c0a83989bf31e7b0cf41f7129c8a89da
adaptive,10,2,1,4,6,[5],6,"[1.7158486661350243e-06, 5.988900307907438e-06, 2.0903316012624417e-05, 0.06704380126619387, 0.2531933269374243, null, 0.25319490281050433, 0.06704975309889744]",-0.009428798164991151,0.6405103921780068,0.001230379832039932,0.6323119738450556,0.05,activate_factor,8192,16384,16381.903422929838,0.9998720350909325,3,2.0145611388929993e-13,6.382091815800932,1568.7318119518793,16391,0.012929457938298583,True,4eafe727b67864632d25d30b526cbdb5c0a83989bf31e7b0cf41f7129c8a89da
adaptive,10,2,2,4,0,"[5, 6]",0,"[0.23411728411155439, 0.061997717423635836, 3.86557129964544e-05, 0.06199492774249234, 0.23410674791059238, null, null, 0.005054862654320385]",-0.010996950825431014,0.5973101955555917,0.0014196551130261047,0.5877328998431868,0.05,activate_factor,8192,16384,16379.406298823362,0.9997196227309181,3,4.130584763117895e-13,6.382091815800932,1568.7318119518793,49173,0.010477458126842976,True,4eafe727b67864632d25d30b526cbdb5c0a83989bf31e7b0cf41f7129c8a89da
adaptive,10,2,3,4,13,"[0, 5, 6]",4,"[null, 2.4865624429482584e-05, 8.678955711029094e-05, 0.27836262033110754, 0.29609455153240877, null, null, 0.00639331118836663]",-0.011465748318582589,0.5809621382334227,0.0012332783211050924,0.5707296682359452,0.05,activate_factor,8192,16384,16377.50386395931,0.9996035073217352,3,2.3735180487705065e-13,6.382091815800932,1568.7318119518793,98346,0.010612749960273504,True,4eafe727b67864632d25d30b526cbdb5c0a83989bf31e7b0cf41f7129c8a89da
adaptive,10,2,4,5,1,"[0, 4, 5, 6]",1,"[null, 0.2163755546542322, 7.299695907787684e-05, 0.01777058684831241, null, null, null, 0.017752954060177562]",-0.00111792827761456,0.25197209252180003,0.0015904400091117724,0.25244460425329723,0.05,activate_factor,8192,16384,16375.844537355326,0.9995022300631913,3,2.487107741977468e-13,6.382091815800932,1568.7318119518793,163910,0.01169441593810916,True,4eafe727b67864632d25d30b526cbdb5c0a83989bf31e7b0cf41f7129c8a89da
adaptive,10,2,5,5,13,"[0, 1, 4, 5, 6]",3,"[null, null, 7.299672876694393e-05, 0.23412448884079265, null, null, null, 0.019091317285724375]",-0.003971787463230053,0.25328880285528393,0.0014148951819569445,0.25073191057401084,0.05,activate_factor,8192,16384,16374.956119421677,0.9994480053357957,3,1.3364309658925322e-13,6.382091815800932,1568.7318119518793,245865,0.0112146669998765,True,4eafe727b67864632d25d30b526cbdb5c0a83989bf31e7b0cf41f7129c8a89da
adaptive,10,2,6,5,7,"[0, 1, 3, 4, 5, 6]",7,"[null, null, 5.9519133732203605e-06, null, null, null, null, 0.234145392133693]",-0.00584013314929881,0.23415134404706628,0.001037423223367634,0.2293486341211351,0.05,activate_factor,8192,16384,16374.100123115963,0.999395759467527,3,4.171107903516713e-13,6.382091815800932,1568.7318119518793,344211,0.01157495891675353,True,4eafe727b67864632d25d30b526cbdb5c0a83989bf31e7b0cf41f7129c8a89da
adaptive,10,2,7,5,6,"[0, 1, 3, 4, 5, 6, 7]",,"[null, null, 7.1104876692773914e-06, null, null, null, null, null]",-0.001157527249871702,7.11048766927739e-06,0.001477948185882351,0.00032753142367992626,0.05,screening_tolerance,8192,16384,16373.764132748543,0.9993752522429531,3,2.692845946228317e-13,6.382091815800932,1568.7318119518793,458948,0.011373542016372085,True,4eafe727b67864632d25d30b526cbdb5c0a83989bf31e7b0cf41f7129c8a89da
adaptive,10,3,0,4,11,[],5,"[2.0407984509601607e-06, 7.123086500899019e-06, 2.486201480377756e-05, 0.07974064873606435, 0.3011434280921828, 0.3024803349875133, 0.0861268494367617, 0.022807662894551786]",-0.011089115211157104,0.7923329500468295,0.0011736666772829778,0.7824175015129553,0.05,activate_factor,8192,16384,16383.999999999985,0.9999999999999991,0,0.0,6.382091815800932,1568.7318119518793,0,0.011159374844282866,True,4eafe727b67864632d25d30b526cbdb5c0a83989bf31e7b0cf41f7129c8a89da
adaptive,10,3,1,4,6,[5],6,"[1.7158486661350243e-06, 5.988900307907438e-06, 2.0903316012624417e-05, 0.06704380126619387, 0.2531933269374243, null, 0.25319490281050433, 0.06704975309889744]",-0.010520534262188245,0.6405103921780068,0.001187068050072621,0.6311769259658911,0.05,activate_factor,8192,16384,16383.671030966796,0.999979921323657,2,1.9584645016834656e-10,6.382091815800932,1568.7318119518793,16389,0.0102245828602463,True,4eafe727b67864632d25d30b526cbdb5c0a83989bf31e7b0cf41f7129c8a89da
adaptive,10,3,2,4,0,"[5, 6]",0,"[0.23411728411155439, 0.061997717423635836, 3.86557129964544e-05, 0.06199492774249234, 0.23410674791059238, null, null, 0.005054862654320385]",-0.010580895309037615,0.5973101955555917,0.001202821471270026,0.5879321217178242,0.05,activate_factor,8192,16384,16381.244197811842,0.9998317991828517,3,2.5956761156447944e-13,6.382091815800932,1568.7318119518793,49171,0.010506832972168922,True,4eafe727b67864632d25d30b526cbdb5c0a83989bf31e7b0cf41f7129c8a89da
adaptive,10,3,3,4,13,"[0, 5, 6]",4,"[null, 2.4865624429482584e-05, 8.678955711029094e-05, 0.27836262033110754, 0.29609455153240877, null, null, 0.00639331118836663]",-0.011227255483162705,0.5809621382334227,0.0011976475567651924,0.5709325303070252,0.05,activate_factor,8192,16384,16380.103864762972,0.9997621987770369,3,1.7603279944822248e-13,6.382091815800932,1568.7318119518793,98344,0.010822708019986749,True,4eafe727b67864632d25d30b526cbdb5c0a83989bf31e7b0cf41f7129c8a89da
adaptive,10,3,4,6,1,"[0, 4, 5, 6]",1,"[null, 0.21637442046803917, 6.903826028672369e-05, 0.00507373937844196, null, null, null, 0.06199504426452321]",-0.0006724032806749309,0.2835122423712911,0.0010699094699808543,0.283909748560597,0.05,activate_factor,8192,16384,16377.99048416148,0.9996332082618091,3,5.51614309785009e-13,6.382091815800932,1568.7318119518793,163908,0.010876249987632036,True,4eafe727b67864632d25d30b526cbdb5c0a83989bf31e7b0cf41f7129c8a89da
adaptive,10,3,5,6,13,"[0, 1, 4, 5, 6]",3,"[null, null, 6.903802997579076e-05, 0.22142764137092216, null, null, null, 0.06333340749007002]",-0.0028548791918435166,0.284830086890968,0.0010289369505984633,0.28300414464972296,0.05,activate_factor,8192,16384,16377.479782531414,0.9996020375080209,3,1.8074430840897548e-13,6.382091815800932,1568.7318119518793,245863,0.01125891599804163,True,4eafe727b67864632d25d30b526cbdb5c0a83989bf31e7b0cf41f7129c8a89da
adaptive,10,3,6,6,7,"[0, 1, 3, 4, 5, 6]",7,"[null, null, 1.9932145820672222e-06, null, null, null, null, 0.27838748233803867]",-0.00474351345742537,0.2783894755526208,0.0009625487314256988,0.27460851082662113,0.05,activate_factor,8192,16384,16376.703401017314,0.9995546509409982,3,3.6676217618492046e-13,6.382091815800932,1568.7318119518793,344209,0.011514333076775074,True,4eafe727b67864632d25d30b526cbdb5c0a83989bf31e7b0cf41f7129c8a89da
adaptive,10,3,7,6,0,"[0, 1, 3, 4, 5, 6, 7]",,"[null, null, 2.0904185861954237e-05, null, null, null, null, null]",-0.00015301237983351908,2.0904185861954237e-05,0.0028074498751177596,0.002675341681146195,0.05,screening_tolerance,8192,16384,16375.138395459358,0.9994591305822362,2,8.853825450572117e-10,6.382091815800932,1568.7318119518793,458932,0.01127187511883676,True,4eafe727b67864632d25d30b526cbdb5c0a83989bf31e7b0cf41f7129c8a89da
adaptive,10,4,0,4,11,[],5,"[2.0407984509601607e-06, 7.123086500899019e-06, 2.486201480377756e-05, 0.07974064873606435, 0.3011434280921828, 0.3024803349875133, 0.0861268494367617, 0.022807662894551786]",-0.012969605281172445,0.7923329500468295,0.0017298691626662747,0.7810932139283233,0.05,activate_factor,8192,16384,16383.999999999985,0.9999999999999991,0,0.0,6.382091815800932,1568.7318119518793,0,0.010186082916334271,True,4eafe727b67864632d25d30b526cbdb5c0a83989bf31e7b0cf41f7129c8a89da
adaptive,10,4,1,4,10,[5],6,"[1.7158486661350243e-06, 5.988900307907438e-06, 2.0903316012624417e-05, 0.06704380126619387, 0.2531933269374243, null, 0.25319490281050433, 0.06704975309889744]",-0.012883324308129602,0.6405103921780068,0.0011313068429221577,0.6287583747127993,0.05,activate_factor,8192,16384,16383.634075949665,0.9999776657684122,2,1.9578993981639314e-10,6.382091815800932,1568.7318119518793,16389,0.010333833983168006,True,4eafe727b67864632d25d30b526cbdb5c0a83989bf31e7b0cf41f7129c8a89da
adaptive,10,4,2,4,0,"[5, 6]",0,"[0.23411728411155439, 0.061997717423635836, 3.86557129964544e-05, 0.06199492774249234, 0.23410674791059238, null, null, 0.005054862654320385]",-0.010663430059510606,0.5973101955555917,0.0012249742072554493,0.5878717397033366,0.05,activate_factor,8192,16384,16383.376324733115,0.9999619338826364,2,7.24067028556874e-10,6.382091815800932,1568.7318119518793,49167,0.010465124854817986,True,4eafe727b67864632d25d30b526cbdb5c0a83989bf31e7b0cf41f7129c8a89da
adaptive,10,4,3,4,13,"[0, 5, 6]",4,"[null, 2.4865624429482584e-05, 8.678955711029094e-05, 0.27836262033110754, 0.29609455153240877, null, null, 0.00639331118836663]",-0.011823506268462779,0.5809621382334227,0.0011834813262900847,0.57032211329125,0.05,activate_factor,8192,16384,16381.451967565054,0.999844480442203,2,7.240789079432375e-10,6.382091815800932,1568.7318119518793,98334,0.010045249946415424,True,4eafe727b67864632d25d30b526cbdb5c0a83989bf31e7b0cf41f7129c8a89da
adaptive,10,4,4,0,1,"[0, 4, 5, 6]",1,"[null, 0.2783661489913671, 8.679065727055367e-05, 2.4865854740415734e-05, null, null, null, 1.5381994616194042e-07]",-0.00028620749888942556,0.27847795932332425,0.0010221085467027118,0.27921386037113755,0.05,activate_factor,8192,16384,16380.207405225316,0.9997685183853342,2,8.870215673084658e-10,6.382091815800932,1568.7318119518793,163890,0.010415874887257814,True,4eafe727b67864632d25d30b526cbdb5c0a83989bf31e7b0cf41f7129c8a89da
adaptive,10,4,5,15,13,"[0, 1, 4, 5, 6]",3,"[null, null, 0.00013492450138439022, 0.21639255844335561, null, null, null, 0.0013386023539924054]",-0.0019473694602788498,0.21786608529873244,0.0009971419807600409,0.21691585781921363,0.05,activate_factor,8192,16384,16378.989539140543,0.9996941857385585,2,8.870206791300461e-10,6.382091815800932,1568.7318119518793,245835,0.010901083005592227,True,4eafe727b67864632d25d30b526cbdb5c0a83989bf31e7b0cf41f7129c8a89da
adaptive,10,4,6,4,7,"[0, 1, 3, 4, 5, 6]",7,"[null, null, 1.9744741716567393e-05, null, null, null, null, 0.22144738603633526]",-0.005468206577059493,0.22146713077805188,0.0010962177299365331,0.21709514193092894,0.05,activate_factor,8192,16384,16378.699542059649,0.9996764857214141,2,8.737661705282562e-10,6.382091815800932,1568.7318119518793,344169,0.01092270901426673,True,4eafe727b67864632d25d30b526cbdb5c0a83989bf31e7b0cf41f7129c8a89da
adaptive,10,4,7,0,4,"[0, 1, 3, 4, 5, 6, 7]",,"[null, null, 3.86557129964544e-05, null, null, null, null, null]",-9.742719170001174e-05,3.86557129964544e-05,0.0010223806374112744,0.000963609158707717,0.05,screening_tolerance,8192,16384,16377.192969716998,0.9995845318430785,2,8.59341375836209e-10,6.382091815800932,1568.7318119518793,458892,0.011810875032097101,True,4eafe727b67864632d25d30b526cbdb5c0a83989bf31e7b0cf41f7129c8a89da
adaptive,10,5,0,4,11,[],5,"[2.0407984509601607e-06, 7.123086500899019e-06, 2.486201480377756e-05, 0.07974064873606435, 0.3011434280921828, 0.3024803349875133, 0.0861268494367617, 0.022807662894551786]",-0.010675511999727287,0.7923329500468295,0.001182698772904141,0.7828401368200063,0.05,activate_factor,8192,16384,16383.999999999985,0.9999999999999991,0,0.0,6.382091815800932,1568.7318119518793,0,0.010373374912887812,True,4eafe727b67864632d25d30b526cbdb5c0a83989bf31e7b0cf41f7129c8a89da
adaptive,10,5,1,4,10,[5],6,"[1.7158486661350243e-06, 5.988900307907438e-06, 2.0903316012624417e-05, 0.06704380126619387, 0.2531933269374243, null, 0.25319490281050433, 0.06704975309889744]",-0.012406088587945339,0.6405103921780068,0.0011441981050214955,0.629248501695083,0.05,activate_factor,8192,16384,16383.662070399101,0.9999793744140076,2,1.9579016186099807e-10,6.382091815800932,1568.7318119518793,16389,0.011818917002528906,True,4eafe727b67864632d25d30b526cbdb5c0a83989bf31e7b0cf41f7129c8a89da
adaptive,10,5,2,4,16,"[5, 6]",0,"[0.23411728411155439, 0.061997717423635836, 3.86557129964544e-05, 0.06199492774249234, 0.23410674791059238, null, null, 0.005054862654320385]",-0.011628612946098602,0.5973101955555917,0.0011721919314557486,0.5868537745409489,0.05,activate_factor,8192,16384,16383.350457320927,0.9999603550610917,2,7.240950061770945e-10,6.382091815800932,1568.7318119518793,49167,0.009911000030115247,True,4eafe727b67864632d25d30b526cbdb5c0a83989bf31e7b0cf41f7129c8a89da
adaptive,10,5,3,4,13,"[0, 5, 6]",4,"[null, 2.4865624429482584e-05, 8.678955711029094e-05, 0.27836262033110754, 0.29609455153240877, null, null, 0.00639331118836663]",-0.011381507988438028,0.5809621382334227,0.0011683959713362877,0.570749026216321,0.05,activate_factor,8192,16384,16383.239891251895,0.9999536066437924,2,7.241490740383938e-10,6.382091815800932,1568.7318119518793,98334,0.010636124992743134,True,4eafe727b67864632d25d30b526cbdb5c0a83989bf31e7b0cf41f7129c8a89da
adaptive,10,5,4,4,13,"[0, 4, 5, 6]",3,"[null, 2.4865624429482584e-05, 8.678955711029094e-05, 0.27836262033110754, null, null, null, 0.00639331118836663]",-0.0016898592526854088,0.284867586701014,0.0017310557032608094,0.28490878315158935,0.05,activate_factor,8192,16384,16382.083062497777,0.9998829994200303,2,8.870190137955092e-10,6.382091815800932,1568.7318119518793,163890,0.01094691688194871,True,4eafe727b67864632d25d30b526cbdb5c0a83989bf31e7b0cf41f7129c8a89da
adaptive,10,5,5,4,1,"[0, 3, 4, 5, 6]",1,"[null, 0.21637950636571476, 8.678978742122384e-05, null, null, null, null, 0.005054947962819819]",-0.0020756116478183786,0.22152124411595583,0.0009779977208405814,0.22042363018897804,0.05,activate_factor,8192,16384,16381.253975084646,0.999832395940225,2,8.737706114203547e-10,6.382091815800932,1568.7318119518793,245835,0.011131917126476765,True,4eafe727b67864632d25d30b526cbdb5c0a83989bf31e7b0cf41f7129c8a89da
adaptive,10,5,6,4,9,"[0, 1, 3, 4, 5, 6]",7,"[null, null, 1.9744741716567393e-05, null, null, null, null, 0.22144738603633526]",-0.004859084418000064,0.22146713077805188,0.0011753991512400948,0.21778344551129192,0.05,activate_factor,8192,16384,16380.295590689706,0.9997739007989322,2,8.73763728037602e-10,6.382091815800932,1568.7318119518793,344169,0.011152750113978982,True,4eafe727b67864632d25d30b526cbdb5c0a83989bf31e7b0cf41f7129c8a89da
adaptive,10,5,7,4,15,"[0, 1, 3, 4, 5, 6, 7]",,"[null, null, 8.678978742122384e-05, null, null, null, null, null]",-5.6152542374149486e-05,8.678978742122386e-05,0.0010194334954700813,0.0010500707405171558,0.05,screening_tolerance,8192,16384,16378.83686091566,0.9996848669992469,2,8.59339710501672e-10,6.382091815800932,1568.7318119518793,458892,0.011811999836936593,True,4eafe727b67864632d25d30b526cbdb5c0a83989bf31e7b0cf41f7129c8a89da
adaptive,10,6,0,1,11,[],5,"[0.061992634331721745, 0.2163755546542322, 7.299695907787684e-05, 0.01777058684831241, 0.06704380407195544, 0.23544365400205877, 0.0670391354198726, 0.017752954060177562]",-0.0014344803000148972,0.6834913203474084,0.001271591051488271,0.6833284310988819,0.05,activate_factor,8192,16384,16383.999999999985,0.9999999999999991,0,0.0,6.382091815800932,1568.7318119518793,0,0.010356208076700568,True,4eafe727b67864632d25d30b526cbdb5c0a83989bf31e7b0cf41f7129c8a89da
adaptive,10,6,1,15,12,[5],4,"[0.06199376651601733, 0.21637950636571476, 8.678978742122384e-05, 0.06200871833862735, 0.23411069881821087, null, 0.019088617019521387, 0.005054947962819819]",-0.0012805695650273138,0.5987230448083327,0.0008523428625151145,0.5982948181058205,0.05,activate_factor,8192,16384,16383.638859215904,0.9999779577158144,2,1.9600499001626304e-10,6.382091815800932,1568.7318119518793,16389,0.010244000004604459,True,4eafe727b67864632d25d30b526cbdb5c0a83989bf31e7b0cf41f7129c8a89da
adaptive,10,6,2,12,10,"[4, 5]",6,"[1.7158486661350243e-06, 5.988900307907438e-06, 2.0903316012624417e-05, 0.06704380126619387, null, null, 0.25319490281050433, 0.06704975309889744]",-0.006010081613392019,0.3873170652405824,0.0014498696746249344,0.3827568533018153,0.05,activate_factor,8192,16384,16383.01927785739,0.9999401414707879,3,4.676038202477972e-13,6.382091815800932,1568.7318119518793,49171,0.010580708971247077,True,4eafe727b67864632d25d30b526cbdb5c0a83989bf31e7b0cf41f7129c8a89da
adaptive,10,6,3,12,16,"[4, 5, 6]",0,"[0.23411728411155439, 0.061997717423635836, 3.86557129964544e-05, 0.06199492774249234, null, null, null, 0.005054862654320385]",-0.004045229624588299,0.36320344764499934,0.000995750259646378,0.3601539682800574,0.05,activate_factor,8192,16384,16382.790148759144,0.9999261565404751,3,4.561552958276538e-13,6.382091815800932,1568.7318119518793,98344,0.010745333973318338,True,4eafe727b67864632d25d30b526cbdb5c0a83989bf31e7b0cf41f7129c8a89da
adaptive,10,6,4,12,13,"[0, 4, 5, 6]",3,"[null, 2.4865624429482584e-05, 8.678955711029094e-05, 0.27836262033110754, null, null, null, 0.00639331118836663]",-0.0022363680786961077,0.284867586701014,0.0010069747804343616,0.2836381934027522,0.05,activate_factor,8192,16384,16382.49993808434,0.999908443486593,3,2.0650148258027912e-13,6.382091815800932,1568.7318119518793,163908,0.010732540860772133,True,4eafe727b67864632d25d30b526cbdb5c0a83989bf31e7b0cf41f7129c8a89da
adaptive,10,6,5,12,1,"[0, 3, 4, 5, 6]",1,"[null, 0.21637950636571476, 8.678978742122384e-05, null, null, null, null, 0.005054947962819819]",-0.002615101846116568,0.22152124411595583,0.0009746230609721061,0.21988076533081138,0.05,activate_factor,8192,16384,16381.88580064022,0.9998709595117322,3,2.2715163083830703e-13,6.382091815800932,1568.7318119518793,245863,0.011045458959415555,True,4eafe727b67864632d25d30b526cbdb5c0a83989bf31e7b0cf41f7129c8a89da
adaptive,10,6,6,12,7,"[0, 1, 3, 4, 5, 6]",7,"[null, null, 1.9744741716567393e-05, null, null, null, null, 0.22144738603633526]",-0.005571063546519869,0.22146713077805188,0.0012279957141932783,0.21712406294572528,0.05,activate_factor,8192,16384,16380.783969183165,0.9998037090565897,3,2.0142221224261903e-13,6.382091815800932,1568.7318119518793,344209,0.011052708141505718,True,4eafe727b67864632d25d30b526cbdb5c0a83989bf31e7b0cf41f7129c8a89da
adaptive,10,6,7,15,12,"[0, 1, 3, 4, 5, 6, 7]",,"[null, null, 8.678978742122384e-05, null, null, null, null, null]",-3.096656644180992e-05,8.678978742122386e-05,0.0010152703545702995,0.0010710935755497133,0.05,screening_tolerance,8192,16384,16379.539224755561,0.9997277358859595,3,2.97761815204467e-13,6.382091815800932,1568.7318119518793,458946,0.011568125104531646,True,4eafe727b67864632d25d30b526cbdb5c0a83989bf31e7b0cf41f7129c8a89da
adaptive,11,1,0,1,5,[],5,"[0.061992634331721745, 0.2163755546542322, 7.299695907787684e-05, 0.01777058684831241, 0.06704380407195544, 0.23544365400205877, 0.0670391354198726, 0.017752954060177562]",-0.01354517270188833,0.6834913203474084,0.0024147007002286187,0.6723608483457487,0.05,activate_factor,8192,16384,16383.999999999985,0.9999999999999991,0,0.0,6.382091815800932,1568.7318119518793,0,0.010041625006124377,True,4eafe727b67864632d25d30b526cbdb5c0a83989bf31e7b0cf41f7129c8a89da
adaptive,11,1,1,11,12,[5],4,"[2.0407984509601607e-06, 7.123086500899019e-06, 2.486201480377756e-05, 0.07974064873606435, 0.3011434280921828, null, 0.0861268494367617, 0.022807662894551786]",-0.010275487101715977,0.48985261505931627,0.002337694980478376,0.48191482293807864,0.05,activate_factor,8192,16384,16381.603457038695,0.9998537266258969,2,4.8446668898805e-10,6.382091815800932,1568.7318119518793,16389,0.009931124979630113,True,4eafe727b67864632d25d30b526cbdb5c0a83989bf31e7b0cf41f7129c8a89da
adaptive,11,1,2,12,10,"[4, 5]",6,"[1.7158486661350243e-06, 5.988900307907438e-06, 2.0903316012624417e-05, 0.06704380126619387, null, null, 0.25319490281050433, 0.06704975309889744]",-0.018120315303531774,0.3873170652405824,0.0025155077746025108,0.3717122577116531,0.05,activate_factor,8192,16384,16380.058468674784,0.9997594280197012,3,1.0880185641326534e-13,6.382091815800932,1568.7318119518793,49171,0.01057620788924396,True,4eafe727b67864632d25d30b526cbdb5c0a83989bf31e7b0cf41f7129c8a89da
adaptive,11,1,3,12,0,"[4, 5, 6]",0,"[0.23411728411155439, 0.061997717423635836, 3.86557129964544e-05, 0.06199492774249234, null, null, null, 0.005054862654320385]",-0.017479213441154235,0.36320344764499934,0.0027973623085831567,0.34852159651242826,0.05,activate_factor,8192,16384,16378.508587924303,0.9996648308059267,3,1.9562129693895258e-13,6.382091815800932,1568.7318119518793,98344,0.010866542113944888,True,4eafe727b67864632d25d30b526cbdb5c0a83989bf31e7b0cf41f7129c8a89da
adaptive,11,1,4,12,1,"[0, 4, 5, 6]",1,"[null, 0.21637950636571476, 8.678978742122384e-05, 0.06200871833862735, null, null, null, 0.005054947962819819]",-0.0052618053663918,0.28352996245458323,0.0040783840623367235,0.28234654115052815,0.05,activate_factor,8192,16384,16375.978345408632,0.9995103970586323,3,1.8826606940081092e-13,6.382091815800932,1568.7318119518793,163908,0.010772834066301584,True,4eafe727b67864632d25d30b526cbdb5c0a83989bf31e7b0cf41f7129c8a89da
adaptive,11,1,5,1,13,"[0, 1, 4, 5, 6]",3,"[null, null, 0.00013492450138439022, 0.21639255844335561, null, null, null, 0.0013386023539924054]",-0.024954986395262797,0.21786608529873244,0.002751719603340864,0.1956628185068105,0.05,activate_factor,8192,16384,16375.272586341503,0.9994673209436953,3,1.0355605262191148e-13,6.382091815800932,1568.7318119518793,245863,0.011156083084642887,True,4eafe727b67864632d25d30b526cbdb5c0a83989bf31e7b0cf41f7129c8a89da
adaptive,11,1,6,1,7,"[0, 1, 3, 4, 5, 6]",7,"[null, null, 6.787968599066667e-05, null, null, null, null, 0.21639267720196104]",-0.03773174893458534,0.21646055688795174,0.0026240685928364204,0.1813528765462028,0.05,activate_factor,8192,16384,16371.190332488366,0.9992181599419169,3,9.072950724053896e-14,6.382091815800932,1568.7318119518793,344209,0.011582457926124334,True,4eafe727b67864632d25d30b526cbdb5c0a83989bf31e7b0cf41f7129c8a89da
adaptive,11,1,7,1,1,"[0, 1, 3, 4, 5, 6, 7]",,"[null, null, 0.0, null, null, null, null, null]",0.0,0.0,0.0,0.0,0.05,screening_tolerance,8192,16384,16370.060679928827,0.9991492114214372,3,9.820269597504705e-14,6.382091815800932,1568.7318119518793,458946,0.011739583918824792,True,4eafe727b67864632d25d30b526cbdb5c0a83989bf31e7b0cf41f7129c8a89da
adaptive,11,2,0,3,5,[],5,"[5.991936380390666e-06, 2.091391294684128e-05, 7.299672876694393e-05, 0.23412448884079265, 0.12902765678615333, 0.2531933269374243, 0.07209309507156071, 0.019091317285724375]",-0.01329139398649231,0.7076297874997495,0.002314776367619874,0.696653169880877,0.05,activate_factor,8192,16384,16383.999999999985,0.9999999999999991,0,0.0,6.382091815800932,1568.7318119518793,0,0.010626374976709485,True,4eafe727b67864632d25d30b526cbdb5c0a83989bf31e7b0cf41f7129c8a89da
adaptive,11,2,1,11,12,[5],4,"[2.0407984509601607e-06, 7.123086500899019e-06, 2.486201480377756e-05, 0.07974064873606435, 0.3011434280921828, null, 0.0861268494367617, 0.022807662894551786]",-0.008965182754678228,0.48985261505931627,0.002301635875251913,0.48318906817988994,0.05,activate_factor,8192,16384,16382.222640695529,0.9998915185971392,2,4.844685763671919e-10,6.382091815800932,1568.7318119518793,16389,0.010006082942709327,True,4eafe727b67864632d25d30b526cbdb5c0a83989bf31e7b0cf41f7129c8a89da
adaptive,11,2,2,12,10,"[4, 5]",6,"[1.7158486661350243e-06, 5.988900307907438e-06, 2.0903316012624417e-05, 0.06704380126619387, null, null, 0.25319490281050433, 0.06704975309889744]",-0.017550682331873138,0.3873170652405824,0.0031458661401150625,0.3729122490488243,0.05,activate_factor,8192,16384,16379.672945824994,0.9997358975723263,3,2.2312707237404084e-13,6.382091815800932,1568.7318119518793,49171,0.010345207992941141,True,4eafe727b67864632d25d30b526cbdb5c0a83989bf31e7b0cf41f7129c8a89da
adaptive,11,2,3,12,16,"[4, 5, 6]",0,"[0.23411728411155439, 0.061997717423635836, 3.86557129964544e-05, 0.06199492774249234, null, null, null, 0.005054862654320385]",-0.020538177365951392,0.36320344764499934,0.0032322351121589626,0.3458975053912069,0.05,activate_factor,8192,16384,16378.318502567321,0.9996532289164625,3,1.1962653090336062e-13,6.382091815800932,1568.7318119518793,98344,0.010412666015326977,True,4eafe727b67864632d25d30b526cbdb5c0a83989bf31e7b0cf41f7129c8a89da
adaptive,11,2,4,12,13,"[0, 4, 5, 6]",3,"[null, 2.4865624429482584e-05, 8.678955711029094e-05, 0.27836262033110754, null, null, null, 0.00639331118836663]",-0.009188860793842152,0.284867586701014,0.005911706213565085,0.2815904321207369,0.05,activate_factor,8192,16384,16376.956120700019,0.9995700757263195,3,2.4896751327219135e-13,6.382091815800932,1568.7318119518793,163908,0.010991416871547699,True,4eafe727b67864632d25d30b526cbdb5c0a83989bf31e7b0cf41f7129c8a89da
adaptive,11,2,5,13,15,"[0, 3, 4, 5, 6]",1,"[null, 0.21639329719216077, 0.00013492450138439022, null, null, null, null, 0.0013386023539924054]",-0.028456570186396732,0.21786682404753754,0.0027803461466331253,0.19219060000777394,0.05,activate_factor,8192,16384,16374.743170794087,0.9994350079830375,3,1.919020498064583e-13,6.382091815800932,1568.7318119518793,245863,0.0114032500423491,True,4eafe727b67864632d25d30b526cbdb5c0a83989bf31e7b0cf41f7129c8a89da
adaptive,11,2,6,13,7,"[0, 1, 3, 4, 5, 6]",7,"[null, null, 6.787945567973375e-05, null, null, null, null, 0.21773104042750788]",-0.03303995149920602,0.2177989198831876,0.0025443522157428382,0.18730332059972443,0.05,activate_factor,8192,16384,16374.746443295762,0.9994352077206886,3,5.735093389774848e-14,6.382091815800932,1568.7318119518793,344209,0.011035582982003689,True,4eafe727b67864632d25d30b526cbdb5c0a83989bf31e7b0cf41f7129c8a89da
adaptive,11,2,7,13,13,"[0, 1, 3, 4, 5, 6, 7]",,"[null, null, 0.0, null, null, null, null, null]",0.0,0.0,0.0,0.0,0.05,screening_tolerance,8192,16384,16372.656715356525,0.9993076608493973,3,1.6869838859179254e-13,6.382091815800932,1568.7318119518793,458946,0.011529874987900257,True,4eafe727b67864632d25d30b526cbdb5c0a83989bf31e7b0cf41f7129c8a89da
adaptive,11,3,0,12,11,[],5,"[2.0407984509601607e-06, 7.123086500899019e-06, 2.486201480377756e-05, 0.07974064873606435, 0.3011434280921828, 0.3024803349875133, 0.0861268494367617, 0.022807662894551786]",-0.003478819027219122,0.7923329500468295,0.000644488244020203,0.7894986192636305,0.05,activate_factor,8192,16384,16383.999999999985,0.9999999999999991,0,0.0,6.382091815800932,1568.7318119518793,0,0.010020416928455234,True,4eafe727b67864632d25d30b526cbdb5c0a83989bf31e7b0cf41f7129c8a89da
adaptive,11,3,1,12,10,[5],6,"[1.7158486661350243e-06, 5.988900307907438e-06, 2.0903316012624417e-05, 0.06704380126619387, 0.2531933269374243, null, 0.25319490281050433, 0.06704975309889744]",-0.005151994921712038,0.6405103921780068,0.0009807998088468377,0.6363391970651415,0.05,activate_factor,8192,16384,16381.880573324086,0.9998706404616752,3,4.282338372796346e-13,6.382091815800932,1568.7318119518793,16391,0.01016400009393692,True,4eafe727b67864632d25d30b526cbdb5c0a83989bf31e7b0cf41f7129c8a89da
adaptive,11,3,2,12,16,"[5, 6]",0,"[0.23411728411155439, 0.061997717423635836, 3.86557129964544e-05, 0.06199492774249234, 0.23410674791059238, null, null, 0.005054862654320385]",-0.0048613075326166075,0.5973101955555917,0.0008256145533642222,0.5932745025763393,0.05,activate_factor,8192,16384,16380.732440488922,0.9998005639946852,2,3.317256469514973e-10,6.382091815800932,1568.7318119518793,49169,0.010147958062589169,True,4eafe727b67864632d25d30b526cbdb5c0a83989bf31e7b0cf41f7129c8a89da
adaptive,11,3,3,12,3,"[0, 5, 6]",4,"[null, 2.4865624429482584e-05, 8.678955711029094e-05, 0.27836262033110754, 0.29609455153240877, null, null, 0.00639331118836663]",-0.004786898960022627,0.5809621382334227,0.0006684069947217167,0.5768436462681218,0.05,activate_factor,8192,16384,16378.446115488883,0.9996610177910695,2,4.512962226144168e-10,6.382091815800932,1568.7318119518793,98336,0.010560832917690277,True,4eafe727b67864632d25d30b526cbdb5c0a83989bf31e7b0cf41f7129c8a89da
adaptive,11,3,4,12,3,"[0, 4, 5, 6]",3,"[null, 2.4865624429482584e-05, 8.678955711029094e-05, 0.27836262033110754, null, null, null, 0.00639331118836663]",-0.00757076954722395,0.284867586701014,0.0010721859734333962,0.2783690031272234,0.05,activate_factor,8192,16384,16374.849964633093,0.9994415261616878,3,2.8388402739665253e-13,6.382091815800932,1568.7318119518793,163900,0.01125012501142919,True,4eafe727b67864632d25d30b526cbdb5c0a83989bf31e7b0cf41f7129c8a89da
adaptive,11,3,5,12,15,"[0, 3, 4, 5, 6]",1,"[null, 0.21637950636571476, 8.678978742122384e-05, null, null, null, null, 0.005054947962819819]",-0.007413521222267925,0.22152124411595583,0.0007458228970447963,0.2148535457907327,0.05,activate_factor,8192,16384,16374.640878784958,0.9994287645742772,3,3.4228175849193576e-13,6.382091815800932,1568.7318119518793,245855,0.011093250010162592,True,4eafe727b67864632d25d30b526cbdb5c0a83989bf31e7b0cf41f7129c8a89da
adaptive,11,3,6,12,9,"[0, 1, 3, 4, 5, 6]",7,"[null, null, 1.9744741716567393e-05, null, null, null, null, 0.22144738603633526]",-0.007412360309277326,0.22146713077805188,0.0014732136381061366,0.2155279841068807,0.05,activate_factor,8192,16384,16374.239438968514,0.9994042626323556,3,3.632649736573512e-13,6.382091815800932,1568.7318119518793,344201,0.011396125191822648,True,4eafe727b67864632d25d30b526cbdb5c0a83989bf31e7b0cf41f7129c8a89da
adaptive,11,3,7,12,12,"[0, 1, 3, 4, 5, 6, 7]",,"[null, null, 0.0, null, null, null, null, null]",0.0,0.0,0.0,0.0,0.05,screening_tolerance,8192,16384,16372.229060262574,0.9992815588539169,3,5.132005931329786e-13,6.382091815800932,1568.7318119518793,458938,0.011576624820008874,True,4eafe727b67864632d25d30b526cbdb5c0a83989bf31e7b0cf41f7129c8a89da
adaptive,11,4,0,11,10,[],5,"[5.83664370549573e-07, 2.037188825266138e-06, 7.1104876692773914e-06, 0.022805669775878952, 0.08612643219116893, 0.3024807522331061, 0.30114542121085563, 0.0797477591962552]",-0.0007491895314263052,0.7923157659481297,0.00021775907331209436,0.7917843354900155,0.05,activate_factor,8192,16384,16383.999999999985,0.9999999999999991,0,0.0,6.382091815800932,1568.7318119518793,0,0.010461458005011082,True,4eafe727b67864632d25d30b526cbdb5c0a83989bf31e7b0cf41f7129c8a89da
adaptive,11,4,1,11,4,[5],4,"[2.0407984509601607e-06, 7.123086500899019e-06, 2.486201480377756e-05, 0.07974064873606435, 0.3011434280921828, null, 0.0861268494367617, 0.022807662894551786]",-0.0012897390149594298,0.48985261505931627,0.00039010467619787314,0.4889529807205547,0.05,activate_factor,8192,16384,16380.706846234301,0.9997990018453553,3,3.588911191344281e-13,6.382091815800932,1568.7318119518793,16391,0.010231583146378398,True,4eafe727b67864632d25d30b526cbdb5c0a83989bf31e7b0cf41f7129c8a89da
adaptive,11,4,2,11,10,"[4, 5]",6,"[5.83664370549573e-07, 2.037188825266138e-06, 7.1104876692773914e-06, 0.022805669775878952, null, null, 0.30114542121085563, 0.0797477591962552]",-0.0011351047313560914,0.4037085815238548,0.0002683782690557809,0.4028418550615545,0.05,activate_factor,8192,16384,16379.160262147783,0.9997046058439809,3,3.6591286641310394e-13,6.382091815800932,1568.7318119518793,49173,0.01026695896871388,True,4eafe727b67864632d25d30b526cbdb5c0a83989bf31e7b0cf41f7129c8a89da
adaptive,11,4,3,11,16,"[4, 5, 6]",0,"[0.23411615192725882, 0.0619937657121532, 2.486288465310738e-05, 0.017756796252177406, null, null, null, 0.01775286875167813]",-0.0008459030607107872,0.3316444455279206,0.00021027707656741143,0.33100881954377726,0.05,activate_factor,8192,16384,16377.970899481954,0.9996320129078341,3,3.6215475063272606e-13,6.382091815800932,1568.7318119518793,98346,0.010705834021791816,True,4eafe727b67864632d25d30b526cbdb5c0a83989bf31e7b0cf41f7129c8a89da
adaptive,11,4,4,11,3,"[0, 4, 5, 6]",3,"[null, 2.091391294684128e-05, 7.299672876694393e-05, 0.23412448884079265, null, null, null, 0.019091317285724375]",-0.0009666210603128051,0.2533097167682308,0.0002531544411630619,0.25259625014908105,0.05,activate_factor,8192,16384,16376.56843695184,0.9995464133881738,3,2.893963958446391e-13,6.382091815800932,1568.7318119518793,163910,0.010901583125814795,True,4eafe727b67864632d25d30b526cbdb5c0a83989bf31e7b0cf41f7129c8a89da
adaptive,11,4,5,11,15,"[0, 3, 4, 5, 6]",1,"[null, 0.2163755546542322, 7.299695907787684e-05, null, null, null, null, 0.017752954060177562]",-0.0009505742688463038,0.2342015056734876,0.00031085544830908307,0.23356178685295037,0.05,activate_factor,8192,16384,16375.809349431553,0.9995000823627657,3,5.191402863147232e-13,6.382091815800932,1568.7318119518793,245865,0.01096645905636251,True,4eafe727b67864632d25d30b526cbdb5c0a83989bf31e7b0cf41f7129c8a89da
adaptive,11,4,6,11,9,"[0, 1, 3, 4, 5, 6]",7,"[null, null, 5.9519133732203605e-06, null, null, null, null, 0.234145392133693]",-0.0009216844515370457,0.23415134404706628,0.00029331371815747567,0.2335229733136867,0.05,activate_factor,8192,16384,16375.524562064988,0.9994827003213493,3,1.7996715229173788e-13,6.382091815800932,1568.7318119518793,344211,0.011424500029534101,True,4eafe727b67864632d25d30b526cbdb5c0a83989bf31e7b0cf41f7129c8a89da
adaptive,11,4,7,11,11,"[0, 1, 3, 4, 5, 6, 7]",,"[null, null, 0.0, null, null, null, null, null]",0.0,0.0,0.0,0.0,0.05,screening_tolerance,8192,16384,16374.05924358926,0.9993932643792273,3,3.398947789889917e-13,6.382091815800932,1568.7318119518793,458948,0.011204457841813564,True,4eafe727b67864632d25d30b526cbdb5c0a83989bf31e7b0cf41f7129c8a89da
adaptive,11,5,0,10,5,[],5,"[5.83664370549573e-07, 2.037188825266138e-06, 7.1104876692773914e-06, 0.022805669775878952, 0.08612643219116893, 0.3024807522331061, 0.30114542121085563, 0.0797477591962552]",-0.00026698688920873706,0.7923157659481297,0.00014634679423785848,0.7921951258531588,0.05,activate_factor,8192,16384,16383.999999999985,0.9999999999999991,0,0.0,6.382091815800932,1568.7318119518793,0,0.009783499874174595,True,4eafe727b67864632d25d30b526cbdb5c0a83989bf31e7b0cf41f7129c8a89da
adaptive,11,5,1,10,4,[5],6,"[1.7158486661350243e-06, 5.988900307907438e-06, 2.0903316012624417e-05, 0.06704380126619387, 0.2531933269374243, null, 0.25319490281050433, 0.06704975309889744]",-0.0001286287736489136,0.6405103921780068,9.78087354798135e-05,0.6404795721398376,0.05,activate_factor,8192,16384,16383.159701949871,0.9999487122772138,2,3.220647082358141e-10,6.382091815800932,1568.7318119518793,16389,0.00996250007301569,True,4eafe727b67864632d25d30b526cbdb5c0a83989bf31e7b0cf41f7129c8a89da
adaptive,11,5,2,6,4,"[5, 6]",4,"[1.7158486661350243e-06, 5.988900307907438e-06, 2.0903316012624417e-05, 0.06704380126619387, 0.2531933269374243, null, null, 0.06704975309889744]",-6.059534049373137e-05,0.3873154893675024,0.00013212700809283102,0.3873870210351015,0.05,activate_factor,8192,16384,16381.822161979746,0.9998670753161466,2,2.7150703907352636e-10,6.382091815800932,1568.7318119518793,49167,0.010451000183820724,True,4eafe727b67864632d25d30b526cbdb5c0a83989bf31e7b0cf41f7129c8a89da
adaptive,11,5,3,3,0,"[4, 5, 6]",0,"[0.2341212352494838, 0.062011508250081775, 8.679042695962076e-05, 0.2163787678472206, null, null, null, 0.0013385170454929725]",-0.00012599793652717415,0.5139368188192388,0.00024410711377147903,0.5140549279964831,0.05,activate_factor,8192,16384,16380.302845903958,0.9997743436220677,2,4.845220891169788e-10,6.382091815800932,1568.7318119518793,98334,0.010646292008459568,True,4eafe727b67864632d25d30b526cbdb5c0a83989bf31e7b0cf41f7129c8a89da
adaptive,11,5,4,10,3,"[0, 4, 5, 6]",3,"[null, 1.97797267538497e-05, 6.903802997579076e-05, 0.22142764137092216, null, null, null, 0.06333340749007002]",-1.1709234112737028e-05,0.2848498666177218,7.701048028726796e-05,0.28491516786389637,0.05,activate_factor,8192,16384,16378.98125439785,0.9996936800779938,2,4.84522366672735e-10,6.382091815800932,1568.7318119518793,163890,0.010742499958723783,True,4eafe727b67864632d25d30b526cbdb5c0a83989bf31e7b0cf41f7129c8a89da
adaptive,11,5,5,6,7,"[0, 3, 4, 5, 6]",7,"[null, 5.710655389348089e-07, 1.9932145820672222e-06, null, null, null, null, 0.27838748233803867]",-5.063431695486261e-05,0.2783900466181597,9.556832949017851e-05,0.278434980630695,0.05,activate_factor,8192,16384,16378.253781978747,0.9996492786852262,2,7.414697744678733e-10,6.382091815800932,1568.7318119518793,245835,0.010469000088050961,True,4eafe727b67864632d25d30b526cbdb5c0a83989bf31e7b0cf41f7129c8a89da
adaptive,11,5,6,6,15,"[0, 3, 4, 5, 6, 7]",1,"[null, 0.21637442046803917, 6.903826028672369e-05, null, null, null, null, null]",-0.00015675358038725937,0.21644345872832588,0.00028038263928501677,0.21656708778722364,0.05,activate_factor,8192,16384,16376.22938844738,0.9995257195097278,2,7.532032220147755e-10,6.382091815800932,1568.7318119518793,344169,0.011391916079446673,True,4eafe727b67864632d25d30b526cbdb5c0a83989bf31e7b0cf41f7129c8a89da
adaptive,11,5,7,0,6,"[0, 1, 3, 4, 5, 6, 7]",,"[null, null, 2.0904185861954237e-05, null, null, null, null, null]",-1.1416391267325855e-05,2.0904185861954237e-05,0.00011145193490828841,0.00012093972950291679,0.05,screening_tolerance,8192,16384,16376.10404962284,0.9995180694349878,3,5.198064201294983e-13,6.382091815800932,1568.7318119518793,458906,0.011628415901213884,True,4eafe727b67864632d25d30b526cbdb5c0a83989bf31e7b0cf41f7129c8a89da
adaptive,11,6,0,10,5,[],5,"[5.83664370549573e-07, 2.037188825266138e-06, 7.1104876692773914e-06, 0.022805669775878952, 0.08612643219116893, 0.3024807522331061, 0.30114542121085563, 0.0797477591962552]",-0.00028790016308670864,0.7923157659481297,0.00013867011879926917,0.7921665359038422,0.05,activate_factor,8192,16384,16383.999999999985,0.9999999999999991,0,0.0,6.382091815800932,1568.7318119518793,0,0.010239666793495417,True,4eafe727b67864632d25d30b526cbdb5c0a83989bf31e7b0cf41f7129c8a89da
adaptive,11,6,1,10,4,[5],6,"[1.7158486661350243e-06, 5.988900307907438e-06, 2.0903316012624417e-05, 0.06704380126619387, 0.2531933269374243, null, 0.25319490281050433, 0.06704975309889744]",-0.00011255125842360097,0.6405103921780068,8.04461217751612e-05,0.6404782870413583,0.05,activate_factor,8192,16384,16383.146540707485,0.9999479089787283,2,3.222477840125748e-10,6.382091815800932,1568.7318119518793,16389,0.010525082936510444,True,4eafe727b67864632d25d30b526cbdb5c0a83989bf31e7b0cf41f7129c8a89da
adaptive,11,6,2,6,4,"[5, 6]",4,"[1.7158486661350243e-06, 5.988900307907438e-06, 2.0903316012624417e-05, 0.06704380126619387, 0.2531933269374243, null, null, 0.06704975309889744]",-4.553678768926182e-05,0.3873154893675024,8.025158988865046e-05,0.3873502041697018,0.05,activate_factor,8192,16384,16381.840478571372,0.9998681932721785,2,2.7179153372358655e-10,6.382091815800932,1568.7318119518793,49167,0.010011333972215652,True,4eafe727b67864632d25d30b526cbdb5c0a83989bf31e7b0cf41f7129c8a89da
adaptive,11,6,3,6,16,"[4, 5, 6]",0,"[0.23411582697747396, 0.06199263152596019, 2.0904185861954237e-05, 0.005059948782306951, null, null, null, 0.061994958956023784]",-2.247820002279068e-05,0.36318427042762685,7.764554244531122e-05,0.36323943777004936,0.05,activate_factor,8192,16384,16380.55224986824,0.9997895660319971,2,4.845222556504325e-10,6.382091815800932,1568.7318119518793,98334,0.010599167086184025,True,4eafe727b67864632d25d30b526cbdb5c0a83989bf31e7b0cf41f7129c8a89da
adaptive,11,6,4,6,3,"[0, 4, 5, 6]",3,"[null, 1.97797267538497e-05, 6.903802997579076e-05, 0.22142764137092216, null, null, null, 0.06333340749007002]",-2.3897562453299818e-05,0.2848498666177218,9.162727567995321e-05,0.2849175963309485,0.05,activate_factor,8192,16384,16380.356109273742,0.9997775945601649,2,4.848297874282537e-10,6.382091815800932,1568.7318119518793,163890,0.01070908410474658,True,4eafe727b67864632d25d30b526cbdb5c0a83989bf31e7b0cf41f7129c8a89da
adaptive,11,6,5,6,9,"[0, 3, 4, 5, 6]",7,"[null, 5.710655389348089e-07, 1.9932145820672222e-06, null, null, null, null, 0.27838748233803867]",-7.419493308470416e-05,0.2783900466181597,8.125761280556725e-05,0.27839710929788053,0.05,activate_factor,8192,16384,16378.972414379032,0.999693140526064,2,7.418460290509188e-10,6.382091815800932,1568.7318119518793,245835,0.01031833398155868,True,4eafe727b67864632d25d30b526cbdb5c0a83989bf31e7b0cf41f7129c8a89da
adaptive,11,6,6,6,15,"[0, 3, 4, 5, 6, 7]",1,"[null, 0.21637442046803917, 6.903826028672369e-05, null, null, null, null, null]",-7.604604757122026e-05,0.21644345872832588,7.96444927397535e-05,0.2164470571734944,0.05,activate_factor,8192,16384,16378.303505846005,0.9996523135892337,2,7.532585111214019e-10,6.382091815800932,1568.7318119518793,344169,0.011195250088348985,True,4eafe727b67864632d25d30b526cbdb5c0a83989bf31e7b0cf41f7129c8a89da
adaptive,11,6,7,6,5,"[0, 1, 3, 4, 5, 6, 7]",,"[null, null, 7.1104876692773914e-06, null, null, null, null, null]",-3.11654034067592e-05,7.11048766927739e-06,0.0001884723200672278,0.00016441740432974596,0.05,screening_tolerance,8192,16384,16377.803442729608,0.9996217921587895,2,7.531537615790285e-10,6.382091815800932,1568.7318119518793,458892,0.011860250029712915,True,4eafe727b67864632d25d30b526cbdb5c0a83989bf31e7b0cf41f7129c8a89da
