action_position_x,action_position_xhat,node_x,node_xhat,action_key_x,action_key_xhat,stable_pair_key,descriptor_graph_distance,distance_quartile,total_structural_influence,factors_for_50_percent,factor_fraction_for_50_percent,factors_for_75_percent,factor_fraction_for_75_percent,factors_for_90_percent,factor_fraction_for_90_percent,factors_for_95_percent,factor_fraction_for_95_percent
18,21,274,299,current-nlr-pbe-gw-v1:gw:matdb:000289620,current-nlr-pbe-gw-v1:gw:matdb:000010038,current-nlr-pbe-gw-v1:composition:00a377c841078b910be1cee88418bce664145efcb4f8efd13f9b637c450380d4|current-nlr-pbe-gw-v1:composition:190d0f6b1b7d60984c823cbcccbff6f27477d38d1acbbaadac1ab09bf4709cba,2,1,1.5759316857337584,761,0.006101765583155599,3081,0.024703731618531406,49230,0.3947305120351513,84148,0.6747061370451739
18,141,274,1584,current-nlr-pbe-gw-v1:gw:matdb:000289620,current-nlr-pbe-gw-v1:gw:matdb:000010136,current-nlr-pbe-gw-v1:composition:00a377c841078b910be1cee88418bce664145efcb4f8efd13f9b637c450380d4|current-nlr-pbe-gw-v1:composition:21ee7a9bf7f15a7231cf0b1c71d6f053e3f7ed2a8b47d213bc40ea071954ccd7,4,1,1.6017871214140564,776,0.006222036915280874,4204,0.0337080453503103,50039,0.4012171458811078,84343,0.6762696643628024
18,24,274,316,current-nlr-pbe-gw-v1:gw:matdb:000289620,current-nlr-pbe-gw-v1:gw:matdb:000286938,current-nlr-pbe-gw-v1:composition:00a377c841078b910be1cee88418bce664145efcb4f8efd13f9b637c450380d4|current-nlr-pbe-gw-v1:composition:260ca2612db2289785338c96231a0d8cc0fd503fa6261f716099cb8fbc6e24ce,2,1,1.4473373874556417,697,0.005588607899421094,1840,0.01475328340736702,48494,0.3888291986722045,83950,0.6731185554611203
18,49,274,559,current-nlr-pbe-gw-v1:gw:matdb:000289620,current-nlr-pbe-gw-v1:gw:matdb:000010042,current-nlr-pbe-gw-v1:composition:00a377c841078b910be1cee88418bce664145efcb4f8efd13f9b637c450380d4|current-nlr-pbe-gw-v1:composition:26283c9bad04e871494193a57cb7d6a349493bbdb99909cd31ecf48fbc05c86e,3,1,1.5961466664656778,774,0.006206000737664171,4026,0.03228082554242371,49979,0.4007360605526067,84381,0.6765743517375199
18,20,274,295,current-nlr-pbe-gw-v1:gw:matdb:000289620,current-nlr-pbe-gw-v1:gw:matdb:000286928,current-nlr-pbe-gw-v1:composition:00a377c841078b910be1cee88418bce664145efcb4f8efd13f9b637c450380d4|current-nlr-pbe-gw-v1:composition:30b61fa5dfd7feaaada8b343ccc9af15cf888eb019bf67b5f0dad6e299504731,1,1,1.532824197973481,718,0.005756987764396478,2318,0.018585929857759104,48712,0.39057714203242516,84032,0.6737760387434051
18,22,274,310,current-nlr-pbe-gw-v1:gw:matdb:000289620,current-nlr-pbe-gw-v1:gw:matdb:000011844,current-nlr-pbe-gw-v1:composition:00a377c841078b910be1cee88418bce664145efcb4f8efd13f9b637c450380d4|current-nlr-pbe-gw-v1:composition:318cf3095b5b9f55bc8f0b11e5983b6b8b69acf2d65eb086f697fc6a433bd08b,2,1,1.5272134883600943,738,0.005917349540563511,2407,0.0192995397617024,48631,0.3899276768389487,83990,0.6734392790134544
18,181,274,2053,current-nlr-pbe-gw-v1:gw:matdb:000289620,current-nlr-pbe-gw-v1:gw:matdb:000290216,current-nlr-pbe-gw-v1:composition:00a377c841078b910be1cee88418bce664145efcb4f8efd13f9b637c450380d4|current-nlr-pbe-gw-v1:composition:3d0b667c635dafe3a01ab8909d158c99d890de7eee2f2d9cbb6185a8cfa64d30,2,1,1.393445325407403,672,0.005388155679212303,1199,0.009613688481213618,48053,0.38529322150772144,83728,0.6713385397456663
18,25,274,318,current-nlr-pbe-gw-v1:gw:matdb:000289620,current-nlr-pbe-gw-v1:gw:matdb:000286943,current-nlr-pbe-gw-v1:composition:00a377c841078b910be1cee88418bce664145efcb4f8efd13f9b637c450380d4|current-nlr-pbe-gw-v1:composition:61ef3c9e7df65ecf9ee295f77a6d29a95ea825593b61d46416633c9947c51822,2,1,1.4500564976653012,699,0.005604644077037797,1847,0.014809410029025482,48482,0.38873298160650427,83954,0.6731506278163537
18,126,274,1482,current-nlr-pbe-gw-v1:gw:matdb:000289620,current-nlr-pbe-gw-v1:gw:matdb:000289890,current-nlr-pbe-gw-v1:composition:00a377c841078b910be1cee88418bce664145efcb4f8efd13f9b637c450380d4|current-nlr-pbe-gw-v1:composition:6237d509ccd037d3bd2033c596fafbd6ce9943da1a5f8d847638148ba3ea0381,4,1,1.4507153071933159,704,0.005644734521079556,2168,0.017383216536506357,48804,0.3913148062027935,84049,0.6739123462531471
18,28,274,398,current-nlr-pbe-gw-v1:gw:matdb:000289620,current-nlr-pbe-gw-v1:gw:matdb:000012353,current-nlr-pbe-gw-v1:composition:00a377c841078b910be1cee88418bce664145efcb4f8efd13f9b637c450380d4|current-nlr-pbe-gw-v1:composition:64a15ba39d2aedbe6c0cb34ee4395726b7dbe03899311e4785fb992eeda797f2,3,1,1.4913691840713823,721,0.005781042030821533,2339,0.01875430972273449,48630,0.38991965875014034,83978,0.6733430619477542
4,18,88,274,current-nlr-pbe-gw-v1:gw:matdb:000289861,current-nlr-pbe-gw-v1:gw:matdb:000289620,current-nlr-pbe-gw-v1:composition:00a377c841078b910be1cee88418bce664145efcb4f8efd13f9b637c450380d4|current-nlr-pbe-gw-v1:composition:65ab19f031d981b671bc9b7db66928370376af77aaafe43481e621c03e41b78c,3,1,1.4313938675261224,691,0.0055404993665709844,1785,0.01431228852290768,48960,0.3925656280568964,84111,0.6744094677592649
18,67,274,705,current-nlr-pbe-gw-v1:gw:matdb:000289620,current-nlr-pbe-gw-v1:gw:matdb:000290178,current-nlr-pbe-gw-v1:composition:00a377c841078b910be1cee88418bce664145efcb4f8efd13f9b637c450380d4|current-nlr-pbe-gw-v1:composition:6b38e4c490d3df652e4c376695845ac78e2e9d138f1464ee640f7082df971695,4,1,1.7779364810369211,855,0.006855465931140653,4442,0.03561635048669799,48200,0.3864718805625491,83759,0.6715871004987252
18,27,274,395,current-nlr-pbe-gw-v1:gw:matdb:000289620,current-nlr-pbe-gw-v1:gw:matdb:000289674,current-nlr-pbe-gw-v1:composition:00a377c841078b910be1cee88418bce664145efcb4f8efd13f9b637c450380d4|current-nlr-pbe-gw-v1:composition:7c9eddd5d6779d708a77b0d928271f7ffa59bd8a9a58a11ce34d1626e531f8c2,2,1,1.5564155997216247,748,0.005997530428647028,2399,0.019235395051235588,48462,0.38857261983033725,83916,0.6728459404416364
17,18,273,274,current-nlr-pbe-gw-v1:gw:matdb:000012394,current-nlr-pbe-gw-v1:gw:matdb:000289620,current-nlr-pbe-gw-v1:composition:00a377c841078b910be1cee88418bce664145efcb4f8efd13f9b637c450380d4|current-nlr-pbe-gw-v1:composition:805421279fde474cdb9a2f1b27411c4d07debcb73f67c7543411247d1e67ddc1,1,1,1.4611268644440583,675,0.005412209945637358,1264,0.010134864253756475,48206,0.3865199890953992,83801,0.6719238602286759
18,50,274,566,current-nlr-pbe-gw-v1:gw:matdb:000289620,current-nlr-pbe-gw-v1:gw:matdb:000289749,current-nlr-pbe-gw-v1:composition:00a377c841078b910be1cee88418bce664145efcb4f8efd13f9b637c450380d4|current-nlr-pbe-gw-v1:composition:942d9c8ef0ebbfdd36034d8f75f285b76cec34c2a78e95d7416922f78bc94d79,4,1,1.5042389039801947,730,0.005853204830096698,2861,0.022939752080694046,49144,0.39404095639763304,84118,0.6744655943809234
18,171,274,2008,current-nlr-pbe-gw-v1:gw:matdb:000289620,current-nlr-pbe-gw-v1:gw:matdb:000290229,current-nlr-pbe-gw-v1:composition:00a377c841078b910be1cee88418bce664145efcb4f8efd13f9b637c450380d4|current-nlr-pbe-gw-v1:composition:944c8f8cd67b95c3b5199346f1943c850061573da22345b2299747a28c5220a0,4,1,1.5343653439056388,744,0.005965458073413621,3162,0.02535319681200789,48885,0.39196427139627,84081,0.6741689250950144
18,19,274,294,current-nlr-pbe-gw-v1:gw:matdb:000289620,current-nlr-pbe-gw-v1:gw:matdb:000012301,current-nlr-pbe-gw-v1:composition:00a377c841078b910be1cee88418bce664145efcb4f8efd13f9b637c450380d4|current-nlr-pbe-gw-v1:composition:9e0ad51dc7e098c85c45d5b3f79bdc75c26aa9ecfd9cafa5880f494ee6f77070,2,1,1.4937171526374444,721,0.005781042030821533,2061,0.016525281034012733,48559,0.38935037444474735,83964,0.6732308087044372
18,29,274,399,current-nlr-pbe-gw-v1:gw:matdb:000289620,current-nlr-pbe-gw-v1:gw:matdb:000289656,current-nlr-pbe-gw-v1:composition:00a377c841078b910be1cee88418bce664145efcb4f8efd13f9b637c450380d4|current-nlr-pbe-gw-v1:composition:bac270a8fba04d7bcdcb13c6f88f6bbce3636865d769170ba297e4b04bc6564d,2,1,1.4492073013384716,698,0.005596625988229445,1805,0.014472650299074713,48274,0.38706521913436714,83837,0.6722125114257765
18,48,274,519,current-nlr-pbe-gw-v1:gw:matdb:000289620,current-nlr-pbe-gw-v1:gw:matdb:000289757,current-nlr-pbe-gw-v1:composition:00a377c841078b910be1cee88418bce664145efcb4f8efd13f9b637c450380d4|current-nlr-pbe-gw-v1:composition:bed4fa4057f3f358e802ae0dbfd0aad6262e5ae9610147c79ccebab6a6b6fb48,4,1,1.7741899501078024,853,0.00683942975352395,4410,0.035359771644830736,48201,0.38647989865135746,83760,0.6715951185875335
18,151,274,1765,current-nlr-pbe-gw-v1:gw:matdb:000289620,current-nlr-pbe-gw-v1:gw:matdb:000290117,current-nlr-pbe-gw-v1:composition:00a377c841078b910be1cee88418bce664145efcb4f8efd13f9b637c450380d4|current-nlr-pbe-gw-v1:composition:ca0db7e34795e775eb3e2843b651448636c1b51afb754d031de0d9be193c8c95,4,1,1.481557027958643,718,0.005756987764396478,2584,0.02071874148078064,49313,0.3953960134062445,84168,0.674866498821341
16,18,211,274,current-nlr-pbe-gw-v1:gw:matdb:000289615,current-nlr-pbe-gw-v1:gw:matdb:000289620,current-nlr-pbe-gw-v1:composition:00a377c841078b910be1cee88418bce664145efcb4f8efd13f9b637c450380d4|current-nlr-pbe-gw-v1:composition:cedd1d613edf7f124052eb855c5a1e1e22457cccc3cf4bf24c2a76dfa852ff27,4,1,1.7793897528950007,856,0.006863484019949005,4426,0.03548806106576437,48201,0.38647989865135746,83760,0.6715951185875335
18,130,274,1520,current-nlr-pbe-gw-v1:gw:matdb:000289620,current-nlr-pbe-gw-v1:gw:matdb:000289977,current-nlr-pbe-gw-v1:composition:00a377c841078b910be1cee88418bce664145efcb4f8efd13f9b637c450380d4|current-nlr-pbe-gw-v1:composition:d1214ef62b1581612d1675ed55e13170dbdde7d8c41ee33e4e67f4c799067fb5,4,1,1.4695051724700947,714,0.005724915409163072,2313,0.018545839413717347,48760,0.39096201029522604,84015,0.6736397312336632
18,26,274,326,current-nlr-pbe-gw-v1:gw:matdb:000289620,current-nlr-pbe-gw-v1:gw:matdb:000289616,current-nlr-pbe-gw-v1:composition:00a377c841078b910be1cee88418bce664145efcb4f8efd13f9b637c450380d4|current-nlr-pbe-gw-v1:composition:d4c9a5fe9e4547716f005ba2d0671f923578b329e17e394f2cb02d6d94675ccb,4,1,1.5184029061183517,736,0.005901313362946808,2794,0.022402540130534485,48955,0.3925255376128546,84074,0.6741127984733559
18,172,274,2011,current-nlr-pbe-gw-v1:gw:matdb:000289620,current-nlr-pbe-gw-v1:gw:matdb:000010842,current-nlr-pbe-gw-v1:composition:00a377c841078b910be1cee88418bce664145efcb4f8efd13f9b637c450380d4|current-nlr-pbe-gw-v1:composition:db3c48da7555b77beb14417148c475775893564b81530a1b419ae81574e473a1,3,1,1.3937690643517484,674,0.005404191856829006,1238,0.009926393944739332,48095,0.38562998123767217,83759,0.6715871004987252
18,66,274,704,current-nlr-pbe-gw-v1:gw:matdb:000289620,current-nlr-pbe-gw-v1:gw:matdb:000290176,current-nlr-pbe-gw-v1:composition:00a377c841078b910be1cee88418bce664145efcb4f8efd13f9b637c450380d4|current-nlr-pbe-gw-v1:composition:e13982c3d9009c90d2e4612dc36bdef6794951d3b8b4d20cdf40ee9c9322c133,4,1,1.7793897528950016,856,0.006863484019949005,4426,0.03548806106576437,48201,0.38647989865135746,83760,0.6715951185875335
18,162,274,1927,current-nlr-pbe-gw-v1:gw:matdb:000289620,current-nlr-pbe-gw-v1:gw:matdb:000010290,current-nlr-pbe-gw-v1:composition:00a377c841078b910be1cee88418bce664145efcb4f8efd13f9b637c450380d4|current-nlr-pbe-gw-v1:composition:e9fac0e23e5ce1ebd3bc10bf3b11f3bd7fb2a80c11a0fb84602f0b96e4d11dd7,3,1,1.5719270397763088,763,0.006117801760772302,3438,0.027566189323112944,49140,0.39400888404239964,84098,0.6743052326047563
18,23,274,315,current-nlr-pbe-gw-v1:gw:matdb:000289620,current-nlr-pbe-gw-v1:gw:matdb:000010465,current-nlr-pbe-gw-v1:composition:00a377c841078b910be1cee88418bce664145efcb4f8efd13f9b637c450380d4|current-nlr-pbe-gw-v1:composition:edc981c9299daf03ef149e162220d52662328a3e13acd0a0b3457a0ddcfcf535,4,1,1.4811422328120103,717,0.005748969675588127,2382,0.01909908754149361,48731,0.39072948571978383,84039,0.6738321653650636
18,137,274,1562,current-nlr-pbe-gw-v1:gw:matdb:000289620,current-nlr-pbe-gw-v1:gw:matdb:000010484,current-nlr-pbe-gw-v1:composition:00a377c841078b910be1cee88418bce664145efcb4f8efd13f9b637c450380d4|current-nlr-pbe-gw-v1:composition:f5528085e7f1259f6f2025127ebae6ff9e70e6765c501e2d2aab9d0be2a67153,4,1,1.5928311680138059,772,0.006189964560047467,3810,0.03054891835981975,49825,0.3995012748761205,84430,0.6769672380891291
18,64,274,702,current-nlr-pbe-gw-v1:gw:matdb:000289620,current-nlr-pbe-gw-v1:gw:matdb:000289994,current-nlr-pbe-gw-v1:composition:00a377c841078b910be1cee88418bce664145efcb4f8efd13f9b637c450380d4|current-nlr-pbe-gw-v1:composition:f5d9c456c6404b3e8859381ea4b5a0c65310e8f8207b3c56a1b3d3d2dbcd06e2,4,1,1.775935586997571,854,0.0068474478423323016,4464,0.03579274844048173,48266,0.3870010744239003,83784,0.6717875527189339
2,18,77,274,current-nlr-pbe-gw-v1:gw:matdb:000289828,current-nlr-pbe-gw-v1:gw:matdb:000289620,current-nlr-pbe-gw-v1:composition:00a377c841078b910be1cee88418bce664145efcb4f8efd13f9b637c450380d4|current-nlr-pbe-gw-v1:composition:fdb5210930a780a827fc45d51a8d28d2fef71cbcf01d520c4d33e71423aacea3,4,1,1.7973973846682698,865,0.00693564681922417,4659,0.0373562757581103,48345,0.3876345034397601,83809,0.6719880049391427
18,98,274,901,current-nlr-pbe-gw-v1:gw:matdb:000289620,current-nlr-pbe-gw-v1:gw:matdb:000289909,current-nlr-pbe-gw-v1:composition:00a377c841078b910be1cee88418bce664145efcb4f8efd13f9b637c450380d4|current-nlr-pbe-gw-v1:composition:ff90d32ab3e0dd95face9e6043204bc3259275d656893b5ce21cbc2ed759982a,4,1,1.3685763102899382,663,0.005315992879937138,996,0.007986016453118234,48845,0.3916435478439359,84197,0.6750990233967832
3,95,78,889,current-nlr-pbe-gw-v1:gw:matdb:000009744,current-nlr-pbe-gw-v1:gw:matdb:000009772,current-nlr-pbe-gw-v1:composition:013b2f365e173f61de380a2ab9cc316f47d427186d77e3816fa2e8f0446d7854|current-nlr-pbe-gw-v1:composition:06053993505aacc47eaba12b91e7851de84ac27cd3c67dabd2628cb244e7b25c,1,1,1.6363323875161124,750,0.006013566606263731,2449,0.01963629949165317,49350,0.3956926826921535,83955,0.6731586459051621
94,95,886,889,current-nlr-pbe-gw-v1:gw:matdb:000009916,current-nlr-pbe-gw-v1:gw:matdb:000009772,current-nlr-pbe-gw-v1:composition:013b2f365e173f61de380a2ab9cc316f47d427186d77e3816fa2e8f0446d7854|current-nlr-pbe-gw-v1:composition:0669176192869438017ecacf659cca193a2b4a74d2b958818435ec0d352d32ef,1,1,1.7047193800086256,780,0.00625410927051428,2986,0.023942013181738,49234,0.3947625843903847,83847,0.67229269231386
95,188,889,2087,current-nlr-pbe-gw-v1:gw:matdb:000009772,current-nlr-pbe-gw-v1:gw:matdb:000011210,current-nlr-pbe-gw-v1:composition:013b2f365e173f61de380a2ab9cc316f47d427186d77e3816fa2e8f0446d7854|current-nlr-pbe-gw-v1:composition:102b8e62de719f1a8339acfed01ad117664f9e2374a557fabf9c86b3f71fea13,4,1,1.653129705291073,799,0.0064064529578729615,4239,0.03398867845860261,49456,0.39654260010583875,83857,0.6723728732019436
9,95,126,889,current-nlr-pbe-gw-v1:gw:matdb:000289592,current-nlr-pbe-gw-v1:gw:matdb:000009772,current-nlr-pbe-gw-v1:composition:013b2f365e173f61de380a2ab9cc316f47d427186d77e3816fa2e8f0446d7854|current-nlr-pbe-gw-v1:composition:10efa4483e7a59d484167ad4a212b11e31fb683a49b09e069e2aeb7d0f58d4d3,4,1,1.5541622340758332,750,0.006013566606263731,3084,0.02472778588495646,49788,0.39920460559021154,84045,0.6738802738979137
95,114,889,1150,current-nlr-pbe-gw-v1:gw:matdb:000009772,current-nlr-pbe-gw-v1:gw:matdb:000010348,current-nlr-pbe-gw-v1:composition:013b2f365e173f61de380a2ab9cc316f47d427186d77e3816fa2e8f0446d7854|current-nlr-pbe-gw-v1:composition:1367b243719419b65b13aefc7c73028c68a9d5898ef6569e11cbcd9877db47f6,2,1,1.7808951709725722,856,0.006863484019949005,5151,0.04130117545181931,49920,0.40026299331291393,83993,0.6734633332798794
90,95,863,889,current-nlr-pbe-gw-v1:gw:matdb:000010163,current-nlr-pbe-gw-v1:gw:matdb:000009772,current-nlr-pbe-gw-v1:composition:013b2f365e173f61de380a2ab9cc316f47d427186d77e3816fa2e8f0446d7854|current-nlr-pbe-gw-v1:composition:14d099e47ad18278b65ff2ff1de6f0c5529ad08e95358e562e956ade0f63d887,4,1,1.5691493643299546,758,0.006077711316730544,3351,0.02686861559678635,49999,0.4008964223287737,84236,0.6754117288603089
37,95,503,889,current-nlr-pbe-gw-v1:gw:matdb:000011636,current-nlr-pbe-gw-v1:gw:matdb:000009772,current-nlr-pbe-gw-v1:composition:013b2f365e173f61de380a2ab9cc316f47d427186d77e3816fa2e8f0446d7854|current-nlr-pbe-gw-v1:composition:16875af382ac8f537e38a231d465af418ca874db6e445f6f73cfa4b358cafec7,4,1,1.8191862793778755,878,0.007039881973732741,6770,0.05428246123254061,50201,0.40251607626806074,83890,0.6726374701326192
41,95,507,889,current-nlr-pbe-gw-v1:gw:matdb:000010975,current-nlr-pbe-gw-v1:gw:matdb:000009772,current-nlr-pbe-gw-v1:composition:013b2f365e173f61de380a2ab9cc316f47d427186d77e3816fa2e8f0446d7854|current-nlr-pbe-gw-v1:composition:1afe14e7b30d7a9f52edd2afe8d8bfe8271ad7c275664e3cee60e3176483963a,4,1,1.7900285980705415,862,0.006911592552799115,5571,0.044668772751326996,50324,0.403502301191488,84162,0.6748183902884909
95,101,889,919,current-nlr-pbe-gw-v1:gw:matdb:000009772,current-nlr-pbe-gw-v1:gw:matdb:000010236,current-nlr-pbe-gw-v1:composition:013b2f365e173f61de380a2ab9cc316f47d427186d77e3816fa2e8f0446d7854|current-nlr-pbe-gw-v1:composition:1d322f57e54423a870f637708518e6a6c35eaff759e03f1a605294ac9f8f0357,2,1,1.6502794828811704,794,0.006366362513831203,4085,0.032753892782116455,49659,0.39817027213393413,84034,0.6737920749210218
60,95,663,889,current-nlr-pbe-gw-v1:gw:matdb:000011892,current-nlr-pbe-gw-v1:gw:matdb:000009772,current-nlr-pbe-gw-v1:composition:013b2f365e173f61de380a2ab9cc316f47d427186d77e3816fa2e8f0446d7854|current-nlr-pbe-gw-v1:composition:200c37b94c03a0afdbd7c93c0230e6bc3d516017b374e9e92f8d665d9ef8ca3a,4,1,1.5266056652946962,736,0.005901313362946808,2806,0.022498757196234707,49251,0.39489889190012667,83947,0.6730945011946953
95,141,889,1584,current-nlr-pbe-gw-v1:gw:matdb:000009772,current-nlr-pbe-gw-v1:gw:matdb:000010136,current-nlr-pbe-gw-v1:composition:013b2f365e173f61de380a2ab9cc316f47d427186d77e3816fa2e8f0446d7854|current-nlr-pbe-gw-v1:composition:21ee7a9bf7f15a7231cf0b1c71d6f053e3f7ed2a8b47d213bc40ea071954ccd7,4,1,1.6941597918976428,818,0.006558796645231643,5100,0.040892252922593374,50336,0.40359851825718823,84296,0.67589281418881
95,180,889,2048,current-nlr-pbe-gw-v1:gw:matdb:000009772,current-nlr-pbe-gw-v1:gw:matdb:000011761,current-nlr-pbe-gw-v1:composition:013b2f365e173f61de380a2ab9cc316f47d427186d77e3816fa2e8f0446d7854|current-nlr-pbe-gw-v1:composition:24757342d3b731ecdd8b2cf0b36462ddd67bec8b1ad8d7fc28f9682a91b0aaa5,3,1,1.5464457556478546,746,0.0059814942510303245,3080,0.024695713529723055,49778,0.399124424702128,84207,0.6751792042848667
75,95,717,889,current-nlr-pbe-gw-v1:gw:matdb:000010320,current-nlr-pbe-gw-v1:gw:matdb:000009772,current-nlr-pbe-gw-v1:composition:013b2f365e173f61de380a2ab9cc316f47d427186d77e3816fa2e8f0446d7854|current-nlr-pbe-gw-v1:composition:26e620c9df6375349421aba763591551b1851f72bef17afcbbb1c550bfe200fb,3,1,1.72686621224048,833,0.006679067977356917,4958,0.03975368431180744,49801,0.39930884074472006,83986,0.673407206658221
59,95,658,889,current-nlr-pbe-gw-v1:gw:matdb:000010018,current-nlr-pbe-gw-v1:gw:matdb:000009772,current-nlr-pbe-gw-v1:composition:013b2f365e173f61de380a2ab9cc316f47d427186d77e3816fa2e8f0446d7854|current-nlr-pbe-gw-v1:composition:2a3f1a541fc3990b3f0577ab61fc22e506d1abdd1514a2fd218f50a057495259,3,1,1.783620750671615,860,0.006895556375182412,6107,0.04896646835260347,49915,0.4002229028688722,83873,0.6725011626228772
95,116,889,1187,current-nlr-pbe-gw-v1:gw:matdb:000009772,current-nlr-pbe-gw-v1:gw:matdb:000010518,current-nlr-pbe-gw-v1:composition:013b2f365e173f61de380a2ab9cc316f47d427186d77e3816fa2e8f0446d7854|current-nlr-pbe-gw-v1:composition:2d6443c822c4ca65927d79b94dc5bfd6be04b307667cf78e0a360bfab6179468,4,1,1.6634024430728895,803,0.006438525313106368,4672,0.037460510912618865,50280,0.4031495052839205,84207,0.6751792042848667
95,121,889,1306,current-nlr-pbe-gw-v1:gw:matdb:000009772,current-nlr-pbe-gw-v1:gw:matdb:000010436,current-nlr-pbe-gw-v1:composition:013b2f365e173f61de380a2ab9cc316f47d427186d77e3816fa2e8f0446d7854|current-nlr-pbe-gw-v1:composition:2e199015572e4fc74af6c01997229bedb39cf7fdac5607abc54d91a852da9a37,3,1,1.7455665286877506,843,0.0067592488654404335,5728,0.0459276126942382,50022,0.4010808383713658,84096,0.6742891964271396
61,95,675,889,current-nlr-pbe-gw-v1:gw:matdb:000011004,current-nlr-pbe-gw-v1:gw:matdb:000009772,current-nlr-pbe-gw-v1:composition:013b2f365e173f61de380a2ab9cc316f47d427186d77e3816fa2e8f0446d7854|current-nlr-pbe-gw-v1:composition:2e51526b13ce06c1fb34d6a2f65bd87d80ce86346b173ed90e5a33bfec790c00,3,1,1.711463866254686,826,0.006622941355698455,4898,0.03927259898330634,49365,0.3958129540242788,83839,0.6722285476033932
95,122,889,1307,current-nlr-pbe-gw-v1:gw:matdb:000009772,current-nlr-pbe-gw-v1:gw:matdb:000010046,current-nlr-pbe-gw-v1:composition:013b2f365e173f61de380a2ab9cc316f47d427186d77e3816fa2e8f0446d7854|current-nlr-pbe-gw-v1:composition:2ee0b96165e9fd58531128693d60cb68b3038e34d7f58a9d9073b00dc68857f4,2,1,1.7570222736951033,845,0.006775285043057137,5683,0.04556679869786238,49973,0.40068795201975654,84167,0.6748584807325326
89,95,861,889,current-nlr-pbe-gw-v1:gw:matdb:000012367,current-nlr-pbe-gw-v1:gw:matdb:000009772,current-nlr-pbe-gw-v1:composition:013b2f365e173f61de380a2ab9cc316f47d427186d77e3816fa2e8f0446d7854|current-nlr-pbe-gw-v1:composition:30ff1092b71608599e3821d185496cef81424627ef43b49d7cb90c7eeeaef869,4,1,1.6442333644910545,795,0.006374380602639555,4378,0.035103192802963486,50085,0.401585977966292,84281,0.6757725428566846
88,95,855,889,current-nlr-pbe-gw-v1:gw:matdb:000010152,current-nlr-pbe-gw-v1:gw:matdb:000009772,current-nlr-pbe-gw-v1:composition:013b2f365e173f61de380a2ab9cc316f47d427186d77e3816fa2e8f0446d7854|current-nlr-pbe-gw-v1:composition:3a6f16f15cfe05c00e0e4858a0ff8d4bc45dfeeea1f75644a3d33d58867b89dd,4,1,1.5876602857164885,767,0.006149874116005709,3607,0.02892124633172437,50206,0.4025561667121025,84365,0.6764460623165862
45,95,511,889,current-nlr-pbe-gw-v1:gw:matdb:000011201,current-nlr-pbe-gw-v1:gw:matdb:000009772,current-nlr-pbe-gw-v1:composition:013b2f365e173f61de380a2ab9cc316f47d427186d77e3816fa2e8f0446d7854|current-nlr-pbe-gw-v1:composition:48a28b53751d8308a768aed52d5e1789883fb7048d68f3ce065d37b64b600694,4,1,1.8154176554817265,874,0.0070078096184993345,5949,0.04769961032088391,50382,0.4039673503423724,84168,0.674866498821341
95,123,889,1308,current-nlr-pbe-gw-v1:gw:matdb:000009772,current-nlr-pbe-gw-v1:gw:matdb:000010448,current-nlr-pbe-gw-v1:composition:013b2f365e173f61de380a2ab9cc316f47d427186d77e3816fa2e8f0446d7854|current-nlr-pbe-gw-v1:composition:49a5f8d538b56be7b01f633482286551c1228112cf7831bbff2d3387576e655e,2,1,1.8415063590254266,884,0.007087990506582851,6202,0.04972818678939688,49804,0.39933289501114516,84048,0.6739043281643388
32,95,498,889,current-nlr-pbe-gw-v1:gw:matdb:000012401,current-nlr-pbe-gw-v1:gw:matdb:000009772,current-nlr-pbe-gw-v1:composition:013b2f365e173f61de380a2ab9cc316f47d427186d77e3816fa2e8f0446d7854|current-nlr-pbe-gw-v1:composition:508487e74049c737f1b83faf1d041e0a7996c6c0423c5eb7344c95e57e8b73d0,4,1,1.7607073357242826,851,0.006823393575907247,5682,0.04555878060905402,50646,0.40608412578777725,84261,0.6756121810805177
95,153,889,1864,current-nlr-pbe-gw-v1:gw:matdb:000009772,current-nlr-pbe-gw-v1:gw:matdb:000287048,current-nlr-pbe-gw-v1:composition:013b2f365e173f61de380a2ab9cc316f47d427186d77e3816fa2e8f0446d7854|current-nlr-pbe-gw-v1:composition:56b66de969f5425f01d3fda9d6ff0bbe65d71a831a23a553a07da483e9164e3e,3,1,1.4643301380563376,707,0.00566878878750461,2059,0.01650924485639603,49555,0.3973363908978656,84203,0.6751471319296333
80,95,761,889,current-nlr-pbe-gw-v1:gw:matdb:000012255,current-nlr-pbe-gw-v1:gw:matdb:000009772,current-nlr-pbe-gw-v1:composition:013b2f365e173f61de380a2ab9cc316f47d427186d77e3816fa2e8f0446d7854|current-nlr-pbe-gw-v1:composition:5e10c7b001b2628ed97a087604278ff93a88b1a723b05637b6a986e2f941d5f9,4,1,1.6495978437979182,796,0.006382398691447907,4239,0.03398867845860261,49831,0.3995493834089706,84078,0.6741448708285893
93,95,885,889,current-nlr-pbe-gw-v1:gw:matdb:000010188,current-nlr-pbe-gw-v1:gw:matdb:000009772,current-nlr-pbe-gw-v1:composition:013b2f365e173f61de380a2ab9cc316f47d427186d77e3816fa2e8f0446d7854|current-nlr-pbe-gw-v1:composition:5eab7424f98d1f6c970a7bd477418be6dca168d7038052bae51d765d2223f37f,1,1,1.674632750301826,763,0.006117801760772302,2306,0.018489712792058886,49170,0.3942494267066502,83870,0.6724771083564521
14,95,148,889,current-nlr-pbe-gw-v1:gw:matdb:000009613,current-nlr-pbe-gw-v1:gw:matdb:000009772,current-nlr-pbe-gw-v1:composition:013b2f365e173f61de380a2ab9cc316f47d427186d77e3816fa2e8f0446d7854|current-nlr-pbe-gw-v1:composition:622826bb7225cac133db84cdb310697e81ea1bc273e3e1c108d95749c2d90eff,2,1,1.6485290988693833,794,0.006366362513831203,3606,0.02891322824291602,49484,0.3967671065924726,83920,0.6728780127968698
95,124,889,1310,current-nlr-pbe-gw-v1:gw:matdb:000009772,current-nlr-pbe-gw-v1:gw:matdb:000010087,current-nlr-pbe-gw-v1:composition:013b2f365e173f61de380a2ab9cc316f47d427186d77e3816fa2e8f0446d7854|current-nlr-pbe-gw-v1:composition:6693e36c0af5bf0efbd870f8534018e9d51201456a911b08658672b93221a853,4,1,1.7525977496478835,845,0.006775285043057137,5546,0.044468320531118204,49839,0.39961352811943746,83797,0.6718917878734425
42,95,508,889,current-nlr-pbe-gw-v1:gw:matdb:000012174,current-nlr-pbe-gw-v1:gw:matdb:000009772,current-nlr-pbe-gw-v1:composition:013b2f365e173f61de380a2ab9cc316f47d427186d77e3816fa2e8f0446d7854|current-nlr-pbe-gw-v1:composition:66a5fbfa7bf7d6d11e6b2be939d95f4b068300b3d3102dec3611baa884807110,4,1,1.7298565267815733,835,0.00669510415497362,5386,0.04318542632178194,50230,0.40274860084350295,84132,0.6745778476242403
8,95,125,889,current-nlr-pbe-gw-v1:gw:matdb:000009995,current-nlr-pbe-gw-v1:gw:matdb:000009772,current-nlr-pbe-gw-v1:composition:013b2f365e173f61de380a2ab9cc316f47d427186d77e3816fa2e8f0446d7854|current-nlr-pbe-gw-v1:composition:6d0a4afe846be473dbe687d67865665ee72de713e79dbbb16b6e3d7a40f0af40,2,1,1.670959041715646,797,0.006390416780256258,3208,0.025722028897192065,49479,0.39672701614843087,83973,0.6733029715037123
7,95,122,889,current-nlr-pbe-gw-v1:gw:matdb:000009577,current-nlr-pbe-gw-v1:gw:matdb:000009772,current-nlr-pbe-gw-v1:composition:013b2f365e173f61de380a2ab9cc316f47d427186d77e3816fa2e8f0446d7854|current-nlr-pbe-gw-v1:composition:70328d58b819ee144ab22569fc1f7a4f949c480e8d8f6da122c20cad81eb38d1,4,1,1.583571692704929,765,0.006133837938389006,3468,0.02780673198736349,50002,0.40092047659519875,84112,0.6744174858480733
38,95,504,889,current-nlr-pbe-gw-v1:gw:matdb:000286953,current-nlr-pbe-gw-v1:gw:matdb:000009772,current-nlr-pbe-gw-v1:composition:013b2f365e173f61de380a2ab9cc316f47d427186d77e3816fa2e8f0446d7854|current-nlr-pbe-gw-v1:composition:72a9f8931ab3b30a889009c573f644ed3819d7b07ca39986ebfe9e6bf982879e,4,1,1.5699610908173582,759,0.006085729405538896,3379,0.027093122083420195,50420,0.40427203771708975,84252,0.6755400182812424
95,157,889,1895,current-nlr-pbe-gw-v1:gw:matdb:000009772,current-nlr-pbe-gw-v1:gw:matdb:000010543,current-nlr-pbe-gw-v1:composition:013b2f365e173f61de380a2ab9cc316f47d427186d77e3816fa2e8f0446d7854|current-nlr-pbe-gw-v1:composition:7a3eabfe8b7ca6f397d3929015ae41c47c511b789d7e5e71db6d2458a25c4e51,4,1,1.6964531122403252,820,0.006574832822848346,5197,0.04167000753700348,50789,0.4072307124873715,84352,0.6763418271620777
18,52,274,580,current-nlr-pbe-gw-v1:gw:matdb:000289620,current-nlr-pbe-gw-v1:gw:matdb:000289740,current-nlr-pbe-gw-v1:composition:00a377c841078b910be1cee88418bce664145efcb4f8efd13f9b637c450380d4|current-nlr-pbe-gw-v1:composition:02175999c8cd8d0dbc5fe4f71e18b98569b4618020138c500145aa4d5aae237d,5,2,1.5514292736417992,752,0.006029602783880434,3222,0.02583428214050899,49210,0.3945701502589843,84134,0.674593883801857
18,97,274,894,current-nlr-pbe-gw-v1:gw:matdb:000289620,current-nlr-pbe-gw-v1:gw:matdb:000012095,current-nlr-pbe-gw-v1:composition:00a377c841078b910be1cee88418bce664145efcb4f8efd13f9b637c450380d4|current-nlr-pbe-gw-v1:composition:05bf42098602ca51710b0a0caa06f5bf437b7b3297f9b10cff7bd5a8746bc361,5,2,1.4737831945855246,714,0.005724915409163072,2295,0.01840151381516702,49391,0.3960214243332959,84297,0.6759008322776183
18,51,274,567,current-nlr-pbe-gw-v1:gw:matdb:000289620,current-nlr-pbe-gw-v1:gw:matdb:000289780,current-nlr-pbe-gw-v1:composition:00a377c841078b910be1cee88418bce664145efcb4f8efd13f9b637c450380d4|current-nlr-pbe-gw-v1:composition:065008d77b6a9db58faa0cd51a22d9c78583a7ec171f591165bd89e314ca2afd,5,2,1.3611323180461266,657,0.005267884347087028,987,0.00791385365384307,48395,0.3880354078801777,83873,0.6725011626228772
18,105,274,1026,current-nlr-pbe-gw-v1:gw:matdb:000289620,current-nlr-pbe-gw-v1:gw:matdb:000012079,current-nlr-pbe-gw-v1:composition:00a377c841078b910be1cee88418bce664145efcb4f8efd13f9b637c450380d4|current-nlr-pbe-gw-v1:composition:09e93bf4a2525036ace387a2dc7840d15779c413c743b37295455fa983b16c31,6,2,1.8033155266560184,870,0.006975737263265928,5335,0.04277650379255601,49228,0.3947144758575346,84084,0.6741929793614394
18,175,274,2020,current-nlr-pbe-gw-v1:gw:matdb:000289620,current-nlr-pbe-gw-v1:gw:matdb:000290273,current-nlr-pbe-gw-v1:composition:00a377c841078b910be1cee88418bce664145efcb4f8efd13f9b637c450380d4|current-nlr-pbe-gw-v1:composition:0b46b8eb4c17a67610c210cd2bc9981f146910d74b9a54439cabadda691905bd,6,2,1.5755686458625289,761,0.006101765583155599,3367,0.026996905017719976,48640,0.3899998396382238,83942,0.6730544107506534
18,188,274,2087,current-nlr-pbe-gw-v1:gw:matdb:000289620,current-nlr-pbe-gw-v1:gw:matdb:000011210,current-nlr-pbe-gw-v1:composition:00a377c841078b910be1cee88418bce664145efcb4f8efd13f9b637c450380d4|current-nlr-pbe-gw-v1:composition:102b8e62de719f1a8339acfed01ad117664f9e2374a557fabf9c86b3f71fea13,6,2,1.5607570348074864,757,0.0060696932279221925,3313,0.02656392822206899,49738,0.3988037011497939,84131,0.674569829535432
15,18,203,274,current-nlr-pbe-gw-v1:gw:matdb:000010786,current-nlr-pbe-gw-v1:gw:matdb:000289620,current-nlr-pbe-gw-v1:composition:00a377c841078b910be1cee88418bce664145efcb4f8efd13f9b637c450380d4|current-nlr-pbe-gw-v1:composition:131114703113be5d5aba5a77d23d6726379a9d8867dfd1463ca47f2fefc8388d,6,2,1.7818020972672044,862,0.006911592552799115,6425,0.0515162205936593,49449,0.3964864734841803,84038,0.6738241472762553
18,109,274,1087,current-nlr-pbe-gw-v1:gw:matdb:000289620,current-nlr-pbe-gw-v1:gw:matdb:000011890,current-nlr-pbe-gw-v1:composition:00a377c841078b910be1cee88418bce664145efcb4f8efd13f9b637c450380d4|current-nlr-pbe-gw-v1:composition:16057c3caaa38159fec10ed64a78cc8f601c7f4d2137a431e2876d346a8fa7ac,6,2,1.7083347505240334,826,0.006622941355698455,5177,0.04150964576083645,49676,0.3983065796436761,84159,0.6747943360220657
18,85,274,816,current-nlr-pbe-gw-v1:gw:matdb:000289620,current-nlr-pbe-gw-v1:gw:matdb:000011426,current-nlr-pbe-gw-v1:composition:00a377c841078b910be1cee88418bce664145efcb4f8efd13f9b637c450380d4|current-nlr-pbe-gw-v1:composition:19d80399e9537940686106341cb2549e08a566be021a567c76884a301df7139f,6,2,1.8775435441017265,904,0.007248352282749884,6019,0.04826087653746853,49131,0.3939367212431245,83967,0.6732548629708622
18,60,274,663,current-nlr-pbe-gw-v1:gw:matdb:000289620,current-nlr-pbe-gw-v1:gw:matdb:000011892,current-nlr-pbe-gw-v1:composition:00a377c841078b910be1cee88418bce664145efcb4f8efd13f9b637c450380d4|current-nlr-pbe-gw-v1:composition:200c37b94c03a0afdbd7c93c0230e6bc3d516017b374e9e92f8d665d9ef8ca3a,6,2,1.43423299481111,693,0.005556535544187688,1836,0.014721211052133613,48904,0.39211661508362866,84027,0.6737359482993633
18,180,274,2048,current-nlr-pbe-gw-v1:gw:matdb:000289620,current-nlr-pbe-gw-v1:gw:matdb:000011761,current-nlr-pbe-gw-v1:composition:00a377c841078b910be1cee88418bce664145efcb4f8efd13f9b637c450380d4|current-nlr-pbe-gw-v1:composition:24757342d3b731ecdd8b2cf0b36462ddd67bec8b1ad8d7fc28f9682a91b0aaa5,5,2,1.4540730851642685,704,0.005644734521079556,2159,0.017311053737231193,49865,0.3998219984284546,84404,0.6767587677801119
18,142,274,1585,current-nlr-pbe-gw-v1:gw:matdb:000289620,current-nlr-pbe-gw-v1:gw:matdb:000290107,current-nlr-pbe-gw-v1:composition:00a377c841078b910be1cee88418bce664145efcb4f8efd13f9b637c450380d4|current-nlr-pbe-gw-v1:composition:2516cf0e4ce0e0b2e122a48cee7a103036602ea8cb2224e9b8462da16cb7afea,5,2,1.5937195760872906,770,0.006173928382430764,3657,0.029322150772141953,49261,0.3949790727882102,84177,0.6749386616206161
18,190,274,2124,current-nlr-pbe-gw-v1:gw:matdb:000289620,current-nlr-pbe-gw-v1:gw:matdb:000290308,current-nlr-pbe-gw-v1:composition:00a377c841078b910be1cee88418bce664145efcb4f8efd13f9b637c450380d4|current-nlr-pbe-gw-v1:composition:25d66f188a2f1cd5cfa180a38337a398e7a86e6428f5dd42b5d6a28a2168c022,5,2,1.5384396520062489,744,0.005965458073413621,3132,0.02511265414775734,48789,0.39119453487066824,84016,0.6736477493224715
18,100,274,910,current-nlr-pbe-gw-v1:gw:matdb:000289620,current-nlr-pbe-gw-v1:gw:matdb:000011879,current-nlr-pbe-gw-v1:composition:00a377c841078b910be1cee88418bce664145efcb4f8efd13f9b637c450380d4|current-nlr-pbe-gw-v1:composition:25e96d1a1cc7fc5491c78601167b3bc7b37be33a40a23913d1e38e61ee50c720,5,2,1.466125013754432,711,0.005700861142738017,2189,0.017551596401481743,49441,0.3964223287737135,84344,0.6762776824516108
18,147,274,1644,current-nlr-pbe-gw-v1:gw:matdb:000289620,current-nlr-pbe-gw-v1:gw:matdb:000011961,current-nlr-pbe-gw-v1:composition:00a377c841078b910be1cee88418bce664145efcb4f8efd13f9b637c450380d4|current-nlr-pbe-gw-v1:composition:268ab60b93b3f19bdc5011f074857c2f19000fc09f061e7155f392440b74f9cd,6,2,1.5634092773024473,758,0.006077711316730544,3728,0.02989143507753492,50191,0.4024358953799772,84440,0.6770474189772125
18,55,274,648,current-nlr-pbe-gw-v1:gw:matdb:000289620,current-nlr-pbe-gw-v1:gw:matdb:000009667,current-nlr-pbe-gw-v1:composition:00a377c841078b910be1cee88418bce664145efcb4f8efd13f9b637c450380d4|current-nlr-pbe-gw-v1:composition:29ec3f7da6c5cdea7efb8a8217a4ca5b9319ca4f44b26e36ad760794a92e3fdb,6,2,1.6660607419878297,808,0.006478615757148126,4820,0.03864718805625491,50082,0.4015619236998669,84377,0.6765422793822864
18,59,274,658,current-nlr-pbe-gw-v1:gw:matdb:000289620,current-nlr-pbe-gw-v1:gw:matdb:000010018,current-nlr-pbe-gw-v1:composition:00a377c841078b910be1cee88418bce664145efcb4f8efd13f9b637c450380d4|current-nlr-pbe-gw-v1:composition:2a3f1a541fc3990b3f0577ab61fc22e506d1abdd1514a2fd218f50a057495259,6,2,1.691248080188029,819,0.006566814734039994,5321,0.042664250549239086,50308,0.4033740117705544,84211,0.6752112766401
18,121,274,1306,current-nlr-pbe-gw-v1:gw:matdb:000289620,current-nlr-pbe-gw-v1:gw:matdb:000010436,current-nlr-pbe-gw-v1:composition:00a377c841078b910be1cee88418bce664145efcb4f8efd13f9b637c450380d4|current-nlr-pbe-gw-v1:composition:2e199015572e4fc74af6c01997229bedb39cf7fdac5607abc54d91a852da9a37,5,2,1.6531938582041643,802,0.006430507224298016,4876,0.039096201029522604,50309,0.4033820298593627,84375,0.6765262432046697
18,61,274,675,current-nlr-pbe-gw-v1:gw:matdb:000289620,current-nlr-pbe-gw-v1:gw:matdb:000011004,current-nlr-pbe-gw-v1:composition:00a377c841078b910be1cee88418bce664145efcb4f8efd13f9b637c450380d4|current-nlr-pbe-gw-v1:composition:2e51526b13ce06c1fb34d6a2f65bd87d80ce86346b173ed90e5a33bfec790c00,6,2,1.6190911957711,784,0.006286181625747686,4027,0.03228884363123206,49825,0.3995012748761205,84159,0.6747943360220657
18,122,274,1307,current-nlr-pbe-gw-v1:gw:matdb:000289620,current-nlr-pbe-gw-v1:gw:matdb:000010046,current-nlr-pbe-gw-v1:composition:00a377c841078b910be1cee88418bce664145efcb4f8efd13f9b637c450380d4|current-nlr-pbe-gw-v1:composition:2ee0b96165e9fd58531128693d60cb68b3038e34d7f58a9d9073b00dc68857f4,6,2,1.664649603211517,805,0.006454561490723071,5192,0.041629917092961724,50624,0.4059077278339935,84636,0.6786189643836495
18,111,274,1092,current-nlr-pbe-gw-v1:gw:matdb:000289620,current-nlr-pbe-gw-v1:gw:matdb:000009877,current-nlr-pbe-gw-v1:composition:00a377c841078b910be1cee88418bce664145efcb4f8efd13f9b637c450380d4|current-nlr-pbe-gw-v1:composition:2f5368b04dc2c8d9618755c26279a796c63928344b71614ba78966b96bbc5cad,6,2,1.7511775578877065,848,0.006799339309482192,6053,0.04853349155695248,49767,0.3990362257252361,84237,0.6754197469491172
18,108,274,1074,current-nlr-pbe-gw-v1:gw:matdb:000289620,current-nlr-pbe-gw-v1:gw:matdb:000011437,current-nlr-pbe-gw-v1:composition:00a377c841078b910be1cee88418bce664145efcb4f8efd13f9b637c450380d4|current-nlr-pbe-gw-v1:composition:39b32f8ab8171be564751d059e91152ac2487867e19b2f27d33c82ec6830554f,6,2,1.6961489061430104,822,0.006590869000465049,5372,0.04307317307846502,49796,0.3992687503006783,84283,0.6757885790343013
18,138,274,1565,current-nlr-pbe-gw-v1:gw:matdb:000289620,current-nlr-pbe-gw-v1:gw:matdb:000290046,current-nlr-pbe-gw-v1:composition:00a377c841078b910be1cee88418bce664145efcb4f8efd13f9b637c450380d4|current-nlr-pbe-gw-v1:composition:3c5ff93660dc57332917f7482e44b90b03c2716f833695572a524439675ffb8c,6,2,1.4962913317355362,723,0.005797078208438237,2345,0.0188024182555846,48960,0.3925656280568964,84090,0.6742410878942895
18,82,274,781,current-nlr-pbe-gw-v1:gw:matdb:000289620,current-nlr-pbe-gw-v1:gw:matdb:000009677,current-nlr-pbe-gw-v1:composition:00a377c841078b910be1cee88418bce664145efcb4f8efd13f9b637c450380d4|current-nlr-pbe-gw-v1:composition:3d77b7404a022890db7e958c049df033ead24f07421037f19e8f4b984d31e20c,6,2,1.6374958232711387,794,0.006366362513831203,4333,0.03474237880658766,49722,0.3986754117288603,84214,0.6752353309065251
18,152,274,1797,current-nlr-pbe-gw-v1:gw:matdb:000289620,current-nlr-pbe-gw-v1:gw:matdb:000290129,current-nlr-pbe-gw-v1:composition:00a377c841078b910be1cee88418bce664145efcb4f8efd13f9b637c450380d4|current-nlr-pbe-gw-v1:composition:41f23ca406a1edb6e60887dd69b6783e1373c7cef38f141bbe5eed69d37425b4,6,2,1.5463155692500659,750,0.006013566606263731,3369,0.02701294119533668,48919,0.39223688641575394,83879,0.6725492711557273
18,154,274,1866,current-nlr-pbe-gw-v1:gw:matdb:000289620,current-nlr-pbe-gw-v1:gw:matdb:000290272,current-nlr-pbe-gw-v1:composition:00a377c841078b910be1cee88418bce664145efcb4f8efd13f9b637c450380d4|current-nlr-pbe-gw-v1:composition:445a6d2f821f332ca85329eac4cc2282c242e15fda1c7903dd0be20166bd8526,6,2,1.3823419655911922,670,0.0053721195015956,1147,0.009196747863179332,48830,0.3915232765118106,84191,0.675050914863933
10,18,131,274,current-nlr-pbe-gw-v1:gw:matdb:000009582,current-nlr-pbe-gw-v1:gw:matdb:000289620,current-nlr-pbe-gw-v1:composition:00a377c841078b910be1cee88418bce664145efcb4f8efd13f9b637c450380d4|current-nlr-pbe-gw-v1:composition:4ec54278782bdfe004c88db9f618f418ed76f0af4025461281ef31ef6dce5654,5,2,1.4152300563109221,685,0.005492390833720874,1549,0.012420019564136693,48845,0.3916435478439359,84078,0.6741448708285893
18,68,274,706,current-nlr-pbe-gw-v1:gw:matdb:000289620,current-nlr-pbe-gw-v1:gw:matdb:000289894,current-nlr-pbe-gw-v1:composition:00a377c841078b910be1cee88418bce664145efcb4f8efd13f9b637c450380d4|current-nlr-pbe-gw-v1:composition:5741f78015c95a8e66ff696129c5be7e62619662563fad8d23eaf3f2630e87a3,5,2,1.810500866713245,871,0.00698375535207428,4713,0.03778925255376128,48261,0.38696098397985856,83787,0.671811606985359
5,18,89,274,current-nlr-pbe-gw-v1:gw:matdb:000011924,current-nlr-pbe-gw-v1:gw:matdb:000289620,current-nlr-pbe-gw-v1:composition:00a377c841078b910be1cee88418bce664145efcb4f8efd13f9b637c450380d4|current-nlr-pbe-gw-v1:composition:5a1e77718cf88a9edd3f8d69315187137624f2d76386da326e33aebba3acf18a,6,2,1.8491847301108788,891,0.007144117128241313,5695,0.045663015763562596,49078,0.39351176253628184,83975,0.6733190076813291
18,54,274,614,current-nlr-pbe-gw-v1:gw:matdb:000289620,current-nlr-pbe-gw-v1:gw:matdb:000289808,current-nlr-pbe-gw-v1:composition:00a377c841078b910be1cee88418bce664145efcb4f8efd13f9b637c450380d4|current-nlr-pbe-gw-v1:composition:5c7f82fa056058c1edf8ea33ce0d68eda3a11fab85451c75ba6f03bf5e4afe23,5,2,1.4247343966018258,691,0.0055404993665709844,1758,0.014095800125082186,49671,0.39826648919963437,84417,0.6768630029346205
18,169,274,1980,current-nlr-pbe-gw-v1:gw:matdb:000289620,current-nlr-pbe-gw-v1:gw:matdb:000290368,current-nlr-pbe-gw-v1:composition:00a377c841078b910be1cee88418bce664145efcb4f8efd13f9b637c450380d4|current-nlr-pbe-gw-v1:composition:5d0ea1f6172ad9cbd6e4a01437ad059705a6dc20ae42dc21832c71c062cbd8f3,5,2,1.4553276663735253,706,0.005660770698696259,2176,0.017447361246973173,49263,0.3949951089658269,84185,0.6750028063310829
18,44,274,510,current-nlr-pbe-gw-v1:gw:matdb:000289620,current-nlr-pbe-gw-v1:gw:matdb:000011802,current-nlr-pbe-gw-v1:composition:00a377c841078b910be1cee88418bce664145efcb4f8efd13f9b637c450380d4|current-nlr-pbe-gw-v1:composition:65be4e207640811ebf752ee8bc0fcd2fee75d5e6dfc7c2037a72d1ba7c26c59f,6,2,1.5920383435261125,769,0.006165910293622412,3472,0.027838804342596897,49624,0.39788963902564184,84262,0.675620199169326
18,139,274,1571,current-nlr-pbe-gw-v1:gw:matdb:000289620,current-nlr-pbe-gw-v1:gw:matdb:000290025,current-nlr-pbe-gw-v1:composition:00a377c841078b910be1cee88418bce664145efcb4f8efd13f9b637c450380d4|current-nlr-pbe-gw-v1:composition:6a06915f556185f18f20f52ffbb13227db9f17a54d27214bb72b66013223e8f8,6,2,1.4941769824218374,724,0.0058050962972465885,2507,0.020101348642537566,49166,0.3942173543514168,84149,0.6747141551339823
18,187,274,2086,current-nlr-pbe-gw-v1:gw:matdb:000289620,current-nlr-pbe-gw-v1:gw:matdb:000290154,current-nlr-pbe-gw-v1:composition:00a377c841078b910be1cee88418bce664145efcb4f8efd13f9b637c450380d4|current-nlr-pbe-gw-v1:composition:710310030e1a7b9e355494bfc330f9376d969e6ae71b76886675c7b12bce6dbe,5,2,1.5537365518895734,753,0.006037620872688786,3226,0.025866354495742396,49216,0.3946182587918344,84133,0.6745858657130487
18,157,274,1895,current-nlr-pbe-gw-v1:gw:matdb:000289620,current-nlr-pbe-gw-v1:gw:matdb:000010543,current-nlr-pbe-gw-v1:composition:00a377c841078b910be1cee88418bce664145efcb4f8efd13f9b637c450380d4|current-nlr-pbe-gw-v1:composition:7a3eabfe8b7ca6f397d3929015ae41c47c511b789d7e5e71db6d2458a25c4e51,6,2,1.6040804417567394,778,0.006238073092897577,4316,0.03460607129684568,50856,0.40776792443753107,84597,0.6783062589201238
18,129,274,1519,current-nlr-pbe-gw-v1:gw:matdb:000289620,current-nlr-pbe-gw-v1:gw:matdb:000289900,current-nlr-pbe-gw-v1:composition:00a377c841078b910be1cee88418bce664145efcb4f8efd13f9b637c450380d4|current-nlr-pbe-gw-v1:composition:7bf97e148f3de984b97fb8d7ad846f9dc96ab02bb9db2f19d26da4d7fddd5f66,5,2,1.5544350934365967,752,0.006029602783880434,2986,0.023942013181738,48511,0.3889655061819465,83893,0.6726615243990443
18,186,274,2075,current-nlr-pbe-gw-v1:gw:matdb:000289620,current-nlr-pbe-gw-v1:gw:matdb:000010678,current-nlr-pbe-gw-v1:composition:00a377c841078b910be1cee88418bce664145efcb4f8efd13f9b637c450380d4|current-nlr-pbe-gw-v1:composition:7fb433cc270031b27c46fcbe64875fa65a34cbb5645b45b7534b5ade767795de,6,2,1.4041461551614782,682,0.0054683365672958196,1481,0.01187478952516878,49268,0.39503519940986864,84238,0.6754277650379256
18,140,274,1576,current-nlr-pbe-gw-v1:gw:matdb:000289620,current-nlr-pbe-gw-v1:gw:matdb:000289987,current-nlr-pbe-gw-v1:composition:00a377c841078b910be1cee88418bce664145efcb4f8efd13f9b637c450380d4|current-nlr-pbe-gw-v1:composition:86ae630f155319e2ffa9150ff15eaf5901897b45f3ab3177fe65a460f8a0116f,5,2,1.6216320178375823,786,0.00630221780336439,4194,0.033627864462226785,49893,0.4000465049150884,84300,0.6759248865440434
18,167,274,1976,current-nlr-pbe-gw-v1:gw:matdb:000289620,current-nlr-pbe-gw-v1:gw:matdb:000010851,current-nlr-pbe-gw-v1:composition:00a377c841078b910be1cee88418bce664145efcb4f8efd13f9b637c450380d4|current-nlr-pbe-gw-v1:composition:8818fb90b5fd735e55c087b0ff3ce1e6d7d6532a6edde721fffc7f10f450116f,6,2,1.5330842082036658,743,0.00595743998460527,3186,0.02554563094340833,49383,0.3959572796228291,84177,0.6749386616206161
18,81,274,768,current-nlr-pbe-gw-v1:gw:matdb:000289620,current-nlr-pbe-gw-v1:gw:matdb:000010113,current-nlr-pbe-gw-v1:composition:00a377c841078b910be1cee88418bce664145efcb4f8efd13f9b637c450380d4|current-nlr-pbe-gw-v1:composition:8835f014a0784ca4299ca953a6aa515f2c4ec943fb72f2949e5f4ef6405256ed,5,2,1.5909464444240462,772,0.006189964560047467,3897,0.031246492086146348,49948,0.4004874997995478,84363,0.6764300261389695
18,72,274,710,current-nlr-pbe-gw-v1:gw:matdb:000289620,current-nlr-pbe-gw-v1:gw:matdb:000290106,current-nlr-pbe-gw-v1:composition:00a377c841078b910be1cee88418bce664145efcb4f8efd13f9b637c450380d4|current-nlr-pbe-gw-v1:composition:88467e1077156c34db2b1b418028de1715e5644916dcf99900ba10a7a12883ad,6,2,1.687629553079912,818,0.006558796645231643,4799,0.03847880819127952,49328,0.39551628473836975,83923,0.6729020670632948
18,127,274,1492,current-nlr-pbe-gw-v1:gw:matdb:000289620,current-nlr-pbe-gw-v1:gw:matdb:000289918,current-nlr-pbe-gw-v1:composition:00a377c841078b910be1cee88418bce664145efcb4f8efd13f9b637c450380d4|current-nlr-pbe-gw-v1:composition:8b08595a4ef867bb90e73c8a6014f2f426c3d72b32f84458c7a18c56f9d402a8,5,2,1.380000802055098,668,0.005356083323978896,1104,0.008851970044420211,48714,0.39059317821004186,84139,0.6746339742458988
18,83,274,789,current-nlr-pbe-gw-v1:gw:matdb:000289620,current-nlr-pbe-gw-v1:gw:matdb:000010126,current-nlr-pbe-gw-v1:composition:00a377c841078b910be1cee88418bce664145efcb4f8efd13f9b637c450380d4|current-nlr-pbe-gw-v1:composition:8fb4e424596e12e84ae5077700dffd966b3ba2868c75d19d3fe53ff4aa9b3451,6,2,1.7149602915940392,830,0.006655013710931862,5281,0.042343526996905016,49628,0.39792171138087523,84158,0.6747863179332574
18,77,274,730,current-nlr-pbe-gw-v1:gw:matdb:000289620,current-nlr-pbe-gw-v1:gw:matdb:000011455,current-nlr-pbe-gw-v1:composition:00a377c841078b910be1cee88418bce664145efcb4f8efd13f9b637c450380d4|current-nlr-pbe-gw-v1:composition:93fc348e1dfe7f5023ae208be1b6652ac876c1734d84af8669cd57c591692c0e,6,2,1.9025133684795472,916,0.007344569348450103,6346,0.05088279157779951,49218,0.39463429496945107,83984,0.6733911704806043
18,113,274,1148,current-nlr-pbe-gw-v1:gw:matdb:000289620,current-nlr-pbe-gw-v1:gw:matdb:000009927,current-nlr-pbe-gw-v1:composition:00a377c841078b910be1cee88418bce664145efcb4f8efd13f9b637c450380d4|current-nlr-pbe-gw-v1:composition:94894f2df6e0179a966025cfee3288aed464ea528e5256654e8dbfedcc5eea9c,6,2,1.678502950628766,811,0.006502670023573181,5091,0.040820090123318206,50476,0.40472105069035746,84457,0.6771837264869546
18,176,274,2037,current-nlr-pbe-gw-v1:gw:matdb:000289620,current-nlr-pbe-gw-v1:gw:matdb:000287053,current-nlr-pbe-gw-v1:composition:00a377c841078b910be1cee88418bce664145efcb4f8efd13f9b637c450380d4|current-nlr-pbe-gw-v1:composition:9667c15ce567055fdafbd690b9ba55da86fb9ae013fef0f61dc4bd3a5ab8c7be,6,2,1.5713327156020442,761,0.006101765583155599,3933,0.031535143283247004,50246,0.40287689026443657,84456,0.6771757083981462
18,58,274,654,current-nlr-pbe-gw-v1:gw:matdb:000289620,current-nlr-pbe-gw-v1:gw:matdb:000009900,current-nlr-pbe-gw-v1:composition:00a377c841078b910be1cee88418bce664145efcb4f8efd13f9b637c450380d4|current-nlr-pbe-gw-v1:composition:9744f268cf9148d6f48c473dd0083d67b8ff2131d8582ee4a639a091db33ef03,6,2,1.6612078011993596,805,0.006454561490723071,4628,0.037107715005051396,49909,0.40017479433602204,84144,0.6746740646899405
18,168,274,1977,current-nlr-pbe-gw-v1:gw:matdb:000289620,current-nlr-pbe-gw-v1:gw:matdb:000010666,current-nlr-pbe-gw-v1:composition:00a377c841078b910be1cee88418bce664145efcb4f8efd13f9b637c450380d4|current-nlr-pbe-gw-v1:composition:a1c685c1453f513ce471dcab834bdb02bff03664fe3832750539876a25e4c4a5,6,2,1.4532965509300548,705,0.005652752609887907,2173,0.017423306980548118,49206,0.39453807790375084,84187,0.6750188425086996
18,69,274,707,current-nlr-pbe-gw-v1:gw:matdb:000289620,current-nlr-pbe-gw-v1:gw:matdb:000289849,current-nlr-pbe-gw-v1:composition:00a377c841078b910be1cee88418bce664145efcb4f8efd13f9b637c450380d4|current-nlr-pbe-gw-v1:composition:ac2a6ccbdebd52d0c53f14a9305762f6da0387029fbd5ed13dd9221308376ad1,5,2,1.8105008667132434,871,0.00698375535207428,4713,0.03778925255376128,48261,0.38696098397985856,83787,0.671811606985359
18,144,274,1610,current-nlr-pbe-gw-v1:gw:matdb:000289620,current-nlr-pbe-gw-v1:gw:matdb:000011288,current-nlr-pbe-gw-v1:composition:00a377c841078b910be1cee88418bce664145efcb4f8efd13f9b637c450380d4|current-nlr-pbe-gw-v1:composition:af0fb650417ab17bb035dadc58a5e3efacf379effdd7519d5d2ccf4ae7a71299,6,2,1.6627658625452866,804,0.006446543401914719,4833,0.03875142321076348,50532,0.4051700636636251,84538,0.6778331916804311
18,30,274,479,current-nlr-pbe-gw-v1:gw:matdb:000289620,current-nlr-pbe-gw-v1:gw:matdb:000289701,current-nlr-pbe-gw-v1:composition:00a377c841078b910be1cee88418bce664145efcb4f8efd13f9b637c450380d4|current-nlr-pbe-gw-v1:composition:af9dc86b3427c8c22ac334891dd34e9b3871288975477a8c21735364d81993da,5,2,1.3590501516594906,660,0.0052919386135120835,990,0.007937907920268125,49041,0.39321509325037285,84327,0.6761413749418689
18,148,274,1647,current-nlr-pbe-gw-v1:gw:matdb:000289620,current-nlr-pbe-gw-v1:gw:matdb:000010195,current-nlr-pbe-gw-v1:composition:00a377c841078b910be1cee88418bce664145efcb4f8efd13f9b637c450380d4|current-nlr-pbe-gw-v1:composition:b131adad3ee902c0d41a0eb1e2f1e624ea84641f0a4879cb7133c17322fc25f0,6,2,1.588931996688844,770,0.006173928382430764,4003,0.03209640949983162,50243,0.4028528359980115,84476,0.6773360701743133
11,18,133,274,current-nlr-pbe-gw-v1:gw:matdb:000010003,current-nlr-pbe-gw-v1:gw:matdb:000289620,current-nlr-pbe-gw-v1:composition:00a377c841078b910be1cee88418bce664145efcb4f8efd13f9b637c450380d4|current-nlr-pbe-gw-v1:composition:b13cd6e1d68c6c857da983e7873d5138af4a7e7510d83191bdc211768ab942d6,6,2,1.5197741596907666,736,0.005901313362946808,3216,0.025786173607658877,50323,0.40349428310267965,84561,0.6780176077230231
18,65,274,703,current-nlr-pbe-gw-v1:gw:matdb:000289620,current-nlr-pbe-gw-v1:gw:matdb:000289867,current-nlr-pbe-gw-v1:composition:00a377c841078b910be1cee88418bce664145efcb4f8efd13f9b637c450380d4|current-nlr-pbe-gw-v1:composition:b1479ec6d7ef0d7af2b32be4aba0984a1a0fc36420ea62e4aade03c03f54d5e3,5,2,1.8105008667132454,871,0.00698375535207428,4713,0.03778925255376128,48261,0.38696098397985856,83787,0.671811606985359
18,132,274,1531,current-nlr-pbe-gw-v1:gw:matdb:000289620,current-nlr-pbe-gw-v1:gw:matdb:000289932,current-nlr-pbe-gw-v1:composition:00a377c841078b910be1cee88418bce664145efcb4f8efd13f9b637c450380d4|current-nlr-pbe-gw-v1:composition:b43a041f7b92562e3edae51cab0116d55f73253f82b6635fee9db7cb50816375,5,2,1.562643402795821,756,0.006061675139113841,3231,0.025906444939784154,48551,0.38928622973428056,83901,0.672725669109511
18,145,274,1612,current-nlr-pbe-gw-v1:gw:matdb:000289620,current-nlr-pbe-gw-v1:gw:matdb:000011066,current-nlr-pbe-gw-v1:composition:00a377c841078b910be1cee88418bce664145efcb4f8efd13f9b637c450380d4|current-nlr-pbe-gw-v1:composition:b4e944674726ab28d9a04d7e5575696e5657a7b4e3a6d1eecf566be75b252df0,5,2,1.6060993019288512,779,0.006246091181705929,4517,0.03621770714732436,50600,0.40571529370259307,84545,0.6778893183020895
18,112,274,1147,current-nlr-pbe-gw-v1:gw:matdb:000289620,current-nlr-pbe-gw-v1:gw:matdb:000010334,current-nlr-pbe-gw-v1:composition:00a377c841078b910be1cee88418bce664145efcb4f8efd13f9b637c450380d4|current-nlr-pbe-gw-v1:composition:b721576214ab474f8b5c6867340375213420300cd15575a8dd6f5735f6b3e263,5,2,1.5839402777042484,768,0.0061578922048140606,3949,0.03166343270418063,50112,0.4018024663641174,84328,0.6761493930306772
18,133,274,1553,current-nlr-pbe-gw-v1:gw:matdb:000289620,current-nlr-pbe-gw-v1:gw:matdb:000286998,current-nlr-pbe-gw-v1:composition:00a377c841078b910be1cee88418bce664145efcb4f8efd13f9b637c450380d4|current-nlr-pbe-gw-v1:composition:b95ff1693d6212f4974a3c5c4806be3c601e56ff8dd07a90d927e96e8734ab66,5,2,1.822935160573385,879,0.007047900062541093,5751,0.04611202873683029,49509,0.3969675588126814,84144,0.6746740646899405
18,71,274,709,current-nlr-pbe-gw-v1:gw:matdb:000289620,current-nlr-pbe-gw-v1:gw:matdb:000289958,current-nlr-pbe-gw-v1:composition:00a377c841078b910be1cee88418bce664145efcb4f8efd13f9b637c450380d4|current-nlr-pbe-gw-v1:composition:bace706d22c33cedfaeeb0ac34dee033580cb10bf1996090188149b6ca75e26e,6,2,1.8139783943910768,876,0.007023845796116038,5751,0.04611202873683029,49258,0.39495501852178516,83948,0.6731025192835036
18,107,274,1072,current-nlr-pbe-gw-v1:gw:matdb:000289620,current-nlr-pbe-gw-v1:gw:matdb:000012176,current-nlr-pbe-gw-v1:composition:00a377c841078b910be1cee88418bce664145efcb4f8efd13f9b637c450380d4|current-nlr-pbe-gw-v1:composition:bbd76372cf99b7e25b4287e3a456637a8a26d185dcbf40254d64e27f57c02f9d,5,2,1.5671268034176127,761,0.006101765583155599,3813,0.03057297262624481,49818,0.3994451482544621,84357,0.6763819176061194
18,177,274,2038,current-nlr-pbe-gw-v1:gw:matdb:000289620,current-nlr-pbe-gw-v1:gw:matdb:000010890,current-nlr-pbe-gw-v1:composition:00a377c841078b910be1cee88418bce664145efcb4f8efd13f9b637c450380d4|current-nlr-pbe-gw-v1:composition:c407ea9a95e387a787573e935bf9c128cc811abbb967096e5854c5c1decfd13e,6,2,1.6190911957710998,784,0.006286181625747686,4027,0.03228884363123206,49825,0.3995012748761205,84159,0.6747943360220657
18,170,274,2005,current-nlr-pbe-gw-v1:gw:matdb:000289620,current-nlr-pbe-gw-v1:gw:matdb:000011153,current-nlr-pbe-gw-v1:composition:00a377c841078b910be1cee88418bce664145efcb4f8efd13f9b637c450380d4|current-nlr-pbe-gw-v1:composition:ce6436ee93264c9a54289bd2877d5561d1cb1f2e6c30314e08f0686c4cea7278,6,2,1.5173831288319088,736,0.005901313362946808,2983,0.023917958915312947,49277,0.39510736220914383,84131,0.674569829535432
18,189,274,2112,current-nlr-pbe-gw-v1:gw:matdb:000289620,current-nlr-pbe-gw-v1:gw:matdb:000290236,current-nlr-pbe-gw-v1:composition:00a377c841078b910be1cee88418bce664145efcb4f8efd13f9b637c450380d4|current-nlr-pbe-gw-v1:composition:d887f58cd09bbcad3a926842eb6afd7ad03508335f956512244e5600fc29a0b3,6,2,1.4106541022161445,685,0.005492390833720874,1569,0.012580381340303726,49481,0.39674305232604756,84354,0.6763578633396944
18,46,274,513,current-nlr-pbe-gw-v1:gw:matdb:000289620,current-nlr-pbe-gw-v1:gw:matdb:000289999,current-nlr-pbe-gw-v1:composition:00a377c841078b910be1cee88418bce664145efcb4f8efd13f9b637c450380d4|current-nlr-pbe-gw-v1:composition:e7b9b30195728e1d94e3e2197a7a27b1a8c003f6895c98b13e2f05adac167a6a,6,2,1.837177210307817,887,0.007112044773007906,6078,0.048733943777161275,49407,0.3961497137542295,83948,0.6731025192835036
3,18,78,274,current-nlr-pbe-gw-v1:gw:matdb:000009744,current-nlr-pbe-gw-v1:gw:matdb:000289620,current-nlr-pbe-gw-v1:composition:00a377c841078b910be1cee88418bce664145efcb4f8efd13f9b637c450380d4|current-nlr-pbe-gw-v1:composition:06053993505aacc47eaba12b91e7851de84ac27cd3c67dabd2628cb244e7b25c,7,3,1.543959717032526,747,0.005989512339838676,3011,0.024142465401946794,50197,0.40248400391282735,84527,0.6777449927035392
18,94,274,886,current-nlr-pbe-gw-v1:gw:matdb:000289620,current-nlr-pbe-gw-v1:gw:matdb:000009916,current-nlr-pbe-gw-v1:composition:00a377c841078b910be1cee88418bce664145efcb4f8efd13f9b637c450380d4|current-nlr-pbe-gw-v1:composition:0669176192869438017ecacf659cca193a2b4a74d2b958818435ec0d352d32ef,7,3,1.6123467095250392,781,0.006262127359322632,3994,0.03202424670055645,50248,0.40289292644205327,84431,0.6769752561779374
18,183,274,2056,current-nlr-pbe-gw-v1:gw:matdb:000289620,current-nlr-pbe-gw-v1:gw:matdb:000010902,current-nlr-pbe-gw-v1:composition:00a377c841078b910be1cee88418bce664145efcb4f8efd13f9b637c450380d4|current-nlr-pbe-gw-v1:composition:0804a5015e09a262534668d8e3b353feb22bcd75e0580f6c1ad59becfd43f428,7,3,1.40460099334017,679,0.005444282300870765,1371,0.0109927997562501,48570,0.38943857342163923,83939,0.6730303564842284
18,47,274,514,current-nlr-pbe-gw-v1:gw:matdb:000289620,current-nlr-pbe-gw-v1:gw:matdb:000290087,current-nlr-pbe-gw-v1:composition:00a377c841078b910be1cee88418bce664145efcb4f8efd13f9b637c450380d4|current-nlr-pbe-gw-v1:composition:09ce9e8c582ad0062585d056e15000f2fce96831c5016e49ca8bc1a0cf82a2cb,7,3,1.7022048975821658,825,0.006614923266890104,5041,0.04041918568290062,49629,0.3979297294696836,83996,0.6734873875463044
9,18,126,274,current-nlr-pbe-gw-v1:gw:matdb:000289592,current-nlr-pbe-gw-v1:gw:matdb:000289620,current-nlr-pbe-gw-v1:composition:00a377c841078b910be1cee88418bce664145efcb4f8efd13f9b637c450380d4|current-nlr-pbe-gw-v1:composition:10efa4483e7a59d484167ad4a212b11e31fb683a49b09e069e2aeb7d0f58d4d3,7,3,1.4617895635922469,708,0.005676806876312962,2113,0.016942221652047017,49596,0.397665132539008,84200,0.6751230776632082
18,114,274,1150,current-nlr-pbe-gw-v1:gw:matdb:000289620,current-nlr-pbe-gw-v1:gw:matdb:000010348,current-nlr-pbe-gw-v1:composition:00a377c841078b910be1cee88418bce664145efcb4f8efd13f9b637c450380d4|current-nlr-pbe-gw-v1:composition:1367b243719419b65b13aefc7c73028c68a9d5898ef6569e11cbcd9877db47f6,7,3,1.688522500488986,817,0.006550778556423291,5003,0.04011449830818326,50538,0.40521817219647527,84454,0.6771596722205295
18,92,274,884,current-nlr-pbe-gw-v1:gw:matdb:000289620,current-nlr-pbe-gw-v1:gw:matdb:000012050,current-nlr-pbe-gw-v1:composition:00a377c841078b910be1cee88418bce664145efcb4f8efd13f9b637c450380d4|current-nlr-pbe-gw-v1:composition:1562483fbca6e3f758dbf40f9c004b1b01656af2f8f7bcbba1506bf847e2b1ab,7,3,1.5198715390535142,735,0.0058932952741384565,2756,0.022097852755817122,49390,0.39601340624448755,84186,0.6750108244198912
18,41,274,507,current-nlr-pbe-gw-v1:gw:matdb:000289620,current-nlr-pbe-gw-v1:gw:matdb:000010975,current-nlr-pbe-gw-v1:composition:00a377c841078b910be1cee88418bce664145efcb4f8efd13f9b637c450380d4|current-nlr-pbe-gw-v1:composition:1afe14e7b30d7a9f52edd2afe8d8bfe8271ad7c275664e3cee60e3176483963a,7,3,1.6976559275869552,820,0.006574832822848346,4605,0.03692329896245931,50395,0.40407158549688094,84439,0.6770394008884042
18,101,274,919,current-nlr-pbe-gw-v1:gw:matdb:000289620,current-nlr-pbe-gw-v1:gw:matdb:000010236,current-nlr-pbe-gw-v1:composition:00a377c841078b910be1cee88418bce664145efcb4f8efd13f9b637c450380d4|current-nlr-pbe-gw-v1:composition:1d322f57e54423a870f637708518e6a6c35eaff759e03f1a605294ac9f8f0357,7,3,1.5579068123975843,755,0.006053657050305489,3285,0.02633942173543514,50262,0.4030051796853702,84498,0.677512468128097
18,146,274,1613,current-nlr-pbe-gw-v1:gw:matdb:000289620,current-nlr-pbe-gw-v1:gw:matdb:000011962,current-nlr-pbe-gw-v1:composition:00a377c841078b910be1cee88418bce664145efcb4f8efd13f9b637c450380d4|current-nlr-pbe-gw-v1:composition:221acb7dd81344f6c0ff320bfbd824eb830d5710083eea7cd8c2a1c25050d098,7,3,1.4701280311595302,714,0.005724915409163072,2396,0.019211340784810533,49714,0.3986112670183935,84342,0.6762616462739941
18,75,274,717,current-nlr-pbe-gw-v1:gw:matdb:000289620,current-nlr-pbe-gw-v1:gw:matdb:000010320,current-nlr-pbe-gw-v1:composition:00a377c841078b910be1cee88418bce664145efcb4f8efd13f9b637c450380d4|current-nlr-pbe-gw-v1:composition:26e620c9df6375349421aba763591551b1851f72bef17afcbbb1c550bfe200fb,7,3,1.634493541756894,792,0.0063503263362145,4282,0.03433345627736173,50218,0.4026523837778027,84335,0.6762055196523357
18,185,274,2071,current-nlr-pbe-gw-v1:gw:matdb:000289620,current-nlr-pbe-gw-v1:gw:matdb:000290276,current-nlr-pbe-gw-v1:composition:00a377c841078b910be1cee88418bce664145efcb4f8efd13f9b637c450380d4|current-nlr-pbe-gw-v1:composition:272b230cf078617ce2d25967a55809d51db6826418828942d6d94ac5c659ef47,7,3,1.5117293284689977,734,0.005885277185330105,2990,0.023974085536971407,49950,0.4005035359771645,84397,0.6767026411584535
18,116,274,1187,current-nlr-pbe-gw-v1:gw:matdb:000289620,current-nlr-pbe-gw-v1:gw:matdb:000010518,current-nlr-pbe-gw-v1:composition:00a377c841078b910be1cee88418bce664145efcb4f8efd13f9b637c450380d4|current-nlr-pbe-gw-v1:composition:2d6443c822c4ca65927d79b94dc5bfd6be04b307667cf78e0a360bfab6179468,7,3,1.5710297725893032,762,0.00610978367196395,3783,0.03033242996199426,50563,0.405418624416684,84523,0.6777129203483058
18,74,274,716,current-nlr-pbe-gw-v1:gw:matdb:000289620,current-nlr-pbe-gw-v1:gw:matdb:000011596,current-nlr-pbe-gw-v1:composition:00a377c841078b910be1cee88418bce664145efcb4f8efd13f9b637c450380d4|current-nlr-pbe-gw-v1:composition:2e7a74218960ad8f281338db47363ffe9337e8cce8339b618630ae99b8fc372d,7,3,1.6882917525402195,817,0.006550778556423291,4780,0.03832646450392085,49588,0.3976009878285412,84124,0.6745137029137734
18,106,274,1047,current-nlr-pbe-gw-v1:gw:matdb:000289620,current-nlr-pbe-gw-v1:gw:matdb:000009856,current-nlr-pbe-gw-v1:composition:00a377c841078b910be1cee88418bce664145efcb4f8efd13f9b637c450380d4|current-nlr-pbe-gw-v1:composition:38a8774d44e7e1e67e9b9f6c37677a573d03eac891287a66fa2296ddf50aa2b8,7,3,1.6923549752041716,820,0.006574832822848346,4818,0.038631151878638206,49719,0.39865135746243524,84177,0.6749386616206161
18,57,274,653,current-nlr-pbe-gw-v1:gw:matdb:000289620,current-nlr-pbe-gw-v1:gw:matdb:000010286,current-nlr-pbe-gw-v1:composition:00a377c841078b910be1cee88418bce664145efcb4f8efd13f9b637c450380d4|current-nlr-pbe-gw-v1:composition:3d87705b843a355d26d3cf2d43b77b446e83e475b726f8396410f1af9abc130b,7,3,1.7186676437255,833,0.006679067977356917,5442,0.043634439295049635,49904,0.4001347038919803,84295,0.6758847961000016
18,120,274,1256,current-nlr-pbe-gw-v1:gw:matdb:000289620,current-nlr-pbe-gw-v1:gw:matdb:000290331,current-nlr-pbe-gw-v1:composition:00a377c841078b910be1cee88418bce664145efcb4f8efd13f9b637c450380d4|current-nlr-pbe-gw-v1:composition:480d4b9f5e81de56519753a92ee932882c56233bd133432391a4e4ee3ba50083,7,3,1.565162539377467,757,0.0060696932279221925,3222,0.02583428214050899,49012,0.39298256867493064,84082,0.6741769431838227
18,45,274,511,current-nlr-pbe-gw-v1:gw:matdb:000289620,current-nlr-pbe-gw-v1:gw:matdb:000011201,current-nlr-pbe-gw-v1:composition:00a377c841078b910be1cee88418bce664145efcb4f8efd13f9b637c450380d4|current-nlr-pbe-gw-v1:composition:48a28b53751d8308a768aed52d5e1789883fb7048d68f3ce065d37b64b600694,7,3,1.7230449849981402,832,0.0066710498885485655,4998,0.0400744078641415,50525,0.4051139370419667,84474,0.6773200339966966
18,123,274,1308,current-nlr-pbe-gw-v1:gw:matdb:000289620,current-nlr-pbe-gw-v1:gw:matdb:000010448,current-nlr-pbe-gw-v1:composition:00a377c841078b910be1cee88418bce664145efcb4f8efd13f9b637c450380d4|current-nlr-pbe-gw-v1:composition:49a5f8d538b56be7b01f633482286551c1228112cf7831bbff2d3387576e655e,7,3,1.7491336885418405,847,0.00679132122067384,6169,0.04946358985872128,50652,0.40613223432062734,84560,0.6780095896342148
18,149,274,1649,current-nlr-pbe-gw-v1:gw:matdb:000289620,current-nlr-pbe-gw-v1:gw:matdb:000011568,current-nlr-pbe-gw-v1:composition:00a377c841078b910be1cee88418bce664145efcb4f8efd13f9b637c450380d4|current-nlr-pbe-gw-v1:composition:4c4e90b9edcff5efcce24afd5be6ccaeca1472e69472066d08e8d4b117cc2bb2,7,3,1.4866028713084163,721,0.005781042030821533,2523,0.02022963806347119,49141,0.394016902131208,84104,0.6743533411376065
18,53,274,601,current-nlr-pbe-gw-v1:gw:matdb:000289620,current-nlr-pbe-gw-v1:gw:matdb:000289794,current-nlr-pbe-gw-v1:composition:00a377c841078b910be1cee88418bce664145efcb4f8efd13f9b637c450380d4|current-nlr-pbe-gw-v1:composition:541d0b4d14926315378a30196a2d9199c48e78fdc5072a66712b66912df9df3b,7,3,1.3811064982719086,671,0.0053801375904039515,1178,0.009445308616238234,49326,0.39550024856075305,84554,0.6779614811013647
18,153,274,1864,current-nlr-pbe-gw-v1:gw:matdb:000289620,current-nlr-pbe-gw-v1:gw:matdb:000287048,current-nlr-pbe-gw-v1:composition:00a377c841078b910be1cee88418bce664145efcb4f8efd13f9b637c450380d4|current-nlr-pbe-gw-v1:composition:56b66de969f5425f01d3fda9d6ff0bbe65d71a831a23a553a07da483e9164e3e,7,3,1.3719574675727513,666,0.005340047146362193,1038,0.008322776183069003,49565,0.3974165717859491,84523,0.6777129203483058
18,63,274,695,current-nlr-pbe-gw-v1:gw:matdb:000289620,current-nlr-pbe-gw-v1:gw:matdb:000286978,current-nlr-pbe-gw-v1:composition:00a377c841078b910be1cee88418bce664145efcb4f8efd13f9b637c450380d4|current-nlr-pbe-gw-v1:composition:5a326213be9b6cba8e620bc7c20801a5b85e1127964bfcd201c571b1f117883d,7,3,1.8043058296580416,873,0.006999791529690983,6467,0.05185298032361006,49464,0.3966067448163056,83959,0.6731907182603954
18,80,274,761,current-nlr-pbe-gw-v1:gw:matdb:000289620,current-nlr-pbe-gw-v1:gw:matdb:000012255,current-nlr-pbe-gw-v1:composition:00a377c841078b910be1cee88418bce664145efcb4f8efd13f9b637c450380d4|current-nlr-pbe-gw-v1:composition:5e10c7b001b2628ed97a087604278ff93a88b1a723b05637b6a986e2f941d5f9,7,3,1.5572251733143319,754,0.006045638961497138,3328,0.026684199554194262,49732,0.3987555926169438,84310,0.6760050674321268
14,18,148,274,current-nlr-pbe-gw-v1:gw:matdb:000009613,current-nlr-pbe-gw-v1:gw:matdb:000289620,current-nlr-pbe-gw-v1:composition:00a377c841078b910be1cee88418bce664145efcb4f8efd13f9b637c450380d4|current-nlr-pbe-gw-v1:composition:622826bb7225cac133db84cdb310697e81ea1bc273e3e1c108d95749c2d90eff,7,3,1.556156428385797,755,0.006053657050305489,3340,0.02678041661989448,49952,0.4005195721547812,84324,0.6761173206754438
18,143,274,1609,current-nlr-pbe-gw-v1:gw:matdb:000289620,current-nlr-pbe-gw-v1:gw:matdb:000011392,current-nlr-pbe-gw-v1:composition:00a377c841078b910be1cee88418bce664145efcb4f8efd13f9b637c450380d4|current-nlr-pbe-gw-v1:composition:6269044c8608d9d3ef8712f5ec51fa3280b911b4337b537b16bdd5d05a83b913,7,3,1.5394868911858293,746,0.0059814942510303245,3364,0.02697285075129492,50033,0.40116903734825765,84390,0.676646514536795
18,124,274,1310,current-nlr-pbe-gw-v1:gw:matdb:000289620,current-nlr-pbe-gw-v1:gw:matdb:000010087,current-nlr-pbe-gw-v1:composition:00a377c841078b910be1cee88418bce664145efcb4f8efd13f9b637c450380d4|current-nlr-pbe-gw-v1:composition:6693e36c0af5bf0efbd870f8534018e9d51201456a911b08658672b93221a853,7,3,1.6602250791642972,804,0.006446543401914719,4691,0.03761285459997755,49493,0.3968392693917478,83940,0.6730383745730367
18,128,274,1505,current-nlr-pbe-gw-v1:gw:matdb:000289620,current-nlr-pbe-gw-v1:gw:matdb:000289881,current-nlr-pbe-gw-v1:composition:00a377c841078b910be1cee88418bce664145efcb4f8efd13f9b637c450380d4|current-nlr-pbe-gw-v1:composition:6cd81f7261a9a25482f12b38e359c62b527133c61bb78937869813c49051da30,7,3,1.5307133399278898,738,0.005917349540563511,2811,0.022538847640276465,49236,0.3947786205680014,84203,0.6751471319296333
8,18,125,274,current-nlr-pbe-gw-v1:gw:matdb:000009995,current-nlr-pbe-gw-v1:gw:matdb:000289620,current-nlr-pbe-gw-v1:composition:00a377c841078b910be1cee88418bce664145efcb4f8efd13f9b637c450380d4|current-nlr-pbe-gw-v1:composition:6d0a4afe846be473dbe687d67865665ee72de713e79dbbb16b6e3d7a40f0af40,7,3,1.5785863712320598,764,0.006125819849580654,3435,0.02754213505668789,50223,0.40269247422184445,84520,0.6776888660818807
18,118,274,1249,current-nlr-pbe-gw-v1:gw:matdb:000289620,current-nlr-pbe-gw-v1:gw:matdb:000289858,current-nlr-pbe-gw-v1:composition:00a377c841078b910be1cee88418bce664145efcb4f8efd13f9b637c450380d4|current-nlr-pbe-gw-v1:composition:6f3bed2cacf402bc3b8d32bdfd7910be2365859abad717c22c3b3a791606b5e8,7,3,1.5959289743399643,773,0.006197982648855818,3713,0.029771163745409644,49222,0.39466636732468446,84165,0.6748424445549159
7,18,122,274,current-nlr-pbe-gw-v1:gw:matdb:000009577,current-nlr-pbe-gw-v1:gw:matdb:000289620,current-nlr-pbe-gw-v1:composition:00a377c841078b910be1cee88418bce664145efcb4f8efd13f9b637c450380d4|current-nlr-pbe-gw-v1:composition:70328d58b819ee144ab22569fc1f7a4f949c480e8d8f6da122c20cad81eb38d1,7,3,1.491199022221343,723,0.005797078208438237,2510,0.02012540290896262,49914,0.40021488478006384,84315,0.6760451578761686
18,38,274,504,current-nlr-pbe-gw-v1:gw:matdb:000289620,current-nlr-pbe-gw-v1:gw:matdb:000286953,current-nlr-pbe-gw-v1:composition:00a377c841078b910be1cee88418bce664145efcb4f8efd13f9b637c450380d4|current-nlr-pbe-gw-v1:composition:72a9f8931ab3b30a889009c573f644ed3819d7b07ca39986ebfe9e6bf982879e,7,3,1.477588420333772,717,0.005748969675588127,2472,0.01982071553424526,50229,0.4027405827546946,84438,0.6770313827995958
18,158,274,1899,current-nlr-pbe-gw-v1:gw:matdb:000289620,current-nlr-pbe-gw-v1:gw:matdb:000290197,current-nlr-pbe-gw-v1:composition:00a377c841078b910be1cee88418bce664145efcb4f8efd13f9b637c450380d4|current-nlr-pbe-gw-v1:composition:807cc57aee20386a0ef7a332b177eba0accfb93c611963a86dd3297585e7d4d9,7,3,1.630217050470037,791,0.006342308247406148,4632,0.0371397873602848,50631,0.405963854455652,84487,0.6774242691512051
18,179,274,2047,current-nlr-pbe-gw-v1:gw:matdb:000289620,current-nlr-pbe-gw-v1:gw:matdb:000010746,current-nlr-pbe-gw-v1:composition:00a377c841078b910be1cee88418bce664145efcb4f8efd13f9b637c450380d4|current-nlr-pbe-gw-v1:composition:80b7cc6422cf634046c330ceb728b05bb6f0cd7a785f925a96c8cd52bc682828,7,3,1.724694144526464,833,0.006679067977356917,5975,0.047908080629901054,49955,0.4005436264212062,84148,0.6747061370451739
18,110,274,1089,current-nlr-pbe-gw-v1:gw:matdb:000289620,current-nlr-pbe-gw-v1:gw:matdb:000010295,current-nlr-pbe-gw-v1:composition:00a377c841078b910be1cee88418bce664145efcb4f8efd13f9b637c450380d4|current-nlr-pbe-gw-v1:composition:84937305913bcfa31ac846d2ee7466d51e9f6da6d5937dd66b003cc34a109f22,7,3,1.683645278071575,815,0.006534742378806587,4764,0.03819817508298722,49585,0.39757693356211615,84126,0.6745297390913901
12,18,138,274,current-nlr-pbe-gw-v1:gw:matdb:000009592,current-nlr-pbe-gw-v1:gw:matdb:000289620,current-nlr-pbe-gw-v1:composition:00a377c841078b910be1cee88418bce664145efcb4f8efd13f9b637c450380d4|current-nlr-pbe-gw-v1:composition:9b2366b9cb19bfd31d7ab51903592335881c053f280d990d0595fda6e7a050ad,7,3,1.609729464277889,780,0.00625410927051428,4307,0.03453390849757052,50242,0.4028448179092032,84392,0.6766625507144117
18,178,274,2046,current-nlr-pbe-gw-v1:gw:matdb:000289620,current-nlr-pbe-gw-v1:gw:matdb:000287083,current-nlr-pbe-gw-v1:composition:00a377c841078b910be1cee88418bce664145efcb4f8efd13f9b637c450380d4|current-nlr-pbe-gw-v1:composition:9ebb877b86f2d8fc73c4a77d41570fba1b9d4e08f2bb29c67d8d23fb8a0d47c4,7,3,1.521770144948642,736,0.005901313362946808,3050,0.024455170865472504,50055,0.4013454353020414,84419,0.6768790391122372
18,76,274,720,current-nlr-pbe-gw-v1:gw:matdb:000289620,current-nlr-pbe-gw-v1:gw:matdb:000010421,current-nlr-pbe-gw-v1:composition:00a377c841078b910be1cee88418bce664145efcb4f8efd13f9b637c450380d4|current-nlr-pbe-gw-v1:composition:b2a547348bdee31ae0509d32cd341a31cdc15e4dc50fabfba6360d198cf61ceb,7,3,1.6558178832420134,802,0.006430507224298016,4459,0.035752657996439965,50104,0.40173832165365064,84357,0.6763819176061194
18,102,274,931,current-nlr-pbe-gw-v1:gw:matdb:000289620,current-nlr-pbe-gw-v1:gw:matdb:000011827,current-nlr-pbe-gw-v1:composition:00a377c841078b910be1cee88418bce664145efcb4f8efd13f9b637c450380d4|current-nlr-pbe-gw-v1:composition:b5b293df2818c04313ea1605f97c0adf5de344959b55017d9008bb4ea39a4a8f,7,3,1.5163224517487746,736,0.005901313362946808,2999,0.02404624833624657,50313,0.4034141022145961,84388,0.6766304783591783
18,182,274,2055,current-nlr-pbe-gw-v1:gw:matdb:000289620,current-nlr-pbe-gw-v1:gw:matdb:000290238,current-nlr-pbe-gw-v1:composition:00a377c841078b910be1cee88418bce664145efcb4f8efd13f9b637c450380d4|current-nlr-pbe-gw-v1:composition:bedd57af60c5499a507c3979375b2d6b7167771f356f8a51729c6317ffc8a93e,7,3,1.5309879554337962,738,0.005917349540563511,2844,0.02280344457095207,49323,0.395476194294328,84232,0.6753796565050755
18,78,274,745,current-nlr-pbe-gw-v1:gw:matdb:000289620,current-nlr-pbe-gw-v1:gw:matdb:000011269,current-nlr-pbe-gw-v1:composition:00a377c841078b910be1cee88418bce664145efcb4f8efd13f9b637c450380d4|current-nlr-pbe-gw-v1:composition:cc03880303e4d6164d01b8f157ff95d1d5f4ac63807ce8ea13723bb9eb6b122a,7,3,1.6860040454699814,815,0.006534742378806587,5412,0.04339389663079908,50546,0.40528231690694205,84510,0.6776086851937972
18,62,274,691,current-nlr-pbe-gw-v1:gw:matdb:000289620,current-nlr-pbe-gw-v1:gw:matdb:000010085,current-nlr-pbe-gw-v1:composition:00a377c841078b910be1cee88418bce664145efcb4f8efd13f9b637c450380d4|current-nlr-pbe-gw-v1:composition:d34ce30b7a9cc6c5f912e4d12461effb7f2c00667d371945bb88cc0c75cdca63,7,3,1.6485252342129582,798,0.00639843486906461,4623,0.037067624561009635,49615,0.3978174762263667,84049,0.6739123462531471
18,163,274,1932,current-nlr-pbe-gw-v1:gw:matdb:000289620,current-nlr-pbe-gw-v1:gw:matdb:000010337,current-nlr-pbe-gw-v1:composition:00a377c841078b910be1cee88418bce664145efcb4f8efd13f9b637c450380d4|current-nlr-pbe-gw-v1:composition:d656df65544a911e926cbde008ed17c82762e94b97ba1cbb1c6c338e99b22aea,7,3,1.6057607428630498,779,0.006246091181705929,4222,0.03385237094886063,50659,0.4061883609422858,84362,0.6764220080501612
18,79,274,746,current-nlr-pbe-gw-v1:gw:matdb:000289620,current-nlr-pbe-gw-v1:gw:matdb:000011024,current-nlr-pbe-gw-v1:composition:00a377c841078b910be1cee88418bce664145efcb4f8efd13f9b637c450380d4|current-nlr-pbe-gw-v1:composition:d9370cdc9701ddebc40908ade300ef0b1b82e19b20257a299c2a519823ad97da,7,3,1.6993132730125966,823,0.006598887089273401,5054,0.040523420837409195,49820,0.3994611844320788,84230,0.6753636203274588
13,18,143,274,current-nlr-pbe-gw-v1:gw:matdb:000010014,current-nlr-pbe-gw-v1:gw:matdb:000289620,current-nlr-pbe-gw-v1:composition:00a377c841078b910be1cee88418bce664145efcb4f8efd13f9b637c450380d4|current-nlr-pbe-gw-v1:composition:db68d5cd81e192a0b7bda51f8348e653b27678732839f6c996f3fc30f1a5b3e6,7,3,1.6201404112702797,784,0.006286181625747686,4233,0.0339405699257525,49601,0.3977052229830498,84175,0.6749226254429994
18,119,274,1254,current-nlr-pbe-gw-v1:gw:matdb:000289620,current-nlr-pbe-gw-v1:gw:matdb:000289924,current-nlr-pbe-gw-v1:composition:00a377c841078b910be1cee88418bce664145efcb4f8efd13f9b637c450380d4|current-nlr-pbe-gw-v1:composition:df3181e5959b538f09f4e09ca2af2caec22bdc8c27c2a6656c8e1501e63ed21d,7,3,1.5295607427171187,741,0.005941403806988566,2732,0.021905418624416684,48948,0.39246941099119614,84081,0.6741689250950144
18,156,274,1880,current-nlr-pbe-gw-v1:gw:matdb:000289620,current-nlr-pbe-gw-v1:gw:matdb:000290207,current-nlr-pbe-gw-v1:composition:00a377c841078b910be1cee88418bce664145efcb4f8efd13f9b637c450380d4|current-nlr-pbe-gw-v1:composition:dffd4d6571406db75c12791cf040ef05aaf604e17653d91f003841a9fca899a9,7,3,1.3746007923447732,667,0.005348065235170544,1076,0.008627463557786366,48776,0.39109029971615966,84219,0.6752754213505668
18,103,274,958,current-nlr-pbe-gw-v1:gw:matdb:000289620,current-nlr-pbe-gw-v1:gw:matdb:000010244,current-nlr-pbe-gw-v1:composition:00a377c841078b910be1cee88418bce664145efcb4f8efd13f9b637c450380d4|current-nlr-pbe-gw-v1:composition:e407429e01b4f19c475f4f97d1790d656eff5ed2c20bb3c493b1c2a62d04fc36,7,3,1.7739054872505324,856,0.006863484019949005,5857,0.04696194615051556,49048,0.3932712198720313,83917,0.6728539585304447
18,173,274,2017,current-nlr-pbe-gw-v1:gw:matdb:000289620,current-nlr-pbe-gw-v1:gw:matdb:000010309,current-nlr-pbe-gw-v1:composition:00a377c841078b910be1cee88418bce664145efcb4f8efd13f9b637c450380d4|current-nlr-pbe-gw-v1:composition:e5c547362e6df680ab02207e9e7e2d24a8cf7d03858bb2692f48982dd3fc1d49,7,3,1.4155864271297578,688,0.005516445100145929,1694,0.01358264244134768,49208,0.3945541140813676,84131,0.674569829535432
18,159,274,1911,current-nlr-pbe-gw-v1:gw:matdb:000289620,current-nlr-pbe-gw-v1:gw:matdb:000290146,current-nlr-pbe-gw-v1:composition:00a377c841078b910be1cee88418bce664145efcb4f8efd13f9b637c450380d4|current-nlr-pbe-gw-v1:composition:e847d0b70ebd40c24bc832c65fe0e3cebb15abe36414cf756fbf685411b119c0,7,3,1.6377933200520327,793,0.006358344425022851,4482,0.035937074039032055,50583,0.4055789861928511,84460,0.6772077807533796
18,70,274,708,current-nlr-pbe-gw-v1:gw:matdb:000289620,current-nlr-pbe-gw-v1:gw:matdb:000286988,current-nlr-pbe-gw-v1:composition:00a377c841078b910be1cee88418bce664145efcb4f8efd13f9b637c450380d4|current-nlr-pbe-gw-v1:composition:e906dbf95fbd861d46bdbb2239333ad604a628609cba71bc51579f1c1c675f6a,7,3,1.766272105984999,854,0.0068474478423323016,5711,0.04579130518449622,49661,0.3981863083115509,83969,0.6732708991484789
18,174,274,2019,current-nlr-pbe-gw-v1:gw:matdb:000289620,current-nlr-pbe-gw-v1:gw:matdb:000287088,current-nlr-pbe-gw-v1:composition:00a377c841078b910be1cee88418bce664145efcb4f8efd13f9b637c450380d4|current-nlr-pbe-gw-v1:composition:f510081ca74621711b1e5951e887198ea25fb01f19f3a4599d2747f79fb8b133,7,3,1.5215837711481968,738,0.005917349540563511,3160,0.025337160634391186,50153,0.40213120800525987,84381,0.6765743517375199
18,40,274,506,current-nlr-pbe-gw-v1:gw:matdb:000289620,current-nlr-pbe-gw-v1:gw:matdb:000286968,current-nlr-pbe-gw-v1:composition:00a377c841078b910be1cee88418bce664145efcb4f8efd13f9b637c450380d4|current-nlr-pbe-gw-v1:composition:f7c088c99118e08133f32a540923a4e1ec4ed751ce438e8f4279a0fa82180880,7,3,1.5314520981601512,743,0.00595743998460527,3140,0.025176798858224155,50001,0.4009124585063904,84304,0.6759569588992768
51,95,567,889,current-nlr-pbe-gw-v1:gw:matdb:000289780,current-nlr-pbe-gw-v1:gw:matdb:000009772,current-nlr-pbe-gw-v1:composition:013b2f365e173f61de380a2ab9cc316f47d427186d77e3816fa2e8f0446d7854|current-nlr-pbe-gw-v1:composition:065008d77b6a9db58faa0cd51a22d9c78583a7ec171f591165bd89e314ca2afd,7,3,1.4535049885297129,700,0.0056126621658461485,1873,0.015017880338042624,49329,0.3955243028271781,84014,0.6736317131448548
21,95,299,889,current-nlr-pbe-gw-v1:gw:matdb:000010038,current-nlr-pbe-gw-v1:gw:matdb:000009772,current-nlr-pbe-gw-v1:composition:013b2f365e173f61de380a2ab9cc316f47d427186d77e3816fa2e8f0446d7854|current-nlr-pbe-gw-v1:composition:190d0f6b1b7d60984c823cbcccbff6f27477d38d1acbbaadac1ab09bf4709cba,7,3,1.6683043562173445,806,0.006462579579531423,4587,0.03677897336390898,51201,0.4105341650764124,84845,0.680294744944595
95,190,889,2124,current-nlr-pbe-gw-v1:gw:matdb:000009772,current-nlr-pbe-gw-v1:gw:matdb:000290308,current-nlr-pbe-gw-v1:composition:013b2f365e173f61de380a2ab9cc316f47d427186d77e3816fa2e8f0446d7854|current-nlr-pbe-gw-v1:composition:25d66f188a2f1cd5cfa180a38337a398e7a86e6428f5dd42b5d6a28a2168c022,7,3,1.6308123224898352,786,0.00630221780336439,4082,0.032729838515691397,49655,0.39813819977870074,84122,0.6744976667361567
24,95,316,889,current-nlr-pbe-gw-v1:gw:matdb:000286938,current-nlr-pbe-gw-v1:gw:matdb:000009772,current-nlr-pbe-gw-v1:composition:013b2f365e173f61de380a2ab9cc316f47d427186d77e3816fa2e8f0446d7854|current-nlr-pbe-gw-v1:composition:260ca2612db2289785338c96231a0d8cc0fd503fa6261f716099cb8fbc6e24ce,7,3,1.539710057939228,743,0.00595743998460527,3015,0.0241745377571802,50218,0.4026523837778027,84469,0.6772799435526548
49,95,559,889,current-nlr-pbe-gw-v1:gw:matdb:000010042,current-nlr-pbe-gw-v1:gw:matdb:000009772,current-nlr-pbe-gw-v1:composition:013b2f365e173f61de380a2ab9cc316f47d427186d77e3816fa2e8f0446d7854|current-nlr-pbe-gw-v1:composition:26283c9bad04e871494193a57cb7d6a349493bbdb99909cd31ecf48fbc05c86e,7,3,1.6885193369492641,816,0.00654276046761494,4993,0.040034317420099746,51481,0.41277922994275085,84863,0.6804390705431453
20,95,295,889,current-nlr-pbe-gw-v1:gw:matdb:000286928,current-nlr-pbe-gw-v1:gw:matdb:000009772,current-nlr-pbe-gw-v1:composition:013b2f365e173f61de380a2ab9cc316f47d427186d77e3816fa2e8f0446d7854|current-nlr-pbe-gw-v1:composition:30b61fa5dfd7feaaada8b343ccc9af15cf888eb019bf67b5f0dad6e299504731,7,3,1.625196868457067,784,0.006286181625747686,4053,0.032497313940249205,50544,0.40526628072932536,84669,0.6788835613143251
22,95,310,889,current-nlr-pbe-gw-v1:gw:matdb:000011844,current-nlr-pbe-gw-v1:gw:matdb:000009772,current-nlr-pbe-gw-v1:composition:013b2f365e173f61de380a2ab9cc316f47d427186d77e3816fa2e8f0446d7854|current-nlr-pbe-gw-v1:composition:318cf3095b5b9f55bc8f0b11e5983b6b8b69acf2d65eb086f697fc6a433bd08b,7,3,1.6195861588436806,782,0.006270145448130983,3799,0.030460719382927885,50184,0.40237976875831877,84444,0.677079491332446
95,152,889,1797,current-nlr-pbe-gw-v1:gw:matdb:000009772,current-nlr-pbe-gw-v1:gw:matdb:000290129,current-nlr-pbe-gw-v1:composition:013b2f365e173f61de380a2ab9cc316f47d427186d77e3816fa2e8f0446d7854|current-nlr-pbe-gw-v1:composition:41f23ca406a1edb6e60887dd69b6783e1373c7cef38f141bbe5eed69d37425b4,7,3,1.6386882397336524,792,0.0063503263362145,4294,0.03442967334306195,49808,0.39936496736637855,83971,0.6732869353260956
95,120,889,1256,current-nlr-pbe-gw-v1:gw:matdb:000009772,current-nlr-pbe-gw-v1:gw:matdb:000290331,current-nlr-pbe-gw-v1:composition:013b2f365e173f61de380a2ab9cc316f47d427186d77e3816fa2e8f0446d7854|current-nlr-pbe-gw-v1:composition:480d4b9f5e81de56519753a92ee932882c56233bd133432391a4e4ee3ba50083,7,3,1.6575352098610536,799,0.0064064529578729615,4221,0.03384435286005228,49760,0.3989800991035777,84116,0.6744495582033067
68,95,706,889,current-nlr-pbe-gw-v1:gw:matdb:000289894,current-nlr-pbe-gw-v1:gw:matdb:000009772,current-nlr-pbe-gw-v1:composition:013b2f365e173f61de380a2ab9cc316f47d427186d77e3816fa2e8f0446d7854|current-nlr-pbe-gw-v1:composition:5741f78015c95a8e66ff696129c5be7e62619662563fad8d23eaf3f2630e87a3,7,3,1.902873537196831,913,0.007320515082025049,5640,0.04522202087910326,49239,0.3948026748344265,83948,0.6731025192835036
25,95,318,889,current-nlr-pbe-gw-v1:gw:matdb:000286943,current-nlr-pbe-gw-v1:gw:matdb:000009772,current-nlr-pbe-gw-v1:composition:013b2f365e173f61de380a2ab9cc316f47d427186d77e3816fa2e8f0446d7854|current-nlr-pbe-gw-v1:composition:61ef3c9e7df65ecf9ee295f77a6d29a95ea825593b61d46416633c9947c51822,7,3,1.5424291681488875,745,0.005973476162221973,3064,0.02456742410878943,50202,0.4025240943568691,84457,0.6771837264869546
18,95,274,889,current-nlr-pbe-gw-v1:gw:matdb:000289620,current-nlr-pbe-gw-v1:gw:matdb:000009772,current-nlr-pbe-gw-v1:composition:00a377c841078b910be1cee88418bce664145efcb4f8efd13f9b637c450380d4|current-nlr-pbe-gw-v1:composition:013b2f365e173f61de380a2ab9cc316f47d427186d77e3816fa2e8f0446d7854,8,4,1.5516390266286164,749,0.006005548517455379,3195,0.025617793742683494,50378,0.40393527798713896,84564,0.6780416619894482
18,86,274,841,current-nlr-pbe-gw-v1:gw:matdb:000289620,current-nlr-pbe-gw-v1:gw:matdb:000012300,current-nlr-pbe-gw-v1:composition:00a377c841078b910be1cee88418bce664145efcb4f8efd13f9b637c450380d4|current-nlr-pbe-gw-v1:composition:0b94e76aa884cb1721d9ca69613a4184b1ca50f21d41e2a6aa1c7b9d4a212d34,8,4,1.5604428896540548,756,0.006061675139113841,3373,0.027045013550570086,49270,0.3950512355874854,84355,0.6763658814285027
18,90,274,863,current-nlr-pbe-gw-v1:gw:matdb:000289620,current-nlr-pbe-gw-v1:gw:matdb:000010163,current-nlr-pbe-gw-v1:composition:00a377c841078b910be1cee88418bce664145efcb4f8efd13f9b637c450380d4|current-nlr-pbe-gw-v1:composition:14d099e47ad18278b65ff2ff1de6f0c5529ad08e95358e562e956ade0f63d887,8,4,1.4767766938463684,717,0.005748969675588127,2343,0.018786382077967897,49489,0.3968071970365144,84376,0.676534261293478
18,37,274,503,current-nlr-pbe-gw-v1:gw:matdb:000289620,current-nlr-pbe-gw-v1:gw:matdb:000011636,current-nlr-pbe-gw-v1:composition:00a377c841078b910be1cee88418bce664145efcb4f8efd13f9b637c450380d4|current-nlr-pbe-gw-v1:composition:16875af382ac8f537e38a231d465af418ca874db6e445f6f73cfa4b358cafec7,8,4,1.726813608894289,836,0.006703122243781972,5923,0.04749114001186677,49893,0.4000465049150884,84059,0.6739925271412306
0,18,48,274,current-nlr-pbe-gw-v1:gw:matdb:000286913,current-nlr-pbe-gw-v1:gw:matdb:000289620,current-nlr-pbe-gw-v1:composition:00a377c841078b910be1cee88418bce664145efcb4f8efd13f9b637c450380d4|current-nlr-pbe-gw-v1:composition:200e7dadb9f07b12e1d820065e9ad2de9ecc0c5bcf2e909f9320acf1815a2e53,8,4,1.7579553018635026,849,0.006807357398290544,5610,0.04498147821485271,48825,0.3914831860677689,83856,0.6723648551131353
18,84,274,797,current-nlr-pbe-gw-v1:gw:matdb:000289620,current-nlr-pbe-gw-v1:gw:matdb:000010806,current-nlr-pbe-gw-v1:composition:00a377c841078b910be1cee88418bce664145efcb4f8efd13f9b637c450380d4|current-nlr-pbe-gw-v1:composition:23dae1a0b26ebe02c60201c9521e57481521b5be8569d95d008d076bef4ed436,8,4,1.5117292783602663,734,0.005885277185330105,2707,0.021704966404207892,49318,0.39543610385028627,84388,0.6766304783591783
18,73,274,712,current-nlr-pbe-gw-v1:gw:matdb:000289620,current-nlr-pbe-gw-v1:gw:matdb:000011744,current-nlr-pbe-gw-v1:composition:00a377c841078b910be1cee88418bce664145efcb4f8efd13f9b637c450380d4|current-nlr-pbe-gw-v1:composition:27da5ac79a0bc52eb148d6dc0f4af2dc351cb4a16c185bed68cd16a05e4f2e8c,8,4,1.466477558831111,711,0.005700861142738017,2343,0.018786382077967897,49453,0.3965185458394137,84302,0.6759409227216601
18,89,274,861,current-nlr-pbe-gw-v1:gw:matdb:000289620,current-nlr-pbe-gw-v1:gw:matdb:000012367,current-nlr-pbe-gw-v1:composition:00a377c841078b910be1cee88418bce664145efcb4f8efd13f9b637c450380d4|current-nlr-pbe-gw-v1:composition:30ff1092b71608599e3821d185496cef81424627ef43b49d7cb90c7eeeaef869,8,4,1.5518606940074684,753,0.006037620872688786,3454,0.02769447874404657,49642,0.39803396462419216,84444,0.677079491332446
18,88,274,855,current-nlr-pbe-gw-v1:gw:matdb:000289620,current-nlr-pbe-gw-v1:gw:matdb:000010152,current-nlr-pbe-gw-v1:composition:00a377c841078b910be1cee88418bce664145efcb4f8efd13f9b637c450380d4|current-nlr-pbe-gw-v1:composition:3a6f16f15cfe05c00e0e4858a0ff8d4bc45dfeeea1f75644a3d33d58867b89dd,8,4,1.4952876152329022,725,0.00581311438605494,2692,0.02158469507208262,49708,0.3985631584855434,84505,0.6775685947497554
18,99,274,904,current-nlr-pbe-gw-v1:gw:matdb:000289620,current-nlr-pbe-gw-v1:gw:matdb:000012289,current-nlr-pbe-gw-v1:composition:00a377c841078b910be1cee88418bce664145efcb4f8efd13f9b637c450380d4|current-nlr-pbe-gw-v1:composition:3d96862037347b8da76c0e5dd752aa1a8dff0009bc4b433f857d08a953a01f10,8,4,1.5145157803609446,734,0.005885277185330105,2738,0.021953527157266794,49509,0.3969675588126814,84498,0.677512468128097
18,32,274,498,current-nlr-pbe-gw-v1:gw:matdb:000289620,current-nlr-pbe-gw-v1:gw:matdb:000012401,current-nlr-pbe-gw-v1:composition:00a377c841078b910be1cee88418bce664145efcb4f8efd13f9b637c450380d4|current-nlr-pbe-gw-v1:composition:508487e74049c737f1b83faf1d041e0a7996c6c0423c5eb7344c95e57e8b73d0,8,4,1.6683346652406965,809,0.006486633845956478,4749,0.038077903750861945,50644,0.4060680896101605,84514,0.6776407575490306
18,93,274,885,current-nlr-pbe-gw-v1:gw:matdb:000289620,current-nlr-pbe-gw-v1:gw:matdb:000010188,current-nlr-pbe-gw-v1:composition:00a377c841078b910be1cee88418bce664145efcb4f8efd13f9b637c450380d4|current-nlr-pbe-gw-v1:composition:5eab7424f98d1f6c970a7bd477418be6dca168d7038052bae51d765d2223f37f,8,4,1.5822600798182398,765,0.006133837938389006,3399,0.02725348385958723,50225,0.4027085103994612,84497,0.6775044500392886
18,87,274,853,current-nlr-pbe-gw-v1:gw:matdb:000289620,current-nlr-pbe-gw-v1:gw:matdb:000009700,current-nlr-pbe-gw-v1:composition:00a377c841078b910be1cee88418bce664145efcb4f8efd13f9b637c450380d4|current-nlr-pbe-gw-v1:composition:63398fda16887e832d9c742d4301da19ac23815f828ae08d633d6815c8ca451a,8,4,1.397855118773553,677,0.005428246123254061,1365,0.01094469122339999,49547,0.39727224618739876,84555,0.677969499190173
18,184,274,2063,current-nlr-pbe-gw-v1:gw:matdb:000289620,current-nlr-pbe-gw-v1:gw:matdb:000010790,current-nlr-pbe-gw-v1:composition:00a377c841078b910be1cee88418bce664145efcb4f8efd13f9b637c450380d4|current-nlr-pbe-gw-v1:composition:64ad867f1a1df0fe15fd01b303015da90c0b0a4a46214d321f46b6a441d8745b,9,4,1.778012682093036,861,0.006903574463990763,6459,0.05178883561314325,48821,0.3914511137125355,83778,0.6717394441860838
18,164,274,1970,current-nlr-pbe-gw-v1:gw:matdb:000289620,current-nlr-pbe-gw-v1:gw:matdb:000011873,current-nlr-pbe-gw-v1:composition:00a377c841078b910be1cee88418bce664145efcb4f8efd13f9b637c450380d4|current-nlr-pbe-gw-v1:composition:6523928fd5485073bec2572e48b522da25bd00f3652e39046494f288b07c5947,9,4,1.7681578172578765,856,0.006863484019949005,6316,0.050642248913548966,48867,0.39181994579771967,83795,0.6718757516958258
18,42,274,508,current-nlr-pbe-gw-v1:gw:matdb:000289620,current-nlr-pbe-gw-v1:gw:matdb:000012174,current-nlr-pbe-gw-v1:composition:00a377c841078b910be1cee88418bce664145efcb4f8efd13f9b637c450380d4|current-nlr-pbe-gw-v1:composition:66a5fbfa7bf7d6d11e6b2be939d95f4b068300b3d3102dec3611baa884807110,8,4,1.6374838562979868,794,0.006366362513831203,4476,0.035888965506181945,50241,0.40283679982039483,84392,0.6766625507144117
18,34,274,500,current-nlr-pbe-gw-v1:gw:matdb:000289620,current-nlr-pbe-gw-v1:gw:matdb:000289708,current-nlr-pbe-gw-v1:composition:00a377c841078b910be1cee88418bce664145efcb4f8efd13f9b637c450380d4|current-nlr-pbe-gw-v1:composition:87e4d897747d83b520e6dbd88cc326aa09611bdcf7ae747f5eff27000a015ec7,8,4,1.6283927640658096,789,0.006326272069789445,4229,0.03390849757051909,50775,0.4071184592440546,84587,0.6782260780320403
18,35,274,501,current-nlr-pbe-gw-v1:gw:matdb:000289620,current-nlr-pbe-gw-v1:gw:matdb:000289723,current-nlr-pbe-gw-v1:composition:00a377c841078b910be1cee88418bce664145efcb4f8efd13f9b637c450380d4|current-nlr-pbe-gw-v1:composition:8d3f1533bb35d42e0c3dcede4434aefb2ea0272d22f1c6b969b92ccf2dcb71ff,8,4,1.7058142410455743,825,0.006614923266890104,5063,0.04059558363668436,49121,0.393856540355041,83845,0.6722766561362433
6,18,120,274,current-nlr-pbe-gw-v1:gw:matdb:000009985,current-nlr-pbe-gw-v1:gw:matdb:000289620,current-nlr-pbe-gw-v1:composition:00a377c841078b910be1cee88418bce664145efcb4f8efd13f9b637c450380d4|current-nlr-pbe-gw-v1:composition:92553ca81a375b56cf17c50d42728c8881d2720a3b900845f319b13b73f72194,8,4,1.506784599337335,730,0.005853204830096698,2726,0.021857310091566575,50507,0.40496961144341637,84452,0.6771436360429128
18,117,274,1189,current-nlr-pbe-gw-v1:gw:matdb:000289620,current-nlr-pbe-gw-v1:gw:matdb:000010399,current-nlr-pbe-gw-v1:composition:00a377c841078b910be1cee88418bce664145efcb4f8efd13f9b637c450380d4|current-nlr-pbe-gw-v1:composition:9a0e81d93236f722f2c252add9dcee4dad1c8dd63b68c944d058ccf7ad00e70e,8,4,1.6895229070406854,819,0.006566814734039994,5471,0.043866963870491826,49480,0.3967350342372392,83984,0.6733911704806043
18,31,274,497,current-nlr-pbe-gw-v1:gw:matdb:000289620,current-nlr-pbe-gw-v1:gw:matdb:000286958,current-nlr-pbe-gw-v1:composition:00a377c841078b910be1cee88418bce664145efcb4f8efd13f9b637c450380d4|current-nlr-pbe-gw-v1:composition:9a6f79e2d9c1d224aa8887f12e2a32225b3f0ca84cde603126bd2dc7aed8e92d,8,4,1.807790586107942,875,0.007015827707307686,6316,0.050642248913548966,49375,0.3958931349123623,83853,0.6723408008467102
18,160,274,1918,current-nlr-pbe-gw-v1:gw:matdb:000289620,current-nlr-pbe-gw-v1:gw:matdb:000010765,current-nlr-pbe-gw-v1:composition:00a377c841078b910be1cee88418bce664145efcb4f8efd13f9b637c450380d4|current-nlr-pbe-gw-v1:composition:9cd038ca976f4fbe652e141cc0b6514052d980836a420a8ece0ada117fbf2742,10,4,1.4499147262200818,702,0.0056286983434628525,1983,0.015899870106961304,48548,0.38926217546785546,83777,0.6717314260972754
18,33,274,499,current-nlr-pbe-gw-v1:gw:matdb:000289620,current-nlr-pbe-gw-v1:gw:matdb:000289702,current-nlr-pbe-gw-v1:composition:00a377c841078b910be1cee88418bce664145efcb4f8efd13f9b637c450380d4|current-nlr-pbe-gw-v1:composition:9ded9597d95c16717b4c54e367b356d1391e2b11d997c38bc2db75dec6803445,8,4,1.5765959057317378,764,0.006125819849580654,3828,0.030693243958370083,50384,0.4039833865199891,84463,0.6772318350198047
18,161,274,1926,current-nlr-pbe-gw-v1:gw:matdb:000289620,current-nlr-pbe-gw-v1:gw:matdb:000010256,current-nlr-pbe-gw-v1:composition:00a377c841078b910be1cee88418bce664145efcb4f8efd13f9b637c450380d4|current-nlr-pbe-gw-v1:composition:9e0a98f1ad78301737ece547c76bca46f0acd1e75860d9ab7a1f86f77ab2262d,8,4,1.6664953293604088,807,0.006470597668339775,4747,0.03806186757324524,48881,0.3919321990410366,83775,0.6717153899196587
18,39,274,505,current-nlr-pbe-gw-v1:gw:matdb:000289620,current-nlr-pbe-gw-v1:gw:matdb:000289712,current-nlr-pbe-gw-v1:composition:00a377c841078b910be1cee88418bce664145efcb4f8efd13f9b637c450380d4|current-nlr-pbe-gw-v1:composition:b77ed67802fc13261ffaccd375f027539aa0f19004405437768d9d0868f41c36,9,4,1.764860215547216,855,0.006855465931140653,6732,0.05397777385782325,49004,0.3929184239644638,83809,0.6719880049391427
18,104,274,988,current-nlr-pbe-gw-v1:gw:matdb:000289620,current-nlr-pbe-gw-v1:gw:matdb:000012241,current-nlr-pbe-gw-v1:composition:00a377c841078b910be1cee88418bce664145efcb4f8efd13f9b637c450380d4|current-nlr-pbe-gw-v1:composition:be128386b55e62723a62d0ef527ed94a01fcedeecc4142c2c35b7e45a71d8273,8,4,1.7340876613650948,837,0.006711140332590324,5233,0.04195865873410414,48674,0.39027245465770777,83825,0.6721162943600764
18,36,274,502,current-nlr-pbe-gw-v1:gw:matdb:000289620,current-nlr-pbe-gw-v1:gw:matdb:000286963,current-nlr-pbe-gw-v1:composition:00a377c841078b910be1cee88418bce664145efcb4f8efd13f9b637c450380d4|current-nlr-pbe-gw-v1:composition:c1a44fddae1f65cc59092a1f53ed4de1a860e0ea1bbf5785e6cdd8e65e06b5f0,8,4,1.8033339652548515,873,0.006999791529690983,6179,0.04954377074680479,49574,0.39748873458522427,83914,0.6728299042640197
18,43,274,509,current-nlr-pbe-gw-v1:gw:matdb:000289620,current-nlr-pbe-gw-v1:gw:matdb:000010575,current-nlr-pbe-gw-v1:composition:00a377c841078b910be1cee88418bce664145efcb4f8efd13f9b637c450380d4|current-nlr-pbe-gw-v1:composition:c535fc5fb215ba09797678d99ca6e0148fec6347da136e2fde2c70a15b9ee0b0,9,4,1.7857572433989535,863,0.0069196106416074665,5992,0.048044388139643034,48978,0.3927099536554467,83802,0.6719318783174842
18,165,274,1971,current-nlr-pbe-gw-v1:gw:matdb:000289620,current-nlr-pbe-gw-v1:gw:matdb:000010579,current-nlr-pbe-gw-v1:composition:00a377c841078b910be1cee88418bce664145efcb4f8efd13f9b637c450380d4|current-nlr-pbe-gw-v1:composition:c6b7c80f6a092448302c44b2537d521ef887cdfbf3e1273379b1d5b8c6059c38,8,4,1.6758026512928668,811,0.006502670023573181,5029,0.0403229686172004,49336,0.3955804294488366,84000,0.6735194599015378
18,155,274,1875,current-nlr-pbe-gw-v1:gw:matdb:000289620,current-nlr-pbe-gw-v1:gw:matdb:000290153,current-nlr-pbe-gw-v1:composition:00a377c841078b910be1cee88418bce664145efcb4f8efd13f9b637c450380d4|current-nlr-pbe-gw-v1:composition:cd7fd14df01a62f71d5f19833c1124151add66c2f0b724a9c63da65423d587af,9,4,1.3825420863712554,670,0.0053721195015956,1157,0.009276928751262849,49261,0.3949790727882102,84316,0.6760531759649769
18,166,274,1972,current-nlr-pbe-gw-v1:gw:matdb:000289620,current-nlr-pbe-gw-v1:gw:matdb:000010269,current-nlr-pbe-gw-v1:composition:00a377c841078b910be1cee88418bce664145efcb4f8efd13f9b637c450380d4|current-nlr-pbe-gw-v1:composition:db5b698b45b68b29f6dd2ae7bffb551404d870e3f7a5487f11c8d94ec5de96ab,8,4,1.7915010008861079,865,0.00693564681922417,6218,0.04985647621033051,48904,0.39211661508362866,83789,0.6718276431629757
1,18,76,274,current-nlr-pbe-gw-v1:gw:matdb:000289692,current-nlr-pbe-gw-v1:gw:matdb:000289620,current-nlr-pbe-gw-v1:composition:00a377c841078b910be1cee88418bce664145efcb4f8efd13f9b637c450380d4|current-nlr-pbe-gw-v1:composition:dff2d24c4076c82e94af1420dba81afecc62a472a5a7aec8241ab76e9642204b,9,4,1.552812763005508,751,0.006021584695072082,3087,0.024751840151381516,49084,0.393559871069132,83881,0.6725653073333441
18,91,274,866,current-nlr-pbe-gw-v1:gw:matdb:000289620,current-nlr-pbe-gw-v1:gw:matdb:000009737,current-nlr-pbe-gw-v1:composition:00a377c841078b910be1cee88418bce664145efcb4f8efd13f9b637c450380d4|current-nlr-pbe-gw-v1:composition:e7871bcca8853801aac75ab3bb073a7f84c8891cd29eedfabc68105654c49d85,8,4,1.5257761177803182,739,0.005925367629371863,2967,0.023789669494379318,49272,0.3950672717651021,84369,0.6764781346718196
18,56,274,650,current-nlr-pbe-gw-v1:gw:matdb:000289620,current-nlr-pbe-gw-v1:gw:matdb:000009691,current-nlr-pbe-gw-v1:composition:00a377c841078b910be1cee88418bce664145efcb4f8efd13f9b637c450380d4|current-nlr-pbe-gw-v1:composition:f2f392a417364ab9ce8465d7289eb32f7f2cb18d93d86d8f20a5c88cf91fa071,8,4,1.3882462575566277,674,0.005404191856829006,1294,0.010375406918007023,49305,0.3953318686957777,84385,0.6766064240927533
18,96,274,890,current-nlr-pbe-gw-v1:gw:matdb:000289620,current-nlr-pbe-gw-v1:gw:matdb:000010033,current-nlr-pbe-gw-v1:composition:00a377c841078b910be1cee88418bce664145efcb4f8efd13f9b637c450380d4|current-nlr-pbe-gw-v1:composition:f402332060ff87ffe8c2252fac44647f2f09752f8a2338d50f17b151f3c1474a,8,4,1.557570514051208,753,0.006037620872688786,3289,0.026371494090668548,50426,0.40432014624993984,84549,0.6779213906573229
95,175,889,2020,current-nlr-pbe-gw-v1:gw:matdb:000009772,current-nlr-pbe-gw-v1:gw:matdb:000290273,current-nlr-pbe-gw-v1:composition:013b2f365e173f61de380a2ab9cc316f47d427186d77e3816fa2e8f0446d7854|current-nlr-pbe-gw-v1:composition:0b46b8eb4c17a67610c210cd2bc9981f146910d74b9a54439cabadda691905bd,8,4,1.6679413163461154,804,0.006446543401914719,4354,0.03491075867156305,49494,0.39684728748055614,84044,0.6738722558091054
95,181,889,2053,current-nlr-pbe-gw-v1:gw:matdb:000009772,current-nlr-pbe-gw-v1:gw:matdb:000290216,current-nlr-pbe-gw-v1:composition:013b2f365e173f61de380a2ab9cc316f47d427186d77e3816fa2e8f0446d7854|current-nlr-pbe-gw-v1:composition:3d0b667c635dafe3a01ab8909d158c99d890de7eee2f2d9cbb6185a8cfa64d30,9,4,1.4858179958909892,717,0.005748969675588127,2303,0.01846565852563383,49533,0.39715999294408183,84136,0.6746099199794737
17,95,273,889,current-nlr-pbe-gw-v1:gw:matdb:000012394,current-nlr-pbe-gw-v1:gw:matdb:000009772,current-nlr-pbe-gw-v1:composition:013b2f365e173f61de380a2ab9cc316f47d427186d77e3816fa2e8f0446d7854|current-nlr-pbe-gw-v1:composition:805421279fde474cdb9a2f1b27411c4d07debcb73f67c7543411247d1e67ddc1,8,4,1.5534995349276444,750,0.006013566606263731,3197,0.025633829920300197,50145,0.402067063294793,84426,0.6769351657338957
19,95,294,889,current-nlr-pbe-gw-v1:gw:matdb:000012301,current-nlr-pbe-gw-v1:gw:matdb:000009772,current-nlr-pbe-gw-v1:composition:013b2f365e173f61de380a2ab9cc316f47d427186d77e3816fa2e8f0446d7854|current-nlr-pbe-gw-v1:composition:9e0ad51dc7e098c85c45d5b3f79bdc75c26aa9ecfd9cafa5880f494ee6f77070,8,4,1.5860898231210303,765,0.006133837938389006,3452,0.027678442566429866,50207,0.40256418480091083,84487,0.6774242691512051
30,95,479,889,current-nlr-pbe-gw-v1:gw:matdb:000289701,current-nlr-pbe-gw-v1:gw:matdb:000009772,current-nlr-pbe-gw-v1:composition:013b2f365e173f61de380a2ab9cc316f47d427186d77e3816fa2e8f0446d7854|current-nlr-pbe-gw-v1:composition:af9dc86b3427c8c22ac334891dd34e9b3871288975477a8c21735364d81993da,9,4,1.451422822143077,701,0.005620680254654501,1914,0.015346621979185042,49767,0.3990362257252361,84352,0.6763418271620777
95,132,889,1531,current-nlr-pbe-gw-v1:gw:matdb:000009772,current-nlr-pbe-gw-v1:gw:matdb:000289932,current-nlr-pbe-gw-v1:composition:013b2f365e173f61de380a2ab9cc316f47d427186d77e3816fa2e8f0446d7854|current-nlr-pbe-gw-v1:composition:b43a041f7b92562e3edae51cab0116d55f73253f82b6635fee9db7cb50816375,8,4,1.6550160732794073,798,0.00639843486906461,4227,0.03389246139290239,49466,0.3966227809939223,84047,0.6738963100755304
95,172,889,2011,current-nlr-pbe-gw-v1:gw:matdb:000009772,current-nlr-pbe-gw-v1:gw:matdb:000010842,current-nlr-pbe-gw-v1:composition:013b2f365e173f61de380a2ab9cc316f47d427186d77e3816fa2e8f0446d7854|current-nlr-pbe-gw-v1:composition:db3c48da7555b77beb14417148c475775893564b81530a1b419ae81574e473a1,8,4,1.4861417348353343,717,0.005748969675588127,2316,0.0185698936801424,49416,0.3962218765535047,84076,0.6741288346509726
52,154,580,1866,current-nlr-pbe-gw-v1:gw:matdb:000289740,current-nlr-pbe-gw-v1:gw:matdb:000290272,current-nlr-pbe-gw-v1:composition:02175999c8cd8d0dbc5fe4f71e18b98569b4618020138c500145aa4d5aae237d|current-nlr-pbe-gw-v1:composition:445a6d2f821f332ca85329eac4cc2282c242e15fda1c7903dd0be20166bd8526,8,4,1.474504883087961,714,0.005724915409163072,2170,0.017399252714123063,48635,0.3899597491941821,83944,0.6730704469282702
52,68,580,706,current-nlr-pbe-gw-v1:gw:matdb:000289740,current-nlr-pbe-gw-v1:gw:matdb:000289894,current-nlr-pbe-gw-v1:composition:02175999c8cd8d0dbc5fe4f71e18b98569b4618020138c500145aa4d5aae237d|current-nlr-pbe-gw-v1:composition:5741f78015c95a8e66ff696129c5be7e62619662563fad8d23eaf3f2630e87a3,8,4,1.9026637842100138,915,0.007336551259641752,5631,0.04514985807982809,48412,0.3881717153899197,83714,0.6712262865023493
52,67,580,705,current-nlr-pbe-gw-v1:gw:matdb:000289740,current-nlr-pbe-gw-v1:gw:matdb:000290178,current-nlr-pbe-gw-v1:composition:02175999c8cd8d0dbc5fe4f71e18b98569b4618020138c500145aa4d5aae237d|current-nlr-pbe-gw-v1:composition:6b38e4c490d3df652e4c376695845ac78e2e9d138f1464ee640f7082df971695,8,4,1.8700993985336898,899,0.007208261838708125,5292,0.04243172597379689,48464,0.38858865600795395,83756,0.6715630462323001
52,127,580,1492,current-nlr-pbe-gw-v1:gw:matdb:000289740,current-nlr-pbe-gw-v1:gw:matdb:000289918,current-nlr-pbe-gw-v1:composition:02175999c8cd8d0dbc5fe4f71e18b98569b4618020138c500145aa4d5aae237d|current-nlr-pbe-gw-v1:composition:8b08595a4ef867bb90e73c8a6014f2f426c3d72b32f84458c7a18c56f9d402a8,9,4,1.4721637195518666,712,0.005708879231546369,2130,0.017078529161788997,48530,0.38911784986930514,83892,0.6726535063102359
52,69,580,707,current-nlr-pbe-gw-v1:gw:matdb:000289740,current-nlr-pbe-gw-v1:gw:matdb:000289849,current-nlr-pbe-gw-v1:composition:02175999c8cd8d0dbc5fe4f71e18b98569b4618020138c500145aa4d5aae237d|current-nlr-pbe-gw-v1:composition:ac2a6ccbdebd52d0c53f14a9305762f6da0387029fbd5ed13dd9221308376ad1,8,4,1.902663784210012,915,0.007336551259641752,5631,0.04514985807982809,48412,0.3881717153899197,83714,0.6712262865023493
52,65,580,703,current-nlr-pbe-gw-v1:gw:matdb:000289740,current-nlr-pbe-gw-v1:gw:matdb:000289867,current-nlr-pbe-gw-v1:composition:02175999c8cd8d0dbc5fe4f71e18b98569b4618020138c500145aa4d5aae237d|current-nlr-pbe-gw-v1:composition:b1479ec6d7ef0d7af2b32be4aba0984a1a0fc36420ea62e4aade03c03f54d5e3,8,4,1.9026637842100143,915,0.007336551259641752,5631,0.04514985807982809,48412,0.3881717153899197,83714,0.6712262865023493
52,132,580,1531,current-nlr-pbe-gw-v1:gw:matdb:000289740,current-nlr-pbe-gw-v1:gw:matdb:000289932,current-nlr-pbe-gw-v1:composition:02175999c8cd8d0dbc5fe4f71e18b98569b4618020138c500145aa4d5aae237d|current-nlr-pbe-gw-v1:composition:b43a041f7b92562e3edae51cab0116d55f73253f82b6635fee9db7cb50816375,8,4,1.6548063202925898,800,0.006414471046681313,4229,0.03390849757051909,48575,0.389478663865681,83789,0.6718276431629757
48,52,519,580,current-nlr-pbe-gw-v1:gw:matdb:000289757,current-nlr-pbe-gw-v1:gw:matdb:000289740,current-nlr-pbe-gw-v1:composition:02175999c8cd8d0dbc5fe4f71e18b98569b4618020138c500145aa4d5aae237d|current-nlr-pbe-gw-v1:composition:bed4fa4057f3f358e802ae0dbfd0aad6262e5ae9610147c79ccebab6a6b6fb48,8,4,1.8663528676045709,897,0.007192225661091422,5253,0.04211902051027117,48433,0.38834009525489505,83738,0.6714187206337497
16,52,211,580,current-nlr-pbe-gw-v1:gw:matdb:000289615,current-nlr-pbe-gw-v1:gw:matdb:000289740,current-nlr-pbe-gw-v1:composition:02175999c8cd8d0dbc5fe4f71e18b98569b4618020138c500145aa4d5aae237d|current-nlr-pbe-gw-v1:composition:cedd1d613edf7f124052eb855c5a1e1e22457cccc3cf4bf24c2a76dfa852ff27,8,4,1.8715526703917695,900,0.007216279927516477,5271,0.0422633461088215,48444,0.38842829423178693,83746,0.6714828653442165
52,66,580,704,current-nlr-pbe-gw-v1:gw:matdb:000289740,current-nlr-pbe-gw-v1:gw:matdb:000290176,current-nlr-pbe-gw-v1:composition:02175999c8cd8d0dbc5fe4f71e18b98569b4618020138c500145aa4d5aae237d|current-nlr-pbe-gw-v1:composition:e13982c3d9009c90d2e4612dc36bdef6794951d3b8b4d20cdf40ee9c9322c133,8,4,1.8715526703917706,900,0.007216279927516477,5271,0.0422633461088215,48444,0.38842829423178693,83746,0.6714828653442165
52,64,580,702,current-nlr-pbe-gw-v1:gw:matdb:000289740,current-nlr-pbe-gw-v1:gw:matdb:000289994,current-nlr-pbe-gw-v1:composition:02175999c8cd8d0dbc5fe4f71e18b98569b4618020138c500145aa4d5aae237d|current-nlr-pbe-gw-v1:composition:f5d9c456c6404b3e8859381ea4b5a0c65310e8f8207b3c56a1b3d3d2dbcd06e2,8,4,1.8680985044943395,898,0.007200243749899774,5321,0.042664250549239086,48435,0.38835613143251174,83721,0.6712824131240077
52,98,580,901,current-nlr-pbe-gw-v1:gw:matdb:000289740,current-nlr-pbe-gw-v1:gw:matdb:000289909,current-nlr-pbe-gw-v1:composition:02175999c8cd8d0dbc5fe4f71e18b98569b4618020138c500145aa4d5aae237d|current-nlr-pbe-gw-v1:composition:ff90d32ab3e0dd95face9e6043204bc3259275d656893b5ce21cbc2ed759982a,8,4,1.4607392277867066,707,0.00566878878750461,1996,0.016004105261469875,48705,0.39052101541076667,83998,0.6735034237239211
97,183,894,2056,current-nlr-pbe-gw-v1:gw:matdb:000012095,current-nlr-pbe-gw-v1:gw:matdb:000010902,current-nlr-pbe-gw-v1:composition:05bf42098602ca51710b0a0caa06f5bf437b7b3297f9b10cff7bd5a8746bc361|current-nlr-pbe-gw-v1:composition:0804a5015e09a262534668d8e3b353feb22bcd75e0580f6c1ad59becfd43f428,8,4,1.4191178317806643,686,0.005500408922529226,1523,0.012211549255119549,48536,0.3891659584021553,83832,0.6721724209817348
97,175,894,2020,current-nlr-pbe-gw-v1:gw:matdb:000012095,current-nlr-pbe-gw-v1:gw:matdb:000290273,current-nlr-pbe-gw-v1:composition:05bf42098602ca51710b0a0caa06f5bf437b7b3297f9b10cff7bd5a8746bc361|current-nlr-pbe-gw-v1:composition:0b46b8eb4c17a67610c210cd2bc9981f146910d74b9a54439cabadda691905bd,8,4,1.5900854843030237,768,0.0061578922048140606,3464,0.027774659632130085,48757,0.390937956028801,83909,0.6727898138199778
60,97,663,894,current-nlr-pbe-gw-v1:gw:matdb:000011892,current-nlr-pbe-gw-v1:gw:matdb:000012095,current-nlr-pbe-gw-v1:composition:05bf42098602ca51710b0a0caa06f5bf437b7b3297f9b10cff7bd5a8746bc361|current-nlr-pbe-gw-v1:composition:200c37b94c03a0afdbd7c93c0230e6bc3d516017b374e9e92f8d665d9ef8ca3a,8,4,1.4487498332516047,700,0.0056126621658461485,1900,0.015234368735868118,48900,0.39208454272839527,83938,0.67302233839542
97,180,894,2048,current-nlr-pbe-gw-v1:gw:matdb:000012095,current-nlr-pbe-gw-v1:gw:matdb:000011761,current-nlr-pbe-gw-v1:composition:05bf42098602ca51710b0a0caa06f5bf437b7b3297f9b10cff7bd5a8746bc361|current-nlr-pbe-gw-v1:composition:24757342d3b731ecdd8b2cf0b36462ddd67bec8b1ad8d7fc28f9682a91b0aaa5,8,4,1.468589923604763,711,0.005700861142738017,2199,0.01763177728956526,50028,0.4011289469042159,84423,0.6769111114674706
97,190,894,2124,current-nlr-pbe-gw-v1:gw:matdb:000012095,current-nlr-pbe-gw-v1:gw:matdb:000290308,current-nlr-pbe-gw-v1:composition:05bf42098602ca51710b0a0caa06f5bf437b7b3297f9b10cff7bd5a8746bc361|current-nlr-pbe-gw-v1:composition:25d66f188a2f1cd5cfa180a38337a398e7a86e6428f5dd42b5d6a28a2168c022,8,4,1.5529564904467432,751,0.006021584695072082,3189,0.025569685209833385,48901,0.3920925608172036,83981,0.6733671162141792
97,120,894,1256,current-nlr-pbe-gw-v1:gw:matdb:000012095,current-nlr-pbe-gw-v1:gw:matdb:000290331,current-nlr-pbe-gw-v1:composition:05bf42098602ca51710b0a0caa06f5bf437b7b3297f9b10cff7bd5a8746bc361|current-nlr-pbe-gw-v1:composition:480d4b9f5e81de56519753a92ee932882c56233bd133432391a4e4ee3ba50083,8,4,1.5796793778179616,763,0.006117801760772302,3337,0.026756362353469426,49019,0.3930386952965891,83979,0.6733510800365625
68,97,706,894,current-nlr-pbe-gw-v1:gw:matdb:000289894,current-nlr-pbe-gw-v1:gw:matdb:000012095,current-nlr-pbe-gw-v1:composition:05bf42098602ca51710b0a0caa06f5bf437b7b3297f9b10cff7bd5a8746bc361|current-nlr-pbe-gw-v1:composition:5741f78015c95a8e66ff696129c5be7e62619662563fad8d23eaf3f2630e87a3,8,4,1.8250177051537397,878,0.007039881973732741,4837,0.03878349556599689,48582,0.3895347904873394,83832,0.6721724209817348
54,97,614,894,current-nlr-pbe-gw-v1:gw:matdb:000289808,current-nlr-pbe-gw-v1:gw:matdb:000012095,current-nlr-pbe-gw-v1:composition:05bf42098602ca51710b0a0caa06f5bf437b7b3297f9b10cff7bd5a8746bc361|current-nlr-pbe-gw-v1:composition:5c7f82fa056058c1edf8ea33ce0d68eda3a11fab85451c75ba6f03bf5e4afe23,9,4,1.4392512350423203,698,0.005596625988229445,1825,0.014633012075241746,49686,0.39838676053175964,84336,0.676213537741144
97,169,894,1980,current-nlr-pbe-gw-v1:gw:matdb:000012095,current-nlr-pbe-gw-v1:gw:matdb:000290368,current-nlr-pbe-gw-v1:composition:05bf42098602ca51710b0a0caa06f5bf437b7b3297f9b10cff7bd5a8746bc361|current-nlr-pbe-gw-v1:composition:5d0ea1f6172ad9cbd6e4a01437ad059705a6dc20ae42dc21832c71c062cbd8f3,8,4,1.4698445048140198,713,0.0057168973203547205,2249,0.01803268172998284,49346,0.39566061033692007,84141,0.6746500104235155
97,126,894,1482,current-nlr-pbe-gw-v1:gw:matdb:000012095,current-nlr-pbe-gw-v1:gw:matdb:000289890,current-nlr-pbe-gw-v1:composition:05bf42098602ca51710b0a0caa06f5bf437b7b3297f9b10cff7bd5a8746bc361|current-nlr-pbe-gw-v1:composition:6237d509ccd037d3bd2033c596fafbd6ce9943da1a5f8d847638148ba3ea0381,8,4,1.4652321456338104,710,0.005692843053929665,2184,0.017511505957439985,49160,0.39416924581856666,84139,0.6746339742458988
