factor_index,factor_bank,temperature,sorted_position_a,sorted_position_b,node_a,node_b,composition_key_a,composition_key_b,normalized_formula_a,normalized_formula_b,pbe_band_gap_a_ev,pbe_band_gap_b_ev,pbe_gap_difference_ev,strict_relation,energy
0,ADJACENT_STRICT_PBE_ORDER_V1,1.0,2,3,1933,1931,current-nlr-pbe-gw-v1:composition:af024fb286debb73b9f41b3dec3620ef88a80395b756cb754a91c2889437c7b7,current-nlr-pbe-gw-v1:composition:6b16993b9ffa7b4a7e8fd97c430bc59f1ac028887e060b0eefa06972b80407f2,O Zr2,O V8,0.033,0.034,0.001,z_b > z_a,log(1 + exp(-(z_b - z_a)))
1,ADJACENT_STRICT_PBE_ORDER_V1,1.0,4,5,278,1621,current-nlr-pbe-gw-v1:composition:9cd50cb92068e8f1a818efac86a71c8408b28ed55403adca8bf8b00ec6fb2bf2,current-nlr-pbe-gw-v1:composition:3c7cd3dfceef34d6127181087ddc91191367c598ac8066cc971db5e8d683aa1b,Ba Mn2 O6 Y,Mn O3 Y,0.034,0.035,0.001,z_b > z_a,log(1 + exp(-(z_b - z_a)))
2,ADJACENT_STRICT_PBE_ORDER_V1,1.0,6,7,1719,61,current-nlr-pbe-gw-v1:composition:76a590880842eeefb1201dfaf35e081a05ead8993219ec86421900cf50840594,current-nlr-pbe-gw-v1:composition:17af1a3b62c89e6869c2c9c8f0b9ff3a531fe350ea1b283159c9edd3bb9bde4a,Mo5 O14,Ag3 O4,0.035,0.036,0.001,z_b > z_a,log(1 + exp(-(z_b - z_a)))
3,ADJACENT_STRICT_PBE_ORDER_V1,1.0,11,12,1100,355,current-nlr-pbe-gw-v1:composition:e349ee0782aa54c5910f8b06ff5794463a81c375fcb5dd614d5f470b1f7fa22a,current-nlr-pbe-gw-v1:composition:02d500273c00e8d59dd0aa99823ee08ab569452bad7b557fd7358d6b7705146b,Fe2 O7 Sr3,Ba2 Cu3 La O7,0.036,0.037,0.001,z_b > z_a,log(1 + exp(-(z_b - z_a)))
4,ADJACENT_STRICT_PBE_ORDER_V1,1.0,15,16,1686,1083,current-nlr-pbe-gw-v1:composition:7af09777151576177a80106602170dda9fd2676a33705403086e3d51f45c353a,current-nlr-pbe-gw-v1:composition:208aaaa07a0ac9d2b44f5ed48ceb7062475340a27314119421262395b5478ac1,Mo O3 Sr,Fe2 Na O3,0.037,0.038,0.001,z_b > z_a,log(1 + exp(-(z_b - z_a)))
5,ADJACENT_STRICT_PBE_ORDER_V1,1.0,20,21,473,1891,current-nlr-pbe-gw-v1:composition:e328ada23a84eee6ddbefefdf73e9eeb5eaee5a59946c9d12290f797f9fceb53,current-nlr-pbe-gw-v1:composition:29ace4f429c1ba14b917dc2f29ffe7e99053def67bf56d854fd82a8e86132a98,Ba4 O27 Ti12,Nb5 O9 Sr2,0.038,0.039,0.001,z_b > z_a,log(1 + exp(-(z_b - z_a)))
6,ADJACENT_STRICT_PBE_ORDER_V1,1.0,22,23,788,1636,current-nlr-pbe-gw-v1:composition:7a3d582f51ee78f5465645bd9ce46928aa8f2ba8fc5da70674b4f48662458352,current-nlr-pbe-gw-v1:composition:360020f81a765f0edab22ab4cc89fee19f2264ccb3e30bd171f7d2e2bdb65910,Co3 O Ti3,Mn2 N O2,0.039,0.04,0.001,z_b > z_a,log(1 + exp(-(z_b - z_a)))
7,ADJACENT_STRICT_PBE_ORDER_V1,1.0,24,25,1333,1890,current-nlr-pbe-gw-v1:composition:e381921700e6e747a8af6feee24c2d4e224ab5c65f8e5a1139db858570922f06,current-nlr-pbe-gw-v1:composition:554dbd130ccb486a0218a577fcf9878b9011a5b1dba3212cf5ed2e9cad279b70,Ir Na O3,Nb5 O17 Sr5,0.04,0.041,0.001,z_b > z_a,log(1 + exp(-(z_b - z_a)))
8,ADJACENT_STRICT_PBE_ORDER_V1,1.0,27,28,391,1718,current-nlr-pbe-gw-v1:composition:cea019b88d02bc9ea00e49d149681f3d8c95efddde970b10492989e174165fa6,current-nlr-pbe-gw-v1:composition:0c8cc6224e71a7242e5f02ebf55a4ba1692e2a700d80d3e32414377d34e94818,Ba2 Nb5 O9,Mo4 O6 Sn,0.041,0.042,0.001,z_b > z_a,log(1 + exp(-(z_b - z_a)))
9,ADJACENT_STRICT_PBE_ORDER_V1,1.0,31,32,748,358,current-nlr-pbe-gw-v1:composition:d9b297edfe1ce4d16566ad7dd52a7ae6432f2f796de30e0df63d8ab2a8596986,current-nlr-pbe-gw-v1:composition:22cbd5068557eba41d14319953259fb00abbff82dbfe4530abdd3712d7696785,Co O2 Pd,Ba2 Cu3 O7 Y,0.042,0.043,0.001,z_b > z_a,log(1 + exp(-(z_b - z_a)))
10,ADJACENT_STRICT_PBE_ORDER_V1,1.0,35,36,105,292,current-nlr-pbe-gw-v1:composition:e3d9e5ba5ab595cd2a394720fbb6d1c5fe946eb5e9c27cd7ef6ac6047e051111,current-nlr-pbe-gw-v1:composition:30dcf4244483903ef50f4fb37c52f6eb9faf6a255239363e443012611cab90a4,Al O4 V2,Ba Nb7 O9,0.043,0.044,0.001,z_b > z_a,log(1 + exp(-(z_b - z_a)))
11,ADJACENT_STRICT_PBE_ORDER_V1,1.0,38,39,1645,1716,current-nlr-pbe-gw-v1:composition:a8234cea832f0597473c76605166211def33770e76aba50fff07412e48a4b8ad,current-nlr-pbe-gw-v1:composition:29bfa280975831392e1869825f335a5e61a38f458a0e811b5a58c745c46b0d4c,Mn2 O3,Mo4 O11,0.044,0.046,0.002,z_b > z_a,log(1 + exp(-(z_b - z_a)))
12,ADJACENT_STRICT_PBE_ORDER_V1,1.0,42,43,1893,1547,current-nlr-pbe-gw-v1:composition:cbb84f393f6a7e97887b39a8bce3221ea11db2b36356b855d8383147180737f1,current-nlr-pbe-gw-v1:composition:7731f48bd6b52e65874f77fbd04b4282143239dc8bfa1f785b38516d913d8c66,Nb6 O21 Sr7,La5 O15 Ti4,0.046,0.048,0.002,z_b > z_a,log(1 + exp(-(z_b - z_a)))
13,ADJACENT_STRICT_PBE_ORDER_V1,1.0,44,45,1504,1968,current-nlr-pbe-gw-v1:composition:9964e43b113827c5cae94e500d990080c7fe814febb1e080f7aa697e1c7d5fa9,current-nlr-pbe-gw-v1:composition:aae15e68b5cedeb08874a1388f464224454f5372afbd7c7646f6348e10225736,La O4 Pd2,O2 Rb9,0.048,0.049,0.001,z_b > z_a,log(1 + exp(-(z_b - z_a)))
14,ADJACENT_STRICT_PBE_ORDER_V1,1.0,47,48,1749,1887,current-nlr-pbe-gw-v1:composition:f9b6ff4ae090640958a754a70cb74bc4385dddbaf0e9ba1de83070af446951aa,current-nlr-pbe-gw-v1:composition:2be3a2dc13029b88dfe113142f1039138c6045091c2a2a96a7d37361340f7497,N4 O8 Pb7,Nb4 O6 Sr,0.049,0.051,0.002,z_b > z_a,log(1 + exp(-(z_b - z_a)))
15,ADJACENT_STRICT_PBE_ORDER_V1,1.0,50,51,443,1049,current-nlr-pbe-gw-v1:composition:adc38f91c67ad8bc07198e3655f8b9a8c6a25337deda17f39840d5895d779157,current-nlr-pbe-gw-v1:composition:913516ae9f0efec8ea301713cf225db2f58f332e17e882ac51e63edd636e0f90,Ba3 Na O9 Ru2,Fe O2 Sr,0.051,0.052,0.001,z_b > z_a,log(1 + exp(-(z_b - z_a)))
16,ADJACENT_STRICT_PBE_ORDER_V1,1.0,52,53,182,1737,current-nlr-pbe-gw-v1:composition:d6cd0372bed6641954ad8f896c809a1c6adebf9bd653d3d5af698ebf1629f865,current-nlr-pbe-gw-v1:composition:bf80d78591eebc01d1e5eac511a2b8f8ec8994d2c343a16a6b5f9d9ff27863dd,Au Ga O2,N2 O Pt2,0.052,0.053,0.001,z_b > z_a,log(1 + exp(-(z_b - z_a)))
17,ADJACENT_STRICT_PBE_ORDER_V1,1.0,53,54,1737,469,current-nlr-pbe-gw-v1:composition:bf80d78591eebc01d1e5eac511a2b8f8ec8994d2c343a16a6b5f9d9ff27863dd,current-nlr-pbe-gw-v1:composition:092a5907e089843ad71e69bfcdaedad2ec2dbb166b7c2b953d790839e198c619,N2 O Pt2,Ba4 Nb14 O23,0.053,0.054,0.001,z_b > z_a,log(1 + exp(-(z_b - z_a)))
18,ADJACENT_STRICT_PBE_ORDER_V1,1.0,56,57,1729,1732,current-nlr-pbe-gw-v1:composition:614dcdbbe0d60f7bd976fae751ddc21b89cb380cc6a1d4796afe01166f5e7f6c,current-nlr-pbe-gw-v1:composition:131bbf731ac18c992468fcb15505b6b40714b1e881e0981883d9ae8dda1fccdf,N O Ru,N O Zr,0.054,0.061,0.007,z_b > z_a,log(1 + exp(-(z_b - z_a)))
19,ADJACENT_STRICT_PBE_ORDER_V1,1.0,57,58,1732,1030,current-nlr-pbe-gw-v1:composition:131bbf731ac18c992468fcb15505b6b40714b1e881e0981883d9ae8dda1fccdf,current-nlr-pbe-gw-v1:composition:a6b6a3face2890a881bc448abbfbc4a7d21ab3f148a0fe0445236d6153b96b7c,N O Zr,Fe Mo O6 Sr2,0.061,0.062,0.001,z_b > z_a,log(1 + exp(-(z_b - z_a)))
20,ADJACENT_STRICT_PBE_ORDER_V1,1.0,59,60,1444,463,current-nlr-pbe-gw-v1:composition:c111c5a32f6f7488f4e4b42445f41c9e91b27906b2068ce60afe6ac73d1bef3e,current-nlr-pbe-gw-v1:composition:fe336b17fbea1db7fe8e3ca08fd130a3a869cf8666856e8dc902b088474680b8,K3 Mn2 O8,Ba4 Cu6 O13 Y2,0.062,0.063,0.001,z_b > z_a,log(1 + exp(-(z_b - z_a)))
21,ADJACENT_STRICT_PBE_ORDER_V1,1.0,60,61,463,1657,current-nlr-pbe-gw-v1:composition:fe336b17fbea1db7fe8e3ca08fd130a3a869cf8666856e8dc902b088474680b8,current-nlr-pbe-gw-v1:composition:7223d0b3ff62b25a6280d04bdb3135832dbe99419ccb5f74945dafdb56d5e269,Ba4 Cu6 O13 Y2,Mn3 N O3,0.063,0.064,0.001,z_b > z_a,log(1 + exp(-(z_b - z_a)))
22,ADJACENT_STRICT_PBE_ORDER_V1,1.0,62,63,558,1637,current-nlr-pbe-gw-v1:composition:c6287b65f122bfbf3e0b65c9ca5c448bd39e42b1cd57000f88d901cfa3460c26,current-nlr-pbe-gw-v1:composition:636a5b68a8487dd9d89d2fc4a27d8a4224fe796cd39bd6850588fc141b83dd85,Ca Ni2 O4,Mn2 N2 O,0.064,0.067,0.003,z_b > z_a,log(1 + exp(-(z_b - z_a)))
23,ADJACENT_STRICT_PBE_ORDER_V1,1.0,64,65,176,1381,current-nlr-pbe-gw-v1:composition:7c077a7d006a30e92cea71dd1ca16388eef8ae97e0c42f07084a9f3473c24b44,current-nlr-pbe-gw-v1:composition:5b0696146674e3746ce16e3e604b989cf1b9ebd54e1200ca0a451b67e628d55f,Al6 O Si8 Sr13,K O8 Ru4,0.067,0.07,0.003,z_b > z_a,log(1 + exp(-(z_b - z_a)))
24,ADJACENT_STRICT_PBE_ORDER_V1,1.0,65,66,1381,1751,current-nlr-pbe-gw-v1:composition:5b0696146674e3746ce16e3e604b989cf1b9ebd54e1200ca0a451b67e628d55f,current-nlr-pbe-gw-v1:composition:f9ca67f532318ee091b88e7ee474b90452019137dd6ff285522f4e17c0327c2e,K O8 Ru4,N4 O8 Ru7,0.07,0.074,0.004,z_b > z_a,log(1 + exp(-(z_b - z_a)))
25,ADJACENT_STRICT_PBE_ORDER_V1,1.0,66,67,1751,2029,current-nlr-pbe-gw-v1:composition:f9ca67f532318ee091b88e7ee474b90452019137dd6ff285522f4e17c0327c2e,current-nlr-pbe-gw-v1:composition:4003267e9709b36ae139666566a25f9255a8b06b099d554b9b74ef670127a4a1,N4 O8 Ru7,O4 Pd2 Y,0.074,0.075,0.001,z_b > z_a,log(1 + exp(-(z_b - z_a)))
26,ADJACENT_STRICT_PBE_ORDER_V1,1.0,70,71,1916,1754,current-nlr-pbe-gw-v1:composition:76cefcee0082a3431c4508dc657420bc53f78abff8de0bd39a3e3eb1208d8fb9,current-nlr-pbe-gw-v1:composition:901baa4f1c9402d9c28044d5e6e4b89500a502bc78e4b955c033f45465da72e3,Ni4 O8 Sr,N4 O8 Sn7,0.075,0.076,0.001,z_b > z_a,log(1 + exp(-(z_b - z_a)))
27,ADJACENT_STRICT_PBE_ORDER_V1,1.0,71,72,1754,806,current-nlr-pbe-gw-v1:composition:901baa4f1c9402d9c28044d5e6e4b89500a502bc78e4b955c033f45465da72e3,current-nlr-pbe-gw-v1:composition:2788ad5ddde48412060f25adfd7bba797773d9d74f29f8937fc593b5b17902f1,N4 O8 Sn7,Cr In2 O4,0.076,0.077,0.001,z_b > z_a,log(1 + exp(-(z_b - z_a)))
28,ADJACENT_STRICT_PBE_ORDER_V1,1.0,72,73,806,1713,current-nlr-pbe-gw-v1:composition:2788ad5ddde48412060f25adfd7bba797773d9d74f29f8937fc593b5b17902f1,current-nlr-pbe-gw-v1:composition:e24f2c8296f14cf85d443be0a91c416c44ac306ace52f22ce02792be3f15e1eb,Cr In2 O4,Mo4 Na O6,0.077,0.078,0.001,z_b > z_a,log(1 + exp(-(z_b - z_a)))
29,ADJACENT_STRICT_PBE_ORDER_V1,1.0,73,74,1713,1537,current-nlr-pbe-gw-v1:composition:e24f2c8296f14cf85d443be0a91c416c44ac306ace52f22ce02792be3f15e1eb,current-nlr-pbe-gw-v1:composition:e9f8496586ac6b97d234e867f36e7715245196a64a84636d1244130bc7f79c5a,Mo4 Na O6,La3 O11 Ru3,0.078,0.08,0.002,z_b > z_a,log(1 + exp(-(z_b - z_a)))
30,ADJACENT_STRICT_PBE_ORDER_V1,1.0,74,75,1537,1496,current-nlr-pbe-gw-v1:composition:e9f8496586ac6b97d234e867f36e7715245196a64a84636d1244130bc7f79c5a,current-nlr-pbe-gw-v1:composition:fb74618ce423a858a2885ffd609e770f903fa80dee292d8b6a55211be8e2ea5c,La3 O11 Ru3,La Ni O3,0.08,0.081,0.001,z_b > z_a,log(1 + exp(-(z_b - z_a)))
31,ADJACENT_STRICT_PBE_ORDER_V1,1.0,75,76,1496,48,current-nlr-pbe-gw-v1:composition:fb74618ce423a858a2885ffd609e770f903fa80dee292d8b6a55211be8e2ea5c,current-nlr-pbe-gw-v1:composition:200e7dadb9f07b12e1d820065e9ad2de9ecc0c5bcf2e909f9320acf1815a2e53,La Ni O3,Ag2 O,0.081,0.082,0.001,z_b > z_a,log(1 + exp(-(z_b - z_a)))
32,ADJACENT_STRICT_PBE_ORDER_V1,1.0,76,77,48,1541,current-nlr-pbe-gw-v1:composition:200e7dadb9f07b12e1d820065e9ad2de9ecc0c5bcf2e909f9320acf1815a2e53,current-nlr-pbe-gw-v1:composition:6c1766b515155503abc04b81d4bde927e7c47753d2d7eb868cfe947421f1de85,Ag2 O,La4 Ni3 O10,0.082,0.083,0.001,z_b > z_a,log(1 + exp(-(z_b - z_a)))
33,ADJACENT_STRICT_PBE_ORDER_V1,1.0,78,79,60,930,current-nlr-pbe-gw-v1:composition:e7c4e27e4fe82435cbfb0140ff3b28bc1017b711532215e9c5f5144b6bcaf516,current-nlr-pbe-gw-v1:composition:e9cad703c5f1440501f236d762a162a254655a7110f5d9ecad2773f6467a9498,Ag3 Ni2 O4,Cu O4 Rh2,0.083,0.084,0.001,z_b > z_a,log(1 + exp(-(z_b - z_a)))
34,ADJACENT_STRICT_PBE_ORDER_V1,1.0,79,80,930,146,current-nlr-pbe-gw-v1:composition:e9cad703c5f1440501f236d762a162a254655a7110f5d9ecad2773f6467a9498,current-nlr-pbe-gw-v1:composition:b0669b32a85874077f9a5c07f2db8e4afd679a83e37d05235d106db002a3b6cd,Cu O4 Rh2,Al2 O4 Ti,0.084,0.087,0.003,z_b > z_a,log(1 + exp(-(z_b - z_a)))
35,ADJACENT_STRICT_PBE_ORDER_V1,1.0,80,81,146,1356,current-nlr-pbe-gw-v1:composition:b0669b32a85874077f9a5c07f2db8e4afd679a83e37d05235d106db002a3b6cd,current-nlr-pbe-gw-v1:composition:7abea6323d3397f19c8fce6d4188a5af84cac5272d447b558983cd6bb1707d99,Al2 O4 Ti,K Mo4 O6,0.087,0.091,0.004,z_b > z_a,log(1 + exp(-(z_b - z_a)))
36,ADJACENT_STRICT_PBE_ORDER_V1,1.0,81,82,1356,1730,current-nlr-pbe-gw-v1:composition:7abea6323d3397f19c8fce6d4188a5af84cac5272d447b558983cd6bb1707d99,current-nlr-pbe-gw-v1:composition:be8560975bb17218396a992cfdda62f593f57b962220c354477209b462e1e961,K Mo4 O6,N O Ta,0.091,0.092,0.001,z_b > z_a,log(1 + exp(-(z_b - z_a)))
37,ADJACENT_STRICT_PBE_ORDER_V1,1.0,83,84,1453,1783,current-nlr-pbe-gw-v1:composition:c66aef35ae85e4a2ab469a9d535ef98a64901687dc3d48c7d1b874355d820c48,current-nlr-pbe-gw-v1:composition:151deb5dbd62c621391e6ec4e8c284e631587fcf9f0630353964091a3716534b,K3 Nb8 O21,Na O4 V2,0.092,0.093,0.001,z_b > z_a,log(1 + exp(-(z_b - z_a)))
38,ADJACENT_STRICT_PBE_ORDER_V1,1.0,85,86,1259,366,current-nlr-pbe-gw-v1:composition:f75cc287bd62b0780b747d71a02eaf74da47ccb60c980b12d11546d1c0fbeb19,current-nlr-pbe-gw-v1:composition:5ac299ba47a770ff7e37c5bcadad5521c05a45070fce931013e1f6967ca00593,Hg In2 O4,Ba2 Fe3 O8 Y,0.093,0.097,0.004,z_b > z_a,log(1 + exp(-(z_b - z_a)))
39,ADJACENT_STRICT_PBE_ORDER_V1,1.0,86,87,366,1779,current-nlr-pbe-gw-v1:composition:5ac299ba47a770ff7e37c5bcadad5521c05a45070fce931013e1f6967ca00593,current-nlr-pbe-gw-v1:composition:204b631d0da298c4b797606e713362317d0975f6d3f2570157db7cf6be0159b6,Ba2 Fe3 O8 Y,Na O4 Rh2,0.097,0.103,0.006,z_b > z_a,log(1 + exp(-(z_b - z_a)))
40,ADJACENT_STRICT_PBE_ORDER_V1,1.0,88,89,168,786,current-nlr-pbe-gw-v1:composition:d9b45de921fa293016a2aae0206d4b4d1ae86dd14682faf38cabd5ffedd27147,current-nlr-pbe-gw-v1:composition:ba113ba4d1e929c70ee80a2e47610a0f0006c41511e744ed97f64a2afa21c125,Al4 O Si6 Sr10,Co3 La4 O10,0.103,0.105,0.002,z_b > z_a,log(1 + exp(-(z_b - z_a)))
41,ADJACENT_STRICT_PBE_ORDER_V1,1.0,89,90,786,1920,current-nlr-pbe-gw-v1:composition:ba113ba4d1e929c70ee80a2e47610a0f0006c41511e744ed97f64a2afa21c125,current-nlr-pbe-gw-v1:composition:2c12992822ae262d90baaca3068fd9eed59f3383c5f7bd6797f864c18780cc67,Co3 La4 O10,O Pd,0.105,0.106,0.001,z_b > z_a,log(1 + exp(-(z_b - z_a)))
42,ADJACENT_STRICT_PBE_ORDER_V1,1.0,91,92,448,298,current-nlr-pbe-gw-v1:composition:6449d8e072c87816eb15551647656cd1f7d479fb048660296f230ac2a4ebf3bb,current-nlr-pbe-gw-v1:composition:85a6b8bd25709d6cf9b803d96f0547bfd46f99ecf51a30df6c98428718cca783,Ba3 Nb5 O15,Ba Ni4 O8,0.106,0.108,0.002,z_b > z_a,log(1 + exp(-(z_b - z_a)))
43,ADJACENT_STRICT_PBE_ORDER_V1,1.0,92,93,298,1106,current-nlr-pbe-gw-v1:composition:85a6b8bd25709d6cf9b803d96f0547bfd46f99ecf51a30df6c98428718cca783,current-nlr-pbe-gw-v1:composition:e9519a0c35c1f9f82e6b959def874849970776837966fb7712828a2e28d0116b,Ba Ni4 O8,Fe3 O4,0.108,0.112,0.004,z_b > z_a,log(1 + exp(-(z_b - z_a)))
44,ADJACENT_STRICT_PBE_ORDER_V1,1.0,93,94,1106,1046,current-nlr-pbe-gw-v1:composition:e9519a0c35c1f9f82e6b959def874849970776837966fb7712828a2e28d0116b,current-nlr-pbe-gw-v1:composition:340413b729dd39261abc673143a31339e81a442294638ebbd4c8f86029e9630d,Fe3 O4,Fe Ni2 O4,0.112,0.113,0.001,z_b > z_a,log(1 + exp(-(z_b - z_a)))
45,ADJACENT_STRICT_PBE_ORDER_V1,1.0,94,95,1046,2118,current-nlr-pbe-gw-v1:composition:340413b729dd39261abc673143a31339e81a442294638ebbd4c8f86029e9630d,current-nlr-pbe-gw-v1:composition:644dfaecbb07279abc183467affd0efb0edb061878ec78b1a023969b61e7de04,Fe Ni2 O4,O7 Ti4,0.113,0.116,0.003,z_b > z_a,log(1 + exp(-(z_b - z_a)))
46,ADJACENT_STRICT_PBE_ORDER_V1,1.0,95,96,2118,282,current-nlr-pbe-gw-v1:composition:644dfaecbb07279abc183467affd0efb0edb061878ec78b1a023969b61e7de04,current-nlr-pbe-gw-v1:composition:7bea02300010859d7d7a9b654bc54caf38d645ec19a005bb0052f70973b61195,O7 Ti4,Ba Mn3 O6,0.116,0.118,0.002,z_b > z_a,log(1 + exp(-(z_b - z_a)))
47,ADJACENT_STRICT_PBE_ORDER_V1,1.0,97,98,430,906,current-nlr-pbe-gw-v1:composition:90b561822f90e1b68f7c316c49c176a3a1b87b8bd38e415493e9617dbcece6e6,current-nlr-pbe-gw-v1:composition:b30a2d51cd638403634ab03b0414bca3c7cf4ab5ddf5de0e72fb5db470c190d6,Ba3 Ir2 Mg O9,Cu Mn2 O4,0.118,0.121,0.003,z_b > z_a,log(1 + exp(-(z_b - z_a)))
48,ADJACENT_STRICT_PBE_ORDER_V1,1.0,98,99,906,477,current-nlr-pbe-gw-v1:composition:b30a2d51cd638403634ab03b0414bca3c7cf4ab5ddf5de0e72fb5db470c190d6,current-nlr-pbe-gw-v1:composition:d40741d169b95066ed22265985765bc1ed3a42262839acccdefb61932d11c817,Cu Mn2 O4,Ba5 Fe5 O14,0.121,0.122,0.001,z_b > z_a,log(1 + exp(-(z_b - z_a)))
49,ADJACENT_STRICT_PBE_ORDER_V1,1.0,99,100,477,1482,current-nlr-pbe-gw-v1:composition:d40741d169b95066ed22265985765bc1ed3a42262839acccdefb61932d11c817,current-nlr-pbe-gw-v1:composition:6237d509ccd037d3bd2033c596fafbd6ce9943da1a5f8d847638148ba3ea0381,Ba5 Fe5 O14,La Mn O3,0.122,0.123,0.001,z_b > z_a,log(1 + exp(-(z_b - z_a)))
50,ADJACENT_STRICT_PBE_ORDER_V1,1.0,101,102,962,1735,current-nlr-pbe-gw-v1:composition:aca38a0dd16143d4c100f226541a6137992db5b4b6f3c252e82f5edfd59c550f,current-nlr-pbe-gw-v1:composition:4291e6c20df06d85ca6daaec892db3668613aac06d4df1051abdb9606facaa87,Cu2 O3 Sr,N O6 Sb3,0.123,0.127,0.004,z_b > z_a,log(1 + exp(-(z_b - z_a)))
51,ADJACENT_STRICT_PBE_ORDER_V1,1.0,102,103,1735,1404,current-nlr-pbe-gw-v1:composition:4291e6c20df06d85ca6daaec892db3668613aac06d4df1051abdb9606facaa87,current-nlr-pbe-gw-v1:composition:a6fa7add4b876bba761cd482370695d0ec2b23505b99d27cffe9e51061a38888,N O6 Sb3,K2 Mo7 O20,0.127,0.131,0.004,z_b > z_a,log(1 + exp(-(z_b - z_a)))
52,ADJACENT_STRICT_PBE_ORDER_V1,1.0,103,104,1404,350,current-nlr-pbe-gw-v1:composition:a6fa7add4b876bba761cd482370695d0ec2b23505b99d27cffe9e51061a38888,current-nlr-pbe-gw-v1:composition:59d1a172c8f7e9fd5d2dee7f447caae0aecfaa99de6bd15913a7e8dbefe8c829,K2 Mo7 O20,Ba2 Cr7 O14,0.131,0.132,0.001,z_b > z_a,log(1 + exp(-(z_b - z_a)))
53,ADJACENT_STRICT_PBE_ORDER_V1,1.0,105,106,2060,1278,current-nlr-pbe-gw-v1:composition:cb0edf75c181a554c996013fb5b435d3e5f7602e80dac68bc6b10c71e587a4af,current-nlr-pbe-gw-v1:composition:e66a72edf7c921182f93df4fce2697d5c305d302cfdbda2355821cbc737bc493,O47 W17,Hg2 O4 Sn,0.132,0.134,0.002,z_b > z_a,log(1 + exp(-(z_b - z_a)))
54,ADJACENT_STRICT_PBE_ORDER_V1,1.0,106,107,1278,1981,current-nlr-pbe-gw-v1:composition:e66a72edf7c921182f93df4fce2697d5c305d302cfdbda2355821cbc737bc493,current-nlr-pbe-gw-v1:composition:cfcedd6a84614599a3d416f33d4cd4f569fe45e7f076dc96e76d7289e6eb039b,Hg2 O4 Sn,O20 Sr Ti11,0.134,0.136,0.002,z_b > z_a,log(1 + exp(-(z_b - z_a)))
55,ADJACENT_STRICT_PBE_ORDER_V1,1.0,107,108,1981,563,current-nlr-pbe-gw-v1:composition:cfcedd6a84614599a3d416f33d4cd4f569fe45e7f076dc96e76d7289e6eb039b,current-nlr-pbe-gw-v1:composition:4f71b30443f21f935a34651ba9629e5694bdbce10d7f7ac99904b480490a4eab,O20 Sr Ti11,Ca O3 Rh,0.136,0.138,0.002,z_b > z_a,log(1 + exp(-(z_b - z_a)))
56,ADJACENT_STRICT_PBE_ORDER_V1,1.0,108,109,563,1080,current-nlr-pbe-gw-v1:composition:4f71b30443f21f935a34651ba9629e5694bdbce10d7f7ac99904b480490a4eab,current-nlr-pbe-gw-v1:composition:5a5cc9252ddcd584b81269e586d37f6c220c49b8922fefe7f11ff47d804c6312,Ca O3 Rh,Fe2 Mo4 O7,0.138,0.144,0.006,z_b > z_a,log(1 + exp(-(z_b - z_a)))
57,ADJACENT_STRICT_PBE_ORDER_V1,1.0,110,111,1919,1748,current-nlr-pbe-gw-v1:composition:c9dceec0546e14e78d8969387879c48a7df08951fa7ed31a6064a01266a180cf,current-nlr-pbe-gw-v1:composition:39bbdce53bb2c74d3f9d537708d24622999e9bd8f79b5fdfed57450f76cfea64,O Pb2 Zr2,N4 O8 Os7,0.144,0.147,0.003,z_b > z_a,log(1 + exp(-(z_b - z_a)))
58,ADJACENT_STRICT_PBE_ORDER_V1,1.0,112,113,926,1647,current-nlr-pbe-gw-v1:composition:90fa54fc76f93ad1b43afb849d3aca739d2e0f53ac85bc2777e2e872a08414b4,current-nlr-pbe-gw-v1:composition:b131adad3ee902c0d41a0eb1e2f1e624ea84641f0a4879cb7133c17322fc25f0,Cu O2 Sr,Mn2 O4 Sn,0.147,0.148,0.001,z_b > z_a,log(1 + exp(-(z_b - z_a)))
59,ADJACENT_STRICT_PBE_ORDER_V1,1.0,113,114,1647,1925,current-nlr-pbe-gw-v1:composition:b131adad3ee902c0d41a0eb1e2f1e624ea84641f0a4879cb7133c17322fc25f0,current-nlr-pbe-gw-v1:composition:67f9c549d206d3e7eb65c0902ea0856755365f2ab0420a24fc0cbb654a291fa1,Mn2 O4 Sn,O Si Zr,0.148,0.154,0.006,z_b > z_a,log(1 + exp(-(z_b - z_a)))
60,ADJACENT_STRICT_PBE_ORDER_V1,1.0,114,115,1925,1153,current-nlr-pbe-gw-v1:composition:67f9c549d206d3e7eb65c0902ea0856755365f2ab0420a24fc0cbb654a291fa1,current-nlr-pbe-gw-v1:composition:1b067595010c9c41ce18fcf32d042603f37f681578770c6e20ab75b6416b7de3,O Si Zr,Ga2 O4 Sn,0.154,0.156,0.002,z_b > z_a,log(1 + exp(-(z_b - z_a)))
61,ADJACENT_STRICT_PBE_ORDER_V1,1.0,115,116,1153,1724,current-nlr-pbe-gw-v1:composition:1b067595010c9c41ce18fcf32d042603f37f681578770c6e20ab75b6416b7de3,current-nlr-pbe-gw-v1:composition:ac862eeb7e2e33a99fe87ad24f421655310f26d5a62fe45bca7a29d992eb20d6,Ga2 O4 Sn,Mo8 O23,0.156,0.157,0.001,z_b > z_a,log(1 + exp(-(z_b - z_a)))
62,ADJACENT_STRICT_PBE_ORDER_V1,1.0,116,117,1724,1961,current-nlr-pbe-gw-v1:composition:ac862eeb7e2e33a99fe87ad24f421655310f26d5a62fe45bca7a29d992eb20d6,current-nlr-pbe-gw-v1:composition:c6a56fb0dfc5a4203b88f7156c2ea6873babf9afe0ea592f7f4e9b8a4ffbb846,Mo8 O23,O2 Pb Pd,0.157,0.158,0.001,z_b > z_a,log(1 + exp(-(z_b - z_a)))
63,ADJACENT_STRICT_PBE_ORDER_V1,1.0,117,118,1961,1960,current-nlr-pbe-gw-v1:composition:c6a56fb0dfc5a4203b88f7156c2ea6873babf9afe0ea592f7f4e9b8a4ffbb846,current-nlr-pbe-gw-v1:composition:39b6fced613bdb12c9350a8c6ad89c09417ebaa2deab5fe599ffb53fa2f284ef,O2 Pb Pd,O2 Pb,0.158,0.162,0.004,z_b > z_a,log(1 + exp(-(z_b - z_a)))
64,ADJACENT_STRICT_PBE_ORDER_V1,1.0,118,119,1960,1091,current-nlr-pbe-gw-v1:composition:39b6fced613bdb12c9350a8c6ad89c09417ebaa2deab5fe599ffb53fa2f284ef,current-nlr-pbe-gw-v1:composition:6b622f47859e6408be382833245b08e01e7e7d4b2f6192a471f22291d66f6803,O2 Pb,Fe2 O4 Y,0.162,0.167,0.005,z_b > z_a,log(1 + exp(-(z_b - z_a)))
65,ADJACENT_STRICT_PBE_ORDER_V1,1.0,119,120,1091,972,current-nlr-pbe-gw-v1:composition:6b622f47859e6408be382833245b08e01e7e7d4b2f6192a471f22291d66f6803,current-nlr-pbe-gw-v1:composition:6b3b54dce715340965e09be78e9a33fc5a4d202d15761bb893d478a9347c1134,Fe2 O4 Y,Cu3 La O12 Ru4,0.167,0.169,0.002,z_b > z_a,log(1 + exp(-(z_b - z_a)))
66,ADJACENT_STRICT_PBE_ORDER_V1,1.0,120,121,972,590,current-nlr-pbe-gw-v1:composition:6b3b54dce715340965e09be78e9a33fc5a4d202d15761bb893d478a9347c1134,current-nlr-pbe-gw-v1:composition:e27de5c60bcfeeb8a02eb3a76cb23e0903446156b0cd8636194f2c15f92fdaef,Cu3 La O12 Ru4,Ca2 Co O7 Si2,0.169,0.171,0.002,z_b > z_a,log(1 + exp(-(z_b - z_a)))
67,ADJACENT_STRICT_PBE_ORDER_V1,1.0,121,122,590,1322,current-nlr-pbe-gw-v1:composition:e27de5c60bcfeeb8a02eb3a76cb23e0903446156b0cd8636194f2c15f92fdaef,current-nlr-pbe-gw-v1:composition:452fb52a05668097ca7151c527519b051460e271d2c86153e588d2b612fc2558,Ca2 Co O7 Si2,Ir K O3,0.171,0.173,0.002,z_b > z_a,log(1 + exp(-(z_b - z_a)))
68,ADJACENT_STRICT_PBE_ORDER_V1,1.0,123,124,54,957,current-nlr-pbe-gw-v1:composition:7c6d68b2a3250aaa062a0a9aa443940219edffba0c2b39a8d8e185f212fb92bd,current-nlr-pbe-gw-v1:composition:f047c80341f4aa36e631defe950f2db147873cd206d67d1c6fab34039b8f0ec1,Ag2 O3 Sn,Cu2 Na3 O4,0.173,0.174,0.001,z_b > z_a,log(1 + exp(-(z_b - z_a)))
69,ADJACENT_STRICT_PBE_ORDER_V1,1.0,124,125,957,1101,current-nlr-pbe-gw-v1:composition:f047c80341f4aa36e631defe950f2db147873cd206d67d1c6fab34039b8f0ec1,current-nlr-pbe-gw-v1:composition:83cba86e3a752a00efda0e4ee0c7ef2c1a9b75b23664ae1749d3cb11ad61ac8f,Cu2 Na3 O4,Fe2 O8 Rb7,0.174,0.175,0.001,z_b > z_a,log(1 + exp(-(z_b - z_a)))
70,ADJACENT_STRICT_PBE_ORDER_V1,1.0,125,126,1101,1948,current-nlr-pbe-gw-v1:composition:83cba86e3a752a00efda0e4ee0c7ef2c1a9b75b23664ae1749d3cb11ad61ac8f,current-nlr-pbe-gw-v1:composition:954a26e018532d1e895fb1c922f3a42a53edcba363a11d51a26dec8e8225d8a5,Fe2 O8 Rb7,O13 V6,0.175,0.176,0.001,z_b > z_a,log(1 + exp(-(z_b - z_a)))
71,ADJACENT_STRICT_PBE_ORDER_V1,1.0,126,127,1948,951,current-nlr-pbe-gw-v1:composition:954a26e018532d1e895fb1c922f3a42a53edcba363a11d51a26dec8e8225d8a5,current-nlr-pbe-gw-v1:composition:2e3086d4b9dfc83ea1be8bbd20289e920332d32e07c02a8d108feb24edeba92c,O13 V6,Cu2 Mg O3,0.176,0.177,0.001,z_b > z_a,log(1 + exp(-(z_b - z_a)))
72,ADJACENT_STRICT_PBE_ORDER_V1,1.0,127,128,951,1263,current-nlr-pbe-gw-v1:composition:2e3086d4b9dfc83ea1be8bbd20289e920332d32e07c02a8d108feb24edeba92c,current-nlr-pbe-gw-v1:composition:dc3949d2c6939e9a9d4e648be9c9d3d6fbe13bb7f869f2a4aef739ae06910ab0,Cu2 Mg O3,Hg Ni2 O4,0.177,0.178,0.001,z_b > z_a,log(1 + exp(-(z_b - z_a)))
73,ADJACENT_STRICT_PBE_ORDER_V1,1.0,128,129,1263,693,current-nlr-pbe-gw-v1:composition:dc3949d2c6939e9a9d4e648be9c9d3d6fbe13bb7f869f2a4aef739ae06910ab0,current-nlr-pbe-gw-v1:composition:78cc399f4c8d23b455314bf13e36f49408b13ed4d2ba9960cf3a49167ad1d6d0,Hg Ni2 O4,Cd2 O7 Ru2,0.178,0.185,0.007,z_b > z_a,log(1 + exp(-(z_b - z_a)))
74,ADJACENT_STRICT_PBE_ORDER_V1,1.0,130,131,1744,996,current-nlr-pbe-gw-v1:composition:9b4c40a21684bf4143329141e620683e921837405c72c8150ebc4c3cf82fbd08,current-nlr-pbe-gw-v1:composition:47ecbe6028f823395cb0c344ab5dd169ddf8f4f6ba33071d4c2f26d9e32ce0d9,N2 O V2,Cu6 O8 Pb,0.185,0.186,0.001,z_b > z_a,log(1 + exp(-(z_b - z_a)))
75,ADJACENT_STRICT_PBE_ORDER_V1,1.0,131,132,996,1372,current-nlr-pbe-gw-v1:composition:47ecbe6028f823395cb0c344ab5dd169ddf8f4f6ba33071d4c2f26d9e32ce0d9,current-nlr-pbe-gw-v1:composition:dec5cd4a840ea0ebf36f06781e9296ffb2cded2c14128fc0ad1fbd356f55af4e,Cu6 O8 Pb,K Nb8 O14,0.186,0.19,0.004,z_b > z_a,log(1 + exp(-(z_b - z_a)))
76,ADJACENT_STRICT_PBE_ORDER_V1,1.0,132,133,1372,312,current-nlr-pbe-gw-v1:composition:dec5cd4a840ea0ebf36f06781e9296ffb2cded2c14128fc0ad1fbd356f55af4e,current-nlr-pbe-gw-v1:composition:ad3f1f064a98729576e0af7afa4993af10981d1f439981b702b642750fe624d6,K Nb8 O14,Ba O3 Rh,0.19,0.196,0.006,z_b > z_a,log(1 + exp(-(z_b - z_a)))
77,ADJACENT_STRICT_PBE_ORDER_V1,1.0,133,134,312,1776,current-nlr-pbe-gw-v1:composition:ad3f1f064a98729576e0af7afa4993af10981d1f439981b702b642750fe624d6,current-nlr-pbe-gw-v1:composition:ce030048c36ae1064faf0d848b8afca65214dd19e526f386e40cf724bcc20dcd,Ba O3 Rh,Na O4 Pd3,0.196,0.2,0.004,z_b > z_a,log(1 + exp(-(z_b - z_a)))
78,ADJACENT_STRICT_PBE_ORDER_V1,1.0,134,135,1776,1921,current-nlr-pbe-gw-v1:composition:ce030048c36ae1064faf0d848b8afca65214dd19e526f386e40cf724bcc20dcd,current-nlr-pbe-gw-v1:composition:d1fb776f938949d0a9db6a43f90a3933741240b9a3f88c97e1131e45f67733ed,Na O4 Pd3,O Pt,0.2,0.201,0.001,z_b > z_a,log(1 + exp(-(z_b - z_a)))
79,ADJACENT_STRICT_PBE_ORDER_V1,1.0,135,136,1921,1064,current-nlr-pbe-gw-v1:composition:d1fb776f938949d0a9db6a43f90a3933741240b9a3f88c97e1131e45f67733ed,current-nlr-pbe-gw-v1:composition:c7229a0bff69f33a7bac1837a6d5b2ea5e3c002a2a1b02c8f1a748d9c3c97c07,O Pt,Fe2 Hg O4,0.201,0.204,0.003,z_b > z_a,log(1 + exp(-(z_b - z_a)))
80,ADJACENT_STRICT_PBE_ORDER_V1,1.0,136,137,1064,216,current-nlr-pbe-gw-v1:composition:c7229a0bff69f33a7bac1837a6d5b2ea5e3c002a2a1b02c8f1a748d9c3c97c07,current-nlr-pbe-gw-v1:composition:9af542ed38673a699cca6393cd452f7b315a940da23c42794ea7b030fe72c474,Fe2 Hg O4,Ba Co2 La O6,0.204,0.205,0.001,z_b > z_a,log(1 + exp(-(z_b - z_a)))
81,ADJACENT_STRICT_PBE_ORDER_V1,1.0,137,138,216,1568,current-nlr-pbe-gw-v1:composition:9af542ed38673a699cca6393cd452f7b315a940da23c42794ea7b030fe72c474,current-nlr-pbe-gw-v1:composition:8122923bebc79f55e140575029ad5bc1e4c06132f0029b95d96c35664d804ad9,Ba Co2 La O6,Mg O4 Ti2,0.205,0.207,0.002,z_b > z_a,log(1 + exp(-(z_b - z_a)))
82,ADJACENT_STRICT_PBE_ORDER_V1,1.0,138,139,1568,1484,current-nlr-pbe-gw-v1:composition:8122923bebc79f55e140575029ad5bc1e4c06132f0029b95d96c35664d804ad9,current-nlr-pbe-gw-v1:composition:cac31618b8d210f88e5fc59366a2d090e58149fb8b6e31fdaf7e0626c7e5c126,Mg O4 Ti2,La Mn7 O12,0.207,0.211,0.004,z_b > z_a,log(1 + exp(-(z_b - z_a)))
83,ADJACENT_STRICT_PBE_ORDER_V1,1.0,140,141,1780,799,current-nlr-pbe-gw-v1:composition:fd78fc5425b305bca2b66a6f2aedd60ed49c8613c8790fbb63fb2684939331a1,current-nlr-pbe-gw-v1:composition:2e82713263c2bb3af3a1893f8cc7cc336e6a42e25ffa8f40623390aad8314d25,Na O4 Ru2,Cr Ga2 O4,0.211,0.215,0.004,z_b > z_a,log(1 + exp(-(z_b - z_a)))
84,ADJACENT_STRICT_PBE_ORDER_V1,1.0,141,142,799,1330,current-nlr-pbe-gw-v1:composition:2e82713263c2bb3af3a1893f8cc7cc336e6a42e25ffa8f40623390aad8314d25,current-nlr-pbe-gw-v1:composition:64a8653b5d27714bd63dea3e49eaf8fe72a5f411a14ec458f95d4fee09437b75,Cr Ga2 O4,Ir Mg O6 Sr2,0.215,0.217,0.002,z_b > z_a,log(1 + exp(-(z_b - z_a)))
85,ADJACENT_STRICT_PBE_ORDER_V1,1.0,142,143,1330,1997,current-nlr-pbe-gw-v1:composition:64a8653b5d27714bd63dea3e49eaf8fe72a5f411a14ec458f95d4fee09437b75,current-nlr-pbe-gw-v1:composition:4cddf1717c5293ff526641b3dda1fcd26e3a884a3b707c0fe43d98b3d0ef23ce,Ir Mg O6 Sr2,O3 Rb,0.217,0.218,0.001,z_b > z_a,log(1 + exp(-(z_b - z_a)))
86,ADJACENT_STRICT_PBE_ORDER_V1,1.0,143,144,1997,975,current-nlr-pbe-gw-v1:composition:4cddf1717c5293ff526641b3dda1fcd26e3a884a3b707c0fe43d98b3d0ef23ce,current-nlr-pbe-gw-v1:composition:89748941413dfd8faa5f02a32d6c1febfdd97548c90f475b9182f6e31427c328,O3 Rb,Cu3 Na O12 Ru4,0.218,0.219,0.001,z_b > z_a,log(1 + exp(-(z_b - z_a)))
87,ADJACENT_STRICT_PBE_ORDER_V1,1.0,144,145,975,826,current-nlr-pbe-gw-v1:composition:89748941413dfd8faa5f02a32d6c1febfdd97548c90f475b9182f6e31427c328,current-nlr-pbe-gw-v1:composition:18c3452be91eacbfe58a0837d4608a92dd14258fd52cfa9b4935871ea6fc9e60,Cu3 Na O12 Ru4,Cr O2,0.219,0.221,0.002,z_b > z_a,log(1 + exp(-(z_b - z_a)))
88,ADJACENT_STRICT_PBE_ORDER_V1,1.0,145,146,826,1002,current-nlr-pbe-gw-v1:composition:18c3452be91eacbfe58a0837d4608a92dd14258fd52cfa9b4935871ea6fc9e60,current-nlr-pbe-gw-v1:composition:063579cbbc9474721d3c18bcddccb3da949ad2a133b0c9d99a400d7a9994de15,Cr O2,Cu7 Na12 O14,0.221,0.222,0.001,z_b > z_a,log(1 + exp(-(z_b - z_a)))
89,ADJACENT_STRICT_PBE_ORDER_V1,1.0,146,147,1002,1889,current-nlr-pbe-gw-v1:composition:063579cbbc9474721d3c18bcddccb3da949ad2a133b0c9d99a400d7a9994de15,current-nlr-pbe-gw-v1:composition:6ec2f9050ff1e0afb06146e22ec4af2fdda4c9ac7c53252fc563eb18239f5be5,Cu7 Na12 O14,Nb5 O16 Sr5,0.222,0.224,0.002,z_b > z_a,log(1 + exp(-(z_b - z_a)))
90,ADJACENT_STRICT_PBE_ORDER_V1,1.0,147,148,1889,262,current-nlr-pbe-gw-v1:composition:6ec2f9050ff1e0afb06146e22ec4af2fdda4c9ac7c53252fc563eb18239f5be5,current-nlr-pbe-gw-v1:composition:22f9ec4fa323bebdb915050aefdf84720cb068990be94d4dcf0c10fe30a81283,Nb5 O16 Sr5,Ba Ir O3,0.224,0.227,0.003,z_b > z_a,log(1 + exp(-(z_b - z_a)))
91,ADJACENT_STRICT_PBE_ORDER_V1,1.0,148,149,262,422,current-nlr-pbe-gw-v1:composition:22f9ec4fa323bebdb915050aefdf84720cb068990be94d4dcf0c10fe30a81283,current-nlr-pbe-gw-v1:composition:2f4d8e9c42bc2f4d99e8925b97b08e37a21434fafc6eed4d6eb3e4486af71d31,Ba Ir O3,Ba3 Fe O5,0.227,0.228,0.001,z_b > z_a,log(1 + exp(-(z_b - z_a)))
92,ADJACENT_STRICT_PBE_ORDER_V1,1.0,150,151,25,191,current-nlr-pbe-gw-v1:composition:6a1b03159e3d68d7e9cc6358366a023609861eb824ce7dada9d0bb6f2f976fa2,current-nlr-pbe-gw-v1:composition:706ee8d2697a446a8e76e391cfb7ca3560ffe2a6ad4983a9cfcf33b16676015e,Ag O,Au O Rb3,0.228,0.23,0.002,z_b > z_a,log(1 + exp(-(z_b - z_a)))
93,ADJACENT_STRICT_PBE_ORDER_V1,1.0,152,153,1071,632,current-nlr-pbe-gw-v1:composition:f91e7341458f0fa3e9a6aed156d252cb0b433ac86f2c80cabbfe39e2c5aa869a,current-nlr-pbe-gw-v1:composition:36728caab778a44b8b885b804e29c606a7fb9a92f64c6fea38504e455c707425,Fe2 K9 O8,Ca3 O Si,0.23,0.231,0.001,z_b > z_a,log(1 + exp(-(z_b - z_a)))
94,ADJACENT_STRICT_PBE_ORDER_V1,1.0,153,154,632,623,current-nlr-pbe-gw-v1:composition:36728caab778a44b8b885b804e29c606a7fb9a92f64c6fea38504e455c707425,current-nlr-pbe-gw-v1:composition:541550a98039b5b1ea145b73ee19e66ba00c698a5a61a134df05af458f744e5c,Ca3 O Si,Ca3 Ge O,0.231,0.232,0.001,z_b > z_a,log(1 + exp(-(z_b - z_a)))
95,ADJACENT_STRICT_PBE_ORDER_V1,1.0,154,155,623,311,current-nlr-pbe-gw-v1:composition:541550a98039b5b1ea145b73ee19e66ba00c698a5a61a134df05af458f744e5c,current-nlr-pbe-gw-v1:composition:c1205ba35ce9919011e1b20a40aac475fafc2fa407fab24b54a412efab3d4433,Ca3 Ge O,Ba O3 Pb,0.232,0.235,0.003,z_b > z_a,log(1 + exp(-(z_b - z_a)))
96,ADJACENT_STRICT_PBE_ORDER_V1,1.0,155,156,311,1266,current-nlr-pbe-gw-v1:composition:c1205ba35ce9919011e1b20a40aac475fafc2fa407fab24b54a412efab3d4433,current-nlr-pbe-gw-v1:composition:903b95a1041edabadbb06e690608bd85e4cd7714c472df25b06c27907add44e1,Ba O3 Pb,Hg O2,0.235,0.236,0.001,z_b > z_a,log(1 + exp(-(z_b - z_a)))
97,ADJACENT_STRICT_PBE_ORDER_V1,1.0,156,157,1266,7,current-nlr-pbe-gw-v1:composition:903b95a1041edabadbb06e690608bd85e4cd7714c472df25b06c27907add44e1,current-nlr-pbe-gw-v1:composition:e1c2b46de9d5d0f1d29762a169721a14c32c44cc674196557f95d8c22f34df5f,Hg O2,Ag Cu O2,0.236,0.238,0.002,z_b > z_a,log(1 + exp(-(z_b - z_a)))
98,ADJACENT_STRICT_PBE_ORDER_V1,1.0,157,158,7,431,current-nlr-pbe-gw-v1:composition:e1c2b46de9d5d0f1d29762a169721a14c32c44cc674196557f95d8c22f34df5f,current-nlr-pbe-gw-v1:composition:7cab3afb31f98b40e311d19d5197aa9600f1f9c5af6fa4f549c4e2b409f60846,Ag Cu O2,Ba3 Ir2 Na O9,0.238,0.239,0.001,z_b > z_a,log(1 + exp(-(z_b - z_a)))
99,ADJACENT_STRICT_PBE_ORDER_V1,1.0,158,159,431,377,current-nlr-pbe-gw-v1:composition:7cab3afb31f98b40e311d19d5197aa9600f1f9c5af6fa4f549c4e2b409f60846,current-nlr-pbe-gw-v1:composition:2867465d9776f3ce0825c85bd612e06b4126208af7b3bbee7937377d93dcf5f8,Ba3 Ir2 Na O9,Ba2 Ir3 O9,0.239,0.241,0.002,z_b > z_a,log(1 + exp(-(z_b - z_a)))
100,ADJACENT_STRICT_PBE_ORDER_V1,1.0,160,161,1926,949,current-nlr-pbe-gw-v1:composition:9e0a98f1ad78301737ece547c76bca46f0acd1e75860d9ab7a1f86f77ab2262d,current-nlr-pbe-gw-v1:composition:5a7ad3ac1ea60520d5de8adbc5e880f360d086e0a8046a00f0717f0f2a75d32e,O Sn,Cu2 La O4,0.241,0.242,0.001,z_b > z_a,log(1 + exp(-(z_b - z_a)))
101,ADJACENT_STRICT_PBE_ORDER_V1,1.0,161,162,949,1644,current-nlr-pbe-gw-v1:composition:5a7ad3ac1ea60520d5de8adbc5e880f360d086e0a8046a00f0717f0f2a75d32e,current-nlr-pbe-gw-v1:composition:268ab60b93b3f19bdc5011f074857c2f19000fc09f061e7155f392440b74f9cd,Cu2 La O4,Mn2 Ni O4,0.242,0.245,0.003,z_b > z_a,log(1 + exp(-(z_b - z_a)))
102,ADJACENT_STRICT_PBE_ORDER_V1,1.0,162,163,1644,1219,current-nlr-pbe-gw-v1:composition:268ab60b93b3f19bdc5011f074857c2f19000fc09f061e7155f392440b74f9cd,current-nlr-pbe-gw-v1:composition:984712fd5ae66c870d28442dc79471b0de00337296706b85ba6ecfb037b52e01,Mn2 Ni O4,Ge2 Na O6 V,0.245,0.246,0.001,z_b > z_a,log(1 + exp(-(z_b - z_a)))
103,ADJACENT_STRICT_PBE_ORDER_V1,1.0,163,164,1219,637,current-nlr-pbe-gw-v1:composition:984712fd5ae66c870d28442dc79471b0de00337296706b85ba6ecfb037b52e01,current-nlr-pbe-gw-v1:composition:2a11ba7b49319503248ea02a17ade2652046e950a84f98e858954504ad29f765,Ge2 Na O6 V,Ca3 O7 Ru2,0.246,0.247,0.001,z_b > z_a,log(1 + exp(-(z_b - z_a)))
104,ADJACENT_STRICT_PBE_ORDER_V1,1.0,164,165,637,950,current-nlr-pbe-gw-v1:composition:2a11ba7b49319503248ea02a17ade2652046e950a84f98e858954504ad29f765,current-nlr-pbe-gw-v1:composition:82c3d68a37a119d81ce10787e1ff123430c5fa237b92b5185c5e3f810364cb87,Ca3 O7 Ru2,Cu2 La2 O5,0.247,0.252,0.005,z_b > z_a,log(1 + exp(-(z_b - z_a)))
105,ADJACENT_STRICT_PBE_ORDER_V1,1.0,165,166,950,2036,current-nlr-pbe-gw-v1:composition:82c3d68a37a119d81ce10787e1ff123430c5fa237b92b5185c5e3f810364cb87,current-nlr-pbe-gw-v1:composition:0e9b8899cfd8c9f24c15d00892f486e8d77e34fadf5bc70f9c522dcde5a0f6ec,Cu2 La2 O5,O4 Ru Sr2,0.252,0.256,0.004,z_b > z_a,log(1 + exp(-(z_b - z_a)))
106,ADJACENT_STRICT_PBE_ORDER_V1,1.0,168,169,1344,1060,current-nlr-pbe-gw-v1:composition:c29f5a2a25cd10a78d60b741ac3a68c47d2081be15d7d3cf218040f2162754fc,current-nlr-pbe-gw-v1:composition:6ad52a248b878799fc837ce360b4a12be1c7475d17763a0c27da9090f93a461d,Ir3 La3 O11,Fe12 La O19,0.256,0.257,0.001,z_b > z_a,log(1 + exp(-(z_b - z_a)))
107,ADJACENT_STRICT_PBE_ORDER_V1,1.0,169,170,1060,901,current-nlr-pbe-gw-v1:composition:6ad52a248b878799fc837ce360b4a12be1c7475d17763a0c27da9090f93a461d,current-nlr-pbe-gw-v1:composition:ff90d32ab3e0dd95face9e6043204bc3259275d656893b5ce21cbc2ed759982a,Fe12 La O19,Cu La2 O4,0.257,0.259,0.002,z_b > z_a,log(1 + exp(-(z_b - z_a)))
108,ADJACENT_STRICT_PBE_ORDER_V1,1.0,170,171,901,573,current-nlr-pbe-gw-v1:composition:ff90d32ab3e0dd95face9e6043204bc3259275d656893b5ce21cbc2ed759982a,current-nlr-pbe-gw-v1:composition:bddf29b8be02e2c08c1506b82c6eb495afc2aa0f2ab7c74ae4ebf5e498ddc1da,Cu La2 O4,Ca O4 Ti2,0.259,0.26,0.001,z_b > z_a,log(1 + exp(-(z_b - z_a)))
109,ADJACENT_STRICT_PBE_ORDER_V1,1.0,171,172,573,1512,current-nlr-pbe-gw-v1:composition:bddf29b8be02e2c08c1506b82c6eb495afc2aa0f2ab7c74ae4ebf5e498ddc1da,current-nlr-pbe-gw-v1:composition:063c9f71b742bde42a6310469a040ea6ec6b42ba63e43ddadf4c86b641a19ad3,Ca O4 Ti2,La2 Mo2 O7,0.26,0.265,0.005,z_b > z_a,log(1 + exp(-(z_b - z_a)))
110,ADJACENT_STRICT_PBE_ORDER_V1,1.0,172,173,1512,1265,current-nlr-pbe-gw-v1:composition:063c9f71b742bde42a6310469a040ea6ec6b42ba63e43ddadf4c86b641a19ad3,current-nlr-pbe-gw-v1:composition:51df6bf8888f15702b1a845251a6ac2003120a6abf69cf4d5596e2019c28c1c0,La2 Mo2 O7,Hg O10 V4,0.265,0.27,0.005,z_b > z_a,log(1 + exp(-(z_b - z_a)))
111,ADJACENT_STRICT_PBE_ORDER_V1,1.0,173,174,1265,357,current-nlr-pbe-gw-v1:composition:51df6bf8888f15702b1a845251a6ac2003120a6abf69cf4d5596e2019c28c1c0,current-nlr-pbe-gw-v1:composition:e46f881e09b99b748af4b48a63c01e58e7a1e935f6c27e68bfdba372c2d8e9d4,Hg O10 V4,Ba2 Cu3 O6,0.27,0.288,0.018,z_b > z_a,log(1 + exp(-(z_b - z_a)))
112,ADJACENT_STRICT_PBE_ORDER_V1,1.0,174,175,357,1455,current-nlr-pbe-gw-v1:composition:e46f881e09b99b748af4b48a63c01e58e7a1e935f6c27e68bfdba372c2d8e9d4,current-nlr-pbe-gw-v1:composition:5eaf1f09467f6492651cb932324ed6758e33f1f4b9832d3af4e0a820b267744a,Ba2 Cu3 O6,K3 Ni2 O4,0.288,0.29,0.002,z_b > z_a,log(1 + exp(-(z_b - z_a)))
113,ADJACENT_STRICT_PBE_ORDER_V1,1.0,175,176,1455,1953,current-nlr-pbe-gw-v1:composition:5eaf1f09467f6492651cb932324ed6758e33f1f4b9832d3af4e0a820b267744a,current-nlr-pbe-gw-v1:composition:5f3cad86c006a7be6e0964c0d0d354b755295b75b5c05e64b1153631b9c62727,K3 Ni2 O4,O15 Rh5 Sr6,0.29,0.291,0.001,z_b > z_a,log(1 + exp(-(z_b - z_a)))
114,ADJACENT_STRICT_PBE_ORDER_V1,1.0,176,177,1953,1076,current-nlr-pbe-gw-v1:composition:5f3cad86c006a7be6e0964c0d0d354b755295b75b5c05e64b1153631b9c62727,current-nlr-pbe-gw-v1:composition:c02882099c2e50da652ab20ba60d2fa5241eb380e7f3fde92355c1bc341d74b7,O15 Rh5 Sr6,Fe2 Mo3 Na O12,0.291,0.293,0.002,z_b > z_a,log(1 + exp(-(z_b - z_a)))
115,ADJACENT_STRICT_PBE_ORDER_V1,1.0,177,178,1076,1552,current-nlr-pbe-gw-v1:composition:c02882099c2e50da652ab20ba60d2fa5241eb380e7f3fde92355c1bc341d74b7,current-nlr-pbe-gw-v1:composition:da60b4d521943a601736f30619cd3374e9212b90fce1b53589c5e1d5cc4fcd5a,Fe2 Mo3 Na O12,Li Mn2 O4,0.293,0.294,0.001,z_b > z_a,log(1 + exp(-(z_b - z_a)))
116,ADJACENT_STRICT_PBE_ORDER_V1,1.0,178,179,1552,1736,current-nlr-pbe-gw-v1:composition:da60b4d521943a601736f30619cd3374e9212b90fce1b53589c5e1d5cc4fcd5a,current-nlr-pbe-gw-v1:composition:76fece2dc6697e72be5cded6a7010dafc213df2f0018bd8c337aefad96c371b8,Li Mn2 O4,N2 O Pb2,0.294,0.296,0.002,z_b > z_a,log(1 + exp(-(z_b - z_a)))
117,ADJACENT_STRICT_PBE_ORDER_V1,1.0,179,180,1736,1081,current-nlr-pbe-gw-v1:composition:76fece2dc6697e72be5cded6a7010dafc213df2f0018bd8c337aefad96c371b8,current-nlr-pbe-gw-v1:composition:7b30cb4bb8e3e908f4f5b40579ffcf0c03ee21d5b7f2b543a228493fd09c1ce0,N2 O Pb2,Fe2 Mo5 Na3 O16,0.296,0.297,0.001,z_b > z_a,log(1 + exp(-(z_b - z_a)))
118,ADJACENT_STRICT_PBE_ORDER_V1,1.0,180,181,1081,12,current-nlr-pbe-gw-v1:composition:7b30cb4bb8e3e908f4f5b40579ffcf0c03ee21d5b7f2b543a228493fd09c1ce0,current-nlr-pbe-gw-v1:composition:ad45f43d2f73c9dfadb5f4bba1ac4af61e77719dff1982a55db5ab15abfad0a6,Fe2 Mo5 Na3 O16,Ag Fe2 Mo3 O12,0.297,0.299,0.002,z_b > z_a,log(1 + exp(-(z_b - z_a)))
119,ADJACENT_STRICT_PBE_ORDER_V1,1.0,181,182,12,987,current-nlr-pbe-gw-v1:composition:ad45f43d2f73c9dfadb5f4bba1ac4af61e77719dff1982a55db5ab15abfad0a6,current-nlr-pbe-gw-v1:composition:92b27099d587f40a0cfb419fed0d9f6e65f49eb8b9cb9ac3d00bf44e238e246b,Ag Fe2 Mo3 O12,Cu4 Na7 O8,0.299,0.301,0.002,z_b > z_a,log(1 + exp(-(z_b - z_a)))
120,ADJACENT_STRICT_PBE_ORDER_V1,1.0,182,183,987,2115,current-nlr-pbe-gw-v1:composition:92b27099d587f40a0cfb419fed0d9f6e65f49eb8b9cb9ac3d00bf44e238e246b,current-nlr-pbe-gw-v1:composition:5be8b6a01b6d5d00427d81bba66a65ec214e7d1e35d695696a64933e3ac508c0,Cu4 Na7 O8,O7 Sr3 V2,0.301,0.304,0.003,z_b > z_a,log(1 + exp(-(z_b - z_a)))
121,ADJACENT_STRICT_PBE_ORDER_V1,1.0,183,184,2115,224,current-nlr-pbe-gw-v1:composition:5be8b6a01b6d5d00427d81bba66a65ec214e7d1e35d695696a64933e3ac508c0,current-nlr-pbe-gw-v1:composition:c0493b31690f7cbf1e04f67292dc5c7ccea6dcc99523ebe999e05938ddf7b1c9,O7 Sr3 V2,Ba Cr10 O15,0.304,0.305,0.001,z_b > z_a,log(1 + exp(-(z_b - z_a)))
122,ADJACENT_STRICT_PBE_ORDER_V1,1.0,185,186,362,612,current-nlr-pbe-gw-v1:composition:d0688763ad0254c6846601cefed28cab7d32f9d7616a5561a631b71c371db5d4,current-nlr-pbe-gw-v1:composition:9a8372668e0a23acb0b7454e2533ca6552a3f38fac2b2553c0994ea331f92e97,Ba2 Fe Mo O6,Ca2 O7 Ru2,0.305,0.306,0.001,z_b > z_a,log(1 + exp(-(z_b - z_a)))
123,ADJACENT_STRICT_PBE_ORDER_V1,1.0,186,187,612,42,current-nlr-pbe-gw-v1:composition:9a8372668e0a23acb0b7454e2533ca6552a3f38fac2b2553c0994ea331f92e97,current-nlr-pbe-gw-v1:composition:f183523e094377afb7535eab7311305dc0ccf255c0ef474e92c7a75b03708c03,Ca2 O7 Ru2,Ag2 Mn O4,0.306,0.309,0.003,z_b > z_a,log(1 + exp(-(z_b - z_a)))
124,ADJACENT_STRICT_PBE_ORDER_V1,1.0,187,188,42,1605,current-nlr-pbe-gw-v1:composition:f183523e094377afb7535eab7311305dc0ccf255c0ef474e92c7a75b03708c03,current-nlr-pbe-gw-v1:composition:3db5a23af6c5324d83e34e935e724228b23606fefa20add28239454826f345a9,Ag2 Mn O4,Mn Nb O6 Sr2,0.309,0.311,0.002,z_b > z_a,log(1 + exp(-(z_b - z_a)))
125,ADJACENT_STRICT_PBE_ORDER_V1,1.0,188,189,1605,524,current-nlr-pbe-gw-v1:composition:3db5a23af6c5324d83e34e935e724228b23606fefa20add28239454826f345a9,current-nlr-pbe-gw-v1:composition:a70e13133c8933117329f8beb00f5cab922493344ba4292b24e54aa84e85fd66,Mn Nb O6 Sr2,Ca Cu2 O3,0.311,0.312,0.001,z_b > z_a,log(1 + exp(-(z_b - z_a)))
126,ADJACENT_STRICT_PBE_ORDER_V1,1.0,189,190,524,243,current-nlr-pbe-gw-v1:composition:a70e13133c8933117329f8beb00f5cab922493344ba4292b24e54aa84e85fd66,current-nlr-pbe-gw-v1:composition:6da689aeae2d7a2354604a41d4882005e800534de0e7af08bce62094cbd788e2,Ca Cu2 O3,Ba Fe18 O27,0.312,0.317,0.005,z_b > z_a,log(1 + exp(-(z_b - z_a)))
127,ADJACENT_STRICT_PBE_ORDER_V1,1.0,191,192,991,714,current-nlr-pbe-gw-v1:composition:7741827455d53c724ba421a78ad81b2df4708afb19e6df9a30d43806f239b2ca,current-nlr-pbe-gw-v1:composition:b80e6869c5112317c3cc6a3531c788ebfacce41b2eba390fe7aca06021fabaa5,Cu5 Na8 O10,Co Cu2 O3,0.317,0.319,0.002,z_b > z_a,log(1 + exp(-(z_b - z_a)))
128,ADJACENT_STRICT_PBE_ORDER_V1,1.0,192,193,714,1684,current-nlr-pbe-gw-v1:composition:b80e6869c5112317c3cc6a3531c788ebfacce41b2eba390fe7aca06021fabaa5,current-nlr-pbe-gw-v1:composition:042547014d4e791c5851066b4aa2a3451aafcf293476352900ce43faeff870fa,Co Cu2 O3,Mo O2,0.319,0.322,0.003,z_b > z_a,log(1 + exp(-(z_b - z_a)))
129,ADJACENT_STRICT_PBE_ORDER_V1,1.0,195,196,1001,1338,current-nlr-pbe-gw-v1:composition:ff101273e6c4c1939cdfc6880c15f2fa04ab618e9481dd24377e60e4b2c88850,current-nlr-pbe-gw-v1:composition:0312d3a73606492eb6982dd1018877dfba0be1990f8b6980d4b707b0c573d576,Cu7 La8 O19,Ir O3 Sr,0.322,0.332,0.010,z_b > z_a,log(1 + exp(-(z_b - z_a)))
130,ADJACENT_STRICT_PBE_ORDER_V1,1.0,197,198,1956,1689,current-nlr-pbe-gw-v1:composition:be57e73b382edadd5b8cbc045104b634ac487f29c8fbb6c52b2ebe9b23fcb915,current-nlr-pbe-gw-v1:composition:f5486713b9d42175367e91e0a9f8471c3e58fc35c656005a74820710d9d38b38,O16 V13,Mo O4 Sr2,0.332,0.334,0.002,z_b > z_a,log(1 + exp(-(z_b - z_a)))
131,ADJACENT_STRICT_PBE_ORDER_V1,1.0,198,199,1689,1747,current-nlr-pbe-gw-v1:composition:f5486713b9d42175367e91e0a9f8471c3e58fc35c656005a74820710d9d38b38,current-nlr-pbe-gw-v1:composition:2b039fd3d7d42c02bb13c985770905ea3dd62f3e348c336562e38c4e844ddcf7,Mo O4 Sr2,N31 O Zn48,0.334,0.343,0.009,z_b > z_a,log(1 + exp(-(z_b - z_a)))
132,ADJACENT_STRICT_PBE_ORDER_V1,1.0,199,200,1747,840,current-nlr-pbe-gw-v1:composition:2b039fd3d7d42c02bb13c985770905ea3dd62f3e348c336562e38c4e844ddcf7,current-nlr-pbe-gw-v1:composition:b9d69b9cf528139aa77b278208f9c702c43bb807c2bf8bb24829af26be3f9b4a,N31 O Zn48,Cr10 O15 Sr,0.343,0.345,0.002,z_b > z_a,log(1 + exp(-(z_b - z_a)))
133,ADJACENT_STRICT_PBE_ORDER_V1,1.0,200,201,840,752,current-nlr-pbe-gw-v1:composition:b9d69b9cf528139aa77b278208f9c702c43bb807c2bf8bb24829af26be3f9b4a,current-nlr-pbe-gw-v1:composition:e136c163398b817c6a2f932ca81d18ebf54e572cca57e52800195922038497be,Cr10 O15 Sr,Co O3 Sr,0.345,0.346,0.001,z_b > z_a,log(1 + exp(-(z_b - z_a)))
134,ADJACENT_STRICT_PBE_ORDER_V1,1.0,201,202,752,883,current-nlr-pbe-gw-v1:composition:e136c163398b817c6a2f932ca81d18ebf54e572cca57e52800195922038497be,current-nlr-pbe-gw-v1:composition:bd05d99fde6019df541a9d2dd4787935de0b52b95bdf75ab2f81f69c95fc8c70,Co O3 Sr,Cr7 N4 O8,0.346,0.352,0.006,z_b > z_a,log(1 + exp(-(z_b - z_a)))
135,ADJACENT_STRICT_PBE_ORDER_V1,1.0,202,203,883,1638,current-nlr-pbe-gw-v1:composition:bd05d99fde6019df541a9d2dd4787935de0b52b95bdf75ab2f81f69c95fc8c70,current-nlr-pbe-gw-v1:composition:a494ea3cb674f37672dd26976508169be847be606191b80b4502a17dab6139f6,Cr7 N4 O8,Mn2 Na O4,0.352,0.353,0.001,z_b > z_a,log(1 + exp(-(z_b - z_a)))
136,ADJACENT_STRICT_PBE_ORDER_V1,1.0,203,204,1638,1675,current-nlr-pbe-gw-v1:composition:a494ea3cb674f37672dd26976508169be847be606191b80b4502a17dab6139f6,current-nlr-pbe-gw-v1:composition:d8bd107dfa696a7d25b93d6cde0203aa1b25323afac18069b2ecf9254e10670e,Mn2 Na O4,Mn7 O12 Si,0.353,0.356,0.003,z_b > z_a,log(1 + exp(-(z_b - z_a)))
137,ADJACENT_STRICT_PBE_ORDER_V1,1.0,204,205,1675,1271,current-nlr-pbe-gw-v1:composition:d8bd107dfa696a7d25b93d6cde0203aa1b25323afac18069b2ecf9254e10670e,current-nlr-pbe-gw-v1:composition:75449eea3b4ae2e6e936b5e401a249869b8e608ec85a92825612580ac9c17be6,Mn7 O12 Si,Hg O4 V2,0.356,0.357,0.001,z_b > z_a,log(1 + exp(-(z_b - z_a)))
138,ADJACENT_STRICT_PBE_ORDER_V1,1.0,205,206,1271,51,current-nlr-pbe-gw-v1:composition:75449eea3b4ae2e6e936b5e401a249869b8e608ec85a92825612580ac9c17be6,current-nlr-pbe-gw-v1:composition:73fdfda690a0a713e950af61f1400c679b44630ecf9ecb64b136f2916ad63a53,Hg O4 V2,Ag2 O2 Pd,0.357,0.359,0.002,z_b > z_a,log(1 + exp(-(z_b - z_a)))
139,ADJACENT_STRICT_PBE_ORDER_V1,1.0,206,207,51,1630,current-nlr-pbe-gw-v1:composition:73fdfda690a0a713e950af61f1400c679b44630ecf9ecb64b136f2916ad63a53,current-nlr-pbe-gw-v1:composition:c723416c7f742b681ffb8b48510cf1ce479486cad8821999e8d0f9c67b13c1b5,Ag2 O2 Pd,Mn O6 Pt3,0.359,0.361,0.002,z_b > z_a,log(1 + exp(-(z_b - z_a)))
140,ADJACENT_STRICT_PBE_ORDER_V1,1.0,207,208,1630,1457,current-nlr-pbe-gw-v1:composition:c723416c7f742b681ffb8b48510cf1ce479486cad8821999e8d0f9c67b13c1b5,current-nlr-pbe-gw-v1:composition:0cec90cfaf02bd68dff52be0252b894659352e7af979b1072f92c4537a91c593,Mn O6 Pt3,K3 O4 Pt2,0.361,0.367,0.006,z_b > z_a,log(1 + exp(-(z_b - z_a)))
141,ADJACENT_STRICT_PBE_ORDER_V1,1.0,208,209,1457,389,current-nlr-pbe-gw-v1:composition:0cec90cfaf02bd68dff52be0252b894659352e7af979b1072f92c4537a91c593,current-nlr-pbe-gw-v1:composition:bf42d879ef3b6c83549ae32f786151323c0f986eb28d514d46696cd3d8622ed5,K3 O4 Pt2,Ba2 Na Ni3 O6,0.367,0.374,0.007,z_b > z_a,log(1 + exp(-(z_b - z_a)))
142,ADJACENT_STRICT_PBE_ORDER_V1,1.0,209,210,389,1764,current-nlr-pbe-gw-v1:composition:bf42d879ef3b6c83549ae32f786151323c0f986eb28d514d46696cd3d8622ed5,current-nlr-pbe-gw-v1:composition:99b1d0a95e642c30805ee62c0202341dc5fbba0a7db29da4175ba4a802e74178,Ba2 Na Ni3 O6,Na Ni O2,0.374,0.375,0.001,z_b > z_a,log(1 + exp(-(z_b - z_a)))
143,ADJACENT_STRICT_PBE_ORDER_V1,1.0,210,211,1764,953,current-nlr-pbe-gw-v1:composition:99b1d0a95e642c30805ee62c0202341dc5fbba0a7db29da4175ba4a802e74178,current-nlr-pbe-gw-v1:composition:0c05192b01794968db5bf2b2da2a6903f904043da1f1a0e896bbb6d021880a77,Na Ni O2,Cu2 Mn3 O8,0.375,0.376,0.001,z_b > z_a,log(1 + exp(-(z_b - z_a)))
144,ADJACENT_STRICT_PBE_ORDER_V1,1.0,211,212,953,411,current-nlr-pbe-gw-v1:composition:0c05192b01794968db5bf2b2da2a6903f904043da1f1a0e896bbb6d021880a77,current-nlr-pbe-gw-v1:composition:d1d3ffc6ecc7513dc3c11f729fd449c544842941bc2f73b378306876794d4411,Cu2 Mn3 O8,Ba3 Ca Ir2 O9,0.376,0.378,0.002,z_b > z_a,log(1 + exp(-(z_b - z_a)))
145,ADJACENT_STRICT_PBE_ORDER_V1,1.0,213,214,1346,1380,current-nlr-pbe-gw-v1:composition:db28b019384e17364ddd0418985cb7b4cd7f3e4e4b3acd666cfda996d9d90636,current-nlr-pbe-gw-v1:composition:546d4ee472ec962224d7db1ca4eaf1f14eb0bb4f2d308bd2ee23e039fb32f950,Ir7 N4 O8,K O4 Ru,0.378,0.38,0.002,z_b > z_a,log(1 + exp(-(z_b - z_a)))
146,ADJACENT_STRICT_PBE_ORDER_V1,1.0,214,215,1380,425,current-nlr-pbe-gw-v1:composition:546d4ee472ec962224d7db1ca4eaf1f14eb0bb4f2d308bd2ee23e039fb32f950,current-nlr-pbe-gw-v1:composition:918ba008350805c9a15a8b0f7dd5cec766e9328d9a42ad647da866463300c001,K O4 Ru,Ba3 Ge O,0.38,0.382,0.002,z_b > z_a,log(1 + exp(-(z_b - z_a)))
147,ADJACENT_STRICT_PBE_ORDER_V1,1.0,215,216,425,1097,current-nlr-pbe-gw-v1:composition:918ba008350805c9a15a8b0f7dd5cec766e9328d9a42ad647da866463300c001,current-nlr-pbe-gw-v1:composition:427aae454e03a93d4f73938cdacdac082b69de9589754229c41ac294a6b38469,Ba3 Ge O,Fe2 O6 Sr3,0.382,0.388,0.006,z_b > z_a,log(1 + exp(-(z_b - z_a)))
148,ADJACENT_STRICT_PBE_ORDER_V1,1.0,217,218,1717,315,current-nlr-pbe-gw-v1:composition:789cded3f6205d36e609ce4a0acf6cf9eecac6567c3dc7b0bc89a6ba4d781f95,current-nlr-pbe-gw-v1:composition:edc981c9299daf03ef149e162220d52662328a3e13acd0a0b3457a0ddcfcf535,Mo4 O11 Y4,Ba O3 Sn,0.388,0.395,0.007,z_b > z_a,log(1 + exp(-(z_b - z_a)))
149,ADJACENT_STRICT_PBE_ORDER_V1,1.0,218,219,315,624,current-nlr-pbe-gw-v1:composition:edc981c9299daf03ef149e162220d52662328a3e13acd0a0b3457a0ddcfcf535,current-nlr-pbe-gw-v1:composition:ce9114c8e99c882bb467ff85c1999fc130f1962367816166b72e1042e664c10b,Ba O3 Sn,Ca3 Ge O2,0.395,0.397,0.002,z_b > z_a,log(1 + exp(-(z_b - z_a)))
150,ADJACENT_STRICT_PBE_ORDER_V1,1.0,220,221,553,1725,current-nlr-pbe-gw-v1:composition:e01ab0fb36e904c5bdba73010876ecd8ec9cbb87b05e92862eefaf147b539c58,current-nlr-pbe-gw-v1:composition:515168a57af33c9d0f2e7ceab5ebbb0ddf4e8b1af0d6c9906af38a1f2eb816ab,Ca Mo5 O8,Mo9 O26,0.397,0.401,0.004,z_b > z_a,log(1 + exp(-(z_b - z_a)))
151,ADJACENT_STRICT_PBE_ORDER_V1,1.0,222,223,374,487,current-nlr-pbe-gw-v1:composition:f3a91c68347914522e5a0626e8c4ce86044f27a10372b3e551fc75161002aadd,current-nlr-pbe-gw-v1:composition:5eca39bd28525d479a1455d7446e6a5f90216dca67cfab3c89f0995f7b074fae,Ba2 Ir O6 Sc,Ba7 Ir6 O19,0.401,0.402,0.001,z_b > z_a,log(1 + exp(-(z_b - z_a)))
152,ADJACENT_STRICT_PBE_ORDER_V1,1.0,224,225,2016,574,current-nlr-pbe-gw-v1:composition:8ce73a8b4a35a3fdac37e4f90490848ff853a162839df1464560383e9a21c2e3,current-nlr-pbe-gw-v1:composition:2797c7acd9134c4a08445b9ca93a8cf63834f04033cf67c6221c5b27f3c8cd82,O3 V16,Ca O4 V2,0.402,0.41,0.008,z_b > z_a,log(1 + exp(-(z_b - z_a)))
153,ADJACENT_STRICT_PBE_ORDER_V1,1.0,225,226,574,1550,current-nlr-pbe-gw-v1:composition:2797c7acd9134c4a08445b9ca93a8cf63834f04033cf67c6221c5b27f3c8cd82,current-nlr-pbe-gw-v1:composition:cdf81746820f99e4e1fb2bfe4a6ceacf94fd62af67e19e4b50f0ffd5d94b094c,Ca O4 V2,La8 Ni4 O17,0.41,0.411,0.001,z_b > z_a,log(1 + exp(-(z_b - z_a)))
154,ADJACENT_STRICT_PBE_ORDER_V1,1.0,226,227,1550,359,current-nlr-pbe-gw-v1:composition:cdf81746820f99e4e1fb2bfe4a6ceacf94fd62af67e19e4b50f0ffd5d94b094c,current-nlr-pbe-gw-v1:composition:195fe9aae58c5e3aeb9940229cbb620fb3f7187ad2d9f4d75574ae42439eedab,La8 Ni4 O17,Ba2 Cu3 O8 Pb2 Y,0.411,0.413,0.002,z_b > z_a,log(1 + exp(-(z_b - z_a)))
155,ADJACENT_STRICT_PBE_ORDER_V1,1.0,227,228,359,365,current-nlr-pbe-gw-v1:composition:195fe9aae58c5e3aeb9940229cbb620fb3f7187ad2d9f4d75574ae42439eedab,current-nlr-pbe-gw-v1:composition:12a388b5e6e77efe0c94d2ede40c2389549426e5cdee64cdd1fce44577b179d9,Ba2 Cu3 O8 Pb2 Y,Ba2 Fe2 O5,0.413,0.414,0.001,z_b > z_a,log(1 + exp(-(z_b - z_a)))
156,ADJACENT_STRICT_PBE_ORDER_V1,1.0,228,229,365,691,current-nlr-pbe-gw-v1:composition:12a388b5e6e77efe0c94d2ede40c2389549426e5cdee64cdd1fce44577b179d9,current-nlr-pbe-gw-v1:composition:d34ce30b7a9cc6c5f912e4d12461effb7f2c00667d371945bb88cc0c75cdca63,Ba2 Fe2 O5,Cd2 O4 Sn,0.414,0.416,0.002,z_b > z_a,log(1 + exp(-(z_b - z_a)))
157,ADJACENT_STRICT_PBE_ORDER_V1,1.0,229,230,691,1329,current-nlr-pbe-gw-v1:composition:d34ce30b7a9cc6c5f912e4d12461effb7f2c00667d371945bb88cc0c75cdca63,current-nlr-pbe-gw-v1:composition:fd862a0782b0403b206f639df42b21ee5f8cf938978c78682882bac8457929b9,Cd2 O4 Sn,Ir La3 O7,0.416,0.419,0.003,z_b > z_a,log(1 + exp(-(z_b - z_a)))
158,ADJACENT_STRICT_PBE_ORDER_V1,1.0,230,231,1329,1392,current-nlr-pbe-gw-v1:composition:fd862a0782b0403b206f639df42b21ee5f8cf938978c78682882bac8457929b9,current-nlr-pbe-gw-v1:composition:7918320781faf78031617e7d00e1c68a7ce604d11d3e44ae4a3050b1edeb1221,Ir La3 O7,K2 Mn O4,0.419,0.424,0.005,z_b > z_a,log(1 + exp(-(z_b - z_a)))
159,ADJACENT_STRICT_PBE_ORDER_V1,1.0,231,232,1392,1188,current-nlr-pbe-gw-v1:composition:7918320781faf78031617e7d00e1c68a7ce604d11d3e44ae4a3050b1edeb1221,current-nlr-pbe-gw-v1:composition:4a28092f78d6d96eec29726b64202ffcfc0ed7adf5127b667d5fea77596673d6,K2 Mn O4,Ge O Sr3,0.424,0.434,0.010,z_b > z_a,log(1 + exp(-(z_b - z_a)))
160,ADJACENT_STRICT_PBE_ORDER_V1,1.0,232,233,1188,2063,current-nlr-pbe-gw-v1:composition:4a28092f78d6d96eec29726b64202ffcfc0ed7adf5127b667d5fea77596673d6,current-nlr-pbe-gw-v1:composition:64ad867f1a1df0fe15fd01b303015da90c0b0a4a46214d321f46b6a441d8745b,Ge O Sr3,O5 Sb2,0.434,0.438,0.004,z_b > z_a,log(1 + exp(-(z_b - z_a)))
161,ADJACENT_STRICT_PBE_ORDER_V1,1.0,233,234,2063,1130,current-nlr-pbe-gw-v1:composition:64ad867f1a1df0fe15fd01b303015da90c0b0a4a46214d321f46b6a441d8745b,current-nlr-pbe-gw-v1:composition:e482b2ad26b0a1b8dc0420ff38b4239a200a189ffb3cf512083cbb68041dcddc,O5 Sb2,Ga Mg Mo4 O7,0.438,0.439,0.001,z_b > z_a,log(1 + exp(-(z_b - z_a)))
162,ADJACENT_STRICT_PBE_ORDER_V1,1.0,234,235,1130,872,current-nlr-pbe-gw-v1:composition:e482b2ad26b0a1b8dc0420ff38b4239a200a189ffb3cf512083cbb68041dcddc,current-nlr-pbe-gw-v1:composition:c13341bf7d4ead01ca5fddf4c0c5bf8591b24656f16b1be0726df668bf02816d,Ga Mg Mo4 O7,Cr3 In O8,0.439,0.44,0.001,z_b > z_a,log(1 + exp(-(z_b - z_a)))
163,ADJACENT_STRICT_PBE_ORDER_V1,1.0,235,236,872,414,current-nlr-pbe-gw-v1:composition:c13341bf7d4ead01ca5fddf4c0c5bf8591b24656f16b1be0726df668bf02816d,current-nlr-pbe-gw-v1:composition:e0d329104f26ea3ab3e84c08b883f480e1967d3e305d93d1a7373967a89c7afc,Cr3 In O8,Ba3 Co10 O17,0.44,0.443,0.003,z_b > z_a,log(1 + exp(-(z_b - z_a)))
164,ADJACENT_STRICT_PBE_ORDER_V1,1.0,236,237,414,491,current-nlr-pbe-gw-v1:composition:e0d329104f26ea3ab3e84c08b883f480e1967d3e305d93d1a7373967a89c7afc,current-nlr-pbe-gw-v1:composition:96bb10344e94ad46212736147b956e08fb94f84ddf285bf0b94226115d74edea,Ba3 Co10 O17,Ba9 O24 Rh8,0.443,0.448,0.005,z_b > z_a,log(1 + exp(-(z_b - z_a)))
165,ADJACENT_STRICT_PBE_ORDER_V1,1.0,238,239,339,877,current-nlr-pbe-gw-v1:composition:b9d665f7dd588c62d45de07cc5d2fb7bfe81973352ad4e6cdc733c8bf9209b39,current-nlr-pbe-gw-v1:composition:b935b2ef19e77f2ac8716796e7f3da293dd2ae3fd0be041949a094d60eca3eba,Ba2 Ca Ir O6,Cr3 O8,0.448,0.451,0.003,z_b > z_a,log(1 + exp(-(z_b - z_a)))
166,ADJACENT_STRICT_PBE_ORDER_V1,1.0,239,240,877,1168,current-nlr-pbe-gw-v1:composition:b935b2ef19e77f2ac8716796e7f3da293dd2ae3fd0be041949a094d60eca3eba,current-nlr-pbe-gw-v1:composition:ee0c9aebd2da788b1f6a7955a10407602ebbd1dd589dd1a35cd0b1ac055906f9,Cr3 O8,Ge In7 Ir O8,0.451,0.453,0.002,z_b > z_a,log(1 + exp(-(z_b - z_a)))
167,ADJACENT_STRICT_PBE_ORDER_V1,1.0,240,241,1168,1308,current-nlr-pbe-gw-v1:composition:ee0c9aebd2da788b1f6a7955a10407602ebbd1dd589dd1a35cd0b1ac055906f9,current-nlr-pbe-gw-v1:composition:49a5f8d538b56be7b01f633482286551c1228112cf7831bbff2d3387576e655e,Ge In7 Ir O8,In2 Ni O4,0.453,0.457,0.004,z_b > z_a,log(1 + exp(-(z_b - z_a)))
168,ADJACENT_STRICT_PBE_ORDER_V1,1.0,241,242,1308,465,current-nlr-pbe-gw-v1:composition:49a5f8d538b56be7b01f633482286551c1228112cf7831bbff2d3387576e655e,current-nlr-pbe-gw-v1:composition:8874ab2e7d7dd6873160f74db17839a337436d8580beee9f8669c4065e678041,In2 Ni O4,Ba4 In6 O13,0.457,0.458,0.001,z_b > z_a,log(1 + exp(-(z_b - z_a)))
169,ADJACENT_STRICT_PBE_ORDER_V1,1.0,243,244,1082,1103,current-nlr-pbe-gw-v1:composition:d8c7aeb47644a994029a7dda23f2df3014c9aca149ec8d2a35fabe9c5275f778,current-nlr-pbe-gw-v1:composition:9b898c3ee2669351566d997c7dfc4d701a71492ffab5909c16d72ecb180b2a7f,Fe2 N O,Fe3 Na O12 V3,0.458,0.459,0.001,z_b > z_a,log(1 + exp(-(z_b - z_a)))
170,ADJACENT_STRICT_PBE_ORDER_V1,1.0,245,246,433,1624,current-nlr-pbe-gw-v1:composition:b6442b243bef52e7f77f1c1b02e82484566424659aebc884e706ccdc09a15de7,current-nlr-pbe-gw-v1:composition:1a7e97fd9d8e09a8edd6452d766142acfc4e9748521174498fd6f38424637669,Ba3 Ir2 O9 Sr,Mn O4 Rb2,0.459,0.461,0.002,z_b > z_a,log(1 + exp(-(z_b - z_a)))
171,ADJACENT_STRICT_PBE_ORDER_V1,1.0,246,247,1624,1924,current-nlr-pbe-gw-v1:composition:1a7e97fd9d8e09a8edd6452d766142acfc4e9748521174498fd6f38424637669,current-nlr-pbe-gw-v1:composition:e603ddf349ab0319c6d1012ec1b5a340f0e4b814f2d946b29d40171057418d67,Mn O4 Rb2,O Si Sr3,0.461,0.463,0.002,z_b > z_a,log(1 + exp(-(z_b - z_a)))
172,ADJACENT_STRICT_PBE_ORDER_V1,1.0,247,248,1924,858,current-nlr-pbe-gw-v1:composition:e603ddf349ab0319c6d1012ec1b5a340f0e4b814f2d946b29d40171057418d67,current-nlr-pbe-gw-v1:composition:7a5b8c7491a3b28d4988dfd866e3364d635bed89cb01441618659a9725c5e819,O Si Sr3,Cr2 N O3,0.463,0.465,0.002,z_b > z_a,log(1 + exp(-(z_b - z_a)))
173,ADJACENT_STRICT_PBE_ORDER_V1,1.0,248,249,858,1673,current-nlr-pbe-gw-v1:composition:7a5b8c7491a3b28d4988dfd866e3364d635bed89cb01441618659a9725c5e819,current-nlr-pbe-gw-v1:composition:859005fbc9e192e3ae218469ddc89e2a8fe9ffe6b6d55bc8b544b1ea971dfd6d,Cr2 N O3,Mn5 O8,0.465,0.469,0.004,z_b > z_a,log(1 + exp(-(z_b - z_a)))
174,ADJACENT_STRICT_PBE_ORDER_V1,1.0,249,250,1673,948,current-nlr-pbe-gw-v1:composition:859005fbc9e192e3ae218469ddc89e2a8fe9ffe6b6d55bc8b544b1ea971dfd6d,current-nlr-pbe-gw-v1:composition:e9931b57f4d7264b455b1fccbc0f134456b88cff8c10b5d99c288a0cc85ecf34,Mn5 O8,Cu2 K3 O4,0.469,0.477,0.008,z_b > z_a,log(1 + exp(-(z_b - z_a)))
175,ADJACENT_STRICT_PBE_ORDER_V1,1.0,250,251,948,293,current-nlr-pbe-gw-v1:composition:e9931b57f4d7264b455b1fccbc0f134456b88cff8c10b5d99c288a0cc85ecf34,current-nlr-pbe-gw-v1:composition:19921e620e145fe714742239c0a080246b4d4f4467f8619a75efde3f05db5c96,Cu2 K3 O4,Ba Nb8 O14,0.477,0.479,0.002,z_b > z_a,log(1 + exp(-(z_b - z_a)))
176,ADJACENT_STRICT_PBE_ORDER_V1,1.0,252,253,1750,432,current-nlr-pbe-gw-v1:composition:3e9e4c8df2553a6e494c7ee993c2ddde6ccadd3c7811b0e7b0811dd989832398,current-nlr-pbe-gw-v1:composition:86fd914123590777dd4b06676678b3d446f4ae64bef88f3d5f71ebe0279ef5a2,N4 O8 Pt7,Ba3 Ir2 Ni O9,0.479,0.48,0.001,z_b > z_a,log(1 + exp(-(z_b - z_a)))
177,ADJACENT_STRICT_PBE_ORDER_V1,1.0,254,255,1445,2014,current-nlr-pbe-gw-v1:composition:e860e709dc35a874cbf510f0a88a0f16ab62dac241ee1ab7349dac68368d1974,current-nlr-pbe-gw-v1:composition:b4c90df4f7579f46ae65fda14facf6dfd328cf7764e8673790171fcbd2571878,K3 Mo14 O22,O3 Ti2,0.48,0.484,0.004,z_b > z_a,log(1 + exp(-(z_b - z_a)))
178,ADJACENT_STRICT_PBE_ORDER_V1,1.0,255,256,2014,434,current-nlr-pbe-gw-v1:composition:b4c90df4f7579f46ae65fda14facf6dfd328cf7764e8673790171fcbd2571878,current-nlr-pbe-gw-v1:composition:1e044796c2651b47de63df1129b3347bad23d2966af94215b5749d347ceca7a3,O3 Ti2,Ba3 Ir2 O9 Y,0.484,0.485,0.001,z_b > z_a,log(1 + exp(-(z_b - z_a)))
179,ADJACENT_STRICT_PBE_ORDER_V1,1.0,256,257,434,1935,current-nlr-pbe-gw-v1:composition:1e044796c2651b47de63df1129b3347bad23d2966af94215b5749d347ceca7a3,current-nlr-pbe-gw-v1:composition:f97893d1c4e7ddb55276ade14d6ed2c787ba17119ed7928337ed55a9e9cd2765,Ba3 Ir2 O9 Y,O10 Ru3 Sr4,0.485,0.487,0.002,z_b > z_a,log(1 + exp(-(z_b - z_a)))
180,ADJACENT_STRICT_PBE_ORDER_V1,1.0,257,258,1935,889,current-nlr-pbe-gw-v1:composition:f97893d1c4e7ddb55276ade14d6ed2c787ba17119ed7928337ed55a9e9cd2765,current-nlr-pbe-gw-v1:composition:013b2f365e173f61de380a2ab9cc316f47d427186d77e3816fa2e8f0446d7854,O10 Ru3 Sr4,Cu In O2,0.487,0.489,0.002,z_b > z_a,log(1 + exp(-(z_b - z_a)))
181,ADJACENT_STRICT_PBE_ORDER_V1,1.0,258,259,889,1601,current-nlr-pbe-gw-v1:composition:013b2f365e173f61de380a2ab9cc316f47d427186d77e3816fa2e8f0446d7854,current-nlr-pbe-gw-v1:composition:9ea159d854b4a0d337a5d9b1f4b946f4562b10fc3cc9179cf846cf0bac58a6b6,Cu In O2,Mn Na2 O4,0.489,0.493,0.004,z_b > z_a,log(1 + exp(-(z_b - z_a)))
182,ADJACENT_STRICT_PBE_ORDER_V1,1.0,259,260,1601,221,current-nlr-pbe-gw-v1:composition:9ea159d854b4a0d337a5d9b1f4b946f4562b10fc3cc9179cf846cf0bac58a6b6,current-nlr-pbe-gw-v1:composition:00204b517bbd9e7ee624fd5453c8c6d110ef7128c049015ced28e60735560902,Mn Na2 O4,Ba Co4 O8 Y,0.493,0.497,0.004,z_b > z_a,log(1 + exp(-(z_b - z_a)))
183,ADJACENT_STRICT_PBE_ORDER_V1,1.0,261,262,39,979,current-nlr-pbe-gw-v1:composition:48a91b9de100938047f409f472708ae45770b3f9219e15063de3020d5dee65d4,current-nlr-pbe-gw-v1:composition:366733fec4568f14f90d2adaf048989c0953b8077a11bd30f5e69b14cf425326,Ag2 Cu2 O3,Cu3 O12 Ru4 Sr,0.497,0.499,0.002,z_b > z_a,log(1 + exp(-(z_b - z_a)))
184,ADJACENT_STRICT_PBE_ORDER_V1,1.0,262,263,979,1676,current-nlr-pbe-gw-v1:composition:366733fec4568f14f90d2adaf048989c0953b8077a11bd30f5e69b14cf425326,current-nlr-pbe-gw-v1:composition:1a8398800d2a54f28445515eabcfa02e4da8f7ba784012c345d21398b9430780,Cu3 O12 Ru4 Sr,Mn7 O15 Pb3,0.499,0.5,0.001,z_b > z_a,log(1 + exp(-(z_b - z_a)))
185,ADJACENT_STRICT_PBE_ORDER_V1,1.0,264,265,1720,1672,current-nlr-pbe-gw-v1:composition:c15d453740d823e84fb9d0b237257de7d555fe99db186e4e9d07cb11ee097698,current-nlr-pbe-gw-v1:composition:0426c059066bb7e1bb55abc72e9cced5db129108d682e2ee678244886f793ad9,Mo5 O8 Sn,Mn5 O16 Pb3 V2,0.5,0.501,0.001,z_b > z_a,log(1 + exp(-(z_b - z_a)))
186,ADJACENT_STRICT_PBE_ORDER_V1,1.0,266,267,52,466,current-nlr-pbe-gw-v1:composition:a83999eacc33f26ba88adaccb0a9b019e08d5b36915e8b33da798c4e8c219a46,current-nlr-pbe-gw-v1:composition:bc317f76ed5d09430760ca1ecc764237432f481c1e58b2a36378d4c02ea28988,Ag2 O3,Ba4 Ir3 O10,0.501,0.502,0.001,z_b > z_a,log(1 + exp(-(z_b - z_a)))
187,ADJACENT_STRICT_PBE_ORDER_V1,1.0,267,268,466,775,current-nlr-pbe-gw-v1:composition:bc317f76ed5d09430760ca1ecc764237432f481c1e58b2a36378d4c02ea28988,current-nlr-pbe-gw-v1:composition:6651d1598e05df78fdc5107ed244db228e2bbf1f12afb23ad0297de1e74acc66,Ba4 Ir3 O10,Co2 Na7 O6,0.502,0.508,0.006,z_b > z_a,log(1 + exp(-(z_b - z_a)))
188,ADJACENT_STRICT_PBE_ORDER_V1,1.0,268,269,775,356,current-nlr-pbe-gw-v1:composition:6651d1598e05df78fdc5107ed244db228e2bbf1f12afb23ad0297de1e74acc66,current-nlr-pbe-gw-v1:composition:d356bc4f7db8597a1ebb3071dabb2d7684b95c89a6c6f311a80d66dde1ccaa23,Co2 Na7 O6,Ba2 Cu3 Na O6,0.508,0.51,0.002,z_b > z_a,log(1 + exp(-(z_b - z_a)))
189,ADJACENT_STRICT_PBE_ORDER_V1,1.0,269,270,356,684,current-nlr-pbe-gw-v1:composition:d356bc4f7db8597a1ebb3071dabb2d7684b95c89a6c6f311a80d66dde1ccaa23,current-nlr-pbe-gw-v1:composition:4ec1cdc117dd35c90b0caedcc9ee597a19b99e3d6a23db6d0e9d6cb0fbb7e7ac,Ba2 Cu3 Na O6,Cd2 Ir Na3 O6,0.51,0.512,0.002,z_b > z_a,log(1 + exp(-(z_b - z_a)))
190,ADJACENT_STRICT_PBE_ORDER_V1,1.0,270,271,684,879,current-nlr-pbe-gw-v1:composition:4ec1cdc117dd35c90b0caedcc9ee597a19b99e3d6a23db6d0e9d6cb0fbb7e7ac,current-nlr-pbe-gw-v1:composition:43f4cd02ad65fc03d52928f763ba5300838e012897e0ab627a3d60c7cdeb15f4,Cd2 Ir Na3 O6,Cr3 O9 Sr4,0.512,0.513,0.001,z_b > z_a,log(1 + exp(-(z_b - z_a)))
191,ADJACENT_STRICT_PBE_ORDER_V1,1.0,271,272,879,657,current-nlr-pbe-gw-v1:composition:43f4cd02ad65fc03d52928f763ba5300838e012897e0ab627a3d60c7cdeb15f4,current-nlr-pbe-gw-v1:composition:6b35fc8f36445edadff67f83bbde9625d2ab70e4678d6f98b12d4c90cb1a3658,Cr3 O9 Sr4,Cd Hg O2,0.513,0.523,0.010,z_b > z_a,log(1 + exp(-(z_b - z_a)))
192,ADJACENT_STRICT_PBE_ORDER_V1,1.0,272,273,657,237,current-nlr-pbe-gw-v1:composition:6b35fc8f36445edadff67f83bbde9625d2ab70e4678d6f98b12d4c90cb1a3658,current-nlr-pbe-gw-v1:composition:eab9e8b818c46186694800d28581eb14d06a24a7121a39603c7f773e9b2de92f,Cd Hg O2,Ba Cu5 La4 O12,0.523,0.524,0.001,z_b > z_a,log(1 + exp(-(z_b - z_a)))
193,ADJACENT_STRICT_PBE_ORDER_V1,1.0,273,274,237,1242,current-nlr-pbe-gw-v1:composition:eab9e8b818c46186694800d28581eb14d06a24a7121a39603c7f773e9b2de92f,current-nlr-pbe-gw-v1:composition:c95dab6aac6634a79f8a67b8df10446fff98ff346dde54672aa3d7fe5eecbac8,Ba Cu5 La4 O12,Ge7 N4 O8,0.524,0.526,0.002,z_b > z_a,log(1 + exp(-(z_b - z_a)))
194,ADJACENT_STRICT_PBE_ORDER_V1,1.0,274,275,1242,1901,current-nlr-pbe-gw-v1:composition:c95dab6aac6634a79f8a67b8df10446fff98ff346dde54672aa3d7fe5eecbac8,current-nlr-pbe-gw-v1:composition:94087267641d90329f945e860f162c3fb38166c348d138566d1ad4f76b0acfd6,Ge7 N4 O8,Ni O3 Y,0.526,0.527,0.001,z_b > z_a,log(1 + exp(-(z_b - z_a)))
195,ADJACENT_STRICT_PBE_ORDER_V1,1.0,275,276,1901,1721,current-nlr-pbe-gw-v1:composition:94087267641d90329f945e860f162c3fb38166c348d138566d1ad4f76b0acfd6,current-nlr-pbe-gw-v1:composition:b52408628c1da07a1f6f164afc0aa09ee15be7ade6128f098f3a56a8d5288be7,Ni O3 Y,Mo5 O8 Sr,0.527,0.529,0.002,z_b > z_a,log(1 + exp(-(z_b - z_a)))
196,ADJACENT_STRICT_PBE_ORDER_V1,1.0,277,278,1536,2087,current-nlr-pbe-gw-v1:composition:dc58389ca1ddc1463e1b2d46c1c0ff1223d15a174c15ea7d28153e251846d74a,current-nlr-pbe-gw-v1:composition:102b8e62de719f1a8339acfed01ad117664f9e2374a557fabf9c86b3f71fea13,La3 Ni2 O7,O6 Sb2 Zn,0.529,0.53,0.001,z_b > z_a,log(1 + exp(-(z_b - z_a)))
197,ADJACENT_STRICT_PBE_ORDER_V1,1.0,278,279,2087,1898,current-nlr-pbe-gw-v1:composition:102b8e62de719f1a8339acfed01ad117664f9e2374a557fabf9c86b3f71fea13,current-nlr-pbe-gw-v1:composition:e6e3360a31ffd6ab7079783fe8984ab4cba0507c65991d9fcce17721d015ee2e,O6 Sb2 Zn,Ni O2 Sr,0.53,0.532,0.002,z_b > z_a,log(1 + exp(-(z_b - z_a)))
198,ADJACENT_STRICT_PBE_ORDER_V1,1.0,279,280,1898,618,current-nlr-pbe-gw-v1:composition:e6e3360a31ffd6ab7079783fe8984ab4cba0507c65991d9fcce17721d015ee2e,current-nlr-pbe-gw-v1:composition:532a366c3c384c149f50835556d105a2c6b97e100c6e297abe0a2a871f077f9a,Ni O2 Sr,Ca3 Co O6 Rh,0.532,0.536,0.004,z_b > z_a,log(1 + exp(-(z_b - z_a)))
199,ADJACENT_STRICT_PBE_ORDER_V1,1.0,281,282,871,1894,current-nlr-pbe-gw-v1:composition:fda0dad2324290295a6158491017afa66dd633b6c00047b1b5b2ea01832cce04,current-nlr-pbe-gw-v1:composition:6d4af465cc6df1b4cd2fe282ed0ea042b56af7d7e1243b724c7028b46092f34e,Cr3 Cu O8,Nb8 O14 Sr,0.536,0.54,0.004,z_b > z_a,log(1 + exp(-(z_b - z_a)))
200,ADJACENT_STRICT_PBE_ORDER_V1,1.0,283,284,137,1679,current-nlr-pbe-gw-v1:composition:ef82788faf8a525181cb644f095c91663e42bc7f8572f4d76b57fb740218a731,current-nlr-pbe-gw-v1:composition:6e83366dceecee95f724cbe081141bded852c4c129afeefc8259be7b5232af63,Al2 Na3 Nb34 O64,Mo N O3,0.54,0.547,0.007,z_b > z_a,log(1 + exp(-(z_b - z_a)))
201,ADJACENT_STRICT_PBE_ORDER_V1,1.0,284,285,1679,220,current-nlr-pbe-gw-v1:composition:6e83366dceecee95f724cbe081141bded852c4c129afeefc8259be7b5232af63,current-nlr-pbe-gw-v1:composition:428e1b531203692fa46fabcbd2e308da12a320a98f87a58fe85b902976e7480a,Mo N O3,Ba Co4 O7 Y,0.547,0.548,0.001,z_b > z_a,log(1 + exp(-(z_b - z_a)))
202,ADJACENT_STRICT_PBE_ORDER_V1,1.0,285,286,220,2084,current-nlr-pbe-gw-v1:composition:428e1b531203692fa46fabcbd2e308da12a320a98f87a58fe85b902976e7480a,current-nlr-pbe-gw-v1:composition:40d759d831dad9e53555dba1b0be60186ef7bd39d7f3c946400aa3ef09be2f6f,Ba Co4 O7 Y,O6 Rh Sr4,0.548,0.55,0.002,z_b > z_a,log(1 + exp(-(z_b - z_a)))
203,ADJACENT_STRICT_PBE_ORDER_V1,1.0,287,288,375,15,current-nlr-pbe-gw-v1:composition:6a4a5a579ee35ddb3a2fdeb17ae70a99bb5c516abcb9851b5d65326187b3d99b,current-nlr-pbe-gw-v1:composition:ffabb19d5ccc98cd43e970cfd7e89ce2c310e89b10a3fda0cc3c97524028e07b,Ba2 Ir O6 Sr,Ag In O2,0.55,0.551,0.001,z_b > z_a,log(1 + exp(-(z_b - z_a)))
204,ADJACENT_STRICT_PBE_ORDER_V1,1.0,288,289,15,223,current-nlr-pbe-gw-v1:composition:ffabb19d5ccc98cd43e970cfd7e89ce2c310e89b10a3fda0cc3c97524028e07b,current-nlr-pbe-gw-v1:composition:a93cced2cd94f81b7f8c773e182bfe73e1cb7fee38ea5d52c9fff112c932010f,Ag In O2,Ba Cr O3,0.551,0.552,0.001,z_b > z_a,log(1 + exp(-(z_b - z_a)))
205,ADJACENT_STRICT_PBE_ORDER_V1,1.0,289,290,223,240,current-nlr-pbe-gw-v1:composition:a93cced2cd94f81b7f8c773e182bfe73e1cb7fee38ea5d52c9fff112c932010f,current-nlr-pbe-gw-v1:composition:b7560f5b363f769a0fa972f215f3a4c922f3b4b7b54398141042eb3a691a988e,Ba Cr O3,Ba Fe O3,0.552,0.554,0.002,z_b > z_a,log(1 + exp(-(z_b - z_a)))
206,ADJACENT_STRICT_PBE_ORDER_V1,1.0,290,291,240,1543,current-nlr-pbe-gw-v1:composition:b7560f5b363f769a0fa972f215f3a4c922f3b4b7b54398141042eb3a691a988e,current-nlr-pbe-gw-v1:composition:c3bc35a1b276455d5aa467dbe52b5e3e2d643d33086434aafba4756c0e3c5d7a,Ba Fe O3,La4 O19 Ru6,0.554,0.563,0.009,z_b > z_a,log(1 + exp(-(z_b - z_a)))
207,ADJACENT_STRICT_PBE_ORDER_V1,1.0,291,292,1543,2003,current-nlr-pbe-gw-v1:composition:c3bc35a1b276455d5aa467dbe52b5e3e2d643d33086434aafba4756c0e3c5d7a,current-nlr-pbe-gw-v1:composition:4db3bfa2dfbb6b7db510690062b68d7fad8e96d11f7d0b04d45b69957ca16e8f,La4 O19 Ru6,O3 Ru Sr,0.563,0.567,0.004,z_b > z_a,log(1 + exp(-(z_b - z_a)))
208,ADJACENT_STRICT_PBE_ORDER_V1,1.0,293,294,564,376,current-nlr-pbe-gw-v1:composition:7741f8c6ba9e09548a145b758152bbf69478f69be8321f80c361ee3b5c2b0a19,current-nlr-pbe-gw-v1:composition:1fbe98e5629a3a99f1172ac04670f904e0fd5bbda73744da8ad09e86e8770c61,Ca O3 Ru,Ba2 Ir O6 Y,0.567,0.568,0.001,z_b > z_a,log(1 + exp(-(z_b - z_a)))
209,ADJACENT_STRICT_PBE_ORDER_V1,1.0,294,295,376,964,current-nlr-pbe-gw-v1:composition:1fbe98e5629a3a99f1172ac04670f904e0fd5bbda73744da8ad09e86e8770c61,current-nlr-pbe-gw-v1:composition:b280951a04cb2e45dfed71aaa13a535d422f9b1bec354ec84bb27faa5baf4868,Ba2 Ir O6 Y,Cu2 O4 Y,0.568,0.572,0.004,z_b > z_a,log(1 + exp(-(z_b - z_a)))
210,ADJACENT_STRICT_PBE_ORDER_V1,1.0,297,298,1906,2080,current-nlr-pbe-gw-v1:composition:ef5366cefe3f4dd2c62824cd820065eaf64a2bc0b5f823418a5f78a7027c40e3,current-nlr-pbe-gw-v1:composition:3811ea0ae2079baa408838e3b4fbbc9ae8619c111bf6e5a015265f7abf4825f8,Ni O6 Rh Sr3,O6 Pt3 Zn,0.572,0.575,0.003,z_b > z_a,log(1 + exp(-(z_b - z_a)))
211,ADJACENT_STRICT_PBE_ORDER_V1,1.0,299,300,1005,757,current-nlr-pbe-gw-v1:composition:4b0a508265ed94a8d2cb66b44a3250a17a749055ea1b1b541c161b1e9d92a768,current-nlr-pbe-gw-v1:composition:6d734762b2908868f212681364f73c27f0fff65e13da727fb229a2f28f0dd498,Fe Ge O3,Co O6 Pt3,0.575,0.576,0.001,z_b > z_a,log(1 + exp(-(z_b - z_a)))
212,ADJACENT_STRICT_PBE_ORDER_V1,1.0,300,301,757,998,current-nlr-pbe-gw-v1:composition:6d734762b2908868f212681364f73c27f0fff65e13da727fb229a2f28f0dd498,current-nlr-pbe-gw-v1:composition:569ae6d58e8c85a141755744dbabf064d5f62a9b11877ffc695777090236ec75,Co O6 Pt3,Cu64 N O31,0.576,0.577,0.001,z_b > z_a,log(1 + exp(-(z_b - z_a)))
213,ADJACENT_STRICT_PBE_ORDER_V1,1.0,301,302,998,1340,current-nlr-pbe-gw-v1:composition:569ae6d58e8c85a141755744dbabf064d5f62a9b11877ffc695777090236ec75,current-nlr-pbe-gw-v1:composition:c3a7afedc6d316502ec0f5d942a89c9d3f4a364a55bf9efcba3ccb084d221388,Cu64 N O31,Ir O6 Sc Sr2,0.577,0.578,0.001,z_b > z_a,log(1 + exp(-(z_b - z_a)))
214,ADJACENT_STRICT_PBE_ORDER_V1,1.0,302,303,1340,1021,current-nlr-pbe-gw-v1:composition:c3a7afedc6d316502ec0f5d942a89c9d3f4a364a55bf9efcba3ccb084d221388,current-nlr-pbe-gw-v1:composition:24219f4e22ec1c5d6d4559586e7a3c79b6f70e333684892c167fd7827f55386d,Ir O6 Sc Sr2,Fe K3 O4,0.578,0.579,0.001,z_b > z_a,log(1 + exp(-(z_b - z_a)))
215,ADJACENT_STRICT_PBE_ORDER_V1,1.0,304,305,1102,1526,current-nlr-pbe-gw-v1:composition:863faa3caf7da5757a31a0e1551257e3975ed57d35e3b02041d2f495880f3525,current-nlr-pbe-gw-v1:composition:b31b00c1277acffa0ac33279d65d8056b418702081bce4c5defbd6d3736cea31,Fe3 Na O10 Si3,La2 O6 Rh Zn,0.579,0.58,0.001,z_b > z_a,log(1 + exp(-(z_b - z_a)))
216,ADJACENT_STRICT_PBE_ORDER_V1,1.0,305,306,1526,1761,current-nlr-pbe-gw-v1:composition:b31b00c1277acffa0ac33279d65d8056b418702081bce4c5defbd6d3736cea31,current-nlr-pbe-gw-v1:composition:c90463fce68e83f248f8f538465d18aa528b73d4332d477a9af9444bc5a69b52,La2 O6 Rh Zn,Na Nb10 O18,0.58,0.581,0.001,z_b > z_a,log(1 + exp(-(z_b - z_a)))
217,ADJACENT_STRICT_PBE_ORDER_V1,1.0,306,307,1761,795,current-nlr-pbe-gw-v1:composition:c90463fce68e83f248f8f538465d18aa528b73d4332d477a9af9444bc5a69b52,current-nlr-pbe-gw-v1:composition:1f69a5f7f5e56d7690b5f1aaffe256a5faecd0afae6f33fd52063451798bcc5a,Na Nb10 O18,Co6 O11 Sr,0.581,0.583,0.002,z_b > z_a,log(1 + exp(-(z_b - z_a)))
218,ADJACENT_STRICT_PBE_ORDER_V1,1.0,307,308,795,1276,current-nlr-pbe-gw-v1:composition:1f69a5f7f5e56d7690b5f1aaffe256a5faecd0afae6f33fd52063451798bcc5a,current-nlr-pbe-gw-v1:composition:b97fca9f5c0866fc382f8bb421c8633833cafb7048066342991d6845078d1872,Co6 O11 Sr,Hg2 Nb2 O7,0.583,0.585,0.002,z_b > z_a,log(1 + exp(-(z_b - z_a)))
219,ADJACENT_STRICT_PBE_ORDER_V1,1.0,308,309,1276,589,current-nlr-pbe-gw-v1:composition:b97fca9f5c0866fc382f8bb421c8633833cafb7048066342991d6845078d1872,current-nlr-pbe-gw-v1:composition:968dc684c1ae9e80481b967ac6bc0a4d680cb0a9d1a3f3e2c3b27bc4ef2b480d,Hg2 Nb2 O7,Ca2 Co O3,0.585,0.588,0.003,z_b > z_a,log(1 + exp(-(z_b - z_a)))
220,ADJACENT_STRICT_PBE_ORDER_V1,1.0,309,310,589,1509,current-nlr-pbe-gw-v1:composition:968dc684c1ae9e80481b967ac6bc0a4d680cb0a9d1a3f3e2c3b27bc4ef2b480d,current-nlr-pbe-gw-v1:composition:d78b714467fda237a28e461ccea7f213158ddc9a29cb4d6d5710786751e35c85,Ca2 Co O3,La2 Mg O6 Rh,0.588,0.59,0.002,z_b > z_a,log(1 + exp(-(z_b - z_a)))
221,ADJACENT_STRICT_PBE_ORDER_V1,1.0,310,311,1509,1042,current-nlr-pbe-gw-v1:composition:d78b714467fda237a28e461ccea7f213158ddc9a29cb4d6d5710786751e35c85,current-nlr-pbe-gw-v1:composition:e89ef428aec0a4b94e6041d72747d85dcbca27eaa8e952cf9a15bfa78ef83d50,La2 Mg O6 Rh,Fe Na4 O4,0.59,0.591,0.001,z_b > z_a,log(1 + exp(-(z_b - z_a)))
222,ADJACENT_STRICT_PBE_ORDER_V1,1.0,311,312,1042,1650,current-nlr-pbe-gw-v1:composition:e89ef428aec0a4b94e6041d72747d85dcbca27eaa8e952cf9a15bfa78ef83d50,current-nlr-pbe-gw-v1:composition:7787939811b5b8cb76e4213347ca866d1f85212ab0477cf765669774fc54973c,Fe Na4 O4,Mn2 O5 Sr2,0.591,0.594,0.003,z_b > z_a,log(1 + exp(-(z_b - z_a)))
223,ADJACENT_STRICT_PBE_ORDER_V1,1.0,312,313,1650,1144,current-nlr-pbe-gw-v1:composition:7787939811b5b8cb76e4213347ca866d1f85212ab0477cf765669774fc54973c,current-nlr-pbe-gw-v1:composition:31d5df53639a867e604b48178c29af17b9c9e0ee98ec6f6dd3e91043c8ce705f,Mn2 O5 Sr2,Ga2 Hg O4,0.594,0.595,0.001,z_b > z_a,log(1 + exp(-(z_b - z_a)))
224,ADJACENT_STRICT_PBE_ORDER_V1,1.0,313,314,1144,679,current-nlr-pbe-gw-v1:composition:31d5df53639a867e604b48178c29af17b9c9e0ee98ec6f6dd3e91043c8ce705f,current-nlr-pbe-gw-v1:composition:2aed6d566880bbd02d2b2a37969928c62a7d8fc9fac535f1e9d8128d79203246,Ga2 Hg O4,Cd O6 Pt3,0.595,0.601,0.006,z_b > z_a,log(1 + exp(-(z_b - z_a)))
225,ADJACENT_STRICT_PBE_ORDER_V1,1.0,314,315,679,1074,current-nlr-pbe-gw-v1:composition:2aed6d566880bbd02d2b2a37969928c62a7d8fc9fac535f1e9d8128d79203246,current-nlr-pbe-gw-v1:composition:39b32f8ab8171be564751d059e91152ac2487867e19b2f27d33c82ec6830554f,Cd O6 Pt3,Fe2 Mn O4,0.601,0.602,0.001,z_b > z_a,log(1 + exp(-(z_b - z_a)))
226,ADJACENT_STRICT_PBE_ORDER_V1,1.0,315,316,1074,1145,current-nlr-pbe-gw-v1:composition:39b32f8ab8171be564751d059e91152ac2487867e19b2f27d33c82ec6830554f,current-nlr-pbe-gw-v1:composition:8c631d37fda60ffe01ce4be052e9ac6875dad22b1b32332cbde26afaa47222f2,Fe2 Mn O4,Ga2 In6 O8 Pt,0.602,0.603,0.001,z_b > z_a,log(1 + exp(-(z_b - z_a)))
227,ADJACENT_STRICT_PBE_ORDER_V1,1.0,316,317,1145,302,current-nlr-pbe-gw-v1:composition:8c631d37fda60ffe01ce4be052e9ac6875dad22b1b32332cbde26afaa47222f2,current-nlr-pbe-gw-v1:composition:d643489421fb59c77c70e41370f2fcc67c12815c06bf9cc2d871d709f102118c,Ga2 In6 O8 Pt,Ba O11 Ru5 Zn,0.603,0.604,0.001,z_b > z_a,log(1 + exp(-(z_b - z_a)))
228,ADJACENT_STRICT_PBE_ORDER_V1,1.0,317,318,302,1326,current-nlr-pbe-gw-v1:composition:d643489421fb59c77c70e41370f2fcc67c12815c06bf9cc2d871d709f102118c,current-nlr-pbe-gw-v1:composition:ebdadb01063943f33b225dd24f0631830e2883df70a191194004010fb8303908,Ba O11 Ru5 Zn,Ir La2 Na O6,0.604,0.605,0.001,z_b > z_a,log(1 + exp(-(z_b - z_a)))
229,ADJACENT_STRICT_PBE_ORDER_V1,1.0,318,319,1326,836,current-nlr-pbe-gw-v1:composition:ebdadb01063943f33b225dd24f0631830e2883df70a191194004010fb8303908,current-nlr-pbe-gw-v1:composition:049d8561182d8d82eca116f7980bba9db3f57a5a95debc0e9107a38b1beafe3e,Ir La2 Na O6,Cr O4 Y,0.605,0.607,0.002,z_b > z_a,log(1 + exp(-(z_b - z_a)))
230,ADJACENT_STRICT_PBE_ORDER_V1,1.0,319,320,836,185,current-nlr-pbe-gw-v1:composition:049d8561182d8d82eca116f7980bba9db3f57a5a95debc0e9107a38b1beafe3e,current-nlr-pbe-gw-v1:composition:20fa093bf873f5cda6ec346e9ff2fa2cb6185308b4bdffee3a22f24704accb65,Cr O4 Y,Au K3 O,0.607,0.609,0.002,z_b > z_a,log(1 + exp(-(z_b - z_a)))
231,ADJACENT_STRICT_PBE_ORDER_V1,1.0,320,321,185,793,current-nlr-pbe-gw-v1:composition:20fa093bf873f5cda6ec346e9ff2fa2cb6185308b4bdffee3a22f24704accb65,current-nlr-pbe-gw-v1:composition:67d404410ee10307179d21e8bbebb051be7616ea3ad32f10ffc539b670e4cd16,Au K3 O,Co4 O12 Sr5,0.609,0.612,0.003,z_b > z_a,log(1 + exp(-(z_b - z_a)))
232,ADJACENT_STRICT_PBE_ORDER_V1,1.0,321,322,793,715,current-nlr-pbe-gw-v1:composition:67d404410ee10307179d21e8bbebb051be7616ea3ad32f10ffc539b670e4cd16,current-nlr-pbe-gw-v1:composition:0e88498f915da122e06099e567239d67b978f41059f7d8843d418c8f31ba6db0,Co4 O12 Sr5,Co Cu2 O7 Sr2 Y,0.612,0.624,0.012,z_b > z_a,log(1 + exp(-(z_b - z_a)))
233,ADJACENT_STRICT_PBE_ORDER_V1,1.0,322,323,715,245,current-nlr-pbe-gw-v1:composition:0e88498f915da122e06099e567239d67b978f41059f7d8843d418c8f31ba6db0,current-nlr-pbe-gw-v1:composition:b37f56ff0e1517706a113b8b2d546a981346ab47dfe71a9c547466d5b8f1a454,Co Cu2 O7 Sr2 Y,Ba Fe2 O5 Y,0.624,0.626,0.002,z_b > z_a,log(1 + exp(-(z_b - z_a)))
234,ADJACENT_STRICT_PBE_ORDER_V1,1.0,323,324,245,1000,current-nlr-pbe-gw-v1:composition:b37f56ff0e1517706a113b8b2d546a981346ab47dfe71a9c547466d5b8f1a454,current-nlr-pbe-gw-v1:composition:5fdf037639373226c7771a7ff438642f94a6d3714aace435b4990f35626da15d,Ba Fe2 O5 Y,Cu65 O32,0.626,0.629,0.003,z_b > z_a,log(1 + exp(-(z_b - z_a)))
235,ADJACENT_STRICT_PBE_ORDER_V1,1.0,324,325,1000,1987,current-nlr-pbe-gw-v1:composition:5fdf037639373226c7771a7ff438642f94a6d3714aace435b4990f35626da15d,current-nlr-pbe-gw-v1:composition:50cbc05ad3443e533c9c5a52193a66db6e6feb6c4c38c00913db0ea1ad53aa4b,Cu65 O32,O23 Sn5 W8,0.629,0.632,0.003,z_b > z_a,log(1 + exp(-(z_b - z_a)))
236,ADJACENT_STRICT_PBE_ORDER_V1,1.0,325,326,1987,526,current-nlr-pbe-gw-v1:composition:50cbc05ad3443e533c9c5a52193a66db6e6feb6c4c38c00913db0ea1ad53aa4b,current-nlr-pbe-gw-v1:composition:bc8ee5b2fd0f608223aee9dc9f519c6118ddf3542d222ab7ae87ac455e8120cf,O23 Sn5 W8,Ca Cu3 O12 Pt4,0.632,0.633,0.001,z_b > z_a,log(1 + exp(-(z_b - z_a)))
237,ADJACENT_STRICT_PBE_ORDER_V1,1.0,326,327,526,1604,current-nlr-pbe-gw-v1:composition:bc8ee5b2fd0f608223aee9dc9f519c6118ddf3542d222ab7ae87ac455e8120cf,current-nlr-pbe-gw-v1:composition:a74246f6df9df818ad7668821ff0f165fa7d2e06089a22dc50486e2e017e3b01,Ca Cu3 O12 Pt4,Mn Na6 O4,0.633,0.637,0.004,z_b > z_a,log(1 + exp(-(z_b - z_a)))
238,ADJACENT_STRICT_PBE_ORDER_V1,1.0,327,328,1604,71,current-nlr-pbe-gw-v1:composition:a74246f6df9df818ad7668821ff0f165fa7d2e06089a22dc50486e2e017e3b01,current-nlr-pbe-gw-v1:composition:2219ea7f752992f82c385b938f58300c4ee3af1187bde92c159248d518bc2292,Mn Na6 O4,Ag6 O7 Si2,0.637,0.644,0.007,z_b > z_a,log(1 + exp(-(z_b - z_a)))
239,ADJACENT_STRICT_PBE_ORDER_V1,1.0,330,331,1955,394,current-nlr-pbe-gw-v1:composition:fad42aa79bba71267e5ea3cbfd400d0c39044d10f9ed42c8e4062707453993c2,current-nlr-pbe-gw-v1:composition:c3f405c87b175ca9fbbbd0bd6f54366d60cbd100275ac85984dadf246a1b42fb,O15 Sr V6,Ba2 O3 Pd,0.644,0.648,0.004,z_b > z_a,log(1 + exp(-(z_b - z_a)))
240,ADJACENT_STRICT_PBE_ORDER_V1,1.0,331,332,394,1120,current-nlr-pbe-gw-v1:composition:c3f405c87b175ca9fbbbd0bd6f54366d60cbd100275ac85984dadf246a1b42fb,current-nlr-pbe-gw-v1:composition:0b5f46debebca72a111e0ca87a623159de12241543637357a5cde0ced8042f03,Ba2 O3 Pd,Fe6 O13 Sr4,0.648,0.652,0.004,z_b > z_a,log(1 + exp(-(z_b - z_a)))
241,ADJACENT_STRICT_PBE_ORDER_V1,1.0,333,334,1677,1112,current-nlr-pbe-gw-v1:composition:34de16b3ed3e5b167ef674dc16b4a12466f6cd805a27392e7224d7da73d874e9,current-nlr-pbe-gw-v1:composition:02b56471850ffafa5f2a5724942d362cfc029eb07d5065802da7dcbf4bdc722b,Mn8 O16 Rb11,Fe4 O11 Sr4,0.652,0.654,0.002,z_b > z_a,log(1 + exp(-(z_b - z_a)))
242,ADJACENT_STRICT_PBE_ORDER_V1,1.0,334,335,1112,1441,current-nlr-pbe-gw-v1:composition:02b56471850ffafa5f2a5724942d362cfc029eb07d5065802da7dcbf4bdc722b,current-nlr-pbe-gw-v1:composition:47ab53c10a0558dc6629cfa118e31a323c1fe32357e056672afb5681d2c19ac5,Fe4 O11 Sr4,K29 Mn17 O34,0.654,0.659,0.005,z_b > z_a,log(1 + exp(-(z_b - z_a)))
243,ADJACENT_STRICT_PBE_ORDER_V1,1.0,336,337,819,429,current-nlr-pbe-gw-v1:composition:4b7c66ffb0607ef2729513398d45b0b52fc293eeade1ca285802f055d723fae9,current-nlr-pbe-gw-v1:composition:73d41c3b1ebad0587f00cce0461b2a97a4d997bc460576701873f889b873fd0b,Cr N O,Ba3 Ir2 La O9,0.659,0.66,0.001,z_b > z_a,log(1 + exp(-(z_b - z_a)))
244,ADJACENT_STRICT_PBE_ORDER_V1,1.0,337,338,429,915,current-nlr-pbe-gw-v1:composition:73d41c3b1ebad0587f00cce0461b2a97a4d997bc460576701873f889b873fd0b,current-nlr-pbe-gw-v1:composition:2bcaad796200f1dd148d653bd8d0a484237cb48c69c41d3bee235920c12580ca,Ba3 Ir2 La O9,Cu Na3 O3,0.66,0.661,0.001,z_b > z_a,log(1 + exp(-(z_b - z_a)))
245,ADJACENT_STRICT_PBE_ORDER_V1,1.0,338,339,915,1575,current-nlr-pbe-gw-v1:composition:2bcaad796200f1dd148d653bd8d0a484237cb48c69c41d3bee235920c12580ca,current-nlr-pbe-gw-v1:composition:6ed54dbf3211fc35f1f1d23c1acd221f6c135714732ab34400c170ceccb2d487,Cu Na3 O3,Mg O6 Rh Sr3,0.661,0.662,0.001,z_b > z_a,log(1 + exp(-(z_b - z_a)))
246,ADJACENT_STRICT_PBE_ORDER_V1,1.0,339,340,1575,493,current-nlr-pbe-gw-v1:composition:6ed54dbf3211fc35f1f1d23c1acd221f6c135714732ab34400c170ceccb2d487,current-nlr-pbe-gw-v1:composition:04717629ffa440b622cc500632b1b12dc971d8decd9bed759af478745e139261,Mg O6 Rh Sr3,Be Fe2 O4,0.662,0.664,0.002,z_b > z_a,log(1 + exp(-(z_b - z_a)))
247,ADJACENT_STRICT_PBE_ORDER_V1,1.0,341,342,685,2083,current-nlr-pbe-gw-v1:composition:05bf8b4c91a0d5c6ffb888d182422e343573af7cc682b2d1bf3c6ace2a030aed,current-nlr-pbe-gw-v1:composition:7ee451071853042027d40963ae370cdcb50390dd31cfd1ed38fd8006ad9294aa,Cd2 K2 O3,O6 Rh Sr3 Zn,0.664,0.665,0.001,z_b > z_a,log(1 + exp(-(z_b - z_a)))
248,ADJACENT_STRICT_PBE_ORDER_V1,1.0,342,343,2083,284,current-nlr-pbe-gw-v1:composition:7ee451071853042027d40963ae370cdcb50390dd31cfd1ed38fd8006ad9294aa,current-nlr-pbe-gw-v1:composition:887c218b2abac2943bdc17064cdb5c033f826fd9ad2f0871e5f0d8238b347bad,O6 Rh Sr3 Zn,Ba Mo6 O10,0.665,0.667,0.002,z_b > z_a,log(1 + exp(-(z_b - z_a)))
249,ADJACENT_STRICT_PBE_ORDER_V1,1.0,343,344,284,1723,current-nlr-pbe-gw-v1:composition:887c218b2abac2943bdc17064cdb5c033f826fd9ad2f0871e5f0d8238b347bad,current-nlr-pbe-gw-v1:composition:02d13fa7865e9968c1fe1bec01f93c176a343ba05029c4cf68af87acce8bf240,Ba Mo6 O10,Mo8 O10 Zn,0.667,0.669,0.002,z_b > z_a,log(1 + exp(-(z_b - z_a)))
250,ADJACENT_STRICT_PBE_ORDER_V1,1.0,345,346,1063,591,current-nlr-pbe-gw-v1:composition:6a08d90ef6f817ef9a05611ccba6554a31ef0ae82a994d12aafc343448a4dc63,current-nlr-pbe-gw-v1:composition:e338c9161cc0c8128a1cd333a85f346a8d867dfa49e3431deacf20255a903faa,Fe2 Ge O4,Ca2 Cu O3,0.669,0.67,0.001,z_b > z_a,log(1 + exp(-(z_b - z_a)))
251,ADJACENT_STRICT_PBE_ORDER_V1,1.0,346,347,591,2025,current-nlr-pbe-gw-v1:composition:e338c9161cc0c8128a1cd333a85f346a8d867dfa49e3431deacf20255a903faa,current-nlr-pbe-gw-v1:composition:2d780da6d0fb07071fbc3f630836cf6953248d927655139a8e473b6b611ef3dd,Ca2 Cu O3,O4 Pb2 Pt,0.67,0.672,0.002,z_b > z_a,log(1 + exp(-(z_b - z_a)))
252,ADJACENT_STRICT_PBE_ORDER_V1,1.0,347,348,2025,1757,current-nlr-pbe-gw-v1:composition:2d780da6d0fb07071fbc3f630836cf6953248d927655139a8e473b6b611ef3dd,current-nlr-pbe-gw-v1:composition:8d747dbb1dc1f72da11dbc94f60b3bba922a63865675a52e48f8875fb754ce7e,O4 Pb2 Pt,N4 O8 V7,0.672,0.674,0.002,z_b > z_a,log(1 + exp(-(z_b - z_a)))
253,ADJACENT_STRICT_PBE_ORDER_V1,1.0,348,349,1757,1972,current-nlr-pbe-gw-v1:composition:8d747dbb1dc1f72da11dbc94f60b3bba922a63865675a52e48f8875fb754ce7e,current-nlr-pbe-gw-v1:composition:db5b698b45b68b29f6dd2ae7bffb551404d870e3f7a5487f11c8d94ec5de96ab,N4 O8 V7,O2 Sn,0.674,0.681,0.007,z_b > z_a,log(1 + exp(-(z_b - z_a)))
254,ADJACENT_STRICT_PBE_ORDER_V1,1.0,349,350,1972,545,current-nlr-pbe-gw-v1:composition:db5b698b45b68b29f6dd2ae7bffb551404d870e3f7a5487f11c8d94ec5de96ab,current-nlr-pbe-gw-v1:composition:4ee4d11a0ad44f115340bf72a0d0131b6c0508129b7f833470b483e38e352cf9,O2 Sn,Ca Ir O6 Sr3,0.681,0.682,0.001,z_b > z_a,log(1 + exp(-(z_b - z_a)))
255,ADJACENT_STRICT_PBE_ORDER_V1,1.0,350,351,545,1860,current-nlr-pbe-gw-v1:composition:4ee4d11a0ad44f115340bf72a0d0131b6c0508129b7f833470b483e38e352cf9,current-nlr-pbe-gw-v1:composition:732131bc0916384e70f343c716d6d5f858c953506b3ec8133e63c3628633fb53,Ca Ir O6 Sr3,Nb O,0.682,0.685,0.003,z_b > z_a,log(1 + exp(-(z_b - z_a)))
256,ADJACENT_STRICT_PBE_ORDER_V1,1.0,351,352,1860,1104,current-nlr-pbe-gw-v1:composition:732131bc0916384e70f343c716d6d5f858c953506b3ec8133e63c3628633fb53,current-nlr-pbe-gw-v1:composition:6db60a6704d4406c65280b71cd1b923fe71553dc44ce379792422e1745f8c1b8,Nb O,Fe3 Na O5,0.685,0.686,0.001,z_b > z_a,log(1 + exp(-(z_b - z_a)))
257,ADJACENT_STRICT_PBE_ORDER_V1,1.0,352,353,1104,1886,current-nlr-pbe-gw-v1:composition:6db60a6704d4406c65280b71cd1b923fe71553dc44ce379792422e1745f8c1b8,current-nlr-pbe-gw-v1:composition:333d9a864df8a30defb3ea92ec40b206b36e0b0dea0dabcee0acf16767de7123,Fe3 Na O5,Nb4 O5,0.686,0.69,0.004,z_b > z_a,log(1 + exp(-(z_b - z_a)))
258,ADJACENT_STRICT_PBE_ORDER_V1,1.0,353,354,1886,1904,current-nlr-pbe-gw-v1:composition:333d9a864df8a30defb3ea92ec40b206b36e0b0dea0dabcee0acf16767de7123,current-nlr-pbe-gw-v1:composition:5f4c5f9cfdaff616d51917218b57ab941cd543444ff25225171b757f86be6789,Nb4 O5,Ni O6 Pb Sr3,0.69,0.695,0.005,z_b > z_a,log(1 + exp(-(z_b - z_a)))
259,ADJACENT_STRICT_PBE_ORDER_V1,1.0,354,355,1904,1010,current-nlr-pbe-gw-v1:composition:5f4c5f9cfdaff616d51917218b57ab941cd543444ff25225171b757f86be6789,current-nlr-pbe-gw-v1:composition:11444db3afa32543472c20ef440dbc7245205bf40be1063b15f4e6ec34fa12e4,Ni O6 Pb Sr3,Fe In O3,0.695,0.697,0.002,z_b > z_a,log(1 + exp(-(z_b - z_a)))
260,ADJACENT_STRICT_PBE_ORDER_V1,1.0,355,356,1010,2141,current-nlr-pbe-gw-v1:composition:11444db3afa32543472c20ef440dbc7245205bf40be1063b15f4e6ec34fa12e4,current-nlr-pbe-gw-v1:composition:1761df7fe50acc0ebe14ef176802f0c9c6a769be2357037dde7f4a3f18dccb71,Fe In O3,O9 V5,0.697,0.698,0.001,z_b > z_a,log(1 + exp(-(z_b - z_a)))
261,ADJACENT_STRICT_PBE_ORDER_V1,1.0,356,357,2141,1574,current-nlr-pbe-gw-v1:composition:1761df7fe50acc0ebe14ef176802f0c9c6a769be2357037dde7f4a3f18dccb71,current-nlr-pbe-gw-v1:composition:4ea156a49d62e71b0f47584df2bcad60a06cccf06814fd6d06e059acb1d191ad,O9 V5,Mg O6 Pt3,0.698,0.701,0.003,z_b > z_a,log(1 + exp(-(z_b - z_a)))
262,ADJACENT_STRICT_PBE_ORDER_V1,1.0,358,359,217,1339,current-nlr-pbe-gw-v1:composition:e5e187b4c866fc1f6d79e374850f5e200375e50745ce2cda4d138c827539d30c,current-nlr-pbe-gw-v1:composition:0e119bbc365df39f1a168a56e145b1e3baddef88453b20ec8eeb38f147402e78,Ba Co2 O5 Y,Ir O4 Sr2,0.701,0.702,0.001,z_b > z_a,log(1 + exp(-(z_b - z_a)))
263,ADJACENT_STRICT_PBE_ORDER_V1,1.0,359,360,1339,1345,current-nlr-pbe-gw-v1:composition:0e119bbc365df39f1a168a56e145b1e3baddef88453b20ec8eeb38f147402e78,current-nlr-pbe-gw-v1:composition:2e93170b5097a7b721f0a5ca6353f6dd4172f3e98eb39a3b4e56c6b275bd9ad0,Ir O4 Sr2,Ir4 La9 O24 Rb,0.702,0.709,0.007,z_b > z_a,log(1 + exp(-(z_b - z_a)))
264,ADJACENT_STRICT_PBE_ORDER_V1,1.0,360,361,1345,1003,current-nlr-pbe-gw-v1:composition:2e93170b5097a7b721f0a5ca6353f6dd4172f3e98eb39a3b4e56c6b275bd9ad0,current-nlr-pbe-gw-v1:composition:b6cb3b4cf0283528272a0b3faf5b54add4c79b325d1a3b50b977f156296a578c,Ir4 La9 O24 Rb,Cu81 N26 O,0.709,0.71,0.001,z_b > z_a,log(1 + exp(-(z_b - z_a)))
265,ADJACENT_STRICT_PBE_ORDER_V1,1.0,361,362,1003,1702,current-nlr-pbe-gw-v1:composition:b6cb3b4cf0283528272a0b3faf5b54add4c79b325d1a3b50b977f156296a578c,current-nlr-pbe-gw-v1:composition:75863d49bd99f2f85b32d1ec9dbf440ef7ce8fab62474d3bc28fd525c7ad82da,Cu81 N26 O,Mo2 O7 Y2,0.71,0.711,0.001,z_b > z_a,log(1 + exp(-(z_b - z_a)))
266,ADJACENT_STRICT_PBE_ORDER_V1,1.0,363,364,1640,837,current-nlr-pbe-gw-v1:composition:ee3ebbee85d9d7b4753ae1f24abe8b62b83100511b683e1a70ea74c8f98dc3d0,current-nlr-pbe-gw-v1:composition:19b91e57b3b8f3d01287a69b74ee221319a68017ebb8e21d37779d379e0f3f51,Mn2 Na2 O3,Cr O5 Ti2,0.711,0.713,0.002,z_b > z_a,log(1 + exp(-(z_b - z_a)))
267,ADJACENT_STRICT_PBE_ORDER_V1,1.0,364,365,837,1334,current-nlr-pbe-gw-v1:composition:19b91e57b3b8f3d01287a69b74ee221319a68017ebb8e21d37779d379e0f3f51,current-nlr-pbe-gw-v1:composition:0961ec0c3b4c5a2ae37c090e161e87e480d9d4ef68b9720e1e0915e1b681b0e1,Cr O5 Ti2,Ir Na O6 Sr3,0.713,0.715,0.002,z_b > z_a,log(1 + exp(-(z_b - z_a)))
268,ADJACENT_STRICT_PBE_ORDER_V1,1.0,366,367,796,1383,current-nlr-pbe-gw-v1:composition:0b08168c37d84e71081640912705e714db1d1cf1413e1c50a7181d3f616c5dda,current-nlr-pbe-gw-v1:composition:6a64575336bc1762cf0373f41ddfa4629388f2154a9987383747c49a6bb267de,Co7 K4 O14,K O8 V4,0.715,0.718,0.003,z_b > z_a,log(1 + exp(-(z_b - z_a)))
269,ADJACENT_STRICT_PBE_ORDER_V1,1.0,367,368,1383,363,current-nlr-pbe-gw-v1:composition:6a64575336bc1762cf0373f41ddfa4629388f2154a9987383747c49a6bb267de,current-nlr-pbe-gw-v1:composition:a2eb751e130bc4e52c916be7fa7b6d9cb88fbf0ce7f61189030be5a5e0661b96,K O8 V4,Ba2 Fe O4,0.718,0.722,0.004,z_b > z_a,log(1 + exp(-(z_b - z_a)))
270,ADJACENT_STRICT_PBE_ORDER_V1,1.0,369,370,1907,428,current-nlr-pbe-gw-v1:composition:e0c52f5b898f3190a6ae2b4efef665710c4ab076afe1ba96c738bcc17fa1d72b,current-nlr-pbe-gw-v1:composition:ccf038adf90dbd57bdd9bebd9623920c8d570b63becbfd85945880e7f3da013e,Ni O6 Sc Sr3,Ba3 Ir Na O6,0.722,0.723,0.001,z_b > z_a,log(1 + exp(-(z_b - z_a)))
271,ADJACENT_STRICT_PBE_ORDER_V1,1.0,370,371,428,1495,current-nlr-pbe-gw-v1:composition:ccf038adf90dbd57bdd9bebd9623920c8d570b63becbfd85945880e7f3da013e,current-nlr-pbe-gw-v1:composition:4a40325d4ce4622d8ae5a172db131c8547dc7eaa0408e7769c2a4b5c5bbebf43,Ba3 Ir Na O6,La Nb7 O12,0.723,0.724,0.001,z_b > z_a,log(1 + exp(-(z_b - z_a)))
272,ADJACENT_STRICT_PBE_ORDER_V1,1.0,371,372,1495,1929,current-nlr-pbe-gw-v1:composition:4a40325d4ce4622d8ae5a172db131c8547dc7eaa0408e7769c2a4b5c5bbebf43,current-nlr-pbe-gw-v1:composition:c2948029799dde025841fbc7aa000d2a5d192ef30cdd92b7ea817f9c5c969708,La Nb7 O12,O V,0.724,0.726,0.002,z_b > z_a,log(1 + exp(-(z_b - z_a)))
273,ADJACENT_STRICT_PBE_ORDER_V1,1.0,372,373,1929,1373,current-nlr-pbe-gw-v1:composition:c2948029799dde025841fbc7aa000d2a5d192ef30cdd92b7ea817f9c5c969708,current-nlr-pbe-gw-v1:composition:f60073a9c235dde2edfe6116691290d6c0fbf2faf5cfa1cf5b8cb8197c4a1ca7,O V,K O11 V6,0.726,0.729,0.003,z_b > z_a,log(1 + exp(-(z_b - z_a)))
274,ADJACENT_STRICT_PBE_ORDER_V1,1.0,373,374,1373,1327,current-nlr-pbe-gw-v1:composition:f60073a9c235dde2edfe6116691290d6c0fbf2faf5cfa1cf5b8cb8197c4a1ca7,current-nlr-pbe-gw-v1:composition:1474a436a83a4c11074e96f20e1d44700ba11b95217d371fb4b8a2313216f790,K O11 V6,Ir La2 Ni O6,0.729,0.736,0.007,z_b > z_a,log(1 + exp(-(z_b - z_a)))
275,ADJACENT_STRICT_PBE_ORDER_V1,1.0,374,375,1327,721,current-nlr-pbe-gw-v1:composition:1474a436a83a4c11074e96f20e1d44700ba11b95217d371fb4b8a2313216f790,current-nlr-pbe-gw-v1:composition:0182132fffdd0c80c7b6c5a8e74711cbd69b15420c4be9a549aa4a50eec13414,Ir La2 Ni O6,Co Ir La2 O6,0.736,0.738,0.002,z_b > z_a,log(1 + exp(-(z_b - z_a)))
276,ADJACENT_STRICT_PBE_ORDER_V1,1.0,378,379,1932,659,current-nlr-pbe-gw-v1:composition:d656df65544a911e926cbde008ed17c82762e94b97ba1cbb1c6c338e99b22aea,current-nlr-pbe-gw-v1:composition:d22e175f2fdd5f4bcb593a629ce90d131f94c5ac49202d30cae73bcd60c00aa8,O Zn,Cd Ir O6 Sr3,0.738,0.739,0.001,z_b > z_a,log(1 + exp(-(z_b - z_a)))
277,ADJACENT_STRICT_PBE_ORDER_V1,1.0,379,380,659,1940,current-nlr-pbe-gw-v1:composition:d22e175f2fdd5f4bcb593a629ce90d131f94c5ac49202d30cae73bcd60c00aa8,current-nlr-pbe-gw-v1:composition:f85c097835afa556a916e21f4eeccddceac36e8e42942e1a874d3eb2a574d7fb,Cd Ir O6 Sr3,O11 Sr V6,0.739,0.741,0.002,z_b > z_a,log(1 + exp(-(z_b - z_a)))
278,ADJACENT_STRICT_PBE_ORDER_V1,1.0,380,381,1940,41,current-nlr-pbe-gw-v1:composition:f85c097835afa556a916e21f4eeccddceac36e8e42942e1a874d3eb2a574d7fb,current-nlr-pbe-gw-v1:composition:c684ab97a562614ebc263f23bf1c97052d93f873d152924bc27cc3423fbfe054,O11 Sr V6,Ag2 Hg O2,0.741,0.742,0.001,z_b > z_a,log(1 + exp(-(z_b - z_a)))
279,ADJACENT_STRICT_PBE_ORDER_V1,1.0,382,383,958,308,current-nlr-pbe-gw-v1:composition:e407429e01b4f19c475f4f97d1790d656eff5ed2c20bb3c493b1c2a62d04fc36,current-nlr-pbe-gw-v1:composition:98bcf3ad2acf2af08e3dbd2492d6a4877d04cb8867c34d379504fe05753f8ee3,Cu2 O,Ba O18 V13,0.742,0.744,0.002,z_b > z_a,log(1 + exp(-(z_b - z_a)))
280,ADJACENT_STRICT_PBE_ORDER_V1,1.0,383,384,308,934,current-nlr-pbe-gw-v1:composition:98bcf3ad2acf2af08e3dbd2492d6a4877d04cb8867c34d379504fe05753f8ee3,current-nlr-pbe-gw-v1:composition:8205e72610ca4ff970e59d251b4322525a2bde514a00c3a961b98bee7c7c83d5,Ba O18 V13,Cu O6 Rh Sr3,0.744,0.745,0.001,z_b > z_a,log(1 + exp(-(z_b - z_a)))
281,ADJACENT_STRICT_PBE_ORDER_V1,1.0,384,385,934,983,current-nlr-pbe-gw-v1:composition:8205e72610ca4ff970e59d251b4322525a2bde514a00c3a961b98bee7c7c83d5,current-nlr-pbe-gw-v1:composition:13a2182b9f1c6dcd0dbfde2ea41a2254ededf6a2e49c2c7784083e2bb31ae24a,Cu O6 Rh Sr3,Cu3 O8 Pb2 Sr2 Y,0.745,0.746,0.001,z_b > z_a,log(1 + exp(-(z_b - z_a)))
282,ADJACENT_STRICT_PBE_ORDER_V1,1.0,385,386,983,1639,current-nlr-pbe-gw-v1:composition:13a2182b9f1c6dcd0dbfde2ea41a2254ededf6a2e49c2c7784083e2bb31ae24a,current-nlr-pbe-gw-v1:composition:47299126f2a6b35076871d0121b236501af71a8f4a4ec00f8e7f5b23de313b82,Cu3 O8 Pb2 Sr2 Y,Mn2 Na14 O9,0.746,0.747,0.001,z_b > z_a,log(1 + exp(-(z_b - z_a)))
283,ADJACENT_STRICT_PBE_ORDER_V1,1.0,387,388,997,1767,current-nlr-pbe-gw-v1:composition:fd841e81f0a0cc34c237f6fac389b76a56c81beb33d311d725a59ad32d4eb7e6,current-nlr-pbe-gw-v1:composition:1c37447c5d6613f5b3b9a08429bc6d1f9bbf288387078eb4bf5a62d5cfd106e7,Cu63 O32,Na O11 V6,0.747,0.748,0.001,z_b > z_a,log(1 + exp(-(z_b - z_a)))
284,ADJACENT_STRICT_PBE_ORDER_V1,1.0,389,390,1942,943,current-nlr-pbe-gw-v1:composition:d6b8a53d77d81637045699a4ea739eb9cc981920c9d0e195a9caba4f510097ad,current-nlr-pbe-gw-v1:composition:0207ccfcea79317f72c50804df3eb292c77093706a1ae8c9c81a68acfe25717d,O11 V6,Cu2 Ga La O7 Sr2,0.748,0.749,0.001,z_b > z_a,log(1 + exp(-(z_b - z_a)))
285,ADJACENT_STRICT_PBE_ORDER_V1,1.0,392,393,1674,1433,current-nlr-pbe-gw-v1:composition:c703715b8607a91d67d31a9bea8e7d6e17196f2c83a6fb797af81ff1eb40853b,current-nlr-pbe-gw-v1:composition:4fb9763e0eda4cad886819680d00039b674a26dfcf5227ace04bb2c11ba31d8e,Mn5 O8 V,K2 O7 Zn6,0.749,0.751,0.002,z_b > z_a,log(1 + exp(-(z_b - z_a)))
286,ADJACENT_STRICT_PBE_ORDER_V1,1.0,395,396,236,373,current-nlr-pbe-gw-v1:composition:cb344d72b41b94f90e7a729bac201b7c6050a9c6ad33e1d530dfd64bbb75db52,current-nlr-pbe-gw-v1:composition:6b70d3376e0d9c4c046026f835d535a254a11fe87bd161fd1916159d0197c250,Ba Cu3 O4,Ba2 Ir La O6,0.751,0.752,0.001,z_b > z_a,log(1 + exp(-(z_b - z_a)))
287,ADJACENT_STRICT_PBE_ORDER_V1,1.0,396,397,373,213,current-nlr-pbe-gw-v1:composition:6b70d3376e0d9c4c046026f835d535a254a11fe87bd161fd1916159d0197c250,current-nlr-pbe-gw-v1:composition:7641079f3ba917e8982e28a0b1f3b25b293b4a06e5cf32f8e19e77a2554dbefd,Ba2 Ir La O6,Ba Co O3,0.752,0.756,0.004,z_b > z_a,log(1 + exp(-(z_b - z_a)))
288,ADJACENT_STRICT_PBE_ORDER_V1,1.0,397,398,213,1551,current-nlr-pbe-gw-v1:composition:7641079f3ba917e8982e28a0b1f3b25b293b4a06e5cf32f8e19e77a2554dbefd,current-nlr-pbe-gw-v1:composition:8463be6e9eda69a4d2e62e06075ca9f511487e1eec984ff4b91f55bbb197475c,Ba Co O3,La8 O21 Ru4,0.756,0.757,0.001,z_b > z_a,log(1 + exp(-(z_b - z_a)))
289,ADJACENT_STRICT_PBE_ORDER_V1,1.0,398,399,1551,1342,current-nlr-pbe-gw-v1:composition:8463be6e9eda69a4d2e62e06075ca9f511487e1eec984ff4b91f55bbb197475c,current-nlr-pbe-gw-v1:composition:5c3b71400865c1bae5228231f20e4589e05ad424a7215a9423e151dc0c5c68e8,La8 O21 Ru4,Ir O6 Sr4,0.757,0.764,0.007,z_b > z_a,log(1 + exp(-(z_b - z_a)))
290,ADJACENT_STRICT_PBE_ORDER_V1,1.0,401,402,65,1589,current-nlr-pbe-gw-v1:composition:bc0452a2c4c7a48688016fad5dbbdd2879fe3197d92160320d6aef5909e7d65f,current-nlr-pbe-gw-v1:composition:f3fa3ec573ff2bf5d7e6c634ae0a2be6930be0589aaf318390790794ed80cfd3,Ag4 O4 Si,Mg3 Nb6 O11,0.764,0.773,0.009,z_b > z_a,log(1 + exp(-(z_b - z_a)))
291,ADJACENT_STRICT_PBE_ORDER_V1,1.0,402,403,1589,1660,current-nlr-pbe-gw-v1:composition:f3fa3ec573ff2bf5d7e6c634ae0a2be6930be0589aaf318390790794ed80cfd3,current-nlr-pbe-gw-v1:composition:b9eea49ba3b0ad6c65281a2ab4732e2dd21f3281278fde9cfaa78d0409c8e1f4,Mg3 Nb6 O11,Mn3 Nb6 O11,0.773,0.774,0.001,z_b > z_a,log(1 + exp(-(z_b - z_a)))
292,ADJACENT_STRICT_PBE_ORDER_V1,1.0,403,404,1660,460,current-nlr-pbe-gw-v1:composition:b9eea49ba3b0ad6c65281a2ab4732e2dd21f3281278fde9cfaa78d0409c8e1f4,current-nlr-pbe-gw-v1:composition:47d6fd046e4e9af5484597e436e7a9b3a24dfc0e04187aff7be43dd30850be40,Mn3 Nb6 O11,Ba3 O9 Ru2 Zr,0.774,0.775,0.001,z_b > z_a,log(1 + exp(-(z_b - z_a)))
293,ADJACENT_STRICT_PBE_ORDER_V1,1.0,404,405,460,988,current-nlr-pbe-gw-v1:composition:47d6fd046e4e9af5484597e436e7a9b3a24dfc0e04187aff7be43dd30850be40,current-nlr-pbe-gw-v1:composition:be128386b55e62723a62d0ef527ed94a01fcedeecc4142c2c35b7e45a71d8273,Ba3 O9 Ru2 Zr,Cu4 O3,0.775,0.776,0.001,z_b > z_a,log(1 + exp(-(z_b - z_a)))
294,ADJACENT_STRICT_PBE_ORDER_V1,1.0,405,406,988,1549,current-nlr-pbe-gw-v1:composition:be128386b55e62723a62d0ef527ed94a01fcedeecc4142c2c35b7e45a71d8273,current-nlr-pbe-gw-v1:composition:1f43d0b640aba4a74eeb12aaa91ec22f854606bec5435c316831169b3ff6af50,Cu4 O3,La7 Mo7 O30,0.776,0.781,0.005,z_b > z_a,log(1 + exp(-(z_b - z_a)))
295,ADJACENT_STRICT_PBE_ORDER_V1,1.0,406,407,1549,785,current-nlr-pbe-gw-v1:composition:1f43d0b640aba4a74eeb12aaa91ec22f854606bec5435c316831169b3ff6af50,current-nlr-pbe-gw-v1:composition:4d3615e74a63dab2c88a65c61359251078f21ed7316255ba96c4dd938d7e7bfc,La7 Mo7 O30,Co3 La3 O8,0.781,0.786,0.005,z_b > z_a,log(1 + exp(-(z_b - z_a)))
296,ADJACENT_STRICT_PBE_ORDER_V1,1.0,407,408,785,731,current-nlr-pbe-gw-v1:composition:4d3615e74a63dab2c88a65c61359251078f21ed7316255ba96c4dd938d7e7bfc,current-nlr-pbe-gw-v1:composition:cae6da4a37b10fdabec6b0469c04d08a032fff732f2e83d6bc9fd00b8e0038e0,Co3 La3 O8,Co Mn O3,0.786,0.787,0.001,z_b > z_a,log(1 + exp(-(z_b - z_a)))
297,ADJACENT_STRICT_PBE_ORDER_V1,1.0,408,409,731,911,current-nlr-pbe-gw-v1:composition:cae6da4a37b10fdabec6b0469c04d08a032fff732f2e83d6bc9fd00b8e0038e0,current-nlr-pbe-gw-v1:composition:7a22819ab31c1b39c2566ca50c2518ff452367d3bb7a6adaa2c7b8b991302259,Co Mn O3,Cu Na O2,0.787,0.788,0.001,z_b > z_a,log(1 + exp(-(z_b - z_a)))
298,ADJACENT_STRICT_PBE_ORDER_V1,1.0,410,411,1861,281,current-nlr-pbe-gw-v1:composition:ef3ee973183ea579a18138056f68276e9cd9785d342d4161f6eb5b7b4bd509af,current-nlr-pbe-gw-v1:composition:eef68ab4bf74030cb77e1d3402b7d2a63dc104e1c874c34dc60274274eadac96,Nb O2,Ba Mn3 O38 Ti18,0.788,0.789,0.001,z_b > z_a,log(1 + exp(-(z_b - z_a)))
299,ADJACENT_STRICT_PBE_ORDER_V1,1.0,411,412,281,749,current-nlr-pbe-gw-v1:composition:eef68ab4bf74030cb77e1d3402b7d2a63dc104e1c874c34dc60274274eadac96,current-nlr-pbe-gw-v1:composition:5a78e410bd42c860ca3530587353c6f2082c08564dd3cf4dc16065208906a049,Ba Mn3 O38 Ti18,Co O2 Rb,0.789,0.79,0.001,z_b > z_a,log(1 + exp(-(z_b - z_a)))
300,ADJACENT_STRICT_PBE_ORDER_V1,1.0,412,413,749,1325,current-nlr-pbe-gw-v1:composition:5a78e410bd42c860ca3530587353c6f2082c08564dd3cf4dc16065208906a049,current-nlr-pbe-gw-v1:composition:980fdd59956f746825902012c896f6ee98a9063b566856dc470b1280f225b354,Co O2 Rb,Ir La2 Mg O6,0.79,0.796,0.006,z_b > z_a,log(1 + exp(-(z_b - z_a)))
301,ADJACENT_STRICT_PBE_ORDER_V1,1.0,413,414,1325,472,current-nlr-pbe-gw-v1:composition:980fdd59956f746825902012c896f6ee98a9063b566856dc470b1280f225b354,current-nlr-pbe-gw-v1:composition:9ab666ec8ab0fb020f5b5efbb646310aada7afa8be8ce402df1bd465f5eab35a,Ir La2 Mg O6,Ba4 O12 Ru3 Zr,0.796,0.8,0.004,z_b > z_a,log(1 + exp(-(z_b - z_a)))
302,ADJACENT_STRICT_PBE_ORDER_V1,1.0,414,415,472,870,current-nlr-pbe-gw-v1:composition:9ab666ec8ab0fb020f5b5efbb646310aada7afa8be8ce402df1bd465f5eab35a,current-nlr-pbe-gw-v1:composition:5455119fc7e2d89e4991f79b058aa66179dbfb5624daf27d07065a9ec4c0ffa0,Ba4 O12 Ru3 Zr,Cr2 O8 Sr3,0.8,0.801,0.001,z_b > z_a,log(1 + exp(-(z_b - z_a)))
303,ADJACENT_STRICT_PBE_ORDER_V1,1.0,417,418,1357,810,current-nlr-pbe-gw-v1:composition:8ac6915e0d02d963542ca6efce7fcf16bb0ac45025afa1c7a3bdf89fbbea5106,current-nlr-pbe-gw-v1:composition:47f8d858b25c0a0128dc08b6118fd820dc838dc0e2b4ff095fcaf936c6484a58,K Mo4 O8,Cr K3 Mn O8,0.801,0.805,0.004,z_b > z_a,log(1 + exp(-(z_b - z_a)))
304,ADJACENT_STRICT_PBE_ORDER_V1,1.0,418,419,810,1539,current-nlr-pbe-gw-v1:composition:47f8d858b25c0a0128dc08b6118fd820dc838dc0e2b4ff095fcaf936c6484a58,current-nlr-pbe-gw-v1:composition:70c42ea408149b827fa7a4dffafe6b4786592a17a1afb31e71506a147f0c673e,Cr K3 Mn O8,La4 Mn5 O22 Si4,0.805,0.806,0.001,z_b > z_a,log(1 + exp(-(z_b - z_a)))
305,ADJACENT_STRICT_PBE_ORDER_V1,1.0,419,420,1539,59,current-nlr-pbe-gw-v1:composition:70c42ea408149b827fa7a4dffafe6b4786592a17a1afb31e71506a147f0c673e,current-nlr-pbe-gw-v1:composition:ca272d370b88579238e44d187118b2dbac2ead4dc58b0faa01c7bb9803e2f81d,La4 Mn5 O22 Si4,Ag3 Na O2,0.806,0.807,0.001,z_b > z_a,log(1 + exp(-(z_b - z_a)))
306,ADJACENT_STRICT_PBE_ORDER_V1,1.0,420,421,59,794,current-nlr-pbe-gw-v1:composition:ca272d370b88579238e44d187118b2dbac2ead4dc58b0faa01c7bb9803e2f81d,current-nlr-pbe-gw-v1:composition:52ac46883ec9b6831a0230a0717e4dbff7be568ba6330f0ae5fc6194722cef9e,Ag3 Na O2,Co5 O15 Sr6,0.807,0.814,0.007,z_b > z_a,log(1 + exp(-(z_b - z_a)))
307,ADJACENT_STRICT_PBE_ORDER_V1,1.0,421,422,794,1328,current-nlr-pbe-gw-v1:composition:52ac46883ec9b6831a0230a0717e4dbff7be568ba6330f0ae5fc6194722cef9e,current-nlr-pbe-gw-v1:composition:3aebddb0df46738cab246a3b0ce8d3f9f26f3856b0692943b5200f3d921c1dda,Co5 O15 Sr6,Ir La2 O6 Zn,0.814,0.817,0.003,z_b > z_a,log(1 + exp(-(z_b - z_a)))
308,ADJACENT_STRICT_PBE_ORDER_V1,1.0,422,423,1328,598,current-nlr-pbe-gw-v1:composition:3aebddb0df46738cab246a3b0ce8d3f9f26f3856b0692943b5200f3d921c1dda,current-nlr-pbe-gw-v1:composition:aa3725b674aacf4a91b38392b03c9a206b2c90fca244a95392f890aa006648f8,Ir La2 O6 Zn,Ca2 Ir O4,0.817,0.819,0.002,z_b > z_a,log(1 + exp(-(z_b - z_a)))
309,ADJACENT_STRICT_PBE_ORDER_V1,1.0,423,424,598,1954,current-nlr-pbe-gw-v1:composition:aa3725b674aacf4a91b38392b03c9a206b2c90fca244a95392f890aa006648f8,current-nlr-pbe-gw-v1:composition:fc0400a4cc37803d1c22faed79c1b30db43a4179bec322f8984d67c55b76fbb3,Ca2 Ir O4,O15 Sr V10,0.819,0.82,0.001,z_b > z_a,log(1 + exp(-(z_b - z_a)))
310,ADJACENT_STRICT_PBE_ORDER_V1,1.0,424,425,1954,202,current-nlr-pbe-gw-v1:composition:fc0400a4cc37803d1c22faed79c1b30db43a4179bec322f8984d67c55b76fbb3,current-nlr-pbe-gw-v1:composition:1753c0d3351fd661a44069b8ad0b045bb88454769a8434d6aeb6628d4af4e734,O15 Sr V10,Au5 O2 Rb7,0.82,0.827,0.007,z_b > z_a,log(1 + exp(-(z_b - z_a)))
311,ADJACENT_STRICT_PBE_ORDER_V1,1.0,426,427,2076,1377,current-nlr-pbe-gw-v1:composition:5d6803fb9ab012aead5d19b87c5e79a87da38ab2121d631fd778ffdb06a30759,current-nlr-pbe-gw-v1:composition:34bc0b798a8b0b27144496fee835ba851c705d105f23a19b5a02711218357f99,O5 V3,K O3 Pd2,0.827,0.829,0.002,z_b > z_a,log(1 + exp(-(z_b - z_a)))
312,ADJACENT_STRICT_PBE_ORDER_V1,1.0,427,428,1377,2047,current-nlr-pbe-gw-v1:composition:34bc0b798a8b0b27144496fee835ba851c705d105f23a19b5a02711218357f99,current-nlr-pbe-gw-v1:composition:80b7cc6422cf634046c330ceb728b05bb6f0cd7a785f925a96c8cd52bc682828,K O3 Pd2,O4 Sn Zn2,0.829,0.833,0.004,z_b > z_a,log(1 + exp(-(z_b - z_a)))
313,ADJACENT_STRICT_PBE_ORDER_V1,1.0,428,429,2047,1367,current-nlr-pbe-gw-v1:composition:80b7cc6422cf634046c330ceb728b05bb6f0cd7a785f925a96c8cd52bc682828,current-nlr-pbe-gw-v1:composition:e5b3e9c474bb84e8df2807f3117118aa5132967b9de70eecba5b3f6fcfa9c672,O4 Sn Zn2,K Na7 O7 Pb2,0.833,0.836,0.003,z_b > z_a,log(1 + exp(-(z_b - z_a)))
314,ADJACENT_STRICT_PBE_ORDER_V1,1.0,429,430,1367,471,current-nlr-pbe-gw-v1:composition:e5b3e9c474bb84e8df2807f3117118aa5132967b9de70eecba5b3f6fcfa9c672,current-nlr-pbe-gw-v1:composition:fd936407ad4aee8dcd1e11440df5b613c26a216a22e423314a12b00d04956cfa,K Na7 O7 Pb2,Ba4 O10 Ru3,0.836,0.838,0.002,z_b > z_a,log(1 + exp(-(z_b - z_a)))
315,ADJACENT_STRICT_PBE_ORDER_V1,1.0,430,431,471,841,current-nlr-pbe-gw-v1:composition:fd936407ad4aee8dcd1e11440df5b613c26a216a22e423314a12b00d04956cfa,current-nlr-pbe-gw-v1:composition:0b94e76aa884cb1721d9ca69613a4184b1ca50f21d41e2a6aa1c7b9d4a212d34,Ba4 O10 Ru3,Cr2 Cu O4,0.838,0.843,0.005,z_b > z_a,log(1 + exp(-(z_b - z_a)))
316,ADJACENT_STRICT_PBE_ORDER_V1,1.0,431,432,841,417,current-nlr-pbe-gw-v1:composition:0b94e76aa884cb1721d9ca69613a4184b1ca50f21d41e2a6aa1c7b9d4a212d34,current-nlr-pbe-gw-v1:composition:c51bdb8d90938defed8de0504632063af86399b4e6ed1dee63d44ae6a492965e,Cr2 Cu O4,Ba3 Cr2 O8,0.843,0.844,0.001,z_b > z_a,log(1 + exp(-(z_b - z_a)))
317,ADJACENT_STRICT_PBE_ORDER_V1,1.0,432,433,417,805,current-nlr-pbe-gw-v1:composition:c51bdb8d90938defed8de0504632063af86399b4e6ed1dee63d44ae6a492965e,current-nlr-pbe-gw-v1:composition:9979d260238547daa450b727896cc9bf29ca1b5dc535f7abb6ea4deae1527e8f,Ba3 Cr2 O8,Cr Hg5 O6,0.844,0.848,0.004,z_b > z_a,log(1 + exp(-(z_b - z_a)))
318,ADJACENT_STRICT_PBE_ORDER_V1,1.0,433,434,805,62,current-nlr-pbe-gw-v1:composition:9979d260238547daa450b727896cc9bf29ca1b5dc535f7abb6ea4deae1527e8f,current-nlr-pbe-gw-v1:composition:38f6d699133a769941e942621c2edb3542e5a600d786cdb9526616431a0a78f6,Cr Hg5 O6,Ag3 O4 Ru,0.848,0.851,0.003,z_b > z_a,log(1 + exp(-(z_b - z_a)))
319,ADJACENT_STRICT_PBE_ORDER_V1,1.0,435,436,1959,814,current-nlr-pbe-gw-v1:composition:fbd0e15b0f9d37637d83e7399a71bcb8c04c25c0bf239b06d46aef327191efa4,current-nlr-pbe-gw-v1:composition:4e2ebc1cc29c0c7c6c45298994da6ecc56344d2eaf1194874e0572b6fbfc21f0,O18 Sr V13,Cr La O4,0.851,0.858,0.007,z_b > z_a,log(1 + exp(-(z_b - z_a)))
320,ADJACENT_STRICT_PBE_ORDER_V1,1.0,436,437,814,1612,current-nlr-pbe-gw-v1:composition:4e2ebc1cc29c0c7c6c45298994da6ecc56344d2eaf1194874e0572b6fbfc21f0,current-nlr-pbe-gw-v1:composition:b4e944674726ab28d9a04d7e5575696e5657a7b4e3a6d1eecf566be75b252df0,Cr La O4,Mn O,0.858,0.864,0.006,z_b > z_a,log(1 + exp(-(z_b - z_a)))
321,ADJACENT_STRICT_PBE_ORDER_V1,1.0,437,438,1612,1991,current-nlr-pbe-gw-v1:composition:b4e944674726ab28d9a04d7e5575696e5657a7b4e3a6d1eecf566be75b252df0,current-nlr-pbe-gw-v1:composition:b2844b21cae24e6cb35e9cec8cd1f690d846ece356d9d86f367c8830bbc003c8,Mn O,O3 Pb Sr,0.864,0.866,0.002,z_b > z_a,log(1 + exp(-(z_b - z_a)))
322,ADJACENT_STRICT_PBE_ORDER_V1,1.0,438,439,1991,769,current-nlr-pbe-gw-v1:composition:b2844b21cae24e6cb35e9cec8cd1f690d846ece356d9d86f367c8830bbc003c8,current-nlr-pbe-gw-v1:composition:c4fd80ab1fcb37ce410177aad059ec23b730afe5f6d58d239697cfa241017b15,O3 Pb Sr,Co2 Mn3 O8,0.866,0.868,0.002,z_b > z_a,log(1 + exp(-(z_b - z_a)))
323,ADJACENT_STRICT_PBE_ORDER_V1,1.0,439,440,769,1485,current-nlr-pbe-gw-v1:composition:c4fd80ab1fcb37ce410177aad059ec23b730afe5f6d58d239697cfa241017b15,current-nlr-pbe-gw-v1:composition:1be661fe4a120b4468fba8251f6e5647c74f5e586aab64e71f5c9841bec207df,Co2 Mn3 O8,La Mo2 O5,0.868,0.87,0.002,z_b > z_a,log(1 + exp(-(z_b - z_a)))
324,ADJACENT_STRICT_PBE_ORDER_V1,1.0,440,441,1485,1902,current-nlr-pbe-gw-v1:composition:1be661fe4a120b4468fba8251f6e5647c74f5e586aab64e71f5c9841bec207df,current-nlr-pbe-gw-v1:composition:0017bb37cea33c1fe93eb12fc24c78c21a52e317514088fdbbd40e28d2d30e0c,La Mo2 O5,Ni O4 Rh2,0.87,0.872,0.002,z_b > z_a,log(1 + exp(-(z_b - z_a)))
325,ADJACENT_STRICT_PBE_ORDER_V1,1.0,441,442,1902,1600,current-nlr-pbe-gw-v1:composition:0017bb37cea33c1fe93eb12fc24c78c21a52e317514088fdbbd40e28d2d30e0c,current-nlr-pbe-gw-v1:composition:6919c35b687ec259be600dceeb27215f0070e9c7e3f1909e01483884b55d0d62,Ni O4 Rh2,Mn Na2 O2,0.872,0.875,0.003,z_b > z_a,log(1 + exp(-(z_b - z_a)))
326,ADJACENT_STRICT_PBE_ORDER_V1,1.0,442,443,1600,72,current-nlr-pbe-gw-v1:composition:6919c35b687ec259be600dceeb27215f0070e9c7e3f1909e01483884b55d0d62,current-nlr-pbe-gw-v1:composition:7b48fa90245d19a70f4eafaffb3881c446186807edf22406bc88d9240ece3426,Mn Na2 O2,Al Au O2,0.875,0.878,0.003,z_b > z_a,log(1 + exp(-(z_b - z_a)))
327,ADJACENT_STRICT_PBE_ORDER_V1,1.0,443,444,72,1731,current-nlr-pbe-gw-v1:composition:7b48fa90245d19a70f4eafaffb3881c446186807edf22406bc88d9240ece3426,current-nlr-pbe-gw-v1:composition:81d56c646d5c4a644ec094909c1a774c8189ca1385f349ae073253e17e8c5087,Al Au O2,N O V,0.878,0.879,0.001,z_b > z_a,log(1 + exp(-(z_b - z_a)))
328,ADJACENT_STRICT_PBE_ORDER_V1,1.0,444,445,1731,1734,current-nlr-pbe-gw-v1:composition:81d56c646d5c4a644ec094909c1a774c8189ca1385f349ae073253e17e8c5087,current-nlr-pbe-gw-v1:composition:441ef681650a9852c8174e45dfd11c9ca88aa6b566b27d06b53cddfa92f7c7d7,N O V,N O35 Zn36,0.879,0.88,0.001,z_b > z_a,log(1 + exp(-(z_b - z_a)))
329,ADJACENT_STRICT_PBE_ORDER_V1,1.0,446,447,620,1654,current-nlr-pbe-gw-v1:composition:86ef8892235ca301960b6fe6d78e88e658cb2612171ec0372c71e5b673aaacf1,current-nlr-pbe-gw-v1:composition:583303820a2479599ed9d17f85e318429ab07b249257d8ba1ea7095d951ec943,Ca3 Cu Ir O6,Mn2 O7 V2,0.88,0.881,0.001,z_b > z_a,log(1 + exp(-(z_b - z_a)))
330,ADJACENT_STRICT_PBE_ORDER_V1,1.0,448,449,1341,1488,current-nlr-pbe-gw-v1:composition:c732590f2d06036a76c21eafd0eae6fff00f1f668c1d05d6095b1a297f2aec6b,current-nlr-pbe-gw-v1:composition:2ff1dc030e1434d5074a8e32a8402e0cd9c8d56f927b439cbe7b9fd1500eeb25,Ir O6 Sr3 Zn,La Mo5 O8,0.881,0.883,0.002,z_b > z_a,log(1 + exp(-(z_b - z_a)))
331,ADJACENT_STRICT_PBE_ORDER_V1,1.0,449,450,1488,977,current-nlr-pbe-gw-v1:composition:2ff1dc030e1434d5074a8e32a8402e0cd9c8d56f927b439cbe7b9fd1500eeb25,current-nlr-pbe-gw-v1:composition:3abe8a5c6dacc243e34039226ec6764ebd156680046073d0625b7020138528a9,La Mo5 O8,Cu3 Na7 O8,0.883,0.891,0.008,z_b > z_a,log(1 + exp(-(z_b - z_a)))
332,ADJACENT_STRICT_PBE_ORDER_V1,1.0,452,453,1337,288,current-nlr-pbe-gw-v1:composition:c8ef9875d0bf71e6346250b39347ffd3878472be3e28660998b372b22391ee3e,current-nlr-pbe-gw-v1:composition:b248f15105c1d191f28be64d65562f305b055dd9f9d52e9a69f5441023522585,Ir Ni O6 Sr3,Ba Nb10 O19 Si,0.891,0.893,0.002,z_b > z_a,log(1 + exp(-(z_b - z_a)))
333,ADJACENT_STRICT_PBE_ORDER_V1,1.0,453,454,288,619,current-nlr-pbe-gw-v1:composition:b248f15105c1d191f28be64d65562f305b055dd9f9d52e9a69f5441023522585,current-nlr-pbe-gw-v1:composition:5a66c4bae6a9347040453e050a5650652fc1cc81098d9ef7cab2dc64c873c237,Ba Nb10 O19 Si,Ca3 Co2 O6,0.893,0.894,0.001,z_b > z_a,log(1 + exp(-(z_b - z_a)))
334,ADJACENT_STRICT_PBE_ORDER_V1,1.0,455,456,247,1777,current-nlr-pbe-gw-v1:composition:5fa23493da9f8298b02ca966ab89e15d33967176fa60d4d3eeeb5da513a907cb,current-nlr-pbe-gw-v1:composition:84e6e258c664d214b5c7dceda68db707dc7b0504d93da208b10a514fea8575e4,Ba Fe4 O7 Y,Na O4 Pt3,0.894,0.896,0.002,z_b > z_a,log(1 + exp(-(z_b - z_a)))
335,ADJACENT_STRICT_PBE_ORDER_V1,1.0,457,458,277,352,current-nlr-pbe-gw-v1:composition:9c73074d63ba1def9efbbd2e7caa30ca3d0078f8effeb5f940de8033bb32a5ea,current-nlr-pbe-gw-v1:composition:3929808d4a97ab77f2ac8a9f6ef1a03461023c476d25ce8ef23d0651d078b5f8,Ba Mn2 O3,Ba2 Cu O6 W,0.896,0.903,0.007,z_b > z_a,log(1 + exp(-(z_b - z_a)))
336,ADJACENT_STRICT_PBE_ORDER_V1,1.0,461,462,481,1626,current-nlr-pbe-gw-v1:composition:cb36541bff1534cdc5bb86b35547b9fe96e908ec3e04e317fe1443a7b77da385,current-nlr-pbe-gw-v1:composition:42b3bb286e5e16017aa29d3b54f7ebb91890c4072d4fdf20e3d57c31f2192c68,Ba6 Cr2 Na2 O17 Ru2,Mn O4 Ti2,0.903,0.906,0.003,z_b > z_a,log(1 + exp(-(z_b - z_a)))
337,ADJACENT_STRICT_PBE_ORDER_V1,1.0,464,465,1741,890,current-nlr-pbe-gw-v1:composition:e0daca02c51548b7c37a775852f0fac229e8d632654938ef0cab45d948ddd536,current-nlr-pbe-gw-v1:composition:f402332060ff87ffe8c2252fac44647f2f09752f8a2338d50f17b151f3c1474a,N2 O Sn2,Cu In2 O4,0.906,0.908,0.002,z_b > z_a,log(1 + exp(-(z_b - z_a)))
338,ADJACENT_STRICT_PBE_ORDER_V1,1.0,465,466,890,999,current-nlr-pbe-gw-v1:composition:f402332060ff87ffe8c2252fac44647f2f09752f8a2338d50f17b151f3c1474a,current-nlr-pbe-gw-v1:composition:9111c7ee2fcc8bb3432f9126018c83edcc9f2a18477042b3933312f0f1fa25c5,Cu In2 O4,Cu64 O31,0.908,0.911,0.003,z_b > z_a,log(1 + exp(-(z_b - z_a)))
339,ADJACENT_STRICT_PBE_ORDER_V1,1.0,467,468,1884,313,current-nlr-pbe-gw-v1:composition:93cb612d441302a5f3234c4a59b36ed7232ab847034e8d3c2f42092cd124dfc4,current-nlr-pbe-gw-v1:composition:10077c5690c412a27cdec57d0c294346199f8b832c9e271983329ac774face41,Nb3 O6 Ti,Ba O3 Ru,0.911,0.913,0.002,z_b > z_a,log(1 + exp(-(z_b - z_a)))
340,ADJACENT_STRICT_PBE_ORDER_V1,1.0,469,470,1698,1315,current-nlr-pbe-gw-v1:composition:fee90fa2bb40a1ec42fbff182efa312729eb79061fae294bb095ff3bfa278025,current-nlr-pbe-gw-v1:composition:eb5d6bbbb0249185ce851b4fcac35d4958ca05120d15cc2d1cbafc3258c3f9cc,Mo2 N O4,In2 O4 Zn,0.913,0.919,0.006,z_b > z_a,log(1 + exp(-(z_b - z_a)))
341,ADJACENT_STRICT_PBE_ORDER_V1,1.0,470,471,1315,317,current-nlr-pbe-gw-v1:composition:eb5d6bbbb0249185ce851b4fcac35d4958ca05120d15cc2d1cbafc3258c3f9cc,current-nlr-pbe-gw-v1:composition:622cf5d2ef6962b95badd1280d9da8329d2f00c161f6707adb4697303e0db315,In2 O4 Zn,Ba O3 V,0.919,0.92,0.001,z_b > z_a,log(1 + exp(-(z_b - z_a)))
342,ADJACENT_STRICT_PBE_ORDER_V1,1.0,471,472,317,1977,current-nlr-pbe-gw-v1:composition:622cf5d2ef6962b95badd1280d9da8329d2f00c161f6707adb4697303e0db315,current-nlr-pbe-gw-v1:composition:a1c685c1453f513ce471dcab834bdb02bff03664fe3832750539876a25e4c4a5,Ba O3 V,O2 V,0.92,0.921,0.001,z_b > z_a,log(1 + exp(-(z_b - z_a)))
343,ADJACENT_STRICT_PBE_ORDER_V1,1.0,472,473,1977,372,current-nlr-pbe-gw-v1:composition:a1c685c1453f513ce471dcab834bdb02bff03664fe3832750539876a25e4c4a5,current-nlr-pbe-gw-v1:composition:b845adf392479f798d4a4935ac01c4bfc50d43fec77b4477e5e3d0faeb0adad9,O2 V,Ba2 In2 O5,0.921,0.923,0.002,z_b > z_a,log(1 + exp(-(z_b - z_a)))
344,ADJACENT_STRICT_PBE_ORDER_V1,1.0,473,474,372,13,current-nlr-pbe-gw-v1:composition:b845adf392479f798d4a4935ac01c4bfc50d43fec77b4477e5e3d0faeb0adad9,current-nlr-pbe-gw-v1:composition:66b9bf0bc715dcc786a799dfca280716904c224f98d6a48872318d33aeb7ad2c,Ba2 In2 O5,Ag Ga O2,0.923,0.924,0.001,z_b > z_a,log(1 + exp(-(z_b - z_a)))
345,ADJACENT_STRICT_PBE_ORDER_V1,1.0,474,475,13,904,current-nlr-pbe-gw-v1:composition:66b9bf0bc715dcc786a799dfca280716904c224f98d6a48872318d33aeb7ad2c,current-nlr-pbe-gw-v1:composition:3d96862037347b8da76c0e5dd752aa1a8dff0009bc4b433f857d08a953a01f10,Ag Ga O2,Cu Mn O2,0.924,0.928,0.004,z_b > z_a,log(1 + exp(-(z_b - z_a)))
346,ADJACENT_STRICT_PBE_ORDER_V1,1.0,475,476,904,761,current-nlr-pbe-gw-v1:composition:3d96862037347b8da76c0e5dd752aa1a8dff0009bc4b433f857d08a953a01f10,current-nlr-pbe-gw-v1:composition:5e10c7b001b2628ed97a087604278ff93a88b1a723b05637b6a986e2f941d5f9,Cu Mn O2,Co2 Cu O4,0.928,0.932,0.004,z_b > z_a,log(1 + exp(-(z_b - z_a)))
347,ADJACENT_STRICT_PBE_ORDER_V1,1.0,478,479,1167,658,current-nlr-pbe-gw-v1:composition:deadbe33d77baac0dafe8162fc69adc26897b125d1a069f7074708e5b2a7bb9d,current-nlr-pbe-gw-v1:composition:2a3f1a541fc3990b3f0577ab61fc22e506d1abdd1514a2fd218f50a057495259,Ge Hg2 O4,Cd In2 O4,0.932,0.933,0.001,z_b > z_a,log(1 + exp(-(z_b - z_a)))
348,ADJACENT_STRICT_PBE_ORDER_V1,1.0,479,480,658,1996,current-nlr-pbe-gw-v1:composition:2a3f1a541fc3990b3f0577ab61fc22e506d1abdd1514a2fd218f50a057495259,current-nlr-pbe-gw-v1:composition:7e3a17a91b68e89d90f09a3ed7f30e4ec2411ce2d526b18232b6fa8c8a452962,Cd In2 O4,O3 Pd Sr2,0.933,0.934,0.001,z_b > z_a,log(1 + exp(-(z_b - z_a)))
349,ADJACENT_STRICT_PBE_ORDER_V1,1.0,480,481,1996,66,current-nlr-pbe-gw-v1:composition:7e3a17a91b68e89d90f09a3ed7f30e4ec2411ce2d526b18232b6fa8c8a452962,current-nlr-pbe-gw-v1:composition:638376af057daf70068468493e7c600b9e2b87dc3540189cfa4ecef7bd229120,O3 Pd Sr2,Ag5 Ge O4,0.934,0.935,0.001,z_b > z_a,log(1 + exp(-(z_b - z_a)))
350,ADJACENT_STRICT_PBE_ORDER_V1,1.0,481,482,66,1738,current-nlr-pbe-gw-v1:composition:638376af057daf70068468493e7c600b9e2b87dc3540189cfa4ecef7bd229120,current-nlr-pbe-gw-v1:composition:dfbede337ccf8d5bed2fe831a2012a282b4e888e97bcc05d8020494acfeb8d79,Ag5 Ge O4,N2 O S2,0.935,0.936,0.001,z_b > z_a,log(1 + exp(-(z_b - z_a)))
351,ADJACENT_STRICT_PBE_ORDER_V1,1.0,482,483,1738,891,current-nlr-pbe-gw-v1:composition:dfbede337ccf8d5bed2fe831a2012a282b4e888e97bcc05d8020494acfeb8d79,current-nlr-pbe-gw-v1:composition:b62a38dbe715ef251e1d2eee14bcc6f7b34d23f63b8dceae5bc173ba084f7bf4,N2 O S2,Cu Ir O6 Sr3,0.936,0.937,0.001,z_b > z_a,log(1 + exp(-(z_b - z_a)))
352,ADJACENT_STRICT_PBE_ORDER_V1,1.0,483,484,891,419,current-nlr-pbe-gw-v1:composition:b62a38dbe715ef251e1d2eee14bcc6f7b34d23f63b8dceae5bc173ba084f7bf4,current-nlr-pbe-gw-v1:composition:fc0428be6f950c1b58b2c7eacbec26bf7e11a9e2713fd0a59643058ee4732f08,Cu Ir O6 Sr3,Ba3 Cu O9 Ru2,0.937,0.941,0.004,z_b > z_a,log(1 + exp(-(z_b - z_a)))
353,ADJACENT_STRICT_PBE_ORDER_V1,1.0,484,485,419,2119,current-nlr-pbe-gw-v1:composition:fc0428be6f950c1b58b2c7eacbec26bf7e11a9e2713fd0a59643058ee4732f08,current-nlr-pbe-gw-v1:composition:3d3bc4856680ab1566f7a5370428e9a7a211db63847efa36a658642c6349b194,Ba3 Cu O9 Ru2,O7 V2 Y2,0.941,0.943,0.002,z_b > z_a,log(1 + exp(-(z_b - z_a)))
354,ADJACENT_STRICT_PBE_ORDER_V1,1.0,485,486,2119,2122,current-nlr-pbe-gw-v1:composition:3d3bc4856680ab1566f7a5370428e9a7a211db63847efa36a658642c6349b194,current-nlr-pbe-gw-v1:composition:def3657318c035204e191f8c4ae7e9994f932c697b4e0bb2f18f21c84b8f644f,O7 V2 Y2,O7 V3,0.943,0.944,0.001,z_b > z_a,log(1 + exp(-(z_b - z_a)))
355,ADJACENT_STRICT_PBE_ORDER_V1,1.0,486,487,2122,1939,current-nlr-pbe-gw-v1:composition:def3657318c035204e191f8c4ae7e9994f932c697b4e0bb2f18f21c84b8f644f,current-nlr-pbe-gw-v1:composition:7beba38bc32489eecd635d97cc01bb7845a1242b924bdc2556df9af2690f8d01,O7 V3,O11 Pb Pt4 Sr4,0.944,0.947,0.003,z_b > z_a,log(1 + exp(-(z_b - z_a)))
356,ADJACENT_STRICT_PBE_ORDER_V1,1.0,487,488,1939,67,current-nlr-pbe-gw-v1:composition:7beba38bc32489eecd635d97cc01bb7845a1242b924bdc2556df9af2690f8d01,current-nlr-pbe-gw-v1:composition:b5feb9f3267cc64d24fb5c04a93922a035a92a51c6c51426759f4923d2b3b437,O11 Pb Pt4 Sr4,Ag5 O4 Si,0.947,0.949,0.002,z_b > z_a,log(1 + exp(-(z_b - z_a)))
357,ADJACENT_STRICT_PBE_ORDER_V1,1.0,488,489,67,427,current-nlr-pbe-gw-v1:composition:b5feb9f3267cc64d24fb5c04a93922a035a92a51c6c51426759f4923d2b3b437,current-nlr-pbe-gw-v1:composition:762f27f656a7f5ca65713536f19600349ba1e6aa618a4169f5c0e071b6231ba9,Ag5 O4 Si,Ba3 In2 O6,0.949,0.95,0.001,z_b > z_a,log(1 + exp(-(z_b - z_a)))
358,ADJACENT_STRICT_PBE_ORDER_V1,1.0,489,490,427,2123,current-nlr-pbe-gw-v1:composition:762f27f656a7f5ca65713536f19600349ba1e6aa618a4169f5c0e071b6231ba9,current-nlr-pbe-gw-v1:composition:58d5ccb6ba780dd921b360d3aa4cad3ca8d0f1b20abcfd4b8db9141c369da01b,Ba3 In2 O6,O7 V4,0.95,0.951,0.001,z_b > z_a,log(1 + exp(-(z_b - z_a)))
359,ADJACENT_STRICT_PBE_ORDER_V1,1.0,490,491,2123,1863,current-nlr-pbe-gw-v1:composition:58d5ccb6ba780dd921b360d3aa4cad3ca8d0f1b20abcfd4b8db9141c369da01b,current-nlr-pbe-gw-v1:composition:e3d3fc581aaea60affdf31345a92cebccde57bdb960630fb944407d6cd9fabc9,O7 V4,Nb O3 Sr,0.951,0.959,0.008,z_b > z_a,log(1 + exp(-(z_b - z_a)))
360,ADJACENT_STRICT_PBE_ORDER_V1,1.0,491,492,1863,884,current-nlr-pbe-gw-v1:composition:e3d3fc581aaea60affdf31345a92cebccde57bdb960630fb944407d6cd9fabc9,current-nlr-pbe-gw-v1:composition:1562483fbca6e3f758dbf40f9c004b1b01656af2f8f7bcbba1506bf847e2b1ab,Nb O3 Sr,Cu Fe O2,0.959,0.962,0.003,z_b > z_a,log(1 + exp(-(z_b - z_a)))
361,ADJACENT_STRICT_PBE_ORDER_V1,1.0,492,493,884,1124,current-nlr-pbe-gw-v1:composition:1562483fbca6e3f758dbf40f9c004b1b01656af2f8f7bcbba1506bf847e2b1ab,current-nlr-pbe-gw-v1:composition:c5b5432cc569249e6b34d228b8317bb8793f86771fadd80d61982435023c0dfc,Cu Fe O2,Ga In O7 Zn4,0.962,0.964,0.002,z_b > z_a,log(1 + exp(-(z_b - z_a)))
362,ADJACENT_STRICT_PBE_ORDER_V1,1.0,493,494,1124,1087,current-nlr-pbe-gw-v1:composition:c5b5432cc569249e6b34d228b8317bb8793f86771fadd80d61982435023c0dfc,current-nlr-pbe-gw-v1:composition:16057c3caaa38159fec10ed64a78cc8f601c7f4d2137a431e2876d346a8fa7ac,Ga In O7 Zn4,Fe2 Ni O4,0.964,0.969,0.005,z_b > z_a,log(1 + exp(-(z_b - z_a)))
363,ADJACENT_STRICT_PBE_ORDER_V1,1.0,494,495,1087,1310,current-nlr-pbe-gw-v1:composition:16057c3caaa38159fec10ed64a78cc8f601c7f4d2137a431e2876d346a8fa7ac,current-nlr-pbe-gw-v1:composition:6693e36c0af5bf0efbd870f8534018e9d51201456a911b08658672b93221a853,Fe2 Ni O4,In2 O3,0.969,0.97,0.001,z_b > z_a,log(1 + exp(-(z_b - z_a)))
364,ADJACENT_STRICT_PBE_ORDER_V1,1.0,497,498,476,458,current-nlr-pbe-gw-v1:composition:dbc99bb21d3485f6b1e4ec86b7fd9dfd0f4f3615d295493c98db5312dd88aceb,current-nlr-pbe-gw-v1:composition:26903e4e573415a170955570b3b8a037a74d8e1b0664cb93b7a9dd17e46ee1df,Ba5 Co5 O14,Ba3 O9 Ru2 Y,0.97,0.971,0.001,z_b > z_a,log(1 + exp(-(z_b - z_a)))
365,ADJACENT_STRICT_PBE_ORDER_V1,1.0,499,500,209,561,current-nlr-pbe-gw-v1:composition:4c2612a55a2a6c413e6cf9038412dc53b9775ef09c677b52cdf6a7c37b38049f,current-nlr-pbe-gw-v1:composition:b41feb5113ad8c9cc0d9577d0be506142902aa1e51f9f95e7d8dbdd61e5093b1,Ba Cd O2,Ca O3 Pb,0.971,0.973,0.002,z_b > z_a,log(1 + exp(-(z_b - z_a)))
366,ADJACENT_STRICT_PBE_ORDER_V1,1.0,500,501,561,70,current-nlr-pbe-gw-v1:composition:b41feb5113ad8c9cc0d9577d0be506142902aa1e51f9f95e7d8dbdd61e5093b1,current-nlr-pbe-gw-v1:composition:e4fad44b46b336fd986ad5e24d15238d2b9de0d3f4d8f2831761ce87e56d2466,Ca O3 Pb,Ag6 O4 Sr,0.973,0.976,0.003,z_b > z_a,log(1 + exp(-(z_b - z_a)))
367,ADJACENT_STRICT_PBE_ORDER_V1,1.0,501,502,70,568,current-nlr-pbe-gw-v1:composition:e4fad44b46b336fd986ad5e24d15238d2b9de0d3f4d8f2831761ce87e56d2466,current-nlr-pbe-gw-v1:composition:d4d97ffe4df1bffc0d19fe168f5c2ab3adf42200261e182ac6b216fdcff34138,Ag6 O4 Sr,Ca O3 V,0.976,0.981,0.005,z_b > z_a,log(1 + exp(-(z_b - z_a)))
368,ADJACENT_STRICT_PBE_ORDER_V1,1.0,502,503,568,1595,current-nlr-pbe-gw-v1:composition:d4d97ffe4df1bffc0d19fe168f5c2ab3adf42200261e182ac6b216fdcff34138,current-nlr-pbe-gw-v1:composition:2440fc112e060fc90ec83fa44eda5697d66fc3e8726319a14c6d23769a9907a3,Ca O3 V,Mn Mo O6 Sr2,0.981,0.982,0.001,z_b > z_a,log(1 + exp(-(z_b - z_a)))
369,ADJACENT_STRICT_PBE_ORDER_V1,1.0,505,506,734,670,current-nlr-pbe-gw-v1:composition:eeeb9e01456d4abece6f5dac8014d95a6f986d508f1f5bbd4f4203e7066ac402,current-nlr-pbe-gw-v1:composition:f2bc3185ac24a36188083191ffcc80d478bfe85b05024c5d31355c65c0cdfacf,Co Mo O6 Sr2,Cd O3 Sn,0.982,0.987,0.005,z_b > z_a,log(1 + exp(-(z_b - z_a)))
370,ADJACENT_STRICT_PBE_ORDER_V1,1.0,506,507,670,722,current-nlr-pbe-gw-v1:composition:f2bc3185ac24a36188083191ffcc80d478bfe85b05024c5d31355c65c0cdfacf,current-nlr-pbe-gw-v1:composition:195c94a6027b43f69b42e6af2b4b21ddf319b4570d2b851a73be87e303c8a2ae,Cd O3 Sn,Co K O2,0.987,0.991,0.004,z_b > z_a,log(1 + exp(-(z_b - z_a)))
371,ADJACENT_STRICT_PBE_ORDER_V1,1.0,508,509,1618,306,current-nlr-pbe-gw-v1:composition:71ef86c972d24d1b6605a50a7fcbf8a152da35786e855ac63c5cbec602c199f8,current-nlr-pbe-gw-v1:composition:da325898ec28415cd2de9acc516b3df36c23569024220a2d35fa26ea9e3dd234,Mn O3 Sn,Ba O15 V10,0.991,0.992,0.001,z_b > z_a,log(1 + exp(-(z_b - z_a)))
372,ADJACENT_STRICT_PBE_ORDER_V1,1.0,509,510,306,364,current-nlr-pbe-gw-v1:composition:da325898ec28415cd2de9acc516b3df36c23569024220a2d35fa26ea9e3dd234,current-nlr-pbe-gw-v1:composition:2ae4cca69be34b69318d83e7bae5d95b2f2ddcb6051f58238e5f0443184a6666,Ba O15 V10,Ba2 Fe O6 W,0.992,0.995,0.003,z_b > z_a,log(1 + exp(-(z_b - z_a)))
373,ADJACENT_STRICT_PBE_ORDER_V1,1.0,510,511,364,913,current-nlr-pbe-gw-v1:composition:2ae4cca69be34b69318d83e7bae5d95b2f2ddcb6051f58238e5f0443184a6666,current-nlr-pbe-gw-v1:composition:c6e9bb85349945eb28f7dfe67ff667e7fba1590040920e18d70a32a72a311f9d,Ba2 Fe O6 W,Cu Na2 O2,0.995,0.997,0.002,z_b > z_a,log(1 + exp(-(z_b - z_a)))
374,ADJACENT_STRICT_PBE_ORDER_V1,1.0,511,512,913,2097,current-nlr-pbe-gw-v1:composition:c6e9bb85349945eb28f7dfe67ff667e7fba1590040920e18d70a32a72a311f9d,current-nlr-pbe-gw-v1:composition:2800b0f70b5909ff47546af6184934f92a40355d69383d711ec82478a0fcbf29,Cu Na2 O2,O7 Pb4 Rb2,0.997,0.998,0.001,z_b > z_a,log(1 + exp(-(z_b - z_a)))
375,ADJACENT_STRICT_PBE_ORDER_V1,1.0,512,513,2097,1316,current-nlr-pbe-gw-v1:composition:2800b0f70b5909ff47546af6184934f92a40355d69383d711ec82478a0fcbf29,current-nlr-pbe-gw-v1:composition:33bca2afffde0b2ddf37c7339ee25dfef1100b4367038f12a512d6bb896ce011,O7 Pb4 Rb2,In2 O5 Sr2,0.998,0.999,0.001,z_b > z_a,log(1 + exp(-(z_b - z_a)))
376,ADJACENT_STRICT_PBE_ORDER_V1,1.0,513,514,1316,720,current-nlr-pbe-gw-v1:composition:33bca2afffde0b2ddf37c7339ee25dfef1100b4367038f12a512d6bb896ce011,current-nlr-pbe-gw-v1:composition:b2a547348bdee31ae0509d32cd341a31cdc15e4dc50fabfba6360d198cf61ceb,In2 O5 Sr2,Co In2 O4,0.999,1.008,0.009,z_b > z_a,log(1 + exp(-(z_b - z_a)))
377,ADJACENT_STRICT_PBE_ORDER_V1,1.0,514,515,720,1279,current-nlr-pbe-gw-v1:composition:b2a547348bdee31ae0509d32cd341a31cdc15e4dc50fabfba6360d198cf61ceb,current-nlr-pbe-gw-v1:composition:c4b01b53f2b7ed4ece08e1433b79d3f62c08b19a883edc034523122d62927323,Co In2 O4,Hg2 O4 Ti,1.008,1.01,0.002,z_b > z_a,log(1 + exp(-(z_b - z_a)))
378,ADJACENT_STRICT_PBE_ORDER_V1,1.0,515,516,1279,955,current-nlr-pbe-gw-v1:composition:c4b01b53f2b7ed4ece08e1433b79d3f62c08b19a883edc034523122d62927323,current-nlr-pbe-gw-v1:composition:aa8e09eb1125c01aebeae61a0934030a5314f4c2a9ef278fb341f8ad0015bd0b,Hg2 O4 Ti,Cu2 Na O2,1.01,1.013,0.003,z_b > z_a,log(1 + exp(-(z_b - z_a)))
379,ADJACENT_STRICT_PBE_ORDER_V1,1.0,516,517,955,1576,current-nlr-pbe-gw-v1:composition:aa8e09eb1125c01aebeae61a0934030a5314f4c2a9ef278fb341f8ad0015bd0b,current-nlr-pbe-gw-v1:composition:86ae630f155319e2ffa9150ff15eaf5901897b45f3ab3177fe65a460f8a0116f,Cu2 Na O2,Mg O6 Sb2,1.013,1.014,0.001,z_b > z_a,log(1 + exp(-(z_b - z_a)))
380,ADJACENT_STRICT_PBE_ORDER_V1,1.0,517,518,1576,1700,current-nlr-pbe-gw-v1:composition:86ae630f155319e2ffa9150ff15eaf5901897b45f3ab3177fe65a460f8a0116f,current-nlr-pbe-gw-v1:composition:3b5dd6ded8604d38c4dfe9bf996d9994528aef3aedbfd654b5db0c9eef0bef95,Mg O6 Sb2,Mo2 O12 Y5,1.014,1.016,0.002,z_b > z_a,log(1 + exp(-(z_b - z_a)))
381,ADJACENT_STRICT_PBE_ORDER_V1,1.0,518,519,1700,354,current-nlr-pbe-gw-v1:composition:3b5dd6ded8604d38c4dfe9bf996d9994528aef3aedbfd654b5db0c9eef0bef95,current-nlr-pbe-gw-v1:composition:55e5484ad6fc1c4f944949d12f2263d35593988457ca306e4688a8659e7f571f,Mo2 O12 Y5,Ba2 Cu O8 Pt Y2,1.016,1.017,0.001,z_b > z_a,log(1 + exp(-(z_b - z_a)))
382,ADJACENT_STRICT_PBE_ORDER_V1,1.0,519,520,354,1349,current-nlr-pbe-gw-v1:composition:55e5484ad6fc1c4f944949d12f2263d35593988457ca306e4688a8659e7f571f,current-nlr-pbe-gw-v1:composition:544476fa19b65b0097d69e4ef1e21fa9d465161e4a21e05140d97c8a38cde60c,Ba2 Cu O8 Pt Y2,K La O3 Pd,1.017,1.02,0.003,z_b > z_a,log(1 + exp(-(z_b - z_a)))
383,ADJACENT_STRICT_PBE_ORDER_V1,1.0,521,522,811,1307,current-nlr-pbe-gw-v1:composition:55f5edeb5ba6775ec76a71bf88d6496c07d8387dc2291fab9eba8b09e7636558,current-nlr-pbe-gw-v1:composition:2ee0b96165e9fd58531128693d60cb68b3038e34d7f58a9d9073b00dc68857f4,Cr K3 O4,In2 Mn O4,1.02,1.022,0.002,z_b > z_a,log(1 + exp(-(z_b - z_a)))
384,ADJACENT_STRICT_PBE_ORDER_V1,1.0,523,524,1616,435,current-nlr-pbe-gw-v1:composition:4280eb9f28ce7804fc88d8eca4fac73a1bc084f19ac29d8fa15ffc93f53efeb6,current-nlr-pbe-gw-v1:composition:460d1b6612203d40b987990210d73d955c6f42fb838df768696bbeea4361ed60,Mn O3 Sc,Ba3 La O9 Ru2,1.022,1.027,0.005,z_b > z_a,log(1 + exp(-(z_b - z_a)))
385,ADJACENT_STRICT_PBE_ORDER_V1,1.0,524,525,435,1789,current-nlr-pbe-gw-v1:composition:460d1b6612203d40b987990210d73d955c6f42fb838df768696bbeea4361ed60,current-nlr-pbe-gw-v1:composition:6b360cc69310ccedaac9a334d47160abc0cc1723b4dd8476f08e3dbd503873d2,Ba3 La O9 Ru2,Na O6 Si2 Ti,1.027,1.032,0.005,z_b > z_a,log(1 + exp(-(z_b - z_a)))
386,ADJACENT_STRICT_PBE_ORDER_V1,1.0,526,527,1110,1047,current-nlr-pbe-gw-v1:composition:e0c5d25d803209ea8f44b8a8ecd00dd3ae3fbb54b1d486cf410470881a140c11,current-nlr-pbe-gw-v1:composition:38a8774d44e7e1e67e9b9f6c37677a573d03eac891287a66fa2296ddf50aa2b8,Fe4 Mn3 O24 V6,Fe O,1.032,1.034,0.002,z_b > z_a,log(1 + exp(-(z_b - z_a)))
387,ADJACENT_STRICT_PBE_ORDER_V1,1.0,527,528,1047,1655,current-nlr-pbe-gw-v1:composition:38a8774d44e7e1e67e9b9f6c37677a573d03eac891287a66fa2296ddf50aa2b8,current-nlr-pbe-gw-v1:composition:40938b3d4e3a7d6f90467fda81220269f0db8b547eca76ede459be2b6ebf57cb,Fe O,Mn2 O7 Y2,1.034,1.039,0.005,z_b > z_a,log(1 + exp(-(z_b - z_a)))
388,ADJACENT_STRICT_PBE_ORDER_V1,1.0,528,529,1655,716,current-nlr-pbe-gw-v1:composition:40938b3d4e3a7d6f90467fda81220269f0db8b547eca76ede459be2b6ebf57cb,current-nlr-pbe-gw-v1:composition:2e7a74218960ad8f281338db47363ffe9337e8cce8339b618630ae99b8fc372d,Mn2 O7 Y2,Co Fe2 O4,1.039,1.042,0.003,z_b > z_a,log(1 + exp(-(z_b - z_a)))
389,ADJACENT_STRICT_PBE_ORDER_V1,1.0,529,530,716,782,current-nlr-pbe-gw-v1:composition:2e7a74218960ad8f281338db47363ffe9337e8cce8339b618630ae99b8fc372d,current-nlr-pbe-gw-v1:composition:36f7a28fa7ca11be8e56d3b7b8c689b05222cf0a63f065d04d660d9c2619e23f,Co Fe2 O4,Co2 O6 Sr3,1.042,1.044,0.002,z_b > z_a,log(1 + exp(-(z_b - z_a)))
390,ADJACENT_STRICT_PBE_ORDER_V1,1.0,530,531,782,1332,current-nlr-pbe-gw-v1:composition:36f7a28fa7ca11be8e56d3b7b8c689b05222cf0a63f065d04d660d9c2619e23f,current-nlr-pbe-gw-v1:composition:3f99b518e90af56668274d9a280114599354e9edc610ef2ee52078c3bb4e5f69,Co2 O6 Sr3,Ir N O,1.044,1.047,0.003,z_b > z_a,log(1 + exp(-(z_b - z_a)))
391,ADJACENT_STRICT_PBE_ORDER_V1,1.0,531,532,1332,1545,current-nlr-pbe-gw-v1:composition:3f99b518e90af56668274d9a280114599354e9edc610ef2ee52078c3bb4e5f69,current-nlr-pbe-gw-v1:composition:6dc1a5f03cd8fb4e0514758d692b69c798a82bfd94bbba750a144efffadb4aab,Ir N O,La4 O7 Pd,1.047,1.052,0.005,z_b > z_a,log(1 + exp(-(z_b - z_a)))
392,ADJACENT_STRICT_PBE_ORDER_V1,1.0,533,534,1837,1879,current-nlr-pbe-gw-v1:composition:ea64eb69dfeb46c46f9f17a1081eeafb03cdaf7deb53281f058748e1d8c1a4e7,current-nlr-pbe-gw-v1:composition:716300a7667ff7e97f917be3b40a6e211e4ae8ba381d001d9895f51baed51fdd,Na3 O4 Ru,Nb2 O7 Sn2,1.052,1.054,0.002,z_b > z_a,log(1 + exp(-(z_b - z_a)))
393,ADJACENT_STRICT_PBE_ORDER_V1,1.0,534,535,1879,1523,current-nlr-pbe-gw-v1:composition:716300a7667ff7e97f917be3b40a6e211e4ae8ba381d001d9895f51baed51fdd,current-nlr-pbe-gw-v1:composition:82eee64443257c8352043f69891e4ab3b579ec1ed4f903638e2c280d02d3c7e7,Nb2 O7 Sn2,La2 O5 Ru,1.054,1.063,0.009,z_b > z_a,log(1 + exp(-(z_b - z_a)))
394,ADJACENT_STRICT_PBE_ORDER_V1,1.0,536,537,592,929,current-nlr-pbe-gw-v1:composition:adfc60927dbcec7beb160872b5610ea8a9310b5672f5de04ca6908ec487f0be9,current-nlr-pbe-gw-v1:composition:41aa476b7292b315fe2a10b1adcecac1fc3e16a75db3aad52d9e2a694706f51d,Ca2 Fe Mo O6,Cu O3 V,1.063,1.068,0.005,z_b > z_a,log(1 + exp(-(z_b - z_a)))
395,ADJACENT_STRICT_PBE_ORDER_V1,1.0,539,540,2101,847,current-nlr-pbe-gw-v1:composition:50b4fcb6ee9f86b27cc3483f6ffa8f321889ed3f0b81f38de35979730cdcc50d,current-nlr-pbe-gw-v1:composition:e3364158678cf1bedcf65beea0183a0f37619da417da4f455d3369dcd19259f2,O7 Ru2 Y2,Cr2 Hg O4,1.068,1.074,0.006,z_b > z_a,log(1 + exp(-(z_b - z_a)))
396,ADJACENT_STRICT_PBE_ORDER_V1,1.0,540,541,847,682,current-nlr-pbe-gw-v1:composition:e3364158678cf1bedcf65beea0183a0f37619da417da4f455d3369dcd19259f2,current-nlr-pbe-gw-v1:composition:2001315a5e95f975d76896258494eeec4b97ddd990055e111c6654ad145d5ab7,Cr2 Hg O4,Cd2 Ge O4,1.074,1.087,0.013,z_b > z_a,log(1 + exp(-(z_b - z_a)))
397,ADJACENT_STRICT_PBE_ORDER_V1,1.0,542,543,124,2009,current-nlr-pbe-gw-v1:composition:c30a26ea7fa9cce315a114bada8b0cd780b2e52f20fb835e64e7ddf7c5c2747b,current-nlr-pbe-gw-v1:composition:d16f8eac747d15377b115cfc063f50eb2aa1ff6de2e78e12189a9d31ddd35185,Al2 Cr O4,O3 Sn Zn,1.087,1.088,0.001,z_b > z_a,log(1 + exp(-(z_b - z_a)))
398,ADJACENT_STRICT_PBE_ORDER_V1,1.0,543,544,2009,68,current-nlr-pbe-gw-v1:composition:d16f8eac747d15377b115cfc063f50eb2aa1ff6de2e78e12189a9d31ddd35185,current-nlr-pbe-gw-v1:composition:bd551de622981d701ff0302d1c71bce86437b0e81c344048abb61ebb54ef7977,O3 Sn Zn,Ag6 Ba O4,1.088,1.091,0.003,z_b > z_a,log(1 + exp(-(z_b - z_a)))
399,ADJACENT_STRICT_PBE_ORDER_V1,1.0,544,545,68,1264,current-nlr-pbe-gw-v1:composition:bd551de622981d701ff0302d1c71bce86437b0e81c344048abb61ebb54ef7977,current-nlr-pbe-gw-v1:composition:29c355a4464a2cfd4697d5464fdb472599d5f835ba67e200b06c7e7a3c407c81,Ag6 Ba O4,Hg O,1.091,1.092,0.001,z_b > z_a,log(1 + exp(-(z_b - z_a)))
400,ADJACENT_STRICT_PBE_ORDER_V1,1.0,547,548,1855,1588,current-nlr-pbe-gw-v1:composition:9f1c33581187a3ca29615d67e25639a1df39a01c83530a6cff0e18e35699af36,current-nlr-pbe-gw-v1:composition:04367c9d31d3b43852a1176130e5344022782ce3f9a83249ea902a31912b38fa,Na6 O5 Pb,Mg3 Mn2 O12 Si3,1.092,1.093,0.001,z_b > z_a,log(1 + exp(-(z_b - z_a)))
401,ADJACENT_STRICT_PBE_ORDER_V1,1.0,548,549,1588,2046,current-nlr-pbe-gw-v1:composition:04367c9d31d3b43852a1176130e5344022782ce3f9a83249ea902a31912b38fa,current-nlr-pbe-gw-v1:composition:9ebb877b86f2d8fc73c4a77d41570fba1b9d4e08f2bb29c67d8d23fb8a0d47c4,Mg3 Mn2 O12 Si3,O4 Sn W,1.093,1.1,0.007,z_b > z_a,log(1 + exp(-(z_b - z_a)))
402,ADJACENT_STRICT_PBE_ORDER_V1,1.0,549,550,2046,259,current-nlr-pbe-gw-v1:composition:9ebb877b86f2d8fc73c4a77d41570fba1b9d4e08f2bb29c67d8d23fb8a0d47c4,current-nlr-pbe-gw-v1:composition:79e4d15a9d63ccb8e806e36150f04fc1beeef75f4d2d17eb58d866cc87039a12,O4 Sn W,Ba Hg O5 Ru,1.1,1.103,0.003,z_b > z_a,log(1 + exp(-(z_b - z_a)))
403,ADJACENT_STRICT_PBE_ORDER_V1,1.0,551,552,1995,728,current-nlr-pbe-gw-v1:composition:df6f413b7bf22d5251ce42078c0eb0225db93f37f516c22d93c2d0cc733b5fb8,current-nlr-pbe-gw-v1:composition:56441f4481d94683fa08059f9166f510bffa053c8b486e5dbde51c499653cef3,O3 Pb2,Co La O3,1.103,1.106,0.003,z_b > z_a,log(1 + exp(-(z_b - z_a)))
404,ADJACENT_STRICT_PBE_ORDER_V1,1.0,553,554,2022,1065,current-nlr-pbe-gw-v1:composition:879c425bacde5faa23a88e828abfdea9841b7fe0a34a1d5834a1f58904f18168,current-nlr-pbe-gw-v1:composition:70f87b530f8179981e4597cbcfe21c9b6a551ba0d1ecf48cac865c0cb6b2525f,O36 Zn35,Fe2 K2 Nb4 O13,1.106,1.107,0.001,z_b > z_a,log(1 + exp(-(z_b - z_a)))
405,ADJACENT_STRICT_PBE_ORDER_V1,1.0,554,555,1065,198,current-nlr-pbe-gw-v1:composition:70f87b530f8179981e4597cbcfe21c9b6a551ba0d1ecf48cac865c0cb6b2525f,current-nlr-pbe-gw-v1:composition:3a41f44093bc95fa968f09eb97e4a9439842637b6cee6ced97186ea65a9d67d9,Fe2 K2 Nb4 O13,Au2 O3,1.107,1.108,0.001,z_b > z_a,log(1 + exp(-(z_b - z_a)))
406,ADJACENT_STRICT_PBE_ORDER_V1,1.0,556,557,516,885,current-nlr-pbe-gw-v1:composition:94ba91843486278d592b382f2fbd7b2548b1cbdf15a529b17d807de4f2643d0b,current-nlr-pbe-gw-v1:composition:5eab7424f98d1f6c970a7bd477418be6dca168d7038052bae51d765d2223f37f,C3 N2 O2,Cu Ga O2,1.108,1.122,0.014,z_b > z_a,log(1 + exp(-(z_b - z_a)))
407,ADJACENT_STRICT_PBE_ORDER_V1,1.0,557,558,885,2028,current-nlr-pbe-gw-v1:composition:5eab7424f98d1f6c970a7bd477418be6dca168d7038052bae51d765d2223f37f,current-nlr-pbe-gw-v1:composition:81b1ed31206259dc2f1218ea82ad59583faa63cc2c954cfe824073f6afa16c75,Cu Ga O2,O4 Pb3,1.122,1.123,0.001,z_b > z_a,log(1 + exp(-(z_b - z_a)))
408,ADJACENT_STRICT_PBE_ORDER_V1,1.0,558,559,2028,754,current-nlr-pbe-gw-v1:composition:81b1ed31206259dc2f1218ea82ad59583faa63cc2c954cfe824073f6afa16c75,current-nlr-pbe-gw-v1:composition:5cda5f2cdc0c494c23d687fd614772f5a3b85c3591bfd6526fa57f134d2d8ff6,O4 Pb3,Co O3 Y,1.123,1.124,0.001,z_b > z_a,log(1 + exp(-(z_b - z_a)))
409,ADJACENT_STRICT_PBE_ORDER_V1,1.0,559,560,754,992,current-nlr-pbe-gw-v1:composition:5cda5f2cdc0c494c23d687fd614772f5a3b85c3591bfd6526fa57f134d2d8ff6,current-nlr-pbe-gw-v1:composition:5e898c771fcacbd23aafb8566091fc40bd305ab78081b14ae915be3d9843c721,Co O3 Y,Cu5 O10 V2,1.124,1.125,0.001,z_b > z_a,log(1 + exp(-(z_b - z_a)))
410,ADJACENT_STRICT_PBE_ORDER_V1,1.0,560,561,992,1062,current-nlr-pbe-gw-v1:composition:5e898c771fcacbd23aafb8566091fc40bd305ab78081b14ae915be3d9843c721,current-nlr-pbe-gw-v1:composition:97f8169c76d178f03c0abb3ae195b9eb60e18b70c7da8424ed38e768421b00e3,Cu5 O10 V2,Fe12 O19 Sr,1.125,1.126,0.001,z_b > z_a,log(1 + exp(-(z_b - z_a)))
411,ADJACENT_STRICT_PBE_ORDER_V1,1.0,561,562,1062,490,current-nlr-pbe-gw-v1:composition:97f8169c76d178f03c0abb3ae195b9eb60e18b70c7da8424ed38e768421b00e3,current-nlr-pbe-gw-v1:composition:7c33bd2fbe1f9bc9a536aa1d0bededa3876ddf6519b531e4bd91b5ba81386d17,Fe12 O19 Sr,Ba8 O22 V7,1.126,1.128,0.002,z_b > z_a,log(1 + exp(-(z_b - z_a)))
412,ADJACENT_STRICT_PBE_ORDER_V1,1.0,562,563,490,2049,current-nlr-pbe-gw-v1:composition:7c33bd2fbe1f9bc9a536aa1d0bededa3876ddf6519b531e4bd91b5ba81386d17,current-nlr-pbe-gw-v1:composition:6ba4816da88f4f7e89481cc5680127271aced3d1b2d83e035e0c58d7d71ab137,Ba8 O22 V7,O4 Sn2 Zn,1.128,1.13,0.002,z_b > z_a,log(1 + exp(-(z_b - z_a)))
413,ADJACENT_STRICT_PBE_ORDER_V1,1.0,563,564,2049,747,current-nlr-pbe-gw-v1:composition:6ba4816da88f4f7e89481cc5680127271aced3d1b2d83e035e0c58d7d71ab137,current-nlr-pbe-gw-v1:composition:3822cbddf1086a141de789c22e9474d0a0484ffa6a585649ccb40196b817db30,O4 Sn2 Zn,Co O2,1.13,1.134,0.004,z_b > z_a,log(1 + exp(-(z_b - z_a)))
414,ADJACENT_STRICT_PBE_ORDER_V1,1.0,564,565,747,337,current-nlr-pbe-gw-v1:composition:3822cbddf1086a141de789c22e9474d0a0484ffa6a585649ccb40196b817db30,current-nlr-pbe-gw-v1:composition:ecab51d1c1a57d6ecc77d5640d6842082d28e3d0e7343776195593ee3bd3a00d,Co O2,Ba O9 V4,1.134,1.138,0.004,z_b > z_a,log(1 + exp(-(z_b - z_a)))
415,ADJACENT_STRICT_PBE_ORDER_V1,1.0,565,566,337,1610,current-nlr-pbe-gw-v1:composition:ecab51d1c1a57d6ecc77d5640d6842082d28e3d0e7343776195593ee3bd3a00d,current-nlr-pbe-gw-v1:composition:af0fb650417ab17bb035dadc58a5e3efacf379effdd7519d5d2ccf4ae7a71299,Ba O9 V4,Mn Ni O4 Sn,1.138,1.139,0.001,z_b > z_a,log(1 + exp(-(z_b - z_a)))
416,ADJACENT_STRICT_PBE_ORDER_V1,1.0,566,567,1610,413,current-nlr-pbe-gw-v1:composition:af0fb650417ab17bb035dadc58a5e3efacf379effdd7519d5d2ccf4ae7a71299,current-nlr-pbe-gw-v1:composition:2c900dd79d0c321818f10bb583ded76eaf97ef833f12630ea34765e6c42adf5a,Mn Ni O4 Sn,Ba3 Co O9 Ru2,1.139,1.14,0.001,z_b > z_a,log(1 + exp(-(z_b - z_a)))
417,ADJACENT_STRICT_PBE_ORDER_V1,1.0,567,568,413,886,current-nlr-pbe-gw-v1:composition:2c900dd79d0c321818f10bb583ded76eaf97ef833f12630ea34765e6c42adf5a,current-nlr-pbe-gw-v1:composition:0669176192869438017ecacf659cca193a2b4a74d2b958818435ec0d352d32ef,Ba3 Co O9 Ru2,Cu Ga2 O4,1.14,1.141,0.001,z_b > z_a,log(1 + exp(-(z_b - z_a)))
418,ADJACENT_STRICT_PBE_ORDER_V1,1.0,569,570,1711,201,current-nlr-pbe-gw-v1:composition:5f8c0169c3e6fe226fec903e609ff09462193ba3ca0f126f42da9557cae0536a,current-nlr-pbe-gw-v1:composition:9bdcac94d4e3f12b3798a26f56384ec196e2ae2ad89c22e52dd850d548d00b87,Mo3 O8 Sc Zn,Au3 O2 Rb5,1.141,1.145,0.004,z_b > z_a,log(1 + exp(-(z_b - z_a)))
419,ADJACENT_STRICT_PBE_ORDER_V1,1.0,570,571,201,1651,current-nlr-pbe-gw-v1:composition:9bdcac94d4e3f12b3798a26f56384ec196e2ae2ad89c22e52dd850d548d00b87,current-nlr-pbe-gw-v1:composition:dfe5e9f3ea905c019700ff7f2c6721d15d4d1dba236c0f0d13c360ab5db2f338,Au3 O2 Rb5,Mn2 O5 Y,1.145,1.152,0.007,z_b > z_a,log(1 + exp(-(z_b - z_a)))
420,ADJACENT_STRICT_PBE_ORDER_V1,1.0,571,572,1651,1546,current-nlr-pbe-gw-v1:composition:dfe5e9f3ea905c019700ff7f2c6721d15d4d1dba236c0f0d13c360ab5db2f338,current-nlr-pbe-gw-v1:composition:2dbe0bdf8bc86529a88c33bbe728881e71c22292565be448d7ed32f410a4e6b9,Mn2 O5 Y,La5 Mo6 O21,1.152,1.153,0.001,z_b > z_a,log(1 + exp(-(z_b - z_a)))
421,ADJACENT_STRICT_PBE_ORDER_V1,1.0,573,574,1072,212,current-nlr-pbe-gw-v1:composition:bbd76372cf99b7e25b4287e3a456637a8a26d185dcbf40254d64e27f57c02f9d,current-nlr-pbe-gw-v1:composition:1679276f23a2dcda1ba811a7a53ea9f21554e3b83d37c651eaa0acc0dea4fa6b,Fe2 Mg O4,Ba Co O2,1.153,1.156,0.003,z_b > z_a,log(1 + exp(-(z_b - z_a)))
422,ADJACENT_STRICT_PBE_ORDER_V1,1.0,575,576,903,181,current-nlr-pbe-gw-v1:composition:299642e84cf49cbd5e832d9d898e4d90263ba28a36f970b91f8c12d283d652e3,current-nlr-pbe-gw-v1:composition:57d97638fe558993afa565ecbda71c049ec56fc5b90610379a0e9b6471a38648,Cu Mg2 O8 V2,Au Cr3 O8,1.156,1.159,0.003,z_b > z_a,log(1 + exp(-(z_b - z_a)))
423,ADJACENT_STRICT_PBE_ORDER_V1,1.0,577,578,2064,935,current-nlr-pbe-gw-v1:composition:65d1348cc88731bc152b53706c14f56e50651b67eefc51d4f44209fa38368b17,current-nlr-pbe-gw-v1:composition:28ca47ed3ad55a4ee836ba0842ad7d68571154de4f6ef006ef9f45e6129bb983,O5 Sc2 V,Cu O6 Sr2 W,1.159,1.16,0.001,z_b > z_a,log(1 + exp(-(z_b - z_a)))
424,ADJACENT_STRICT_PBE_ORDER_V1,1.0,579,580,125,531,current-nlr-pbe-gw-v1:composition:6d0a4afe846be473dbe687d67865665ee72de713e79dbbb16b6e3d7a40f0af40,current-nlr-pbe-gw-v1:composition:01f30ad070bcaa054d2274c74990388d445f8edab820b48af16b2b0a391422de,Al2 Cu O4,Ca Fe O6 Ti2,1.16,1.161,0.001,z_b > z_a,log(1 + exp(-(z_b - z_a)))
425,ADJACENT_STRICT_PBE_ORDER_V1,1.0,580,581,531,1416,current-nlr-pbe-gw-v1:composition:01f30ad070bcaa054d2274c74990388d445f8edab820b48af16b2b0a391422de,current-nlr-pbe-gw-v1:composition:6f9087da89d4707646c7e5a56a409c5444fdad80916f0b7c054570924889ce75,Ca Fe O6 Ti2,K2 O3 Pb,1.161,1.162,0.001,z_b > z_a,log(1 + exp(-(z_b - z_a)))
426,ADJACENT_STRICT_PBE_ORDER_V1,1.0,581,582,1416,2100,current-nlr-pbe-gw-v1:composition:6f9087da89d4707646c7e5a56a409c5444fdad80916f0b7c054570924889ce75,current-nlr-pbe-gw-v1:composition:d106dc0c288d36da224730418b5b754dd62bd3296e65e2ca6c4f7a1930b1b4c4,K2 O3 Pb,O7 Ru2 Sr3,1.162,1.164,0.002,z_b > z_a,log(1 + exp(-(z_b - z_a)))
427,ADJACENT_STRICT_PBE_ORDER_V1,1.0,582,583,2100,1653,current-nlr-pbe-gw-v1:composition:d106dc0c288d36da224730418b5b754dd62bd3296e65e2ca6c4f7a1930b1b4c4,current-nlr-pbe-gw-v1:composition:a1c3608eaca29013a3169d39f6433c136d965595bdfc9c9ffc399cae000d4f59,O7 Ru2 Sr3,Mn2 O7 Sc2,1.164,1.165,0.001,z_b > z_a,log(1 + exp(-(z_b - z_a)))
428,ADJACENT_STRICT_PBE_ORDER_V1,1.0,584,585,1671,242,current-nlr-pbe-gw-v1:composition:fc7ed4e018efbb823dccd510dad665630474ae7b61a0965ca8eb45efcb3fabb9,current-nlr-pbe-gw-v1:composition:cd0a2fb37212312d7ac36f6729969026b121b2401252cd42a242029182e0a709,Mn5 O12 Si3,Ba Fe12 O19,1.165,1.166,0.001,z_b > z_a,log(1 + exp(-(z_b - z_a)))
429,ADJACENT_STRICT_PBE_ORDER_V1,1.0,585,586,242,147,current-nlr-pbe-gw-v1:composition:cd0a2fb37212312d7ac36f6729969026b121b2401252cd42a242029182e0a709,current-nlr-pbe-gw-v1:composition:a7f48b71ede222024de4c807d7ce3071996f0aaf5ad86f1314e197ccb5816133,Ba Fe12 O19,Al2 O4 V,1.166,1.167,0.001,z_b > z_a,log(1 + exp(-(z_b - z_a)))
430,ADJACENT_STRICT_PBE_ORDER_V1,1.0,586,587,147,1586,current-nlr-pbe-gw-v1:composition:a7f48b71ede222024de4c807d7ce3071996f0aaf5ad86f1314e197ccb5816133,current-nlr-pbe-gw-v1:composition:36d595e58dfca524ae3ab9486a14d2fb8cab2017ae346931c0355f40ade901a0,Al2 O4 V,Mg2 O4 V,1.167,1.172,0.005,z_b > z_a,log(1 + exp(-(z_b - z_a)))
431,ADJACENT_STRICT_PBE_ORDER_V1,1.0,588,589,745,941,current-nlr-pbe-gw-v1:composition:cc03880303e4d6164d01b8f157ff95d1d5f4ac63807ce8ea13723bb9eb6b122a,current-nlr-pbe-gw-v1:composition:a1dd549d20c432619a28440166eb24320c0546482b2d1dfe1a135c017e711d18,Co Ni O4 Sn,Cu11 O26 V6,1.172,1.173,0.001,z_b > z_a,log(1 + exp(-(z_b - z_a)))
432,ADJACENT_STRICT_PBE_ORDER_V1,1.0,589,590,941,1499,current-nlr-pbe-gw-v1:composition:a1dd549d20c432619a28440166eb24320c0546482b2d1dfe1a135c017e711d18,current-nlr-pbe-gw-v1:composition:395233c310062b88fa14c57385e5f769a4befd51410c0ea0777519551c2b21f4,Cu11 O26 V6,La O3 Rh,1.173,1.176,0.003,z_b > z_a,log(1 + exp(-(z_b - z_a)))
433,ADJACENT_STRICT_PBE_ORDER_V1,1.0,590,591,1499,403,current-nlr-pbe-gw-v1:composition:395233c310062b88fa14c57385e5f769a4befd51410c0ea0777519551c2b21f4,current-nlr-pbe-gw-v1:composition:d5059e80ce7aaf72b53170fbea999c21d3351a5d79b24426889d2df074c4cf8f,La O3 Rh,Ba2 O6 Ru Y,1.176,1.177,0.001,z_b > z_a,log(1 + exp(-(z_b - z_a)))
434,ADJACENT_STRICT_PBE_ORDER_V1,1.0,591,592,403,1510,current-nlr-pbe-gw-v1:composition:d5059e80ce7aaf72b53170fbea999c21d3351a5d79b24426889d2df074c4cf8f,current-nlr-pbe-gw-v1:composition:c7ead9728dce9b8891fcec0862ca87166d33c96e1e56c7c464cf96feed341501,Ba2 O6 Ru Y,La2 Mn O6 V,1.177,1.183,0.006,z_b > z_a,log(1 + exp(-(z_b - z_a)))
435,ADJACENT_STRICT_PBE_ORDER_V1,1.0,592,593,1510,695,current-nlr-pbe-gw-v1:composition:c7ead9728dce9b8891fcec0862ca87166d33c96e1e56c7c464cf96feed341501,current-nlr-pbe-gw-v1:composition:5a326213be9b6cba8e620bc7c20801a5b85e1127964bfcd201c571b1f117883d,La2 Mn O6 V,Cd3 Cl2 O2,1.183,1.184,0.001,z_b > z_a,log(1 + exp(-(z_b - z_a)))
436,ADJACENT_STRICT_PBE_ORDER_V1,1.0,594,595,1769,1816,current-nlr-pbe-gw-v1:composition:637170969ca7257fa4f1de087e2904fd69b571098c0de80515714ab48ed911c0,current-nlr-pbe-gw-v1:composition:9030e0fe53543522c4c63dc8e050912460dd9d6b877594bf7e5853bb9c57c953,Na O2 Ru,Na2 O4 Ru,1.184,1.186,0.002,z_b > z_a,log(1 + exp(-(z_b - z_a)))
437,ADJACENT_STRICT_PBE_ORDER_V1,1.0,595,596,1816,973,current-nlr-pbe-gw-v1:composition:9030e0fe53543522c4c63dc8e050912460dd9d6b877594bf7e5853bb9c57c953,current-nlr-pbe-gw-v1:composition:4e12ca7524162f51d65230ce141d8e0f35d4384f647b24645497ae9159e483d7,Na2 O4 Ru,Cu3 La4 Mo O12,1.186,1.187,0.001,z_b > z_a,log(1 + exp(-(z_b - z_a)))
438,ADJACENT_STRICT_PBE_ORDER_V1,1.0,596,597,973,1538,current-nlr-pbe-gw-v1:composition:4e12ca7524162f51d65230ce141d8e0f35d4384f647b24645497ae9159e483d7,current-nlr-pbe-gw-v1:composition:d2d707e0c26bdd05f47df1edda798c044887a68b3bac9c8aadddc00be4d764df,Cu3 La4 Mo O12,La3 O7 Ru,1.187,1.188,0.001,z_b > z_a,log(1 + exp(-(z_b - z_a)))
439,ADJACENT_STRICT_PBE_ORDER_V1,1.0,597,598,1538,1596,current-nlr-pbe-gw-v1:composition:d2d707e0c26bdd05f47df1edda798c044887a68b3bac9c8aadddc00be4d764df,current-nlr-pbe-gw-v1:composition:c07e51644a87c5ef992addaac83cde8f68874e79ce7b23fc27b7626e6e202dea,La3 O7 Ru,Mn Na O2,1.188,1.189,0.001,z_b > z_a,log(1 + exp(-(z_b - z_a)))
440,ADJACENT_STRICT_PBE_ORDER_V1,1.0,598,599,1596,40,current-nlr-pbe-gw-v1:composition:c07e51644a87c5ef992addaac83cde8f68874e79ce7b23fc27b7626e6e202dea,current-nlr-pbe-gw-v1:composition:2c4ec2f81c8f7f74584645c8c0367ffb6536a19b753455145b82ebc8bd439f66,Mn Na O2,Ag2 Ge2 O5,1.189,1.19,0.001,z_b > z_a,log(1 + exp(-(z_b - z_a)))
441,ADJACENT_STRICT_PBE_ORDER_V1,1.0,602,603,1814,1123,current-nlr-pbe-gw-v1:composition:fb6d50ccbb7c9753cbe20003a938729cdae64a7a802aa3e75ed6ca59a01aff98,current-nlr-pbe-gw-v1:composition:ac99f0c46df0b621becb9e677fed4e8f22fa1c08f25cb82675d619f68dbe0ccd,Na2 O4 Pd3,Ga In O5 Zn2,1.19,1.191,0.001,z_b > z_a,log(1 + exp(-(z_b - z_a)))
442,ADJACENT_STRICT_PBE_ORDER_V1,1.0,603,604,1123,1669,current-nlr-pbe-gw-v1:composition:ac99f0c46df0b621becb9e677fed4e8f22fa1c08f25cb82675d619f68dbe0ccd,current-nlr-pbe-gw-v1:composition:1a19b2aff4ea3bb6278827ed37043bbf3bd3c1b8c4dc8d51683271cc99ac63fb,Ga In O5 Zn2,Mn4 O7 Si,1.191,1.197,0.006,z_b > z_a,log(1 + exp(-(z_b - z_a)))
443,ADJACENT_STRICT_PBE_ORDER_V1,1.0,604,605,1669,1663,current-nlr-pbe-gw-v1:composition:1a19b2aff4ea3bb6278827ed37043bbf3bd3c1b8c4dc8d51683271cc99ac63fb,current-nlr-pbe-gw-v1:composition:e8d70f827b0541218641cc882e122c09a707ede9dcc257f750ec40959acf38c6,Mn4 O7 Si,Mn3 O4,1.197,1.198,0.001,z_b > z_a,log(1 + exp(-(z_b - z_a)))
444,ADJACENT_STRICT_PBE_ORDER_V1,1.0,605,606,1663,1899,current-nlr-pbe-gw-v1:composition:e8d70f827b0541218641cc882e122c09a707ede9dcc257f750ec40959acf38c6,current-nlr-pbe-gw-v1:composition:807cc57aee20386a0ef7a332b177eba0accfb93c611963a86dd3297585e7d4d9,Mn3 O4,Ni O3 Sn,1.198,1.201,0.003,z_b > z_a,log(1 + exp(-(z_b - z_a)))
445,ADJACENT_STRICT_PBE_ORDER_V1,1.0,606,607,1899,261,current-nlr-pbe-gw-v1:composition:807cc57aee20386a0ef7a332b177eba0accfb93c611963a86dd3297585e7d4d9,current-nlr-pbe-gw-v1:composition:ee2750b28c2bcbb4cec40c12033796754b061267bf445f5a16fcba792ab84752,Ni O3 Sn,Ba In2 O4,1.201,1.202,0.001,z_b > z_a,log(1 + exp(-(z_b - z_a)))
446,ADJACENT_STRICT_PBE_ORDER_V1,1.0,607,608,261,1025,current-nlr-pbe-gw-v1:composition:ee2750b28c2bcbb4cec40c12033796754b061267bf445f5a16fcba792ab84752,current-nlr-pbe-gw-v1:composition:73e63c32fada6249876ae20fc91aeed684ed73d8f49a0970584d6f6e29fe9258,Ba In2 O4,Fe La5 O17 Ti4,1.202,1.203,0.001,z_b > z_a,log(1 + exp(-(z_b - z_a)))
447,ADJACENT_STRICT_PBE_ORDER_V1,1.0,608,609,1025,919,current-nlr-pbe-gw-v1:composition:73e63c32fada6249876ae20fc91aeed684ed73d8f49a0970584d6f6e29fe9258,current-nlr-pbe-gw-v1:composition:1d322f57e54423a870f637708518e6a6c35eaff759e03f1a605294ac9f8f0357,Fe La5 O17 Ti4,Cu O,1.203,1.205,0.002,z_b > z_a,log(1 + exp(-(z_b - z_a)))
448,ADJACENT_STRICT_PBE_ORDER_V1,1.0,609,610,919,2000,current-nlr-pbe-gw-v1:composition:1d322f57e54423a870f637708518e6a6c35eaff759e03f1a605294ac9f8f0357,current-nlr-pbe-gw-v1:composition:e728271699a0ea19e1ad2a41973b1693fa3100aef64cfd0ad370b7e541caa5f5,Cu O,O3 Rb2 Sn2,1.205,1.206,0.001,z_b > z_a,log(1 + exp(-(z_b - z_a)))
449,ADJACENT_STRICT_PBE_ORDER_V1,1.0,610,611,2000,1079,current-nlr-pbe-gw-v1:composition:e728271699a0ea19e1ad2a41973b1693fa3100aef64cfd0ad370b7e541caa5f5,current-nlr-pbe-gw-v1:composition:0e7e9dde93cbf64a17cb7427dd2abe9250982c0696a8878bd503fb76bd264aac,O3 Rb2 Sn2,Fe2 Mo3 O8,1.206,1.208,0.002,z_b > z_a,log(1 + exp(-(z_b - z_a)))
450,ADJACENT_STRICT_PBE_ORDER_V1,1.0,611,612,1079,1695,current-nlr-pbe-gw-v1:composition:0e7e9dde93cbf64a17cb7427dd2abe9250982c0696a8878bd503fb76bd264aac,current-nlr-pbe-gw-v1:composition:8463cc7809f40ec62339f41958c07b3effa05c560dec118dd7365ed8816ead14,Fe2 Mo3 O8,Mo O8 V2,1.208,1.21,0.002,z_b > z_a,log(1 + exp(-(z_b - z_a)))
451,ADJACENT_STRICT_PBE_ORDER_V1,1.0,612,613,1695,344,current-nlr-pbe-gw-v1:composition:8463cc7809f40ec62339f41958c07b3effa05c560dec118dd7365ed8816ead14,current-nlr-pbe-gw-v1:composition:99e11aef6544368f95e1157bf0df7d6517db1e6cf83ac6bd43bcd07083f514b4,Mo O8 V2,Ba2 Co Mo O6,1.21,1.215,0.005,z_b > z_a,log(1 + exp(-(z_b - z_a)))
452,ADJACENT_STRICT_PBE_ORDER_V1,1.0,614,615,686,1056,current-nlr-pbe-gw-v1:composition:b0acde0e74593c00ac425af822470e4403a5c610e2fe3a5c0a03ce0070590256,current-nlr-pbe-gw-v1:composition:8ed133b08f46ce8bb60a36b0337fef5dc0c3a5c5ca5d24e3df1cf5e82b570cca,Cd2 Mn3 O8,Fe O4 V2,1.215,1.216,0.001,z_b > z_a,log(1 + exp(-(z_b - z_a)))
453,ADJACENT_STRICT_PBE_ORDER_V1,1.0,615,616,1056,1336,current-nlr-pbe-gw-v1:composition:8ed133b08f46ce8bb60a36b0337fef5dc0c3a5c5ca5d24e3df1cf5e82b570cca,current-nlr-pbe-gw-v1:composition:dc7e493919480a1cac4ef3625936e2449389482ef41881987d8f234a5c225b88,Fe O4 V2,Ir Na4 O4,1.216,1.219,0.003,z_b > z_a,log(1 + exp(-(z_b - z_a)))
454,ADJACENT_STRICT_PBE_ORDER_V1,1.0,616,617,1336,478,current-nlr-pbe-gw-v1:composition:dc7e493919480a1cac4ef3625936e2449389482ef41881987d8f234a5c225b88,current-nlr-pbe-gw-v1:composition:429298da7c6ea416795d5fb7664f9e2e83f97da25915d117c962074149867c0e,Ir Na4 O4,Ba5 Na2 O14 Ru3,1.219,1.223,0.004,z_b > z_a,log(1 + exp(-(z_b - z_a)))
455,ADJACENT_STRICT_PBE_ORDER_V1,1.0,618,619,711,1324,current-nlr-pbe-gw-v1:composition:629d32f0daed0b7f4cc6a18d383221bf5c2b96b49e4b976b49abb1138f840956,current-nlr-pbe-gw-v1:composition:f65a4cb12248f93139930929cb910fc584a9a47a3e980e42b49ce8bc9c618c2e,Co Cr O4,Ir K4 O4,1.223,1.224,0.001,z_b > z_a,log(1 + exp(-(z_b - z_a)))
456,ADJACENT_STRICT_PBE_ORDER_V1,1.0,619,620,1324,1483,current-nlr-pbe-gw-v1:composition:f65a4cb12248f93139930929cb910fc584a9a47a3e980e42b49ce8bc9c618c2e,current-nlr-pbe-gw-v1:composition:97c50c021223d00b809f36e33144069875f4b09d5f52d2c27362428cb58bbf0c,Ir K4 O4,La Mn2 O5,1.224,1.225,0.001,z_b > z_a,log(1 + exp(-(z_b - z_a)))
457,ADJACENT_STRICT_PBE_ORDER_V1,1.0,620,621,1483,746,current-nlr-pbe-gw-v1:composition:97c50c021223d00b809f36e33144069875f4b09d5f52d2c27362428cb58bbf0c,current-nlr-pbe-gw-v1:composition:d9370cdc9701ddebc40908ade300ef0b1b82e19b20257a299c2a519823ad97da,La Mn2 O5,Co O,1.225,1.226,0.001,z_b > z_a,log(1 + exp(-(z_b - z_a)))
458,ADJACENT_STRICT_PBE_ORDER_V1,1.0,621,622,746,1118,current-nlr-pbe-gw-v1:composition:d9370cdc9701ddebc40908ade300ef0b1b82e19b20257a299c2a519823ad97da,current-nlr-pbe-gw-v1:composition:43d5d3c3756c1fdc5a87c68ffc226ea3bd6fa3461a3698f9ac1ab3250b7d00fb,Co O,Fe5 O12 Si3,1.226,1.227,0.001,z_b > z_a,log(1 + exp(-(z_b - z_a)))
459,ADJACENT_STRICT_PBE_ORDER_V1,1.0,623,624,1277,485,current-nlr-pbe-gw-v1:composition:8a93a21e6a007c6660a72b7f4445b6006448b6f811fd8124b8514ad79763eef7,current-nlr-pbe-gw-v1:composition:626e3e738df346ab5638e05c153718056d211036c3f0d1b64e094d6448c51de6,Hg2 O4 Si,Ba6 Na2 O17 Ru2 V2,1.227,1.228,0.001,z_b > z_a,log(1 + exp(-(z_b - z_a)))
460,ADJACENT_STRICT_PBE_ORDER_V1,1.0,624,625,485,1649,current-nlr-pbe-gw-v1:composition:626e3e738df346ab5638e05c153718056d211036c3f0d1b64e094d6448c51de6,current-nlr-pbe-gw-v1:composition:4c4e90b9edcff5efcce24afd5be6ccaeca1472e69472066d08e8d4b117cc2bb2,Ba6 Na2 O17 Ru2 V2,Mn2 O4 Zn,1.228,1.231,0.003,z_b > z_a,log(1 + exp(-(z_b - z_a)))
461,ADJACENT_STRICT_PBE_ORDER_V1,1.0,625,626,1649,19,current-nlr-pbe-gw-v1:composition:4c4e90b9edcff5efcce24afd5be6ccaeca1472e69472066d08e8d4b117cc2bb2,current-nlr-pbe-gw-v1:composition:63f75e5e4389d37db60421bf1dde840e417f7e14fe99ecc1e71eee3fd6b3c8ae,Mn2 O4 Zn,Ag Mn O4,1.231,1.232,0.001,z_b > z_a,log(1 + exp(-(z_b - z_a)))
462,ADJACENT_STRICT_PBE_ORDER_V1,1.0,627,628,1189,602,current-nlr-pbe-gw-v1:composition:9a0e81d93236f722f2c252add9dcee4dad1c8dd63b68c944d058ccf7ad00e70e,current-nlr-pbe-gw-v1:composition:36795f2daf01bedd7514dcc4adc6df9880a87f8866addaa457963bb7d72b6da1,Ge O2,Ca2 Ni O6 W,1.232,1.236,0.004,z_b > z_a,log(1 + exp(-(z_b - z_a)))
463,ADJACENT_STRICT_PBE_ORDER_V1,1.0,629,630,53,945,current-nlr-pbe-gw-v1:composition:c628417bda568712d70c03fd4622c3f1bda1a3c302358c090afed80c313bd2f9,current-nlr-pbe-gw-v1:composition:792148d693ff0f929b207531bd0970631637eb51e1b4b737237bbb57f35cc571,Ag2 O3 Si,Cu2 Ge O4,1.236,1.239,0.003,z_b > z_a,log(1 + exp(-(z_b - z_a)))
464,ADJACENT_STRICT_PBE_ORDER_V1,1.0,630,631,945,652,current-nlr-pbe-gw-v1:composition:792148d693ff0f929b207531bd0970631637eb51e1b4b737237bbb57f35cc571,current-nlr-pbe-gw-v1:composition:06d9edf5a0457509d0af2d284d0ea804d2d432602e38a221223abf6831f3f055,Cu2 Ge O4,Cd Cu3 O12 Ti4,1.239,1.241,0.002,z_b > z_a,log(1 + exp(-(z_b - z_a)))
465,ADJACENT_STRICT_PBE_ORDER_V1,1.0,631,632,652,1026,current-nlr-pbe-gw-v1:composition:06d9edf5a0457509d0af2d284d0ea804d2d432602e38a221223abf6831f3f055,current-nlr-pbe-gw-v1:composition:09e93bf4a2525036ace387a2dc7840d15779c413c743b37295455fa983b16c31,Cd Cu3 O12 Ti4,Fe Li O2,1.241,1.244,0.003,z_b > z_a,log(1 + exp(-(z_b - z_a)))
466,ADJACENT_STRICT_PBE_ORDER_V1,1.0,633,634,528,1796,current-nlr-pbe-gw-v1:composition:bbe293ff6c50dcb7e48c4c89cb0503f2f3322cdaa5c4d6db86300434b5020eb8,current-nlr-pbe-gw-v1:composition:98d4b0065ab06092db0326b35797878a8afffc00bc4466e5d0a41ef8a360038c,Ca Cu3 O12 Ti4,Na2 Ni O2 Rb,1.244,1.247,0.003,z_b > z_a,log(1 + exp(-(z_b - z_a)))
467,ADJACENT_STRICT_PBE_ORDER_V1,1.0,634,635,1796,294,current-nlr-pbe-gw-v1:composition:98d4b0065ab06092db0326b35797878a8afffc00bc4466e5d0a41ef8a360038c,current-nlr-pbe-gw-v1:composition:9e0ad51dc7e098c85c45d5b3f79bdc75c26aa9ecfd9cafa5880f494ee6f77070,Na2 Ni O2 Rb,Ba Ni O2,1.247,1.248,0.001,z_b > z_a,log(1 + exp(-(z_b - z_a)))
468,ADJACENT_STRICT_PBE_ORDER_V1,1.0,635,636,294,1364,current-nlr-pbe-gw-v1:composition:9e0ad51dc7e098c85c45d5b3f79bdc75c26aa9ecfd9cafa5880f494ee6f77070,current-nlr-pbe-gw-v1:composition:ffebb3bd24fb0dab4b8503fd75b4c959fc34a6cb949080c9d0212787f427c289,Ba Ni O2,K Na2 Ni O2,1.248,1.249,0.001,z_b > z_a,log(1 + exp(-(z_b - z_a)))
469,ADJACENT_STRICT_PBE_ORDER_V1,1.0,636,637,1364,1314,current-nlr-pbe-gw-v1:composition:ffebb3bd24fb0dab4b8503fd75b4c959fc34a6cb949080c9d0212787f427c289,current-nlr-pbe-gw-v1:composition:788b8e1467c696dfe5d625ae4f157c7934290b7cfcf5f158a11cfa4f609e75a9,K Na2 Ni O2,In2 O4 V,1.249,1.25,0.001,z_b > z_a,log(1 + exp(-(z_b - z_a)))
470,ADJACENT_STRICT_PBE_ORDER_V1,1.0,637,638,1314,974,current-nlr-pbe-gw-v1:composition:788b8e1467c696dfe5d625ae4f157c7934290b7cfcf5f158a11cfa4f609e75a9,current-nlr-pbe-gw-v1:composition:c47fc8cb7a8107a2b54de3aa9cf0ae3bd3c8693722a405b64b0c0be804fc9587,In2 O4 V,Cu3 Mo2 O9,1.25,1.252,0.002,z_b > z_a,log(1 + exp(-(z_b - z_a)))
471,ADJACENT_STRICT_PBE_ORDER_V1,1.0,639,640,986,995,current-nlr-pbe-gw-v1:composition:f6c1feb811d1ec79d38ba3cae865bdfa7a3574bfa03848ad484d42d30db8aa7f,current-nlr-pbe-gw-v1:composition:e6edde385ab24282454f09dc288c1231f6f7fa93431907824e369dd788a79437,Cu4 Mo5 O17,Cu6 Mo5 O18,1.252,1.254,0.002,z_b > z_a,log(1 + exp(-(z_b - z_a)))
472,ADJACENT_STRICT_PBE_ORDER_V1,1.0,640,641,995,663,current-nlr-pbe-gw-v1:composition:e6edde385ab24282454f09dc288c1231f6f7fa93431907824e369dd788a79437,current-nlr-pbe-gw-v1:composition:200c37b94c03a0afdbd7c93c0230e6bc3d516017b374e9e92f8d665d9ef8ca3a,Cu6 Mo5 O18,Cd Mn2 O4,1.254,1.257,0.003,z_b > z_a,log(1 + exp(-(z_b - z_a)))
473,ADJACENT_STRICT_PBE_ORDER_V1,1.0,641,642,663,1813,current-nlr-pbe-gw-v1:composition:200c37b94c03a0afdbd7c93c0230e6bc3d516017b374e9e92f8d665d9ef8ca3a,current-nlr-pbe-gw-v1:composition:11eee4db1dabddf224c13a571ed0371000c805fc5783fa90a39e1f5fa8e74099,Cd Mn2 O4,Na2 O3 Zn2,1.257,1.262,0.005,z_b > z_a,log(1 + exp(-(z_b - z_a)))
474,ADJACENT_STRICT_PBE_ORDER_V1,1.0,642,643,1813,835,current-nlr-pbe-gw-v1:composition:11eee4db1dabddf224c13a571ed0371000c805fc5783fa90a39e1f5fa8e74099,current-nlr-pbe-gw-v1:composition:c1d1c2cc85ecd1f8c1ed4cbeb2da5d6a1872df28e95963861a02b5e586f1fa2e,Na2 O3 Zn2,Cr O4 W,1.262,1.267,0.005,z_b > z_a,log(1 + exp(-(z_b - z_a)))
475,ADJACENT_STRICT_PBE_ORDER_V1,1.0,643,644,835,396,current-nlr-pbe-gw-v1:composition:c1d1c2cc85ecd1f8c1ed4cbeb2da5d6a1872df28e95963861a02b5e586f1fa2e,current-nlr-pbe-gw-v1:composition:94be7ecd4ca2aa38aa52e22bd24ea935ba1bea127ec9619be40e9b75d4f5fadb,Cr O4 W,Ba2 O4 Pb,1.267,1.271,0.004,z_b > z_a,log(1 + exp(-(z_b - z_a)))
476,ADJACENT_STRICT_PBE_ORDER_V1,1.0,644,645,396,1988,current-nlr-pbe-gw-v1:composition:94be7ecd4ca2aa38aa52e22bd24ea935ba1bea127ec9619be40e9b75d4f5fadb,current-nlr-pbe-gw-v1:composition:3159c2b7d14a54cf6b43f77660649953aafada63c5d201462e1d55f3fc8ebcd3,Ba2 O4 Pb,O3 Pb Rb2,1.271,1.277,0.006,z_b > z_a,log(1 + exp(-(z_b - z_a)))
477,ADJACENT_STRICT_PBE_ORDER_V1,1.0,645,646,1988,1150,current-nlr-pbe-gw-v1:composition:3159c2b7d14a54cf6b43f77660649953aafada63c5d201462e1d55f3fc8ebcd3,current-nlr-pbe-gw-v1:composition:1367b243719419b65b13aefc7c73028c68a9d5898ef6569e11cbcd9877db47f6,O3 Pb Rb2,Ga2 Ni O4,1.277,1.278,0.001,z_b > z_a,log(1 + exp(-(z_b - z_a)))
478,ADJACENT_STRICT_PBE_ORDER_V1,1.0,646,647,1150,1448,current-nlr-pbe-gw-v1:composition:1367b243719419b65b13aefc7c73028c68a9d5898ef6569e11cbcd9877db47f6,current-nlr-pbe-gw-v1:composition:c2a4dd9ca7629d0a6031cb228be5cd59f93166c79e67ceb602a2ca35678f8eab,Ga2 Ni O4,K3 Na O8 Ru2,1.278,1.281,0.003,z_b > z_a,log(1 + exp(-(z_b - z_a)))
479,ADJACENT_STRICT_PBE_ORDER_V1,1.0,647,648,1448,989,current-nlr-pbe-gw-v1:composition:c2a4dd9ca7629d0a6031cb228be5cd59f93166c79e67ceb602a2ca35678f8eab,current-nlr-pbe-gw-v1:composition:5343b9476e74672f09618cc4d2b783fe5576ee7550d9a8963a3620d6a6f84571,K3 Na O8 Ru2,Cu5 K O13 V3,1.281,1.291,0.010,z_b > z_a,log(1 + exp(-(z_b - z_a)))
480,ADJACENT_STRICT_PBE_ORDER_V1,1.0,648,649,989,1500,current-nlr-pbe-gw-v1:composition:5343b9476e74672f09618cc4d2b783fe5576ee7550d9a8963a3620d6a6f84571,current-nlr-pbe-gw-v1:composition:da34bedc05936ca7d9aa8e9a13a7db5567e56238cff30d091cd8f7e2b029d896,Cu5 K O13 V3,La O3 Ru,1.291,1.296,0.005,z_b > z_a,log(1 + exp(-(z_b - z_a)))
481,ADJACENT_STRICT_PBE_ORDER_V1,1.0,649,650,1500,968,current-nlr-pbe-gw-v1:composition:da34bedc05936ca7d9aa8e9a13a7db5567e56238cff30d091cd8f7e2b029d896,current-nlr-pbe-gw-v1:composition:4334e54484654872454860f572b169cb60b17414c623dbd8096bd0b55cbaa37d,La O3 Ru,Cu3 Fe4 O24 V6,1.296,1.297,0.001,z_b > z_a,log(1 + exp(-(z_b - z_a)))
482,ADJACENT_STRICT_PBE_ORDER_V1,1.0,651,652,777,729,current-nlr-pbe-gw-v1:composition:9b831b55dc85b0e9ab445ad59a5f410342c80e5f5a6290174a4a0b4d3f3e5728,current-nlr-pbe-gw-v1:composition:1a2ddc04f1359badf3247c6d90148551cb70bf34f9c0bbace8f8221dc3d4658a,Co2 Na9 O7,Co La2 Mn O6,1.297,1.298,0.001,z_b > z_a,log(1 + exp(-(z_b - z_a)))
483,ADJACENT_STRICT_PBE_ORDER_V1,1.0,652,653,729,1843,current-nlr-pbe-gw-v1:composition:1a2ddc04f1359badf3247c6d90148551cb70bf34f9c0bbace8f8221dc3d4658a,current-nlr-pbe-gw-v1:composition:4174385a152f23dea004ea77a9b190dba2ac58e86c23419ab76be397f7c33b29,Co La2 Mn O6,Na4 O4 Pb,1.298,1.299,0.001,z_b > z_a,log(1 + exp(-(z_b - z_a)))
484,ADJACENT_STRICT_PBE_ORDER_V1,1.0,654,655,2017,922,current-nlr-pbe-gw-v1:composition:e5c547362e6df680ab02207e9e7e2d24a8cf7d03858bb2692f48982dd3fc1d49,current-nlr-pbe-gw-v1:composition:6193f189db9ca0157e13e75b44f71968afae884224465b8543906db38aa9802d,O3 V2,Cu O2 Rb,1.299,1.3,0.001,z_b > z_a,log(1 + exp(-(z_b - z_a)))
485,ADJACENT_STRICT_PBE_ORDER_V1,1.0,655,656,922,606,current-nlr-pbe-gw-v1:composition:6193f189db9ca0157e13e75b44f71968afae884224465b8543906db38aa9802d,current-nlr-pbe-gw-v1:composition:554b1b4abeea821c4e225ecc2c277c146c1fd57acca6425b044450f9656c2e04,Cu O2 Rb,Ca2 O4 Ru,1.3,1.301,0.001,z_b > z_a,log(1 + exp(-(z_b - z_a)))
486,ADJACENT_STRICT_PBE_ORDER_V1,1.0,656,657,606,1058,current-nlr-pbe-gw-v1:composition:554b1b4abeea821c4e225ecc2c277c146c1fd57acca6425b044450f9656c2e04,current-nlr-pbe-gw-v1:composition:978a9e03be9094f6b879861dce8bb76cc7e3c19ed6ef930df104fbe8b8dbfcb7,Ca2 O4 Ru,Fe O5 Ti2,1.301,1.302,0.001,z_b > z_a,log(1 + exp(-(z_b - z_a)))
487,ADJACENT_STRICT_PBE_ORDER_V1,1.0,657,658,1058,1280,current-nlr-pbe-gw-v1:composition:978a9e03be9094f6b879861dce8bb76cc7e3c19ed6ef930df104fbe8b8dbfcb7,current-nlr-pbe-gw-v1:composition:10a406eb6056a78232bc0ca9b16b376a4cfdc138892b9b7b0b15b70a9356a1f0,Fe O5 Ti2,Hg2 O4 V,1.302,1.304,0.002,z_b > z_a,log(1 + exp(-(z_b - z_a)))
488,ADJACENT_STRICT_PBE_ORDER_V1,1.0,660,661,1859,22,current-nlr-pbe-gw-v1:composition:dea7b018e727a12a27a5f61b8f7554299bafebc522bc44e740a551b7efef4e8c,current-nlr-pbe-gw-v1:composition:1b1bc60f2af9aecf6c88a6c4d8e6263e776cc84f86716837a5009c4d10849191,Na9 O35 V14,Ag Na3 O2,1.304,1.305,0.001,z_b > z_a,log(1 + exp(-(z_b - z_a)))
489,ADJACENT_STRICT_PBE_ORDER_V1,1.0,662,663,982,1661,current-nlr-pbe-gw-v1:composition:e6e12eb9521d07850b8b45657b55345b742cd5229e95c1e86a1ac8da4c250c9d,current-nlr-pbe-gw-v1:composition:c89318fbf50c058fb99c041c6bb35e8cee694cd3819866f3726b8e9896b2dede,Cu3 O6 W,Mn3 O10 Sr4,1.305,1.306,0.001,z_b > z_a,log(1 + exp(-(z_b - z_a)))
490,ADJACENT_STRICT_PBE_ORDER_V1,1.0,663,664,1661,1039,current-nlr-pbe-gw-v1:composition:c89318fbf50c058fb99c041c6bb35e8cee694cd3819866f3726b8e9896b2dede,current-nlr-pbe-gw-v1:composition:61dc0ebc15af67fd8681202c01aa375a23ca10928c895dd4916395c97d18d5cd,Mn3 O10 Sr4,Fe Na2 O4,1.306,1.312,0.006,z_b > z_a,log(1 + exp(-(z_b - z_a)))
491,ADJACENT_STRICT_PBE_ORDER_V1,1.0,664,665,1039,421,current-nlr-pbe-gw-v1:composition:61dc0ebc15af67fd8681202c01aa375a23ca10928c895dd4916395c97d18d5cd,current-nlr-pbe-gw-v1:composition:e7a645c773468ecd39e8422494645c5f5077807e3c27f232e85c79b771bab325,Fe Na2 O4,Ba3 Cu3 O12 Sc4,1.312,1.313,0.001,z_b > z_a,log(1 + exp(-(z_b - z_a)))
492,ADJACENT_STRICT_PBE_ORDER_V1,1.0,665,666,421,73,current-nlr-pbe-gw-v1:composition:e7a645c773468ecd39e8422494645c5f5077807e3c27f232e85c79b771bab325,current-nlr-pbe-gw-v1:composition:531078b082c052abf2d5ce8f8c2c0b641e715c29bcf839ac13b987aad5d3e3d8,Ba3 Cu3 O12 Sc4,Al Au3 O4 Rb8,1.313,1.319,0.006,z_b > z_a,log(1 + exp(-(z_b - z_a)))
493,ADJACENT_STRICT_PBE_ORDER_V1,1.0,666,667,73,468,current-nlr-pbe-gw-v1:composition:531078b082c052abf2d5ce8f8c2c0b641e715c29bcf839ac13b987aad5d3e3d8,current-nlr-pbe-gw-v1:composition:481787abe5aa9743d60107ca48a6ce8b02363a9e4bad6fd5429111893d0c38dd,Al Au3 O4 Rb8,Ba4 Na O12 Ru3,1.319,1.32,0.001,z_b > z_a,log(1 + exp(-(z_b - z_a)))
494,ADJACENT_STRICT_PBE_ORDER_V1,1.0,667,668,468,1092,current-nlr-pbe-gw-v1:composition:481787abe5aa9743d60107ca48a6ce8b02363a9e4bad6fd5429111893d0c38dd,current-nlr-pbe-gw-v1:composition:2f5368b04dc2c8d9618755c26279a796c63928344b71614ba78966b96bbc5cad,Ba4 Na O12 Ru3,Fe2 O4 Zn,1.32,1.321,0.001,z_b > z_a,log(1 + exp(-(z_b - z_a)))
495,ADJACENT_STRICT_PBE_ORDER_V1,1.0,668,669,1092,187,current-nlr-pbe-gw-v1:composition:2f5368b04dc2c8d9618755c26279a796c63928344b71614ba78966b96bbc5cad,current-nlr-pbe-gw-v1:composition:3148ffd525b79094ab5cef1034dde25597d2bae9003468e2a3093f2085896575,Fe2 O4 Zn,Au Na O2,1.321,1.322,0.001,z_b > z_a,log(1 + exp(-(z_b - z_a)))
496,ADJACENT_STRICT_PBE_ORDER_V1,1.0,669,670,187,2021,current-nlr-pbe-gw-v1:composition:3148ffd525b79094ab5cef1034dde25597d2bae9003468e2a3093f2085896575,current-nlr-pbe-gw-v1:composition:067bcd3cebf7462b898ce8c88e82edf5d758ae4883cead3d06d54cd9841c242b,Au Na O2,O35 Zn36,1.322,1.323,0.001,z_b > z_a,log(1 + exp(-(z_b - z_a)))
497,ADJACENT_STRICT_PBE_ORDER_V1,1.0,670,671,2021,667,current-nlr-pbe-gw-v1:composition:067bcd3cebf7462b898ce8c88e82edf5d758ae4883cead3d06d54cd9841c242b,current-nlr-pbe-gw-v1:composition:5cdb940eed9f7c098c2f469e9e9bebbba7fbad1dee9f4fc73bbb7bdadbae6d62,O35 Zn36,Cd O2,1.323,1.325,0.002,z_b > z_a,log(1 + exp(-(z_b - z_a)))
498,ADJACENT_STRICT_PBE_ORDER_V1,1.0,671,672,667,741,current-nlr-pbe-gw-v1:composition:5cdb940eed9f7c098c2f469e9e9bebbba7fbad1dee9f4fc73bbb7bdadbae6d62,current-nlr-pbe-gw-v1:composition:10592278635ecce77ec137f8d5c9212976826fb04cd9def080da0f5bec52d5ee,Cd O2,Co Na5 O4,1.325,1.327,0.002,z_b > z_a,log(1 + exp(-(z_b - z_a)))
499,ADJACENT_STRICT_PBE_ORDER_V1,1.0,673,674,32,668,current-nlr-pbe-gw-v1:composition:a15c4c31c5b8eba196ca97439d584ccac3a88ff1027b7363412ceac3f02526dd,current-nlr-pbe-gw-v1:composition:8aa66f5314f6bc2c360aa50bb1d9d97e8de7e0c20081c86b248d2b4bf2f07e89,Ag11 K O16 V4,Cd O2 Rb2,1.327,1.331,0.004,z_b > z_a,log(1 + exp(-(z_b - z_a)))
500,ADJACENT_STRICT_PBE_ORDER_V1,1.0,674,675,668,1061,current-nlr-pbe-gw-v1:composition:8aa66f5314f6bc2c360aa50bb1d9d97e8de7e0c20081c86b248d2b4bf2f07e89,current-nlr-pbe-gw-v1:composition:d44de2eddaeb51393e8a7e6394c3fe3402f40ea905337014f76403bdb8920d5b,Cd O2 Rb2,Fe12 O19 Pb,1.331,1.332,0.001,z_b > z_a,log(1 + exp(-(z_b - z_a)))
501,ADJACENT_STRICT_PBE_ORDER_V1,1.0,675,676,1061,739,current-nlr-pbe-gw-v1:composition:d44de2eddaeb51393e8a7e6394c3fe3402f40ea905337014f76403bdb8920d5b,current-nlr-pbe-gw-v1:composition:79638fe4d5939c24a95b3227a25ae42a000fffc7ab5b7946d412f531dd8637b6,Fe12 O19 Pb,Co Na4 O3,1.332,1.334,0.002,z_b > z_a,log(1 + exp(-(z_b - z_a)))
502,ADJACENT_STRICT_PBE_ORDER_V1,1.0,676,677,739,1067,current-nlr-pbe-gw-v1:composition:79638fe4d5939c24a95b3227a25ae42a000fffc7ab5b7946d412f531dd8637b6,current-nlr-pbe-gw-v1:composition:8c983c1636908c7ac2067be2f329e8eb4fe21849b065809e43440c5d3aefa3b8,Co Na4 O3,Fe2 K3 O4,1.334,1.335,0.001,z_b > z_a,log(1 + exp(-(z_b - z_a)))
503,ADJACENT_STRICT_PBE_ORDER_V1,1.0,677,678,1067,742,current-nlr-pbe-gw-v1:composition:8c983c1636908c7ac2067be2f329e8eb4fe21849b065809e43440c5d3aefa3b8,current-nlr-pbe-gw-v1:composition:6c6ed9ad842fc86e74416eabb03aa2736462c4fab8fbce00e6da1009b92cf8e9,Fe2 K3 O4,Co Nb O4,1.335,1.336,0.001,z_b > z_a,log(1 + exp(-(z_b - z_a)))
504,ADJACENT_STRICT_PBE_ORDER_V1,1.0,678,679,742,918,current-nlr-pbe-gw-v1:composition:6c6ed9ad842fc86e74416eabb03aa2736462c4fab8fbce00e6da1009b92cf8e9,current-nlr-pbe-gw-v1:composition:9ef1c8504bf57da90a023593d5401863aed6da34edffcaad9510a867acaa5661,Co Nb O4,Cu Nb3 O8,1.336,1.341,0.005,z_b > z_a,log(1 + exp(-(z_b - z_a)))
505,ADJACENT_STRICT_PBE_ORDER_V1,1.0,679,680,918,779,current-nlr-pbe-gw-v1:composition:9ef1c8504bf57da90a023593d5401863aed6da34edffcaad9510a867acaa5661,current-nlr-pbe-gw-v1:composition:1f1701cf9b13d880716b4581afbca78bed7bd38b2b9b8e9071ba7c70c000f392,Cu Nb3 O8,Co2 O4 Rb5,1.341,1.342,0.001,z_b > z_a,log(1 + exp(-(z_b - z_a)))
506,ADJACENT_STRICT_PBE_ORDER_V1,1.0,681,682,2048,1396,current-nlr-pbe-gw-v1:composition:24757342d3b731ecdd8b2cf0b36462ddd67bec8b1ad8d7fc28f9682a91b0aaa5,current-nlr-pbe-gw-v1:composition:8f0b66dfd2a66acc2945f4660e3602b16410cac3d954581c732d3a94e28dec58,O4 Sn2 Ti,K2 Mn2 O3,1.342,1.345,0.003,z_b > z_a,log(1 + exp(-(z_b - z_a)))
507,ADJACENT_STRICT_PBE_ORDER_V1,1.0,682,683,1396,593,current-nlr-pbe-gw-v1:composition:8f0b66dfd2a66acc2945f4660e3602b16410cac3d954581c732d3a94e28dec58,current-nlr-pbe-gw-v1:composition:0a74e9e4000eebc6aa63892f763febc3e5c1f4775a235ca8b9205a02c4a5fa85,K2 Mn2 O3,Ca2 Fe O6 W,1.345,1.346,0.001,z_b > z_a,log(1 + exp(-(z_b - z_a)))
508,ADJACENT_STRICT_PBE_ORDER_V1,1.0,683,684,593,521,current-nlr-pbe-gw-v1:composition:0a74e9e4000eebc6aa63892f763febc3e5c1f4775a235ca8b9205a02c4a5fa85,current-nlr-pbe-gw-v1:composition:50fcfc588edaa1685aa7e734af688646b7fc4db60eade0d20977cb8fb3fefc06,Ca2 Fe O6 W,Ca Co2 O4,1.346,1.349,0.003,z_b > z_a,log(1 + exp(-(z_b - z_a)))
509,ADJACENT_STRICT_PBE_ORDER_V1,1.0,684,685,521,1993,current-nlr-pbe-gw-v1:composition:50fcfc588edaa1685aa7e734af688646b7fc4db60eade0d20977cb8fb3fefc06,current-nlr-pbe-gw-v1:composition:be5925264996e2a7b896e3725463cc71131e992db30616607ec98385e96508d8,Ca Co2 O4,O3 Pb V,1.349,1.353,0.004,z_b > z_a,log(1 + exp(-(z_b - z_a)))
510,ADJACENT_STRICT_PBE_ORDER_V1,1.0,685,686,1993,28,current-nlr-pbe-gw-v1:composition:be5925264996e2a7b896e3725463cc71131e992db30616607ec98385e96508d8,current-nlr-pbe-gw-v1:composition:4805a27a8d0f1131844a9aac72bd8da5a57192edd54ee3dff150c3c511f3cb6e,O3 Pb V,Ag O2 Rh,1.353,1.354,0.001,z_b > z_a,log(1 + exp(-(z_b - z_a)))
511,ADJACENT_STRICT_PBE_ORDER_V1,1.0,686,687,28,63,current-nlr-pbe-gw-v1:composition:4805a27a8d0f1131844a9aac72bd8da5a57192edd54ee3dff150c3c511f3cb6e,current-nlr-pbe-gw-v1:composition:34a4290499f4dd94af04956c32000c1cce2e397bed4405c6fb90330a04a0ed4f,Ag O2 Rh,Ag3 O4 V,1.354,1.355,0.001,z_b > z_a,log(1 + exp(-(z_b - z_a)))
512,ADJACENT_STRICT_PBE_ORDER_V1,1.0,687,688,63,529,current-nlr-pbe-gw-v1:composition:34a4290499f4dd94af04956c32000c1cce2e397bed4405c6fb90330a04a0ed4f,current-nlr-pbe-gw-v1:composition:367e83d82588b0734a88236330d8d1703552e165f79d882fa7bfbd11380caa29,Ag3 O4 V,Ca Fe O2,1.355,1.358,0.003,z_b > z_a,log(1 + exp(-(z_b - z_a)))
513,ADJACENT_STRICT_PBE_ORDER_V1,1.0,688,689,529,985,current-nlr-pbe-gw-v1:composition:367e83d82588b0734a88236330d8d1703552e165f79d882fa7bfbd11380caa29,current-nlr-pbe-gw-v1:composition:e19e02208474d097bbe85701d3e40e4842fe6d374ea4465525c8ac8094161987,Ca Fe O2,Cu4 K Mg O13 V3,1.358,1.359,0.001,z_b > z_a,log(1 + exp(-(z_b - z_a)))
514,ADJACENT_STRICT_PBE_ORDER_V1,1.0,689,690,985,1122,current-nlr-pbe-gw-v1:composition:e19e02208474d097bbe85701d3e40e4842fe6d374ea4465525c8ac8094161987,current-nlr-pbe-gw-v1:composition:542f7c64ed1d927eabc217a3873fe804f782ab3ec6737b0300cbb16a7f190a3b,Cu4 K Mg O13 V3,Ga In O3,1.359,1.36,0.001,z_b > z_a,log(1 + exp(-(z_b - z_a)))
515,ADJACENT_STRICT_PBE_ORDER_V1,1.0,692,693,129,980,current-nlr-pbe-gw-v1:composition:f09f13d4c48f34e10aa22e83906161b150fda82c153f9b3cc8c3e18e709dcf1e,current-nlr-pbe-gw-v1:composition:e0a4d33ea81f92f634cb13a3da6a1e18243fe40b6e33a51736cc5cd24f4aa78d,Al2 Hg O4,Cu3 O12 Sn4 Sr,1.36,1.361,0.001,z_b > z_a,log(1 + exp(-(z_b - z_a)))
516,ADJACENT_STRICT_PBE_ORDER_V1,1.0,693,694,980,21,current-nlr-pbe-gw-v1:composition:e0a4d33ea81f92f634cb13a3da6a1e18243fe40b6e33a51736cc5cd24f4aa78d,current-nlr-pbe-gw-v1:composition:e7594a9d435bcca3983f1548c68a2f4fdd4f818ad95cabc5031dfd11c2c24f23,Cu3 O12 Sn4 Sr,Ag Na O,1.361,1.362,0.001,z_b > z_a,log(1 + exp(-(z_b - z_a)))
517,ADJACENT_STRICT_PBE_ORDER_V1,1.0,694,695,21,1792,current-nlr-pbe-gw-v1:composition:e7594a9d435bcca3983f1548c68a2f4fdd4f818ad95cabc5031dfd11c2c24f23,current-nlr-pbe-gw-v1:composition:319f9b2be8895e5ecf4d8dda280968c848b7a09844bcc823aa7c8707d9464407,Ag Na O,Na O8 Rb3 Ru2,1.362,1.363,0.001,z_b > z_a,log(1 + exp(-(z_b - z_a)))
518,ADJACENT_STRICT_PBE_ORDER_V1,1.0,696,697,2019,1603,current-nlr-pbe-gw-v1:composition:f510081ca74621711b1e5951e887198ea25fb01f19f3a4599d2747f79fb8b133,current-nlr-pbe-gw-v1:composition:87639e7dc8b4e6d4d0f9e2ca78a55a71ee5edaf6be10842536e65f02742053ed,O3 W,Mn Na5 O4,1.363,1.367,0.004,z_b > z_a,log(1 + exp(-(z_b - z_a)))
519,ADJACENT_STRICT_PBE_ORDER_V1,1.0,697,698,1603,361,current-nlr-pbe-gw-v1:composition:87639e7dc8b4e6d4d0f9e2ca78a55a71ee5edaf6be10842536e65f02742053ed,current-nlr-pbe-gw-v1:composition:84ab52ffb67fc9923496ddcc307e1e5aac79244f13647aee09f1f43e9b99de4c,Mn Na5 O4,Ba2 Fe Ge2 O7,1.367,1.369,0.002,z_b > z_a,log(1 + exp(-(z_b - z_a)))
520,ADJACENT_STRICT_PBE_ORDER_V1,1.0,698,699,361,1896,current-nlr-pbe-gw-v1:composition:84ab52ffb67fc9923496ddcc307e1e5aac79244f13647aee09f1f43e9b99de4c,current-nlr-pbe-gw-v1:composition:6099d4d2206cc8f22dc6286aa588b7756a2c6f129b987321efd64e9bfc1ee99b,Ba2 Fe Ge2 O7,Ni O2,1.369,1.371,0.002,z_b > z_a,log(1 + exp(-(z_b - z_a)))
521,ADJACENT_STRICT_PBE_ORDER_V1,1.0,701,702,1923,296,current-nlr-pbe-gw-v1:composition:b72b92163394dd3a260a84ebec9d70254867191f0f08c309ef3f61f6a7f231bc,current-nlr-pbe-gw-v1:composition:4e802b8d7261d374e4aea2899035ea36ce8046d4f4aaf15cc9896ec189dad88d,O Rb2,Ba Ni O5 Y2,1.371,1.372,0.001,z_b > z_a,log(1 + exp(-(z_b - z_a)))
522,ADJACENT_STRICT_PBE_ORDER_V1,1.0,702,703,296,483,current-nlr-pbe-gw-v1:composition:4e802b8d7261d374e4aea2899035ea36ce8046d4f4aaf15cc9896ec189dad88d,current-nlr-pbe-gw-v1:composition:bd493a8ee9895f42af57f4585c55d8e7a7335f15e99c798b8df0f9d93d0e2e9e,Ba Ni O5 Y2,Ba6 Mn5 O16,1.372,1.373,0.001,z_b > z_a,log(1 + exp(-(z_b - z_a)))
523,ADJACENT_STRICT_PBE_ORDER_V1,1.0,703,704,483,1685,current-nlr-pbe-gw-v1:composition:bd493a8ee9895f42af57f4585c55d8e7a7335f15e99c798b8df0f9d93d0e2e9e,current-nlr-pbe-gw-v1:composition:57c1bca2781c8c5c396eed1a251aacdb5bc5178e7cae3a5d75a53d223a542f52,Ba6 Mn5 O16,Mo O3,1.373,1.374,0.001,z_b > z_a,log(1 + exp(-(z_b - z_a)))
524,ADJACENT_STRICT_PBE_ORDER_V1,1.0,704,705,1685,660,current-nlr-pbe-gw-v1:composition:57c1bca2781c8c5c396eed1a251aacdb5bc5178e7cae3a5d75a53d223a542f52,current-nlr-pbe-gw-v1:composition:bc43b0f51b67ae050b3b60c9775aa0ccec24638811ce6e2860352542789a8d73,Mo O3,Cd K2 O2,1.374,1.376,0.002,z_b > z_a,log(1 + exp(-(z_b - z_a)))
525,ADJACENT_STRICT_PBE_ORDER_V1,1.0,705,706,660,1283,current-nlr-pbe-gw-v1:composition:bc43b0f51b67ae050b3b60c9775aa0ccec24638811ce6e2860352542789a8d73,current-nlr-pbe-gw-v1:composition:1c8b76e2eeb28525bd9dfc29389d475816a5878220310e425acb427d121d0a8a,Cd K2 O2,Hg2 O7 V2,1.376,1.377,0.001,z_b > z_a,log(1 + exp(-(z_b - z_a)))
526,ADJACENT_STRICT_PBE_ORDER_V1,1.0,706,707,1283,295,current-nlr-pbe-gw-v1:composition:1c8b76e2eeb28525bd9dfc29389d475816a5878220310e425acb427d121d0a8a,current-nlr-pbe-gw-v1:composition:30b61fa5dfd7feaaada8b343ccc9af15cf888eb019bf67b5f0dad6e299504731,Hg2 O7 V2,Ba Ni O3,1.377,1.378,0.001,z_b > z_a,log(1 + exp(-(z_b - z_a)))
527,ADJACENT_STRICT_PBE_ORDER_V1,1.0,707,708,295,1208,current-nlr-pbe-gw-v1:composition:30b61fa5dfd7feaaada8b343ccc9af15cf888eb019bf67b5f0dad6e299504731,current-nlr-pbe-gw-v1:composition:9a2ed6467b87396ed91f89d8eb05b7d32bd7317123612efea709c7ae2625001a,Ba Ni O3,Ge2 In6 O9 Pt,1.378,1.381,0.003,z_b > z_a,log(1 + exp(-(z_b - z_a)))
528,ADJACENT_STRICT_PBE_ORDER_V1,1.0,708,709,1208,801,current-nlr-pbe-gw-v1:composition:9a2ed6467b87396ed91f89d8eb05b7d32bd7317123612efea709c7ae2625001a,current-nlr-pbe-gw-v1:composition:3b3a09c656ad55f8e98578704e6bdfdbfa2aeef299f22c623e3b41945337594d,Ge2 In6 O9 Pt,Cr Hg O4,1.381,1.382,0.001,z_b > z_a,log(1 + exp(-(z_b - z_a)))
529,ADJACENT_STRICT_PBE_ORDER_V1,1.0,709,710,801,345,current-nlr-pbe-gw-v1:composition:3b3a09c656ad55f8e98578704e6bdfdbfa2aeef299f22c623e3b41945337594d,current-nlr-pbe-gw-v1:composition:91c3b09269fa628b0f6235d6a5e1383cf2b154fc6b26f9244f7295f7389ec4c9,Cr Hg O4,Ba2 Co O4,1.382,1.384,0.002,z_b > z_a,log(1 + exp(-(z_b - z_a)))
530,ADJACENT_STRICT_PBE_ORDER_V1,1.0,710,711,345,931,current-nlr-pbe-gw-v1:composition:91c3b09269fa628b0f6235d6a5e1383cf2b154fc6b26f9244f7295f7389ec4c9,current-nlr-pbe-gw-v1:composition:b5b293df2818c04313ea1605f97c0adf5de344959b55017d9008bb4ea39a4a8f,Ba2 Co O4,Cu O4 Sb2,1.384,1.385,0.001,z_b > z_a,log(1 + exp(-(z_b - z_a)))
531,ADJACENT_STRICT_PBE_ORDER_V1,1.0,711,712,931,766,current-nlr-pbe-gw-v1:composition:b5b293df2818c04313ea1605f97c0adf5de344959b55017d9008bb4ea39a4a8f,current-nlr-pbe-gw-v1:composition:d13e01b77d12c1d8c76f82ffbd8d1d668c58e0172360979accd88c6587c7df7c,Cu O4 Sb2,Co2 K6 O7,1.385,1.387,0.002,z_b > z_a,log(1 + exp(-(z_b - z_a)))
532,ADJACENT_STRICT_PBE_ORDER_V1,1.0,712,713,766,1810,current-nlr-pbe-gw-v1:composition:d13e01b77d12c1d8c76f82ffbd8d1d668c58e0172360979accd88c6587c7df7c,current-nlr-pbe-gw-v1:composition:bac8995535e4c8ba8b7a63192e348c004998837bfd01acdf2fb18b9d32720c1e,Co2 K6 O7,Na2 O3 Ru,1.387,1.389,0.002,z_b > z_a,log(1 + exp(-(z_b - z_a)))
533,ADJACENT_STRICT_PBE_ORDER_V1,1.0,713,714,1810,1534,current-nlr-pbe-gw-v1:composition:bac8995535e4c8ba8b7a63192e348c004998837bfd01acdf2fb18b9d32720c1e,current-nlr-pbe-gw-v1:composition:6404836185a5a47243ded5752f90acce1217ebc6cbe4d7635f08884c9607722c,Na2 O3 Ru,La3 Mo O7,1.389,1.393,0.004,z_b > z_a,log(1 + exp(-(z_b - z_a)))
534,ADJACENT_STRICT_PBE_ORDER_V1,1.0,714,715,1534,713,current-nlr-pbe-gw-v1:composition:6404836185a5a47243ded5752f90acce1217ebc6cbe4d7635f08884c9607722c,current-nlr-pbe-gw-v1:composition:f2076c9cfc1c7d47cc2896ba518f9fd9b7ba28ac0f6b61d133cb9b1fb844e6db,La3 Mo O7,Co Cu O2,1.393,1.397,0.004,z_b > z_a,log(1 + exp(-(z_b - z_a)))
535,ADJACENT_STRICT_PBE_ORDER_V1,1.0,715,716,713,1352,current-nlr-pbe-gw-v1:composition:f2076c9cfc1c7d47cc2896ba518f9fd9b7ba28ac0f6b61d133cb9b1fb844e6db,current-nlr-pbe-gw-v1:composition:6dc9c1cd72198e0937adebcb23d9d763e646ae8da8c6104b1f32e056d8290a9f,Co Cu O2,K Mn Na O2,1.397,1.401,0.004,z_b > z_a,log(1 + exp(-(z_b - z_a)))
536,ADJACENT_STRICT_PBE_ORDER_V1,1.0,717,718,687,798,current-nlr-pbe-gw-v1:composition:e9971d52254946ff3fe681d8d4939de385c07727fb728159ad178715ffa5d9e0,current-nlr-pbe-gw-v1:composition:d60c2312eeefad0014477f3c30c74ee8953ec75a9ee86686556cc7450216a0f9,Cd2 Na14 O9,Cr Cu O4,1.401,1.403,0.002,z_b > z_a,log(1 + exp(-(z_b - z_a)))
537,ADJACENT_STRICT_PBE_ORDER_V1,1.0,718,719,798,1323,current-nlr-pbe-gw-v1:composition:d60c2312eeefad0014477f3c30c74ee8953ec75a9ee86686556cc7450216a0f9,current-nlr-pbe-gw-v1:composition:7235fd94579f1c2cda348c5a06f281e72efaba94e7cccc853a832c479aade0bd,Cr Cu O4,Ir K2 Na2 O4,1.403,1.407,0.004,z_b > z_a,log(1 + exp(-(z_b - z_a)))
538,ADJACENT_STRICT_PBE_ORDER_V1,1.0,720,721,532,1335,current-nlr-pbe-gw-v1:composition:7a131f34ae5c5ba0344284427abaf86e3729d1cb10d484f83cf615c7cacf530e,current-nlr-pbe-gw-v1:composition:a7465d6ee3a280c6681ee86afacf6d29bfc8b9b26f87dfad6a11a26274b157fa,Ca Fe3 O12 Ti4,Ir Na2 O4 Rb2,1.407,1.412,0.005,z_b > z_a,log(1 + exp(-(z_b - z_a)))
539,ADJACENT_STRICT_PBE_ORDER_V1,1.0,722,723,2024,740,current-nlr-pbe-gw-v1:composition:f9ca0cbab20ab78050c0a11f92a48f77b5580670eacf7d008e09d645d2b1e66a,current-nlr-pbe-gw-v1:composition:32cd6bcdfc88cf1771f55b1095a94bda0d7cedd81d8755b8dae5024c4e374c5e,O4 Pb Sr2,Co Na4 O4,1.412,1.417,0.005,z_b > z_a,log(1 + exp(-(z_b - z_a)))
540,ADJACENT_STRICT_PBE_ORDER_V1,1.0,724,725,2032,762,current-nlr-pbe-gw-v1:composition:a6a3d9b1ec7bb16b61e9aeef2b3ba21192b0d61c189ac0bfcc5e72cead1357ec,current-nlr-pbe-gw-v1:composition:232e8e9115aa531f9bc0266e09028f17728ba8e02415de39e49b5ad22183947b,O4 Rb2 Zn3,Co2 Ge O4,1.417,1.42,0.003,z_b > z_a,log(1 + exp(-(z_b - z_a)))
541,ADJACENT_STRICT_PBE_ORDER_V1,1.0,727,728,902,1613,current-nlr-pbe-gw-v1:composition:8569fed2c6a440b12bf13d91cbecd0bcdb60b99d1c24dcd7a2dd76e903ec63c9,current-nlr-pbe-gw-v1:composition:221acb7dd81344f6c0ff320bfbd824eb830d5710083eea7cd8c2a1c25050d098,Cu La2 O6 Sn,Mn O2,1.42,1.421,0.001,z_b > z_a,log(1 + exp(-(z_b - z_a)))
542,ADJACENT_STRICT_PBE_ORDER_V1,1.0,730,731,1426,653,current-nlr-pbe-gw-v1:composition:be911f592e9395943535a99dcd793485cf6899e37233aeb12c14214dffdc8ce6,current-nlr-pbe-gw-v1:composition:3d87705b843a355d26d3cf2d43b77b446e83e475b726f8396410f1af9abc130b,K2 O4 Zn3,Cd Fe2 O4,1.421,1.423,0.002,z_b > z_a,log(1 + exp(-(z_b - z_a)))
543,ADJACENT_STRICT_PBE_ORDER_V1,1.0,731,732,653,2030,current-nlr-pbe-gw-v1:composition:3d87705b843a355d26d3cf2d43b77b446e83e475b726f8396410f1af9abc130b,current-nlr-pbe-gw-v1:composition:6df871a8b60c37f5c51b8165df2c9321d89aa3c3f6bbb628db60635249414ff7,Cd Fe2 O4,O4 Rb2 Ru,1.423,1.425,0.002,z_b > z_a,log(1 + exp(-(z_b - z_a)))
544,ADJACENT_STRICT_PBE_ORDER_V1,1.0,732,733,2030,1951,current-nlr-pbe-gw-v1:composition:6df871a8b60c37f5c51b8165df2c9321d89aa3c3f6bbb628db60635249414ff7,current-nlr-pbe-gw-v1:composition:f2a8bfa911f9032328d09c34ea4626c57f14bb8500db00bd4cb627b52ea62cc4,O4 Rb2 Ru,O14 Ru3 Sn15,1.425,1.426,0.001,z_b > z_a,log(1 + exp(-(z_b - z_a)))
545,ADJACENT_STRICT_PBE_ORDER_V1,1.0,734,735,1556,774,current-nlr-pbe-gw-v1:composition:fb997c528c1f4dc4b782b80a92cd06111f1a6d1dba682891bcc561c3620772af,current-nlr-pbe-gw-v1:composition:de1af018485fb774166eeb8005746adfd7691d642979c7c8a4830dafe789382f,Mg Mn2 O4,Co2 Na5 O5,1.426,1.427,0.001,z_b > z_a,log(1 + exp(-(z_b - z_a)))
546,ADJACENT_STRICT_PBE_ORDER_V1,1.0,735,736,774,1114,current-nlr-pbe-gw-v1:composition:de1af018485fb774166eeb8005746adfd7691d642979c7c8a4830dafe789382f,current-nlr-pbe-gw-v1:composition:1cc383f496da1760edbfed8a71f581746a9e2664cae69c75a4f9b58ca05b61f7,Co2 Na5 O5,Fe5 Ge3 La O15,1.427,1.428,0.001,z_b > z_a,log(1 + exp(-(z_b - z_a)))
547,ADJACENT_STRICT_PBE_ORDER_V1,1.0,737,738,49,1041,current-nlr-pbe-gw-v1:composition:44fd36d097163f6f996fcff2e067555a4111440a26093874d7917f4c22e9f284,current-nlr-pbe-gw-v1:composition:931298e57cdd1d2f9942497ed5ddaf893696402083db4d50ef32cbe59d99de5d,Ag2 O11 V4,Fe Na4 O3,1.428,1.429,0.001,z_b > z_a,log(1 + exp(-(z_b - z_a)))
548,ADJACENT_STRICT_PBE_ORDER_V1,1.0,738,739,1041,672,current-nlr-pbe-gw-v1:composition:931298e57cdd1d2f9942497ed5ddaf893696402083db4d50ef32cbe59d99de5d,current-nlr-pbe-gw-v1:composition:570654222a94fb9a4ac08bcd9dbabd9f80d321d7df15c62de37e8df5134b2ffb,Fe Na4 O3,Cd O3 V,1.429,1.43,0.001,z_b > z_a,log(1 + exp(-(z_b - z_a)))
549,ADJACENT_STRICT_PBE_ORDER_V1,1.0,739,740,672,1374,current-nlr-pbe-gw-v1:composition:570654222a94fb9a4ac08bcd9dbabd9f80d321d7df15c62de37e8df5134b2ffb,current-nlr-pbe-gw-v1:composition:9994f4be2f76ceb37e07f588cd7b231aa9a9efa12fe1979bffcdb857fd5af7a9,Cd O3 V,K O2 Pb,1.43,1.433,0.003,z_b > z_a,log(1 + exp(-(z_b - z_a)))
550,ADJACENT_STRICT_PBE_ORDER_V1,1.0,740,741,1374,1658,current-nlr-pbe-gw-v1:composition:9994f4be2f76ceb37e07f588cd7b231aa9a9efa12fe1979bffcdb857fd5af7a9,current-nlr-pbe-gw-v1:composition:bcf6d4d11f7324af85c1c582149992c8ea43dcda5714cd7d577d68d8b19128ba,K O2 Pb,Mn3 Na2 O7,1.433,1.436,0.003,z_b > z_a,log(1 + exp(-(z_b - z_a)))
551,ADJACENT_STRICT_PBE_ORDER_V1,1.0,741,742,1658,1178,current-nlr-pbe-gw-v1:composition:bcf6d4d11f7324af85c1c582149992c8ea43dcda5714cd7d577d68d8b19128ba,current-nlr-pbe-gw-v1:composition:1524ed7aba0f22f66a773d7867668a83a8088d520b39b3fc14e40edfd801779e,Mn3 Na2 O7,Ge Mn2 O4,1.436,1.438,0.002,z_b > z_a,log(1 + exp(-(z_b - z_a)))
552,ADJACENT_STRICT_PBE_ORDER_V1,1.0,742,743,1178,8,current-nlr-pbe-gw-v1:composition:1524ed7aba0f22f66a773d7867668a83a8088d520b39b3fc14e40edfd801779e,current-nlr-pbe-gw-v1:composition:a28b5b5256b515e135dce5737a733f8a775d7f1eff590ce754214275df26c895,Ge Mn2 O4,Ag Cu O4 V,1.438,1.441,0.003,z_b > z_a,log(1 + exp(-(z_b - z_a)))
553,ADJACENT_STRICT_PBE_ORDER_V1,1.0,743,744,8,2138,current-nlr-pbe-gw-v1:composition:a28b5b5256b515e135dce5737a733f8a775d7f1eff590ce754214275df26c895,current-nlr-pbe-gw-v1:composition:386951d06bca1bed5aad2c5b3915a1b568b28ba11eb1401d70eaf982993cf2a5,Ag Cu O4 V,O9 Ti3 V2,1.441,1.444,0.003,z_b > z_a,log(1 + exp(-(z_b - z_a)))
554,ADJACENT_STRICT_PBE_ORDER_V1,1.0,745,746,718,527,current-nlr-pbe-gw-v1:composition:5b077c2b4470a6e897371df7c7e7d98b1282b2e64a0d8efbdee6dab163353903,current-nlr-pbe-gw-v1:composition:0d55f175ae70303c1a38cb2f07a638ae9a3d5633aa30791c0523b49423941d12,Co Ge O3,Ca Cu3 O12 Sn4,1.444,1.447,0.003,z_b > z_a,log(1 + exp(-(z_b - z_a)))
555,ADJACENT_STRICT_PBE_ORDER_V1,1.0,746,747,527,1454,current-nlr-pbe-gw-v1:composition:0d55f175ae70303c1a38cb2f07a638ae9a3d5633aa30791c0523b49423941d12,current-nlr-pbe-gw-v1:composition:73fae3d33666d567dcd270320e3f80ceb392de61ef4e92a07e888ac4d06a8aa6,Ca Cu3 O12 Sn4,K3 Ni O2,1.447,1.448,0.001,z_b > z_a,log(1 + exp(-(z_b - z_a)))
556,ADJACENT_STRICT_PBE_ORDER_V1,1.0,747,748,1454,3,current-nlr-pbe-gw-v1:composition:73fae3d33666d567dcd270320e3f80ceb392de61ef4e92a07e888ac4d06a8aa6,current-nlr-pbe-gw-v1:composition:4ea783a88969b1d5165c4142ede2939f1885b297a424313ede2e3633d96e2321,K3 Ni O2,Ag Co O2,1.448,1.45,0.002,z_b > z_a,log(1 + exp(-(z_b - z_a)))
557,ADJACENT_STRICT_PBE_ORDER_V1,1.0,749,750,0,707,current-nlr-pbe-gw-v1:composition:89a91c1e346bf870bb4aa5e0b313826c96befa495479cf705819df63d76220a8,current-nlr-pbe-gw-v1:composition:ac2a6ccbdebd52d0c53f14a9305762f6da0387029fbd5ed13dd9221308376ad1,Ag Al O2,Ce2 O3,1.45,1.451,0.001,z_b > z_a,log(1 + exp(-(z_b - z_a)))
558,ADJACENT_STRICT_PBE_ORDER_V1,1.0,750,751,707,656,current-nlr-pbe-gw-v1:composition:ac2a6ccbdebd52d0c53f14a9305762f6da0387029fbd5ed13dd9221308376ad1,current-nlr-pbe-gw-v1:composition:3f92db1d493274387cbab2de3efdbea79b1ce96427a15cf85c28a18fb4fcfefa,Ce2 O3,Cd Ge2 O5,1.451,1.456,0.005,z_b > z_a,log(1 + exp(-(z_b - z_a)))
559,ADJACENT_STRICT_PBE_ORDER_V1,1.0,751,752,656,1727,current-nlr-pbe-gw-v1:composition:3f92db1d493274387cbab2de3efdbea79b1ce96427a15cf85c28a18fb4fcfefa,current-nlr-pbe-gw-v1:composition:b1283ecf2e3149116be80787026ca6ef51864cde621221c11b749b64f226f69c,Cd Ge2 O5,N Nb3 O6,1.456,1.457,0.001,z_b > z_a,log(1 + exp(-(z_b - z_a)))
560,ADJACENT_STRICT_PBE_ORDER_V1,1.0,752,753,1727,1759,current-nlr-pbe-gw-v1:composition:b1283ecf2e3149116be80787026ca6ef51864cde621221c11b749b64f226f69c,current-nlr-pbe-gw-v1:composition:cb3df5eaf16161f7ad6253bb2cadbbe6f7eb0e70ed0f13083b944a214932f842,N Nb3 O6,Na Nb O2,1.457,1.461,0.004,z_b > z_a,log(1 + exp(-(z_b - z_a)))
561,ADJACENT_STRICT_PBE_ORDER_V1,1.0,753,754,1759,843,current-nlr-pbe-gw-v1:composition:cb3df5eaf16161f7ad6253bb2cadbbe6f7eb0e70ed0f13083b944a214932f842,current-nlr-pbe-gw-v1:composition:2d58d6d0601c8d0a67bd364667791e866c395c720ac61055afd00273436f6794,Na Nb O2,Cr2 Fe O4,1.461,1.465,0.004,z_b > z_a,log(1 + exp(-(z_b - z_a)))
562,ADJACENT_STRICT_PBE_ORDER_V1,1.0,754,755,843,1808,current-nlr-pbe-gw-v1:composition:2d58d6d0601c8d0a67bd364667791e866c395c720ac61055afd00273436f6794,current-nlr-pbe-gw-v1:composition:441c24b6e4d05ac644ec13395515bb2c145b47a43928cce7244f3a0572668007,Cr2 Fe O4,Na2 O2 Zn,1.465,1.466,0.001,z_b > z_a,log(1 + exp(-(z_b - z_a)))
563,ADJACENT_STRICT_PBE_ORDER_V1,1.0,756,757,965,367,current-nlr-pbe-gw-v1:composition:dc75ccd7d490b583830a645952fe657e0b25461cae1d2a841b5d3f0f0c045ac6,current-nlr-pbe-gw-v1:composition:9de141f2882e64da79d7880b29c6d43b83a9405304bf9f6245af19dd601a9378,Cu2 O5 Sc2,Ba2 Fe6 O11,1.466,1.468,0.002,z_b > z_a,log(1 + exp(-(z_b - z_a)))
564,ADJACENT_STRICT_PBE_ORDER_V1,1.0,757,758,367,26,current-nlr-pbe-gw-v1:composition:9de141f2882e64da79d7880b29c6d43b83a9405304bf9f6245af19dd601a9378,current-nlr-pbe-gw-v1:composition:a9ed3a0b0b4d7c1b12bd86e240762a837636c8e0d814b6429acaae05c6fb63f4,Ba2 Fe6 O11,Ag O Rb,1.468,1.471,0.003,z_b > z_a,log(1 + exp(-(z_b - z_a)))
565,ADJACENT_STRICT_PBE_ORDER_V1,1.0,758,759,26,1917,current-nlr-pbe-gw-v1:composition:a9ed3a0b0b4d7c1b12bd86e240762a837636c8e0d814b6429acaae05c6fb63f4,current-nlr-pbe-gw-v1:composition:c4694f2e93d5c4e7d51f9c5deb75e6cc8be5e1114178c6a45b6fc2c566a0aa8c,Ag O Rb,O,1.471,1.472,0.001,z_b > z_a,log(1 + exp(-(z_b - z_a)))
566,ADJACENT_STRICT_PBE_ORDER_V1,1.0,759,760,1917,1850,current-nlr-pbe-gw-v1:composition:c4694f2e93d5c4e7d51f9c5deb75e6cc8be5e1114178c6a45b6fc2c566a0aa8c,current-nlr-pbe-gw-v1:composition:61783b3b973edaa53f3cafe958a3a60ae4de401e51be3e67a394c477dd47e340,O,Na5 Ni O4,1.472,1.478,0.006,z_b > z_a,log(1 + exp(-(z_b - z_a)))
567,ADJACENT_STRICT_PBE_ORDER_V1,1.0,760,761,1850,765,current-nlr-pbe-gw-v1:composition:61783b3b973edaa53f3cafe958a3a60ae4de401e51be3e67a394c477dd47e340,current-nlr-pbe-gw-v1:composition:f9001726179d98774caf233ac4a016262f539d0de988a42a87065cd7fd74dac6,Na5 Ni O4,Co2 K4 O5 Rb2,1.478,1.485,0.007,z_b > z_a,log(1 + exp(-(z_b - z_a)))
568,ADJACENT_STRICT_PBE_ORDER_V1,1.0,761,762,765,655,current-nlr-pbe-gw-v1:composition:f9001726179d98774caf233ac4a016262f539d0de988a42a87065cd7fd74dac6,current-nlr-pbe-gw-v1:composition:32aeecb39aedc7eee87f41274ff3dccdbebb797bcf2b6c6ec465e14988dd1da6,Co2 K4 O5 Rb2,Cd Ge O3,1.485,1.486,0.001,z_b > z_a,log(1 + exp(-(z_b - z_a)))
569,ADJACENT_STRICT_PBE_ORDER_V1,1.0,763,764,690,1853,current-nlr-pbe-gw-v1:composition:5f5d12aaf70b11363c1bb00c10204302785d54d54f11b3fd57f5c709147cb3f2,current-nlr-pbe-gw-v1:composition:1649cd9e64d646878ed411bb72116ce0aa4f33604bf3a394092d6178be3801b5,Cd2 O4 Si,Na6 O4 Pb,1.486,1.489,0.003,z_b > z_a,log(1 + exp(-(z_b - z_a)))
570,ADJACENT_STRICT_PBE_ORDER_V1,1.0,766,767,1098,4,current-nlr-pbe-gw-v1:composition:fbaa3a8177d31688c81739e577acd463200b6370d3672a2e997bf904f98b13e2,current-nlr-pbe-gw-v1:composition:170316842876b41e1949571ffbae2fc2b398b220acb6b5e0c154a6bb408762fd,Fe2 O6 W,Ag Cr O2,1.489,1.493,0.004,z_b > z_a,log(1 + exp(-(z_b - z_a)))
571,ADJACENT_STRICT_PBE_ORDER_V1,1.0,768,769,1321,605,current-nlr-pbe-gw-v1:composition:d50b6a094b22c8869fb69c0175288680aefe81cffbcdd8cd1262498345a7640b,current-nlr-pbe-gw-v1:composition:460557559ce94bb8311a55146a63ec4cb21ceae63a5bb2761e70f4aa75ce8f0a,In4 O7 Rb2,Ca2 O4 Pb,1.493,1.496,0.003,z_b > z_a,log(1 + exp(-(z_b - z_a)))
572,ADJACENT_STRICT_PBE_ORDER_V1,1.0,769,770,605,952,current-nlr-pbe-gw-v1:composition:460557559ce94bb8311a55146a63ec4cb21ceae63a5bb2761e70f4aa75ce8f0a,current-nlr-pbe-gw-v1:composition:a486826e5d5e47cc828face95d6efc24d6181b464ce659e8612b03e8ca2c734a,Ca2 O4 Pb,Cu2 Mg O8 V2,1.496,1.498,0.002,z_b > z_a,log(1 + exp(-(z_b - z_a)))
573,ADJACENT_STRICT_PBE_ORDER_V1,1.0,770,771,952,184,current-nlr-pbe-gw-v1:composition:a486826e5d5e47cc828face95d6efc24d6181b464ce659e8612b03e8ca2c734a,current-nlr-pbe-gw-v1:composition:ff38dd7f7dec1e2ac3de70a6a9caf4e9e7c489a23fce6e13e7ba381ca2a3313f,Cu2 Mg O8 V2,Au K O2,1.498,1.5,0.002,z_b > z_a,log(1 + exp(-(z_b - z_a)))
574,ADJACENT_STRICT_PBE_ORDER_V1,1.0,771,772,184,924,current-nlr-pbe-gw-v1:composition:ff38dd7f7dec1e2ac3de70a6a9caf4e9e7c489a23fce6e13e7ba381ca2a3313f,current-nlr-pbe-gw-v1:composition:1b23ebcfae29b6aa42ab5a22cdd41ebacbde9408db0563de3b45bf3f881e9803,Au K O2,Cu O2 Rh,1.5,1.502,0.002,z_b > z_a,log(1 + exp(-(z_b - z_a)))
575,ADJACENT_STRICT_PBE_ORDER_V1,1.0,773,774,933,2054,current-nlr-pbe-gw-v1:composition:6b4021727bf801662a3ebfc0f944bcb6b4dabafdda83bd3e39f68fc70f108b49,current-nlr-pbe-gw-v1:composition:c69652e36292dccf3d45ade599fb3f2521c6607bd81c0f1557e08c8e1b02970c,Cu O6 Pt Sr3,O4 Sr2 V,1.502,1.503,0.001,z_b > z_a,log(1 + exp(-(z_b - z_a)))
576,ADJACENT_STRICT_PBE_ORDER_V1,1.0,774,775,2054,1742,current-nlr-pbe-gw-v1:composition:c69652e36292dccf3d45ade599fb3f2521c6607bd81c0f1557e08c8e1b02970c,current-nlr-pbe-gw-v1:composition:3bb4250c43934afe1df381e36b4b948c1ec638950de49f0a1174ac446e453678,O4 Sr2 V,N2 O Te2,1.503,1.504,0.001,z_b > z_a,log(1 + exp(-(z_b - z_a)))
577,ADJACENT_STRICT_PBE_ORDER_V1,1.0,775,776,1742,1609,current-nlr-pbe-gw-v1:composition:3bb4250c43934afe1df381e36b4b948c1ec638950de49f0a1174ac446e453678,current-nlr-pbe-gw-v1:composition:6269044c8608d9d3ef8712f5ec51fa3280b911b4337b537b16bdd5d05a83b913,N2 O Te2,Mn Ni O3,1.504,1.505,0.001,z_b > z_a,log(1 + exp(-(z_b - z_a)))
578,ADJACENT_STRICT_PBE_ORDER_V1,1.0,776,777,1609,1632,current-nlr-pbe-gw-v1:composition:6269044c8608d9d3ef8712f5ec51fa3280b911b4337b537b16bdd5d05a83b913,current-nlr-pbe-gw-v1:composition:fd6be79b23292d12f8c6715376bf0a992fa8326d0eaffb3759f85e773adcb3b9,Mn Ni O3,Mn O6 V2,1.505,1.508,0.003,z_b > z_a,log(1 + exp(-(z_b - z_a)))
579,ADJACENT_STRICT_PBE_ORDER_V1,1.0,777,778,1632,1099,current-nlr-pbe-gw-v1:composition:fd6be79b23292d12f8c6715376bf0a992fa8326d0eaffb3759f85e773adcb3b9,current-nlr-pbe-gw-v1:composition:6bf3fe0f2bda1a46e0b6d19f35830acf9a7b0ced31f7c622537b27a237cdec89,Mn O6 V2,Fe2 O7 Rb8,1.508,1.509,0.001,z_b > z_a,log(1 + exp(-(z_b - z_a)))
580,ADJACENT_STRICT_PBE_ORDER_V1,1.0,779,780,1284,2002,current-nlr-pbe-gw-v1:composition:b64a3795ff715e2f4575694e7010f6ba1e017f81a11ddbbe46511658907606c8,current-nlr-pbe-gw-v1:composition:ed56e33e2cb9b9a758ba5bd2c121f1db0d16bf420fea9f5cca08979950194f4b,Hg6 O7 Si2,O3 Rh2,1.509,1.51,0.001,z_b > z_a,log(1 + exp(-(z_b - z_a)))
581,ADJACENT_STRICT_PBE_ORDER_V1,1.0,780,781,2002,1631,current-nlr-pbe-gw-v1:composition:ed56e33e2cb9b9a758ba5bd2c121f1db0d16bf420fea9f5cca08979950194f4b,current-nlr-pbe-gw-v1:composition:40639f8ea834debeb6a5909f409817e27dc7bbca23d42f73170f17ab8e33579e,O3 Rh2,Mn O6 Sr2 Zr,1.51,1.512,0.002,z_b > z_a,log(1 + exp(-(z_b - z_a)))
582,ADJACENT_STRICT_PBE_ORDER_V1,1.0,781,782,1631,1508,current-nlr-pbe-gw-v1:composition:40639f8ea834debeb6a5909f409817e27dc7bbca23d42f73170f17ab8e33579e,current-nlr-pbe-gw-v1:composition:a492ccf13429683b08edb3fa65dfda2d9a3c1f0a29f835a9af4fe2e5ca5b76e1,Mn O6 Sr2 Zr,La11 O26 V4,1.512,1.514,0.002,z_b > z_a,log(1 + exp(-(z_b - z_a)))
583,ADJACENT_STRICT_PBE_ORDER_V1,1.0,783,784,984,502,current-nlr-pbe-gw-v1:composition:d6067fe2bbf7eab83d60bed3fb904c5478f5f3d36a58113891dd3e1e961ccc15,current-nlr-pbe-gw-v1:composition:c1a44fddae1f65cc59092a1f53ed4de1a860e0ea1bbf5785e6cdd8e65e06b5f0,Cu3 O8 V2,Bi I O,1.514,1.519,0.005,z_b > z_a,log(1 + exp(-(z_b - z_a)))
584,ADJACENT_STRICT_PBE_ORDER_V1,1.0,784,785,502,1967,current-nlr-pbe-gw-v1:composition:c1a44fddae1f65cc59092a1f53ed4de1a860e0ea1bbf5785e6cdd8e65e06b5f0,current-nlr-pbe-gw-v1:composition:f0129a926448069b1958dbf5c11bd68a7acf2e1cbc209daa5388b256dac801bf,Bi I O,O2 Rb2 Zn,1.519,1.52,0.001,z_b > z_a,log(1 + exp(-(z_b - z_a)))
585,ADJACENT_STRICT_PBE_ORDER_V1,1.0,785,786,1967,920,current-nlr-pbe-gw-v1:composition:f0129a926448069b1958dbf5c11bd68a7acf2e1cbc209daa5388b256dac801bf,current-nlr-pbe-gw-v1:composition:fd14aeca31ee00b339e753b78a0846b13cc8270aa5166a7582668f6b93b7d5a9,O2 Rb2 Zn,Cu O Rb,1.52,1.523,0.003,z_b > z_a,log(1 + exp(-(z_b - z_a)))
586,ADJACENT_STRICT_PBE_ORDER_V1,1.0,786,787,920,875,current-nlr-pbe-gw-v1:composition:fd14aeca31ee00b339e753b78a0846b13cc8270aa5166a7582668f6b93b7d5a9,current-nlr-pbe-gw-v1:composition:0fac8b3f3dfb337d5a441134b76b8b3189849e8e1cb4ff261d7fe424d67070f9,Cu O Rb,Cr3 Na O8,1.523,1.524,0.001,z_b > z_a,log(1 + exp(-(z_b - z_a)))
587,ADJACENT_STRICT_PBE_ORDER_V1,1.0,789,790,2140,1937,current-nlr-pbe-gw-v1:composition:f3362003db4035c5f82cd4d84bb2f99f0501c080f4cdf5746f081557ab83cd07,current-nlr-pbe-gw-v1:composition:5ba3f544cfb559c54104c7e6325ed5317ac33b43c1be916a859a5d5465dd498d,O9 V4,O10 Sr V4,1.524,1.526,0.002,z_b > z_a,log(1 + exp(-(z_b - z_a)))
588,ADJACENT_STRICT_PBE_ORDER_V1,1.0,790,791,1937,882,current-nlr-pbe-gw-v1:composition:5ba3f544cfb559c54104c7e6325ed5317ac33b43c1be916a859a5d5465dd498d,current-nlr-pbe-gw-v1:composition:49fb08cb443b2ce9a4fd5ad19828dff32ecdf15a41058745c44fd3a03cf98877,O10 Sr V4,Cr5 O12,1.526,1.527,0.001,z_b > z_a,log(1 + exp(-(z_b - z_a)))
589,ADJACENT_STRICT_PBE_ORDER_V1,1.0,791,792,882,380,current-nlr-pbe-gw-v1:composition:49fb08cb443b2ce9a4fd5ad19828dff32ecdf15a41058745c44fd3a03cf98877,current-nlr-pbe-gw-v1:composition:23ffab2ee41665c22e50f241467f3756fdfaadd6a2ed04426a6f8bdba822a747,Cr5 O12,Ba2 La2 Mn O12 W2,1.527,1.533,0.006,z_b > z_a,log(1 + exp(-(z_b - z_a)))
590,ADJACENT_STRICT_PBE_ORDER_V1,1.0,793,794,438,755,current-nlr-pbe-gw-v1:composition:3f67e9710cec61d27e24e253614284f67f2db307f7a30cfb9c4e0a1952e05b14,current-nlr-pbe-gw-v1:composition:7898352e3030f80416c03cf3515c183ce3362bbff5ef61b3fa4ee23acdcd8aa1,Ba3 Mg O9 Ru2,Co O4 Rh2,1.533,1.539,0.006,z_b > z_a,log(1 + exp(-(z_b - z_a)))
591,ADJACENT_STRICT_PBE_ORDER_V1,1.0,794,795,755,873,current-nlr-pbe-gw-v1:composition:7898352e3030f80416c03cf3515c183ce3362bbff5ef61b3fa4ee23acdcd8aa1,current-nlr-pbe-gw-v1:composition:5c19f1cd3cadf594cafae291b6216233c46771f3d4901ff9f7d4ae346b9ca60f,Co O4 Rh2,Cr3 K O8,1.539,1.542,0.003,z_b > z_a,log(1 + exp(-(z_b - z_a)))
592,ADJACENT_STRICT_PBE_ORDER_V1,1.0,795,796,873,947,current-nlr-pbe-gw-v1:composition:5c19f1cd3cadf594cafae291b6216233c46771f3d4901ff9f7d4ae346b9ca60f,current-nlr-pbe-gw-v1:composition:9bce5e71e8f05d18b8a66d1376bd3abcd37f083d946a62322f84a9a6d9f6a671,Cr3 K O8,Cu2 K Mg2 O12 V3,1.542,1.543,0.001,z_b > z_a,log(1 + exp(-(z_b - z_a)))
593,ADJACENT_STRICT_PBE_ORDER_V1,1.0,796,797,947,2085,current-nlr-pbe-gw-v1:composition:9bce5e71e8f05d18b8a66d1376bd3abcd37f083d946a62322f84a9a6d9f6a671,current-nlr-pbe-gw-v1:composition:3ba217838d7ac47b45eb520c1a53a3ce2b823d7dc726b8464c2db421a04783a4,Cu2 K Mg2 O12 V3,O6 Ru Sr2 Y,1.543,1.545,0.002,z_b > z_a,log(1 + exp(-(z_b - z_a)))
594,ADJACENT_STRICT_PBE_ORDER_V1,1.0,798,799,17,508,current-nlr-pbe-gw-v1:composition:3eb5d0fc4d16c58136715388eef3d9b85b8f0b0c548ed9f09f7da4581fff8f53,current-nlr-pbe-gw-v1:composition:66a5fbfa7bf7d6d11e6b2be939d95f4b068300b3d3102dec3611baa884807110,Ag K O,Bi2 Cu O4,1.545,1.548,0.003,z_b > z_a,log(1 + exp(-(z_b - z_a)))
595,ADJACENT_STRICT_PBE_ORDER_V1,1.0,800,801,1854,2058,current-nlr-pbe-gw-v1:composition:83a5a938dfb8a4238faea55418f945394a6a2d5ecd1e33357b45adcaf99507d8,current-nlr-pbe-gw-v1:composition:c287932a8a2437b0831f014a0fe64f633a6af304e07679547ecc3aea3413b722,Na6 O4 Zn,O4 V2 Zn,1.548,1.552,0.004,z_b > z_a,log(1 + exp(-(z_b - z_a)))
596,ADJACENT_STRICT_PBE_ORDER_V1,1.0,801,802,2058,878,current-nlr-pbe-gw-v1:composition:c287932a8a2437b0831f014a0fe64f633a6af304e07679547ecc3aea3413b722,current-nlr-pbe-gw-v1:composition:ea7e6a2049dc9a594184d2bfc3296d45859bbad7b7b8fbf8462f4742d3195caf,O4 V2 Zn,Cr3 O8 Rb,1.552,1.553,0.001,z_b > z_a,log(1 + exp(-(z_b - z_a)))
597,ADJACENT_STRICT_PBE_ORDER_V1,1.0,802,803,878,651,current-nlr-pbe-gw-v1:composition:ea7e6a2049dc9a594184d2bfc3296d45859bbad7b7b8fbf8462f4742d3195caf,current-nlr-pbe-gw-v1:composition:ea43e9f73729e9c0ab631001ac6aa31791d75a6c99c934672c8136aeef794ea0,Cr3 O8 Rb,Cd Cu O4 V,1.553,1.554,0.001,z_b > z_a,log(1 + exp(-(z_b - z_a)))
598,ADJACENT_STRICT_PBE_ORDER_V1,1.0,803,804,651,200,current-nlr-pbe-gw-v1:composition:ea43e9f73729e9c0ab631001ac6aa31791d75a6c99c934672c8136aeef794ea0,current-nlr-pbe-gw-v1:composition:60397408d836e6e5be9669ed8554962eb58cdeb79d27d85c425faf1445930d23,Cd Cu O4 V,Au2 O8 Sr5,1.554,1.556,0.002,z_b > z_a,log(1 + exp(-(z_b - z_a)))
599,ADJACENT_STRICT_PBE_ORDER_V1,1.0,804,805,200,1569,current-nlr-pbe-gw-v1:composition:60397408d836e6e5be9669ed8554962eb58cdeb79d27d85c425faf1445930d23,current-nlr-pbe-gw-v1:composition:44611e982a79a81db927c9a1f833e997706c9f18f759260306491371f03b8b3e,Au2 O8 Sr5,Mg O4 V2,1.556,1.561,0.005,z_b > z_a,log(1 + exp(-(z_b - z_a)))
600,ADJACENT_STRICT_PBE_ORDER_V1,1.0,805,806,1569,459,current-nlr-pbe-gw-v1:composition:44611e982a79a81db927c9a1f833e997706c9f18f759260306491371f03b8b3e,current-nlr-pbe-gw-v1:composition:afa389c3b4be35a04814046252bd727246364772f85c1f0f1d5406028379e40d,Mg O4 V2,Ba3 O9 Ru2 Zn,1.561,1.562,0.001,z_b > z_a,log(1 + exp(-(z_b - z_a)))
601,ADJACENT_STRICT_PBE_ORDER_V1,1.0,806,807,459,2010,current-nlr-pbe-gw-v1:composition:afa389c3b4be35a04814046252bd727246364772f85c1f0f1d5406028379e40d,current-nlr-pbe-gw-v1:composition:5031d111b053f45ec52afa7d996b97fde3502e4a0c0fd587439e6d49f7dbc84a,Ba3 O9 Ru2 Zn,O3 Sn2,1.562,1.571,0.009,z_b > z_a,log(1 + exp(-(z_b - z_a)))
602,ADJACENT_STRICT_PBE_ORDER_V1,1.0,809,810,1786,235,current-nlr-pbe-gw-v1:composition:a850f5bff1717459d69b8ae2e549cc97e8267f15d5690e04bf22a223b7d9e1ef,current-nlr-pbe-gw-v1:composition:7cd5d7a5fab4983dcd917e52616db5b7fa7833e7a39c9cd4fa90ed7040871052,Na O6 Rb7 Zn2,Ba Cu2 O8 V2,1.571,1.577,0.006,z_b > z_a,log(1 + exp(-(z_b - z_a)))
603,ADJACENT_STRICT_PBE_ORDER_V1,1.0,810,811,235,276,current-nlr-pbe-gw-v1:composition:7cd5d7a5fab4983dcd917e52616db5b7fa7833e7a39c9cd4fa90ed7040871052,current-nlr-pbe-gw-v1:composition:48efaa8239e6f53c8c57c1faf475e057985049810239a66cb92e36f90c66762c,Ba Cu2 O8 V2,Ba Mn2 O14 Si4 Sr2,1.577,1.579,0.002,z_b > z_a,log(1 + exp(-(z_b - z_a)))
604,ADJACENT_STRICT_PBE_ORDER_V1,1.0,811,812,276,33,current-nlr-pbe-gw-v1:composition:48efaa8239e6f53c8c57c1faf475e057985049810239a66cb92e36f90c66762c,current-nlr-pbe-gw-v1:composition:9c8310db62bb8a94341b13460060c221a5a8ac1e34bbf6fc4c91596aa6762086,Ba Mn2 O14 Si4 Sr2,Ag2 Ba Cu O8 V2,1.579,1.586,0.007,z_b > z_a,log(1 + exp(-(z_b - z_a)))
605,ADJACENT_STRICT_PBE_ORDER_V1,1.0,812,813,33,570,current-nlr-pbe-gw-v1:composition:9c8310db62bb8a94341b13460060c221a5a8ac1e34bbf6fc4c91596aa6762086,current-nlr-pbe-gw-v1:composition:d4bda94bfeb80a816eeb6383242b112d9fac50b6ca5b4c26b0c06dc1f1c214e1,Ag2 Ba Cu O8 V2,Ca O4 Rh2,1.586,1.587,0.001,z_b > z_a,log(1 + exp(-(z_b - z_a)))
606,ADJACENT_STRICT_PBE_ORDER_V1,1.0,813,814,570,346,current-nlr-pbe-gw-v1:composition:d4bda94bfeb80a816eeb6383242b112d9fac50b6ca5b4c26b0c06dc1f1c214e1,current-nlr-pbe-gw-v1:composition:e0d0696554bad473c9170c605970c0870eec915f82efaa2dcc713a00b9f429f9,Ca O4 Rh2,Ba2 Co O6 W,1.587,1.589,0.002,z_b > z_a,log(1 + exp(-(z_b - z_a)))
607,ADJACENT_STRICT_PBE_ORDER_V1,1.0,814,815,346,27,current-nlr-pbe-gw-v1:composition:e0d0696554bad473c9170c605970c0870eec915f82efaa2dcc713a00b9f429f9,current-nlr-pbe-gw-v1:composition:0b0cd85941294e523d970ac91043e96150bec86f367151ee1d47a82f19eabae8,Ba2 Co O6 W,Ag O2 Rb3,1.589,1.591,0.002,z_b > z_a,log(1 + exp(-(z_b - z_a)))
608,ADJACENT_STRICT_PBE_ORDER_V1,1.0,816,817,1156,1648,current-nlr-pbe-gw-v1:composition:c17d77357f4688cd4f7eb98fb0cd701970c92351e3a47fdfef8a77cd53cd302b,current-nlr-pbe-gw-v1:composition:7c645611d0894377b9ac458c4172af748a4846397bc891d8e9b21e5949cc51cf,Ga2 O4 V,Mn2 O4 Ti,1.591,1.592,0.001,z_b > z_a,log(1 + exp(-(z_b - z_a)))
609,ADJACENT_STRICT_PBE_ORDER_V1,1.0,817,818,1648,732,current-nlr-pbe-gw-v1:composition:7c645611d0894377b9ac458c4172af748a4846397bc891d8e9b21e5949cc51cf,current-nlr-pbe-gw-v1:composition:5f4b881c43e8699e138e5208446860cd8f4b1cb832755acbeaa576ff9ae964d9,Mn2 O4 Ti,Co Mn2 O9 Sr4,1.592,1.594,0.002,z_b > z_a,log(1 + exp(-(z_b - z_a)))
610,ADJACENT_STRICT_PBE_ORDER_V1,1.0,818,819,732,1771,current-nlr-pbe-gw-v1:composition:5f4b881c43e8699e138e5208446860cd8f4b1cb832755acbeaa576ff9ae964d9,current-nlr-pbe-gw-v1:composition:3ccff88ece957c79ddc6ef2db242e0b7aaf8bd0a2d774e89cb25da452dbab899,Co Mn2 O9 Sr4,Na O2 V,1.594,1.596,0.002,z_b > z_a,log(1 + exp(-(z_b - z_a)))
611,ADJACENT_STRICT_PBE_ORDER_V1,1.0,820,821,349,440,current-nlr-pbe-gw-v1:composition:58e5d00fc68a523833500b4511ab8826525fbb8f7ba7d0b1749b025ff05e0301,current-nlr-pbe-gw-v1:composition:9c3bd681c0225524161cca9287e1349581f066a7d3e34132af0b7d54682b9a7f,Ba2 Cr O4,Ba3 Mn2 O8,1.596,1.598,0.002,z_b > z_a,log(1 + exp(-(z_b - z_a)))
612,ADJACENT_STRICT_PBE_ORDER_V1,1.0,822,823,1029,379,current-nlr-pbe-gw-v1:composition:d93b2bc71a22ba95026f4f6480931b85fc7c676d7c226cbd155bc5fb319c2786,current-nlr-pbe-gw-v1:composition:822d67b30a6745cdf6cec2caa31a280e7fcdb4609e8c1692040c609e6e89a6f9,Fe Mo O4,Ba2 La O6 Ru,1.598,1.599,0.001,z_b > z_a,log(1 + exp(-(z_b - z_a)))
613,ADJACENT_STRICT_PBE_ORDER_V1,1.0,823,824,379,1390,current-nlr-pbe-gw-v1:composition:822d67b30a6745cdf6cec2caa31a280e7fcdb4609e8c1692040c609e6e89a6f9,current-nlr-pbe-gw-v1:composition:670bd53f62d3fd7bdc640cd567980a1db48c13a096ec27c4825a26a786c63f95,Ba2 La O6 Ru,K2 Mn Na O4,1.599,1.601,0.002,z_b > z_a,log(1 + exp(-(z_b - z_a)))
614,ADJACENT_STRICT_PBE_ORDER_V1,1.0,824,825,1390,737,current-nlr-pbe-gw-v1:composition:670bd53f62d3fd7bdc640cd567980a1db48c13a096ec27c4825a26a786c63f95,current-nlr-pbe-gw-v1:composition:11636050e8bffab1258e08a0b54b99a4826e329fa733030319b34f84b812c383,K2 Mn Na O4,Co Na3 O2,1.601,1.602,0.001,z_b > z_a,log(1 + exp(-(z_b - z_a)))
615,ADJACENT_STRICT_PBE_ORDER_V1,1.0,825,826,737,750,current-nlr-pbe-gw-v1:composition:11636050e8bffab1258e08a0b54b99a4826e329fa733030319b34f84b812c383,current-nlr-pbe-gw-v1:composition:fd8f0a804b499f6c4b6c81680c93a859823fe26f0f6abacbf7fb87849c08e011,Co Na3 O2,Co O2 Rb3,1.602,1.603,0.001,z_b > z_a,log(1 + exp(-(z_b - z_a)))
616,ADJACENT_STRICT_PBE_ORDER_V1,1.0,826,827,750,450,current-nlr-pbe-gw-v1:composition:fd8f0a804b499f6c4b6c81680c93a859823fe26f0f6abacbf7fb87849c08e011,current-nlr-pbe-gw-v1:composition:010ece8be7a3096928aa89a5b7e1f94d4ac2cb253288b175eaef423322316a32,Co O2 Rb3,Ba3 Ni O4,1.603,1.604,0.001,z_b > z_a,log(1 + exp(-(z_b - z_a)))
617,ADJACENT_STRICT_PBE_ORDER_V1,1.0,827,828,450,106,current-nlr-pbe-gw-v1:composition:010ece8be7a3096928aa89a5b7e1f94d4ac2cb253288b175eaef423322316a32,current-nlr-pbe-gw-v1:composition:897692b8c4d79462a995ad184b769ba5c1f2d2789a4ec5a0f373f261df2f4d64,Ba3 Ni O4,Al O4 W,1.604,1.605,0.001,z_b > z_a,log(1 + exp(-(z_b - z_a)))
618,ADJACENT_STRICT_PBE_ORDER_V1,1.0,829,830,416,1017,current-nlr-pbe-gw-v1:composition:cfb6108dddb3c417f2c237cf24bb571da4476f01f748ba1e6b10c7bbbddb83a9,current-nlr-pbe-gw-v1:composition:399b48bb2b16ce84cd63c79fccb67d8195567581e27442ffa47bc92d829b64f8,Ba3 Cr2 Mo O9,Fe K2 O4,1.605,1.609,0.004,z_b > z_a,log(1 + exp(-(z_b - z_a)))
619,ADJACENT_STRICT_PBE_ORDER_V1,1.0,831,832,2074,195,current-nlr-pbe-gw-v1:composition:cb97c1562e7ad1867cb6517e015a0742dfc0e0f7854c3a693fa0eea10b52ce11,current-nlr-pbe-gw-v1:composition:879ee7688feb047abb8ad8e3330d8f4eb35cccf0cea7c990d36d68cdf3559efe,O5 V Y2,Au2 Ba O4,1.609,1.61,0.001,z_b > z_a,log(1 + exp(-(z_b - z_a)))
620,ADJACENT_STRICT_PBE_ORDER_V1,1.0,832,833,195,791,current-nlr-pbe-gw-v1:composition:879ee7688feb047abb8ad8e3330d8f4eb35cccf0cea7c990d36d68cdf3559efe,current-nlr-pbe-gw-v1:composition:b868d4b1f20fbfb88c1a57389d919bec63fc1d2c5b53dceb5d13995cd4c5615a,Au2 Ba O4,Co4 Na10 O9,1.61,1.611,0.001,z_b > z_a,log(1 + exp(-(z_b - z_a)))
621,ADJACENT_STRICT_PBE_ORDER_V1,1.0,833,834,791,758,current-nlr-pbe-gw-v1:composition:b868d4b1f20fbfb88c1a57389d919bec63fc1d2c5b53dceb5d13995cd4c5615a,current-nlr-pbe-gw-v1:composition:1f07c6b16156462cebb0b1bc8469dab065732084486a8d7c60df637599595f1d,Co4 Na10 O9,Co O6 Sr2 W,1.611,1.613,0.002,z_b > z_a,log(1 + exp(-(z_b - z_a)))
622,ADJACENT_STRICT_PBE_ORDER_V1,1.0,834,835,758,1775,current-nlr-pbe-gw-v1:composition:1f07c6b16156462cebb0b1bc8469dab065732084486a8d7c60df637599595f1d,current-nlr-pbe-gw-v1:composition:8ea435695167ca602b7e29735a048bb4e80e22ce3dcc5e58ef119f360fdc3f00,Co O6 Sr2 W,Na O4 Pb Rb3,1.613,1.614,0.001,z_b > z_a,log(1 + exp(-(z_b - z_a)))
623,ADJACENT_STRICT_PBE_ORDER_V1,1.0,835,836,1775,1611,current-nlr-pbe-gw-v1:composition:8ea435695167ca602b7e29735a048bb4e80e22ce3dcc5e58ef119f360fdc3f00,current-nlr-pbe-gw-v1:composition:7e122d1142928c447e6e3596229400df8854df38f452f75aa6dd1144d28505cb,Na O4 Pb Rb3,Mn Ni6 O8,1.614,1.615,0.001,z_b > z_a,log(1 + exp(-(z_b - z_a)))
624,ADJACENT_STRICT_PBE_ORDER_V1,1.0,836,837,1611,654,current-nlr-pbe-gw-v1:composition:7e122d1142928c447e6e3596229400df8854df38f452f75aa6dd1144d28505cb,current-nlr-pbe-gw-v1:composition:9744f268cf9148d6f48c473dd0083d67b8ff2131d8582ee4a639a091db33ef03,Mn Ni6 O8,Cd Ga2 O4,1.615,1.617,0.002,z_b > z_a,log(1 + exp(-(z_b - z_a)))
625,ADJACENT_STRICT_PBE_ORDER_V1,1.0,837,838,654,936,current-nlr-pbe-gw-v1:composition:9744f268cf9148d6f48c473dd0083d67b8ff2131d8582ee4a639a091db33ef03,current-nlr-pbe-gw-v1:composition:4652fc7ea4a5c33cddbaf04257cfd0f964842abc3a58becf63d2e65a2bb555dc,Cd Ga2 O4,Cu O6 V2,1.617,1.621,0.004,z_b > z_a,log(1 + exp(-(z_b - z_a)))
626,ADJACENT_STRICT_PBE_ORDER_V1,1.0,838,839,936,616,current-nlr-pbe-gw-v1:composition:4652fc7ea4a5c33cddbaf04257cfd0f964842abc3a58becf63d2e65a2bb555dc,current-nlr-pbe-gw-v1:composition:10386b398085508857ee9c65c99ee3f24069808f556483db5f1f852aa7743c24,Cu O6 V2,Ca2 O8 Pt3,1.621,1.623,0.002,z_b > z_a,log(1 + exp(-(z_b - z_a)))
627,ADJACENT_STRICT_PBE_ORDER_V1,1.0,839,840,616,676,current-nlr-pbe-gw-v1:composition:10386b398085508857ee9c65c99ee3f24069808f556483db5f1f852aa7743c24,current-nlr-pbe-gw-v1:composition:a349ac077c1585b71f8817321292b8c0a15151205f9246a1f719c82c2191338a,Ca2 O8 Pt3,Cd O4 V2,1.623,1.625,0.002,z_b > z_a,log(1 + exp(-(z_b - z_a)))
628,ADJACENT_STRICT_PBE_ORDER_V1,1.0,840,841,676,426,current-nlr-pbe-gw-v1:composition:a349ac077c1585b71f8817321292b8c0a15151205f9246a1f719c82c2191338a,current-nlr-pbe-gw-v1:composition:e97da69c03789e9bf56cb97d0fedb7194bc981b80e1f49ffd817076f208da738,Cd O4 V2,Ba3 In2 O11 Zn5,1.625,1.627,0.002,z_b > z_a,log(1 + exp(-(z_b - z_a)))
629,ADJACENT_STRICT_PBE_ORDER_V1,1.0,841,842,426,1262,current-nlr-pbe-gw-v1:composition:e97da69c03789e9bf56cb97d0fedb7194bc981b80e1f49ffd817076f208da738,current-nlr-pbe-gw-v1:composition:57292e19cc4a1cfffb25f5a8991b954e29a5d95553233ae2985cf84e555e499f,Ba3 In2 O11 Zn5,Hg Na2 O2,1.627,1.628,0.001,z_b > z_a,log(1 + exp(-(z_b - z_a)))
630,ADJACENT_STRICT_PBE_ORDER_V1,1.0,842,843,1262,770,current-nlr-pbe-gw-v1:composition:57292e19cc4a1cfffb25f5a8991b954e29a5d95553233ae2985cf84e555e499f,current-nlr-pbe-gw-v1:composition:822564e11b2abe21b04d828494a34abfa8178c3588b94553ee569e45ab434794,Hg Na2 O2,Co2 Mn5 O21 Sr9,1.628,1.629,0.001,z_b > z_a,log(1 + exp(-(z_b - z_a)))
631,ADJACENT_STRICT_PBE_ORDER_V1,1.0,843,844,770,482,current-nlr-pbe-gw-v1:composition:822564e11b2abe21b04d828494a34abfa8178c3588b94553ee569e45ab434794,current-nlr-pbe-gw-v1:composition:23cf771aff98d1dd66b054f46aea16ce34b336f62ca476f7ddfc9d583b0429dc,Co2 Mn5 O21 Sr9,Ba6 Mn2 Na2 O17 Ru2,1.629,1.632,0.003,z_b > z_a,log(1 + exp(-(z_b - z_a)))
632,ADJACENT_STRICT_PBE_ORDER_V1,1.0,845,846,662,1045,current-nlr-pbe-gw-v1:composition:93815ca05760cdc0db4c35a43fff283a09c08bd57a78447ad18b1a2aef47a602,current-nlr-pbe-gw-v1:composition:7844733ed266115d7a2151a437c36843570d6be589ab81191a01a0089639ad43,Cd K6 O4,Fe Nb2 O6,1.632,1.633,0.001,z_b > z_a,log(1 + exp(-(z_b - z_a)))
633,ADJACENT_STRICT_PBE_ORDER_V1,1.0,846,847,1045,867,current-nlr-pbe-gw-v1:composition:7844733ed266115d7a2151a437c36843570d6be589ab81191a01a0089639ad43,current-nlr-pbe-gw-v1:composition:251a76ed3c2de6cc13e9d1dd787be388895dbeda0c23a117ccf09115850a8973,Fe Nb2 O6,Cr2 O6 W,1.633,1.637,0.004,z_b > z_a,log(1 + exp(-(z_b - z_a)))
634,ADJACENT_STRICT_PBE_ORDER_V1,1.0,847,848,867,1652,current-nlr-pbe-gw-v1:composition:251a76ed3c2de6cc13e9d1dd787be388895dbeda0c23a117ccf09115850a8973,current-nlr-pbe-gw-v1:composition:61d6b44364f28d82d53458589efc2354fce39a8a4f6056944f582c0f2a7e3297,Cr2 O6 W,Mn2 O7,1.637,1.645,0.008,z_b > z_a,log(1 + exp(-(z_b - z_a)))
635,ADJACENT_STRICT_PBE_ORDER_V1,1.0,848,849,1652,789,current-nlr-pbe-gw-v1:composition:61d6b44364f28d82d53458589efc2354fce39a8a4f6056944f582c0f2a7e3297,current-nlr-pbe-gw-v1:composition:8fb4e424596e12e84ae5077700dffd966b3ba2868c75d19d3fe53ff4aa9b3451,Mn2 O7,Co3 O4,1.645,1.648,0.003,z_b > z_a,log(1 + exp(-(z_b - z_a)))
636,ADJACENT_STRICT_PBE_ORDER_V1,1.0,849,850,789,229,current-nlr-pbe-gw-v1:composition:8fb4e424596e12e84ae5077700dffd966b3ba2868c75d19d3fe53ff4aa9b3451,current-nlr-pbe-gw-v1:composition:99bd908ccf39b41f33e748b875e4aeddc44858b6a35512efc6e9f1bcd356c22c,Co3 O4,Ba Cu O5 Y2,1.648,1.649,0.001,z_b > z_a,log(1 + exp(-(z_b - z_a)))
637,ADJACENT_STRICT_PBE_ORDER_V1,1.0,852,853,1391,55,current-nlr-pbe-gw-v1:composition:dd949c9846c190332311c55dba1ac45787d32af856714260b2e03ef3a7f6b727,current-nlr-pbe-gw-v1:composition:88ce341b547a29545e1db21ecacfc88b3a8f08dc00b8a605627acbf1a83abc56,K2 Mn O12 V4,Ag2 O3 Ti,1.649,1.651,0.002,z_b > z_a,log(1 + exp(-(z_b - z_a)))
638,ADJACENT_STRICT_PBE_ORDER_V1,1.0,855,856,1460,910,current-nlr-pbe-gw-v1:composition:b449e2028213eac1250a45b276a750e2f1f87a5ea07743d26cd5c3ec05901a80,current-nlr-pbe-gw-v1:composition:25e96d1a1cc7fc5491c78601167b3bc7b37be33a40a23913d1e38e61ee50c720,K3 O8 V3,Cu Na O,1.651,1.654,0.003,z_b > z_a,log(1 + exp(-(z_b - z_a)))
639,ADJACENT_STRICT_PBE_ORDER_V1,1.0,858,859,1395,1086,current-nlr-pbe-gw-v1:composition:5bbdcea70fac4c2cdddf7b2d569bc306fbd7962cb96c8ffcf1c8938f39ee6849,current-nlr-pbe-gw-v1:composition:d877208d7ec5ca014c44385b7007368d1b2ac2bacd1368432adcbdfb24542abe,K2 Mn2 O15 Si4 Zn4,Fe2 Na9 O7,1.654,1.655,0.001,z_b > z_a,log(1 + exp(-(z_b - z_a)))
640,ADJACENT_STRICT_PBE_ORDER_V1,1.0,859,860,1086,385,current-nlr-pbe-gw-v1:composition:d877208d7ec5ca014c44385b7007368d1b2ac2bacd1368432adcbdfb24542abe,current-nlr-pbe-gw-v1:composition:91c729fe7b88d3daa24dcf57a7cb56713ceeb16aafec457ddc1447a7c05e67fc,Fe2 Na9 O7,Ba2 Mn O6 W,1.655,1.656,0.001,z_b > z_a,log(1 + exp(-(z_b - z_a)))
641,ADJACENT_STRICT_PBE_ORDER_V1,1.0,861,862,1615,894,current-nlr-pbe-gw-v1:composition:e0c4ff840310b10a23862d81a3e3f4708738b2db95c7ae876721e3e3a5e4a1ef,current-nlr-pbe-gw-v1:composition:05bf42098602ca51710b0a0caa06f5bf437b7b3297f9b10cff7bd5a8746bc361,Mn O3 Rb3,Cu K O,1.656,1.659,0.003,z_b > z_a,log(1 + exp(-(z_b - z_a)))
642,ADJACENT_STRICT_PBE_ORDER_V1,1.0,862,863,894,9,current-nlr-pbe-gw-v1:composition:05bf42098602ca51710b0a0caa06f5bf437b7b3297f9b10cff7bd5a8746bc361,current-nlr-pbe-gw-v1:composition:c9a8ca7b23208a22be1754e9827b58297087b4e84de4ae6895333989dfa28508,Cu K O,Ag Cu3 K Mo4 O16,1.659,1.66,0.001,z_b > z_a,log(1 + exp(-(z_b - z_a)))
643,ADJACENT_STRICT_PBE_ORDER_V1,1.0,863,864,9,1795,current-nlr-pbe-gw-v1:composition:c9a8ca7b23208a22be1754e9827b58297087b4e84de4ae6895333989dfa28508,current-nlr-pbe-gw-v1:composition:cd3705cd797bed8f29261159adf5052648822618fc91d6519b66a2e42b00db3f,Ag Cu3 K Mo4 O16,Na2 Ni O2,1.66,1.662,0.002,z_b > z_a,log(1 + exp(-(z_b - z_a)))
644,ADJACENT_STRICT_PBE_ORDER_V1,1.0,864,865,1795,1594,current-nlr-pbe-gw-v1:composition:cd3705cd797bed8f29261159adf5052648822618fc91d6519b66a2e42b00db3f,current-nlr-pbe-gw-v1:composition:6ca09912a2d0743146998cda1a78648f3395d8690d6654a037eb0c57a947e396,Na2 Ni O2,Mn Mo O4,1.662,1.663,0.001,z_b > z_a,log(1 + exp(-(z_b - z_a)))
645,ADJACENT_STRICT_PBE_ORDER_V1,1.0,865,866,1594,990,current-nlr-pbe-gw-v1:composition:6ca09912a2d0743146998cda1a78648f3395d8690d6654a037eb0c57a947e396,current-nlr-pbe-gw-v1:composition:8a9b3c1d73e19e2d4aacf00ad4a77c152e10dcdbc3be71e72c8eea1c1edd3cc9,Mn Mo O4,Cu5 Na2 O14 Si4,1.663,1.664,0.001,z_b > z_a,log(1 + exp(-(z_b - z_a)))
646,ADJACENT_STRICT_PBE_ORDER_V1,1.0,866,867,990,803,current-nlr-pbe-gw-v1:composition:8a9b3c1d73e19e2d4aacf00ad4a77c152e10dcdbc3be71e72c8eea1c1edd3cc9,current-nlr-pbe-gw-v1:composition:03b326e0edb739e5b3bc01eae653472d57c0197aaa2222a0040d5f297e02e509,Cu5 Na2 O14 Si4,Cr Hg3 O5,1.664,1.665,0.001,z_b > z_a,log(1 + exp(-(z_b - z_a)))
647,ADJACENT_STRICT_PBE_ORDER_V1,1.0,867,868,803,1627,current-nlr-pbe-gw-v1:composition:03b326e0edb739e5b3bc01eae653472d57c0197aaa2222a0040d5f297e02e509,current-nlr-pbe-gw-v1:composition:b7c893c88fb29c4bc744268a0759263f292f5f6d908ff19374f9d224d6870726,Cr Hg3 O5,Mn O4 V2,1.665,1.666,0.001,z_b > z_a,log(1 + exp(-(z_b - z_a)))
648,ADJACENT_STRICT_PBE_ORDER_V1,1.0,868,869,1627,898,current-nlr-pbe-gw-v1:composition:b7c893c88fb29c4bc744268a0759263f292f5f6d908ff19374f9d224d6870726,current-nlr-pbe-gw-v1:composition:df93865890fa883126ccd4a33ca5de75242080d71f781b0213962e10ccbcd4a3,Mn O4 V2,Cu K6 O8 Si2,1.666,1.667,0.001,z_b > z_a,log(1 + exp(-(z_b - z_a)))
649,ADJACENT_STRICT_PBE_ORDER_V1,1.0,870,871,1680,1785,current-nlr-pbe-gw-v1:composition:fa63f7db878c809e4ede967d1f35096841b648d21d9610fc25767e18a3a0c921,current-nlr-pbe-gw-v1:composition:2fd53a78bf99f58d8796baaf2cc31d4c3f631ca936b845eb74003efec23994cd,Mo Na O2,Na O5 V2,1.667,1.67,0.003,z_b > z_a,log(1 + exp(-(z_b - z_a)))
650,ADJACENT_STRICT_PBE_ORDER_V1,1.0,871,872,1785,1094,current-nlr-pbe-gw-v1:composition:2fd53a78bf99f58d8796baaf2cc31d4c3f631ca936b845eb74003efec23994cd,current-nlr-pbe-gw-v1:composition:75dd0751f3cc9b90b78ffa395538ebd71ace9810a0e7dd4f9992a64c56ca2f5b,Na O5 V2,Fe2 O5 Sr2,1.67,1.672,0.002,z_b > z_a,log(1 + exp(-(z_b - z_a)))
651,ADJACENT_STRICT_PBE_ORDER_V1,1.0,872,873,1094,1515,current-nlr-pbe-gw-v1:composition:75dd0751f3cc9b90b78ffa395538ebd71ace9810a0e7dd4f9992a64c56ca2f5b,current-nlr-pbe-gw-v1:composition:15e00825c33db3a4aaa0b22894ed6cd7cf06d2d2d82bf0443b367c3aebfabcc3,Fe2 O5 Sr2,La2 Na O6 Ru,1.672,1.673,0.001,z_b > z_a,log(1 + exp(-(z_b - z_a)))
652,ADJACENT_STRICT_PBE_ORDER_V1,1.0,874,875,420,932,current-nlr-pbe-gw-v1:composition:25b10a7710321a0becab3b4d61e05fe9262e99ae1ee6fbc9f69c9d6b56285638,current-nlr-pbe-gw-v1:composition:3a069a277e93cc0cac56882d5f577dcd081ab186932c811521a9d2031142a152,Ba3 Cu2 O10 Pt Y2,Cu O4 W,1.673,1.674,0.001,z_b > z_a,log(1 + exp(-(z_b - z_a)))
653,ADJACENT_STRICT_PBE_ORDER_V1,1.0,875,876,932,499,current-nlr-pbe-gw-v1:composition:3a069a277e93cc0cac56882d5f577dcd081ab186932c811521a9d2031142a152,current-nlr-pbe-gw-v1:composition:9ded9597d95c16717b4c54e367b356d1391e2b11d997c38bc2db75dec6803445,Cu O4 W,Bi Cr O3,1.674,1.675,0.001,z_b > z_a,log(1 + exp(-(z_b - z_a)))
654,ADJACENT_STRICT_PBE_ORDER_V1,1.0,876,877,499,1625,current-nlr-pbe-gw-v1:composition:9ded9597d95c16717b4c54e367b356d1391e2b11d997c38bc2db75dec6803445,current-nlr-pbe-gw-v1:composition:3a7ae4eec0ed5751c8dd9d4f56c39f3af96cc1b5903b113ce9961952cb97fe95,Bi Cr O3,Mn O4 Rh2,1.675,1.677,0.002,z_b > z_a,log(1 + exp(-(z_b - z_a)))
655,ADJACENT_STRICT_PBE_ORDER_V1,1.0,878,879,1311,738,current-nlr-pbe-gw-v1:composition:8084f30aae2f296771933146f70b9f304fe4d815c15a7cc0fb70d42fb7954227,current-nlr-pbe-gw-v1:composition:2b233ca6a8264ded5e5a5c5638f92e345bb797a2eae5f5196b535a5f15136366,In2 O4 Sn,Co Na3 O3,1.677,1.687,0.010,z_b > z_a,log(1 + exp(-(z_b - z_a)))
656,ADJACENT_STRICT_PBE_ORDER_V1,1.0,881,882,916,1765,current-nlr-pbe-gw-v1:composition:a19da06174e9361571d5f69ad78cce309719d69e2e9bab0bfbc3b7b8320d4133,current-nlr-pbe-gw-v1:composition:ca0db7e34795e775eb3e2843b651448636c1b51afb754d031de0d9be193c8c95,Cu Nb O3,Na O,1.687,1.689,0.002,z_b > z_a,log(1 + exp(-(z_b - z_a)))
657,ADJACENT_STRICT_PBE_ORDER_V1,1.0,882,883,1765,1502,current-nlr-pbe-gw-v1:composition:ca0db7e34795e775eb3e2843b651448636c1b51afb754d031de0d9be193c8c95,current-nlr-pbe-gw-v1:composition:5222f352a69015eff19ed8a44c1808b9e156002e8bdea86ac423ff8c1a993d61,Na O,La O3 V,1.689,1.691,0.002,z_b > z_a,log(1 + exp(-(z_b - z_a)))
658,ADJACENT_STRICT_PBE_ORDER_V1,1.0,885,886,839,1036,current-nlr-pbe-gw-v1:composition:d9423a8de97916d1f4acc80dec549931d7767fed586f5f327327ee8448595b13,current-nlr-pbe-gw-v1:composition:ccff0de8cbdc33ba17cb1d15f38ccca09c3a5854e8ac16a9a4e9a6cc52ecc0c2,Cr O8 Pb5,Fe Na O4 Ti,1.691,1.692,0.001,z_b > z_a,log(1 + exp(-(z_b - z_a)))
659,ADJACENT_STRICT_PBE_ORDER_V1,1.0,887,888,1057,760,current-nlr-pbe-gw-v1:composition:d25123b64c5e298d6a190738403962b4a81f53275b2d572434a555cd829c56fd,current-nlr-pbe-gw-v1:composition:3bf44ffc1f466533e8b8fbcaf89ea0f247d184598995281c05e7666fcd3cc3ee,Fe O4 W,Co10 Ge3 O16,1.692,1.694,0.002,z_b > z_a,log(1 + exp(-(z_b - z_a)))
660,ADJACENT_STRICT_PBE_ORDER_V1,1.0,890,891,1683,764,current-nlr-pbe-gw-v1:composition:dbaa0edde68fa0fb6199d565c2dcd1474d969b4705bc69bd96cd1166d573222d,current-nlr-pbe-gw-v1:composition:5213a9dce490c8b3afd8ee12c035f2998487f52598ed3b91a9b2d50e62f54591,Mo Ni O6 Sr2,Co2 K2 Na4 O5,1.694,1.696,0.002,z_b > z_a,log(1 + exp(-(z_b - z_a)))
661,ADJACENT_STRICT_PBE_ORDER_V1,1.0,891,892,764,199,current-nlr-pbe-gw-v1:composition:5213a9dce490c8b3afd8ee12c035f2998487f52598ed3b91a9b2d50e62f54591,current-nlr-pbe-gw-v1:composition:78389fc673627f30826a90b219bfa53fc3e0a628211aee2b7e69c97916058e13,Co2 K2 Na4 O5,Au2 O4 Sr,1.696,1.701,0.005,z_b > z_a,log(1 + exp(-(z_b - z_a)))
662,ADJACENT_STRICT_PBE_ORDER_V1,1.0,893,894,562,1985,current-nlr-pbe-gw-v1:composition:c404429b6a7da17f490c23522e7349216a1cae5070196ddb86efc7c60e9e42b4,current-nlr-pbe-gw-v1:composition:1f4c557b5dedc7e6a587ef4b716307835cb10cd9159da6845a87708b61c5a96c,Ca O3 Pt,O22 Sn5 W8,1.701,1.702,0.001,z_b > z_a,log(1 + exp(-(z_b - z_a)))
663,ADJACENT_STRICT_PBE_ORDER_V1,1.0,894,895,1985,1469,current-nlr-pbe-gw-v1:composition:1f4c557b5dedc7e6a587ef4b716307835cb10cd9159da6845a87708b61c5a96c,current-nlr-pbe-gw-v1:composition:7a03621445b7332e9ba618ec0ea1cebc3ca7c2d9de4dc646296349f2c955dd82,O22 Sn5 W8,K4 O4 Pb,1.702,1.704,0.002,z_b > z_a,log(1 + exp(-(z_b - z_a)))
664,ADJACENT_STRICT_PBE_ORDER_V1,1.0,896,897,275,1468,current-nlr-pbe-gw-v1:composition:e135a97b79a15f03b9b44fa53a81485de9ac610823ae0c6810b633ed840e007f,current-nlr-pbe-gw-v1:composition:d205ecbf69a531cc9d668f19826ebc54a809818b3df576b71e74d9518e8b5954,Ba Mn O4 Rb,K4 O3 Zn,1.704,1.705,0.001,z_b > z_a,log(1 + exp(-(z_b - z_a)))
665,ADJACENT_STRICT_PBE_ORDER_V1,1.0,897,898,1468,1522,current-nlr-pbe-gw-v1:composition:d205ecbf69a531cc9d668f19826ebc54a809818b3df576b71e74d9518e8b5954,current-nlr-pbe-gw-v1:composition:2a18414e43c8d832cef7383a9dde73776335c37e4432fac05fd423666d5e7962,K4 O3 Zn,La2 O5 Pd2,1.705,1.709,0.004,z_b > z_a,log(1 + exp(-(z_b - z_a)))
666,ADJACENT_STRICT_PBE_ORDER_V1,1.0,898,899,1522,923,current-nlr-pbe-gw-v1:composition:2a18414e43c8d832cef7383a9dde73776335c37e4432fac05fd423666d5e7962,current-nlr-pbe-gw-v1:composition:e1b26f2d55a8d43bbb04e74c9bacf1eec9eab93f8c8fa42608f9711500799859,La2 O5 Pd2,Cu O2 Rb3,1.709,1.71,0.001,z_b > z_a,log(1 + exp(-(z_b - z_a)))
667,ADJACENT_STRICT_PBE_ORDER_V1,1.0,899,900,923,778,current-nlr-pbe-gw-v1:composition:e1b26f2d55a8d43bbb04e74c9bacf1eec9eab93f8c8fa42608f9711500799859,current-nlr-pbe-gw-v1:composition:2adec235c350c335402d466681d55ec886e54832990c01066291b8e1f7c79cd4,Cu O2 Rb3,Co2 O3 Rb2,1.71,1.712,0.002,z_b > z_a,log(1 + exp(-(z_b - z_a)))
668,ADJACENT_STRICT_PBE_ORDER_V1,1.0,903,904,410,1804,current-nlr-pbe-gw-v1:composition:fb1e970b79cab35dc719e2c6fda7e9a87d32f0a9ef8c8c7088fe0d55f0ed4fe4,current-nlr-pbe-gw-v1:composition:fa7876d0f3b1763a5e2f1f74187d27f90700d2049a97ab47d2911401b84a228e,Ba2 O9 V3,Na2 O13 W4,1.712,1.715,0.003,z_b > z_a,log(1 + exp(-(z_b - z_a)))
669,ADJACENT_STRICT_PBE_ORDER_V1,1.0,904,905,1804,1044,current-nlr-pbe-gw-v1:composition:fa7876d0f3b1763a5e2f1f74187d27f90700d2049a97ab47d2911401b84a228e,current-nlr-pbe-gw-v1:composition:0a097e1f504aea9b04e5b3933df8df36bb6cf9c5d5811844b5967a02b9681c09,Na2 O13 W4,Fe Nb O4,1.715,1.718,0.003,z_b > z_a,log(1 + exp(-(z_b - z_a)))
670,ADJACENT_STRICT_PBE_ORDER_V1,1.0,905,906,1044,966,current-nlr-pbe-gw-v1:composition:0a097e1f504aea9b04e5b3933df8df36bb6cf9c5d5811844b5967a02b9681c09,current-nlr-pbe-gw-v1:composition:88324283ff45a393115cbe9ce61e3a7592939e23175aa51545e1cc8ff4bafd37,Fe Nb O4,Cu2 O5 Y2,1.718,1.719,0.001,z_b > z_a,log(1 + exp(-(z_b - z_a)))
671,ADJACENT_STRICT_PBE_ORDER_V1,1.0,906,907,966,1304,current-nlr-pbe-gw-v1:composition:88324283ff45a393115cbe9ce61e3a7592939e23175aa51545e1cc8ff4bafd37,current-nlr-pbe-gw-v1:composition:ec1a124908a53339daeee47c679d15c0f2a7eff4b39f74e1207e39729f44c300,Cu2 O5 Y2,In2 K Na9 O8,1.719,1.72,0.001,z_b > z_a,log(1 + exp(-(z_b - z_a)))
672,ADJACENT_STRICT_PBE_ORDER_V1,1.0,907,908,1304,881,current-nlr-pbe-gw-v1:composition:ec1a124908a53339daeee47c679d15c0f2a7eff4b39f74e1207e39729f44c300,current-nlr-pbe-gw-v1:composition:b2379736dfdc3350cad382daf4d52920318955257b0cc3a882cfd61702fa2d67,In2 K Na9 O8,Cr4 O13 Rb2,1.72,1.721,0.001,z_b > z_a,log(1 + exp(-(z_b - z_a)))
673,ADJACENT_STRICT_PBE_ORDER_V1,1.0,908,909,881,937,current-nlr-pbe-gw-v1:composition:b2379736dfdc3350cad382daf4d52920318955257b0cc3a882cfd61702fa2d67,current-nlr-pbe-gw-v1:composition:56b05c4c3efe55e809df35aacd09067a3f70771d659a49acf9fadee90f0564d1,Cr4 O13 Rb2,Cu O7 Rb4 Si2,1.721,1.722,0.001,z_b > z_a,log(1 + exp(-(z_b - z_a)))
674,ADJACENT_STRICT_PBE_ORDER_V1,1.0,909,910,937,1905,current-nlr-pbe-gw-v1:composition:56b05c4c3efe55e809df35aacd09067a3f70771d659a49acf9fadee90f0564d1,current-nlr-pbe-gw-v1:composition:991f8c757a32c798669f32db80479aa36d5f348ad0873395d4f3b1766552c088,Cu O7 Rb4 Si2,Ni O6 Pt Sr3,1.722,1.724,0.002,z_b > z_a,log(1 + exp(-(z_b - z_a)))
675,ADJACENT_STRICT_PBE_ORDER_V1,1.0,910,911,1905,1069,current-nlr-pbe-gw-v1:composition:991f8c757a32c798669f32db80479aa36d5f348ad0873395d4f3b1766552c088,current-nlr-pbe-gw-v1:composition:39780e3f618c5b5690c76f863ff2e0e251abec755e7d0732faf663f3fd44a6b1,Ni O6 Pt Sr3,Fe2 K6 O5,1.724,1.727,0.003,z_b > z_a,log(1 + exp(-(z_b - z_a)))
676,ADJACENT_STRICT_PBE_ORDER_V1,1.0,912,913,522,1204,current-nlr-pbe-gw-v1:composition:62f8bd9d0cd79c54ab117bb5f5989d8aa4a9a0c03e9f4dce4df894b5d3bf4211,current-nlr-pbe-gw-v1:composition:022fa7f4da5bc619420f25054a4b99b7b5faa33c78391b087fbbdc19f63e8cb7,Ca Cu Ge2 O6,Ge18 K10 O4 W,1.727,1.73,0.003,z_b > z_a,log(1 + exp(-(z_b - z_a)))
677,ADJACENT_STRICT_PBE_ORDER_V1,1.0,914,915,1298,2077,current-nlr-pbe-gw-v1:composition:b6a73d29379ac4ff6430f94b3469d5433940281b853dd0919be9ab622d61736c,current-nlr-pbe-gw-v1:composition:aba4a0c384d777e32665f91ff2d3fad88e3b3b31304bb218216b5f3579e77cb0,In Na5 O4,O6 Pd Sr4,1.73,1.731,0.001,z_b > z_a,log(1 + exp(-(z_b - z_a)))
678,ADJACENT_STRICT_PBE_ORDER_V1,1.0,915,916,2077,1406,current-nlr-pbe-gw-v1:composition:aba4a0c384d777e32665f91ff2d3fad88e3b3b31304bb218216b5f3579e77cb0,current-nlr-pbe-gw-v1:composition:13c2e085a0fdbd3c510633c24f6110b2966ce937836cc5122f38b8af1fbbed9f,O6 Pd Sr4,K2 Ni O2,1.731,1.733,0.002,z_b > z_a,log(1 + exp(-(z_b - z_a)))
679,ADJACENT_STRICT_PBE_ORDER_V1,1.0,917,918,2008,457,current-nlr-pbe-gw-v1:composition:944c8f8cd67b95c3b5199346f1943c850061573da22345b2299747a28c5220a0,current-nlr-pbe-gw-v1:composition:098b8fc76eb933b6c4453bf1b3b7ef073860ee266a6d9a2b2bfc93613d138cff,O3 Sn Sr,Ba3 O9 Ru2 Sr,1.733,1.735,0.002,z_b > z_a,log(1 + exp(-(z_b - z_a)))
680,ADJACENT_STRICT_PBE_ORDER_V1,1.0,918,919,457,967,current-nlr-pbe-gw-v1:composition:098b8fc76eb933b6c4453bf1b3b7ef073860ee266a6d9a2b2bfc93613d138cff,current-nlr-pbe-gw-v1:composition:6b156d27124c6e9a273b9e1b36bb4e549611204a1bd52cc9c8b03c656fe620f4,Ba3 O9 Ru2 Sr,Cu2 O7 V2,1.735,1.736,0.001,z_b > z_a,log(1 + exp(-(z_b - z_a)))
681,ADJACENT_STRICT_PBE_ORDER_V1,1.0,919,920,967,331,current-nlr-pbe-gw-v1:composition:6b156d27124c6e9a273b9e1b36bb4e549611204a1bd52cc9c8b03c656fe620f4,current-nlr-pbe-gw-v1:composition:9ff2d6f16032bddc91b349294df3100b1880fb103afe6320090e0b099b733afd,Cu2 O7 V2,Ba O8 V3,1.736,1.742,0.006,z_b > z_a,log(1 + exp(-(z_b - z_a)))
682,ADJACENT_STRICT_PBE_ORDER_V1,1.0,920,921,331,970,current-nlr-pbe-gw-v1:composition:9ff2d6f16032bddc91b349294df3100b1880fb103afe6320090e0b099b733afd,current-nlr-pbe-gw-v1:composition:df5842e9714108331dda96efda8d7e31fb91cb82c2881b95da51e4f11e74d318,Ba O8 V3,Cu3 Ge5 K2 O14,1.742,1.746,0.004,z_b > z_a,log(1 + exp(-(z_b - z_a)))
683,ADJACENT_STRICT_PBE_ORDER_V1,1.0,921,922,970,2015,current-nlr-pbe-gw-v1:composition:df5842e9714108331dda96efda8d7e31fb91cb82c2881b95da51e4f11e74d318,current-nlr-pbe-gw-v1:composition:869e4dfaed315858001cb9baaa70792998aa296c39673338d35f99f71dd99e67,Cu3 Ge5 K2 O14,O3 V Y,1.746,1.748,0.002,z_b > z_a,log(1 + exp(-(z_b - z_a)))
684,ADJACENT_STRICT_PBE_ORDER_V1,1.0,922,923,2015,905,current-nlr-pbe-gw-v1:composition:869e4dfaed315858001cb9baaa70792998aa296c39673338d35f99f71dd99e67,current-nlr-pbe-gw-v1:composition:d5b22e514cd0c37d32e6bcf1688aa2f83538ec65c3d3592c111e7a977ea28c3d,O3 V Y,Cu Mn O4 V,1.748,1.749,0.001,z_b > z_a,log(1 + exp(-(z_b - z_a)))
685,ADJACENT_STRICT_PBE_ORDER_V1,1.0,923,924,905,674,current-nlr-pbe-gw-v1:composition:d5b22e514cd0c37d32e6bcf1688aa2f83538ec65c3d3592c111e7a977ea28c3d,current-nlr-pbe-gw-v1:composition:1b12873baf7adaac5a30ee6b2f3bf3a3d4c7d2bff9657989e4736dc1e3df5f18,Cu Mn O4 V,Cd O4 Rh2,1.749,1.754,0.005,z_b > z_a,log(1 + exp(-(z_b - z_a)))
686,ADJACENT_STRICT_PBE_ORDER_V1,1.0,924,925,674,412,current-nlr-pbe-gw-v1:composition:1b12873baf7adaac5a30ee6b2f3bf3a3d4c7d2bff9657989e4736dc1e3df5f18,current-nlr-pbe-gw-v1:composition:82148df6ee9fcb428722a12fd850b749e6060b306028c6c57769fc8ff638568f,Cd O4 Rh2,Ba3 Co Nb2 O9,1.754,1.755,0.001,z_b > z_a,log(1 + exp(-(z_b - z_a)))
687,ADJACENT_STRICT_PBE_ORDER_V1,1.0,925,926,412,192,current-nlr-pbe-gw-v1:composition:82148df6ee9fcb428722a12fd850b749e6060b306028c6c57769fc8ff638568f,current-nlr-pbe-gw-v1:composition:94f1a922e0afadc13954f97e0a6079f3e3ad4676331b60a4e95d57ba126c3bd4,Ba3 Co Nb2 O9,Au O2 Rb,1.755,1.759,0.004,z_b > z_a,log(1 + exp(-(z_b - z_a)))
688,ADJACENT_STRICT_PBE_ORDER_V1,1.0,926,927,192,196,current-nlr-pbe-gw-v1:composition:94f1a922e0afadc13954f97e0a6079f3e3ad4676331b60a4e95d57ba126c3bd4,current-nlr-pbe-gw-v1:composition:142b1f23754856f8de3e25f436e578351ca602822f9e1fc3f29ad231e34c7a83,Au O2 Rb,Au2 Ca O4,1.759,1.76,0.001,z_b > z_a,log(1 + exp(-(z_b - z_a)))
689,ADJACENT_STRICT_PBE_ORDER_V1,1.0,927,928,196,1909,current-nlr-pbe-gw-v1:composition:142b1f23754856f8de3e25f436e578351ca602822f9e1fc3f29ad231e34c7a83,current-nlr-pbe-gw-v1:composition:c82286c4cee14b29ba390ef463ed1b4c52b49f84fe2fac0317ab54ba3a24566a,Au2 Ca O4,Ni O6 V2,1.76,1.764,0.004,z_b > z_a,log(1 + exp(-(z_b - z_a)))
690,ADJACENT_STRICT_PBE_ORDER_V1,1.0,929,930,439,1407,current-nlr-pbe-gw-v1:composition:ea011aee19b79c637a25268d44c4f791ada69a162690a583aa75f56f3bdbdce6,current-nlr-pbe-gw-v1:composition:bbd0928fd0e9cf236d042d5c050cacffaf0b9af3e2784163388fa8dc9e7f8004,Ba3 Mn Nb2 O9,K2 O,1.764,1.767,0.003,z_b > z_a,log(1 + exp(-(z_b - z_a)))
691,ADJACENT_STRICT_PBE_ORDER_V1,1.0,930,931,1407,880,current-nlr-pbe-gw-v1:composition:bbd0928fd0e9cf236d042d5c050cacffaf0b9af3e2784163388fa8dc9e7f8004,current-nlr-pbe-gw-v1:composition:ca27dd344ace490d578a7ded2ecb35ccb0f2d5774ac72f8c59f74ed1073cbe95,K2 O,Cr4 K2 O13,1.767,1.769,0.002,z_b > z_a,log(1 + exp(-(z_b - z_a)))
692,ADJACENT_STRICT_PBE_ORDER_V1,1.0,931,932,880,787,current-nlr-pbe-gw-v1:composition:ca27dd344ace490d578a7ded2ecb35ccb0f2d5774ac72f8c59f74ed1073cbe95,current-nlr-pbe-gw-v1:composition:ea88286848228acdf3c010183333d90a37969364c2651ccd2c3338bedd0becd6,Cr4 K2 O13,Co3 La4 O9,1.769,1.77,0.001,z_b > z_a,log(1 + exp(-(z_b - z_a)))
693,ADJACENT_STRICT_PBE_ORDER_V1,1.0,932,933,787,1642,current-nlr-pbe-gw-v1:composition:ea88286848228acdf3c010183333d90a37969364c2651ccd2c3338bedd0becd6,current-nlr-pbe-gw-v1:composition:dbdfe9112cad24f654ca1b25dcd76bbf6c50c30d5104598de195c1c2ed56c279,Co3 La4 O9,Mn2 Na4 O5,1.77,1.771,0.001,z_b > z_a,log(1 + exp(-(z_b - z_a)))
694,ADJACENT_STRICT_PBE_ORDER_V1,1.0,933,934,1642,2131,current-nlr-pbe-gw-v1:composition:dbdfe9112cad24f654ca1b25dcd76bbf6c50c30d5104598de195c1c2ed56c279,current-nlr-pbe-gw-v1:composition:3bcf29e9dd3ba2a6dcc86e41278d3eed98ec41f97c6cebc96d2de6b14e19e5d3,Mn2 Na4 O5,O8 V3 Zn,1.771,1.774,0.003,z_b > z_a,log(1 + exp(-(z_b - z_a)))
695,ADJACENT_STRICT_PBE_ORDER_V1,1.0,935,936,246,1619,current-nlr-pbe-gw-v1:composition:fd261027234c6c3078b9deff399821eb3d4617117510d46d3cbdc578c95e2b76,current-nlr-pbe-gw-v1:composition:edaf5c70f247e53ae573383c5b88cc1d42350d26d613e8c980efc71469c738b0,Ba Fe4 O7,Mn O3 Sr,1.774,1.777,0.003,z_b > z_a,log(1 + exp(-(z_b - z_a)))
696,ADJACENT_STRICT_PBE_ORDER_V1,1.0,936,937,1619,279,current-nlr-pbe-gw-v1:composition:edaf5c70f247e53ae573383c5b88cc1d42350d26d613e8c980efc71469c738b0,current-nlr-pbe-gw-v1:composition:85238e36b2a873d8794f3d54efa168ef5a4a17843bbc336f6512b7485121a1ba,Mn O3 Sr,Ba Mn2 O8,1.777,1.779,0.002,z_b > z_a,log(1 + exp(-(z_b - z_a)))
697,ADJACENT_STRICT_PBE_ORDER_V1,1.0,937,938,279,1758,current-nlr-pbe-gw-v1:composition:85238e36b2a873d8794f3d54efa168ef5a4a17843bbc336f6512b7485121a1ba,current-nlr-pbe-gw-v1:composition:02e6e87cb8e34a4affc90d3b40b0e181b9846a678156434dbe651d10b2f730cd,Ba Mn2 O8,N5 O S4,1.779,1.781,0.002,z_b > z_a,log(1 + exp(-(z_b - z_a)))
698,ADJACENT_STRICT_PBE_ORDER_V1,1.0,939,940,1668,1116,current-nlr-pbe-gw-v1:composition:4afc55e51a1a11abe681c40cf07962c468b128346902be9d92292b20a713f2f9,current-nlr-pbe-gw-v1:composition:41da3f62c940eb7d46fd84b62de16f846ef63480854098aedc7bedbb24664d28,Mn4 O15 Sr7,Fe5 Na2 O20 Si6 Ti,1.781,1.782,0.001,z_b > z_a,log(1 + exp(-(z_b - z_a)))
699,ADJACENT_STRICT_PBE_ORDER_V1,1.0,941,942,804,1089,current-nlr-pbe-gw-v1:composition:8c38650353bde49259b7b3bb760763d8025f9c0c3ca01b26966a3bbf5465ac14,current-nlr-pbe-gw-v1:composition:84937305913bcfa31ac846d2ee7466d51e9f6da6d5937dd66b003cc34a109f22,Cr Hg3 O8 Pb2,Fe2 O3,1.782,1.787,0.005,z_b > z_a,log(1 + exp(-(z_b - z_a)))
700,ADJACENT_STRICT_PBE_ORDER_V1,1.0,943,944,14,833,current-nlr-pbe-gw-v1:composition:a200c3fc765f54bc1726270362316264362878e675e74da31822f1715da4ad34,current-nlr-pbe-gw-v1:composition:9719ddb9eecaac0b91b7ee71ee2184e782ee35201d647c3bd0a0a070c1df768c,Ag Hg O4 V,Cr O4 Sr2,1.787,1.789,0.002,z_b > z_a,log(1 + exp(-(z_b - z_a)))
701,ADJACENT_STRICT_PBE_ORDER_V1,1.0,945,946,1442,1360,current-nlr-pbe-gw-v1:composition:a5ba840a9fa5c927f3f2ffd54f6c65ac95bdfcd8cd3d96335f062e90801159fa,current-nlr-pbe-gw-v1:composition:37c6494b24b262982724628af98815e5e8caec13316d79f853218967a1286b14,K3 Mn O3,K Na O2 Zn,1.789,1.79,0.001,z_b > z_a,log(1 + exp(-(z_b - z_a)))
702,ADJACENT_STRICT_PBE_ORDER_V1,1.0,946,947,1360,467,current-nlr-pbe-gw-v1:composition:37c6494b24b262982724628af98815e5e8caec13316d79f853218967a1286b14,current-nlr-pbe-gw-v1:composition:7258c42e7aef1cb12d4fca6b15a5f348593d4174524b4ffb5b722bd9a32cd0d9,K Na O2 Zn,Ba4 Mn3 O10,1.79,1.791,0.001,z_b > z_a,log(1 + exp(-(z_b - z_a)))
703,ADJACENT_STRICT_PBE_ORDER_V1,1.0,947,948,467,1635,current-nlr-pbe-gw-v1:composition:7258c42e7aef1cb12d4fca6b15a5f348593d4174524b4ffb5b722bd9a32cd0d9,current-nlr-pbe-gw-v1:composition:6513196efb96964c23a32cabf64e5dec6156756a26d79b11a99f49d6a7d6fdaf,Ba4 Mn3 O10,Mn2 Mo3 O8,1.791,1.792,0.001,z_b > z_a,log(1 + exp(-(z_b - z_a)))
704,ADJACENT_STRICT_PBE_ORDER_V1,1.0,948,949,1635,1762,current-nlr-pbe-gw-v1:composition:6513196efb96964c23a32cabf64e5dec6156756a26d79b11a99f49d6a7d6fdaf,current-nlr-pbe-gw-v1:composition:1baf23c350c41badee37649b02ba17919e77037124d974ce282563a9a40d4493,Mn2 Mo3 O8,Na Nb13 O33,1.792,1.794,0.002,z_b > z_a,log(1 + exp(-(z_b - z_a)))
705,ADJACENT_STRICT_PBE_ORDER_V1,1.0,949,950,1762,971,current-nlr-pbe-gw-v1:composition:1baf23c350c41badee37649b02ba17919e77037124d974ce282563a9a40d4493,current-nlr-pbe-gw-v1:composition:ccdbe8f3adbc7d74300f81be8802c482360ffe3ade00cc01aaffee1dc5f741c8,Na Nb13 O33,Cu3 K2 Mo4 O16,1.794,1.796,0.002,z_b > z_a,log(1 + exp(-(z_b - z_a)))
706,ADJACENT_STRICT_PBE_ORDER_V1,1.0,950,951,971,34,current-nlr-pbe-gw-v1:composition:ccdbe8f3adbc7d74300f81be8802c482360ffe3ade00cc01aaffee1dc5f741c8,current-nlr-pbe-gw-v1:composition:8b0d63d94af6824fc02191f80070254e04b93b27629e6e513d48831229e93b17,Cu3 K2 Mo4 O16,Ag2 Ba Hg2 O4,1.796,1.798,0.002,z_b > z_a,log(1 + exp(-(z_b - z_a)))
707,ADJACENT_STRICT_PBE_ORDER_V1,1.0,952,953,1075,231,current-nlr-pbe-gw-v1:composition:e4636c59af56b85c19ca3bd11edca5f1d2eb6faf3a86179cd3449bf47b852375,current-nlr-pbe-gw-v1:composition:b21d5093ed41f271372703fec87409f42bf8ec5f2fbdfbae14cdfb8bce5c73fa,Fe2 Mn3 O12 Si3,Ba Cu O7 V2,1.798,1.799,0.001,z_b > z_a,log(1 + exp(-(z_b - z_a)))
708,ADJACENT_STRICT_PBE_ORDER_V1,1.0,953,954,231,494,current-nlr-pbe-gw-v1:composition:b21d5093ed41f271372703fec87409f42bf8ec5f2fbdfbae14cdfb8bce5c73fa,current-nlr-pbe-gw-v1:composition:95f7cff33395ed868a55699c42fe90a1d906fabeb00e7321b6a9b5af3706a9c1,Ba Cu O7 V2,Be In2 O4,1.799,1.8,0.001,z_b > z_a,log(1 + exp(-(z_b - z_a)))
709,ADJACENT_STRICT_PBE_ORDER_V1,1.0,954,955,494,893,current-nlr-pbe-gw-v1:composition:95f7cff33395ed868a55699c42fe90a1d906fabeb00e7321b6a9b5af3706a9c1,current-nlr-pbe-gw-v1:composition:7c7d239ec39f924425bb100810beb4ecc05e1d28c867a81ea3598700385b84d3,Be In2 O4,Cu K Na2 O2,1.8,1.802,0.002,z_b > z_a,log(1 + exp(-(z_b - z_a)))
710,ADJACENT_STRICT_PBE_ORDER_V1,1.0,955,956,893,1420,current-nlr-pbe-gw-v1:composition:7c7d239ec39f924425bb100810beb4ecc05e1d28c867a81ea3598700385b84d3,current-nlr-pbe-gw-v1:composition:d8fa23c70431f60f45fdb2c274625b89f30076d1860ff64faf90415231755bee,Cu K Na2 O2,K2 O3 Sn2,1.802,1.803,0.001,z_b > z_a,log(1 + exp(-(z_b - z_a)))
711,ADJACENT_STRICT_PBE_ORDER_V1,1.0,956,957,1420,1119,current-nlr-pbe-gw-v1:composition:d8fa23c70431f60f45fdb2c274625b89f30076d1860ff64faf90415231755bee,current-nlr-pbe-gw-v1:composition:8c068dbd2019b41c730b9489b133be630fb697b9f1e4f72f9b6c2f56511c6add,K2 O3 Sn2,Fe5 O12 Y3,1.803,1.804,0.001,z_b > z_a,log(1 + exp(-(z_b - z_a)))
712,ADJACENT_STRICT_PBE_ORDER_V1,1.0,958,959,1877,993,current-nlr-pbe-gw-v1:composition:e4e51afdcf4e6abd5b3f4b209b0d25e139e1741dcbdcc3a5bdb9bf243974e202,current-nlr-pbe-gw-v1:composition:e99d73fafad89974c6f58bd1ba70dfc7d9a40a1f2415e3425e52d901a2ec782d,Nb2 O6 Sn,Cu5 O4 Rb3,1.804,1.805,0.001,z_b > z_a,log(1 + exp(-(z_b - z_a)))
713,ADJACENT_STRICT_PBE_ORDER_V1,1.0,959,960,993,940,current-nlr-pbe-gw-v1:composition:e99d73fafad89974c6f58bd1ba70dfc7d9a40a1f2415e3425e52d901a2ec782d,current-nlr-pbe-gw-v1:composition:be0c41e915fbdf2129bfa8fda92362f12085f2589e08e1edd47588075f33c460,Cu5 O4 Rb3,Cu O8 W2 Y,1.805,1.806,0.001,z_b > z_a,log(1 + exp(-(z_b - z_a)))
714,ADJACENT_STRICT_PBE_ORDER_V1,1.0,960,961,940,939,current-nlr-pbe-gw-v1:composition:be0c41e915fbdf2129bfa8fda92362f12085f2589e08e1edd47588075f33c460,current-nlr-pbe-gw-v1:composition:7a9ad3f7e7b2db90763d7e438ba7d9defe73fb0c5ae3c860716951511a057e7f,Cu O8 W2 Y,Cu O7 Sr V2,1.806,1.809,0.003,z_b > z_a,log(1 + exp(-(z_b - z_a)))
715,ADJACENT_STRICT_PBE_ORDER_V1,1.0,961,962,939,2034,current-nlr-pbe-gw-v1:composition:7a9ad3f7e7b2db90763d7e438ba7d9defe73fb0c5ae3c860716951511a057e7f,current-nlr-pbe-gw-v1:composition:2f65d518b4c8adcf252990b236a0fca6b39f937410e8979f38441cf4e2ca910d,Cu O7 Sr V2,O4 Rh2 Zn,1.809,1.813,0.004,z_b > z_a,log(1 + exp(-(z_b - z_a)))
716,ADJACENT_STRICT_PBE_ORDER_V1,1.0,963,964,415,1177,current-nlr-pbe-gw-v1:composition:be7dabb7acf5006d1b65e05acdbbbb36031d57fb0655207b7db0f2544e51d71b,current-nlr-pbe-gw-v1:composition:cf51ec82a1ec8e40502d37644723d7d6b2b38a2075b3e692ef7b064c646658f3,Ba3 Cr O5,Ge Mn O3,1.813,1.814,0.001,z_b > z_a,log(1 + exp(-(z_b - z_a)))
717,ADJACENT_STRICT_PBE_ORDER_V1,1.0,964,965,1177,887,current-nlr-pbe-gw-v1:composition:cf51ec82a1ec8e40502d37644723d7d6b2b38a2075b3e692ef7b064c646658f3,current-nlr-pbe-gw-v1:composition:a10aff80bcdea93db60c0db9ea11f64dde05382f6c263298af90e9ba3a5dbfcf,Ge Mn O3,Cu Ge O3,1.814,1.815,0.001,z_b > z_a,log(1 + exp(-(z_b - z_a)))
718,ADJACENT_STRICT_PBE_ORDER_V1,1.0,965,966,887,954,current-nlr-pbe-gw-v1:composition:a10aff80bcdea93db60c0db9ea11f64dde05382f6c263298af90e9ba3a5dbfcf,current-nlr-pbe-gw-v1:composition:e6c963538bd74941b444bc5355423a601d6c41467ae1dba24abaacb0c2e4613b,Cu Ge O3,Cu2 Mo3 O12 Rb2,1.815,1.816,0.001,z_b > z_a,log(1 + exp(-(z_b - z_a)))
719,ADJACENT_STRICT_PBE_ORDER_V1,1.0,966,967,954,1787,current-nlr-pbe-gw-v1:composition:e6c963538bd74941b444bc5355423a601d6c41467ae1dba24abaacb0c2e4613b,current-nlr-pbe-gw-v1:composition:29cd2c6757ee2b15883ddd4e92af208274c99bef1d34352dfa318d0f4eb27aa3,Cu2 Mo3 O12 Rb2,Na O6 Ru Sr3,1.816,1.819,0.003,z_b > z_a,log(1 + exp(-(z_b - z_a)))
720,ADJACENT_STRICT_PBE_ORDER_V1,1.0,968,969,2127,824,current-nlr-pbe-gw-v1:composition:a5b19e42095f0ddd02a275371dfc6b364aea68b9671ce8a6e7c38ac9b2c40031,current-nlr-pbe-gw-v1:composition:ee207b76c4c4312eab3c244e9369a17d08dc35dbc0bbfe2c0f1bbd2fbca26068,O8 Si Sn6,Cr Ni O4,1.819,1.82,0.001,z_b > z_a,log(1 + exp(-(z_b - z_a)))
721,ADJACENT_STRICT_PBE_ORDER_V1,1.0,969,970,824,1048,current-nlr-pbe-gw-v1:composition:ee207b76c4c4312eab3c244e9369a17d08dc35dbc0bbfe2c0f1bbd2fbca26068,current-nlr-pbe-gw-v1:composition:4db6ae22aedff5f2f5a55adc2e225482493acef3b45ad4e61399b47c41f47d6e,Cr Ni O4,Fe O2 Rb,1.82,1.821,0.001,z_b > z_a,log(1 + exp(-(z_b - z_a)))
722,ADJACENT_STRICT_PBE_ORDER_V1,1.0,970,971,1048,861,current-nlr-pbe-gw-v1:composition:4db6ae22aedff5f2f5a55adc2e225482493acef3b45ad4e61399b47c41f47d6e,current-nlr-pbe-gw-v1:composition:30ff1092b71608599e3821d185496cef81424627ef43b49d7cb90c7eeeaef869,Fe O2 Rb,Cr2 Ni O4,1.821,1.825,0.004,z_b > z_a,log(1 + exp(-(z_b - z_a)))
723,ADJACENT_STRICT_PBE_ORDER_V1,1.0,972,973,1207,18,current-nlr-pbe-gw-v1:composition:c72ac6133a47d1809df88f647118cf25e8c6e327563ce01389dca35e9406f486,current-nlr-pbe-gw-v1:composition:3b339f95cefa7e9b5e6c2ba9ccf49c66aac02d2d5001a2f8270da75fbf8d3716,Ge2 In2 O7,Ag K3 O2,1.825,1.828,0.003,z_b > z_a,log(1 + exp(-(z_b - z_a)))
724,ADJACENT_STRICT_PBE_ORDER_V1,1.0,973,974,18,1312,current-nlr-pbe-gw-v1:composition:3b339f95cefa7e9b5e6c2ba9ccf49c66aac02d2d5001a2f8270da75fbf8d3716,current-nlr-pbe-gw-v1:composition:f6bb98b670a21b50fbe03083c43f3372d2ccc9cb3974833cddc452bdbee5ae36,Ag K3 O2,In2 O4 Sr,1.828,1.83,0.002,z_b > z_a,log(1 + exp(-(z_b - z_a)))
725,ADJACENT_STRICT_PBE_ORDER_V1,1.0,975,976,1019,790,current-nlr-pbe-gw-v1:composition:fc406f0e3666efa1f9244b2c418ec48ae0bd84c51aad73c52b5bbbc91311e51c,current-nlr-pbe-gw-v1:composition:7419197ff509847ff2bbd30e82af23190d27b9aeac381007f1b73b1dfc6635ce,Fe K3 O2,Co3 O8 V2,1.83,1.831,0.001,z_b > z_a,log(1 + exp(-(z_b - z_a)))
726,ADJACENT_STRICT_PBE_ORDER_V1,1.0,976,977,790,1043,current-nlr-pbe-gw-v1:composition:7419197ff509847ff2bbd30e82af23190d27b9aeac381007f1b73b1dfc6635ce,current-nlr-pbe-gw-v1:composition:8cb437e7b6b468389a9de7857f6584faeb69f1901f21b9273cd9114daa0a47d1,Co3 O8 V2,Fe Na5 O4,1.831,1.833,0.002,z_b > z_a,log(1 + exp(-(z_b - z_a)))
727,ADJACENT_STRICT_PBE_ORDER_V1,1.0,977,978,1043,1320,current-nlr-pbe-gw-v1:composition:8cb437e7b6b468389a9de7857f6584faeb69f1901f21b9273cd9114daa0a47d1,current-nlr-pbe-gw-v1:composition:ef9d17208b646cc2c09d363f3adf5b6bd81cddb3c491ee0f0bb9b9b45f5d44df,Fe Na5 O4,In4 K14 O13,1.833,1.835,0.002,z_b > z_a,log(1 + exp(-(z_b - z_a)))
728,ADJACENT_STRICT_PBE_ORDER_V1,1.0,978,979,1320,963,current-nlr-pbe-gw-v1:composition:ef9d17208b646cc2c09d363f3adf5b6bd81cddb3c491ee0f0bb9b9b45f5d44df,current-nlr-pbe-gw-v1:composition:bfd5fb0ab077e5950fcd7ec57e08d23faf3d324dbc7118d38894cb614ff8e53c,In4 K14 O13,Cu2 O4 W,1.835,1.836,0.001,z_b > z_a,log(1 + exp(-(z_b - z_a)))
729,ADJACENT_STRICT_PBE_ORDER_V1,1.0,979,980,963,844,current-nlr-pbe-gw-v1:composition:bfd5fb0ab077e5950fcd7ec57e08d23faf3d324dbc7118d38894cb614ff8e53c,current-nlr-pbe-gw-v1:composition:5862e038705312126b1b8f4464d11596854f67ab52c0daf4ec0db267e8b95519,Cu2 O4 W,Cr2 Fe O8 Rb,1.836,1.837,0.001,z_b > z_a,log(1 + exp(-(z_b - z_a)))
730,ADJACENT_STRICT_PBE_ORDER_V1,1.0,980,981,844,442,current-nlr-pbe-gw-v1:composition:5862e038705312126b1b8f4464d11596854f67ab52c0daf4ec0db267e8b95519,current-nlr-pbe-gw-v1:composition:b65f2b012348e408f1350acb10c66d7ec4272dd7e7add0067a478d21e061f780,Cr2 Fe O8 Rb,Ba3 Na O6 Ru,1.837,1.838,0.001,z_b > z_a,log(1 + exp(-(z_b - z_a)))
731,ADJACENT_STRICT_PBE_ORDER_V1,1.0,981,982,442,767,current-nlr-pbe-gw-v1:composition:b65f2b012348e408f1350acb10c66d7ec4272dd7e7add0067a478d21e061f780,current-nlr-pbe-gw-v1:composition:b9fb5bfa11c88ae26d948280b047b22f3e404db89400b66152b946ec27090cc7,Ba3 Na O6 Ru,Co2 La2 O5,1.838,1.84,0.002,z_b > z_a,log(1 + exp(-(z_b - z_a)))
732,ADJACENT_STRICT_PBE_ORDER_V1,1.0,982,983,767,897,current-nlr-pbe-gw-v1:composition:b9fb5bfa11c88ae26d948280b047b22f3e404db89400b66152b946ec27090cc7,current-nlr-pbe-gw-v1:composition:5560c58db36e05c1a44a745b9a1260e7f1db275736f9165e11efd09bbf3a6719,Co2 La2 O5,Cu K3 O2,1.84,1.841,0.001,z_b > z_a,log(1 + exp(-(z_b - z_a)))
733,ADJACENT_STRICT_PBE_ORDER_V1,1.0,984,985,1434,849,current-nlr-pbe-gw-v1:composition:9ba1305356ec7292b2529e0cc504443d22c789c44e7ebb70d405f1163bcf53c8,current-nlr-pbe-gw-v1:composition:e7a32bfc1970d6d631f566c54281e5a7014fca63fca604b3189a6b50ccb613dd,K2 O8 V3,Cr2 Hg6 O9,1.841,1.843,0.002,z_b > z_a,log(1 + exp(-(z_b - z_a)))
734,ADJACENT_STRICT_PBE_ORDER_V1,1.0,985,986,849,771,current-nlr-pbe-gw-v1:composition:e7a32bfc1970d6d631f566c54281e5a7014fca63fca604b3189a6b50ccb613dd,current-nlr-pbe-gw-v1:composition:f1149771961b16a9e223320b16abbb8be8f02fa9d1be7f1f6214d9719af01db1,Cr2 Hg6 O9,Co2 Mo3 O8,1.843,1.844,0.001,z_b > z_a,log(1 + exp(-(z_b - z_a)))
735,ADJACENT_STRICT_PBE_ORDER_V1,1.0,986,987,771,1022,current-nlr-pbe-gw-v1:composition:f1149771961b16a9e223320b16abbb8be8f02fa9d1be7f1f6214d9719af01db1,current-nlr-pbe-gw-v1:composition:3d7b0043ebabb99a61961b5e17c181aadede446b8c6f5e2f348b17c89a924b39,Co2 Mo3 O8,Fe K5 O4,1.844,1.845,0.001,z_b > z_a,log(1 + exp(-(z_b - z_a)))
736,ADJACENT_STRICT_PBE_ORDER_V1,1.0,987,988,1022,227,current-nlr-pbe-gw-v1:composition:3d7b0043ebabb99a61961b5e17c181aadede446b8c6f5e2f348b17c89a924b39,current-nlr-pbe-gw-v1:composition:b897e55e0e0dacff0d55dbd46694d1482409499cae72763cafd95febb1ccaed6,Fe K5 O4,Ba Cu Na2 O8 V2,1.845,1.849,0.004,z_b > z_a,log(1 + exp(-(z_b - z_a)))
737,ADJACENT_STRICT_PBE_ORDER_V1,1.0,988,989,227,648,current-nlr-pbe-gw-v1:composition:b897e55e0e0dacff0d55dbd46694d1482409499cae72763cafd95febb1ccaed6,current-nlr-pbe-gw-v1:composition:29ec3f7da6c5cdea7efb8a8217a4ca5b9319ca4f44b26e36ad760794a92e3fdb,Ba Cu Na2 O8 V2,Cd Co2 O4,1.849,1.853,0.004,z_b > z_a,log(1 + exp(-(z_b - z_a)))
738,ADJACENT_STRICT_PBE_ORDER_V1,1.0,989,990,648,1443,current-nlr-pbe-gw-v1:composition:29ec3f7da6c5cdea7efb8a8217a4ca5b9319ca4f44b26e36ad760794a92e3fdb,current-nlr-pbe-gw-v1:composition:7aab4439530d88ed1d445164d25e91d7b079158433551d192a74e8cba5bf08b0,Cd Co2 O4,K3 Mn O4,1.853,1.854,0.001,z_b > z_a,log(1 + exp(-(z_b - z_a)))
739,ADJACENT_STRICT_PBE_ORDER_V1,1.0,990,991,1443,1597,current-nlr-pbe-gw-v1:composition:7aab4439530d88ed1d445164d25e91d7b079158433551d192a74e8cba5bf08b0,current-nlr-pbe-gw-v1:composition:24023fecc18bdab4fc887fabdc59977fb5b421460c0794bbe1858891a1090d95,K3 Mn O4,Mn Na O4 Rb2,1.854,1.855,0.001,z_b > z_a,log(1 + exp(-(z_b - z_a)))
740,ADJACENT_STRICT_PBE_ORDER_V1,1.0,992,993,1397,1107,current-nlr-pbe-gw-v1:composition:bd44523b245b03042bd1f435904fd7586e0b39b65e9718cf421605f55df8af29,current-nlr-pbe-gw-v1:composition:581e08987e898bcf1aa3610da578b7a5c78bc06d19ac1de08eb9d1ef9a2b74de,K2 Mo O8,Fe3 O6 Rb5,1.855,1.856,0.001,z_b > z_a,log(1 + exp(-(z_b - z_a)))
741,ADJACENT_STRICT_PBE_ORDER_V1,1.0,994,995,488,38,current-nlr-pbe-gw-v1:composition:5b60fe8d72edc1d6321d1a07f6c8ce4108aa704ebada8d56cee10798d97f3d08,current-nlr-pbe-gw-v1:composition:09ff851bb23af1a6b7da6c3af799d1566aa74409d7ad57a91d58952289243d54,Ba8 Co Nb6 O24,Ag2 Cr2 O7,1.856,1.858,0.002,z_b > z_a,log(1 + exp(-(z_b - z_a)))
742,ADJACENT_STRICT_PBE_ORDER_V1,1.0,995,996,38,1306,current-nlr-pbe-gw-v1:composition:09ff851bb23af1a6b7da6c3af799d1566aa74409d7ad57a91d58952289243d54,current-nlr-pbe-gw-v1:composition:2e199015572e4fc74af6c01997229bedb39cf7fdac5607abc54d91a852da9a37,Ag2 Cr2 O7,In2 Mg O4,1.858,1.861,0.003,z_b > z_a,log(1 + exp(-(z_b - z_a)))
743,ADJACENT_STRICT_PBE_ORDER_V1,1.0,996,997,1306,692,current-nlr-pbe-gw-v1:composition:2e199015572e4fc74af6c01997229bedb39cf7fdac5607abc54d91a852da9a37,current-nlr-pbe-gw-v1:composition:b522f65f02c815f8eadab12f7d205a26083103457ad6e82190cf58072ced05ff,In2 Mg O4,Cd2 O4 Ti,1.861,1.863,0.002,z_b > z_a,log(1 + exp(-(z_b - z_a)))
744,ADJACENT_STRICT_PBE_ORDER_V1,1.0,998,999,759,1205,current-nlr-pbe-gw-v1:composition:c4013857ef972c454f37d54fb58755dfba551a9b3b8fa5b52ba5603135945344,current-nlr-pbe-gw-v1:composition:ab0bd7feb806e2f1922679088fab171827b4a23eed36c52327fd06505023c238,Co O6 V2,Ge18 O4 Rb10 W,1.863,1.864,0.001,z_b > z_a,log(1 + exp(-(z_b - z_a)))
745,ADJACENT_STRICT_PBE_ORDER_V1,1.0,999,1000,1205,725,current-nlr-pbe-gw-v1:composition:ab0bd7feb806e2f1922679088fab171827b4a23eed36c52327fd06505023c238,current-nlr-pbe-gw-v1:composition:a05f0771909c301ce456024000f9ba80a3221a44bbc78f30cabbda5af19da89a,Ge18 O4 Rb10 W,Co K3 O2,1.864,1.866,0.002,z_b > z_a,log(1 + exp(-(z_b - z_a)))
746,ADJACENT_STRICT_PBE_ORDER_V1,1.0,1000,1001,725,1313,current-nlr-pbe-gw-v1:composition:a05f0771909c301ce456024000f9ba80a3221a44bbc78f30cabbda5af19da89a,current-nlr-pbe-gw-v1:composition:27505922281c70acfca958950b572ae494da46ffd70f30c89d3799efa8f44e02,Co K3 O2,In2 O4 Ti,1.866,1.868,0.002,z_b > z_a,log(1 + exp(-(z_b - z_a)))
747,ADJACENT_STRICT_PBE_ORDER_V1,1.0,1001,1002,1313,43,current-nlr-pbe-gw-v1:composition:27505922281c70acfca958950b572ae494da46ffd70f30c89d3799efa8f44e02,current-nlr-pbe-gw-v1:composition:98858ed43d6aaadf8069f2d8126b5b3f9ff9e483c4cc7dc659140301b6fc4d78,In2 O4 Ti,Ag2 Mn O8 Sr V2,1.868,1.869,0.001,z_b > z_a,log(1 + exp(-(z_b - z_a)))
748,ADJACENT_STRICT_PBE_ORDER_V1,1.0,1004,1005,1113,1918,current-nlr-pbe-gw-v1:composition:cc81ee56176e733a0aa2b521b5f1c10ea920eef2ee0ed1e45662db2270000d6b,current-nlr-pbe-gw-v1:composition:9cd038ca976f4fbe652e141cc0b6514052d980836a420a8ece0ada117fbf2742,Fe4 O16 Si2 Sn7,O Pb,1.869,1.872,0.003,z_b > z_a,log(1 + exp(-(z_b - z_a)))
749,ADJACENT_STRICT_PBE_ORDER_V1,1.0,1005,1006,1918,1970,current-nlr-pbe-gw-v1:composition:9cd038ca976f4fbe652e141cc0b6514052d980836a420a8ece0ada117fbf2742,current-nlr-pbe-gw-v1:composition:6523928fd5485073bec2572e48b522da25bd00f3652e39046494f288b07c5947,O Pb,O2 Sb,1.872,1.873,0.001,z_b > z_a,log(1 + exp(-(z_b - z_a)))
750,ADJACENT_STRICT_PBE_ORDER_V1,1.0,1006,1007,1970,969,current-nlr-pbe-gw-v1:composition:6523928fd5485073bec2572e48b522da25bd00f3652e39046494f288b07c5947,current-nlr-pbe-gw-v1:composition:19c27cfbdc50ccb5bcd4d6b45e188aa0b9ea408b7d4062f957ae4b3574f99ac5,O2 Sb,Cu3 Ge4 Na2 O12,1.873,1.875,0.002,z_b > z_a,log(1 + exp(-(z_b - z_a)))
751,ADJACENT_STRICT_PBE_ORDER_V1,1.0,1007,1008,969,812,current-nlr-pbe-gw-v1:composition:19c27cfbdc50ccb5bcd4d6b45e188aa0b9ea408b7d4062f957ae4b3574f99ac5,current-nlr-pbe-gw-v1:composition:80f4d18a234ded330d762ef25e8d722dabdaee46e1f983f5ae752b35654000c7,Cu3 Ge4 Na2 O12,Cr K3 O8,1.875,1.879,0.004,z_b > z_a,log(1 + exp(-(z_b - z_a)))
752,ADJACENT_STRICT_PBE_ORDER_V1,1.0,1008,1009,812,514,current-nlr-pbe-gw-v1:composition:80f4d18a234ded330d762ef25e8d722dabdaee46e1f983f5ae752b35654000c7,current-nlr-pbe-gw-v1:composition:09ce9e8c582ad0062585d056e15000f2fce96831c5016e49ca8bc1a0cf82a2cb,Cr K3 O8,Br Na3 O,1.879,1.88,0.001,z_b > z_a,log(1 + exp(-(z_b - z_a)))
753,ADJACENT_STRICT_PBE_ORDER_V1,1.0,1009,1010,514,1897,current-nlr-pbe-gw-v1:composition:09ce9e8c582ad0062585d056e15000f2fce96831c5016e49ca8bc1a0cf82a2cb,current-nlr-pbe-gw-v1:composition:01e9760cae64211574fddc128ba38dd2bfb4d6315f404c1f6aa3885b3d8e3dd2,Br Na3 O,Ni O2 Rb2,1.88,1.882,0.002,z_b > z_a,log(1 + exp(-(z_b - z_a)))
754,ADJACENT_STRICT_PBE_ORDER_V1,1.0,1010,1011,1897,874,current-nlr-pbe-gw-v1:composition:01e9760cae64211574fddc128ba38dd2bfb4d6315f404c1f6aa3885b3d8e3dd2,current-nlr-pbe-gw-v1:composition:45d45970e539ae2f9f2c5b2ee374076938344cd0f4438fd26e2c77eb37039ea9,Ni O2 Rb2,Cr3 K2 O10,1.882,1.89,0.008,z_b > z_a,log(1 + exp(-(z_b - z_a)))
755,ADJACENT_STRICT_PBE_ORDER_V1,1.0,1011,1012,874,733,current-nlr-pbe-gw-v1:composition:45d45970e539ae2f9f2c5b2ee374076938344cd0f4438fd26e2c77eb37039ea9,current-nlr-pbe-gw-v1:composition:4dfc99cd17406bb03ad8a5449a2ace0cdaca8607dfb736971eccb7e96692adcf,Cr3 K2 O10,Co Mo O4,1.89,1.891,0.001,z_b > z_a,log(1 + exp(-(z_b - z_a)))
756,ADJACENT_STRICT_PBE_ORDER_V1,1.0,1012,1013,733,1842,current-nlr-pbe-gw-v1:composition:4dfc99cd17406bb03ad8a5449a2ace0cdaca8607dfb736971eccb7e96692adcf,current-nlr-pbe-gw-v1:composition:432a0685d16ea16e6fffe3a907dc75f2943f30dfb92e0225af45545b6a2a24fc,Co Mo O4,Na4 O3 Sn,1.891,1.892,0.001,z_b > z_a,log(1 + exp(-(z_b - z_a)))
757,ADJACENT_STRICT_PBE_ORDER_V1,1.0,1015,1016,1794,1797,current-nlr-pbe-gw-v1:composition:aaffa4b083bb30a2d4fb199a69520a6813a51794c378131ef8ebd0ae81d9a31d,current-nlr-pbe-gw-v1:composition:41f23ca406a1edb6e60887dd69b6783e1373c7cef38f141bbe5eed69d37425b4,Na2 Ni O10 Si4,Na2 O,1.892,1.893,0.001,z_b > z_a,log(1 + exp(-(z_b - z_a)))
758,ADJACENT_STRICT_PBE_ORDER_V1,1.0,1017,1018,848,1187,current-nlr-pbe-gw-v1:composition:91b6f8fd738f7631630d8532cefaa89fb74e064a615b97a7179e93c7a86ca410,current-nlr-pbe-gw-v1:composition:2d6443c822c4ca65927d79b94dc5bfd6be04b307667cf78e0a360bfab6179468,Cr2 Hg O7,Ge Ni2 O4,1.893,1.895,0.002,z_b > z_a,log(1 + exp(-(z_b - z_a)))
759,ADJACENT_STRICT_PBE_ORDER_V1,1.0,1018,1019,1187,353,current-nlr-pbe-gw-v1:composition:2d6443c822c4ca65927d79b94dc5bfd6be04b307667cf78e0a360bfab6179468,current-nlr-pbe-gw-v1:composition:00bac98397698c69442959bcc3b9329bbcedbfefa7914b5de395d3b0111a625d,Ge Ni2 O4,Ba2 Cu O7 Si2,1.895,1.899,0.004,z_b > z_a,log(1 + exp(-(z_b - z_a)))
760,ADJACENT_STRICT_PBE_ORDER_V1,1.0,1020,1021,735,1911,current-nlr-pbe-gw-v1:composition:55f03cc152a59b2c1b227e479bed5bc6d391ba5933fb8fd4cb096d85e695215f,current-nlr-pbe-gw-v1:composition:e847d0b70ebd40c24bc832c65fe0e3cebb15abe36414cf756fbf685411b119c0,Co Na O2,Ni2 O4 Sn,1.899,1.9,0.001,z_b > z_a,log(1 + exp(-(z_b - z_a)))
761,ADJACENT_STRICT_PBE_ORDER_V1,1.0,1021,1022,1911,888,current-nlr-pbe-gw-v1:composition:e847d0b70ebd40c24bc832c65fe0e3cebb15abe36414cf756fbf685411b119c0,current-nlr-pbe-gw-v1:composition:9025cae8fda729a03f8d6114d2c64f8fab77498e1a9aa95c84a9802102f7ea6e,Ni2 O4 Sn,Cu Ge2 O7 Sr2,1.9,1.904,0.004,z_b > z_a,log(1 + exp(-(z_b - z_a)))
762,ADJACENT_STRICT_PBE_ORDER_V1,1.0,1022,1023,888,610,current-nlr-pbe-gw-v1:composition:9025cae8fda729a03f8d6114d2c64f8fab77498e1a9aa95c84a9802102f7ea6e,current-nlr-pbe-gw-v1:composition:4abc729916faa0e3ed5fafc47c13933066c24ce6ad0b3159775c9f57df3de2af,Cu Ge2 O7 Sr2,Ca2 O6 Pd W,1.904,1.907,0.003,z_b > z_a,log(1 + exp(-(z_b - z_a)))
763,ADJACENT_STRICT_PBE_ORDER_V1,1.0,1024,1025,11,1643,current-nlr-pbe-gw-v1:composition:8cdc408ec48cf87dfadada8dc36f32a57a216359bf3e4221733ca64196027175,current-nlr-pbe-gw-v1:composition:e866060dbfaa39afdcc6182c7aa2d043ed2e6c7ebf5f4e093cf35f8c86071d7b,Ag Fe O7 V2,Mn2 Nb2 O9 Zn2,1.907,1.908,0.001,z_b > z_a,log(1 + exp(-(z_b - z_a)))
764,ADJACENT_STRICT_PBE_ORDER_V1,1.0,1025,1026,1643,1085,current-nlr-pbe-gw-v1:composition:e866060dbfaa39afdcc6182c7aa2d043ed2e6c7ebf5f4e093cf35f8c86071d7b,current-nlr-pbe-gw-v1:composition:49437776b47d846caee57c1086a86d3db7d69d67d76cbb6317154d4d980c1f16,Mn2 Nb2 O9 Zn2,Fe2 Na8 O7,1.908,1.909,0.001,z_b > z_a,log(1 + exp(-(z_b - z_a)))
765,ADJACENT_STRICT_PBE_ORDER_V1,1.0,1026,1027,1085,907,current-nlr-pbe-gw-v1:composition:49437776b47d846caee57c1086a86d3db7d69d67d76cbb6317154d4d980c1f16,current-nlr-pbe-gw-v1:composition:d9ef1c7c7be20d7b80c1303dfa1cad35cad82c6795a253b82aea54b31a526f7f,Fe2 Na8 O7,Cu Mo O4,1.909,1.914,0.005,z_b > z_a,log(1 + exp(-(z_b - z_a)))
766,ADJACENT_STRICT_PBE_ORDER_V1,1.0,1027,1028,907,808,current-nlr-pbe-gw-v1:composition:d9ef1c7c7be20d7b80c1303dfa1cad35cad82c6795a253b82aea54b31a526f7f,current-nlr-pbe-gw-v1:composition:ae7c74343ecbdd85cd1cf466fc75ccd74f06c17923c7549b86e0de9a4b6b5d91,Cu Mo O4,Cr K O7 V2,1.914,1.916,0.002,z_b > z_a,log(1 + exp(-(z_b - z_a)))
767,ADJACENT_STRICT_PBE_ORDER_V1,1.0,1028,1029,808,815,current-nlr-pbe-gw-v1:composition:ae7c74343ecbdd85cd1cf466fc75ccd74f06c17923c7549b86e0de9a4b6b5d91,current-nlr-pbe-gw-v1:composition:1e04d11908b622368ccb708b495fb70fd69eb45fc5a24e9dbd7e493565295ed5,Cr K O7 V2,Cr La2 O6,1.916,1.917,0.001,z_b > z_a,log(1 + exp(-(z_b - z_a)))
768,ADJACENT_STRICT_PBE_ORDER_V1,1.0,1029,1030,815,186,current-nlr-pbe-gw-v1:composition:1e04d11908b622368ccb708b495fb70fd69eb45fc5a24e9dbd7e493565295ed5,current-nlr-pbe-gw-v1:composition:9e1974c3ed8db1a1d76330d308e50bbcfa2b902672003999f304b43f02c1794e,Cr La2 O6,Au La O3,1.917,1.92,0.003,z_b > z_a,log(1 + exp(-(z_b - z_a)))
769,ADJACENT_STRICT_PBE_ORDER_V1,1.0,1032,1033,976,525,current-nlr-pbe-gw-v1:composition:dc3dd749c9365e5c5a131950fcefcc93dc7d78cffb56772a5ade389c61a1357d,current-nlr-pbe-gw-v1:composition:58c3d18b31266490ab56ebaa69e275bb1251c04d9f7ae905cb2d294ac1864277,Cu3 Na2 O12 Si4,Ca Cu3 Ge4 O12,1.92,1.925,0.005,z_b > z_a,log(1 + exp(-(z_b - z_a)))
770,ADJACENT_STRICT_PBE_ORDER_V1,1.0,1035,1036,876,1317,current-nlr-pbe-gw-v1:composition:cd10b3409b52e9cd5c7a41b19bc29977c0dc5a3e8b91b40a8217dfe260915818,current-nlr-pbe-gw-v1:composition:33b60f4f4e566f3aae267c0b3e9688ea2e30c784c5682608462c702d7e4373e4,Cr3 O10 Rb2,In2 O5 Ti,1.925,1.928,0.003,z_b > z_a,log(1 + exp(-(z_b - z_a)))
771,ADJACENT_STRICT_PBE_ORDER_V1,1.0,1036,1037,1317,1294,current-nlr-pbe-gw-v1:composition:33b60f4f4e566f3aae267c0b3e9688ea2e30c784c5682608462c702d7e4373e4,current-nlr-pbe-gw-v1:composition:a6148d42fb61fbffb96f0267a4f00be6c20e7e9f201496d87107dcc7f6977aed,In2 O5 Ti,In Na O2,1.928,1.931,0.003,z_b > z_a,log(1 + exp(-(z_b - z_a)))
772,ADJACENT_STRICT_PBE_ORDER_V1,1.0,1038,1039,1297,719,current-nlr-pbe-gw-v1:composition:e9552278aff514f44cb9ef29e8c0bae623dde5adb79cd1cfdac829136cfeff39,current-nlr-pbe-gw-v1:composition:893f1f5aa9ddd0eecd854c204c842bbcfc896bb55ddbca55d24537990ad01f27,In Na3 O4 Rb2,Co Ge2 O7 Sr2,1.931,1.932,0.001,z_b > z_a,log(1 + exp(-(z_b - z_a)))
773,ADJACENT_STRICT_PBE_ORDER_V1,1.0,1040,1041,1590,1414,current-nlr-pbe-gw-v1:composition:b75e7f61ee2a74bdcbb5ca10bad3c02752235969c80d1b8a6a0046ffadacdba0,current-nlr-pbe-gw-v1:composition:05e9060fb8d7d2ac1bf1b8c140f0a05f738a954ca0277fe3d4489b198cf2254c,Mg3 O12 Si3 V2,K2 O2 Pd,1.932,1.939,0.007,z_b > z_a,log(1 + exp(-(z_b - z_a)))
774,ADJACENT_STRICT_PBE_ORDER_V1,1.0,1041,1042,1414,717,current-nlr-pbe-gw-v1:composition:05e9060fb8d7d2ac1bf1b8c140f0a05f738a954ca0277fe3d4489b198cf2254c,current-nlr-pbe-gw-v1:composition:26e620c9df6375349421aba763591551b1851f72bef17afcbbb1c550bfe200fb,K2 O2 Pd,Co Ga2 O4,1.939,1.94,0.001,z_b > z_a,log(1 + exp(-(z_b - z_a)))
775,ADJACENT_STRICT_PBE_ORDER_V1,1.0,1042,1043,717,1287,current-nlr-pbe-gw-v1:composition:26e620c9df6375349421aba763591551b1851f72bef17afcbbb1c550bfe200fb,current-nlr-pbe-gw-v1:composition:b70552ce5b6bfc120653d59966ab3ef98d8ca43d0de17b648c00d8efa690947e,Co Ga2 O4,In K2 Na3 O4,1.94,1.943,0.003,z_b > z_a,log(1 + exp(-(z_b - z_a)))
776,ADJACENT_STRICT_PBE_ORDER_V1,1.0,1044,1045,1289,1662,current-nlr-pbe-gw-v1:composition:c23d8fb12452633866ba4bf63c05f965966483b489af092000b5ddee274d19fd,current-nlr-pbe-gw-v1:composition:9d1bcf2e718ec92c6fe1e84da8c4612d2b97851b7a3dbd18802f49feed4d370a,In K3 Na2 O4,Mn3 O12 Si3 V2,1.943,1.944,0.001,z_b > z_a,log(1 + exp(-(z_b - z_a)))
777,ADJACENT_STRICT_PBE_ORDER_V1,1.0,1045,1046,1662,1108,current-nlr-pbe-gw-v1:composition:9d1bcf2e718ec92c6fe1e84da8c4612d2b97851b7a3dbd18802f49feed4d370a,current-nlr-pbe-gw-v1:composition:4f21705e3900b55515889968831f8002414fb91644ad0679ead3b75d2ade0a7d,Mn3 O12 Si3 V2,Fe4 K14 O13,1.944,1.945,0.001,z_b > z_a,log(1 + exp(-(z_b - z_a)))
778,ADJACENT_STRICT_PBE_ORDER_V1,1.0,1046,1047,1108,703,current-nlr-pbe-gw-v1:composition:4f21705e3900b55515889968831f8002414fb91644ad0679ead3b75d2ade0a7d,current-nlr-pbe-gw-v1:composition:b1479ec6d7ef0d7af2b32be4aba0984a1a0fc36420ea62e4aade03c03f54d5e3,Fe4 K14 O13,Ce O2,1.945,1.949,0.004,z_b > z_a,log(1 + exp(-(z_b - z_a)))
779,ADJACENT_STRICT_PBE_ORDER_V1,1.0,1047,1048,703,781,current-nlr-pbe-gw-v1:composition:b1479ec6d7ef0d7af2b32be4aba0984a1a0fc36420ea62e4aade03c03f54d5e3,current-nlr-pbe-gw-v1:composition:3d77b7404a022890db7e958c049df033ead24f07421037f19e8f4b984d31e20c,Ce O2,Co2 O4 Zn,1.949,1.952,0.003,z_b > z_a,log(1 + exp(-(z_b - z_a)))
780,ADJACENT_STRICT_PBE_ORDER_V1,1.0,1050,1051,1117,634,current-nlr-pbe-gw-v1:composition:ee4d0b988d5081ef1f0812237936dda4905471797c57aa114cfdf1050737c80c,current-nlr-pbe-gw-v1:composition:bfed195dd28dee140e18b23a4c50d60687bbc4564593eb6bf031829c3cfb0e34,Fe5 Na3 O9,Ca3 O12 Si3 V2,1.952,1.953,0.001,z_b > z_a,log(1 + exp(-(z_b - z_a)))
781,ADJACENT_STRICT_PBE_ORDER_V1,1.0,1051,1052,634,77,current-nlr-pbe-gw-v1:composition:bfed195dd28dee140e18b23a4c50d60687bbc4564593eb6bf031829c3cfb0e34,current-nlr-pbe-gw-v1:composition:fdb5210930a780a827fc45d51a8d28d2fef71cbcf01d520c4d33e71423aacea3,Ca3 O12 Si3 V2,Al Ce O3,1.953,1.956,0.003,z_b > z_a,log(1 + exp(-(z_b - z_a)))
782,ADJACENT_STRICT_PBE_ORDER_V1,1.0,1052,1053,77,644,current-nlr-pbe-gw-v1:composition:fdb5210930a780a827fc45d51a8d28d2fef71cbcf01d520c4d33e71423aacea3,current-nlr-pbe-gw-v1:composition:665825cc406b26178f1a3f8e7ba282c7a4f40cc040c02d9bfc30ccda23cd41d7,Al Ce O3,Ca4 O6 Pd,1.956,1.957,0.001,z_b > z_a,log(1 + exp(-(z_b - z_a)))
783,ADJACENT_STRICT_PBE_ORDER_V1,1.0,1053,1054,644,37,current-nlr-pbe-gw-v1:composition:665825cc406b26178f1a3f8e7ba282c7a4f40cc040c02d9bfc30ccda23cd41d7,current-nlr-pbe-gw-v1:composition:2428041b11c4c1a5a4035904dc8a8ad6306181f6c5b40fd123a53c73f0dc31a3,Ca4 O6 Pd,Ag2 Cr O4,1.957,1.958,0.001,z_b > z_a,log(1 + exp(-(z_b - z_a)))
784,ADJACENT_STRICT_PBE_ORDER_V1,1.0,1056,1057,1281,938,current-nlr-pbe-gw-v1:composition:86ffb00b16cfa63ceb7b20eda5b226e86516b4883ee3a5ff6b2aa70cfd6f8b6c,current-nlr-pbe-gw-v1:composition:5fb087c91bd6f9f91177fcd4bd8f994a556af8933f673a5cf7dbaad11dc32f50,Hg2 O4 W,Cu O7 Si2 Sr2,1.958,1.959,0.001,z_b > z_a,log(1 + exp(-(z_b - z_a)))
785,ADJACENT_STRICT_PBE_ORDER_V1,1.0,1058,1059,1809,1963,current-nlr-pbe-gw-v1:composition:a52c7e6152a59ccd8a453911966b06a7005ca2741016e1b979a4a9afb29bbdb8,current-nlr-pbe-gw-v1:composition:210b882d75c2279318ddeb72cedc2346655b6519da257e4290041d59815bc93c,Na2 O3 Pt,O2 Pt,1.959,1.96,0.001,z_b > z_a,log(1 + exp(-(z_b - z_a)))
786,ADJACENT_STRICT_PBE_ORDER_V1,1.0,1060,1061,1033,689,current-nlr-pbe-gw-v1:composition:42cb231c9a21a1b391d775f649c1f949ef24386c4ad1be84b4dda08a3b5d3d70,current-nlr-pbe-gw-v1:composition:961230420bdfadbe20490c369e53837f8f7471ccff19c2645430b36e29f57f91,Fe Mo2 O8 Rb,Cd2 Nb2 O7,1.96,1.961,0.001,z_b > z_a,log(1 + exp(-(z_b - z_a)))
787,ADJACENT_STRICT_PBE_ORDER_V1,1.0,1061,1062,689,1032,current-nlr-pbe-gw-v1:composition:961230420bdfadbe20490c369e53837f8f7471ccff19c2645430b36e29f57f91,current-nlr-pbe-gw-v1:composition:95f9e58189d80b3d959b136cad028cc5e89883c47df6f8b0b3134b72232e5285,Cd2 Nb2 O7,Fe Mo2 Na O8,1.961,1.964,0.003,z_b > z_a,log(1 + exp(-(z_b - z_a)))
788,ADJACENT_STRICT_PBE_ORDER_V1,1.0,1062,1063,1032,579,current-nlr-pbe-gw-v1:composition:95f9e58189d80b3d959b136cad028cc5e89883c47df6f8b0b3134b72232e5285,current-nlr-pbe-gw-v1:composition:a4b10fa8bb9d2e92b2cabcc83954c1d7805b5145f1adcbbdab900e35d8e25564,Fe Mo2 Na O8,Ca O5 V2,1.964,1.965,0.001,z_b > z_a,log(1 + exp(-(z_b - z_a)))
789,ADJACENT_STRICT_PBE_ORDER_V1,1.0,1064,1065,1726,1196,current-nlr-pbe-gw-v1:composition:a6d5e123f6353ffc35561056f500e2f3b00dc7fc32d4f110765fcc70fc9e58ec,current-nlr-pbe-gw-v1:composition:0b3571227aa6863ae94ae5f7010f71f8046183f5ee3476022015e598da095439,N Nb O,Ge O4 Zn2,1.965,1.966,0.001,z_b > z_a,log(1 + exp(-(z_b - z_a)))
790,ADJACENT_STRICT_PBE_ORDER_V1,1.0,1065,1066,1196,233,current-nlr-pbe-gw-v1:composition:0b3571227aa6863ae94ae5f7010f71f8046183f5ee3476022015e598da095439,current-nlr-pbe-gw-v1:composition:020dd911f1bd5498de1d7cd7db0a06f838be1f8677f889ca65d3b15fac517995,Ge O4 Zn2,Ba Cu2 O2,1.966,1.967,0.001,z_b > z_a,log(1 + exp(-(z_b - z_a)))
791,ADJACENT_STRICT_PBE_ORDER_V1,1.0,1067,1068,351,341,current-nlr-pbe-gw-v1:composition:be616fccfbb0830d3a5132dbef7353fadb9b771c224fbef370db42fd3cb89925,current-nlr-pbe-gw-v1:composition:68d79cbc5faf9d55e5508346794116488ba537ffaf9311341d691196d366828d,Ba2 Cu Ge2 O7,Ba2 Ca O6 Pd3,1.967,1.968,0.001,z_b > z_a,log(1 + exp(-(z_b - z_a)))
792,ADJACENT_STRICT_PBE_ORDER_V1,1.0,1068,1069,341,1088,current-nlr-pbe-gw-v1:composition:68d79cbc5faf9d55e5508346794116488ba537ffaf9311341d691196d366828d,current-nlr-pbe-gw-v1:composition:ea2a8adf6db9c1ba6be6a7c704164aba13a798bf7bbc9197c19711c784887958,Ba2 Ca O6 Pd3,Fe2 O13 V4,1.968,1.969,0.001,z_b > z_a,log(1 + exp(-(z_b - z_a)))
793,ADJACENT_STRICT_PBE_ORDER_V1,1.0,1069,1070,1088,1105,current-nlr-pbe-gw-v1:composition:ea2a8adf6db9c1ba6be6a7c704164aba13a798bf7bbc9197c19711c784887958,current-nlr-pbe-gw-v1:composition:ca23300401ed2edcbf457348cc780fe997dff0bd6f93f933e7c1da83a53a328f,Fe2 O13 V4,Fe3 Na7 O8,1.969,1.97,0.001,z_b > z_a,log(1 + exp(-(z_b - z_a)))
794,ADJACENT_STRICT_PBE_ORDER_V1,1.0,1070,1071,1105,792,current-nlr-pbe-gw-v1:composition:ca23300401ed2edcbf457348cc780fe997dff0bd6f93f933e7c1da83a53a328f,current-nlr-pbe-gw-v1:composition:1e329de1cc7470fb65d60676a3f5584bc9544b9ebf55ba5bd7c4d0cbf07c8601,Fe3 Na7 O8,Co4 Nb2 O9,1.97,1.972,0.002,z_b > z_a,log(1 + exp(-(z_b - z_a)))
795,ADJACENT_STRICT_PBE_ORDER_V1,1.0,1071,1072,792,1481,current-nlr-pbe-gw-v1:composition:1e329de1cc7470fb65d60676a3f5584bc9544b9ebf55ba5bd7c4d0cbf07c8601,current-nlr-pbe-gw-v1:composition:120a43624f1b9c30170c9754d95924f1789b7f83a13de9c7e09ee8e6c6061096,Co4 Nb2 O9,La Mn Na O6 W,1.972,1.973,0.001,z_b > z_a,log(1 + exp(-(z_b - z_a)))
796,ADJACENT_STRICT_PBE_ORDER_V1,1.0,1073,1074,180,23,current-nlr-pbe-gw-v1:composition:7ad1291c3e6bbe092e90e7588c03cb33512017ef87affdf76d4d47c2c5d70a2b,current-nlr-pbe-gw-v1:composition:18eb3d03d4b5cb02232e3ad97cdc560f193cf8f7e00d499f32e7da331f9606f4,Au Co Na4 O5,Ag Nb O3,1.973,1.975,0.002,z_b > z_a,log(1 + exp(-(z_b - z_a)))
797,ADJACENT_STRICT_PBE_ORDER_V1,1.0,1074,1075,23,2070,current-nlr-pbe-gw-v1:composition:18eb3d03d4b5cb02232e3ad97cdc560f193cf8f7e00d499f32e7da331f9606f4,current-nlr-pbe-gw-v1:composition:1e864457adffb9dedb24b337eb2ac3c9d2ae01d508578b91c4ff03c848d53bba,Ag Nb O3,O5 Sr Ti2,1.975,1.976,0.001,z_b > z_a,log(1 + exp(-(z_b - z_a)))
798,ADJACENT_STRICT_PBE_ORDER_V1,1.0,1075,1076,2070,1096,current-nlr-pbe-gw-v1:composition:1e864457adffb9dedb24b337eb2ac3c9d2ae01d508578b91c4ff03c848d53bba,current-nlr-pbe-gw-v1:composition:9735539f6b3a851dbfbdcfb58f52e1dd80787e348f4d08ac4006a48b8d08023b,O5 Sr Ti2,Fe2 O5 Ti,1.976,1.977,0.001,z_b > z_a,log(1 + exp(-(z_b - z_a)))
799,ADJACENT_STRICT_PBE_ORDER_V1,1.0,1076,1077,1096,500,current-nlr-pbe-gw-v1:composition:9735539f6b3a851dbfbdcfb58f52e1dd80787e348f4d08ac4006a48b8d08023b,current-nlr-pbe-gw-v1:composition:87e4d897747d83b520e6dbd88cc326aa09611bdcf7ae747f5eff27000a015ec7,Fe2 O5 Ti,Bi Fe O3,1.977,1.978,0.001,z_b > z_a,log(1 + exp(-(z_b - z_a)))
800,ADJACENT_STRICT_PBE_ORDER_V1,1.0,1077,1078,500,1273,current-nlr-pbe-gw-v1:composition:87e4d897747d83b520e6dbd88cc326aa09611bdcf7ae747f5eff27000a015ec7,current-nlr-pbe-gw-v1:composition:208ce3b7b11fc4a86d5ac920703af4ad8f647c4d377dd0ba0d51a06dce0bd956,Bi Fe O3,Hg2 Mo O4,1.978,1.98,0.002,z_b > z_a,log(1 + exp(-(z_b - z_a)))
801,ADJACENT_STRICT_PBE_ORDER_V1,1.0,1078,1079,1273,179,current-nlr-pbe-gw-v1:composition:208ce3b7b11fc4a86d5ac920703af4ad8f647c4d377dd0ba0d51a06dce0bd956,current-nlr-pbe-gw-v1:composition:3fbf410bb2d859522a17e613fb9c75bfa78b72be9ae70c564ba8e0d07ea4a4e1,Hg2 Mo O4,Au Ba4 Na O8,1.98,1.982,0.002,z_b > z_a,log(1 + exp(-(z_b - z_a)))
802,ADJACENT_STRICT_PBE_ORDER_V1,1.0,1080,1081,79,900,current-nlr-pbe-gw-v1:composition:9e5506ed1f12e98fcffadcb09790637ba2c8759b2eec4cf1e799540900395fd0,current-nlr-pbe-gw-v1:composition:97c499bc81b8885aca623c18ba89573286e8e8c3fe3104eeb0fb17d326eef2f8,Al Fe O3,Cu La O8 W2,1.982,1.984,0.002,z_b > z_a,log(1 + exp(-(z_b - z_a)))
803,ADJACENT_STRICT_PBE_ORDER_V1,1.0,1081,1082,900,783,current-nlr-pbe-gw-v1:composition:97c499bc81b8885aca623c18ba89573286e8e8c3fe3104eeb0fb17d326eef2f8,current-nlr-pbe-gw-v1:composition:a40971c4556ef4a7b45771e31271efb1a2b5079f8f73c9f87c386891876c2b9c,Cu La O8 W2,Co2 O7 V2,1.984,1.985,0.001,z_b > z_a,log(1 + exp(-(z_b - z_a)))
804,ADJACENT_STRICT_PBE_ORDER_V1,1.0,1082,1083,783,1015,current-nlr-pbe-gw-v1:composition:a40971c4556ef4a7b45771e31271efb1a2b5079f8f73c9f87c386891876c2b9c,current-nlr-pbe-gw-v1:composition:4784c610d3ecb102c7626bae56e2bac91717818a7e32847619e9e62de70d2ba2,Co2 O7 V2,Fe K O2,1.985,1.986,0.001,z_b > z_a,log(1 + exp(-(z_b - z_a)))
805,ADJACENT_STRICT_PBE_ORDER_V1,1.0,1084,1085,1014,1004,current-nlr-pbe-gw-v1:composition:ee782382454b62359de5c7279103c9724f85c63614f14e1ab8d18faa21bf81d1,current-nlr-pbe-gw-v1:composition:d31aa6d3e8ab24a7a3e7e2aef92c01b1bde31329d7234df9b1d6297d95489ff8,Fe K Na4 O4,Fe Ga O3,1.986,1.987,0.001,z_b > z_a,log(1 + exp(-(z_b - z_a)))
806,ADJACENT_STRICT_PBE_ORDER_V1,1.0,1086,1087,1267,475,current-nlr-pbe-gw-v1:composition:d36ba10aa22a474d64ded135b90369ba53d6c0ddde203fdeffe0cfe7676c58bc,current-nlr-pbe-gw-v1:composition:0be32b9d6e48a457d847c374e4bee854b158a25185ac07f717793ea044a0d97a,Hg O2 Rb2,Ba4 O6 Pt,1.987,1.988,0.001,z_b > z_a,log(1 + exp(-(z_b - z_a)))
807,ADJACENT_STRICT_PBE_ORDER_V1,1.0,1087,1088,475,316,current-nlr-pbe-gw-v1:composition:0be32b9d6e48a457d847c374e4bee854b158a25185ac07f717793ea044a0d97a,current-nlr-pbe-gw-v1:composition:260ca2612db2289785338c96231a0d8cc0fd503fa6261f716099cb8fbc6e24ce,Ba4 O6 Pt,Ba O3 Ti,1.988,1.991,0.003,z_b > z_a,log(1 + exp(-(z_b - z_a)))
808,ADJACENT_STRICT_PBE_ORDER_V1,1.0,1088,1089,316,917,current-nlr-pbe-gw-v1:composition:260ca2612db2289785338c96231a0d8cc0fd503fa6261f716099cb8fbc6e24ce,current-nlr-pbe-gw-v1:composition:7907325cfdc09099e05c1b3062d9b63c0f79e18ad883bcc91e0eefd47b01405e,Ba O3 Ti,Cu Nb2 O6,1.991,1.992,0.001,z_b > z_a,log(1 + exp(-(z_b - z_a)))
809,ADJACENT_STRICT_PBE_ORDER_V1,1.0,1090,1091,230,1055,current-nlr-pbe-gw-v1:composition:e1fc9fd1943e5aa4493b8f2986b224d262b3b38e6008855c8c07f54861d9e7a1,current-nlr-pbe-gw-v1:composition:102411c1d9648bcd5f4006bcfb83f21f12431e7b6e1052173bb01b37e78fad71,Ba Cu O6 Si2,Fe O4 V,1.992,1.994,0.002,z_b > z_a,log(1 + exp(-(z_b - z_a)))
810,ADJACENT_STRICT_PBE_ORDER_V1,1.0,1091,1092,1055,1011,current-nlr-pbe-gw-v1:composition:102411c1d9648bcd5f4006bcfb83f21f12431e7b6e1052173bb01b37e78fad71,current-nlr-pbe-gw-v1:composition:841bffc113a45247e31bc1c1cdb799092cda4a0f7bd29bac5b94c39b16f00ff4,Fe O4 V,Fe K Mo2 O8,1.994,1.995,0.001,z_b > z_a,log(1 + exp(-(z_b - z_a)))
811,ADJACENT_STRICT_PBE_ORDER_V1,1.0,1092,1093,1011,994,current-nlr-pbe-gw-v1:composition:841bffc113a45247e31bc1c1cdb799092cda4a0f7bd29bac5b94c39b16f00ff4,current-nlr-pbe-gw-v1:composition:a0aadb7a3220fecc133e7e26d51d8df648c0e487f31b2b6104746b217b84b3ac,Fe K Mo2 O8,Cu6 La4 Mo9 O36,1.995,1.996,0.001,z_b > z_a,log(1 + exp(-(z_b - z_a)))
812,ADJACENT_STRICT_PBE_ORDER_V1,1.0,1093,1094,994,1659,current-nlr-pbe-gw-v1:composition:a0aadb7a3220fecc133e7e26d51d8df648c0e487f31b2b6104746b217b84b3ac,current-nlr-pbe-gw-v1:composition:aa20729b809f3c57299057a8d84e56677cb01619c7b213f3232601d2c253efd1,Cu6 La4 Mo9 O36,Mn3 Nb2 O9 Zn,1.996,1.997,0.001,z_b > z_a,log(1 + exp(-(z_b - z_a)))
813,ADJACENT_STRICT_PBE_ORDER_V1,1.0,1094,1095,1659,1755,current-nlr-pbe-gw-v1:composition:aa20729b809f3c57299057a8d84e56677cb01619c7b213f3232601d2c253efd1,current-nlr-pbe-gw-v1:composition:8e2d657425830db9cf71baf414ea8cba55185717042ee9dc7d7b1b160b7e8cce,Mn3 Nb2 O9 Zn,N4 O8 Te7,1.997,1.998,0.001,z_b > z_a,log(1 + exp(-(z_b - z_a)))
814,ADJACENT_STRICT_PBE_ORDER_V1,1.0,1095,1096,1755,1873,current-nlr-pbe-gw-v1:composition:8e2d657425830db9cf71baf414ea8cba55185717042ee9dc7d7b1b160b7e8cce,current-nlr-pbe-gw-v1:composition:15af09a773b57e967fc1f7e7517911d6194bae0b5a84c32cf5f011cf4d602bf7,N4 O8 Te7,Nb2 Ni4 O9,1.998,2.001,0.003,z_b > z_a,log(1 + exp(-(z_b - z_a)))
815,ADJACENT_STRICT_PBE_ORDER_V1,1.0,1097,1098,1667,1622,current-nlr-pbe-gw-v1:composition:2d131e3f5cdccde15004d08e34e5ab984dafdefff995617bf515ccfb777d7fc4,current-nlr-pbe-gw-v1:composition:d3c964257a99d67c9c74977b59fad6afe12cb347b89d6e30e2ac44162147cfe2,Mn4 O13 Sr7,Mn O4 Rb,2.001,2.006,0.005,z_b > z_a,log(1 + exp(-(z_b - z_a)))
816,ADJACENT_STRICT_PBE_ORDER_V1,1.0,1098,1099,1622,802,current-nlr-pbe-gw-v1:composition:d3c964257a99d67c9c74977b59fad6afe12cb347b89d6e30e2ac44162147cfe2,current-nlr-pbe-gw-v1:composition:357cf9246211efe2290f9e653e8f4fb47410d904860dbfe13b3831fcd96644c4,Mn O4 Rb,Cr Hg O6 Pb2,2.006,2.008,0.002,z_b > z_a,log(1 + exp(-(z_b - z_a)))
817,ADJACENT_STRICT_PBE_ORDER_V1,1.0,1099,1100,802,1415,current-nlr-pbe-gw-v1:composition:357cf9246211efe2290f9e653e8f4fb47410d904860dbfe13b3831fcd96644c4,current-nlr-pbe-gw-v1:composition:de8fb8f81b805aefd915ffdd95926f5f823b91db8da9ac451f4c9ddd60181f7f,Cr Hg O6 Pb2,K2 O2 Zn,2.008,2.01,0.002,z_b > z_a,log(1 + exp(-(z_b - z_a)))
818,ADJACENT_STRICT_PBE_ORDER_V1,1.0,1100,1101,1415,1,current-nlr-pbe-gw-v1:composition:de8fb8f81b805aefd915ffdd95926f5f823b91db8da9ac451f4c9ddd60181f7f,current-nlr-pbe-gw-v1:composition:8bd158e09b8a4812d983f8e61370c0bb11fe518cb6a69f34c682d2aa660fad93,K2 O2 Zn,Ag Au Ba4 O6,2.01,2.012,0.002,z_b > z_a,log(1 + exp(-(z_b - z_a)))
819,ADJACENT_STRICT_PBE_ORDER_V1,1.0,1101,1102,1,1567,current-nlr-pbe-gw-v1:composition:8bd158e09b8a4812d983f8e61370c0bb11fe518cb6a69f34c682d2aa660fad93,current-nlr-pbe-gw-v1:composition:dfa500e15c479ba4078f0e2ee7506110a0b40b210cdf8b19bef6f06c79ddbdda,Ag Au Ba4 O6,Mg O4 Rh2,2.012,2.013,0.001,z_b > z_a,log(1 + exp(-(z_b - z_a)))
820,ADJACENT_STRICT_PBE_ORDER_V1,1.0,1102,1103,1567,1050,current-nlr-pbe-gw-v1:composition:dfa500e15c479ba4078f0e2ee7506110a0b40b210cdf8b19bef6f06c79ddbdda,current-nlr-pbe-gw-v1:composition:2e42ab9f825514de8e1dfa6a665150b16ebb9bd89f07fa19006582c7e15dc39c,Mg O4 Rh2,Fe O3 Rb3,2.013,2.014,0.001,z_b > z_a,log(1 + exp(-(z_b - z_a)))
821,ADJACENT_STRICT_PBE_ORDER_V1,1.0,1103,1104,1050,1382,current-nlr-pbe-gw-v1:composition:2e42ab9f825514de8e1dfa6a665150b16ebb9bd89f07fa19006582c7e15dc39c,current-nlr-pbe-gw-v1:composition:3c68581e4217ac1848263f1e48615a60e668c6f0703b0aa8e78d8b7caff69165,Fe O3 Rb3,K O8 V3,2.014,2.017,0.003,z_b > z_a,log(1 + exp(-(z_b - z_a)))
822,ADJACENT_STRICT_PBE_ORDER_V1,1.0,1105,1106,232,2075,current-nlr-pbe-gw-v1:composition:62521e3354b6cba05e616c83150ca5385ef8997374b57be98b722b4c44f698bd,current-nlr-pbe-gw-v1:composition:7fb433cc270031b27c46fcbe64875fa65a34cbb5645b45b7534b5ade767795de,Ba Cu2 Ge2 O7,O5 V2,2.017,2.018,0.001,z_b > z_a,log(1 + exp(-(z_b - z_a)))
823,ADJACENT_STRICT_PBE_ORDER_V1,1.0,1107,1108,862,1922,current-nlr-pbe-gw-v1:composition:d6870fde3bc213851079139cef1f9a9594d225d657678f31731c201ec9e026f0,current-nlr-pbe-gw-v1:composition:bc1cfaa5f888aafc1ea3b83677d92548668ea654b8cee0234ac10524ab604955,Cr2 O13 V4,O Rb,2.018,2.019,0.001,z_b > z_a,log(1 + exp(-(z_b - z_a)))
824,ADJACENT_STRICT_PBE_ORDER_V1,1.0,1108,1109,1922,1151,current-nlr-pbe-gw-v1:composition:bc1cfaa5f888aafc1ea3b83677d92548668ea654b8cee0234ac10524ab604955,current-nlr-pbe-gw-v1:composition:0473f6d3730d03231247a3979afa420a0e0bbc7e7c1c38d3739dca84f3834a5d,O Rb,Ga2 O3,2.019,2.02,0.001,z_b > z_a,log(1 + exp(-(z_b - z_a)))
825,ADJACENT_STRICT_PBE_ORDER_V1,1.0,1109,1110,1151,1892,current-nlr-pbe-gw-v1:composition:0473f6d3730d03231247a3979afa420a0e0bbc7e7c1c38d3739dca84f3834a5d,current-nlr-pbe-gw-v1:composition:88d9bbc271a5644353422d578cbbfad5046cd28e2250e4d5b624f0cbebc558ca,Ga2 O3,Nb6 O16 Sr,2.02,2.021,0.001,z_b > z_a,log(1 + exp(-(z_b - z_a)))
826,ADJACENT_STRICT_PBE_ORDER_V1,1.0,1110,1111,1892,1664,current-nlr-pbe-gw-v1:composition:88d9bbc271a5644353422d578cbbfad5046cd28e2250e4d5b624f0cbebc558ca,current-nlr-pbe-gw-v1:composition:b4c0d8fd6fcc3f1bec4ddff280d6cab1b875969cc1683dcf94c2642856212305,Nb6 O16 Sr,Mn3 O6 W,2.021,2.023,0.002,z_b > z_a,log(1 + exp(-(z_b - z_a)))
827,ADJACENT_STRICT_PBE_ORDER_V1,1.0,1111,1112,1664,75,current-nlr-pbe-gw-v1:composition:b4c0d8fd6fcc3f1bec4ddff280d6cab1b875969cc1683dcf94c2642856212305,current-nlr-pbe-gw-v1:composition:49d1d2d18092d5cb263e53a68448d526b185c7cdb3464cdb3c172237e9ca051c,Mn3 O6 W,Al Ba2 In O5,2.023,2.025,0.002,z_b > z_a,log(1 + exp(-(z_b - z_a)))
828,ADJACENT_STRICT_PBE_ORDER_V1,1.0,1113,1114,1031,543,current-nlr-pbe-gw-v1:composition:92a032d5411858951cd147d09453764d3e6710706bb4cf8c5ee89ce81f6c41c5,current-nlr-pbe-gw-v1:composition:05f44f4a3e68a91a3559401b292c5f019405a833d32805a599fb5156213ceb54,Fe Mo O7 V,Ca In2 O4,2.025,2.027,0.002,z_b > z_a,log(1 + exp(-(z_b - z_a)))
829,ADJACENT_STRICT_PBE_ORDER_V1,1.0,1114,1115,543,512,current-nlr-pbe-gw-v1:composition:05f44f4a3e68a91a3559401b292c5f019405a833d32805a599fb5156213ceb54,current-nlr-pbe-gw-v1:composition:5ec46deb5528b5e263c8c8cd143fa21ec56766642cd2fdaf21eb01edbaeb1bd4,Ca In2 O4,Bi7 N O12,2.027,2.028,0.001,z_b > z_a,log(1 + exp(-(z_b - z_a)))
830,ADJACENT_STRICT_PBE_ORDER_V1,1.0,1115,1116,512,701,current-nlr-pbe-gw-v1:composition:5ec46deb5528b5e263c8c8cd143fa21ec56766642cd2fdaf21eb01edbaeb1bd4,current-nlr-pbe-gw-v1:composition:02c7de6003755bca40a8bbcbe0acf8059b25ac53e16abce802b30629ea29c0e6,Bi7 N O12,Cd9 O19 V4,2.028,2.03,0.002,z_b > z_a,log(1 + exp(-(z_b - z_a)))
831,ADJACENT_STRICT_PBE_ORDER_V1,1.0,1116,1117,701,1756,current-nlr-pbe-gw-v1:composition:02c7de6003755bca40a8bbcbe0acf8059b25ac53e16abce802b30629ea29c0e6,current-nlr-pbe-gw-v1:composition:a9071d626d1e6ae68a2a012852277745823355e6ea6e0c6b338642c59b70e135,Cd9 O19 V4,N4 O8 Ti7,2.03,2.031,0.001,z_b > z_a,log(1 + exp(-(z_b - z_a)))
832,ADJACENT_STRICT_PBE_ORDER_V1,1.0,1118,1119,1768,1159,current-nlr-pbe-gw-v1:composition:dbbbc23299b21245417d25b61148c58c24916604adb2e1057501c3b1080da357,current-nlr-pbe-gw-v1:composition:60e255226b59f98fe1d27d6185c3f4cea5a18148a3a2c1581ec5065bf1d46897,Na O2 Rh,Ga4 Ge O8,2.031,2.032,0.001,z_b > z_a,log(1 + exp(-(z_b - z_a)))
833,ADJACENT_STRICT_PBE_ORDER_V1,1.0,1119,1120,1159,2126,current-nlr-pbe-gw-v1:composition:60e255226b59f98fe1d27d6185c3f4cea5a18148a3a2c1581ec5065bf1d46897,current-nlr-pbe-gw-v1:composition:8cdf67c7dffc606bda9de61b1fb53cb71d44402ad21345d40e9ecccd74ba21cb,Ga4 Ge O8,O8 Rb V3,2.032,2.036,0.004,z_b > z_a,log(1 + exp(-(z_b - z_a)))
834,ADJACENT_STRICT_PBE_ORDER_V1,1.0,1120,1121,2126,1962,current-nlr-pbe-gw-v1:composition:8cdf67c7dffc606bda9de61b1fb53cb71d44402ad21345d40e9ecccd74ba21cb,current-nlr-pbe-gw-v1:composition:b4ff6818725532a876e4810d40c811485bd369d2d9c9bf79affe82097dd5508f,O8 Rb V3,O2 Pb Rb2,2.036,2.038,0.002,z_b > z_a,log(1 + exp(-(z_b - z_a)))
835,ADJACENT_STRICT_PBE_ORDER_V1,1.0,1124,1125,1746,753,current-nlr-pbe-gw-v1:composition:f7236f507b607fde693bc8b17d0a733bab1521a42934419b58224675ee990694,current-nlr-pbe-gw-v1:composition:ac5518ab1abc866c3039c29033425c8ded566395b68e25580161a7d65816387e,N2 O7 Ta4,Co O3 Ti,2.038,2.043,0.005,z_b > z_a,log(1 + exp(-(z_b - z_a)))
836,ADJACENT_STRICT_PBE_ORDER_V1,1.0,1125,1126,753,710,current-nlr-pbe-gw-v1:composition:ac5518ab1abc866c3039c29033425c8ded566395b68e25580161a7d65816387e,current-nlr-pbe-gw-v1:composition:88467e1077156c34db2b1b418028de1715e5644916dcf99900ba10a7a12883ad,Co O3 Ti,Cl Na3 O,2.043,2.045,0.002,z_b > z_a,log(1 + exp(-(z_b - z_a)))
837,ADJACENT_STRICT_PBE_ORDER_V1,1.0,1126,1127,710,927,current-nlr-pbe-gw-v1:composition:88467e1077156c34db2b1b418028de1715e5644916dcf99900ba10a7a12883ad,current-nlr-pbe-gw-v1:composition:d1f3d794ea01cf0f7ed73baaa5b2ff98708d9a6d19712e64fbadc0efd61d1927,Cl Na3 O,Cu O3 Si,2.045,2.046,0.001,z_b > z_a,log(1 + exp(-(z_b - z_a)))
838,ADJACENT_STRICT_PBE_ORDER_V1,1.0,1127,1128,927,744,current-nlr-pbe-gw-v1:composition:d1f3d794ea01cf0f7ed73baaa5b2ff98708d9a6d19712e64fbadc0efd61d1927,current-nlr-pbe-gw-v1:composition:7950375c4751d547621404bef841af50bc755270b8cb71318edc1081935e7b50,Cu O3 Si,Co Nb2 O9 Sr3,2.046,2.047,0.001,z_b > z_a,log(1 + exp(-(z_b - z_a)))
839,ADJACENT_STRICT_PBE_ORDER_V1,1.0,1130,1131,1405,1260,current-nlr-pbe-gw-v1:composition:b3de407c810689d48fc9d31d31d05c8593102d154e857a88c54e08df18a38858,current-nlr-pbe-gw-v1:composition:157386518fd03e02146faf894d98e566e3b0dd6dad819d4f44b469e8efc0e6bc,K2 Nb5 O15 Y,Hg K2 O2,2.047,2.05,0.003,z_b > z_a,log(1 + exp(-(z_b - z_a)))
840,ADJACENT_STRICT_PBE_ORDER_V1,1.0,1133,1134,1290,1766,current-nlr-pbe-gw-v1:composition:e255175a10cf6c88a09f8edbe92c9c528dd9d9724b52bd0a0ce7973ee4450195,current-nlr-pbe-gw-v1:composition:7d941483974e05f92f11dc8ee7686d6c48e6b37c53f3416ff69231567cf77b18,In K5 O4,Na O Rb,2.05,2.051,0.001,z_b > z_a,log(1 + exp(-(z_b - z_a)))
841,ADJACENT_STRICT_PBE_ORDER_V1,1.0,1135,1136,1300,1915,current-nlr-pbe-gw-v1:composition:ea72bc087793555df48405cbdf4fe606b680849cae0ce8e57fc199bf3b13f31a,current-nlr-pbe-gw-v1:composition:1f7bce7083a824f038b4c66f8af06941f1008d515c56dd780dc14264e56ce936,In O3 Y,Ni3 O8 V2,2.051,2.052,0.001,z_b > z_a,log(1 + exp(-(z_b - z_a)))
842,ADJACENT_STRICT_PBE_ORDER_V1,1.0,1136,1137,1915,1368,current-nlr-pbe-gw-v1:composition:1f7bce7083a824f038b4c66f8af06941f1008d515c56dd780dc14264e56ce936,current-nlr-pbe-gw-v1:composition:2b89c90cf5537f3ae1d7b518afa55cd309dfe4074b8bf114168dccbe71053983,Ni3 O8 V2,K Nb O3,2.052,2.053,0.001,z_b > z_a,log(1 + exp(-(z_b - z_a)))
843,ADJACENT_STRICT_PBE_ORDER_V1,1.0,1137,1138,1368,1440,current-nlr-pbe-gw-v1:composition:2b89c90cf5537f3ae1d7b518afa55cd309dfe4074b8bf114168dccbe71053983,current-nlr-pbe-gw-v1:composition:0d8e2752520c9a85a67dad6fe518d47e232af22d5bbde018be0d5de6f479a36d,K Nb O3,K2 O9 Sr V3,2.053,2.054,0.001,z_b > z_a,log(1 + exp(-(z_b - z_a)))
844,ADJACENT_STRICT_PBE_ORDER_V1,1.0,1138,1139,1440,1413,current-nlr-pbe-gw-v1:composition:0d8e2752520c9a85a67dad6fe518d47e232af22d5bbde018be0d5de6f479a36d,current-nlr-pbe-gw-v1:composition:2707382cdc2a2aa839949742e27d4a3e85ec44570f285365fd4c5ef2e3de47ea,K2 O9 Sr V3,K2 O2 Pb,2.054,2.055,0.001,z_b > z_a,log(1 + exp(-(z_b - z_a)))
845,ADJACENT_STRICT_PBE_ORDER_V1,1.0,1139,1140,1413,387,current-nlr-pbe-gw-v1:composition:2707382cdc2a2aa839949742e27d4a3e85ec44570f285365fd4c5ef2e3de47ea,current-nlr-pbe-gw-v1:composition:992204937b3d277c2e48f72522c5be8bed856ca0ff4535e5d9d155409122f7ba,K2 O2 Pb,Ba2 Mo Ni O6,2.055,2.056,0.001,z_b > z_a,log(1 + exp(-(z_b - z_a)))
846,ADJACENT_STRICT_PBE_ORDER_V1,1.0,1140,1141,387,1979,current-nlr-pbe-gw-v1:composition:992204937b3d277c2e48f72522c5be8bed856ca0ff4535e5d9d155409122f7ba,current-nlr-pbe-gw-v1:composition:5227efb847b26773e6735ebe317d0666e893f7f24c288fb2465d97e5c3d598b4,Ba2 Mo Ni O6,O2 Zn,2.056,2.057,0.001,z_b > z_a,log(1 + exp(-(z_b - z_a)))
847,ADJACENT_STRICT_PBE_ORDER_V1,1.0,1141,1142,1979,942,current-nlr-pbe-gw-v1:composition:5227efb847b26773e6735ebe317d0666e893f7f24c288fb2465d97e5c3d598b4,current-nlr-pbe-gw-v1:composition:ca9148c52e93d2f62b1594c0eb2882d45d13ec0382319a7108103da5e702792d,O2 Zn,Cu2 Fe2 Ge4 O13,2.057,2.061,0.004,z_b > z_a,log(1 + exp(-(z_b - z_a)))
848,ADJACENT_STRICT_PBE_ORDER_V1,1.0,1142,1143,942,386,current-nlr-pbe-gw-v1:composition:ca9148c52e93d2f62b1594c0eb2882d45d13ec0382319a7108103da5e702792d,current-nlr-pbe-gw-v1:composition:5bb6c3f91eada0c8be5aaf6a78a0aecedcf19aff2089e0648bfa2c8fb7edce75,Cu2 Fe2 Ge4 O13,Ba2 Mn2 O9 Si2,2.061,2.062,0.001,z_b > z_a,log(1 + exp(-(z_b - z_a)))
849,ADJACENT_STRICT_PBE_ORDER_V1,1.0,1143,1144,386,1023,current-nlr-pbe-gw-v1:composition:5bb6c3f91eada0c8be5aaf6a78a0aecedcf19aff2089e0648bfa2c8fb7edce75,current-nlr-pbe-gw-v1:composition:ac724e4e4117470d2ea1b1ed778de3b97ccab80b9fd7096432c0defbf906df18,Ba2 Mn2 O9 Si2,Fe La O3,2.062,2.064,0.002,z_b > z_a,log(1 + exp(-(z_b - z_a)))
850,ADJACENT_STRICT_PBE_ORDER_V1,1.0,1144,1145,1023,2027,current-nlr-pbe-gw-v1:composition:ac724e4e4117470d2ea1b1ed778de3b97ccab80b9fd7096432c0defbf906df18,current-nlr-pbe-gw-v1:composition:8a55715f0409f3d2899677adfa3ea69bac5d2871177e38f19d7c18eeec9a694a,Fe La O3,O4 Pb2 Sn,2.064,2.066,0.002,z_b > z_a,log(1 + exp(-(z_b - z_a)))
851,ADJACENT_STRICT_PBE_ORDER_V1,1.0,1146,1147,189,1417,current-nlr-pbe-gw-v1:composition:f0511849c7914d2a1b3b2e3dcd7ff08f63cb7f775967b3dc50745496edeeb797,current-nlr-pbe-gw-v1:composition:d03b6d9775b267874026260a55c18587644cacb58144d1da53467af212ead965,Au Na3 O2,K2 O3 Pb2,2.066,2.067,0.001,z_b > z_a,log(1 + exp(-(z_b - z_a)))
852,ADJACENT_STRICT_PBE_ORDER_V1,1.0,1147,1148,1417,827,current-nlr-pbe-gw-v1:composition:d03b6d9775b267874026260a55c18587644cacb58144d1da53467af212ead965,current-nlr-pbe-gw-v1:composition:be3b788cbabd8bc7bf070e95fb7ec4592b69fe0f48eeae402741f9b6cf253a12,K2 O3 Pb2,Cr O3,2.067,2.071,0.004,z_b > z_a,log(1 + exp(-(z_b - z_a)))
853,ADJACENT_STRICT_PBE_ORDER_V1,1.0,1148,1149,827,1270,current-nlr-pbe-gw-v1:composition:be3b788cbabd8bc7bf070e95fb7ec4592b69fe0f48eeae402741f9b6cf253a12,current-nlr-pbe-gw-v1:composition:4c953a2e28d07b849519f0b5ed2b5130af26f6d076df5130ff497018e8ffcb94,Cr O3,Hg O3 V,2.071,2.075,0.004,z_b > z_a,log(1 + exp(-(z_b - z_a)))
854,ADJACENT_STRICT_PBE_ORDER_V1,1.0,1149,1150,1270,2088,current-nlr-pbe-gw-v1:composition:4c953a2e28d07b849519f0b5ed2b5130af26f6d076df5130ff497018e8ffcb94,current-nlr-pbe-gw-v1:composition:34f8189a565f10bcea11c9ae5af888a622e0dbf10ba697ff4e97208dd4af9ff6,Hg O3 V,O6 Sn3 W,2.075,2.076,0.001,z_b > z_a,log(1 + exp(-(z_b - z_a)))
855,ADJACENT_STRICT_PBE_ORDER_V1,1.0,1150,1151,2088,299,current-nlr-pbe-gw-v1:composition:34f8189a565f10bcea11c9ae5af888a622e0dbf10ba697ff4e97208dd4af9ff6,current-nlr-pbe-gw-v1:composition:190d0f6b1b7d60984c823cbcccbff6f27477d38d1acbbaadac1ab09bf4709cba,O6 Sn3 W,Ba O,2.076,2.077,0.001,z_b > z_a,log(1 + exp(-(z_b - z_a)))
856,ADJACENT_STRICT_PBE_ORDER_V1,1.0,1152,1153,1845,1302,current-nlr-pbe-gw-v1:composition:a70bb1a4dc3f24120a1739d231d00ee195f252f2d93b0c5c0b91b3395a0cd904,current-nlr-pbe-gw-v1:composition:b816e435c85358241b7bf294509e4b88bc40a623f6bc05a5d0fb1e913f97387c,Na4 O4 Sn,In O6 Rh Sr3,2.077,2.079,0.002,z_b > z_a,log(1 + exp(-(z_b - z_a)))
857,ADJACENT_STRICT_PBE_ORDER_V1,1.0,1154,1155,1871,197,current-nlr-pbe-gw-v1:composition:fc6bf147d3ab1d490e5af390513b6899194e91f3a72467a6a222fad983a498c9,current-nlr-pbe-gw-v1:composition:6ffe25daa7a43f6ad761435dafcb80e999544fcce23dd3b4ab5fb6b6d352a44b,Nb12 O33 W,Au2 La4 O9,2.079,2.08,0.001,z_b > z_a,log(1 + exp(-(z_b - z_a)))
858,ADJACENT_STRICT_PBE_ORDER_V1,1.0,1155,1156,197,1974,current-nlr-pbe-gw-v1:composition:6ffe25daa7a43f6ad761435dafcb80e999544fcce23dd3b4ab5fb6b6d352a44b,current-nlr-pbe-gw-v1:composition:7055f8999e1e81a80d2ff33efc3a425354710da69a70fb2df0bbd55481fc433d,Au2 La4 O9,O2 Sr Zn,2.08,2.082,0.002,z_b > z_a,log(1 + exp(-(z_b - z_a)))
859,ADJACENT_STRICT_PBE_ORDER_V1,1.0,1156,1157,1974,1912,current-nlr-pbe-gw-v1:composition:7055f8999e1e81a80d2ff33efc3a425354710da69a70fb2df0bbd55481fc433d,current-nlr-pbe-gw-v1:composition:37018ee35dc87c769607bf5c78e62f28757de9ab2a0d90206044a4f09879af2b,O2 Sr Zn,Ni2 O7 V2,2.082,2.086,0.004,z_b > z_a,log(1 + exp(-(z_b - z_a)))
860,ADJACENT_STRICT_PBE_ORDER_V1,1.0,1157,1158,1912,1833,current-nlr-pbe-gw-v1:composition:37018ee35dc87c769607bf5c78e62f28757de9ab2a0d90206044a4f09879af2b,current-nlr-pbe-gw-v1:composition:56819ddf10f25b4dd7ae33b91292a5bcb0cb225a950b5a7b607214969cf5a622,Ni2 O7 V2,Na2 O9 Sr V3,2.086,2.088,0.002,z_b > z_a,log(1 + exp(-(z_b - z_a)))
861,ADJACENT_STRICT_PBE_ORDER_V1,1.0,1158,1159,1833,1875,current-nlr-pbe-gw-v1:composition:56819ddf10f25b4dd7ae33b91292a5bcb0cb225a950b5a7b607214969cf5a622,current-nlr-pbe-gw-v1:composition:cd7fd14df01a62f71d5f19833c1124151add66c2f0b724a9c63da65423d587af,Na2 O9 Sr V3,Nb2 O5,2.088,2.09,0.002,z_b > z_a,log(1 + exp(-(z_b - z_a)))
862,ADJACENT_STRICT_PBE_ORDER_V1,1.0,1159,1160,1875,1712,current-nlr-pbe-gw-v1:composition:cd7fd14df01a62f71d5f19833c1124151add66c2f0b724a9c63da65423d587af,current-nlr-pbe-gw-v1:composition:8b0c36b9562c1c802496a72b5381119f2558c82380117c41d5f0daf61efb7cad,Nb2 O5,Mo3 O8 Zn2,2.09,2.093,0.003,z_b > z_a,log(1 + exp(-(z_b - z_a)))
863,ADJACENT_STRICT_PBE_ORDER_V1,1.0,1160,1161,1712,1665,current-nlr-pbe-gw-v1:composition:8b0c36b9562c1c802496a72b5381119f2558c82380117c41d5f0daf61efb7cad,current-nlr-pbe-gw-v1:composition:351e1bde6604300eda9f51611b042e7ea4d74f998302f1a1d9ce3315ef593e4e,Mo3 O8 Zn2,Mn3 O8 V2,2.093,2.095,0.002,z_b > z_a,log(1 + exp(-(z_b - z_a)))
864,ADJACENT_STRICT_PBE_ORDER_V1,1.0,1161,1162,1665,1353,current-nlr-pbe-gw-v1:composition:351e1bde6604300eda9f51611b042e7ea4d74f998302f1a1d9ce3315ef593e4e,current-nlr-pbe-gw-v1:composition:3662dd0a6038a5e708a78f31fd46f3eebf0dc8ec560d6814fa87e5aaef9d630d,Mn3 O8 V2,K Mn O2,2.095,2.099,0.004,z_b > z_a,log(1 + exp(-(z_b - z_a)))
865,ADJACENT_STRICT_PBE_ORDER_V1,1.0,1162,1163,1353,1078,current-nlr-pbe-gw-v1:composition:3662dd0a6038a5e708a78f31fd46f3eebf0dc8ec560d6814fa87e5aaef9d630d,current-nlr-pbe-gw-v1:composition:947210a75742f3ef5c53838ab3d379c6f7256584b6bdd94200d1cd229d67b821,K Mn O2,Fe2 Mo3 O12,2.099,2.102,0.003,z_b > z_a,log(1 + exp(-(z_b - z_a)))
866,ADJACENT_STRICT_PBE_ORDER_V1,1.0,1163,1164,1078,784,current-nlr-pbe-gw-v1:composition:947210a75742f3ef5c53838ab3d379c6f7256584b6bdd94200d1cd229d67b821,current-nlr-pbe-gw-v1:composition:0c7b4d533f43ec622e9c9c4ab605a5e2e0a7fd01daeb29ad41a2923018c48efb,Fe2 Mo3 O12,Co2 O8 Sr V2,2.102,2.104,0.002,z_b > z_a,log(1 + exp(-(z_b - z_a)))
867,ADJACENT_STRICT_PBE_ORDER_V1,1.0,1164,1165,784,1193,current-nlr-pbe-gw-v1:composition:0c7b4d533f43ec622e9c9c4ab605a5e2e0a7fd01daeb29ad41a2923018c48efb,current-nlr-pbe-gw-v1:composition:0faa91c07f2baedcecee84730da813cef84908ceaea93de55023169412e06944,Co2 O8 Sr V2,Ge O3 Zn,2.104,2.106,0.002,z_b > z_a,log(1 + exp(-(z_b - z_a)))
868,ADJACENT_STRICT_PBE_ORDER_V1,1.0,1166,1167,1790,1692,current-nlr-pbe-gw-v1:composition:4cad76884989e7bbf8b68ec0931883a44468700e325fa6afc5db0089f108476c,current-nlr-pbe-gw-v1:composition:3c709aced8e0d17a3d87eb77768bb8a8f7006f91b6384fe4da511944fc97c482,Na O6 Si2 V,Mo O5 V,2.106,2.107,0.001,z_b > z_a,log(1 + exp(-(z_b - z_a)))
869,ADJACENT_STRICT_PBE_ORDER_V1,1.0,1167,1168,1692,20,current-nlr-pbe-gw-v1:composition:3c709aced8e0d17a3d87eb77768bb8a8f7006f91b6384fe4da511944fc97c482,current-nlr-pbe-gw-v1:composition:6917b4a589ab1da0277d757f4a9ad36c08fa444c58bc2ac1ae58b123a48bd11c,Mo O5 V,Ag Mn O4 V,2.107,2.109,0.002,z_b > z_a,log(1 + exp(-(z_b - z_a)))
870,ADJACENT_STRICT_PBE_ORDER_V1,1.0,1168,1169,20,1807,current-nlr-pbe-gw-v1:composition:6917b4a589ab1da0277d757f4a9ad36c08fa444c58bc2ac1ae58b123a48bd11c,current-nlr-pbe-gw-v1:composition:1a38da829036e1e5b534603d225ad5fca41b4f9eee57d37ead07e727de0b4142,Ag Mn O4 V,Na2 O2 Pt,2.109,2.11,0.001,z_b > z_a,log(1 + exp(-(z_b - z_a)))
871,ADJACENT_STRICT_PBE_ORDER_V1,1.0,1169,1170,1807,2040,current-nlr-pbe-gw-v1:composition:1a38da829036e1e5b534603d225ad5fca41b4f9eee57d37ead07e727de0b4142,current-nlr-pbe-gw-v1:composition:7336d265a121541c496153d04a504e0366811cd93d62d48064e1cbc21b056a6f,Na2 O2 Pt,O4 Si Sn2,2.11,2.111,0.001,z_b > z_a,log(1 + exp(-(z_b - z_a)))
872,ADJACENT_STRICT_PBE_ORDER_V1,1.0,1170,1171,2040,961,current-nlr-pbe-gw-v1:composition:7336d265a121541c496153d04a504e0366811cd93d62d48064e1cbc21b056a6f,current-nlr-pbe-gw-v1:composition:0b73cc60e8b5c438a30d4f5c9a6517f7ba093b5274412a0aacf075eb406f4eb2,O4 Si Sn2,Cu2 O2 Sr,2.111,2.112,0.001,z_b > z_a,log(1 + exp(-(z_b - z_a)))
873,ADJACENT_STRICT_PBE_ORDER_V1,1.0,1172,1173,1053,768,current-nlr-pbe-gw-v1:composition:64e86e63b12de724a02de49139c1ada3fde4f7680def0afae4a018512aee06c7,current-nlr-pbe-gw-v1:composition:8835f014a0784ca4299ca953a6aa515f2c4ec943fb72f2949e5f4ef6405256ed,Fe O3 Y,Co2 Mg O4,2.112,2.113,0.001,z_b > z_a,log(1 + exp(-(z_b - z_a)))
874,ADJACENT_STRICT_PBE_ORDER_V1,1.0,1173,1174,768,683,current-nlr-pbe-gw-v1:composition:8835f014a0784ca4299ca953a6aa515f2c4ec943fb72f2949e5f4ef6405256ed,current-nlr-pbe-gw-v1:composition:69214a4767c6848e2d0d9f0b1f068e346ff5b6442e9fb2e9368862c629d7230d,Co2 Mg O4,Cd2 Ge7 O16,2.113,2.121,0.008,z_b > z_a,log(1 + exp(-(z_b - z_a)))
875,ADJACENT_STRICT_PBE_ORDER_V1,1.0,1175,1176,1090,830,current-nlr-pbe-gw-v1:composition:a7182f80b0dcf61a94b4c490d43896960562275476d880a5c0f111dc0b75b62d,current-nlr-pbe-gw-v1:composition:32e543d1aa7e332e3e8f0419ffb995b06b7efb17946ffd80380113c555f12731,Fe2 O4 Si,Cr O4 Pb,2.121,2.124,0.003,z_b > z_a,log(1 + exp(-(z_b - z_a)))
876,ADJACENT_STRICT_PBE_ORDER_V1,1.0,1177,1178,1020,1054,current-nlr-pbe-gw-v1:composition:408eec62f86b0b9a3d5f39251de36d387453a808905f342f2a3305806baa3191,current-nlr-pbe-gw-v1:composition:bde9cc20cc541d1ae249ed1084349519742518352cff1a8469b41249678082fd,Fe K3 O3,Fe O3 Zr,2.124,2.126,0.002,z_b > z_a,log(1 + exp(-(z_b - z_a)))
877,ADJACENT_STRICT_PBE_ORDER_V1,1.0,1178,1179,1054,909,current-nlr-pbe-gw-v1:composition:bde9cc20cc541d1ae249ed1084349519742518352cff1a8469b41249678082fd,current-nlr-pbe-gw-v1:composition:37593b14c18b8ccd2db3613ce8fbd60911193e01c93ed75d949a5c62f17750a4,Fe O3 Zr,Cu Mo3 Na4 O12,2.126,2.129,0.003,z_b > z_a,log(1 + exp(-(z_b - z_a)))
878,ADJACENT_STRICT_PBE_ORDER_V1,1.0,1179,1180,909,1286,current-nlr-pbe-gw-v1:composition:37593b14c18b8ccd2db3613ce8fbd60911193e01c93ed75d949a5c62f17750a4,current-nlr-pbe-gw-v1:composition:2d6c55a37ea7c6de0ad41b32f3b03a0925eb4bb1eb85185ef2c3564fd1f9d1db,Cu Mo3 Na4 O12,In K O2,2.129,2.134,0.005,z_b > z_a,log(1 + exp(-(z_b - z_a)))
879,ADJACENT_STRICT_PBE_ORDER_V1,1.0,1180,1181,1286,280,current-nlr-pbe-gw-v1:composition:2d6c55a37ea7c6de0ad41b32f3b03a0925eb4bb1eb85185ef2c3564fd1f9d1db,current-nlr-pbe-gw-v1:composition:0cc0e735fdb067849a724d612002fe07a5b3bc7c98da80c09624d0ef59af896b,In K O2,Ba Mn2 O8 V2,2.134,2.139,0.005,z_b > z_a,log(1 + exp(-(z_b - z_a)))
880,ADJACENT_STRICT_PBE_ORDER_V1,1.0,1182,1183,702,183,current-nlr-pbe-gw-v1:composition:f5d9c456c6404b3e8859381ea4b5a0c65310e8f8207b3c56a1b3d3d2dbcd06e2,current-nlr-pbe-gw-v1:composition:2123e93f678b5e1ec5a4b40092ce8669c72a8ac91577841b730e29bcb658e12a,Ce Mg O3,Au K Na2 O2,2.139,2.14,0.001,z_b > z_a,log(1 + exp(-(z_b - z_a)))
881,ADJACENT_STRICT_PBE_ORDER_V1,1.0,1183,1184,183,340,current-nlr-pbe-gw-v1:composition:2123e93f678b5e1ec5a4b40092ce8669c72a8ac91577841b730e29bcb658e12a,current-nlr-pbe-gw-v1:composition:97003e39fc559c1f94598e5da032d4136808232a8c6605da9f890e0270e1e640,Au K Na2 O2,Ba2 Ca Mo O6,2.14,2.143,0.003,z_b > z_a,log(1 + exp(-(z_b - z_a)))
882,ADJACENT_STRICT_PBE_ORDER_V1,1.0,1185,1186,348,1984,current-nlr-pbe-gw-v1:composition:c0efb802ab3c9d7f51fc350851500c5fe4941bf5eff08e4dc4dd956699147d33,current-nlr-pbe-gw-v1:composition:ce033c08ff973ce42aa6237312c8ac2a558851ef7af1adc02be26df3f9c7b192,Ba2 Cr Nb O6,O22 Si4 Sr4 Ti5,2.143,2.149,0.006,z_b > z_a,log(1 + exp(-(z_b - z_a)))
883,ADJACENT_STRICT_PBE_ORDER_V1,1.0,1186,1187,1984,1419,current-nlr-pbe-gw-v1:composition:ce033c08ff973ce42aa6237312c8ac2a558851ef7af1adc02be26df3f9c7b192,current-nlr-pbe-gw-v1:composition:edee6d2345eb66f7feae4d7652495002d5a04abc710114182abc77d7483b726f,O22 Si4 Sr4 Ti5,K2 O3 Sn,2.149,2.154,0.005,z_b > z_a,log(1 + exp(-(z_b - z_a)))
884,ADJACENT_STRICT_PBE_ORDER_V1,1.0,1187,1188,1419,822,current-nlr-pbe-gw-v1:composition:edee6d2345eb66f7feae4d7652495002d5a04abc710114182abc77d7483b726f,current-nlr-pbe-gw-v1:composition:036e7861773c979cea7f7923bfa2e07b6ccd4f06b85d6a2c2003da303bc5a30a,K2 O3 Sn,Cr Na O8 W2,2.154,2.156,0.002,z_b > z_a,log(1 + exp(-(z_b - z_a)))
885,ADJACENT_STRICT_PBE_ORDER_V1,1.0,1188,1189,822,1743,current-nlr-pbe-gw-v1:composition:036e7861773c979cea7f7923bfa2e07b6ccd4f06b85d6a2c2003da303bc5a30a,current-nlr-pbe-gw-v1:composition:352ced27af2d25409371819b12491a9445fe8a3e0cdf161ed3bfb622927bd2f0,Cr Na O8 W2,N2 O Ti2,2.156,2.158,0.002,z_b > z_a,log(1 + exp(-(z_b - z_a)))
886,ADJACENT_STRICT_PBE_ORDER_V1,1.0,1189,1190,1743,215,current-nlr-pbe-gw-v1:composition:352ced27af2d25409371819b12491a9445fe8a3e0cdf161ed3bfb622927bd2f0,current-nlr-pbe-gw-v1:composition:59743eb4be991ac01f880957a4cd0bd926152136002610b1e84aec32f520cad2,N2 O Ti2,Ba Co O5 Y2,2.158,2.159,0.001,z_b > z_a,log(1 + exp(-(z_b - z_a)))
887,ADJACENT_STRICT_PBE_ORDER_V1,1.0,1190,1191,215,1202,current-nlr-pbe-gw-v1:composition:59743eb4be991ac01f880957a4cd0bd926152136002610b1e84aec32f520cad2,current-nlr-pbe-gw-v1:composition:44b199ffa58cd0fc18492e16de5ba7235b463eb5fa1e68d1886385f1a805eb5e,Ba Co O5 Y2,Ge O7 Pb5,2.159,2.16,0.001,z_b > z_a,log(1 + exp(-(z_b - z_a)))
888,ADJACENT_STRICT_PBE_ORDER_V1,1.0,1192,1193,447,1467,current-nlr-pbe-gw-v1:composition:c3ae1308dc65135a90cac92aa7eb7b467c9271fa83789846b546c5b6676a4350,current-nlr-pbe-gw-v1:composition:668b50006c3ae0202196c67ef19685f3dcf3f3489438a4c2e11494b8dd0011c2,Ba3 Nb4 O15 Ti,K4 O3 Sn,2.16,2.162,0.002,z_b > z_a,log(1 + exp(-(z_b - z_a)))
889,ADJACENT_STRICT_PBE_ORDER_V1,1.0,1193,1194,1467,480,current-nlr-pbe-gw-v1:composition:668b50006c3ae0202196c67ef19685f3dcf3f3489438a4c2e11494b8dd0011c2,current-nlr-pbe-gw-v1:composition:a08a2ca653f3dd22ab71c6ae7947eeac9dba73ccaec2e0390a2aa1c771e03d80,K4 O3 Sn,Ba5 O9 Pt2,2.162,2.163,0.001,z_b > z_a,log(1 + exp(-(z_b - z_a)))
890,ADJACENT_STRICT_PBE_ORDER_V1,1.0,1195,1196,188,511,current-nlr-pbe-gw-v1:composition:c7490a724392abe8fd1c64aaa58cbe7253b846e76a07c64425d9fbfb9ced9bea,current-nlr-pbe-gw-v1:composition:48a28b53751d8308a768aed52d5e1789883fb7048d68f3ce065d37b64b600694,Au Na2 O2 Rb,Bi2 O4 Zn,2.163,2.169,0.006,z_b > z_a,log(1 + exp(-(z_b - z_a)))
891,ADJACENT_STRICT_PBE_ORDER_V1,1.0,1196,1197,511,730,current-nlr-pbe-gw-v1:composition:48a28b53751d8308a768aed52d5e1789883fb7048d68f3ce065d37b64b600694,current-nlr-pbe-gw-v1:composition:93fc348e1dfe7f5023ae208be1b6652ac876c1734d84af8669cd57c591692c0e,Bi2 O4 Zn,Co Li O2,2.169,2.171,0.002,z_b > z_a,log(1 + exp(-(z_b - z_a)))
892,ADJACENT_STRICT_PBE_ORDER_V1,1.0,1197,1198,730,1908,current-nlr-pbe-gw-v1:composition:93fc348e1dfe7f5023ae208be1b6652ac876c1734d84af8669cd57c591692c0e,current-nlr-pbe-gw-v1:composition:66150fe0eaf3502acea29cf113513db82dfcd38fea78e00295f6e2e30f300ffa,Co Li O2,Ni O6 Sr2 W,2.171,2.174,0.003,z_b > z_a,log(1 + exp(-(z_b - z_a)))
893,ADJACENT_STRICT_PBE_ORDER_V1,1.0,1198,1199,1908,1051,current-nlr-pbe-gw-v1:composition:66150fe0eaf3502acea29cf113513db82dfcd38fea78e00295f6e2e30f300ffa,current-nlr-pbe-gw-v1:composition:a9c29e0d23adae8c792dc59eab56174cc7aa9d5b9585b240a24f756136f09a8d,Ni O6 Sr2 W,Fe O3 Si,2.174,2.176,0.002,z_b > z_a,log(1 + exp(-(z_b - z_a)))
894,ADJACENT_STRICT_PBE_ORDER_V1,1.0,1199,1200,1051,234,current-nlr-pbe-gw-v1:composition:a9c29e0d23adae8c792dc59eab56174cc7aa9d5b9585b240a24f756136f09a8d,current-nlr-pbe-gw-v1:composition:5d3a3b415191adb8c37b69280421a6284ff23d640555f7bd285b8b57c8204946,Fe O3 Si,Ba Cu2 O7 Si2,2.176,2.177,0.001,z_b > z_a,log(1 + exp(-(z_b - z_a)))
895,ADJACENT_STRICT_PBE_ORDER_V1,1.0,1201,1202,649,1359,current-nlr-pbe-gw-v1:composition:faa3f01de5e840bf43efac1afd55f4ab466a154908d1500644560130bd169c17,current-nlr-pbe-gw-v1:composition:e19779f98ca748434e381ef66dba2ba58f20e5143c19332e103a4d189cc0646d,Cd Cr O4,K Na O,2.177,2.179,0.002,z_b > z_a,log(1 + exp(-(z_b - z_a)))
896,ADJACENT_STRICT_PBE_ORDER_V1,1.0,1202,1203,1359,1656,current-nlr-pbe-gw-v1:composition:e19779f98ca748434e381ef66dba2ba58f20e5143c19332e103a4d189cc0646d,current-nlr-pbe-gw-v1:composition:98a364db68ec581f7df41e5d5aef5033a2d8218090f23ffb84f5ea30860bf4da,K Na O,Mn2 O8 Sr V2,2.179,2.18,0.001,z_b > z_a,log(1 + exp(-(z_b - z_a)))
897,ADJACENT_STRICT_PBE_ORDER_V1,1.0,1204,1205,1581,1274,current-nlr-pbe-gw-v1:composition:cfb5096ecb0ef08545bc26ae69e712d23df01a0c7bd3e858fdf6e01df5eca649,current-nlr-pbe-gw-v1:composition:bb8626686aada47c47548cebc1a4071990fd8ba558bf07c2c275d877e9e71659,Mg2 Mo3 O8,Hg2 Mo2 O7,2.18,2.181,0.001,z_b > z_a,log(1 + exp(-(z_b - z_a)))
898,ADJACENT_STRICT_PBE_ORDER_V1,1.0,1205,1206,1274,818,current-nlr-pbe-gw-v1:composition:bb8626686aada47c47548cebc1a4071990fd8ba558bf07c2c275d877e9e71659,current-nlr-pbe-gw-v1:composition:98679fd5c29879afdc6941c6377b24bcc1ef97b7c4af6b5ff33212a81637a561,Hg2 Mo2 O7,Cr Mo O7 V,2.181,2.183,0.002,z_b > z_a,log(1 + exp(-(z_b - z_a)))
899,ADJACENT_STRICT_PBE_ORDER_V1,1.0,1207,1208,594,542,current-nlr-pbe-gw-v1:composition:99bb3500b218694910b73a8bbb0aaf83dc4eb102aa82d19aa95e9cbb1968571d,current-nlr-pbe-gw-v1:composition:3eebeb3cd5c45e4871f928f9520b2c9f1cc7fd54c00f76fe9eed1cf56ff11440,Ca2 Ga2 O5,Ca Hg O2,2.183,2.188,0.005,z_b > z_a,log(1 + exp(-(z_b - z_a)))
900,ADJACENT_STRICT_PBE_ORDER_V1,1.0,1208,1209,542,2033,current-nlr-pbe-gw-v1:composition:3eebeb3cd5c45e4871f928f9520b2c9f1cc7fd54c00f76fe9eed1cf56ff11440,current-nlr-pbe-gw-v1:composition:99af76a43c71e043186e67d9a54be3d26aa472bdac02af7d66e90c048c2ad1e1,Ca Hg O2,O4 Rb4 Sn,2.188,2.19,0.002,z_b > z_a,log(1 + exp(-(z_b - z_a)))
901,ADJACENT_STRICT_PBE_ORDER_V1,1.0,1210,1211,723,1038,current-nlr-pbe-gw-v1:composition:b47350b36fb800be79471209658e2a8f62c50c8559a8fd40a0d58d921766a28f,current-nlr-pbe-gw-v1:composition:0cf18556a2c990dc7b37a7c817bfc62b6c272a66991b85e50ad3d456291736e4,Co K2 O2,Fe Na O8 W2,2.19,2.192,0.002,z_b > z_a,log(1 + exp(-(z_b - z_a)))
902,ADJACENT_STRICT_PBE_ORDER_V1,1.0,1213,1214,193,2004,current-nlr-pbe-gw-v1:composition:c3788abf5201bb1571d7077f6714eb1a080d97deb6dd3dc41c671b69a8180555,current-nlr-pbe-gw-v1:composition:7dd31d64ed4c2a34d10203aaaefbc971e895236e54feac9cf71ef248f1054edb,Au O2 Sc,O3 Sb2,2.192,2.194,0.002,z_b > z_a,log(1 + exp(-(z_b - z_a)))
903,ADJACENT_STRICT_PBE_ORDER_V1,1.0,1215,1216,1275,1040,current-nlr-pbe-gw-v1:composition:f02bceedf627b04771c249a8552ba67a864f5db4ae60adeb9c47ac5ae1f584ef,current-nlr-pbe-gw-v1:composition:d387d5e68c7bb81807974f0f738d51f8734a7b4d046dfd72f596381be824bf2b,Hg2 Mo5 O16,Fe Na3 O3,2.194,2.196,0.002,z_b > z_a,log(1 + exp(-(z_b - z_a)))
904,ADJACENT_STRICT_PBE_ORDER_V1,1.0,1216,1217,1040,1012,current-nlr-pbe-gw-v1:composition:d387d5e68c7bb81807974f0f738d51f8734a7b4d046dfd72f596381be824bf2b,current-nlr-pbe-gw-v1:composition:dd8bc96cbb58178ca96cc05401fe790f791511e7a63a70ac8e19ae0c63d5541d,Fe Na3 O3,Fe K Na O10 Si4,2.196,2.198,0.002,z_b > z_a,log(1 + exp(-(z_b - z_a)))
905,ADJACENT_STRICT_PBE_ORDER_V1,1.0,1217,1218,1012,1493,current-nlr-pbe-gw-v1:composition:dd8bc96cbb58178ca96cc05401fe790f791511e7a63a70ac8e19ae0c63d5541d,current-nlr-pbe-gw-v1:composition:e79f07796c71420f51ca806c40892263bc308766ed9483c1aad680372e8bc399,Fe K Na O10 Si4,La Nb2 O7 Rb,2.198,2.2,0.002,z_b > z_a,log(1 + exp(-(z_b - z_a)))
906,ADJACENT_STRICT_PBE_ORDER_V1,1.0,1218,1219,1493,797,current-nlr-pbe-gw-v1:composition:e79f07796c71420f51ca806c40892263bc308766ed9483c1aad680372e8bc399,current-nlr-pbe-gw-v1:composition:23dae1a0b26ebe02c60201c9521e57481521b5be8569d95d008d076bef4ed436,La Nb2 O7 Rb,Cr Cu O2,2.2,2.201,0.001,z_b > z_a,log(1 + exp(-(z_b - z_a)))
907,ADJACENT_STRICT_PBE_ORDER_V1,1.0,1222,1223,1143,780,current-nlr-pbe-gw-v1:composition:ea199d711be6c6296cac740518e163c83b6465a7daae6c3a2355b4b7e09238ee,current-nlr-pbe-gw-v1:composition:518e89f995bf7bebf525b25004d687c0849c11909c3f8cfcee643ef70767c7b1,Ga2 Ge4 O14 Pb3,Co2 O4 Si,2.201,2.204,0.003,z_b > z_a,log(1 + exp(-(z_b - z_a)))
908,ADJACENT_STRICT_PBE_ORDER_V1,1.0,1223,1224,780,2069,current-nlr-pbe-gw-v1:composition:518e89f995bf7bebf525b25004d687c0849c11909c3f8cfcee643ef70767c7b1,current-nlr-pbe-gw-v1:composition:6a14a8b8b916ecba0e37e48b18198d299f6dfe6841ef120fd5acba52f8790110,Co2 O4 Si,O5 Sn2 W,2.204,2.205,0.001,z_b > z_a,log(1 + exp(-(z_b - z_a)))
909,ADJACENT_STRICT_PBE_ORDER_V1,1.0,1225,1226,1900,1006,current-nlr-pbe-gw-v1:composition:aa6d2673163162809fb2d70abf4078e09c74e8d434dbf2ed9b6825b09ba23421,current-nlr-pbe-gw-v1:composition:3206af1b407e37aa4d67458f9c2a9d870574784716cd75d05af12b0a8fe40e9e,Ni O3 Ti,Fe Ge2 La O7,2.205,2.208,0.003,z_b > z_a,log(1 + exp(-(z_b - z_a)))
910,ADJACENT_STRICT_PBE_ORDER_V1,1.0,1226,1227,1006,78,current-nlr-pbe-gw-v1:composition:3206af1b407e37aa4d67458f9c2a9d870574784716cd75d05af12b0a8fe40e9e,current-nlr-pbe-gw-v1:composition:06053993505aacc47eaba12b91e7851de84ac27cd3c67dabd2628cb244e7b25c,Fe Ge2 La O7,Al Cu O2,2.208,2.209,0.001,z_b > z_a,log(1 + exp(-(z_b - z_a)))
911,ADJACENT_STRICT_PBE_ORDER_V1,1.0,1227,1228,78,1134,current-nlr-pbe-gw-v1:composition:06053993505aacc47eaba12b91e7851de84ac27cd3c67dabd2628cb244e7b25c,current-nlr-pbe-gw-v1:composition:bd9e0cdd9b06b98948dde778f30f3e1938d9e399d7e684765863966a6cd36ed6,Al Cu O2,Ga Na5 O4,2.209,2.212,0.003,z_b > z_a,log(1 + exp(-(z_b - z_a)))
912,ADJACENT_STRICT_PBE_ORDER_V1,1.0,1229,1230,509,1034,current-nlr-pbe-gw-v1:composition:c535fc5fb215ba09797678d99ca6e0148fec6347da136e2fde2c70a15b9ee0b0,current-nlr-pbe-gw-v1:composition:55a3394c889be0b11d4d8ec152cf857a74c9ce4e93271f27b7186972c1ef9e59,Bi2 O3,Fe Mo4 O15 Rb3,2.212,2.213,0.001,z_b > z_a,log(1 + exp(-(z_b - z_a)))
913,ADJACENT_STRICT_PBE_ORDER_V1,1.0,1230,1231,1034,1852,current-nlr-pbe-gw-v1:composition:55a3394c889be0b11d4d8ec152cf857a74c9ce4e93271f27b7186972c1ef9e59,current-nlr-pbe-gw-v1:composition:be49d631a25719408171e9b07f8898a240220884bc6ae458a5fdb07c0cb20ff9,Fe Mo4 O15 Rb3,Na5 O5 V,2.213,2.219,0.006,z_b > z_a,log(1 + exp(-(z_b - z_a)))
914,ADJACENT_STRICT_PBE_ORDER_V1,1.0,1231,1232,1852,1018,current-nlr-pbe-gw-v1:composition:be49d631a25719408171e9b07f8898a240220884bc6ae458a5fdb07c0cb20ff9,current-nlr-pbe-gw-v1:composition:84616abc2aefc38b38cbffdeabab39141f44f630f65e0031440426bdf3bdb590,Na5 O5 V,Fe K3 Mo4 O15,2.219,2.221,0.002,z_b > z_a,log(1 + exp(-(z_b - z_a)))
915,ADJACENT_STRICT_PBE_ORDER_V1,1.0,1232,1233,1018,1989,current-nlr-pbe-gw-v1:composition:84616abc2aefc38b38cbffdeabab39141f44f630f65e0031440426bdf3bdb590,current-nlr-pbe-gw-v1:composition:b63508e99b0ddacbae5bb5f72e9568661d6458b191b271c63f7038df2233bff0,Fe K3 Mo4 O15,O3 Pb Rb4,2.221,2.223,0.002,z_b > z_a,log(1 + exp(-(z_b - z_a)))
916,ADJACENT_STRICT_PBE_ORDER_V1,1.0,1233,1234,1989,384,current-nlr-pbe-gw-v1:composition:b63508e99b0ddacbae5bb5f72e9568661d6458b191b271c63f7038df2233bff0,current-nlr-pbe-gw-v1:composition:1a42af74c8229ab182ece6d0201e62cac36e55db910c766f0bf18bff98954f43,O3 Pb Rb4,Ba2 Mn O3,2.223,2.227,0.004,z_b > z_a,log(1 + exp(-(z_b - z_a)))
917,ADJACENT_STRICT_PBE_ORDER_V1,1.0,1235,1236,2114,2111,current-nlr-pbe-gw-v1:composition:c2a908b699ad9e7831e6e30350a81a1a585eda7eb0c25957a6c47c4df46f37bc,current-nlr-pbe-gw-v1:composition:940ed4465cd7e8775a29d72593b0bdd5ec440760d89dc3cbc1d2d42b459dcd75,O7 Sr3 Ti2,O7 Sr V3,2.227,2.228,0.001,z_b > z_a,log(1 + exp(-(z_b - z_a)))
918,ADJACENT_STRICT_PBE_ORDER_V1,1.0,1236,1237,2111,1155,current-nlr-pbe-gw-v1:composition:940ed4465cd7e8775a29d72593b0bdd5ec440760d89dc3cbc1d2d42b459dcd75,current-nlr-pbe-gw-v1:composition:f988a1ff34df7234304ee83c1c98b5bef24184cdacbc292bc225011f6bcfb823,O7 Sr V3,Ga2 O4 Ti,2.228,2.23,0.002,z_b > z_a,log(1 + exp(-(z_b - z_a)))
919,ADJACENT_STRICT_PBE_ORDER_V1,1.0,1237,1238,1155,258,current-nlr-pbe-gw-v1:composition:f988a1ff34df7234304ee83c1c98b5bef24184cdacbc292bc225011f6bcfb823,current-nlr-pbe-gw-v1:composition:6cfa68b1c15c7cd66abe813450fb46448f4e7cc7b83e46fbe3abf82a2fe6f7cb,Ga2 O4 Ti,Ba Hg O2,2.23,2.231,0.001,z_b > z_a,log(1 + exp(-(z_b - z_a)))
920,ADJACENT_STRICT_PBE_ORDER_V1,1.0,1238,1239,258,2011,current-nlr-pbe-gw-v1:composition:6cfa68b1c15c7cd66abe813450fb46448f4e7cc7b83e46fbe3abf82a2fe6f7cb,current-nlr-pbe-gw-v1:composition:db3c48da7555b77beb14417148c475775893564b81530a1b419ae81574e473a1,Ba Hg O2,O3 Sr Ti,2.231,2.232,0.001,z_b > z_a,log(1 + exp(-(z_b - z_a)))
921,ADJACENT_STRICT_PBE_ORDER_V1,1.0,1239,1240,2011,946,current-nlr-pbe-gw-v1:composition:db3c48da7555b77beb14417148c475775893564b81530a1b419ae81574e473a1,current-nlr-pbe-gw-v1:composition:31be7286e02c40971fb3405ed17ba60a3ec01b5f07b34dd2ad71c71343ef2016,O3 Sr Ti,Cu2 Ge4 O13 Sc2,2.232,2.234,0.002,z_b > z_a,log(1 + exp(-(z_b - z_a)))
922,ADJACENT_STRICT_PBE_ORDER_V1,1.0,1240,1241,946,126,current-nlr-pbe-gw-v1:composition:31be7286e02c40971fb3405ed17ba60a3ec01b5f07b34dd2ad71c71343ef2016,current-nlr-pbe-gw-v1:composition:10efa4483e7a59d484167ad4a212b11e31fb683a49b09e069e2aeb7d0f58d4d3,Cu2 Ge4 O13 Sc2,Al2 Fe O4,2.234,2.235,0.001,z_b > z_a,log(1 + exp(-(z_b - z_a)))
923,ADJACENT_STRICT_PBE_ORDER_V1,1.0,1241,1242,126,681,current-nlr-pbe-gw-v1:composition:10efa4483e7a59d484167ad4a212b11e31fb683a49b09e069e2aeb7d0f58d4d3,current-nlr-pbe-gw-v1:composition:b54b4e00ba51fc737f056f94ff49a0339233f859f47c7a482a33c10869e368f7,Al2 Fe O4,Cd O7 V3,2.235,2.237,0.002,z_b > z_a,log(1 + exp(-(z_b - z_a)))
924,ADJACENT_STRICT_PBE_ORDER_V1,1.0,1242,1243,681,1966,current-nlr-pbe-gw-v1:composition:b54b4e00ba51fc737f056f94ff49a0339233f859f47c7a482a33c10869e368f7,current-nlr-pbe-gw-v1:composition:dc1b4a2d78aebb56e4912d844ed2fb7169002ca7992b2fee52f6b0fcb2e7f4a6,Cd O7 V3,O2 Rb2 Sn,2.237,2.239,0.002,z_b > z_a,log(1 + exp(-(z_b - z_a)))
925,ADJACENT_STRICT_PBE_ORDER_V1,1.0,1243,1244,1966,2095,current-nlr-pbe-gw-v1:composition:dc1b4a2d78aebb56e4912d844ed2fb7169002ca7992b2fee52f6b0fcb2e7f4a6,current-nlr-pbe-gw-v1:composition:78fb05d514609e2635e4297e3738a9be39a44761cd2e81d9b5a935c1d24e3dc6,O2 Rb2 Sn,O7 Pb Ti3,2.239,2.241,0.002,z_b > z_a,log(1 + exp(-(z_b - z_a)))
926,ADJACENT_STRICT_PBE_ORDER_V1,1.0,1244,1245,2095,1572,current-nlr-pbe-gw-v1:composition:78fb05d514609e2635e4297e3738a9be39a44761cd2e81d9b5a935c1d24e3dc6,current-nlr-pbe-gw-v1:composition:234256f25a837264fddfa84c838566a2417e1d8f5235401dee5b60f4c94055a1,O7 Pb Ti3,Mg O5 V2,2.241,2.242,0.001,z_b > z_a,log(1 + exp(-(z_b - z_a)))
927,ADJACENT_STRICT_PBE_ORDER_V1,1.0,1245,1246,1572,1558,current-nlr-pbe-gw-v1:composition:234256f25a837264fddfa84c838566a2417e1d8f5235401dee5b60f4c94055a1,current-nlr-pbe-gw-v1:composition:5818510ff759d2e2b86001db903e4798d73bb59a0fd50d8ec83df70011822417,Mg O5 V2,Mg Mo O6 Sr2,2.242,2.245,0.003,z_b > z_a,log(1 + exp(-(z_b - z_a)))
928,ADJACENT_STRICT_PBE_ORDER_V1,1.0,1246,1247,1558,424,current-nlr-pbe-gw-v1:composition:5818510ff759d2e2b86001db903e4798d73bb59a0fd50d8ec83df70011822417,current-nlr-pbe-gw-v1:composition:6424bd2413dbfeb99734e7fb8a71274bfb7d9dcef0ca42dbae909bef138d0984,Mg Mo O6 Sr2,Ba3 Ga2 Ge4 O14,2.245,2.246,0.001,z_b > z_a,log(1 + exp(-(z_b - z_a)))
929,ADJACENT_STRICT_PBE_ORDER_V1,1.0,1247,1248,424,1752,current-nlr-pbe-gw-v1:composition:6424bd2413dbfeb99734e7fb8a71274bfb7d9dcef0ca42dbae909bef138d0984,current-nlr-pbe-gw-v1:composition:0fb100c04b68daed9c3c68861eeb88da6162942047cda3e94541d04372e74ad9,Ba3 Ga2 Ge4 O14,N4 O8 Se7,2.246,2.247,0.001,z_b > z_a,log(1 + exp(-(z_b - z_a)))
930,ADJACENT_STRICT_PBE_ORDER_V1,1.0,1249,1250,1261,2050,current-nlr-pbe-gw-v1:composition:8b2a5b2d1012f830bd3727910ad9165e0e94ce8de6f9875ca966c64479d990e4,current-nlr-pbe-gw-v1:composition:a23152d9c20538b5c3dd20179d125c796113c85c33d8126865e87799526c1c43,Hg Mo O4,O4 Sn3,2.247,2.25,0.003,z_b > z_a,log(1 + exp(-(z_b - z_a)))
931,ADJACENT_STRICT_PBE_ORDER_V1,1.0,1250,1251,2050,1836,current-nlr-pbe-gw-v1:composition:a23152d9c20538b5c3dd20179d125c796113c85c33d8126865e87799526c1c43,current-nlr-pbe-gw-v1:composition:29a671b86dabecbcc6639ef565c08e6d40421a51ff2fc00cb6a0c33748880316,O4 Sn3,Na3 O4 Rb Sn,2.25,2.253,0.003,z_b > z_a,log(1 + exp(-(z_b - z_a)))
932,ADJACENT_STRICT_PBE_ORDER_V1,1.0,1252,1253,1950,1614,current-nlr-pbe-gw-v1:composition:9594b82935d3e8eb96ebdfdad2c4a49040d6578a2f1387fc18cce3f88ec0916c,current-nlr-pbe-gw-v1:composition:21914630cf54a9880f7c30f454aaabd263486476af4d63c803111c8360f2753f,O14 Rb3 V5,Mn O2 Rb,2.253,2.254,0.001,z_b > z_a,log(1 + exp(-(z_b - z_a)))
933,ADJACENT_STRICT_PBE_ORDER_V1,1.0,1255,1256,1268,1393,current-nlr-pbe-gw-v1:composition:e14f71eb289c1ec36b725a64947eaa0ee5bc69443d196342a9188359dfd43f32,current-nlr-pbe-gw-v1:composition:8dc641984e7f97d52676867358009c4163a75d686bc7dd28dc51fa6de94822a9,Hg O2 Sr,K2 Mn O7 V2,2.254,2.256,0.002,z_b > z_a,log(1 + exp(-(z_b - z_a)))
934,ADJACENT_STRICT_PBE_ORDER_V1,1.0,1256,1257,1393,1084,current-nlr-pbe-gw-v1:composition:8dc641984e7f97d52676867358009c4163a75d686bc7dd28dc51fa6de94822a9,current-nlr-pbe-gw-v1:composition:eb4ec35bd16950a4b4733b5395d1f49a09e425c1cd353e41e8aee2e159e2558b,K2 Mn O7 V2,Fe2 Na4 O5,2.256,2.26,0.004,z_b > z_a,log(1 + exp(-(z_b - z_a)))
935,ADJACENT_STRICT_PBE_ORDER_V1,1.0,1257,1258,1084,5,current-nlr-pbe-gw-v1:composition:eb4ec35bd16950a4b4733b5395d1f49a09e425c1cd353e41e8aee2e159e2558b,current-nlr-pbe-gw-v1:composition:dede21a1d9cd2f4d3bd82ccba3064654f8a0d0cbe7e0f43a2b205115fb1841da,Fe2 Na4 O5,Ag Cr2 K O7,2.26,2.268,0.008,z_b > z_a,log(1 + exp(-(z_b - z_a)))
936,ADJACENT_STRICT_PBE_ORDER_V1,1.0,1258,1259,5,392,current-nlr-pbe-gw-v1:composition:dede21a1d9cd2f4d3bd82ccba3064654f8a0d0cbe7e0f43a2b205115fb1841da,current-nlr-pbe-gw-v1:composition:3f27917c9e78085082ffeb7cb9e0ff6bed5afb6e052bdf8fd9fbf6db243c4040,Ag Cr2 K O7,Ba2 Ni O6 W,2.268,2.269,0.001,z_b > z_a,log(1 + exp(-(z_b - z_a)))
937,ADJACENT_STRICT_PBE_ORDER_V1,1.0,1259,1260,392,1903,current-nlr-pbe-gw-v1:composition:3f27917c9e78085082ffeb7cb9e0ff6bed5afb6e052bdf8fd9fbf6db243c4040,current-nlr-pbe-gw-v1:composition:fad3d4e299563f712706c25feaea7739912a807ccbee87183edd8b25dc5909d3,Ba2 Ni O6 W,Ni O4 W,2.269,2.27,0.001,z_b > z_a,log(1 + exp(-(z_b - z_a)))
938,ADJACENT_STRICT_PBE_ORDER_V1,1.0,1260,1261,1903,1149,current-nlr-pbe-gw-v1:composition:fad3d4e299563f712706c25feaea7739912a807ccbee87183edd8b25dc5909d3,current-nlr-pbe-gw-v1:composition:c04466653429d295084f3c006e38228c0409bffc82018036eea04b8184b8ae80,Ni O4 W,Ga2 Na8 O7,2.27,2.271,0.001,z_b > z_a,log(1 + exp(-(z_b - z_a)))
939,ADJACENT_STRICT_PBE_ORDER_V1,1.0,1261,1262,1149,91,current-nlr-pbe-gw-v1:composition:c04466653429d295084f3c006e38228c0409bffc82018036eea04b8184b8ae80,current-nlr-pbe-gw-v1:composition:1fe87eb4c06409cec9b8906f58d61a63fd7b8e9ca2db70a50657f19b08e7af02,Ga2 Na8 O7,Al Mo O7 V,2.271,2.275,0.004,z_b > z_a,log(1 + exp(-(z_b - z_a)))
940,ADJACENT_STRICT_PBE_ORDER_V1,1.0,1262,1263,91,310,current-nlr-pbe-gw-v1:composition:1fe87eb4c06409cec9b8906f58d61a63fd7b8e9ca2db70a50657f19b08e7af02,current-nlr-pbe-gw-v1:composition:318cf3095b5b9f55bc8f0b11e5983b6b8b69acf2d65eb086f697fc6a433bd08b,Al Mo O7 V,Ba O2 Zn,2.275,2.276,0.001,z_b > z_a,log(1 + exp(-(z_b - z_a)))
941,ADJACENT_STRICT_PBE_ORDER_V1,1.0,1263,1264,310,1913,current-nlr-pbe-gw-v1:composition:318cf3095b5b9f55bc8f0b11e5983b6b8b69acf2d65eb086f697fc6a433bd08b,current-nlr-pbe-gw-v1:composition:6d792af708025e06e74b7b813f8ea6f5c921be051612deb1f859155c60e3d035,Ba O2 Zn,Ni2 O8 Sr V2,2.276,2.277,0.001,z_b > z_a,log(1 + exp(-(z_b - z_a)))
942,ADJACENT_STRICT_PBE_ORDER_V1,1.0,1265,1266,1073,1456,current-nlr-pbe-gw-v1:composition:b9e4c43f4869fab3a65bfc7ce4db771576491aef03731193cb9479ca2877ee2d,current-nlr-pbe-gw-v1:composition:bd72a4f42f7039df6934623c88a698ac4f9f65b4e7188563d2720d894ae2504e,Fe2 Mg3 O12 Si3,K3 O14 V5,2.277,2.279,0.002,z_b > z_a,log(1 + exp(-(z_b - z_a)))
943,ADJACENT_STRICT_PBE_ORDER_V1,1.0,1266,1267,1456,914,current-nlr-pbe-gw-v1:composition:bd72a4f42f7039df6934623c88a698ac4f9f65b4e7188563d2720d894ae2504e,current-nlr-pbe-gw-v1:composition:409b2e86a59d89eb6cb697b705c9b80053ea426a19bd4af57237ff76274896d2,K3 O14 V5,Cu Na2 O8 Si3,2.279,2.281,0.002,z_b > z_a,log(1 + exp(-(z_b - z_a)))
944,ADJACENT_STRICT_PBE_ORDER_V1,1.0,1267,1268,914,1682,current-nlr-pbe-gw-v1:composition:409b2e86a59d89eb6cb697b705c9b80053ea426a19bd4af57237ff76274896d2,current-nlr-pbe-gw-v1:composition:a75f3cdde016c8af077ee5d92a0f00996c592fd668cf8c827874488e11f7d369,Cu Na2 O8 Si3,Mo Ni O4,2.281,2.285,0.004,z_b > z_a,log(1 + exp(-(z_b - z_a)))
945,ADJACENT_STRICT_PBE_ORDER_V1,1.0,1268,1269,1682,1992,current-nlr-pbe-gw-v1:composition:a75f3cdde016c8af077ee5d92a0f00996c592fd668cf8c827874488e11f7d369,current-nlr-pbe-gw-v1:composition:c33c24a4557838753c9253f0bf2413664447124a790dd5227a03d55dea666245,Mo Ni O4,O3 Pb Ti,2.285,2.287,0.002,z_b > z_a,log(1 + exp(-(z_b - z_a)))
946,ADJACENT_STRICT_PBE_ORDER_V1,1.0,1269,1270,1992,1602,current-nlr-pbe-gw-v1:composition:c33c24a4557838753c9253f0bf2413664447124a790dd5227a03d55dea666245,current-nlr-pbe-gw-v1:composition:ba7be9edeaf01c82fc5b64f357aa0a32e895a4cd7d3db0ae18803ee2c10145d5,O3 Pb Ti,Mn Na2 O6 Si2,2.287,2.288,0.001,z_b > z_a,log(1 + exp(-(z_b - z_a)))
947,ADJACENT_STRICT_PBE_ORDER_V1,1.0,1270,1271,1602,817,current-nlr-pbe-gw-v1:composition:ba7be9edeaf01c82fc5b64f357aa0a32e895a4cd7d3db0ae18803ee2c10145d5,current-nlr-pbe-gw-v1:composition:2f99843e3247a0772e0d02fde5c732b445cca1c2f1143060035c5123e9c4d623,Mn Na2 O6 Si2,Cr Mg O4,2.288,2.289,0.001,z_b > z_a,log(1 + exp(-(z_b - z_a)))
948,ADJACENT_STRICT_PBE_ORDER_V1,1.0,1271,1272,817,219,current-nlr-pbe-gw-v1:composition:2f99843e3247a0772e0d02fde5c732b445cca1c2f1143060035c5123e9c4d623,current-nlr-pbe-gw-v1:composition:b16f58f5d1e31cc550cb5d4fd38f7e3cf28d5b9573db06581117bd721642adb2,Cr Mg O4,Ba Co2 O8 V2,2.289,2.294,0.005,z_b > z_a,log(1 + exp(-(z_b - z_a)))
949,ADJACENT_STRICT_PBE_ORDER_V1,1.0,1273,1274,505,1739,current-nlr-pbe-gw-v1:composition:b77ed67802fc13261ffaccd375f027539aa0f19004405437768d9d0868f41c36,current-nlr-pbe-gw-v1:composition:a57ed23e5a490f3c00b9bf4257f2f74e1d3821b2cce579afd4eae7ef3df1c203,Bi O4 Sb,N2 O Se2,2.294,2.295,0.001,z_b > z_a,log(1 + exp(-(z_b - z_a)))
950,ADJACENT_STRICT_PBE_ORDER_V1,1.0,1274,1275,1739,388,current-nlr-pbe-gw-v1:composition:a57ed23e5a490f3c00b9bf4257f2f74e1d3821b2cce579afd4eae7ef3df1c203,current-nlr-pbe-gw-v1:composition:5cf4c30419824541fdde8b456ebe77346fd979fcdf399ee5a424df89abb6efa5,N2 O Se2,Ba2 Na Nb5 O15,2.295,2.297,0.002,z_b > z_a,log(1 + exp(-(z_b - z_a)))
951,ADJACENT_STRICT_PBE_ORDER_V1,1.0,1275,1276,388,2137,current-nlr-pbe-gw-v1:composition:5cf4c30419824541fdde8b456ebe77346fd979fcdf399ee5a424df89abb6efa5,current-nlr-pbe-gw-v1:composition:381f52f2717ff5a87252f4dd81a9d5e5783efda3f30aeeec5e80799892c6edbf,Ba2 Na Nb5 O15,O9 Sr V4,2.297,2.299,0.002,z_b > z_a,log(1 + exp(-(z_b - z_a)))
952,ADJACENT_STRICT_PBE_ORDER_V1,1.0,1276,1277,2137,2093,current-nlr-pbe-gw-v1:composition:381f52f2717ff5a87252f4dd81a9d5e5783efda3f30aeeec5e80799892c6edbf,current-nlr-pbe-gw-v1:composition:5f72a25c449e9024107469765616361ac5fd8e09e42c85d5921600cbf8361740,O9 Sr V4,O6 V2 Zn,2.299,2.304,0.005,z_b > z_a,log(1 + exp(-(z_b - z_a)))
953,ADJACENT_STRICT_PBE_ORDER_V1,1.0,1277,1278,2093,274,current-nlr-pbe-gw-v1:composition:5f72a25c449e9024107469765616361ac5fd8e09e42c85d5921600cbf8361740,current-nlr-pbe-gw-v1:composition:00a377c841078b910be1cee88418bce664145efcb4f8efd13f9b637c450380d4,O6 V2 Zn,Ba Mn O3,2.304,2.308,0.004,z_b > z_a,log(1 + exp(-(z_b - z_a)))
954,ADJACENT_STRICT_PBE_ORDER_V1,1.0,1278,1279,274,1693,current-nlr-pbe-gw-v1:composition:00a377c841078b910be1cee88418bce664145efcb4f8efd13f9b637c450380d4,current-nlr-pbe-gw-v1:composition:03fd06ff5ce4142f3dbe11796497ca04d2eb9baa41f891569e5f68fd85a017ae,Ba Mn O3,Mo O6 Sr2 Zn,2.308,2.312,0.004,z_b > z_a,log(1 + exp(-(z_b - z_a)))
955,ADJACENT_STRICT_PBE_ORDER_V1,1.0,1280,1281,1008,64,current-nlr-pbe-gw-v1:composition:08d6e2c9461f000b1f9c331a931dac750c860d7cabadf7e1f4ed78a6d7d63261,current-nlr-pbe-gw-v1:composition:4462e4ebd1d4569ac507a2db33ea19e0e5ef164957bcb7b44f10c4f2327cdb8e,Fe Ge2 O7 Y,Ag4 Mn2 Mo6 O24 Zr,2.312,2.316,0.004,z_b > z_a,log(1 + exp(-(z_b - z_a)))
956,ADJACENT_STRICT_PBE_ORDER_V1,1.0,1283,1284,309,706,current-nlr-pbe-gw-v1:composition:6a664935901e30f78387ba32df3186e56c1c182c75b5247414eeea6e8222ad13,current-nlr-pbe-gw-v1:composition:5741f78015c95a8e66ff696129c5be7e62619662563fad8d23eaf3f2630e87a3,Ba O2,Ce2 La2 O7,2.316,2.32,0.004,z_b > z_a,log(1 + exp(-(z_b - z_a)))
957,ADJACENT_STRICT_PBE_ORDER_V1,1.0,1284,1285,706,1354,current-nlr-pbe-gw-v1:composition:5741f78015c95a8e66ff696129c5be7e62619662563fad8d23eaf3f2630e87a3,current-nlr-pbe-gw-v1:composition:38b579e6ecbe696eb5a001f25cffb2aaab1037c0778057ad97f912d5ba30a8e7,Ce2 La2 O7,K Mn O4 V,2.32,2.321,0.001,z_b > z_a,log(1 + exp(-(z_b - z_a)))
958,ADJACENT_STRICT_PBE_ORDER_V1,1.0,1285,1286,1354,2053,current-nlr-pbe-gw-v1:composition:38b579e6ecbe696eb5a001f25cffb2aaab1037c0778057ad97f912d5ba30a8e7,current-nlr-pbe-gw-v1:composition:3d0b667c635dafe3a01ab8909d158c99d890de7eee2f2d9cbb6185a8cfa64d30,K Mn O4 V,O4 Sr2 Ti,2.321,2.322,0.001,z_b > z_a,log(1 + exp(-(z_b - z_a)))
959,ADJACENT_STRICT_PBE_ORDER_V1,1.0,1286,1287,2053,423,current-nlr-pbe-gw-v1:composition:3d0b667c635dafe3a01ab8909d158c99d890de7eee2f2d9cbb6185a8cfa64d30,current-nlr-pbe-gw-v1:composition:308e60b4fa1e5839038e9036f7db8b9efeb9b9ae042d6a3a382884763a3b02b0,O4 Sr2 Ti,Ba3 Fe3 Nb O14 Si2,2.322,2.325,0.003,z_b > z_a,log(1 + exp(-(z_b - z_a)))
960,ADJACENT_STRICT_PBE_ORDER_V1,1.0,1290,1291,1628,1477,current-nlr-pbe-gw-v1:composition:d0245829473680946e59d64c427ff48749bc4c678c351182a62482078c248595,current-nlr-pbe-gw-v1:composition:5a1126b154f792b46a734f4f25d8d3adf5617c863c14ca357c1412665c1702fb,Mn O4 W,K6 O5 Pb2,2.325,2.327,0.002,z_b > z_a,log(1 + exp(-(z_b - z_a)))
961,ADJACENT_STRICT_PBE_ORDER_V1,1.0,1291,1292,1477,418,current-nlr-pbe-gw-v1:composition:5a1126b154f792b46a734f4f25d8d3adf5617c863c14ca357c1412665c1702fb,current-nlr-pbe-gw-v1:composition:3b3f434e2e6e9b705e7d3202c70c89e2133c4ffc9c2d1f9c0a284b363c917b49,K6 O5 Pb2,Ba3 Cr2 O9 W,2.327,2.33,0.003,z_b > z_a,log(1 + exp(-(z_b - z_a)))
962,ADJACENT_STRICT_PBE_ORDER_V1,1.0,1292,1293,418,1206,current-nlr-pbe-gw-v1:composition:3b3f434e2e6e9b705e7d3202c70c89e2133c4ffc9c2d1f9c0a284b363c917b49,current-nlr-pbe-gw-v1:composition:0abf5407195c9079767d9fa0dba024ff1624ce56995981938db90801d840e5be,Ba3 Cr2 O9 W,Ge2 In K O6,2.33,2.331,0.001,z_b > z_a,log(1 + exp(-(z_b - z_a)))
963,ADJACENT_STRICT_PBE_ORDER_V1,1.0,1294,1295,1466,1231,current-nlr-pbe-gw-v1:composition:307e0b212e463d3d88629f3f3f084315af8a93d463e082b8c7c73452cf6b8cca,current-nlr-pbe-gw-v1:composition:cb2ad95de43703024efb72270a19d9c8dd8815139aeaf454602f30a9e4687651,K4 O3 Pb,Ge3 O8 Zn2,2.331,2.332,0.001,z_b > z_a,log(1 + exp(-(z_b - z_a)))
964,ADJACENT_STRICT_PBE_ORDER_V1,1.0,1295,1296,1231,1895,current-nlr-pbe-gw-v1:composition:cb2ad95de43703024efb72270a19d9c8dd8815139aeaf454602f30a9e4687651,current-nlr-pbe-gw-v1:composition:7a3eabfe8b7ca6f397d3929015ae41c47c511b789d7e5e71db6d2458a25c4e51,Ge3 O8 Zn2,Ni O,2.332,2.333,0.001,z_b > z_a,log(1 + exp(-(z_b - z_a)))
965,ADJACENT_STRICT_PBE_ORDER_V1,1.0,1296,1297,1895,289,current-nlr-pbe-gw-v1:composition:7a3eabfe8b7ca6f397d3929015ae41c47c511b789d7e5e71db6d2458a25c4e51,current-nlr-pbe-gw-v1:composition:5d8bfc4c709a00f344e9c6597870eda1edcdab012e08531bb6621eec7f8b6364,Ni O,Ba Nb2 O11 V2,2.333,2.334,0.001,z_b > z_a,log(1 + exp(-(z_b - z_a)))
966,ADJACENT_STRICT_PBE_ORDER_V1,1.0,1297,1298,289,2035,current-nlr-pbe-gw-v1:composition:5d8bfc4c709a00f344e9c6597870eda1edcdab012e08531bb6621eec7f8b6364,current-nlr-pbe-gw-v1:composition:15ebe24f11bc60340c4efbd1e34776a1698a5fb4e0e55f6379bf95deaa450092,Ba Nb2 O11 V2,O4 Ru,2.334,2.336,0.002,z_b > z_a,log(1 + exp(-(z_b - z_a)))
967,ADJACENT_STRICT_PBE_ORDER_V1,1.0,1298,1299,2035,507,current-nlr-pbe-gw-v1:composition:15ebe24f11bc60340c4efbd1e34776a1698a5fb4e0e55f6379bf95deaa450092,current-nlr-pbe-gw-v1:composition:1afe14e7b30d7a9f52edd2afe8d8bfe8271ad7c275664e3cee60e3176483963a,O4 Ru,Bi2 Cd O4,2.336,2.34,0.004,z_b > z_a,log(1 + exp(-(z_b - z_a)))
968,ADJACENT_STRICT_PBE_ORDER_V1,1.0,1299,1300,507,908,current-nlr-pbe-gw-v1:composition:1afe14e7b30d7a9f52edd2afe8d8bfe8271ad7c275664e3cee60e3176483963a,current-nlr-pbe-gw-v1:composition:a63d7b8343b20383a512e404a2bbfd7ec050db44c9f3c085336448af3169d7b7,Bi2 Cd O4,Cu Mo2 O8 Y,2.34,2.341,0.001,z_b > z_a,log(1 + exp(-(z_b - z_a)))
969,ADJACENT_STRICT_PBE_ORDER_V1,1.0,1300,1301,908,1829,current-nlr-pbe-gw-v1:composition:a63d7b8343b20383a512e404a2bbfd7ec050db44c9f3c085336448af3169d7b7,current-nlr-pbe-gw-v1:composition:fa649b9c191d95f10924ff648690107317048d2464ccf439f83c9a1758eed4dd,Cu Mo2 O8 Y,Na2 O7 V3,2.341,2.342,0.001,z_b > z_a,log(1 + exp(-(z_b - z_a)))
970,ADJACENT_STRICT_PBE_ORDER_V1,1.0,1301,1302,1829,1272,current-nlr-pbe-gw-v1:composition:fa649b9c191d95f10924ff648690107317048d2464ccf439f83c9a1758eed4dd,current-nlr-pbe-gw-v1:composition:6f661dc744ce94a55ad9ad00de9a84b52d84204b523d3657e3de8030f9a5c94e,Na2 O7 V3,Hg O4 W,2.342,2.345,0.003,z_b > z_a,log(1 + exp(-(z_b - z_a)))
971,ADJACENT_STRICT_PBE_ORDER_V1,1.0,1302,1303,1272,1471,current-nlr-pbe-gw-v1:composition:6f661dc744ce94a55ad9ad00de9a84b52d84204b523d3657e3de8030f9a5c94e,current-nlr-pbe-gw-v1:composition:938b929cd75c7122c00248288873f8ee2559051c7b2475aab8fac56a817ad9ed,Hg O4 W,K4 O4 Sn,2.345,2.348,0.003,z_b > z_a,log(1 + exp(-(z_b - z_a)))
972,ADJACENT_STRICT_PBE_ORDER_V1,1.0,1303,1304,1471,1157,current-nlr-pbe-gw-v1:composition:938b929cd75c7122c00248288873f8ee2559051c7b2475aab8fac56a817ad9ed,current-nlr-pbe-gw-v1:composition:e80a318a7592d966440b34fc114d715a880d0daa52c11ecab50c1cdb1bc3b62f,K4 O4 Sn,Ga2 O4 Zn,2.348,2.35,0.002,z_b > z_a,log(1 + exp(-(z_b - z_a)))
973,ADJACENT_STRICT_PBE_ORDER_V1,1.0,1304,1305,1157,1633,current-nlr-pbe-gw-v1:composition:e80a318a7592d966440b34fc114d715a880d0daa52c11ecab50c1cdb1bc3b62f,current-nlr-pbe-gw-v1:composition:6406bdd5d955ca17e54c5557c4c2d28f94e3f13a96eba42da3b423b908d49bcb,Ga2 O4 Zn,Mn O7 Rb2 V2,2.35,2.351,0.001,z_b > z_a,log(1 + exp(-(z_b - z_a)))
974,ADJACENT_STRICT_PBE_ORDER_V1,1.0,1306,1307,1646,1666,current-nlr-pbe-gw-v1:composition:edb8aef10035d9469e93cb3ea9c0cb7bffce9b8477977d173e078b73ce05d817,current-nlr-pbe-gw-v1:composition:52448da596145977c02b077d6fbdb80372d37437df14a5409077d62ba2c8e681,Mn2 O4 Si,Mn4 Nb2 O9,2.351,2.359,0.008,z_b > z_a,log(1 + exp(-(z_b - z_a)))
975,ADJACENT_STRICT_PBE_ORDER_V1,1.0,1307,1308,1666,956,current-nlr-pbe-gw-v1:composition:52448da596145977c02b077d6fbdb80372d37437df14a5409077d62ba2c8e681,current-nlr-pbe-gw-v1:composition:c81edea70032351c5b3a26da4078b8af194d34984400c48cf12b41e3958cf386,Mn4 Nb2 O9,Cu2 Na2 O11 Si4,2.359,2.365,0.006,z_b > z_a,log(1 + exp(-(z_b - z_a)))
976,ADJACENT_STRICT_PBE_ORDER_V1,1.0,1309,1310,708,1593,current-nlr-pbe-gw-v1:composition:e906dbf95fbd861d46bdbb2239333ad604a628609cba71bc51579f1c1c675f6a,current-nlr-pbe-gw-v1:composition:808c4d4cb1113965a777d668683fbefc0d9496a5d52b6ae0a4ae91e9ec880046,Cl In O,Mg6 Mn O8,2.365,2.367,0.002,z_b > z_a,log(1 + exp(-(z_b - z_a)))
977,ADJACENT_STRICT_PBE_ORDER_V1,1.0,1311,1312,664,869,current-nlr-pbe-gw-v1:composition:cc81f8b4daa9cde6bee2c8ddfeda23944a05a9fdd7e86a5a1706addc18ea913e,current-nlr-pbe-gw-v1:composition:f1505b1636f046c42ce6eff18f09460269d63e4bee698df44d5002f3c9697dfa,Cd Mo O4,Cr2 O7 Sr,2.367,2.369,0.002,z_b > z_a,log(1 + exp(-(z_b - z_a)))
978,ADJACENT_STRICT_PBE_ORDER_V1,1.0,1312,1313,869,1520,current-nlr-pbe-gw-v1:composition:f1505b1636f046c42ce6eff18f09460269d63e4bee698df44d5002f3c9697dfa,current-nlr-pbe-gw-v1:composition:d1214ef62b1581612d1675ed55e13170dbdde7d8c41ee33e4e67f4c799067fb5,Cr2 O7 Sr,La2 O2 Se,2.369,2.37,0.001,z_b > z_a,log(1 + exp(-(z_b - z_a)))
979,ADJACENT_STRICT_PBE_ORDER_V1,1.0,1313,1314,1520,834,current-nlr-pbe-gw-v1:composition:d1214ef62b1581612d1675ed55e13170dbdde7d8c41ee33e4e67f4c799067fb5,current-nlr-pbe-gw-v1:composition:f6ed4da0206a99ffe3799229ec6a4fd272cf500fd9f7724a1146dc78211c8fde,La2 O2 Se,Cr O4 V,2.37,2.372,0.002,z_b > z_a,log(1 + exp(-(z_b - z_a)))
980,ADJACENT_STRICT_PBE_ORDER_V1,1.0,1314,1315,834,763,current-nlr-pbe-gw-v1:composition:f6ed4da0206a99ffe3799229ec6a4fd272cf500fd9f7724a1146dc78211c8fde,current-nlr-pbe-gw-v1:composition:8bdfcae311b7d1361b8ab677ecd073d0ea34a518f34d75694254c1acb430526e,Cr O4 V,Co2 K2 Mo3 O12,2.372,2.374,0.002,z_b > z_a,log(1 + exp(-(z_b - z_a)))
981,ADJACENT_STRICT_PBE_ORDER_V1,1.0,1315,1316,763,678,current-nlr-pbe-gw-v1:composition:8bdfcae311b7d1361b8ab677ecd073d0ea34a518f34d75694254c1acb430526e,current-nlr-pbe-gw-v1:composition:f9593f89e168bc8b401022212d952ac9ce3f6a0a4c714f01ee3fe7934872bb2a,Co2 K2 Mo3 O12,Cd O6 Pt Sr3,2.374,2.383,0.009,z_b > z_a,log(1 + exp(-(z_b - z_a)))
982,ADJACENT_STRICT_PBE_ORDER_V1,1.0,1316,1317,678,1007,current-nlr-pbe-gw-v1:composition:f9593f89e168bc8b401022212d952ac9ce3f6a0a4c714f01ee3fe7934872bb2a,current-nlr-pbe-gw-v1:composition:b07fc884719eb3aa4bc67028b6b6438805e7bf2f2ee21b40cc37dd743d4f2c46,Cd O6 Pt Sr3,Fe Ge2 Na O6,2.383,2.384,0.001,z_b > z_a,log(1 + exp(-(z_b - z_a)))
983,ADJACENT_STRICT_PBE_ORDER_V1,1.0,1317,1318,1007,297,current-nlr-pbe-gw-v1:composition:b07fc884719eb3aa4bc67028b6b6438805e7bf2f2ee21b40cc37dd743d4f2c46,current-nlr-pbe-gw-v1:composition:3455997febd8abc720313478de11cfef45351be76142c51c37b4b8de648deba9,Fe Ge2 Na O6,Ba Ni2 O8 V2,2.384,2.386,0.002,z_b > z_a,log(1 + exp(-(z_b - z_a)))
984,ADJACENT_STRICT_PBE_ORDER_V1,1.0,1319,1320,1598,35,current-nlr-pbe-gw-v1:composition:4ad84712939b3eaf3513fada7bd8f2fdc695c49d5e2e0ca29656d626b20046a5,current-nlr-pbe-gw-v1:composition:b66e7411285f1d68d401230da7b63515ebf7e56c164f56a042e14aa546f03495,Mn Na O4 V,Ag2 Ba Mn O8 V2,2.386,2.387,0.001,z_b > z_a,log(1 + exp(-(z_b - z_a)))
985,ADJACENT_STRICT_PBE_ORDER_V1,1.0,1321,1322,328,1093,current-nlr-pbe-gw-v1:composition:d5161f405a1f7ac2d83af76715ed69a136de13a6030fb12c8942f0cb1365fe06,current-nlr-pbe-gw-v1:composition:023f63d06f52ddfa02dffb059510f13fea642897ed6bf9f9afd662baba55d949,Ba O7 Si2 V,Fe2 O5 Rb4,2.387,2.389,0.002,z_b > z_a,log(1 + exp(-(z_b - z_a)))
986,ADJACENT_STRICT_PBE_ORDER_V1,1.0,1323,1324,1606,1976,current-nlr-pbe-gw-v1:composition:e78317e90cee890b745ac9960dbca37d06ccaa98ca8c6a45bbea7b1a271579e3,current-nlr-pbe-gw-v1:composition:8818fb90b5fd735e55c087b0ff3ce1e6d7d6532a6edde721fffc7f10f450116f,Mn Nb2 O6,O2 Ti,2.389,2.39,0.001,z_b > z_a,log(1 + exp(-(z_b - z_a)))
987,ADJACENT_STRICT_PBE_ORDER_V1,1.0,1325,1326,1806,1387,current-nlr-pbe-gw-v1:composition:8ee2e7b6bd02371df4d12d5c40a46053667d9af4c082b483ba4998bd4075d02f,current-nlr-pbe-gw-v1:composition:d99d443ddb00cc3acbe48c76b9005127ba49cfef0ed0b5785b2a9849672e67cc,Na2 O2 Pb,K2 La2 O10 Ti3,2.39,2.392,0.002,z_b > z_a,log(1 + exp(-(z_b - z_a)))
988,ADJACENT_STRICT_PBE_ORDER_V1,1.0,1326,1327,1387,1432,current-nlr-pbe-gw-v1:composition:d99d443ddb00cc3acbe48c76b9005127ba49cfef0ed0b5785b2a9849672e67cc,current-nlr-pbe-gw-v1:composition:140d193802bfd7c9c40ee91c36b2d1aec175eac1ae318cb2026789eaab2657fa,K2 La2 O10 Ti3,K2 O7 W2,2.392,2.395,0.003,z_b > z_a,log(1 + exp(-(z_b - z_a)))
989,ADJACENT_STRICT_PBE_ORDER_V1,1.0,1327,1328,1432,700,current-nlr-pbe-gw-v1:composition:140d193802bfd7c9c40ee91c36b2d1aec175eac1ae318cb2026789eaab2657fa,current-nlr-pbe-gw-v1:composition:a2da59704aab8f6c3fc314cba746c592a1fdb300a9cfcef981a88d0d1eaa080e,K2 O7 W2,Cd4 K O12 V3,2.395,2.398,0.003,z_b > z_a,log(1 + exp(-(z_b - z_a)))
990,ADJACENT_STRICT_PBE_ORDER_V1,1.0,1328,1329,700,1037,current-nlr-pbe-gw-v1:composition:a2da59704aab8f6c3fc314cba746c592a1fdb300a9cfcef981a88d0d1eaa080e,current-nlr-pbe-gw-v1:composition:fd7cf19108b5785a57a9669e64c62a3507db87aa715a01df9caecfb3b0ba9011,Cd4 K O12 V3,Fe Na O6 Si2,2.398,2.404,0.006,z_b > z_a,log(1 + exp(-(z_b - z_a)))
991,ADJACENT_STRICT_PBE_ORDER_V1,1.0,1329,1330,1037,751,current-nlr-pbe-gw-v1:composition:fd7cf19108b5785a57a9669e64c62a3507db87aa715a01df9caecfb3b0ba9011,current-nlr-pbe-gw-v1:composition:6d9915101ee2ba343d91a9b129eaf33bc6579b561ba51e49cd53f087401521a8,Fe Na O6 Si2,Co O3 Si,2.404,2.405,0.001,z_b > z_a,log(1 + exp(-(z_b - z_a)))
992,ADJACENT_STRICT_PBE_ORDER_V1,1.0,1330,1331,751,705,current-nlr-pbe-gw-v1:composition:6d9915101ee2ba343d91a9b129eaf33bc6579b561ba51e49cd53f087401521a8,current-nlr-pbe-gw-v1:composition:6b38e4c490d3df652e4c376695845ac78e2e9d138f1464ee640f7082df971695,Co O3 Si,Ce O4 Sr2,2.405,2.407,0.002,z_b > z_a,log(1 + exp(-(z_b - z_a)))
993,ADJACENT_STRICT_PBE_ORDER_V1,1.0,1331,1332,705,743,current-nlr-pbe-gw-v1:composition:6b38e4c490d3df652e4c376695845ac78e2e9d138f1464ee640f7082df971695,current-nlr-pbe-gw-v1:composition:eaba09fd34abd89452b58d8c4d185ce8253b36e79a84029c3985f459d6b00547,Ce O4 Sr2,Co Nb2 O6,2.407,2.409,0.002,z_b > z_a,log(1 + exp(-(z_b - z_a)))
994,ADJACENT_STRICT_PBE_ORDER_V1,1.0,1332,1333,743,1494,current-nlr-pbe-gw-v1:composition:eaba09fd34abd89452b58d8c4d185ce8253b36e79a84029c3985f459d6b00547,current-nlr-pbe-gw-v1:composition:9ea944b200f89808e753a61a4d4bc2964b4395d7ba64257ec2389a6efa86981e,Co Nb2 O6,La Nb5 O14,2.409,2.41,0.001,z_b > z_a,log(1 + exp(-(z_b - z_a)))
995,ADJACENT_STRICT_PBE_ORDER_V1,1.0,1333,1334,1494,69,current-nlr-pbe-gw-v1:composition:9ea944b200f89808e753a61a4d4bc2964b4395d7ba64257ec2389a6efa86981e,current-nlr-pbe-gw-v1:composition:d934517f6dbbbd1c9e84f7a09065d52681b7d6ec96b15a98322f5f3279d52343,La Nb5 O14,Ag6 Mo10 O33,2.41,2.411,0.001,z_b > z_a,log(1 + exp(-(z_b - z_a)))
996,ADJACENT_STRICT_PBE_ORDER_V1,1.0,1334,1335,69,1016,current-nlr-pbe-gw-v1:composition:d934517f6dbbbd1c9e84f7a09065d52681b7d6ec96b15a98322f5f3279d52343,current-nlr-pbe-gw-v1:composition:22585899b341ad9529b3fe7d1fd67b94cb451046a4e88a5b3448cc05357ec6f1,Ag6 Mo10 O33,Fe K2 Na O3,2.411,2.415,0.004,z_b > z_a,log(1 + exp(-(z_b - z_a)))
997,ADJACENT_STRICT_PBE_ORDER_V1,1.0,1336,1337,2079,1126,current-nlr-pbe-gw-v1:composition:22b03c69b23a6c52305790f6375b250311f463a724d48919d671a7c0ef4379de,current-nlr-pbe-gw-v1:composition:f82bd2add7832b8e73dc7ffe5321e9994ec2efb2e1acf4cf1aec9f19cd59c30b,O6 Pt Sr4,Ga K Na4 O4,2.415,2.421,0.006,z_b > z_a,log(1 + exp(-(z_b - z_a)))
998,ADJACENT_STRICT_PBE_ORDER_V1,1.0,1337,1338,1126,24,current-nlr-pbe-gw-v1:composition:f82bd2add7832b8e73dc7ffe5321e9994ec2efb2e1acf4cf1aec9f19cd59c30b,current-nlr-pbe-gw-v1:composition:ddb65f8ea7a9709193bb8b994b7e10ed73400664d26912659afa14946372b74a,Ga K Na4 O4,Ag Nb3 O8,2.421,2.425,0.004,z_b > z_a,log(1 + exp(-(z_b - z_a)))
999,ADJACENT_STRICT_PBE_ORDER_V1,1.0,1338,1339,24,253,current-nlr-pbe-gw-v1:composition:ddb65f8ea7a9709193bb8b994b7e10ed73400664d26912659afa14946372b74a,current-nlr-pbe-gw-v1:composition:1e986bc3ebafcc351665635d40a3af229958dc5ad78883a5d61cc4404fa06b3e,Ag Nb3 O8,Ba Ge2 O5,2.425,2.426,0.001,z_b > z_a,log(1 + exp(-(z_b - z_a)))
1000,ADJACENT_STRICT_PBE_ORDER_V1,1.0,1339,1340,253,267,current-nlr-pbe-gw-v1:composition:1e986bc3ebafcc351665635d40a3af229958dc5ad78883a5d61cc4404fa06b3e,current-nlr-pbe-gw-v1:composition:b616bc20c663a13aea6e1c144b2db66ba3aea5c8f921c95d4ded9746512631f9,Ba Ge2 O5,Ba La2 O10 Ti3,2.426,2.428,0.002,z_b > z_a,log(1 + exp(-(z_b - z_a)))
1001,ADJACENT_STRICT_PBE_ORDER_V1,1.0,1340,1341,267,1763,current-nlr-pbe-gw-v1:composition:b616bc20c663a13aea6e1c144b2db66ba3aea5c8f921c95d4ded9746512631f9,current-nlr-pbe-gw-v1:composition:585dcf59e2db6a7b1c7c3073c80d457a2c2d5162b9a74ff359a2cc68f34fcb51,Ba La2 O10 Ti3,Na Nb3 O8,2.428,2.429,0.001,z_b > z_a,log(1 + exp(-(z_b - z_a)))
1002,ADJACENT_STRICT_PBE_ORDER_V1,1.0,1341,1342,1763,1451,current-nlr-pbe-gw-v1:composition:585dcf59e2db6a7b1c7c3073c80d457a2c2d5162b9a74ff359a2cc68f34fcb51,current-nlr-pbe-gw-v1:composition:fa100030b9c6c7530785570863aaac02df5496d849978988f5c81f091ddc591a,Na Nb3 O8,K3 Nb3 O13 Si2,2.429,2.43,0.001,z_b > z_a,log(1 + exp(-(z_b - z_a)))
1003,ADJACENT_STRICT_PBE_ORDER_V1,1.0,1342,1343,1451,517,current-nlr-pbe-gw-v1:composition:fa100030b9c6c7530785570863aaac02df5496d849978988f5c81f091ddc591a,current-nlr-pbe-gw-v1:composition:5f439c013ddf10c1018281575b8e2704d21d6bfe888b45088177d30986059a18,K3 Nb3 O13 Si2,C4 N4 O,2.43,2.432,0.002,z_b > z_a,log(1 + exp(-(z_b - z_a)))
1004,ADJACENT_STRICT_PBE_ORDER_V1,1.0,1343,1344,517,860,current-nlr-pbe-gw-v1:composition:5f439c013ddf10c1018281575b8e2704d21d6bfe888b45088177d30986059a18,current-nlr-pbe-gw-v1:composition:7093840b0559debe2000a840e409ecaebd5120a45ce0b437cd956b1669809ab6,C4 N4 O,Cr2 Na2 O7,2.432,2.434,0.002,z_b > z_a,log(1 + exp(-(z_b - z_a)))
1005,ADJACENT_STRICT_PBE_ORDER_V1,1.0,1344,1345,860,1160,current-nlr-pbe-gw-v1:composition:7093840b0559debe2000a840e409ecaebd5120a45ce0b437cd956b1669809ab6,current-nlr-pbe-gw-v1:composition:d8916755c83a6dd0ba991b33ab2a5d7784983da8eb6fb751b78da4105ddadbab,Cr2 Na2 O7,Ga4 O7 Sr,2.434,2.436,0.002,z_b > z_a,log(1 + exp(-(z_b - z_a)))
1006,ADJACENT_STRICT_PBE_ORDER_V1,1.0,1346,1347,36,1400,current-nlr-pbe-gw-v1:composition:ffe2b5da8c34a1288981bb2c503b69d51dbf29a04f1cfff7992fdcab9359aed9,current-nlr-pbe-gw-v1:composition:bca3402f7ea148a1fbcf0e5dde0869dacdf7d297defb5993e2a370c296055c8e,Ag2 Ca O12 V4,K2 Mo3 Ni2 O12,2.436,2.438,0.002,z_b > z_a,log(1 + exp(-(z_b - z_a)))
1007,ADJACENT_STRICT_PBE_ORDER_V1,1.0,1347,1348,1400,1137,current-nlr-pbe-gw-v1:composition:bca3402f7ea148a1fbcf0e5dde0869dacdf7d297defb5993e2a370c296055c8e,current-nlr-pbe-gw-v1:composition:3137610cc95004ba5b545e777b2ee14f555801ab29370101495babb222a74e96,K2 Mo3 Ni2 O12,Ga O3 Rb3,2.438,2.439,0.001,z_b > z_a,log(1 + exp(-(z_b - z_a)))
1008,ADJACENT_STRICT_PBE_ORDER_V1,1.0,1348,1349,1137,552,current-nlr-pbe-gw-v1:composition:3137610cc95004ba5b545e777b2ee14f555801ab29370101495babb222a74e96,current-nlr-pbe-gw-v1:composition:4592a46127823d214c81916de61eecab12c3b3bee7a14ef393096cac477e8fc7,Ga O3 Rb3,Ca Mo O6 Sr2,2.439,2.441,0.002,z_b > z_a,log(1 + exp(-(z_b - z_a)))
1009,ADJACENT_STRICT_PBE_ORDER_V1,1.0,1350,1351,260,398,current-nlr-pbe-gw-v1:composition:6d331f3d6c6ac0156ab45a011b1a83e9ac02df196a1d2b99aff87bab1e0cee2b,current-nlr-pbe-gw-v1:composition:64a15ba39d2aedbe6c0cb34ee4395726b7dbe03899311e4785fb992eeda797f2,Ba In2 La2 O7,Ba2 O4 Sn,2.441,2.445,0.004,z_b > z_a,log(1 + exp(-(z_b - z_a)))
1010,ADJACENT_STRICT_PBE_ORDER_V1,1.0,1351,1352,398,712,current-nlr-pbe-gw-v1:composition:64a15ba39d2aedbe6c0cb34ee4395726b7dbe03899311e4785fb992eeda797f2,current-nlr-pbe-gw-v1:composition:27da5ac79a0bc52eb148d6dc0f4af2dc351cb4a16c185bed68cd16a05e4f2e8c,Ba2 O4 Sn,Co Cr2 O4,2.445,2.448,0.003,z_b > z_a,log(1 + exp(-(z_b - z_a)))
1011,ADJACENT_STRICT_PBE_ORDER_V1,1.0,1353,1354,1620,864,current-nlr-pbe-gw-v1:composition:ac3f4aabf91ed5fb0d001698386d4259cc4dedbd98cf8dea0457d3cf64674e15,current-nlr-pbe-gw-v1:composition:fd7da1db74f4ffa37bfc56d8ae42be40b85dbbaf5948a9b1cb717be10dac2696,Mn O3 Ti,Cr2 O4 Si,2.448,2.449,0.001,z_b > z_a,log(1 + exp(-(z_b - z_a)))
1012,ADJACENT_STRICT_PBE_ORDER_V1,1.0,1354,1355,864,211,current-nlr-pbe-gw-v1:composition:fd7da1db74f4ffa37bfc56d8ae42be40b85dbbaf5948a9b1cb717be10dac2696,current-nlr-pbe-gw-v1:composition:cedd1d613edf7f124052eb855c5a1e1e22457cccc3cf4bf24c2a76dfa852ff27,Cr2 O4 Si,Ba Ce O3,2.449,2.455,0.006,z_b > z_a,log(1 + exp(-(z_b - z_a)))
1013,ADJACENT_STRICT_PBE_ORDER_V1,1.0,1355,1356,211,1872,current-nlr-pbe-gw-v1:composition:cedd1d613edf7f124052eb855c5a1e1e22457cccc3cf4bf24c2a76dfa852ff27,current-nlr-pbe-gw-v1:composition:933ee90bc2b1ba9a1f21bd2922fe564a77ef9352a36c71f2f310973ed67191fd,Ba Ce O3,Nb2 Ni O6,2.455,2.456,0.001,z_b > z_a,log(1 + exp(-(z_b - z_a)))
1014,ADJACENT_STRICT_PBE_ORDER_V1,1.0,1356,1357,1872,2139,current-nlr-pbe-gw-v1:composition:933ee90bc2b1ba9a1f21bd2922fe564a77ef9352a36c71f2f310973ed67191fd,current-nlr-pbe-gw-v1:composition:43a05ebef6e11e39ece1593196ab45727a04a36403eacff70f5ec78b55ab5cda,Nb2 Ni O6,O9 V2 Zn4,2.456,2.458,0.002,z_b > z_a,log(1 + exp(-(z_b - z_a)))
1015,ADJACENT_STRICT_PBE_ORDER_V1,1.0,1357,1358,2139,171,current-nlr-pbe-gw-v1:composition:43a05ebef6e11e39ece1593196ab45727a04a36403eacff70f5ec78b55ab5cda,current-nlr-pbe-gw-v1:composition:801b5bf89aa78c08bf434860a12ba2b7f0af3b08eb66e3c7ff0a8e5b72456d65,O9 V2 Zn4,Al5 Na17 O16,2.458,2.459,0.001,z_b > z_a,log(1 + exp(-(z_b - z_a)))
1016,ADJACENT_STRICT_PBE_ORDER_V1,1.0,1358,1359,171,2098,current-nlr-pbe-gw-v1:composition:801b5bf89aa78c08bf434860a12ba2b7f0af3b08eb66e3c7ff0a8e5b72456d65,current-nlr-pbe-gw-v1:composition:5f561a4bb4fcae5ad5a7976f3e4c9f54fb02fd87022fb123408f9723ea4f652e,Al5 Na17 O16,O7 Rb2 W2,2.459,2.46,0.001,z_b > z_a,log(1 + exp(-(z_b - z_a)))
1017,ADJACENT_STRICT_PBE_ORDER_V1,1.0,1359,1360,2098,56,current-nlr-pbe-gw-v1:composition:5f561a4bb4fcae5ad5a7976f3e4c9f54fb02fd87022fb123408f9723ea4f652e,current-nlr-pbe-gw-v1:composition:d4aa083060d4a0c634c5ecd8162db261ac3a6ac931ce0161f153809940775131,O7 Rb2 W2,Ag2 O4 W,2.46,2.461,0.001,z_b > z_a,log(1 + exp(-(z_b - z_a)))
1018,ADJACENT_STRICT_PBE_ORDER_V1,1.0,1360,1361,56,697,current-nlr-pbe-gw-v1:composition:d4aa083060d4a0c634c5ecd8162db261ac3a6ac931ce0161f153809940775131,current-nlr-pbe-gw-v1:composition:cff24fe9d1b084977ebd50dc7f5f74dd353e9d0f93abbd5bf1d90790ef70e2ee,Ag2 O4 W,Cd3 Na2 O10 Si3,2.461,2.463,0.002,z_b > z_a,log(1 + exp(-(z_b - z_a)))
1019,ADJACENT_STRICT_PBE_ORDER_V1,1.0,1361,1362,697,1516,current-nlr-pbe-gw-v1:composition:cff24fe9d1b084977ebd50dc7f5f74dd353e9d0f93abbd5bf1d90790ef70e2ee,current-nlr-pbe-gw-v1:composition:c521d1499721fe3154d4430dc9acdc6e947875ff486c9e3f8471289e2d741db2,Cd3 Na2 O10 Si3,La2 Na2 O10 Ti3,2.463,2.464,0.001,z_b > z_a,log(1 + exp(-(z_b - z_a)))
1020,ADJACENT_STRICT_PBE_ORDER_V1,1.0,1362,1363,1516,1232,current-nlr-pbe-gw-v1:composition:c521d1499721fe3154d4430dc9acdc6e947875ff486c9e3f8471289e2d741db2,current-nlr-pbe-gw-v1:composition:83d2e19a349cfd87c63ea4bd11cab957cbab1c09e310b4bc11110e08c00d2b8b,La2 Na2 O10 Ti3,Ge3 O9 Rb2 Sn,2.464,2.471,0.007,z_b > z_a,log(1 + exp(-(z_b - z_a)))
1021,ADJACENT_STRICT_PBE_ORDER_V1,1.0,1363,1364,1232,704,current-nlr-pbe-gw-v1:composition:83d2e19a349cfd87c63ea4bd11cab957cbab1c09e310b4bc11110e08c00d2b8b,current-nlr-pbe-gw-v1:composition:e13982c3d9009c90d2e4612dc36bdef6794951d3b8b4d20cdf40ee9c9322c133,Ge3 O9 Rb2 Sn,Ce O3 Sr,2.471,2.472,0.001,z_b > z_a,log(1 + exp(-(z_b - z_a)))
1022,ADJACENT_STRICT_PBE_ORDER_V1,1.0,1364,1365,704,694,current-nlr-pbe-gw-v1:composition:e13982c3d9009c90d2e4612dc36bdef6794951d3b8b4d20cdf40ee9c9322c133,current-nlr-pbe-gw-v1:composition:0091a1f5aebbcd9bcdbda51e3ac7baf763a4fdd3e9196c254597ad66a6db821a,Ce O3 Sr,Cd2 O7 V2,2.472,2.482,0.010,z_b > z_a,log(1 + exp(-(z_b - z_a)))
1023,ADJACENT_STRICT_PBE_ORDER_V1,1.0,1365,1366,694,896,current-nlr-pbe-gw-v1:composition:0091a1f5aebbcd9bcdbda51e3ac7baf763a4fdd3e9196c254597ad66a6db821a,current-nlr-pbe-gw-v1:composition:55ceff2ac25e5e9b6aa4e0d038009395666a3d4873a529e960b2e5c587e02cd8,Cd2 O7 V2,Cu K2 O10 Si4,2.482,2.483,0.001,z_b > z_a,log(1 + exp(-(z_b - z_a)))
1024,ADJACENT_STRICT_PBE_ORDER_V1,1.0,1367,1368,519,166,current-nlr-pbe-gw-v1:composition:bed4fa4057f3f358e802ae0dbfd0aad6262e5ae9610147c79ccebab6a6b6fb48,current-nlr-pbe-gw-v1:composition:7b77de27c5c2a193d680e57d30ceaf34767459980a734c18b8b145d659c383a6,Ca Ce O3,Al4 Na14 O13,2.483,2.484,0.001,z_b > z_a,log(1 + exp(-(z_b - z_a)))
1025,ADJACENT_STRICT_PBE_ORDER_V1,1.0,1370,1371,727,800,current-nlr-pbe-gw-v1:composition:edff519af303f08d5e575c5fdd57202ae9b3bb27690cebda90e68196c9253bb7,current-nlr-pbe-gw-v1:composition:15dd84d0d2e920fa78bb182aa9856dc736f708200496ffdfb04c4b398264d3e4,Co K6 Mo5 O19,Cr Ge2 Na O6,2.484,2.485,0.001,z_b > z_a,log(1 + exp(-(z_b - z_a)))
1026,ADJACENT_STRICT_PBE_ORDER_V1,1.0,1372,1373,1452,1707,current-nlr-pbe-gw-v1:composition:a2eb2f5d7eeeef96f6e2219a52ba53eaadc85bd450f6fbd7b5a26dd46fe2a22a,current-nlr-pbe-gw-v1:composition:4197a8a7feef804e17940e8eca4d82d741d1e430c4953c00e0751753be36407b,K3 Nb6 O19 V,Mo3 Ni2 O12 Rb2,2.485,2.487,0.002,z_b > z_a,log(1 + exp(-(z_b - z_a)))
1027,ADJACENT_STRICT_PBE_ORDER_V1,1.0,1373,1374,1707,892,current-nlr-pbe-gw-v1:composition:4197a8a7feef804e17940e8eca4d82d741d1e430c4953c00e0751753be36407b,current-nlr-pbe-gw-v1:composition:bd488cb30a81ff89f6a9a1cbe102cc51a93dea536fbc161ed4c804ae3d66d861,Mo3 Ni2 O12 Rb2,Cu K Na O10 Si4,2.487,2.489,0.002,z_b > z_a,log(1 + exp(-(z_b - z_a)))
1028,ADJACENT_STRICT_PBE_ORDER_V1,1.0,1374,1375,892,537,current-nlr-pbe-gw-v1:composition:bd488cb30a81ff89f6a9a1cbe102cc51a93dea536fbc161ed4c804ae3d66d861,current-nlr-pbe-gw-v1:composition:3c1d65e65eb6b0c5e58671c3d2a68f7c333cbaca9c120324949ebbae45174dbe,Cu K Na O10 Si4,Ca Ge O3,2.489,2.49,0.001,z_b > z_a,log(1 + exp(-(z_b - z_a)))
1029,ADJACENT_STRICT_PBE_ORDER_V1,1.0,1376,1377,673,859,current-nlr-pbe-gw-v1:composition:aa6fa8e68af94ec1a4aee1d357497edd2173bc35f7b268ce2cf08f31627b4153,current-nlr-pbe-gw-v1:composition:fda7ac70c27c3c7f779fab2738a2151eb0149394bcfb27a34492fde70adee6b3,Cd O4 Rb2 Si,Cr2 Na O7 Rb,2.49,2.492,0.002,z_b > z_a,log(1 + exp(-(z_b - z_a)))
1030,ADJACENT_STRICT_PBE_ORDER_V1,1.0,1377,1378,859,2120,current-nlr-pbe-gw-v1:composition:fda7ac70c27c3c7f779fab2738a2151eb0149394bcfb27a34492fde70adee6b3,current-nlr-pbe-gw-v1:composition:515254a39e032a9713d8ad88208e7191b710d2e1ac8899d888a0ac10b9ef8f75,Cr2 Na O7 Rb,O7 V2 Zn2,2.492,2.493,0.001,z_b > z_a,log(1 + exp(-(z_b - z_a)))
1031,ADJACENT_STRICT_PBE_ORDER_V1,1.0,1378,1379,2120,470,current-nlr-pbe-gw-v1:composition:515254a39e032a9713d8ad88208e7191b710d2e1ac8899d888a0ac10b9ef8f75,current-nlr-pbe-gw-v1:composition:e0b50281667f3f765d329afc0db02a8440f139d38abdf017eb7182268be374bf,O7 V2 Zn2,Ba4 O10 Pt Ti2,2.493,2.495,0.002,z_b > z_a,log(1 + exp(-(z_b - z_a)))
1032,ADJACENT_STRICT_PBE_ORDER_V1,1.0,1380,1381,650,1013,current-nlr-pbe-gw-v1:composition:f2f392a417364ab9ce8465d7289eb32f7f2cb18d93d86d8f20a5c88cf91fa071,current-nlr-pbe-gw-v1:composition:da5a7f8b9c3416f48a7830f3cc569bde6391e04fc22469fa52ead6883316c18d,Cd Cr2 O4,Fe K Na2 O3,2.495,2.499,0.004,z_b > z_a,log(1 + exp(-(z_b - z_a)))
1033,ADJACENT_STRICT_PBE_ORDER_V1,1.0,1381,1382,1013,1229,current-nlr-pbe-gw-v1:composition:da5a7f8b9c3416f48a7830f3cc569bde6391e04fc22469fa52ead6883316c18d,current-nlr-pbe-gw-v1:composition:84459befb03bb298b28aefbd5b843ee409618fef7acb5661cdb08ac36dbbc17d,Fe K Na2 O3,Ge3 O11 Pb5,2.499,2.505,0.006,z_b > z_a,log(1 + exp(-(z_b - z_a)))
1034,ADJACENT_STRICT_PBE_ORDER_V1,1.0,1382,1383,1229,726,current-nlr-pbe-gw-v1:composition:84459befb03bb298b28aefbd5b843ee409618fef7acb5661cdb08ac36dbbc17d,current-nlr-pbe-gw-v1:composition:61d04088c449e81db19ee5d97fbaeb3e8b6b02cc0010425eabff3b1149b3ad31,Ge3 O11 Pb5,Co K4 Mo4 O15,2.505,2.506,0.001,z_b > z_a,log(1 + exp(-(z_b - z_a)))
1035,ADJACENT_STRICT_PBE_ORDER_V1,1.0,1383,1384,726,1009,current-nlr-pbe-gw-v1:composition:61d04088c449e81db19ee5d97fbaeb3e8b6b02cc0010425eabff3b1149b3ad31,current-nlr-pbe-gw-v1:composition:82a817821e1c6a8ec75ea9f575c3e15dc8041c351962ce7a7b2f00adbd34f8d8,Co K4 Mo4 O15,Fe Hf Mo6 O24 Rb5,2.506,2.508,0.002,z_b > z_a,log(1 + exp(-(z_b - z_a)))
1036,ADJACENT_STRICT_PBE_ORDER_V1,1.0,1384,1385,1009,226,current-nlr-pbe-gw-v1:composition:82a817821e1c6a8ec75ea9f575c3e15dc8041c351962ce7a7b2f00adbd34f8d8,current-nlr-pbe-gw-v1:composition:114380f6b436c4929edd9b1ccf634f71020ae7729883e1bb4abb40a80252a6f5,Fe Hf Mo6 O24 Rb5,Ba Cr2 O7,2.508,2.509,0.001,z_b > z_a,log(1 + exp(-(z_b - z_a)))
1037,ADJACENT_STRICT_PBE_ORDER_V1,1.0,1386,1387,586,1641,current-nlr-pbe-gw-v1:composition:d3f0dcb3e9ade0b31c3ba9475f6c7d295efde383d591ba7963013e7f1646fb19,current-nlr-pbe-gw-v1:composition:36070a7624f3861dd80ea09b650c3cf418ac1031083572f8899077063163caee,Ca O9 V4,Mn2 Na2 O7 Si2,2.509,2.513,0.004,z_b > z_a,log(1 + exp(-(z_b - z_a)))
1038,ADJACENT_STRICT_PBE_ORDER_V1,1.0,1387,1388,1641,1805,current-nlr-pbe-gw-v1:composition:36070a7624f3861dd80ea09b650c3cf418ac1031083572f8899077063163caee,current-nlr-pbe-gw-v1:composition:83d3056e92dd20787c231bbc107e4edeac8174fcddffc6a0e7e76cc6b9feee0e,Mn2 Na2 O7 Si2,Na2 O19 Ti9,2.513,2.516,0.003,z_b > z_a,log(1 + exp(-(z_b - z_a)))
1039,ADJACENT_STRICT_PBE_ORDER_V1,1.0,1388,1389,1805,845,current-nlr-pbe-gw-v1:composition:83d3056e92dd20787c231bbc107e4edeac8174fcddffc6a0e7e76cc6b9feee0e,current-nlr-pbe-gw-v1:composition:5f63e6a2c67de66d2484965fe9a19583c57e49919d8b61ce329baf29c9ec5ce0,Na2 O19 Ti9,Cr2 Fe3 O12 Si3,2.516,2.519,0.003,z_b > z_a,log(1 + exp(-(z_b - z_a)))
1040,ADJACENT_STRICT_PBE_ORDER_V1,1.0,1390,1391,1194,2,current-nlr-pbe-gw-v1:composition:a9aac2b109559746c8463e7c6ac7bd5af9c4dfcb8891dc58a4a57dd1087d8b81,current-nlr-pbe-gw-v1:composition:4e65549ffe5b7462a01bf8909ca57a094baff0f21905f824b1b554081478f25c,Ge O4 Rb4,Ag Cd O4 V,2.519,2.522,0.003,z_b > z_a,log(1 + exp(-(z_b - z_a)))
1041,ADJACENT_STRICT_PBE_ORDER_V1,1.0,1391,1392,2,1125,current-nlr-pbe-gw-v1:composition:4e65549ffe5b7462a01bf8909ca57a094baff0f21905f824b1b554081478f25c,current-nlr-pbe-gw-v1:composition:05f174bf29d62b88685db45e8ccc66e278d67ac3246bf70728290cfccb3c5088,Ag Cd O4 V,Ga K Na2 O3,2.522,2.523,0.001,z_b > z_a,log(1 + exp(-(z_b - z_a)))
1042,ADJACENT_STRICT_PBE_ORDER_V1,1.0,1392,1393,1125,912,current-nlr-pbe-gw-v1:composition:05f174bf29d62b88685db45e8ccc66e278d67ac3246bf70728290cfccb3c5088,current-nlr-pbe-gw-v1:composition:cbc6c3f54bfa977088828a4586f379a6095819c85dd75caee07b33a84dd57bd9,Ga K Na2 O3,Cu Na2 O10 Si4,2.523,2.524,0.001,z_b > z_a,log(1 + exp(-(z_b - z_a)))
1043,ADJACENT_STRICT_PBE_ORDER_V1,1.0,1393,1394,912,523,current-nlr-pbe-gw-v1:composition:cbc6c3f54bfa977088828a4586f379a6095819c85dd75caee07b33a84dd57bd9,current-nlr-pbe-gw-v1:composition:fc0d0ab727f1bc6c556e24c4c3da1340c6071656d99511febb2f5729ae999c47,Cu Na2 O10 Si4,Ca Cu O10 Si4,2.524,2.525,0.001,z_b > z_a,log(1 + exp(-(z_b - z_a)))
1044,ADJACENT_STRICT_PBE_ORDER_V1,1.0,1394,1395,523,338,current-nlr-pbe-gw-v1:composition:fc0d0ab727f1bc6c556e24c4c3da1340c6071656d99511febb2f5729ae999c47,current-nlr-pbe-gw-v1:composition:a61e8045c87909931537c33b8209fbc461b7f33eb8c7ef526ef233b38c7879e5,Ca Cu O10 Si4,Ba17 O57 Pt4 Y16 Zn8,2.525,2.527,0.002,z_b > z_a,log(1 + exp(-(z_b - z_a)))
1045,ADJACENT_STRICT_PBE_ORDER_V1,1.0,1395,1396,338,1607,current-nlr-pbe-gw-v1:composition:a61e8045c87909931537c33b8209fbc461b7f33eb8c7ef526ef233b38c7879e5,current-nlr-pbe-gw-v1:composition:5e5628952d68ac9dec42a194caff8ed268b7d2804c27d37841e2b615cc6f3c9b,Ba17 O57 Pt4 Y16 Zn8,Mn Nb2 O8 Zn2,2.527,2.534,0.007,z_b > z_a,log(1 + exp(-(z_b - z_a)))
1046,ADJACENT_STRICT_PBE_ORDER_V1,1.0,1396,1397,1607,1175,current-nlr-pbe-gw-v1:composition:5e5628952d68ac9dec42a194caff8ed268b7d2804c27d37841e2b615cc6f3c9b,current-nlr-pbe-gw-v1:composition:68c2014736c44de01018f8cc1035277d066e33478b7447d594e6d58731eb0b39,Mn Nb2 O8 Zn2,Ge Mg O3,2.534,2.541,0.007,z_b > z_a,log(1 + exp(-(z_b - z_a)))
1047,ADJACENT_STRICT_PBE_ORDER_V1,1.0,1397,1398,1175,1697,current-nlr-pbe-gw-v1:composition:68c2014736c44de01018f8cc1035277d066e33478b7447d594e6d58731eb0b39,current-nlr-pbe-gw-v1:composition:b69badb0f083606dc394a749cee8ec6c927ddfe89759caad7b6178b3ccf37986,Ge Mg O3,Mo11 Na6 O36,2.541,2.543,0.002,z_b > z_a,log(1 + exp(-(z_b - z_a)))
1048,ADJACENT_STRICT_PBE_ORDER_V1,1.0,1398,1399,1697,535,current-nlr-pbe-gw-v1:composition:b69badb0f083606dc394a749cee8ec6c927ddfe89759caad7b6178b3ccf37986,current-nlr-pbe-gw-v1:composition:7726471a097e1f9c20b7a5212e752bd17e6d92d428f5a8e50b0848c71c07a5ae,Mo11 Na6 O36,Ca Ga4 O7,2.543,2.544,0.001,z_b > z_a,log(1 + exp(-(z_b - z_a)))
1049,ADJACENT_STRICT_PBE_ORDER_V1,1.0,1399,1400,535,675,current-nlr-pbe-gw-v1:composition:7726471a097e1f9c20b7a5212e752bd17e6d92d428f5a8e50b0848c71c07a5ae,current-nlr-pbe-gw-v1:composition:2e51526b13ce06c1fb34d6a2f65bd87d80ce86346b173ed90e5a33bfec790c00,Ca Ga4 O7,Cd O4 Sb2,2.544,2.551,0.007,z_b > z_a,log(1 + exp(-(z_b - z_a)))
1050,ADJACENT_STRICT_PBE_ORDER_V1,1.0,1400,1401,675,1584,current-nlr-pbe-gw-v1:composition:2e51526b13ce06c1fb34d6a2f65bd87d80ce86346b173ed90e5a33bfec790c00,current-nlr-pbe-gw-v1:composition:21ee7a9bf7f15a7231cf0b1c71d6f053e3f7ed2a8b47d213bc40ea071954ccd7,Cd O4 Sb2,Mg2 O4 Sn,2.551,2.554,0.003,z_b > z_a,log(1 + exp(-(z_b - z_a)))
1051,ADJACENT_STRICT_PBE_ORDER_V1,1.0,1401,1402,1584,449,current-nlr-pbe-gw-v1:composition:21ee7a9bf7f15a7231cf0b1c71d6f053e3f7ed2a8b47d213bc40ea071954ccd7,current-nlr-pbe-gw-v1:composition:93c12116470f780b17d601209b82c44e9342312ebe25f654e1fa3b61e5650ed5,Mg2 O4 Sn,Ba3 Nb6 O26 Si4,2.554,2.557,0.003,z_b > z_a,log(1 + exp(-(z_b - z_a)))
1052,ADJACENT_STRICT_PBE_ORDER_V1,1.0,1402,1403,449,959,current-nlr-pbe-gw-v1:composition:93c12116470f780b17d601209b82c44e9342312ebe25f654e1fa3b61e5650ed5,current-nlr-pbe-gw-v1:composition:7c88dae546801c9c1688d6e91dcbc3e5f9bf7544a01e0c2f9be1b23d001e223c,Ba3 Nb6 O26 Si4,Cu2 O19 Rb2 Si8,2.557,2.558,0.001,z_b > z_a,log(1 + exp(-(z_b - z_a)))
1053,ADJACENT_STRICT_PBE_ORDER_V1,1.0,1403,1404,959,2056,current-nlr-pbe-gw-v1:composition:7c88dae546801c9c1688d6e91dcbc3e5f9bf7544a01e0c2f9be1b23d001e223c,current-nlr-pbe-gw-v1:composition:0804a5015e09a262534668d8e3b353feb22bcd75e0580f6c1ad59becfd43f428,Cu2 O19 Rb2 Si8,O4 Ti Zn2,2.558,2.559,0.001,z_b > z_a,log(1 + exp(-(z_b - z_a)))
1054,ADJACENT_STRICT_PBE_ORDER_V1,1.0,1405,1406,228,1529,current-nlr-pbe-gw-v1:composition:c18a5a3ea5ec1b4e020e6aa86a979baf26638ed238c60d92a7319b1e6df224b9,current-nlr-pbe-gw-v1:composition:3802ed8e9b0dea640f27c69302729e667c9beb6ca8a5be15f94f7661b644ae82,Ba Cu O10 Si4,La2 O7 Sn2,2.559,2.561,0.002,z_b > z_a,log(1 + exp(-(z_b - z_a)))
1055,ADJACENT_STRICT_PBE_ORDER_V1,1.0,1407,1408,921,850,current-nlr-pbe-gw-v1:composition:55c91d328d8aaeaf6c1f62a37cc77f39deb158d689bfb6baf622d0b4abcc568c,current-nlr-pbe-gw-v1:composition:e7b88bea5b611849e5acf809c39e95803b7fdbb130f9bb66ab493670a05196d0,Cu O10 Si4 Sr,Cr2 K La O8,2.561,2.563,0.002,z_b > z_a,log(1 + exp(-(z_b - z_a)))
1056,ADJACENT_STRICT_PBE_ORDER_V1,1.0,1408,1409,850,855,current-nlr-pbe-gw-v1:composition:e7b88bea5b611849e5acf809c39e95803b7fdbb130f9bb66ab493670a05196d0,current-nlr-pbe-gw-v1:composition:3a6f16f15cfe05c00e0e4858a0ff8d4bc45dfeeea1f75644a3d33d58867b89dd,Cr2 K La O8,Cr2 Mn O4,2.563,2.567,0.004,z_b > z_a,log(1 + exp(-(z_b - z_a)))
1057,ADJACENT_STRICT_PBE_ORDER_V1,1.0,1409,1410,855,1566,current-nlr-pbe-gw-v1:composition:3a6f16f15cfe05c00e0e4858a0ff8d4bc45dfeeea1f75644a3d33d58867b89dd,current-nlr-pbe-gw-v1:composition:43b925e3010d29e61ef9683ed58f9194afe755c28a8ef827a3bae58e4a624a86,Cr2 Mn O4,Mg O3 V,2.567,2.569,0.002,z_b > z_a,log(1 + exp(-(z_b - z_a)))
1058,ADJACENT_STRICT_PBE_ORDER_V1,1.0,1410,1411,1566,1511,current-nlr-pbe-gw-v1:composition:43b925e3010d29e61ef9683ed58f9194afe755c28a8ef827a3bae58e4a624a86,current-nlr-pbe-gw-v1:composition:11c44d1adee34fda02b7e8133f71ad4e9c7803a89e122f90fac7b448d0ad0763,Mg O3 V,La2 Mo O6,2.569,2.571,0.002,z_b > z_a,log(1 + exp(-(z_b - z_a)))
1059,ADJACENT_STRICT_PBE_ORDER_V1,1.0,1412,1413,1578,680,current-nlr-pbe-gw-v1:composition:361e1be530c2b4e010c5206ad94c86cdf68d967bfe66ca956c36340bbacf5b0a,current-nlr-pbe-gw-v1:composition:477a14d5d1f86986b59c6e14537573a8faa505c79cb4b2682c9bfffa503555b6,Mg O6 V2,Cd O6 V2,2.571,2.572,0.001,z_b > z_a,log(1 + exp(-(z_b - z_a)))
1060,ADJACENT_STRICT_PBE_ORDER_V1,1.0,1413,1414,680,497,current-nlr-pbe-gw-v1:composition:477a14d5d1f86986b59c6e14537573a8faa505c79cb4b2682c9bfffa503555b6,current-nlr-pbe-gw-v1:composition:9a6f79e2d9c1d224aa8887f12e2a32225b3f0ca84cde603126bd2dc7aed8e92d,Cd O6 V2,Bi Cl O,2.572,2.579,0.007,z_b > z_a,log(1 + exp(-(z_b - z_a)))
1061,ADJACENT_STRICT_PBE_ORDER_V1,1.0,1414,1415,497,1864,current-nlr-pbe-gw-v1:composition:9a6f79e2d9c1d224aa8887f12e2a32225b3f0ca84cde603126bd2dc7aed8e92d,current-nlr-pbe-gw-v1:composition:56b66de969f5425f01d3fda9d6ff0bbe65d71a831a23a553a07da483e9164e3e,Bi Cl O,Nb O4 Sb,2.579,2.582,0.003,z_b > z_a,log(1 + exp(-(z_b - z_a)))
1062,ADJACENT_STRICT_PBE_ORDER_V1,1.0,1416,1417,30,2096,current-nlr-pbe-gw-v1:composition:e513edc1464aa11b17a327f38304bc387a0c82aa9765cc4bd2c5031370c35311,current-nlr-pbe-gw-v1:composition:364d51fd99f5020b57b3ad6f331cef3ed3b3ec2c8855da16c55243eea2750d04,Ag O2 Y,O7 Pb3 Si2,2.582,2.584,0.002,z_b > z_a,log(1 + exp(-(z_b - z_a)))
1063,ADJACENT_STRICT_PBE_ORDER_V1,1.0,1417,1418,2096,560,current-nlr-pbe-gw-v1:composition:364d51fd99f5020b57b3ad6f331cef3ed3b3ec2c8855da16c55243eea2750d04,current-nlr-pbe-gw-v1:composition:d50afcd9588c6cfe885230834bbf357fb92a0089f0e6501398f5389fa8645682,O7 Pb3 Si2,Ca O2,2.584,2.587,0.003,z_b > z_a,log(1 + exp(-(z_b - z_a)))
1064,ADJACENT_STRICT_PBE_ORDER_V1,1.0,1418,1419,560,851,current-nlr-pbe-gw-v1:composition:d50afcd9588c6cfe885230834bbf357fb92a0089f0e6501398f5389fa8645682,current-nlr-pbe-gw-v1:composition:a2b41807e63e78e89d5c5e84d62c3ece2bbe4626f9e12d76d1637d6c93df507e,Ca O2,Cr2 K2 O7,2.587,2.588,0.001,z_b > z_a,log(1 + exp(-(z_b - z_a)))
1065,ADJACENT_STRICT_PBE_ORDER_V1,1.0,1419,1420,851,1161,current-nlr-pbe-gw-v1:composition:a2b41807e63e78e89d5c5e84d62c3ece2bbe4626f9e12d76d1637d6c93df507e,current-nlr-pbe-gw-v1:composition:d4dd4d4342e591a2f4774e99f4fcda660cc6bf029f1e5847b67c2dba2860dd14,Cr2 K2 O7,Ga4 O8 Ti,2.588,2.59,0.002,z_b > z_a,log(1 + exp(-(z_b - z_a)))
1066,ADJACENT_STRICT_PBE_ORDER_V1,1.0,1420,1421,1161,31,current-nlr-pbe-gw-v1:composition:d4dd4d4342e591a2f4774e99f4fcda660cc6bf029f1e5847b67c2dba2860dd14,current-nlr-pbe-gw-v1:composition:f84ed8242bc450f68642c16e37e32026484e19d86e1ba412729725eaf8cc32bf,Ga4 O8 Ti,Ag O3 V,2.59,2.591,0.001,z_b > z_a,log(1 + exp(-(z_b - z_a)))
1067,ADJACENT_STRICT_PBE_ORDER_V1,1.0,1421,1422,31,820,current-nlr-pbe-gw-v1:composition:f84ed8242bc450f68642c16e37e32026484e19d86e1ba412729725eaf8cc32bf,current-nlr-pbe-gw-v1:composition:3f6e199c0a2d7229d938db6c20e841c41db2594091abee30935c74f7389e9676,Ag O3 V,Cr Na O2,2.591,2.596,0.005,z_b > z_a,log(1 + exp(-(z_b - z_a)))
1068,ADJACENT_STRICT_PBE_ORDER_V1,1.0,1423,1424,1243,244,current-nlr-pbe-gw-v1:composition:633a77a9745f704f011543b77bf3e3657e57b445d628c992e2898672c8473c6b,current-nlr-pbe-gw-v1:composition:b0d1a5355ff08dde5e3a9eff6493e1671117ac46ffc1022918f71d057a9c1157,Ge8 K2 O17,Ba Fe2 O4,2.596,2.597,0.001,z_b > z_a,log(1 + exp(-(z_b - z_a)))
1069,ADJACENT_STRICT_PBE_ORDER_V1,1.0,1425,1426,1024,866,current-nlr-pbe-gw-v1:composition:cf1b550079ccbd2a931ddb96f14f2df217fe4014cb5aa33ff3f352355c2179df,current-nlr-pbe-gw-v1:composition:e7871bcca8853801aac75ab3bb073a7f84c8891cd29eedfabc68105654c49d85,Fe La3 O6,Cr2 O4 Zn,2.597,2.603,0.006,z_b > z_a,log(1 + exp(-(z_b - z_a)))
1070,ADJACENT_STRICT_PBE_ORDER_V1,1.0,1426,1427,866,669,current-nlr-pbe-gw-v1:composition:e7871bcca8853801aac75ab3bb073a7f84c8891cd29eedfabc68105654c49d85,current-nlr-pbe-gw-v1:composition:197492a72bca19abbcc05a70d3a69ac98cf9ab90d3b5687bf2f4d3ba51d924f8,Cr2 O4 Zn,Cd O3 Si,2.603,2.606,0.003,z_b > z_a,log(1 + exp(-(z_b - z_a)))
1071,ADJACENT_STRICT_PBE_ORDER_V1,1.0,1430,1431,1849,611,current-nlr-pbe-gw-v1:composition:f8bf89bdeec7e0bec1e56c4f87e2b0eb154894b56a24d066d928d133efbc9acc,current-nlr-pbe-gw-v1:composition:4692de37dc2d7cc4a61e56d7ae96797b3f3bf32cd4a55aea9692f3f6da9f837f,Na5 Nb O5,Ca2 O6 Si Ti,2.606,2.614,0.008,z_b > z_a,log(1 + exp(-(z_b - z_a)))
1072,ADJACENT_STRICT_PBE_ORDER_V1,1.0,1431,1432,611,1217,current-nlr-pbe-gw-v1:composition:4692de37dc2d7cc4a61e56d7ae96797b3f3bf32cd4a55aea9692f3f6da9f837f,current-nlr-pbe-gw-v1:composition:ba5474c2d7aafb79be58be931a4446361965ff1bf71619e30c94bb2af1028eac,Ca2 O6 Si Ti,Ge2 N2 O,2.614,2.622,0.008,z_b > z_a,log(1 + exp(-(z_b - z_a)))
1073,ADJACENT_STRICT_PBE_ORDER_V1,1.0,1432,1433,1217,828,current-nlr-pbe-gw-v1:composition:ba5474c2d7aafb79be58be931a4446361965ff1bf71619e30c94bb2af1028eac,current-nlr-pbe-gw-v1:composition:e94e9e7dfd3d65a190d99a89d8e7f28625dfafd0f86a5ad0b9089ba75bcf4a9d,Ge2 N2 O,Cr O3 Sc,2.622,2.624,0.002,z_b > z_a,log(1 + exp(-(z_b - z_a)))
1074,ADJACENT_STRICT_PBE_ORDER_V1,1.0,1433,1434,828,1182,current-nlr-pbe-gw-v1:composition:e94e9e7dfd3d65a190d99a89d8e7f28625dfafd0f86a5ad0b9089ba75bcf4a9d,current-nlr-pbe-gw-v1:composition:30089d665c3714bfa2a802ff576345070e07fdd5c7eb3255c18ce06b4cbd8908,Cr O3 Sc,Ge Na2 O4 Zn,2.624,2.625,0.001,z_b > z_a,log(1 + exp(-(z_b - z_a)))
1075,ADJACENT_STRICT_PBE_ORDER_V1,1.0,1435,1436,50,622,current-nlr-pbe-gw-v1:composition:8aa81e584336a1792890d52770b7212da85e13bdb0778e05df2e1fc49e7f77c0,current-nlr-pbe-gw-v1:composition:1319a46484c1a533397f27158c89107050e4f0659b1e819ff884190dc2e1b170,Ag2 O12 Sr V4,Ca3 Ga4 O9,2.625,2.634,0.009,z_b > z_a,log(1 + exp(-(z_b - z_a)))
1076,ADJACENT_STRICT_PBE_ORDER_V1,1.0,1436,1437,622,2026,current-nlr-pbe-gw-v1:composition:1319a46484c1a533397f27158c89107050e4f0659b1e819ff884190dc2e1b170,current-nlr-pbe-gw-v1:composition:1635c9e1bdc439e169bf77b8cf5d42cad6d2b5f01a6b453900f1ce047165b8a9,Ca3 Ga4 O9,O4 Pb2 Si,2.634,2.637,0.003,z_b > z_a,log(1 + exp(-(z_b - z_a)))
1077,ADJACENT_STRICT_PBE_ORDER_V1,1.0,1438,1439,510,1435,current-nlr-pbe-gw-v1:composition:65be4e207640811ebf752ee8bc0fcd2fee75d5e6dfc7c2037a72d1ba7c26c59f,current-nlr-pbe-gw-v1:composition:2a0ec03662344e1e9e3bfa987592efb97a436782b2266f5a4c0d97f7c2ce59ff,Bi2 O4 Sr,K2 O8 W,2.637,2.639,0.002,z_b > z_a,log(1 + exp(-(z_b - z_a)))
1078,ADJACENT_STRICT_PBE_ORDER_V1,1.0,1440,1441,1068,2109,current-nlr-pbe-gw-v1:composition:d11620f17dd759ac188e7ba04d69e6470cbd971231ccab46698ec42e2b49781b,current-nlr-pbe-gw-v1:composition:27ea2b5ef5efe58a328b37835ee38c20e79b18b8efe86b6d2b25509c51dc96b0,Fe2 K4 O5,O7 Sn2 Y2,2.639,2.64,0.001,z_b > z_a,log(1 + exp(-(z_b - z_a)))
1079,ADJACENT_STRICT_PBE_ORDER_V1,1.0,1441,1442,2109,2104,current-nlr-pbe-gw-v1:composition:27ea2b5ef5efe58a328b37835ee38c20e79b18b8efe86b6d2b25509c51dc96b0,current-nlr-pbe-gw-v1:composition:94452e51cce42e916e7029fd74f70dcacdf8ae0d406bb71dbd12310c3765bc89,O7 Sn2 Y2,O7 Si2 Sr V,2.64,2.641,0.001,z_b > z_a,log(1 + exp(-(z_b - z_a)))
1080,ADJACENT_STRICT_PBE_ORDER_V1,1.0,1442,1443,2104,290,current-nlr-pbe-gw-v1:composition:94452e51cce42e916e7029fd74f70dcacdf8ae0d406bb71dbd12310c3765bc89,current-nlr-pbe-gw-v1:composition:4c30adc5f0dcd16e53435fa5a232b5af0c15e3e09def1798694970b612102603,O7 Si2 Sr V,Ba Nb2 O6,2.641,2.643,0.002,z_b > z_a,log(1 + exp(-(z_b - z_a)))
1081,ADJACENT_STRICT_PBE_ORDER_V1,1.0,1443,1444,290,580,current-nlr-pbe-gw-v1:composition:4c30adc5f0dcd16e53435fa5a232b5af0c15e3e09def1798694970b612102603,current-nlr-pbe-gw-v1:composition:02175999c8cd8d0dbc5fe4f71e18b98569b4618020138c500145aa4d5aae237d,Ba Nb2 O6,Ca O6 Sb2,2.643,2.644,0.001,z_b > z_a,log(1 + exp(-(z_b - z_a)))
1082,ADJACENT_STRICT_PBE_ORDER_V1,1.0,1445,1446,1876,645,current-nlr-pbe-gw-v1:composition:b9b3889bd2fb0c8aebe4c0b48402b3a582236b00fc175b6d4dafb1e048f2c438,current-nlr-pbe-gw-v1:composition:8e125e54773bfe71453fe78ca8c33f688e7e01065a17e8c0d78dd2dea2a0915f,Nb2 O6 Pb,Ca4 O6 Pt,2.644,2.645,0.001,z_b > z_a,log(1 + exp(-(z_b - z_a)))
1083,ADJACENT_STRICT_PBE_ORDER_V1,1.0,1446,1447,645,45,current-nlr-pbe-gw-v1:composition:8e125e54773bfe71453fe78ca8c33f688e7e01065a17e8c0d78dd2dea2a0915f,current-nlr-pbe-gw-v1:composition:102b1f967da39812d13deeaba1b2a0bc446fabc4a8e2f7e220b88c016626ec57,Ca4 O6 Pt,Ag2 Mo2 O7,2.645,2.646,0.001,z_b > z_a,log(1 + exp(-(z_b - z_a)))
1084,ADJACENT_STRICT_PBE_ORDER_V1,1.0,1447,1448,45,1128,current-nlr-pbe-gw-v1:composition:102b1f967da39812d13deeaba1b2a0bc446fabc4a8e2f7e220b88c016626ec57,current-nlr-pbe-gw-v1:composition:c6a73069fc40157b43d0e7bd482f50f464f8b91748258e808142b2679327d8ad,Ag2 Mo2 O7,Ga K3 O3,2.646,2.649,0.003,z_b > z_a,log(1 + exp(-(z_b - z_a)))
1085,ADJACENT_STRICT_PBE_ORDER_V1,1.0,1448,1449,1128,1386,current-nlr-pbe-gw-v1:composition:c6a73069fc40157b43d0e7bd482f50f464f8b91748258e808142b2679327d8ad,current-nlr-pbe-gw-v1:composition:8268b474bbb38c7fe398b32a99aee0fe9f6f282bfdf4c91a68fa55abf6b2d94d,Ga K3 O3,K10 Mn Mo7 O27,2.649,2.65,0.001,z_b > z_a,log(1 + exp(-(z_b - z_a)))
1086,ADJACENT_STRICT_PBE_ORDER_V1,1.0,1449,1450,1386,661,current-nlr-pbe-gw-v1:composition:8268b474bbb38c7fe398b32a99aee0fe9f6f282bfdf4c91a68fa55abf6b2d94d,current-nlr-pbe-gw-v1:composition:524e4c9d791fbc84c1b2e4e03244cccdb5b51c036edd35a67449aea825ac61b8,K10 Mn Mo7 O27,Cd K2 O4 Si,2.65,2.655,0.005,z_b > z_a,log(1 + exp(-(z_b - z_a)))
1087,ADJACENT_STRICT_PBE_ORDER_V1,1.0,1450,1451,661,44,current-nlr-pbe-gw-v1:composition:524e4c9d791fbc84c1b2e4e03244cccdb5b51c036edd35a67449aea825ac61b8,current-nlr-pbe-gw-v1:composition:8e7f987d54a3377d4e07ec9181c5cdd6f7269815fd7d95805ac89b9c921375ba,Cd K2 O4 Si,Ag2 Mo O4,2.655,2.658,0.003,z_b > z_a,log(1 + exp(-(z_b - z_a)))
1088,ADJACENT_STRICT_PBE_ORDER_V1,1.0,1451,1452,44,2121,current-nlr-pbe-gw-v1:composition:8e7f987d54a3377d4e07ec9181c5cdd6f7269815fd7d95805ac89b9c921375ba,current-nlr-pbe-gw-v1:composition:09e214554e5ee61cede9b83d550ec6c7619aa81a3414b2acf341cf2a60c428be,Ag2 Mo O4,O7 V2 Zr,2.658,2.659,0.001,z_b > z_a,log(1 + exp(-(z_b - z_a)))
1089,ADJACENT_STRICT_PBE_ORDER_V1,1.0,1452,1453,2121,807,current-nlr-pbe-gw-v1:composition:09e214554e5ee61cede9b83d550ec6c7619aa81a3414b2acf341cf2a60c428be,current-nlr-pbe-gw-v1:composition:5a20e007f5b5aab473c4efab7d1809c6076ecbb9e6ff5fbfd6c07b7004971bbd,O7 V2 Zr,Cr K O2,2.659,2.661,0.002,z_b > z_a,log(1 + exp(-(z_b - z_a)))
1090,ADJACENT_STRICT_PBE_ORDER_V1,1.0,1453,1454,807,868,current-nlr-pbe-gw-v1:composition:5a20e007f5b5aab473c4efab7d1809c6076ecbb9e6ff5fbfd6c07b7004971bbd,current-nlr-pbe-gw-v1:composition:711c6dcd7c0a1352b7c02e172980bb9d97d70fd1b667adab43f4c89f4b57189e,Cr K O2,Cr2 O7 Rb2,2.661,2.663,0.002,z_b > z_a,log(1 + exp(-(z_b - z_a)))
1091,ADJACENT_STRICT_PBE_ORDER_V1,1.0,1454,1455,868,1291,current-nlr-pbe-gw-v1:composition:711c6dcd7c0a1352b7c02e172980bb9d97d70fd1b667adab43f4c89f4b57189e,current-nlr-pbe-gw-v1:composition:2bab5846ca5b3c5e9f633617c6c718c3c12df3ceb26bc502d696404c2764b880,Cr2 O7 Rb2,In La O3,2.663,2.664,0.001,z_b > z_a,log(1 + exp(-(z_b - z_a)))
1092,ADJACENT_STRICT_PBE_ORDER_V1,1.0,1455,1456,1291,1371,current-nlr-pbe-gw-v1:composition:2bab5846ca5b3c5e9f633617c6c718c3c12df3ceb26bc502d696404c2764b880,current-nlr-pbe-gw-v1:composition:1b8d61ec0e3c4e065291bee74c99dc2007d90ae3caee2599bc3a9c1ba31db3a1,In La O3,K Nb5 O13,2.664,2.665,0.001,z_b > z_a,log(1 + exp(-(z_b - z_a)))
1093,ADJACENT_STRICT_PBE_ORDER_V1,1.0,1456,1457,1371,1587,current-nlr-pbe-gw-v1:composition:1b8d61ec0e3c4e065291bee74c99dc2007d90ae3caee2599bc3a9c1ba31db3a1,current-nlr-pbe-gw-v1:composition:ed47d0b55d04448eacf64c9dd9283df158db2e744f24c3c6cd3a25ae3b96edbe,K Nb5 O13,Mg2 O7 V2,2.665,2.666,0.001,z_b > z_a,log(1 + exp(-(z_b - z_a)))
1094,ADJACENT_STRICT_PBE_ORDER_V1,1.0,1457,1458,1587,1885,current-nlr-pbe-gw-v1:composition:ed47d0b55d04448eacf64c9dd9283df158db2e744f24c3c6cd3a25ae3b96edbe,current-nlr-pbe-gw-v1:composition:1117a669695f6dd59115c391ed72e6bf7be9db5d34ab382f2fbec181207df75c,Mg2 O7 V2,Nb4 O15 Sr5,2.666,2.667,0.001,z_b > z_a,log(1 + exp(-(z_b - z_a)))
1095,ADJACENT_STRICT_PBE_ORDER_V1,1.0,1458,1459,1885,520,current-nlr-pbe-gw-v1:composition:1117a669695f6dd59115c391ed72e6bf7be9db5d34ab382f2fbec181207df75c,current-nlr-pbe-gw-v1:composition:01aa4930f92759194259e3dffe3b71c0145416d24b34324ab075bbc5f34b8c26,Nb4 O15 Sr5,Ca Co O6 Si2,2.667,2.668,0.001,z_b > z_a,log(1 + exp(-(z_b - z_a)))
1096,ADJACENT_STRICT_PBE_ORDER_V1,1.0,1459,1460,520,1250,current-nlr-pbe-gw-v1:composition:01aa4930f92759194259e3dffe3b71c0145416d24b34324ab075bbc5f34b8c26,current-nlr-pbe-gw-v1:composition:65dceeed2b41ea5c77e7252d8e9cf675cf87eee9226184768a424a61158b5799,Ca Co O6 Si2,Hf O3 Pb,2.668,2.67,0.002,z_b > z_a,log(1 + exp(-(z_b - z_a)))
1097,ADJACENT_STRICT_PBE_ORDER_V1,1.0,1460,1461,1250,395,current-nlr-pbe-gw-v1:composition:65dceeed2b41ea5c77e7252d8e9cf675cf87eee9226184768a424a61158b5799,current-nlr-pbe-gw-v1:composition:7c9eddd5d6779d708a77b0d928271f7ffa59bd8a9a58a11ce34d1626e531f8c2,Hf O3 Pb,Ba2 O3 Zn,2.67,2.673,0.003,z_b > z_a,log(1 + exp(-(z_b - z_a)))
1098,ADJACENT_STRICT_PBE_ORDER_V1,1.0,1461,1462,395,225,current-nlr-pbe-gw-v1:composition:7c9eddd5d6779d708a77b0d928271f7ffa59bd8a9a58a11ce34d1626e531f8c2,current-nlr-pbe-gw-v1:composition:84385cabdb3216ef676ae4844db17c0216211313a503288878c2a74f4fec695f,Ba2 O3 Zn,Ba Cr2 O4,2.673,2.675,0.002,z_b > z_a,log(1 + exp(-(z_b - z_a)))
1099,ADJACENT_STRICT_PBE_ORDER_V1,1.0,1462,1463,225,2045,current-nlr-pbe-gw-v1:composition:84385cabdb3216ef676ae4844db17c0216211313a503288878c2a74f4fec695f,current-nlr-pbe-gw-v1:composition:4809b835e19ca6cfd55fb03ff4bdfea19a8760395a1f8f440b21645be22e115d,Ba Cr2 O4,O4 Sn Sr2,2.675,2.679,0.004,z_b > z_a,log(1 + exp(-(z_b - z_a)))
1100,ADJACENT_STRICT_PBE_ORDER_V1,1.0,1463,1464,2045,127,current-nlr-pbe-gw-v1:composition:4809b835e19ca6cfd55fb03ff4bdfea19a8760395a1f8f440b21645be22e115d,current-nlr-pbe-gw-v1:composition:502669a15ddb6d505900fd3597d51826115acc582b7da510cb8e50b9a9031ab4,O4 Sn Sr2,Al2 Fe3 O12 Si3,2.679,2.68,0.001,z_b > z_a,log(1 + exp(-(z_b - z_a)))
1101,ADJACENT_STRICT_PBE_ORDER_V1,1.0,1464,1465,127,813,current-nlr-pbe-gw-v1:composition:502669a15ddb6d505900fd3597d51826115acc582b7da510cb8e50b9a9031ab4,current-nlr-pbe-gw-v1:composition:103b3bf5c84e4bd992d3ad3a48b66763758343c2bbbd18402eb4709ae4a5cbb5,Al2 Fe3 O12 Si3,Cr La O3,2.68,2.682,0.002,z_b > z_a,log(1 + exp(-(z_b - z_a)))
1102,ADJACENT_STRICT_PBE_ORDER_V1,1.0,1465,1466,813,546,current-nlr-pbe-gw-v1:composition:103b3bf5c84e4bd992d3ad3a48b66763758343c2bbbd18402eb4709ae4a5cbb5,current-nlr-pbe-gw-v1:composition:30a7912caf93dccccba19ebd6f3f150636d6d3b041486db433a7bd906aa85ccd,Cr La O3,Ca K3 O15 V5,2.682,2.686,0.004,z_b > z_a,log(1 + exp(-(z_b - z_a)))
1103,ADJACENT_STRICT_PBE_ORDER_V1,1.0,1467,1468,549,218,current-nlr-pbe-gw-v1:composition:e4010b8e06ef4b718e4c67cfcf093b52598075435b9e8e239da0fea85a62762b,current-nlr-pbe-gw-v1:composition:c21647943ab991782dc5832aa334c1b1abb204e11ffd22a32e56928a5789cf70,Ca Mg O7 V2,Ba Co2 O7 Si2,2.686,2.687,0.001,z_b > z_a,log(1 + exp(-(z_b - z_a)))
1104,ADJACENT_STRICT_PBE_ORDER_V1,1.0,1468,1469,218,99,current-nlr-pbe-gw-v1:composition:c21647943ab991782dc5832aa334c1b1abb204e11ffd22a32e56928a5789cf70,current-nlr-pbe-gw-v1:composition:3fe6c005bddcde53b69930b60d6c1cdf0491afa8e61583bc30dfe97d4a4e98f8,Ba Co2 O7 Si2,Al O3 Rb3,2.687,2.688,0.001,z_b > z_a,log(1 + exp(-(z_b - z_a)))
1105,ADJACENT_STRICT_PBE_ORDER_V1,1.0,1469,1470,99,1973,current-nlr-pbe-gw-v1:composition:3fe6c005bddcde53b69930b60d6c1cdf0491afa8e61583bc30dfe97d4a4e98f8,current-nlr-pbe-gw-v1:composition:12005d368d5c3f604c5f46fde356c03bc2dc959dec69e9bd9e731b1891209b7f,Al O3 Rb3,O2 Sr,2.688,2.695,0.007,z_b > z_a,log(1 + exp(-(z_b - z_a)))
1106,ADJACENT_STRICT_PBE_ORDER_V1,1.0,1470,1471,1973,857,current-nlr-pbe-gw-v1:composition:12005d368d5c3f604c5f46fde356c03bc2dc959dec69e9bd9e731b1891209b7f,current-nlr-pbe-gw-v1:composition:332d8bcb349781192f3b758e9e05b3fc671ef3f255b880d137faaedd14fab3bd,O2 Sr,Cr2 Mo3 O12,2.695,2.697,0.002,z_b > z_a,log(1 + exp(-(z_b - z_a)))
1107,ADJACENT_STRICT_PBE_ORDER_V1,1.0,1471,1472,857,1241,current-nlr-pbe-gw-v1:composition:332d8bcb349781192f3b758e9e05b3fc671ef3f255b880d137faaedd14fab3bd,current-nlr-pbe-gw-v1:composition:9531769a857ef77b39b62e607821f754faf92d34d6103ca2e828178f468ea47c,Cr2 Mo3 O12,Ge6 Na4 O15 Sr,2.697,2.698,0.001,z_b > z_a,log(1 + exp(-(z_b - z_a)))
1108,ADJACENT_STRICT_PBE_ORDER_V1,1.0,1472,1473,1241,567,current-nlr-pbe-gw-v1:composition:9531769a857ef77b39b62e607821f754faf92d34d6103ca2e828178f468ea47c,current-nlr-pbe-gw-v1:composition:065008d77b6a9db58faa0cd51a22d9c78583a7ec171f591165bd89e314ca2afd,Ge6 Na4 O15 Sr,Ca O3 Ti,2.698,2.702,0.004,z_b > z_a,log(1 + exp(-(z_b - z_a)))
1109,ADJACENT_STRICT_PBE_ORDER_V1,1.0,1473,1474,567,479,current-nlr-pbe-gw-v1:composition:065008d77b6a9db58faa0cd51a22d9c78583a7ec171f591165bd89e314ca2afd,current-nlr-pbe-gw-v1:composition:af9dc86b3427c8c22ac334891dd34e9b3871288975477a8c21735364d81993da,Ca O3 Ti,Ba5 Nb4 O15,2.702,2.703,0.001,z_b > z_a,log(1 + exp(-(z_b - z_a)))
1110,ADJACENT_STRICT_PBE_ORDER_V1,1.0,1476,1477,1027,540,current-nlr-pbe-gw-v1:composition:d7ee209096047d0785a23e81e2a42c967f91d2ccf6c81387744424a051fce5f7,current-nlr-pbe-gw-v1:composition:5acfa65adc332fdc5bee9f65471959f83a744c2035b658cfc68d891e1cfbeeda,Fe Mg O4 Si,Ca Ge2 O5,2.703,2.707,0.004,z_b > z_a,log(1 + exp(-(z_b - z_a)))
1111,ADJACENT_STRICT_PBE_ORDER_V1,1.0,1478,1479,495,2038,current-nlr-pbe-gw-v1:composition:8225b37083acfa18c9e0c7a507d68c22eede235114c3eaf8e3387fae786dabc6,current-nlr-pbe-gw-v1:composition:c407ea9a95e387a787573e935bf9c128cc811abbb967096e5854c5c1decfd13e,Be2 O4 Sn,O4 Sb2 Zn,2.707,2.709,0.002,z_b > z_a,log(1 + exp(-(z_b - z_a)))
1112,ADJACENT_STRICT_PBE_ORDER_V1,1.0,1479,1480,2038,120,current-nlr-pbe-gw-v1:composition:c407ea9a95e387a787573e935bf9c128cc811abbb967096e5854c5c1decfd13e,current-nlr-pbe-gw-v1:composition:92553ca81a375b56cf17c50d42728c8881d2720a3b900845f319b13b73f72194,O4 Sb2 Zn,Al2 Cd O4,2.709,2.71,0.001,z_b > z_a,log(1 + exp(-(z_b - z_a)))
1113,ADJACENT_STRICT_PBE_ORDER_V1,1.0,1480,1481,120,530,current-nlr-pbe-gw-v1:composition:92553ca81a375b56cf17c50d42728c8881d2720a3b900845f319b13b73f72194,current-nlr-pbe-gw-v1:composition:17938088809d8ad17418202ddd9a02cdf7c13d97113c4b9af2e0183301cdc189,Al2 Cd O4,Ca Fe O6 Si2,2.71,2.712,0.002,z_b > z_a,log(1 + exp(-(z_b - z_a)))
1114,ADJACENT_STRICT_PBE_ORDER_V1,1.0,1481,1482,530,1883,current-nlr-pbe-gw-v1:composition:17938088809d8ad17418202ddd9a02cdf7c13d97113c4b9af2e0183301cdc189,current-nlr-pbe-gw-v1:composition:b9c02ba613df90d3eefbb57102258168ffdf445aabf49f060df66227da011dbe,Ca Fe O6 Si2,Nb2 O9 Zn4,2.712,2.717,0.005,z_b > z_a,log(1 + exp(-(z_b - z_a)))
1115,ADJACENT_STRICT_PBE_ORDER_V1,1.0,1482,1483,1883,1880,current-nlr-pbe-gw-v1:composition:b9c02ba613df90d3eefbb57102258168ffdf445aabf49f060df66227da011dbe,current-nlr-pbe-gw-v1:composition:dffd4d6571406db75c12791cf040ef05aaf604e17653d91f003841a9fca899a9,Nb2 O9 Zn4,Nb2 O7 Sr2,2.717,2.719,0.002,z_b > z_a,log(1 + exp(-(z_b - z_a)))
1116,ADJACENT_STRICT_PBE_ORDER_V1,1.0,1483,1484,1880,2039,current-nlr-pbe-gw-v1:composition:dffd4d6571406db75c12791cf040ef05aaf604e17653d91f003841a9fca899a9,current-nlr-pbe-gw-v1:composition:64da6eb58ae27ad51cb5f22d70563682e33df983364894d0f61801e238d65897,Nb2 O7 Sr2,O4 Sc V,2.719,2.723,0.004,z_b > z_a,log(1 + exp(-(z_b - z_a)))
1117,ADJACENT_STRICT_PBE_ORDER_V1,1.0,1485,1486,1706,238,current-nlr-pbe-gw-v1:composition:f8b086ae96dc9e13b2b026142c2f81bdfa7d03c50bdb1b25be7e7ebb49c42cc6,current-nlr-pbe-gw-v1:composition:13d3aa42f9cbe2299acfd5a50912238ed622f5f425d2ab537a152ffe7bc72cc7,Mo3 Na2 O12 Zr,Ba Fe K O3,2.723,2.724,0.001,z_b > z_a,log(1 + exp(-(z_b - z_a)))
1118,ADJACENT_STRICT_PBE_ORDER_V1,1.0,1486,1487,238,608,current-nlr-pbe-gw-v1:composition:13d3aa42f9cbe2299acfd5a50912238ed622f5f425d2ab537a152ffe7bc72cc7,current-nlr-pbe-gw-v1:composition:3392ef1d10cae2da82668819ec69d4c481ab9e70d9b9e0f9e29bad5a95908191,Ba Fe K O3,Ca2 O4 Sn,2.724,2.725,0.001,z_b > z_a,log(1 + exp(-(z_b - z_a)))
1119,ADJACENT_STRICT_PBE_ORDER_V1,1.0,1488,1489,2089,1138,current-nlr-pbe-gw-v1:composition:541b7027799e48c837b9bf5d8c1e1e8bbaea9196f0c6aa39cb5dc211a0f45c25,current-nlr-pbe-gw-v1:composition:ba8243f09e609e10f987d17d425245652ef37a533950e6af3673f1b544703a5c,O6 Sr V2,Ga O3 Y,2.725,2.727,0.002,z_b > z_a,log(1 + exp(-(z_b - z_a)))
1120,ADJACENT_STRICT_PBE_ORDER_V1,1.0,1489,1490,1138,829,current-nlr-pbe-gw-v1:composition:ba8243f09e609e10f987d17d425245652ef37a533950e6af3673f1b544703a5c,current-nlr-pbe-gw-v1:composition:e078702d4c7ea78b431f23fa2fb4016086522844d8f72bb77a4a071a3ad18524,Ga O3 Y,Cr O3 Y,2.727,2.735,0.008,z_b > z_a,log(1 + exp(-(z_b - z_a)))
1121,ADJACENT_STRICT_PBE_ORDER_V1,1.0,1490,1491,829,1994,current-nlr-pbe-gw-v1:composition:e078702d4c7ea78b431f23fa2fb4016086522844d8f72bb77a4a071a3ad18524,current-nlr-pbe-gw-v1:composition:425434bd3bd700f7f195882d115c986812b61b3e7fff9391b644b83466a98251,Cr O3 Y,O3 Pb Zr,2.735,2.737,0.002,z_b > z_a,log(1 + exp(-(z_b - z_a)))
1122,ADJACENT_STRICT_PBE_ORDER_V1,1.0,1492,1493,1318,821,current-nlr-pbe-gw-v1:composition:f2301a982d53dcd68cf8f441da27b54c824a4a7832ba2a68b664e67b3ea09c9e,current-nlr-pbe-gw-v1:composition:ce2b7b51a4d2ddc4c9956c3463c78c9aa0358b7d8095cca618387da8be5f5114,In2 O7 Si2,Cr Na O6 Si2,2.737,2.74,0.003,z_b > z_a,log(1 + exp(-(z_b - z_a)))
1123,ADJACENT_STRICT_PBE_ORDER_V1,1.0,1493,1494,821,2082,current-nlr-pbe-gw-v1:composition:ce2b7b51a4d2ddc4c9956c3463c78c9aa0358b7d8095cca618387da8be5f5114,current-nlr-pbe-gw-v1:composition:b2fe7f392a62f1edb70b12620380afe451aeb3966d0a0e8b97ac42f69b6748ee,Cr Na O6 Si2,O6 Rh Sr3 Y,2.74,2.743,0.003,z_b > z_a,log(1 + exp(-(z_b - z_a)))
1124,ADJACENT_STRICT_PBE_ORDER_V1,1.0,1494,1495,2082,2086,current-nlr-pbe-gw-v1:composition:b2fe7f392a62f1edb70b12620380afe451aeb3966d0a0e8b97ac42f69b6748ee,current-nlr-pbe-gw-v1:composition:710310030e1a7b9e355494bfc330f9376d969e6ae71b76886675c7b12bce6dbe,O6 Rh Sr3 Y,O6 Sb2 Sr,2.743,2.744,0.001,z_b > z_a,log(1 + exp(-(z_b - z_a)))
1125,ADJACENT_STRICT_PBE_ORDER_V1,1.0,1495,1496,2086,1623,current-nlr-pbe-gw-v1:composition:710310030e1a7b9e355494bfc330f9376d969e6ae71b76886675c7b12bce6dbe,current-nlr-pbe-gw-v1:composition:41e4754bd72ae15509723d457a290324257992572f1850e0fedb01918f75b02d,O6 Sb2 Sr,Mn O4 Rb V,2.744,2.745,0.001,z_b > z_a,log(1 + exp(-(z_b - z_a)))
1126,ADJACENT_STRICT_PBE_ORDER_V1,1.0,1496,1497,1623,1617,current-nlr-pbe-gw-v1:composition:41e4754bd72ae15509723d457a290324257992572f1850e0fedb01918f75b02d,current-nlr-pbe-gw-v1:composition:3812b4028fdfb40f40c8f33da03f9166b4fcdd6f0acf480d7d38ff5c4b85ed79,Mn O4 Rb V,Mn O3 Si,2.745,2.746,0.001,z_b > z_a,log(1 + exp(-(z_b - z_a)))
1127,ADJACENT_STRICT_PBE_ORDER_V1,1.0,1497,1498,1617,1403,current-nlr-pbe-gw-v1:composition:3812b4028fdfb40f40c8f33da03f9166b4fcdd6f0acf480d7d38ff5c4b85ed79,current-nlr-pbe-gw-v1:composition:05f34c3eca86b9fe96ce60331f54043f94af53edead6cc9ccf0e56f2c7235fbd,Mn O3 Si,K2 Mo4 O13,2.746,2.751,0.005,z_b > z_a,log(1 + exp(-(z_b - z_a)))
1128,ADJACENT_STRICT_PBE_ORDER_V1,1.0,1498,1499,1403,823,current-nlr-pbe-gw-v1:composition:05f34c3eca86b9fe96ce60331f54043f94af53edead6cc9ccf0e56f2c7235fbd,current-nlr-pbe-gw-v1:composition:2dcae2d943bdc4bd5973cd51ac2ee97810293b101d81374739cbc3d38b13974d,K2 Mo4 O13,Cr Na2 O4,2.751,2.754,0.003,z_b > z_a,log(1 + exp(-(z_b - z_a)))
1129,ADJACENT_STRICT_PBE_ORDER_V1,1.0,1499,1500,823,639,current-nlr-pbe-gw-v1:composition:2dcae2d943bdc4bd5973cd51ac2ee97810293b101d81374739cbc3d38b13974d,current-nlr-pbe-gw-v1:composition:d3c007f8a2512f0977a508165031815871aee8125698793c296684dd7f352453,Cr Na2 O4,Ca3 O7 Ti2,2.754,2.756,0.002,z_b > z_a,log(1 + exp(-(z_b - z_a)))
1130,ADJACENT_STRICT_PBE_ORDER_V1,1.0,1500,1501,639,2043,current-nlr-pbe-gw-v1:composition:d3c007f8a2512f0977a508165031815871aee8125698793c296684dd7f352453,current-nlr-pbe-gw-v1:composition:8c7c7794f5886d2d26756b4083c3ead8e59af8aaa22e36e50d8671386ac414fe,Ca3 O7 Ti2,O4 Si Zn2,2.756,2.757,0.001,z_b > z_a,log(1 + exp(-(z_b - z_a)))
1131,ADJACENT_STRICT_PBE_ORDER_V1,1.0,1502,1503,832,255,current-nlr-pbe-gw-v1:composition:e3f5d599ebe0aaba7116ecbae8e35dc15431e9800c4697ded84060f420aba39c,current-nlr-pbe-gw-v1:composition:3521eddd44b132487af647c77511a9ea9bf6cf9a8e16d4523e1e612bfbf85240,Cr O4 Sr,Ba Ge3 O9 Sn,2.757,2.758,0.001,z_b > z_a,log(1 + exp(-(z_b - z_a)))
1132,ADJACENT_STRICT_PBE_ORDER_V1,1.0,1503,1504,255,152,current-nlr-pbe-gw-v1:composition:3521eddd44b132487af647c77511a9ea9bf6cf9a8e16d4523e1e612bfbf85240,current-nlr-pbe-gw-v1:composition:67dc0848c6cd7678ffeb7d18e1f5d8d347d1898adbd983c900f5748044668e5c,Ba Ge3 O9 Sn,Al2 O9 Pb2 Si2,2.758,2.759,0.001,z_b > z_a,log(1 + exp(-(z_b - z_a)))
1133,ADJACENT_STRICT_PBE_ORDER_V1,1.0,1504,1505,152,57,current-nlr-pbe-gw-v1:composition:67dc0848c6cd7678ffeb7d18e1f5d8d347d1898adbd983c900f5748044668e5c,current-nlr-pbe-gw-v1:composition:9065b524bb00273e1848f7b002b5e5d7d83cbd622474b408e6d8b3b9604af0b8,Al2 O9 Pb2 Si2,Ag2 O7 W2,2.759,2.762,0.003,z_b > z_a,log(1 + exp(-(z_b - z_a)))
1134,ADJACENT_STRICT_PBE_ORDER_V1,1.0,1505,1506,57,688,current-nlr-pbe-gw-v1:composition:9065b524bb00273e1848f7b002b5e5d7d83cbd622474b408e6d8b3b9604af0b8,current-nlr-pbe-gw-v1:composition:f3f0c8f9fee06e2f0eb1499296257d15d7ce7bcc5e8b40524323d8485241bfdc,Ag2 O7 W2,Cd2 Na4 O10 Si3,2.762,2.766,0.004,z_b > z_a,log(1 + exp(-(z_b - z_a)))
1135,ADJACENT_STRICT_PBE_ORDER_V1,1.0,1506,1507,688,455,current-nlr-pbe-gw-v1:composition:f3f0c8f9fee06e2f0eb1499296257d15d7ce7bcc5e8b40524323d8485241bfdc,current-nlr-pbe-gw-v1:composition:993c649beef37ad9f7582be3afe9510605c5334cdcf4c333efff31dd8a90832e,Cd2 Na4 O10 Si3,Ba3 O6 W,2.766,2.77,0.004,z_b > z_a,log(1 + exp(-(z_b - z_a)))
1136,ADJACENT_STRICT_PBE_ORDER_V1,1.0,1507,1508,455,1975,current-nlr-pbe-gw-v1:composition:993c649beef37ad9f7582be3afe9510605c5334cdcf4c333efff31dd8a90832e,current-nlr-pbe-gw-v1:composition:a090df15aa51b241da0775d1c3231daa33783fb329ede3fe132e9c2d70d014f8,Ba3 O6 W,O2 Te,2.77,2.772,0.002,z_b > z_a,log(1 + exp(-(z_b - z_a)))
1137,ADJACENT_STRICT_PBE_ORDER_V1,1.0,1508,1509,1975,853,current-nlr-pbe-gw-v1:composition:a090df15aa51b241da0775d1c3231daa33783fb329ede3fe132e9c2d70d014f8,current-nlr-pbe-gw-v1:composition:63398fda16887e832d9c742d4301da19ac23815f828ae08d633d6815c8ca451a,O2 Te,Cr2 Mg O4,2.772,2.774,0.002,z_b > z_a,log(1 + exp(-(z_b - z_a)))
1138,ADJACENT_STRICT_PBE_ORDER_V1,1.0,1509,1510,853,2110,current-nlr-pbe-gw-v1:composition:63398fda16887e832d9c742d4301da19ac23815f828ae08d633d6815c8ca451a,current-nlr-pbe-gw-v1:composition:72b8ce5516449428add76a28bf29a02dbacf9f9f83a941211397e7a312a48f1b,Cr2 Mg O4,O7 Sr V2 Zn,2.774,2.777,0.003,z_b > z_a,log(1 + exp(-(z_b - z_a)))
1139,ADJACENT_STRICT_PBE_ORDER_V1,1.0,1510,1511,2110,1943,current-nlr-pbe-gw-v1:composition:72b8ce5516449428add76a28bf29a02dbacf9f9f83a941211397e7a312a48f1b,current-nlr-pbe-gw-v1:composition:8799b856edc15394cbe5b02ea04add4422a08903ea8ed68ba514c1c3f94f8b90,O7 Sr V2 Zn,O12 Rb2 Sr V4,2.777,2.778,0.001,z_b > z_a,log(1 + exp(-(z_b - z_a)))
1140,ADJACENT_STRICT_PBE_ORDER_V1,1.0,1511,1512,1943,1028,current-nlr-pbe-gw-v1:composition:8799b856edc15394cbe5b02ea04add4422a08903ea8ed68ba514c1c3f94f8b90,current-nlr-pbe-gw-v1:composition:0afdc77599ec290c3de7001359236f49bff3208d58e1ac6949c5336aadac128d,O12 Rb2 Sr V4,Fe Mg O6 Si2,2.778,2.779,0.001,z_b > z_a,log(1 + exp(-(z_b - z_a)))
1141,ADJACENT_STRICT_PBE_ORDER_V1,1.0,1512,1513,1028,2065,current-nlr-pbe-gw-v1:composition:0afdc77599ec290c3de7001359236f49bff3208d58e1ac6949c5336aadac128d,current-nlr-pbe-gw-v1:composition:a0bc6c9d7243dfec74a718ba2aec46363656c437ac0382242cbc1f4f4e18e4ac,Fe Mg O6 Si2,O5 Se2,2.779,2.782,0.003,z_b > z_a,log(1 + exp(-(z_b - z_a)))
1142,ADJACENT_STRICT_PBE_ORDER_V1,1.0,1513,1514,2065,46,current-nlr-pbe-gw-v1:composition:a0bc6c9d7243dfec74a718ba2aec46363656c437ac0382242cbc1f4f4e18e4ac,current-nlr-pbe-gw-v1:composition:c58a0e22e88023002a9ddc64e84844fcbe5c234835b74cd85f942d243c26f160,O5 Se2,Ag2 Nb4 O11,2.782,2.784,0.002,z_b > z_a,log(1 + exp(-(z_b - z_a)))
1143,ADJACENT_STRICT_PBE_ORDER_V1,1.0,1514,1515,46,2042,current-nlr-pbe-gw-v1:composition:c58a0e22e88023002a9ddc64e84844fcbe5c234835b74cd85f942d243c26f160,current-nlr-pbe-gw-v1:composition:d20eef289356842ef9f3bdfa3aec3cd0dc1aca4e2a66738453e0ac14d9ff09ab,Ag2 Nb4 O11,O4 Si Ti,2.784,2.785,0.001,z_b > z_a,log(1 + exp(-(z_b - z_a)))
1144,ADJACENT_STRICT_PBE_ORDER_V1,1.0,1515,1516,2042,1350,current-nlr-pbe-gw-v1:composition:d20eef289356842ef9f3bdfa3aec3cd0dc1aca4e2a66738453e0ac14d9ff09ab,current-nlr-pbe-gw-v1:composition:942f42428c1dc575f3574975ced78361af12ef1787054841209b59ab6b3a77ca,O4 Si Ti,K La O4 Ti,2.785,2.788,0.003,z_b > z_a,log(1 + exp(-(z_b - z_a)))
1145,ADJACENT_STRICT_PBE_ORDER_V1,1.0,1516,1517,1350,305,current-nlr-pbe-gw-v1:composition:942f42428c1dc575f3574975ced78361af12ef1787054841209b59ab6b3a77ca,current-nlr-pbe-gw-v1:composition:8c3ec9e78fee96cd72edb9379ab7e8814ee3b6883077a7bf87f2b5838844ff1a,K La O4 Ti,Ba O13 Ti6,2.788,2.789,0.001,z_b > z_a,log(1 + exp(-(z_b - z_a)))
1146,ADJACENT_STRICT_PBE_ORDER_V1,1.0,1517,1518,305,194,current-nlr-pbe-gw-v1:composition:8c3ec9e78fee96cd72edb9379ab7e8814ee3b6883077a7bf87f2b5838844ff1a,current-nlr-pbe-gw-v1:composition:fdef50d391758d1e6997e6ab80309ee76f212dc138d113fb6c83f258d3fa05cb,Ba O13 Ti6,Au O2 Y,2.789,2.792,0.003,z_b > z_a,log(1 + exp(-(z_b - z_a)))
1147,ADJACENT_STRICT_PBE_ORDER_V1,1.0,1518,1519,194,1687,current-nlr-pbe-gw-v1:composition:fdef50d391758d1e6997e6ab80309ee76f212dc138d113fb6c83f258d3fa05cb,current-nlr-pbe-gw-v1:composition:9784c7f36881383bf38a8a362e471b186213443187c6c8c0fb41c361bad7884b,Au O2 Y,Mo O4 Pb,2.792,2.793,0.001,z_b > z_a,log(1 + exp(-(z_b - z_a)))
1148,ADJACENT_STRICT_PBE_ORDER_V1,1.0,1520,1521,724,503,current-nlr-pbe-gw-v1:composition:ca1a16e53fa9ca4af87ad0e5af7e12328a3cc3c39686689d0a20262387075107,current-nlr-pbe-gw-v1:composition:16875af382ac8f537e38a231d465af418ca874db6e445f6f73cfa4b358cafec7,Co K2 O4 Si,Bi In O3,2.793,2.799,0.006,z_b > z_a,log(1 + exp(-(z_b - z_a)))
1149,ADJACENT_STRICT_PBE_ORDER_V1,1.0,1523,1524,154,327,current-nlr-pbe-gw-v1:composition:895f84d7ca5325ac5824faeed6e851a4a4ee340b45baa21ab9c2bd9b67e94f0b,current-nlr-pbe-gw-v1:composition:99771ba2b6ea52b451f52bfa39fcb41271fba552c3fcf94dacb3267b5e2ef2db,Al3 Na7 O8,Ba O6 V2,2.799,2.8,0.001,z_b > z_a,log(1 + exp(-(z_b - z_a)))
1150,ADJACENT_STRICT_PBE_ORDER_V1,1.0,1524,1525,327,1370,current-nlr-pbe-gw-v1:composition:99771ba2b6ea52b451f52bfa39fcb41271fba552c3fcf94dacb3267b5e2ef2db,current-nlr-pbe-gw-v1:composition:1da16c01164b0d0af9b8dfb67b1513aa0e497ebfc279f8dff1aeb83faab959df,Ba O6 V2,K Nb3 O8,2.8,2.801,0.001,z_b > z_a,log(1 + exp(-(z_b - z_a)))
1151,ADJACENT_STRICT_PBE_ORDER_V1,1.0,1525,1526,1370,1830,current-nlr-pbe-gw-v1:composition:1da16c01164b0d0af9b8dfb67b1513aa0e497ebfc279f8dff1aeb83faab959df,current-nlr-pbe-gw-v1:composition:1dddf88a5ce67e20c21f0f41ead37fe90e9c0c0e64b5f9d56620f537164395a9,K Nb3 O8,Na2 O8 Si2 Zn3,2.801,2.804,0.003,z_b > z_a,log(1 + exp(-(z_b - z_a)))
1152,ADJACENT_STRICT_PBE_ORDER_V1,1.0,1526,1527,1830,1172,current-nlr-pbe-gw-v1:composition:1dddf88a5ce67e20c21f0f41ead37fe90e9c0c0e64b5f9d56620f537164395a9,current-nlr-pbe-gw-v1:composition:be14d21f60a58966d341edc4a579701d5ff1470ec1e2821a3646bacaaa2888bd,Na2 O8 Si2 Zn3,Ge K4 O4,2.804,2.808,0.004,z_b > z_a,log(1 + exp(-(z_b - z_a)))
1153,ADJACENT_STRICT_PBE_ORDER_V1,1.0,1527,1528,1172,1840,current-nlr-pbe-gw-v1:composition:be14d21f60a58966d341edc4a579701d5ff1470ec1e2821a3646bacaaa2888bd,current-nlr-pbe-gw-v1:composition:e53dc31a00f312cd5f95096d4e5d4348795b6cba2696dddb3f5143b27c98d695,Ge K4 O4,Na4 O12 Ti5,2.808,2.81,0.002,z_b > z_a,log(1 + exp(-(z_b - z_a)))
1154,ADJACENT_STRICT_PBE_ORDER_V1,1.0,1528,1529,1840,474,current-nlr-pbe-gw-v1:composition:e53dc31a00f312cd5f95096d4e5d4348795b6cba2696dddb3f5143b27c98d695,current-nlr-pbe-gw-v1:composition:aafb1d7383080401acd7aabc83b851717326687fd84ad5d66fa656b893bff572,Na4 O12 Ti5,Ba4 O30 Ti13,2.81,2.812,0.002,z_b > z_a,log(1 + exp(-(z_b - z_a)))
1155,ADJACENT_STRICT_PBE_ORDER_V1,1.0,1529,1530,474,736,current-nlr-pbe-gw-v1:composition:aafb1d7383080401acd7aabc83b851717326687fd84ad5d66fa656b893bff572,current-nlr-pbe-gw-v1:composition:c61ef4e56e70523a534ff886c6aa868156f35100efe2bc81ee602622eb330552,Ba4 O30 Ti13,Co Na2 O10 Si4,2.812,2.813,0.001,z_b > z_a,log(1 + exp(-(z_b - z_a)))
1156,ADJACENT_STRICT_PBE_ORDER_V1,1.0,1530,1531,736,582,current-nlr-pbe-gw-v1:composition:c61ef4e56e70523a534ff886c6aa868156f35100efe2bc81ee602622eb330552,current-nlr-pbe-gw-v1:composition:15d936db0a8e4731ba99e53c892ffcff0e18e59a9cf980be5506d889ad4cab9d,Co Na2 O10 Si4,Ca O6 V2,2.813,2.814,0.001,z_b > z_a,log(1 + exp(-(z_b - z_a)))
1157,ADJACENT_STRICT_PBE_ORDER_V1,1.0,1531,1532,582,1394,current-nlr-pbe-gw-v1:composition:15d936db0a8e4731ba99e53c892ffcff0e18e59a9cf980be5506d889ad4cab9d,current-nlr-pbe-gw-v1:composition:ff44d53a8e83bd8ce27fb52ef246fa436e408cf28450be098ba48201470f8733,Ca O6 V2,K2 Mn2 Mo3 O12,2.814,2.815,0.001,z_b > z_a,log(1 + exp(-(z_b - z_a)))
1158,ADJACENT_STRICT_PBE_ORDER_V1,1.0,1532,1533,1394,214,current-nlr-pbe-gw-v1:composition:ff44d53a8e83bd8ce27fb52ef246fa436e408cf28450be098ba48201470f8733,current-nlr-pbe-gw-v1:composition:4765256f8b2215c69d020347abc1c79cba8424b1ef438b8c716c977461c21572,K2 Mn2 Mo3 O12,Ba Co O4 Si,2.815,2.819,0.004,z_b > z_a,log(1 + exp(-(z_b - z_a)))
1159,ADJACENT_STRICT_PBE_ORDER_V1,1.0,1533,1534,214,1398,current-nlr-pbe-gw-v1:composition:4765256f8b2215c69d020347abc1c79cba8424b1ef438b8c716c977461c21572,current-nlr-pbe-gw-v1:composition:1d4337991e9e99080b9f375e6e16255379c5639a4fdd766ccac2cdbd7735a8df,Ba Co O4 Si,K2 Mo2 Ni O8,2.819,2.821,0.002,z_b > z_a,log(1 + exp(-(z_b - z_a)))
1160,ADJACENT_STRICT_PBE_ORDER_V1,1.0,1535,1536,1186,1681,current-nlr-pbe-gw-v1:composition:67209cc9cc8731ba56418222ffa21487e8ae6049f9874946dfabf354eb43781e,current-nlr-pbe-gw-v1:composition:ad1d825261be61dbddde690ffd9ebdaa568a0f165cea2113cb38d433acc1cc0b,Ge Na4 O4,Mo Na4 O5,2.821,2.822,0.001,z_b > z_a,log(1 + exp(-(z_b - z_a)))
1161,ADJACENT_STRICT_PBE_ORDER_V1,1.0,1537,1538,326,118,current-nlr-pbe-gw-v1:composition:d4c9a5fe9e4547716f005ba2d0671f923578b329e17e394f2cb02d6d94675ccb,current-nlr-pbe-gw-v1:composition:dca868b7c8e8e9f51b9decdae49c8623916ffb4aee077b1d8ed662b776d22794,Ba O6 Sb2,Al2 Ca2 O9 Sn2,2.822,2.825,0.003,z_b > z_a,log(1 + exp(-(z_b - z_a)))
1162,ADJACENT_STRICT_PBE_ORDER_V1,1.0,1538,1539,118,555,current-nlr-pbe-gw-v1:composition:dca868b7c8e8e9f51b9decdae49c8623916ffb4aee077b1d8ed662b776d22794,current-nlr-pbe-gw-v1:composition:7c1b8ed7abdad4220b6a250d4e0d126bb4275b45c141e1942d9aba10cc50cd60,Al2 Ca2 O9 Sn2,Ca Na2 O12 V4,2.825,2.828,0.003,z_b > z_a,log(1 + exp(-(z_b - z_a)))
1163,ADJACENT_STRICT_PBE_ORDER_V1,1.0,1539,1540,555,393,current-nlr-pbe-gw-v1:composition:7c1b8ed7abdad4220b6a250d4e0d126bb4275b45c141e1942d9aba10cc50cd60,current-nlr-pbe-gw-v1:composition:5275b6575bd527cbab182b9fdc0d34a45ce9b81d1c6d35afe949e3d8118b8189,Ca Na2 O12 V4,Ba2 O20 Ti9,2.828,2.838,0.010,z_b > z_a,log(1 + exp(-(z_b - z_a)))
1164,ADJACENT_STRICT_PBE_ORDER_V1,1.0,1541,1542,1210,1235,current-nlr-pbe-gw-v1:composition:c78a74fadc7f6dc150b72befa80a3b8562121ea7cf361d2ab8c6bbfc845e07ae,current-nlr-pbe-gw-v1:composition:7c7a059b5d3b044fdd1bb42f77f7f9d369ce13eb59b72e3f7a4602e1603cd959,Ge2 K2 O6 Zn,Ge4 Na2 O9,2.838,2.84,0.002,z_b > z_a,log(1 + exp(-(z_b - z_a)))
1165,ADJACENT_STRICT_PBE_ORDER_V1,1.0,1542,1543,1235,596,current-nlr-pbe-gw-v1:composition:7c7a059b5d3b044fdd1bb42f77f7f9d369ce13eb59b72e3f7a4602e1603cd959,current-nlr-pbe-gw-v1:composition:9da86d1d30a3a8c65f045f6d47ffd6fd33a792f03f81543c9febc08f1a261f59,Ge4 Na2 O9,Ca2 Ge7 O16,2.84,2.842,0.002,z_b > z_a,log(1 + exp(-(z_b - z_a)))
1166,ADJACENT_STRICT_PBE_ORDER_V1,1.0,1543,1544,596,343,current-nlr-pbe-gw-v1:composition:9da86d1d30a3a8c65f045f6d47ffd6fd33a792f03f81543c9febc08f1a261f59,current-nlr-pbe-gw-v1:composition:5c0cbff3e0fda9a86330f28c072599c2320379c04976e88fae679a899ea1d950,Ca2 Ge7 O16,Ba2 Cd3 O15 V4,2.842,2.844,0.002,z_b > z_a,log(1 + exp(-(z_b - z_a)))
1167,ADJACENT_STRICT_PBE_ORDER_V1,1.0,1544,1545,343,1782,current-nlr-pbe-gw-v1:composition:5c0cbff3e0fda9a86330f28c072599c2320379c04976e88fae679a899ea1d950,current-nlr-pbe-gw-v1:composition:427716c0207480b7e721ff748550155bb6f37f596e5d644995aea5c232605eed,Ba2 Cd3 O15 V4,Na O4 Ti Y,2.844,2.845,0.001,z_b > z_a,log(1 + exp(-(z_b - z_a)))
1168,ADJACENT_STRICT_PBE_ORDER_V1,1.0,1547,1548,1171,1983,current-nlr-pbe-gw-v1:composition:8b12efb65691b5f15b1a272cf923801adc66d4df80aece3cfc351080aa1f94ea,current-nlr-pbe-gw-v1:composition:d388f8d158646a83169a05ebe617a1c1655bdc1faffce420e2cb4f00c7151dd6,Ge K2 O4 Zn,O21 W2 Y10,2.845,2.847,0.002,z_b > z_a,log(1 + exp(-(z_b - z_a)))
1169,ADJACENT_STRICT_PBE_ORDER_V1,1.0,1548,1549,1983,1238,current-nlr-pbe-gw-v1:composition:d388f8d158646a83169a05ebe617a1c1655bdc1faffce420e2cb4f00c7151dd6,current-nlr-pbe-gw-v1:composition:5f6284ca367d2a0d68027c8b0c307f40739c232bb7bbe0407cfbe0c1823e792a,O21 W2 Y10,Ge4 O9 Rb2,2.847,2.856,0.009,z_b > z_a,log(1 + exp(-(z_b - z_a)))
1170,ADJACENT_STRICT_PBE_ORDER_V1,1.0,1549,1550,1238,76,current-nlr-pbe-gw-v1:composition:5f6284ca367d2a0d68027c8b0c307f40739c232bb7bbe0407cfbe0c1823e792a,current-nlr-pbe-gw-v1:composition:dff2d24c4076c82e94af1420dba81afecc62a472a5a7aec8241ab76e9642204b,Ge4 O9 Rb2,Al Bi O3,2.856,2.857,0.001,z_b > z_a,log(1 + exp(-(z_b - z_a)))
1171,ADJACENT_STRICT_PBE_ORDER_V1,1.0,1550,1551,76,1221,current-nlr-pbe-gw-v1:composition:dff2d24c4076c82e94af1420dba81afecc62a472a5a7aec8241ab76e9642204b,current-nlr-pbe-gw-v1:composition:120d7224aeef8dec346df7b56c6f6ae31767d4df5df30fd00d53bd1147b31481,Al Bi O3,Ge2 O7 Rb6,2.857,2.858,0.001,z_b > z_a,log(1 + exp(-(z_b - z_a)))
1172,ADJACENT_STRICT_PBE_ORDER_V1,1.0,1552,1553,1691,1461,current-nlr-pbe-gw-v1:composition:5e481afa120d773ad7f898793635c84806bddd486e9bd833984451419d84c51b,current-nlr-pbe-gw-v1:composition:00aa89be6af8c7b93c33d46302c6c1c4714624fa4b04a633fd6f96b4affac1be,Mo O5 Pb2,K4 Mn Mo3 O12,2.858,2.862,0.004,z_b > z_a,log(1 + exp(-(z_b - z_a)))
1173,ADJACENT_STRICT_PBE_ORDER_V1,1.0,1553,1554,1461,1131,current-nlr-pbe-gw-v1:composition:00aa89be6af8c7b93c33d46302c6c1c4714624fa4b04a633fd6f96b4affac1be,current-nlr-pbe-gw-v1:composition:ce83aece30848cd059dabc8cd99b430b3519afc6dfb29f2b7b735f06a468805d,K4 Mn Mo3 O12,Ga Na O2,2.862,2.864,0.002,z_b > z_a,log(1 + exp(-(z_b - z_a)))
1174,ADJACENT_STRICT_PBE_ORDER_V1,1.0,1554,1555,1131,1696,current-nlr-pbe-gw-v1:composition:ce83aece30848cd059dabc8cd99b430b3519afc6dfb29f2b7b735f06a468805d,current-nlr-pbe-gw-v1:composition:547574552db7bd7b0ebde35645149e22684e9a522a91e6cb366d582f98f5c40c,Ga Na O2,Mo10 Na6 O33,2.864,2.869,0.005,z_b > z_a,log(1 + exp(-(z_b - z_a)))
1175,ADJACENT_STRICT_PBE_ORDER_V1,1.0,1555,1556,1696,2129,current-nlr-pbe-gw-v1:composition:547574552db7bd7b0ebde35645149e22684e9a522a91e6cb366d582f98f5c40c,current-nlr-pbe-gw-v1:composition:7cccdab749e4c7430fb64b8e6c2c69b5a63f0fc0704dbf86ea45a2d02e1fad6c,Mo10 Na6 O33,O8 Ti3 Zn2,2.869,2.871,0.002,z_b > z_a,log(1 + exp(-(z_b - z_a)))
1176,ADJACENT_STRICT_PBE_ORDER_V1,1.0,1556,1557,2129,347,current-nlr-pbe-gw-v1:composition:7cccdab749e4c7430fb64b8e6c2c69b5a63f0fc0704dbf86ea45a2d02e1fad6c,current-nlr-pbe-gw-v1:composition:e0e3302150ba1f25010a63207cdd9793ed966a5b63fe5e81660cd34726e8096c,O8 Ti3 Zn2,Ba2 Co O7 Si2,2.871,2.873,0.002,z_b > z_a,log(1 + exp(-(z_b - z_a)))
1177,ADJACENT_STRICT_PBE_ORDER_V1,1.0,1557,1558,347,1225,current-nlr-pbe-gw-v1:composition:e0e3302150ba1f25010a63207cdd9793ed966a5b63fe5e81660cd34726e8096c,current-nlr-pbe-gw-v1:composition:c52b74e4336806574f5f830598aacf6c6f3fe3f9ee99956b2f645aa87b4ebd44,Ba2 Co O7 Si2,Ge3 K2 O9 Ti,2.873,2.875,0.002,z_b > z_a,log(1 + exp(-(z_b - z_a)))
1178,ADJACENT_STRICT_PBE_ORDER_V1,1.0,1558,1559,1225,1532,current-nlr-pbe-gw-v1:composition:c52b74e4336806574f5f830598aacf6c6f3fe3f9ee99956b2f645aa87b4ebd44,current-nlr-pbe-gw-v1:composition:42df435ca5be96f4095355c96941e051e19043d32c09a7e9b80de4cd207f1399,Ge3 K2 O9 Ti,La2 O9 Si Ti2,2.875,2.876,0.001,z_b > z_a,log(1 + exp(-(z_b - z_a)))
1179,ADJACENT_STRICT_PBE_ORDER_V1,1.0,1560,1561,436,925,current-nlr-pbe-gw-v1:composition:bf9aa062aa2a2cc6fefdd805998526a4e50716bb35c68b432a996465d7ef12c1,current-nlr-pbe-gw-v1:composition:2a78f85f4ffad41ee784cfb80a9430808b822ad95a4f82b0bd4c72c475692589,Ba3 Mg Nb2 O9,Cu O2 Sc,2.876,2.879,0.003,z_b > z_a,log(1 + exp(-(z_b - z_a)))
1180,ADJACENT_STRICT_PBE_ORDER_V1,1.0,1561,1562,925,1705,current-nlr-pbe-gw-v1:composition:2a78f85f4ffad41ee784cfb80a9430808b822ad95a4f82b0bd4c72c475692589,current-nlr-pbe-gw-v1:composition:a82cdb3f96b7d56975dfa218ef69ab78c45166670b314a7a564387398d8c4399,Cu O2 Sc,Mo3 Na O10 Rb,2.879,2.881,0.002,z_b > z_a,log(1 + exp(-(z_b - z_a)))
1181,ADJACENT_STRICT_PBE_ORDER_V1,1.0,1562,1563,1705,1164,current-nlr-pbe-gw-v1:composition:a82cdb3f96b7d56975dfa218ef69ab78c45166670b314a7a564387398d8c4399,current-nlr-pbe-gw-v1:composition:98294ae31cd93db4b4713cf01e848781599256493f190d6c64938edd18c0d573,Mo3 Na O10 Rb,Ga5 Na O12 Ti2,2.881,2.885,0.004,z_b > z_a,log(1 + exp(-(z_b - z_a)))
1182,ADJACENT_STRICT_PBE_ORDER_V1,1.0,1563,1564,1164,2081,current-nlr-pbe-gw-v1:composition:98294ae31cd93db4b4713cf01e848781599256493f190d6c64938edd18c0d573,current-nlr-pbe-gw-v1:composition:e9b8b143fd71d604e158a73ea9cbda95a740be9f0a72c13d922e5e4b0d01bcc5,Ga5 Na O12 Ti2,O6 Rh Sc Sr3,2.885,2.887,0.002,z_b > z_a,log(1 + exp(-(z_b - z_a)))
1183,ADJACENT_STRICT_PBE_ORDER_V1,1.0,1565,1566,1351,452,current-nlr-pbe-gw-v1:composition:fcfd1e852687bf532a2fe414f63da81d269fc4e41eebf9da9159688b5c65ff48,current-nlr-pbe-gw-v1:composition:ed23f40e40e0b62c63185e96211314747333aa9016465fcc9e48c69e9af3bb35,K Mn Na O10 Si4,Ba3 O13 V4,2.887,2.888,0.001,z_b > z_a,log(1 + exp(-(z_b - z_a)))
1184,ADJACENT_STRICT_PBE_ORDER_V1,1.0,1566,1567,452,666,current-nlr-pbe-gw-v1:composition:ed23f40e40e0b62c63185e96211314747333aa9016465fcc9e48c69e9af3bb35,current-nlr-pbe-gw-v1:composition:a1f114e343a135bb4b850244a6861b498a26d57ce840d95e71ed25655b235295,Ba3 O13 V4,Cd Na2 O6 Si2,2.888,2.889,0.001,z_b > z_a,log(1 + exp(-(z_b - z_a)))
1185,ADJACENT_STRICT_PBE_ORDER_V1,1.0,1567,1568,666,2073,current-nlr-pbe-gw-v1:composition:a1f114e343a135bb4b850244a6861b498a26d57ce840d95e71ed25655b235295,current-nlr-pbe-gw-v1:composition:5b54c9ebfaf4b9eaedf828db2e82bf5bd734c4a36608eb2d61c488e14d2706e6,Cd Na2 O6 Si2,O5 Ti2 Zn,2.889,2.892,0.003,z_b > z_a,log(1 + exp(-(z_b - z_a)))
1186,ADJACENT_STRICT_PBE_ORDER_V1,1.0,1568,1569,2073,863,current-nlr-pbe-gw-v1:composition:5b54c9ebfaf4b9eaedf828db2e82bf5bd734c4a36608eb2d61c488e14d2706e6,current-nlr-pbe-gw-v1:composition:14d099e47ad18278b65ff2ff1de6f0c5529ad08e95358e562e956ade0f63d887,O5 Ti2 Zn,Cr2 O3,2.892,2.893,0.001,z_b > z_a,log(1 + exp(-(z_b - z_a)))
1187,ADJACENT_STRICT_PBE_ORDER_V1,1.0,1570,1571,1489,1162,current-nlr-pbe-gw-v1:composition:382918284dc8aaea1cd5913435b2be52ede9e953f8b8be48732a5880dc8ca147,current-nlr-pbe-gw-v1:composition:99f0e35d7756bd104817ac47a5b61368f7c5e17d64ceb6843bf3976d5d1c79f6,La Na O4 Ti,Ga4 O9 Sr3,2.893,2.894,0.001,z_b > z_a,log(1 + exp(-(z_b - z_a)))
1188,ADJACENT_STRICT_PBE_ORDER_V1,1.0,1572,1573,615,16,current-nlr-pbe-gw-v1:composition:fa1f8019238b0c8a8248eeb96d4266701e3c365eb04a9c1b0b969793feecb991,current-nlr-pbe-gw-v1:composition:d7ca90fa4be53113c02f99a840a004e8f307b819f09d9b479058ad456d5e5351,Ca2 O7 V2,Ag In O8 W2,2.894,2.897,0.003,z_b > z_a,log(1 + exp(-(z_b - z_a)))
1189,ADJACENT_STRICT_PBE_ORDER_V1,1.0,1573,1574,16,1035,current-nlr-pbe-gw-v1:composition:d7ca90fa4be53113c02f99a840a004e8f307b819f09d9b479058ad456d5e5351,current-nlr-pbe-gw-v1:composition:48f04674fa4c1547d9afb85cd08cfae359bd8a7718ec266f0e614c0b1b429727,Ag In O8 W2,Fe Na O2,2.897,2.899,0.002,z_b > z_a,log(1 + exp(-(z_b - z_a)))
1190,ADJACENT_STRICT_PBE_ORDER_V1,1.0,1574,1575,1035,1200,current-nlr-pbe-gw-v1:composition:48f04674fa4c1547d9afb85cd08cfae359bd8a7718ec266f0e614c0b1b429727,current-nlr-pbe-gw-v1:composition:f77bc7953f2e9685cdce7377794266673404edd2c7d14e30e7bc2c01332bfac7,Fe Na O2,Ge O5 Sr Ti,2.899,2.9,0.001,z_b > z_a,log(1 + exp(-(z_b - z_a)))
1191,ADJACENT_STRICT_PBE_ORDER_V1,1.0,1575,1576,1200,123,current-nlr-pbe-gw-v1:composition:f77bc7953f2e9685cdce7377794266673404edd2c7d14e30e7bc2c01332bfac7,current-nlr-pbe-gw-v1:composition:bcfe753471aa1bfff03ad201249eeb0df22dc0ba7138e57828fef3198f2de0f6,Ge O5 Sr Ti,Al2 Co3 O12 Si3,2.9,2.902,0.002,z_b > z_a,log(1 + exp(-(z_b - z_a)))
1192,ADJACENT_STRICT_PBE_ORDER_V1,1.0,1576,1577,123,1213,current-nlr-pbe-gw-v1:composition:bcfe753471aa1bfff03ad201249eeb0df22dc0ba7138e57828fef3198f2de0f6,current-nlr-pbe-gw-v1:composition:48dfe953f7b5a2053dfdc8b4c0773223242c17f9a4b77610e6bb0ab82b0c5414,Al2 Co3 O12 Si3,Ge2 K3 Nb3 O13,2.902,2.91,0.008,z_b > z_a,log(1 + exp(-(z_b - z_a)))
1193,ADJACENT_STRICT_PBE_ORDER_V1,1.0,1578,1579,2078,1226,current-nlr-pbe-gw-v1:composition:83f815bfd41ff198d29afca10500ae50b913991503d62a1af2c573832510ac51,current-nlr-pbe-gw-v1:composition:621966dbb57b619405619535a38b7cc8c7944559a3d1e5c9ee2b09b8c338a100,O6 Pt Sr3 Zn,Ge3 La2 O9,2.91,2.911,0.001,z_b > z_a,log(1 + exp(-(z_b - z_a)))
1194,ADJACENT_STRICT_PBE_ORDER_V1,1.0,1579,1580,1226,1585,current-nlr-pbe-gw-v1:composition:621966dbb57b619405619535a38b7cc8c7944559a3d1e5c9ee2b09b8c338a100,current-nlr-pbe-gw-v1:composition:2516cf0e4ce0e0b2e122a48cee7a103036602ea8cb2224e9b8462da16cb7afea,Ge3 La2 O9,Mg2 O4 Ti,2.911,2.912,0.001,z_b > z_a,log(1 + exp(-(z_b - z_a)))
1195,ADJACENT_STRICT_PBE_ORDER_V1,1.0,1580,1581,1585,2124,current-nlr-pbe-gw-v1:composition:2516cf0e4ce0e0b2e122a48cee7a103036602ea8cb2224e9b8462da16cb7afea,current-nlr-pbe-gw-v1:composition:25d66f188a2f1cd5cfa180a38337a398e7a86e6428f5dd42b5d6a28a2168c022,Mg2 O4 Ti,O7 Y2 Zr2,2.912,2.919,0.007,z_b > z_a,log(1 + exp(-(z_b - z_a)))
1196,ADJACENT_STRICT_PBE_ORDER_V1,1.0,1581,1582,2124,504,current-nlr-pbe-gw-v1:composition:25d66f188a2f1cd5cfa180a38337a398e7a86e6428f5dd42b5d6a28a2168c022,current-nlr-pbe-gw-v1:composition:72a9f8931ab3b30a889009c573f644ed3819d7b07ca39986ebfe9e6bf982879e,O7 Y2 Zr2,Bi Nb O4,2.919,2.92,0.001,z_b > z_a,log(1 + exp(-(z_b - z_a)))
1197,ADJACENT_STRICT_PBE_ORDER_V1,1.0,1582,1583,504,303,current-nlr-pbe-gw-v1:composition:72a9f8931ab3b30a889009c573f644ed3819d7b07ca39986ebfe9e6bf982879e,current-nlr-pbe-gw-v1:composition:eed5e79801a03df9adecf4206cb99064da3ad34e170b6c6a3d967aec9f48d3e6,Bi Nb O4,Ba O11 Ti5,2.92,2.921,0.001,z_b > z_a,log(1 + exp(-(z_b - z_a)))
1198,ADJACENT_STRICT_PBE_ORDER_V1,1.0,1583,1584,303,852,current-nlr-pbe-gw-v1:composition:eed5e79801a03df9adecf4206cb99064da3ad34e170b6c6a3d967aec9f48d3e6,current-nlr-pbe-gw-v1:composition:7a7cfcae727bf3d133be0795def79ccf135704f4c2e57b41d319c85414428820,Ba O11 Ti5,Cr2 K3 Na O8,2.921,2.924,0.003,z_b > z_a,log(1 + exp(-(z_b - z_a)))
1199,ADJACENT_STRICT_PBE_ORDER_V1,1.0,1585,1586,486,170,current-nlr-pbe-gw-v1:composition:a6acbccb66e6dbe20f815600d5f94ba026fe0703e1430d46d34fd035b5c33e75,current-nlr-pbe-gw-v1:composition:a5b9c094652b90ae9a81a993ecd2f5f182b7b9dedbb1f4929ea12a4da19e0697,Ba6 O17 Ti4 Y2,Al5 Na O12 Ti2,2.924,2.927,0.003,z_b > z_a,log(1 + exp(-(z_b - z_a)))
1200,ADJACENT_STRICT_PBE_ORDER_V1,1.0,1586,1587,170,1476,current-nlr-pbe-gw-v1:composition:a5b9c094652b90ae9a81a993ecd2f5f182b7b9dedbb1f4929ea12a4da19e0697,current-nlr-pbe-gw-v1:composition:ba74c7ac27f8bc6bafd5556faca39b08ac3828c773871743aa0e2cc3c8cbbdc9,Al5 Na O12 Ti2,K6 Mo10 O33,2.927,2.929,0.002,z_b > z_a,log(1 + exp(-(z_b - z_a)))
1201,ADJACENT_STRICT_PBE_ORDER_V1,1.0,1587,1588,1476,402,current-nlr-pbe-gw-v1:composition:ba74c7ac27f8bc6bafd5556faca39b08ac3828c773871743aa0e2cc3c8cbbdc9,current-nlr-pbe-gw-v1:composition:d3edc413d32936223ea85bc87d75d72b7ec70ecdd1786383890275728ff5de2d,K6 Mo10 O33,Ba2 O5 W,2.929,2.933,0.004,z_b > z_a,log(1 + exp(-(z_b - z_a)))
1202,ADJACENT_STRICT_PBE_ORDER_V1,1.0,1588,1589,402,1800,current-nlr-pbe-gw-v1:composition:d3edc413d32936223ea85bc87d75d72b7ec70ecdd1786383890275728ff5de2d,current-nlr-pbe-gw-v1:composition:7ada16b3bc79a29723edfadf29e235c8a2e96c49460f5f31907a0883593919ab,Ba2 O5 W,Na2 O12 Sr V4,2.933,2.935,0.002,z_b > z_a,log(1 + exp(-(z_b - z_a)))
1203,ADJACENT_STRICT_PBE_ORDER_V1,1.0,1589,1590,1800,538,current-nlr-pbe-gw-v1:composition:7ada16b3bc79a29723edfadf29e235c8a2e96c49460f5f31907a0883593919ab,current-nlr-pbe-gw-v1:composition:0d21c2e73bfab445a2af8d64ce5503d3bd58fd8218e814e05cdfbdae62369b7e,Na2 O12 Sr V4,Ca Ge O5 Ti,2.935,2.936,0.001,z_b > z_a,log(1 + exp(-(z_b - z_a)))
1204,ADJACENT_STRICT_PBE_ORDER_V1,1.0,1590,1591,538,248,current-nlr-pbe-gw-v1:composition:0d21c2e73bfab445a2af8d64ce5503d3bd58fd8218e814e05cdfbdae62369b7e,current-nlr-pbe-gw-v1:composition:837a5ebcb09266736b6d01e827ac1f6d460f1c48830c83cde335214c7b387598,Ca Ge O5 Ti,Ba Fe4 O8 Sr,2.936,2.94,0.004,z_b > z_a,log(1 + exp(-(z_b - z_a)))
1205,ADJACENT_STRICT_PBE_ORDER_V1,1.0,1592,1593,1793,698,current-nlr-pbe-gw-v1:composition:f5a9b72217d25f95cedb55e6f4371f47e36c531313014cdf857ebb787f68f9ed,current-nlr-pbe-gw-v1:composition:18c66f7ba479cab23db53f93e0a4d6c1e69e7038d490657f33a00f3e0ed7e2b4,Na2 Nb4 O11,Cd3 O11 Rb V3,2.94,2.941,0.001,z_b > z_a,log(1 + exp(-(z_b - z_a)))
1206,ADJACENT_STRICT_PBE_ORDER_V1,1.0,1595,1596,1450,856,current-nlr-pbe-gw-v1:composition:d17c15523cd9ac2bf8ff80d68399f6acf6ff2defab68db6e868ae0566d792bcb,current-nlr-pbe-gw-v1:composition:1f37f95e2cc09c7750507670ace40e8dbb693f8ebe0e35f6d41b26b6e0eca811,K3 Nb O8,Cr2 Mn3 O12 Si3,2.941,2.942,0.001,z_b > z_a,log(1 + exp(-(z_b - z_a)))
1207,ADJACENT_STRICT_PBE_ORDER_V1,1.0,1597,1598,381,566,current-nlr-pbe-gw-v1:composition:7e022e65a8e3259737aec126fc36850c04f46fa418174a7bbef7f59845d8e07b,current-nlr-pbe-gw-v1:composition:942d9c8ef0ebbfdd36034d8f75f285b76cec34c2a78e95d7416922f78bc94d79,Ba2 Mg O6 W,Ca O3 Sn,2.942,2.943,0.001,z_b > z_a,log(1 + exp(-(z_b - z_a)))
1208,ADJACENT_STRICT_PBE_ORDER_V1,1.0,1599,1600,1464,809,current-nlr-pbe-gw-v1:composition:b79e0bdaf7f911b93b42513fcd6084d20ea642a2da244d91a52a7df0b9fe8960,current-nlr-pbe-gw-v1:composition:294a4075b360a866611c7ca0cf262056839d1677b98dfab691b729ebff3a5058,K4 Nb6 O17,Cr K2 O4,2.943,2.955,0.012,z_b > z_a,log(1 + exp(-(z_b - z_a)))
1209,ADJACENT_STRICT_PBE_ORDER_V1,1.0,1600,1601,809,1190,current-nlr-pbe-gw-v1:composition:294a4075b360a866611c7ca0cf262056839d1677b98dfab691b729ebff3a5058,current-nlr-pbe-gw-v1:composition:bb917885bb84284f85c032565b0bd0d9dbf43df8fd6955ad71659f400bd2699c,Cr K2 O4,Ge O3 Pb,2.955,2.956,0.001,z_b > z_a,log(1 + exp(-(z_b - z_a)))
1210,ADJACENT_STRICT_PBE_ORDER_V1,1.0,1601,1602,1190,1869,current-nlr-pbe-gw-v1:composition:bb917885bb84284f85c032565b0bd0d9dbf43df8fd6955ad71659f400bd2699c,current-nlr-pbe-gw-v1:composition:30f54082db728e655db28f9e902421c1e25f21a5a22b256d3abef05e6983d4d8,Ge O3 Pb,Nb O8 Rb3,2.956,2.958,0.002,z_b > z_a,log(1 + exp(-(z_b - z_a)))
1211,ADJACENT_STRICT_PBE_ORDER_V1,1.0,1602,1603,1869,1409,current-nlr-pbe-gw-v1:composition:30f54082db728e655db28f9e902421c1e25f21a5a22b256d3abef05e6983d4d8,current-nlr-pbe-gw-v1:composition:70222638828f7f774072445bf3c90cc968ba28274ef609718565e3a6393c78cc,Nb O8 Rb3,K2 O12 Sr V4,2.958,2.959,0.001,z_b > z_a,log(1 + exp(-(z_b - z_a)))
1212,ADJACENT_STRICT_PBE_ORDER_V1,1.0,1604,1605,1378,1947,current-nlr-pbe-gw-v1:composition:fd917d9ee008de3d172a069a1ef52797276239c126d84f6922c5d06c7be0f684,current-nlr-pbe-gw-v1:composition:4d728afaf4870ac71ad11915560cce675da8049af8ac0ed58fbfd3d0d64467cf,K O3 V,O13 Rb2 Ti6,2.959,2.968,0.009,z_b > z_a,log(1 + exp(-(z_b - z_a)))
1213,ADJACENT_STRICT_PBE_ORDER_V1,1.0,1605,1606,1947,1181,current-nlr-pbe-gw-v1:composition:4d728afaf4870ac71ad11915560cce675da8049af8ac0ed58fbfd3d0d64467cf,current-nlr-pbe-gw-v1:composition:4396baf1bebd740c335bf86ebbda5472f9d32d262e2fd2ddd00c621852a42a8e,O13 Rb2 Ti6,Ge Na2 O3,2.968,2.969,0.001,z_b > z_a,log(1 + exp(-(z_b - z_a)))
1214,ADJACENT_STRICT_PBE_ORDER_V1,1.0,1606,1607,1181,446,current-nlr-pbe-gw-v1:composition:4396baf1bebd740c335bf86ebbda5472f9d32d262e2fd2ddd00c621852a42a8e,current-nlr-pbe-gw-v1:composition:9ee8b73d481c9d69ffccc06179e46d07b0929c0b13d3980e537a6be3c1aa8814,Ge Na2 O3,Ba3 Nb2 O9 Zn,2.969,2.973,0.004,z_b > z_a,log(1 + exp(-(z_b - z_a)))
1215,ADJACENT_STRICT_PBE_ORDER_V1,1.0,1607,1608,446,121,current-nlr-pbe-gw-v1:composition:9ee8b73d481c9d69ffccc06179e46d07b0929c0b13d3980e537a6be3c1aa8814,current-nlr-pbe-gw-v1:composition:424c344676937370c3c7306789430014840354a5fa1984340890782ddc063d1f,Ba3 Nb2 O9 Zn,Al2 Cd3 O12 Si3,2.973,2.974,0.001,z_b > z_a,log(1 + exp(-(z_b - z_a)))
1216,ADJACENT_STRICT_PBE_ORDER_V1,1.0,1608,1609,121,87,current-nlr-pbe-gw-v1:composition:424c344676937370c3c7306789430014840354a5fa1984340890782ddc063d1f,current-nlr-pbe-gw-v1:composition:970040560e9e366ee65ccdbe8021ab68e392aad2332c989f7a2069a072f45286,Al2 Cd3 O12 Si3,Al K3 O3,2.974,2.977,0.003,z_b > z_a,log(1 + exp(-(z_b - z_a)))
1217,ADJACENT_STRICT_PBE_ORDER_V1,1.0,1609,1610,87,404,current-nlr-pbe-gw-v1:composition:970040560e9e366ee65ccdbe8021ab68e392aad2332c989f7a2069a072f45286,current-nlr-pbe-gw-v1:composition:7603417fd2d5f1c1c8f4257ffc34bd36f9d4d64efd310aaad3adc442d600a7e4,Al K3 O3,Ba2 O6 Sr W,2.977,2.978,0.001,z_b > z_a,log(1 + exp(-(z_b - z_a)))
1218,ADJACENT_STRICT_PBE_ORDER_V1,1.0,1611,1612,609,307,current-nlr-pbe-gw-v1:composition:d4b845e554f86e80d4bc091a3cea9d73b3d388a37b470681335c0301d5bd931e,current-nlr-pbe-gw-v1:composition:aeed7e4e70c02ebc0df2ff6ee8c5f7d9457a3ccbdb0c4ad4a35e599764fa4d13,Ca2 O4 Ti,Ba O18 Rb4 V6,2.978,2.979,0.001,z_b > z_a,log(1 + exp(-(z_b - z_a)))
1219,ADJACENT_STRICT_PBE_ORDER_V1,1.0,1612,1613,307,534,current-nlr-pbe-gw-v1:composition:aeed7e4e70c02ebc0df2ff6ee8c5f7d9457a3ccbdb0c4ad4a35e599764fa4d13,current-nlr-pbe-gw-v1:composition:1bed9efd402d87b7b28709528f2e020b498b5978b07b024328fec06f45051c38,Ba O18 Rb4 V6,Ca Ga2 O4,2.979,2.982,0.003,z_b > z_a,log(1 + exp(-(z_b - z_a)))
1220,ADJACENT_STRICT_PBE_ORDER_V1,1.0,1613,1614,534,1998,current-nlr-pbe-gw-v1:composition:1bed9efd402d87b7b28709528f2e020b498b5978b07b024328fec06f45051c38,current-nlr-pbe-gw-v1:composition:d4fd56d10101dce05f2341d397f4a3a33aabe2a94cbe2a69debeb1e9cd482f30,Ca Ga2 O4,O3 Rb V,2.982,2.985,0.003,z_b > z_a,log(1 + exp(-(z_b - z_a)))
1221,ADJACENT_STRICT_PBE_ORDER_V1,1.0,1614,1615,1998,1470,current-nlr-pbe-gw-v1:composition:d4fd56d10101dce05f2341d397f4a3a33aabe2a94cbe2a69debeb1e9cd482f30,current-nlr-pbe-gw-v1:composition:9b432e6f00a451e8c8ff9a7830c1a7cb27139d469fdc3a78de68b633e64dd8e3,O3 Rb V,K4 O4 Si,2.985,2.986,0.001,z_b > z_a,log(1 + exp(-(z_b - z_a)))
1222,ADJACENT_STRICT_PBE_ORDER_V1,1.0,1615,1616,1470,342,current-nlr-pbe-gw-v1:composition:9b432e6f00a451e8c8ff9a7830c1a7cb27139d469fdc3a78de68b633e64dd8e3,current-nlr-pbe-gw-v1:composition:573a9b5205e4b729c2e5ba2fbb9b68a14cd45b560608e228338b1792ea963862,K4 O4 Si,Ba2 Ca O6 W,2.986,2.987,0.001,z_b > z_a,log(1 + exp(-(z_b - z_a)))
1223,ADJACENT_STRICT_PBE_ORDER_V1,1.0,1616,1617,342,1234,current-nlr-pbe-gw-v1:composition:573a9b5205e4b729c2e5ba2fbb9b68a14cd45b560608e228338b1792ea963862,current-nlr-pbe-gw-v1:composition:06b48a2e930c8da087d36dfc3c5a67b2aa916152b15175757ac8ea346f23dc60,Ba2 Ca O6 W,Ge4 K2 O9,2.987,2.989,0.002,z_b > z_a,log(1 + exp(-(z_b - z_a)))
1224,ADJACENT_STRICT_PBE_ORDER_V1,1.0,1617,1618,1234,1530,current-nlr-pbe-gw-v1:composition:06b48a2e930c8da087d36dfc3c5a67b2aa916152b15175757ac8ea346f23dc60,current-nlr-pbe-gw-v1:composition:4a2f7825ad86ed6010371e06629b3775170e4b4ce9af0e00c4a9dcabe24de1c6,Ge4 K2 O9,La2 O7 Ti2,2.989,2.993,0.004,z_b > z_a,log(1 + exp(-(z_b - z_a)))
1225,ADJACENT_STRICT_PBE_ORDER_V1,1.0,1618,1619,1530,1301,current-nlr-pbe-gw-v1:composition:4a2f7825ad86ed6010371e06629b3775170e4b4ce9af0e00c4a9dcabe24de1c6,current-nlr-pbe-gw-v1:composition:ddbeab367a2aec92e208e5870fde7d15eef9087405c13fc10582d997f4c30e26,La2 O7 Ti2,In O4 V,2.993,2.994,0.001,z_b > z_a,log(1 + exp(-(z_b - z_a)))
1226,ADJACENT_STRICT_PBE_ORDER_V1,1.0,1619,1620,1301,1540,current-nlr-pbe-gw-v1:composition:ddbeab367a2aec92e208e5870fde7d15eef9087405c13fc10582d997f4c30e26,current-nlr-pbe-gw-v1:composition:08a642d0e3505b00fdac7b97214f6175ed0ce92f4226356e2ee0ae8be724808c,In O4 V,La4 Mo7 O27,2.994,2.998,0.004,z_b > z_a,log(1 + exp(-(z_b - z_a)))
1227,ADJACENT_STRICT_PBE_ORDER_V1,1.0,1620,1621,1540,1209,current-nlr-pbe-gw-v1:composition:08a642d0e3505b00fdac7b97214f6175ed0ce92f4226356e2ee0ae8be724808c,current-nlr-pbe-gw-v1:composition:007a3748a1d49210f909e981360819f51bc3ee6410adb3b10eefe510d3009cab,La4 Mo7 O27,Ge2 K2 Na4 O7,2.998,2.999,0.001,z_b > z_a,log(1 + exp(-(z_b - z_a)))
1228,ADJACENT_STRICT_PBE_ORDER_V1,1.0,1622,1623,825,1634,current-nlr-pbe-gw-v1:composition:cdb4810fb71100957fec36b74621851c0adc2b977262988855f6bb9868f4eff8,current-nlr-pbe-gw-v1:composition:9bdfdecf6d9b7f47268c219affc6416608de5fe9b59ee48f1a147464c03efde4,Cr O10 Si4 Sr,Mn O7 Si2 Sr2,2.999,3,0.001,z_b > z_a,log(1 + exp(-(z_b - z_a)))
1229,ADJACENT_STRICT_PBE_ORDER_V1,1.0,1623,1624,1634,1191,current-nlr-pbe-gw-v1:composition:9bdfdecf6d9b7f47268c219affc6416608de5fe9b59ee48f1a147464c03efde4,current-nlr-pbe-gw-v1:composition:e38934d35a8d7b486c55eafd8e3058389af01ce95ec2924850752bad1b465c81,Mn O7 Si2 Sr2,Ge O3 Rb2,3,3.003,0.003,z_b > z_a,log(1 + exp(-(z_b - z_a)))
1230,ADJACENT_STRICT_PBE_ORDER_V1,1.0,1624,1625,1191,665,current-nlr-pbe-gw-v1:composition:e38934d35a8d7b486c55eafd8e3058389af01ce95ec2924850752bad1b465c81,current-nlr-pbe-gw-v1:composition:17291286e2c11f9795c987b00cf22a9556abec40e954f75505617ad2a941c244,Ge O3 Rb2,Cd Na O4 V,3.003,3.005,0.002,z_b > z_a,log(1 + exp(-(z_b - z_a)))
1231,ADJACENT_STRICT_PBE_ORDER_V1,1.0,1627,1628,2057,1245,current-nlr-pbe-gw-v1:composition:6a725c03812956c8d05b150c69e4c6fa03aa98b7cdb07c0a8813a7a5af42ae00,current-nlr-pbe-gw-v1:composition:d36093beb9d7a5a055d3ed67cbbc6d6c324180fa9b4132f310860d78ac1921f5,O4 V Y,Ge9 Na4 O20,3.005,3.006,0.001,z_b > z_a,log(1 + exp(-(z_b - z_a)))
1232,ADJACENT_STRICT_PBE_ORDER_V1,1.0,1628,1629,1245,671,current-nlr-pbe-gw-v1:composition:d36093beb9d7a5a055d3ed67cbbc6d6c324180fa9b4132f310860d78ac1921f5,current-nlr-pbe-gw-v1:composition:d6f289a60e91475134b4143b3f18f9ad45c846d2a12283271b91950a2fbe2cd9,Ge9 Na4 O20,Cd O3 Ti,3.006,3.01,0.004,z_b > z_a,log(1 + exp(-(z_b - z_a)))
1233,ADJACENT_STRICT_PBE_ORDER_V1,1.0,1629,1630,671,1257,current-nlr-pbe-gw-v1:composition:d6f289a60e91475134b4143b3f18f9ad45c846d2a12283271b91950a2fbe2cd9,current-nlr-pbe-gw-v1:composition:0eee0eaa6e87cec347ccd59b8e2d29ef35135fec81441a084086870ade0a2ee4,Cd O3 Ti,Hf5 K4 O12,3.01,3.011,0.001,z_b > z_a,log(1 + exp(-(z_b - z_a)))
1234,ADJACENT_STRICT_PBE_ORDER_V1,1.0,1630,1631,1257,104,current-nlr-pbe-gw-v1:composition:0eee0eaa6e87cec347ccd59b8e2d29ef35135fec81441a084086870ade0a2ee4,current-nlr-pbe-gw-v1:composition:98b4139e0250ea7889a94569dcc994e6b0e321f017c4dd852ab03beaf06d8227,Hf5 K4 O12,Al O4 V,3.011,3.012,0.001,z_b > z_a,log(1 + exp(-(z_b - z_a)))
1235,ADJACENT_STRICT_PBE_ORDER_V1,1.0,1631,1632,104,265,current-nlr-pbe-gw-v1:composition:98b4139e0250ea7889a94569dcc994e6b0e321f017c4dd852ab03beaf06d8227,current-nlr-pbe-gw-v1:composition:22acedf6120bb081020ff62a03bf20f83a5ee6d98101d1b27f969c48c0ced42a,Al O4 V,Ba K4 O18 V6,3.012,3.015,0.003,z_b > z_a,log(1 + exp(-(z_b - z_a)))
1236,ADJACENT_STRICT_PBE_ORDER_V1,1.0,1632,1633,265,1573,current-nlr-pbe-gw-v1:composition:22acedf6120bb081020ff62a03bf20f83a5ee6d98101d1b27f969c48c0ced42a,current-nlr-pbe-gw-v1:composition:75f79749290947198ce2baeab0ce19e2553c4960a4f5abbddfeb205d1e0416d6,Ba K4 O18 V6,Mg O6 Pt Sr3,3.015,3.018,0.003,z_b > z_a,log(1 + exp(-(z_b - z_a)))
1237,ADJACENT_STRICT_PBE_ORDER_V1,1.0,1633,1634,1573,1535,current-nlr-pbe-gw-v1:composition:75f79749290947198ce2baeab0ce19e2553c4960a4f5abbddfeb205d1e0416d6,current-nlr-pbe-gw-v1:composition:b7158ce7ffd51a283b8f72dc1b33796786e625d3fa54f75f43f7901f6f59efa2,Mg O6 Pt Sr3,La3 Nb O7,3.018,3.019,0.001,z_b > z_a,log(1 + exp(-(z_b - z_a)))
1238,ADJACENT_STRICT_PBE_ORDER_V1,1.0,1634,1635,1535,831,current-nlr-pbe-gw-v1:composition:b7158ce7ffd51a283b8f72dc1b33796786e625d3fa54f75f43f7901f6f59efa2,current-nlr-pbe-gw-v1:composition:15b544b84e81dc2fc176317305af3c7676af3f483493a19fe86ff8bcdc36c11d,La3 Nb O7,Cr O4 Rb2,3.019,3.02,0.001,z_b > z_a,log(1 + exp(-(z_b - z_a)))
1239,ADJACENT_STRICT_PBE_ORDER_V1,1.0,1638,1639,325,222,current-nlr-pbe-gw-v1:composition:56a0ba4892a6db3158868f14a594ced7220bf0f49550882d03d9fc800ed69989,current-nlr-pbe-gw-v1:composition:7dbef071f6d187428187d5b67107563a0606c0f2ab9ae64b593f016d9108a46f,Ba O5 Y2 Zn,Ba Cr O10 Si4,3.02,3.021,0.001,z_b > z_a,log(1 + exp(-(z_b - z_a)))
1240,ADJACENT_STRICT_PBE_ORDER_V1,1.0,1639,1640,222,210,current-nlr-pbe-gw-v1:composition:7dbef071f6d187428187d5b67107563a0606c0f2ab9ae64b593f016d9108a46f,current-nlr-pbe-gw-v1:composition:617b04e2a215115318f3498620a90a6d25837d3888aeea36ad65b99f55c543e8,Ba Cr O10 Si4,Ba Cd O7 V2,3.021,3.022,0.001,z_b > z_a,log(1 + exp(-(z_b - z_a)))
1241,ADJACENT_STRICT_PBE_ORDER_V1,1.0,1640,1641,210,506,current-nlr-pbe-gw-v1:composition:617b04e2a215115318f3498620a90a6d25837d3888aeea36ad65b99f55c543e8,current-nlr-pbe-gw-v1:composition:f7c088c99118e08133f32a540923a4e1ec4ed751ce438e8f4279a0fa82180880,Ba Cd O7 V2,Bi O4 Ta,3.022,3.023,0.001,z_b > z_a,log(1 + exp(-(z_b - z_a)))
1242,ADJACENT_STRICT_PBE_ORDER_V1,1.0,1641,1642,506,1704,current-nlr-pbe-gw-v1:composition:f7c088c99118e08133f32a540923a4e1ec4ed751ce438e8f4279a0fa82180880,current-nlr-pbe-gw-v1:composition:8a31dfff742af9b8daea8ce06ec102554e07e4807a434e45406a4ab8146678ed,Bi O4 Ta,Mo2 O9 Zn3,3.023,3.027,0.004,z_b > z_a,log(1 + exp(-(z_b - z_a)))
1243,ADJACENT_STRICT_PBE_ORDER_V1,1.0,1642,1643,1704,1244,current-nlr-pbe-gw-v1:composition:8a31dfff742af9b8daea8ce06ec102554e07e4807a434e45406a4ab8146678ed,current-nlr-pbe-gw-v1:composition:5d7e93d05627b9130250d68436f1f3d2633613092667662225ba180681e7470b,Mo2 O9 Zn3,Ge9 K4 O20,3.027,3.029,0.002,z_b > z_a,log(1 + exp(-(z_b - z_a)))
1244,ADJACENT_STRICT_PBE_ORDER_V1,1.0,1643,1644,1244,1169,current-nlr-pbe-gw-v1:composition:5d7e93d05627b9130250d68436f1f3d2633613092667662225ba180681e7470b,current-nlr-pbe-gw-v1:composition:06167c95be2908e20adff6d44325f3bf4c50711ffdbcfac37882954bbb338de8,Ge9 K4 O20,Ge K Na O3,3.029,3.032,0.003,z_b > z_a,log(1 + exp(-(z_b - z_a)))
1245,ADJACENT_STRICT_PBE_ORDER_V1,1.0,1644,1645,1169,1527,current-nlr-pbe-gw-v1:composition:06167c95be2908e20adff6d44325f3bf4c50711ffdbcfac37882954bbb338de8,current-nlr-pbe-gw-v1:composition:7b0474cd02f86044d381eddb49beff6ddd08d33e61f1eef1fe923da82fc4da00,Ge K Na O3,La2 O6 W,3.032,3.033,0.001,z_b > z_a,log(1 + exp(-(z_b - z_a)))
1246,ADJACENT_STRICT_PBE_ORDER_V1,1.0,1645,1646,1527,1465,current-nlr-pbe-gw-v1:composition:7b0474cd02f86044d381eddb49beff6ddd08d33e61f1eef1fe923da82fc4da00,current-nlr-pbe-gw-v1:composition:1e97de2aa0402ac4e07a2386effc7d45cd809503045ab3766247a6a92bb430c6,La2 O6 W,K4 O12 Zr5,3.033,3.037,0.004,z_b > z_a,log(1 + exp(-(z_b - z_a)))
1247,ADJACENT_STRICT_PBE_ORDER_V1,1.0,1647,1648,324,1519,current-nlr-pbe-gw-v1:composition:caa95b63dfa0e80526f6d7a34b01de8c7452f2ae1c88fad09e13e4275ef386df,current-nlr-pbe-gw-v1:composition:7bf97e148f3de984b97fb8d7ad846f9dc96ab02bb9db2f19d26da4d7fddd5f66,Ba O5 Ti2,La2 O2 S,3.037,3.039,0.002,z_b > z_a,log(1 + exp(-(z_b - z_a)))
1248,ADJACENT_STRICT_PBE_ORDER_V1,1.0,1648,1649,1519,256,current-nlr-pbe-gw-v1:composition:7bf97e148f3de984b97fb8d7ad846f9dc96ab02bb9db2f19d26da4d7fddd5f66,current-nlr-pbe-gw-v1:composition:3d16c290b1757cf8b4f94229e3215eace100cd07eedc2935b7ec607c4716bcf7,La2 O2 S,Ba Ge4 O9,3.039,3.042,0.003,z_b > z_a,log(1 + exp(-(z_b - z_a)))
1249,ADJACENT_STRICT_PBE_ORDER_V1,1.0,1650,1651,2037,1571,current-nlr-pbe-gw-v1:composition:9667c15ce567055fdafbd690b9ba55da86fb9ae013fef0f61dc4bd3a5ab8c7be,current-nlr-pbe-gw-v1:composition:6a06915f556185f18f20f52ffbb13227db9f17a54d27214bb72b66013223e8f8,O4 Sb Ta,Mg O5 Ti2,3.042,3.043,0.001,z_b > z_a,log(1 + exp(-(z_b - z_a)))
1250,ADJACENT_STRICT_PBE_ORDER_V1,1.0,1651,1652,1571,336,current-nlr-pbe-gw-v1:composition:6a06915f556185f18f20f52ffbb13227db9f17a54d27214bb72b66013223e8f8,current-nlr-pbe-gw-v1:composition:b9145f39ebfb282d5dc784dc5692fc2e56db37314dd2314840c36e582ddc5105,Mg O5 Ti2,Ba O9 Ti4,3.043,3.046,0.003,z_b > z_a,log(1 + exp(-(z_b - z_a)))
1251,ADJACENT_STRICT_PBE_ORDER_V1,1.0,1652,1653,336,1140,current-nlr-pbe-gw-v1:composition:b9145f39ebfb282d5dc784dc5692fc2e56db37314dd2314840c36e582ddc5105,current-nlr-pbe-gw-v1:composition:45d075f2b5c6949ea71ba9828f211c4daebfb83e4cbdf7adabd7fc2208ebf893,Ba O9 Ti4,Ga10 Ge O20 Pb3,3.046,3.047,0.001,z_b > z_a,log(1 + exp(-(z_b - z_a)))
1252,ADJACENT_STRICT_PBE_ORDER_V1,1.0,1653,1654,1140,133,current-nlr-pbe-gw-v1:composition:45d075f2b5c6949ea71ba9828f211c4daebfb83e4cbdf7adabd7fc2208ebf893,current-nlr-pbe-gw-v1:composition:b13cd6e1d68c6c857da983e7873d5138af4a7e7510d83191bdc211768ab942d6,Ga10 Ge O20 Pb3,Al2 Mn O4,3.047,3.048,0.001,z_b > z_a,log(1 + exp(-(z_b - z_a)))
1253,ADJACENT_STRICT_PBE_ORDER_V1,1.0,1654,1655,133,1533,current-nlr-pbe-gw-v1:composition:b13cd6e1d68c6c857da983e7873d5138af4a7e7510d83191bdc211768ab942d6,current-nlr-pbe-gw-v1:composition:3053d09114edd83fa6588b384089d6b2604b7b00d59c3729fded5f5c327533c0,Al2 Mn O4,La2 O9 W2,3.048,3.049,0.001,z_b > z_a,log(1 + exp(-(z_b - z_a)))
1254,ADJACENT_STRICT_PBE_ORDER_V1,1.0,1655,1656,1533,1185,current-nlr-pbe-gw-v1:composition:3053d09114edd83fa6588b384089d6b2604b7b00d59c3729fded5f5c327533c0,current-nlr-pbe-gw-v1:composition:33fd941a4556d053ecf2c65c368332a69436204199a21ad63966bef7aa502f2c,La2 O9 W2,Ge Na2 O7 Ti Zn2,3.049,3.055,0.006,z_b > z_a,log(1 + exp(-(z_b - z_a)))
1255,ADJACENT_STRICT_PBE_ORDER_V1,1.0,1656,1657,1185,204,current-nlr-pbe-gw-v1:composition:33fd941a4556d053ecf2c65c368332a69436204199a21ad63966bef7aa502f2c,current-nlr-pbe-gw-v1:composition:4cca5577b9124c9735a79c8375776aff30b7c51b3f05fa770e999f7cc7745004,Ge Na2 O7 Ti Zn2,Ba Ca Ga4 O8,3.055,3.056,0.001,z_b > z_a,log(1 + exp(-(z_b - z_a)))
1256,ADJACENT_STRICT_PBE_ORDER_V1,1.0,1657,1658,204,1154,current-nlr-pbe-gw-v1:composition:4cca5577b9124c9735a79c8375776aff30b7c51b3f05fa770e999f7cc7745004,current-nlr-pbe-gw-v1:composition:7cff9afac09c8e8f63e5bcfdfa67f6a2f7d99838fc26af8ad02cf488c91d2ffb,Ba Ca Ga4 O8,Ga2 O4 Sr,3.056,3.06,0.004,z_b > z_a,log(1 + exp(-(z_b - z_a)))
1257,ADJACENT_STRICT_PBE_ORDER_V1,1.0,1658,1659,1154,1410,current-nlr-pbe-gw-v1:composition:7cff9afac09c8e8f63e5bcfdfa67f6a2f7d99838fc26af8ad02cf488c91d2ffb,current-nlr-pbe-gw-v1:composition:4b20aaeb175c4575d19f1769c38bceade46326169bfb5ded13a9a90f9363dc05,Ga2 O4 Sr,K2 O13 Ti6,3.06,3.061,0.001,z_b > z_a,log(1 + exp(-(z_b - z_a)))
1258,ADJACENT_STRICT_PBE_ORDER_V1,1.0,1660,1661,1127,1179,current-nlr-pbe-gw-v1:composition:70da910b4e0b07f3451e59b2e5620e0348d1e7aece7e2ee4e58f3933c8400a34,current-nlr-pbe-gw-v1:composition:e9f2e808e9e2ad9011afba3a49ce2409893800b27b387d756833c17b2698c970,Ga K O2,Ge Na Nb O5,3.061,3.062,0.001,z_b > z_a,log(1 + exp(-(z_b - z_a)))
1259,ADJACENT_STRICT_PBE_ORDER_V1,1.0,1661,1662,1179,1239,current-nlr-pbe-gw-v1:composition:e9f2e808e9e2ad9011afba3a49ce2409893800b27b387d756833c17b2698c970,current-nlr-pbe-gw-v1:composition:b7afbc0301fd0ca08307831915b43ed331e80c92fd0e15ec0d01272fbe59b76c,Ge Na Nb O5,Ge4 O9 Sr,3.062,3.063,0.001,z_b > z_a,log(1 + exp(-(z_b - z_a)))
1260,ADJACENT_STRICT_PBE_ORDER_V1,1.0,1662,1663,1239,646,current-nlr-pbe-gw-v1:composition:b7afbc0301fd0ca08307831915b43ed331e80c92fd0e15ec0d01272fbe59b76c,current-nlr-pbe-gw-v1:composition:f1e0f1f0585437d5d339449265b5222432df3da60b994d6152130581cd7a03f2,Ge4 O9 Sr,Ca5 Ga6 O14,3.063,3.066,0.003,z_b > z_a,log(1 + exp(-(z_b - z_a)))
1261,ADJACENT_STRICT_PBE_ORDER_V1,1.0,1663,1664,646,2061,current-nlr-pbe-gw-v1:composition:f1e0f1f0585437d5d339449265b5222432df3da60b994d6152130581cd7a03f2,current-nlr-pbe-gw-v1:composition:b7857542f1aa8b1e4b3fb1dbe0a2055878ed25b4536db47741b8a7baffaba86e,Ca5 Ga6 O14,O5 Pb2 W,3.066,3.072,0.006,z_b > z_a,log(1 + exp(-(z_b - z_a)))
1262,ADJACENT_STRICT_PBE_ORDER_V1,1.0,1664,1665,2061,369,current-nlr-pbe-gw-v1:composition:b7857542f1aa8b1e4b3fb1dbe0a2055878ed25b4536db47741b8a7baffaba86e,current-nlr-pbe-gw-v1:composition:de1260961501bb643c56ff10487f6fbdc078e999691d9fe34a3d8dbb4ec0107e,O5 Pb2 W,Ba2 Ge2 O7 Zn,3.072,3.073,0.001,z_b > z_a,log(1 + exp(-(z_b - z_a)))
1263,ADJACENT_STRICT_PBE_ORDER_V1,1.0,1665,1666,369,1176,current-nlr-pbe-gw-v1:composition:de1260961501bb643c56ff10487f6fbdc078e999691d9fe34a3d8dbb4ec0107e,current-nlr-pbe-gw-v1:composition:60b85e10cb59d14052fd0bc2180fc969b9a99bd0142c239c84ac7878055a9bcc,Ba2 Ge2 O7 Zn,Ge Mg2 O4,3.073,3.076,0.003,z_b > z_a,log(1 + exp(-(z_b - z_a)))
1264,ADJACENT_STRICT_PBE_ORDER_V1,1.0,1666,1667,1176,1542,current-nlr-pbe-gw-v1:composition:60b85e10cb59d14052fd0bc2180fc969b9a99bd0142c239c84ac7878055a9bcc,current-nlr-pbe-gw-v1:composition:f341a9062871a0fab90389d29d15a1b9cc62fa10211323ee4b9cf2f4b8bdc2dc,Ge Mg2 O4,La4 O12 Ti3,3.076,3.078,0.002,z_b > z_a,log(1 + exp(-(z_b - z_a)))
1265,ADJACENT_STRICT_PBE_ORDER_V1,1.0,1667,1668,1542,1745,current-nlr-pbe-gw-v1:composition:f341a9062871a0fab90389d29d15a1b9cc62fa10211323ee4b9cf2f4b8bdc2dc,current-nlr-pbe-gw-v1:composition:4ceb32f1bbe920cc6bad6b1d3fe62aa0968c7b4edd8c426a0e1ea89ebd3c8e51,La4 O12 Ti3,N2 O Zr2,3.078,3.084,0.006,z_b > z_a,log(1 + exp(-(z_b - z_a)))
1266,ADJACENT_STRICT_PBE_ORDER_V1,1.0,1669,1670,1214,1222,current-nlr-pbe-gw-v1:composition:afc3e320df57c06a44f44777cc29f17b6d8dc7779fa1de23691a498525c80b92,current-nlr-pbe-gw-v1:composition:038f56dca9367d393853f6b318effc4952320a4adbf7cb4b46a483fb2a617fb5,Ge2 K6 O7,Ge2 O7 Sr2 Zn,3.084,3.089,0.005,z_b > z_a,log(1 + exp(-(z_b - z_a)))
1267,ADJACENT_STRICT_PBE_ORDER_V1,1.0,1670,1671,1222,1801,current-nlr-pbe-gw-v1:composition:038f56dca9367d393853f6b318effc4952320a4adbf7cb4b46a483fb2a617fb5,current-nlr-pbe-gw-v1:composition:f9f933769ada3cd1ccc6f4333361b902488139a97682ecd8df41d8e7e3afbe67,Ge2 O7 Sr2 Zn,Na2 O12 W3 Zr,3.089,3.09,0.001,z_b > z_a,log(1 + exp(-(z_b - z_a)))
1268,ADJACENT_STRICT_PBE_ORDER_V1,1.0,1671,1672,1801,557,current-nlr-pbe-gw-v1:composition:f9f933769ada3cd1ccc6f4333361b902488139a97682ecd8df41d8e7e3afbe67,current-nlr-pbe-gw-v1:composition:a0717975dab2d63de72c541a3c2c1f633d9fb77cdadea57eb45a0e4983bf01d3,Na2 O12 W3 Zr,Ca Ni O6 Si2,3.09,3.091,0.001,z_b > z_a,log(1 + exp(-(z_b - z_a)))
1269,ADJACENT_STRICT_PBE_ORDER_V1,1.0,1672,1673,557,2059,current-nlr-pbe-gw-v1:composition:a0717975dab2d63de72c541a3c2c1f633d9fb77cdadea57eb45a0e4983bf01d3,current-nlr-pbe-gw-v1:composition:4a1b698053340cb9b16bfafba0279f0bb323325d98655bb53cd9cc3b993868ff,Ca Ni O6 Si2,O4 W Zn,3.091,3.092,0.001,z_b > z_a,log(1 + exp(-(z_b - z_a)))
1270,ADJACENT_STRICT_PBE_ORDER_V1,1.0,1673,1674,2059,453,current-nlr-pbe-gw-v1:composition:4a1b698053340cb9b16bfafba0279f0bb323325d98655bb53cd9cc3b993868ff,current-nlr-pbe-gw-v1:composition:401dab42afcd309f45cf8ab93f1d925518e46e3a9d92cc631b1336bc85883737,O4 W Zn,Ba3 O14 Pb V4,3.092,3.095,0.003,z_b > z_a,log(1 + exp(-(z_b - z_a)))
1271,ADJACENT_STRICT_PBE_ORDER_V1,1.0,1674,1675,453,1548,current-nlr-pbe-gw-v1:composition:401dab42afcd309f45cf8ab93f1d925518e46e3a9d92cc631b1336bc85883737,current-nlr-pbe-gw-v1:composition:04860498865e447a0eb3dd72c61f0c3a9c0e16e5b83f95e9bc914f72b87c97a9,Ba3 O14 Pb V4,La6 Mo8 O33,3.095,3.096,0.001,z_b > z_a,log(1 + exp(-(z_b - z_a)))
1272,ADJACENT_STRICT_PBE_ORDER_V1,1.0,1675,1676,1548,2023,current-nlr-pbe-gw-v1:composition:04860498865e447a0eb3dd72c61f0c3a9c0e16e5b83f95e9bc914f72b87c97a9,current-nlr-pbe-gw-v1:composition:d24da6ea0d46df94f1015b00f1cc3441a61d6a1218a47ab414c86ac817ba121b,La6 Mo8 O33,O4 Pb Si Zn,3.096,3.098,0.002,z_b > z_a,log(1 + exp(-(z_b - z_a)))
1273,ADJACENT_STRICT_PBE_ORDER_V1,1.0,1676,1677,2023,1945,current-nlr-pbe-gw-v1:composition:d24da6ea0d46df94f1015b00f1cc3441a61d6a1218a47ab414c86ac817ba121b,current-nlr-pbe-gw-v1:composition:091c1b3765c846e473c2c920be1dc4e650737e1d9678daf7663e552b00cbd739,O4 Pb Si Zn,O12 W Y6,3.098,3.1,0.002,z_b > z_a,log(1 + exp(-(z_b - z_a)))
1274,ADJACENT_STRICT_PBE_ORDER_V1,1.0,1678,1679,405,1141,current-nlr-pbe-gw-v1:composition:f497b1a0539ce4c83bd17499f61b678261230aa39ab1516046fa41364f759a1e,current-nlr-pbe-gw-v1:composition:1193f12b1d2447fd5d1ae2a16f051f44ecb08a8a18b27fa5394035204189c981,Ba2 O6 W Zn,Ga2 Ge2 O8 Sr,3.1,3.102,0.002,z_b > z_a,log(1 + exp(-(z_b - z_a)))
1275,ADJACENT_STRICT_PBE_ORDER_V1,1.0,1679,1680,1141,1555,current-nlr-pbe-gw-v1:composition:1193f12b1d2447fd5d1ae2a16f051f44ecb08a8a18b27fa5394035204189c981,current-nlr-pbe-gw-v1:composition:e82b2a3d133dae3cb9281b5fd80cc93d9a094df5b8d9f7dce608cf043fa61644,Ga2 Ge2 O8 Sr,Li2 O3 Sn,3.102,3.104,0.002,z_b > z_a,log(1 + exp(-(z_b - z_a)))
1276,ADJACENT_STRICT_PBE_ORDER_V1,1.0,1680,1681,1555,1121,current-nlr-pbe-gw-v1:composition:e82b2a3d133dae3cb9281b5fd80cc93d9a094df5b8d9f7dce608cf043fa61644,current-nlr-pbe-gw-v1:composition:dd5a7cf1936b70ac9555241af1422254466cd8eb9ff4e09dfc4dfb934d57d594,Li2 O3 Sn,Ga Ge5 La3 O16,3.104,3.113,0.009,z_b > z_a,log(1 + exp(-(z_b - z_a)))
1277,ADJACENT_STRICT_PBE_ORDER_V1,1.0,1681,1682,1121,1230,current-nlr-pbe-gw-v1:composition:dd5a7cf1936b70ac9555241af1422254466cd8eb9ff4e09dfc4dfb934d57d594,current-nlr-pbe-gw-v1:composition:c33fe98f1f5d69ecdca631e2c786a5338e0f2f41a4dcc4098c500de44b58c3d1,Ga Ge5 La3 O16,Ge3 O12 Sr3 Y2,3.113,3.114,0.001,z_b > z_a,log(1 + exp(-(z_b - z_a)))
1278,ADJACENT_STRICT_PBE_ORDER_V1,1.0,1683,1684,1577,1815,current-nlr-pbe-gw-v1:composition:da6385d0f173cd3797c399b9e1faa0986de5cdfc1386a51eb282da725326fae0,current-nlr-pbe-gw-v1:composition:89f1ce8a12d369f70eab262614ce2474dbddfd3d1edf8983c0e3964bdfa42ca7,Mg O6 Sr2 W,Na2 O4 Rb2 Si,3.114,3.117,0.003,z_b > z_a,log(1 + exp(-(z_b - z_a)))
1279,ADJACENT_STRICT_PBE_ORDER_V1,1.0,1684,1685,1815,2112,current-nlr-pbe-gw-v1:composition:89f1ce8a12d369f70eab262614ce2474dbddfd3d1edf8983c0e3964bdfa42ca7,current-nlr-pbe-gw-v1:composition:d887f58cd09bbcad3a926842eb6afd7ad03508335f956512244e5600fc29a0b3,Na2 O4 Rb2 Si,O7 Sr2 Ta2,3.117,3.119,0.002,z_b > z_a,log(1 + exp(-(z_b - z_a)))
1280,ADJACENT_STRICT_PBE_ORDER_V1,1.0,1685,1686,2112,239,current-nlr-pbe-gw-v1:composition:d887f58cd09bbcad3a926842eb6afd7ad03508335f956512244e5600fc29a0b3,current-nlr-pbe-gw-v1:composition:4297a578212557c399732a583d85c14a7424d141302d8b7e00c33db3e552d961,O7 Sr2 Ta2,Ba Fe O10 Si4,3.119,3.124,0.005,z_b > z_a,log(1 + exp(-(z_b - z_a)))
1281,ADJACENT_STRICT_PBE_ORDER_V1,1.0,1686,1687,239,677,current-nlr-pbe-gw-v1:composition:4297a578212557c399732a583d85c14a7424d141302d8b7e00c33db3e552d961,current-nlr-pbe-gw-v1:composition:742ad09065ed20eeb3b4cc5aba75d1a868b14a9d55520419d821d6ba3a369ae0,Ba Fe O10 Si4,Cd O4 W,3.124,3.129,0.005,z_b > z_a,log(1 + exp(-(z_b - z_a)))
1282,ADJACENT_STRICT_PBE_ORDER_V1,1.0,1688,1689,2117,1255,current-nlr-pbe-gw-v1:composition:eeb99babbd3e9e4e6f54d5f8a42b402b6e6e67fef6b2c00dc78feb54eea6948c,current-nlr-pbe-gw-v1:composition:e477a8b2f87d0eaf09eb4cc16ff5d772c2f203a8392e9b143446306d55e3d24b,O7 Ti2 Y2,Hf2 N2 O,3.129,3.13,0.001,z_b > z_a,log(1 + exp(-(z_b - z_a)))
1283,ADJACENT_STRICT_PBE_ORDER_V1,1.0,1689,1690,1255,330,current-nlr-pbe-gw-v1:composition:e477a8b2f87d0eaf09eb4cc16ff5d772c2f203a8392e9b143446306d55e3d24b,current-nlr-pbe-gw-v1:composition:fc0f1a136444205b10ae2d0873bffb5eb475b69ea87321da5d43cd75a966fc2e,Hf2 N2 O,Ba O7 V2 Zn,3.13,3.138,0.008,z_b > z_a,log(1 + exp(-(z_b - z_a)))
1284,ADJACENT_STRICT_PBE_ORDER_V1,1.0,1690,1691,330,1514,current-nlr-pbe-gw-v1:composition:fc0f1a136444205b10ae2d0873bffb5eb475b69ea87321da5d43cd75a966fc2e,current-nlr-pbe-gw-v1:composition:b846839d6f5a6d4a5b085005251a8ffb87d40d7485d0444c71dcb57897cd6744,Ba O7 V2 Zn,La2 Mo4 O15,3.138,3.143,0.005,z_b > z_a,log(1 + exp(-(z_b - z_a)))
1285,ADJACENT_STRICT_PBE_ORDER_V1,1.0,1691,1692,1514,1506,current-nlr-pbe-gw-v1:composition:b846839d6f5a6d4a5b085005251a8ffb87d40d7485d0444c71dcb57897cd6744,current-nlr-pbe-gw-v1:composition:71464b02116a7678a68f9954b7c479ee3e8fde93a2b05d12da60a5ee5b4311d3,La2 Mo4 O15,La O4 V,3.143,3.144,0.001,z_b > z_a,log(1 + exp(-(z_b - z_a)))
1286,ADJACENT_STRICT_PBE_ORDER_V1,1.0,1692,1693,1506,1147,current-nlr-pbe-gw-v1:composition:71464b02116a7678a68f9954b7c479ee3e8fde93a2b05d12da60a5ee5b4311d3,current-nlr-pbe-gw-v1:composition:b721576214ab474f8b5c6867340375213420300cd15575a8dd6f5735f6b3e263,La O4 V,Ga2 Mg O4,3.144,3.145,0.001,z_b > z_a,log(1 + exp(-(z_b - z_a)))
1287,ADJACENT_STRICT_PBE_ORDER_V1,1.0,1693,1694,1147,268,current-nlr-pbe-gw-v1:composition:b721576214ab474f8b5c6867340375213420300cd15575a8dd6f5735f6b3e263,current-nlr-pbe-gw-v1:composition:59d330647f942b8b90acaec85a1ec3c444fc2eee53534cdc15c4fb8fdbd56fa7,Ga2 Mg O4,Ba La2 O5 Pt,3.145,3.153,0.008,z_b > z_a,log(1 + exp(-(z_b - z_a)))
1288,ADJACENT_STRICT_PBE_ORDER_V1,1.0,1694,1695,268,2091,current-nlr-pbe-gw-v1:composition:59d330647f942b8b90acaec85a1ec3c444fc2eee53534cdc15c4fb8fdbd56fa7,current-nlr-pbe-gw-v1:composition:b8629825b279ff7b9aa200ad617571c4b1fdefc03805163d3d14daa44043a688,Ba La2 O5 Pt,O6 Sr3 W,3.153,3.16,0.007,z_b > z_a,log(1 + exp(-(z_b - z_a)))
1289,ADJACENT_STRICT_PBE_ORDER_V1,1.0,1695,1696,2091,1363,current-nlr-pbe-gw-v1:composition:b8629825b279ff7b9aa200ad617571c4b1fdefc03805163d3d14daa44043a688,current-nlr-pbe-gw-v1:composition:2b73a9f6b39991a5e2f365fe68efcb48073a1f51a2138c842603d37ee848240f,O6 Sr3 W,K Na O6 V2,3.16,3.162,0.002,z_b > z_a,log(1 + exp(-(z_b - z_a)))
1290,ADJACENT_STRICT_PBE_ORDER_V1,1.0,1696,1697,1363,1774,current-nlr-pbe-gw-v1:composition:2b73a9f6b39991a5e2f365fe68efcb48073a1f51a2138c842603d37ee848240f,current-nlr-pbe-gw-v1:composition:450e859022ab5f00cb71337d76dc4f89c030d76d964953387fd3eae80181403d,K Na O6 V2,Na O3 V,3.162,3.165,0.003,z_b > z_a,log(1 + exp(-(z_b - z_a)))
1291,ADJACENT_STRICT_PBE_ORDER_V1,1.0,1697,1698,1774,816,current-nlr-pbe-gw-v1:composition:450e859022ab5f00cb71337d76dc4f89c030d76d964953387fd3eae80181403d,current-nlr-pbe-gw-v1:composition:19d80399e9537940686106341cb2549e08a566be021a567c76884a301df7139f,Na O3 V,Cr Li O2,3.165,3.167,0.002,z_b > z_a,log(1 + exp(-(z_b - z_a)))
1292,ADJACENT_STRICT_PBE_ORDER_V1,1.0,1698,1699,816,1803,current-nlr-pbe-gw-v1:composition:19d80399e9537940686106341cb2549e08a566be021a567c76884a301df7139f,current-nlr-pbe-gw-v1:composition:802d229335a1beebb02821a77a5251cafde78abb734bee95212b834e1c9600e0,Cr Li O2,Na2 O13 Ti6,3.167,3.17,0.003,z_b > z_a,log(1 + exp(-(z_b - z_a)))
1293,ADJACENT_STRICT_PBE_ORDER_V1,1.0,1700,1701,97,2013,current-nlr-pbe-gw-v1:composition:8b4163872c7ee4d3e6a6774e518cd7381b79b332589d946583a8ff3c16421bda,current-nlr-pbe-gw-v1:composition:1ef5e4c6cabbd0190286effda409105371e11accf155f617ee6a243fbd25a230,Al Nb O8 Sr4,O3 Ti Zn,3.17,3.172,0.002,z_b > z_a,log(1 + exp(-(z_b - z_a)))
1294,ADJACENT_STRICT_PBE_ORDER_V1,1.0,1701,1702,2013,1703,current-nlr-pbe-gw-v1:composition:1ef5e4c6cabbd0190286effda409105371e11accf155f617ee6a243fbd25a230,current-nlr-pbe-gw-v1:composition:649043c207e40cbef42809f1261986e2b7ffe4979fe2d6aaeac70abc02c4ce35,O3 Ti Zn,Mo2 O8 Zr,3.172,3.176,0.004,z_b > z_a,log(1 + exp(-(z_b - z_a)))
1295,ADJACENT_STRICT_PBE_ORDER_V1,1.0,1703,1704,206,390,current-nlr-pbe-gw-v1:composition:fd71955ec6826ef53f672f5fc8d361471f918474582ce9d5f9c80426ac0d8da8,current-nlr-pbe-gw-v1:composition:710593df7f90a97ad7268fd86dac1bae1b84d9ab80b0fd23e4f4461140af7f4c,Ba Ca O7 V2,Ba2 Nb O6 Y,3.176,3.184,0.008,z_b > z_a,log(1 + exp(-(z_b - z_a)))
1296,ADJACENT_STRICT_PBE_ORDER_V1,1.0,1704,1705,390,2099,current-nlr-pbe-gw-v1:composition:710593df7f90a97ad7268fd86dac1bae1b84d9ab80b0fd23e4f4461140af7f4c,current-nlr-pbe-gw-v1:composition:ff904006102716102c269195187aad88fe90330dea8e3dda444f9be1b1db38a1,Ba2 Nb O6 Y,O7 Rb6 Si2,3.184,3.187,0.003,z_b > z_a,log(1 + exp(-(z_b - z_a)))
1297,ADJACENT_STRICT_PBE_ORDER_V1,1.0,1705,1706,2099,1817,current-nlr-pbe-gw-v1:composition:ff904006102716102c269195187aad88fe90330dea8e3dda444f9be1b1db38a1,current-nlr-pbe-gw-v1:composition:81b324411ad339d10ebd549f0edade11032607a171f40ab80c58f388c9aba0c3,O7 Rb6 Si2,Na2 O4 Si Zn,3.187,3.19,0.003,z_b > z_a,log(1 + exp(-(z_b - z_a)))
1298,ADJACENT_STRICT_PBE_ORDER_V1,1.0,1706,1707,1817,122,current-nlr-pbe-gw-v1:composition:81b324411ad339d10ebd549f0edade11032607a171f40ab80c58f388c9aba0c3,current-nlr-pbe-gw-v1:composition:70328d58b819ee144ab22569fc1f7a4f949c480e8d8f6da122c20cad81eb38d1,Na2 O4 Si Zn,Al2 Co O4,3.19,3.195,0.005,z_b > z_a,log(1 + exp(-(z_b - z_a)))
1299,ADJACENT_STRICT_PBE_ORDER_V1,1.0,1707,1708,122,1699,current-nlr-pbe-gw-v1:composition:70328d58b819ee144ab22569fc1f7a4f949c480e8d8f6da122c20cad81eb38d1,current-nlr-pbe-gw-v1:composition:5298287b6fd2da689b222f83454b75df110b413b69d558be1a21cf3453509655,Al2 Co O4,Mo2 Na2 O7,3.195,3.196,0.001,z_b > z_a,log(1 + exp(-(z_b - z_a)))
1300,ADJACENT_STRICT_PBE_ORDER_V1,1.0,1708,1709,1699,464,current-nlr-pbe-gw-v1:composition:5298287b6fd2da689b222f83454b75df110b413b69d558be1a21cf3453509655,current-nlr-pbe-gw-v1:composition:8914646a6568ce7904f3e8ac7a030289a3d65920b2970caf5acf5a08a7fcd320,Mo2 Na2 O7,Ba4 Ga2 O7,3.196,3.203,0.007,z_b > z_a,log(1 + exp(-(z_b - z_a)))
1301,ADJACENT_STRICT_PBE_ORDER_V1,1.0,1709,1710,464,2132,current-nlr-pbe-gw-v1:composition:8914646a6568ce7904f3e8ac7a030289a3d65920b2970caf5acf5a08a7fcd320,current-nlr-pbe-gw-v1:composition:0fb6978bfb5e9a2a0bf49f37730e3390516f28372fd4a036063fadd5c8f5f2ed,Ba4 Ga2 O7,O8 W2 Zr,3.203,3.204,0.001,z_b > z_a,log(1 + exp(-(z_b - z_a)))
1302,ADJACENT_STRICT_PBE_ORDER_V1,1.0,1710,1711,2132,1828,current-nlr-pbe-gw-v1:composition:0fb6978bfb5e9a2a0bf49f37730e3390516f28372fd4a036063fadd5c8f5f2ed,current-nlr-pbe-gw-v1:composition:bd8aab2c10ca549216c37e53c2a83b49af37a015a7a284bc2d94cb47db46b8d7,O8 W2 Zr,Na2 O7 V2 Zn,3.204,3.21,0.006,z_b > z_a,log(1 + exp(-(z_b - z_a)))
1303,ADJACENT_STRICT_PBE_ORDER_V1,1.0,1711,1712,1828,577,current-nlr-pbe-gw-v1:composition:bd8aab2c10ca549216c37e53c2a83b49af37a015a7a284bc2d94cb47db46b8d7,current-nlr-pbe-gw-v1:composition:0bd6b3accd8d0248a82bdc961dff1e9561436b81464f8c6c9a0c30622feb1ef8,Na2 O7 V2 Zn,Ca O5 Si Ti,3.21,3.215,0.005,z_b > z_a,log(1 + exp(-(z_b - z_a)))
1304,ADJACENT_STRICT_PBE_ORDER_V1,1.0,1712,1713,577,1401,current-nlr-pbe-gw-v1:composition:0bd6b3accd8d0248a82bdc961dff1e9561436b81464f8c6c9a0c30622feb1ef8,current-nlr-pbe-gw-v1:composition:6c64381700da2b3a78237bd04b6bd33c4828ed19d638d9dc113cb839a579134b,Ca O5 Si Ti,K2 Mo3 O10,3.215,3.216,0.001,z_b > z_a,log(1 + exp(-(z_b - z_a)))
1305,ADJACENT_STRICT_PBE_ORDER_V1,1.0,1713,1714,1401,1778,current-nlr-pbe-gw-v1:composition:6c64381700da2b3a78237bd04b6bd33c4828ed19d638d9dc113cb839a579134b,current-nlr-pbe-gw-v1:composition:ffc01bc753e2f8c6d7c3b599a92b646e5af0aab7fffccc867c1cb388d25466bf,K2 Mo3 O10,Na O4 Rb3 Ti,3.216,3.221,0.005,z_b > z_a,log(1 + exp(-(z_b - z_a)))
1306,ADJACENT_STRICT_PBE_ORDER_V1,1.0,1714,1715,1778,254,current-nlr-pbe-gw-v1:composition:ffc01bc753e2f8c6d7c3b599a92b646e5af0aab7fffccc867c1cb388d25466bf,current-nlr-pbe-gw-v1:composition:2a270978f9ee421ab77704d5718c6bd0fbe9a098f4c8e1c59439f6350cf14f70,Na O4 Rb3 Ti,Ba Ge3 K4 O9,3.221,3.225,0.004,z_b > z_a,log(1 + exp(-(z_b - z_a)))
1307,ADJACENT_STRICT_PBE_ORDER_V1,1.0,1715,1716,254,2090,current-nlr-pbe-gw-v1:composition:2a270978f9ee421ab77704d5718c6bd0fbe9a098f4c8e1c59439f6350cf14f70,current-nlr-pbe-gw-v1:composition:9dd3a2681664f1fd4e8b02730142099ef76017772e51876fc9daabd1350cf946,Ba Ge3 K4 O9,O6 Sr2 W Zn,3.225,3.231,0.006,z_b > z_a,log(1 + exp(-(z_b - z_a)))
1308,ADJACENT_STRICT_PBE_ORDER_V1,1.0,1716,1717,2090,576,current-nlr-pbe-gw-v1:composition:9dd3a2681664f1fd4e8b02730142099ef76017772e51876fc9daabd1350cf946,current-nlr-pbe-gw-v1:composition:bcb0007288453c4e661a7f5898c6be1397024d6b818ff2e821b308a1dfc2688e,O6 Sr2 W Zn,Ca O5 Si Sn,3.231,3.233,0.002,z_b > z_a,log(1 + exp(-(z_b - z_a)))
1309,ADJACENT_STRICT_PBE_ORDER_V1,1.0,1717,1718,576,1299,current-nlr-pbe-gw-v1:composition:bcb0007288453c4e661a7f5898c6be1397024d6b818ff2e821b308a1dfc2688e,current-nlr-pbe-gw-v1:composition:77ff4f78499a9a8d831b20e04c0cff3dc362eb4fe5d9024a60beb7e985352af9,Ca O5 Si Sn,In Nb O4,3.233,3.235,0.002,z_b > z_a,log(1 + exp(-(z_b - z_a)))
1310,ADJACENT_STRICT_PBE_ORDER_V1,1.0,1718,1719,1299,1701,current-nlr-pbe-gw-v1:composition:77ff4f78499a9a8d831b20e04c0cff3dc362eb4fe5d9024a60beb7e985352af9,current-nlr-pbe-gw-v1:composition:0dc1506ad0201cc5f8c08a7c09a69e6ce67baac67de24c3d1a7c1db9227dda4d,In Nb O4,Mo2 O7 Rb2,3.235,3.239,0.004,z_b > z_a,log(1 + exp(-(z_b - z_a)))
1311,ADJACENT_STRICT_PBE_ORDER_V1,1.0,1720,1721,625,462,current-nlr-pbe-gw-v1:composition:f58f585dc42e7628430211e15bb66068103eb27b5e72d928767a7c4761704edc,current-nlr-pbe-gw-v1:composition:6258596cc82e47318732240d75d51e870ab6cd381ff7092b03d0f082496692c3,Ca3 Ge3 O12 Y2,Ba3 O9 Y4,3.239,3.242,0.003,z_b > z_a,log(1 + exp(-(z_b - z_a)))
1312,ADJACENT_STRICT_PBE_ORDER_V1,1.0,1721,1722,462,1163,current-nlr-pbe-gw-v1:composition:6258596cc82e47318732240d75d51e870ab6cd381ff7092b03d0f082496692c3,current-nlr-pbe-gw-v1:composition:09c192a24b681afb00c63532798304cecf6ded90da77597fa4b5c2cbe718b399,Ba3 O9 Y4,Ga5 La3 O14 Sn,3.242,3.243,0.001,z_b > z_a,log(1 + exp(-(z_b - z_a)))
1313,ADJACENT_STRICT_PBE_ORDER_V1,1.0,1723,1724,854,1844,current-nlr-pbe-gw-v1:composition:6a3398a26864a9bd189b8f3cd7f86864bb7f00c84005337d38feeb79ac30bdf7,current-nlr-pbe-gw-v1:composition:8186c2e0f6b8d7666cc015e69d81cb915f0509130d728263713fdd0d66f6abdd,Cr2 Mg3 O12 Si3,Na4 O4 Si,3.243,3.244,0.001,z_b > z_a,log(1 + exp(-(z_b - z_a)))
1314,ADJACENT_STRICT_PBE_ORDER_V1,1.0,1724,1725,1844,150,current-nlr-pbe-gw-v1:composition:8186c2e0f6b8d7666cc015e69d81cb915f0509130d728263713fdd0d66f6abdd,current-nlr-pbe-gw-v1:composition:6e25b91b23172dfcca58ac6ace7979b11b2c5ccf34475742918da1d68172eacd,Na4 O4 Si,Al2 O5 Ti,3.244,3.245,0.001,z_b > z_a,log(1 + exp(-(z_b - z_a)))
1315,ADJACENT_STRICT_PBE_ORDER_V1,1.0,1725,1726,150,1142,current-nlr-pbe-gw-v1:composition:6e25b91b23172dfcca58ac6ace7979b11b2c5ccf34475742918da1d68172eacd,current-nlr-pbe-gw-v1:composition:8a03adfe88d983fe51c825ad14be3eada6381ae23f56da3a3894b6caff41a84a,Al2 O5 Ti,Ga2 Ge3 O10 Rb2,3.245,3.247,0.002,z_b > z_a,log(1 + exp(-(z_b - z_a)))
1316,ADJACENT_STRICT_PBE_ORDER_V1,1.0,1726,1727,1142,1129,current-nlr-pbe-gw-v1:composition:8a03adfe88d983fe51c825ad14be3eada6381ae23f56da3a3894b6caff41a84a,current-nlr-pbe-gw-v1:composition:2d975bf2526986c709dab8a0800dc03d3fef67225b4f77d1f428e983a8b715ea,Ga2 Ge3 O10 Rb2,Ga La O3,3.247,3.25,0.003,z_b > z_a,log(1 + exp(-(z_b - z_a)))
1317,ADJACENT_STRICT_PBE_ORDER_V1,1.0,1727,1728,1129,1236,current-nlr-pbe-gw-v1:composition:2d975bf2526986c709dab8a0800dc03d3fef67225b4f77d1f428e983a8b715ea,current-nlr-pbe-gw-v1:composition:19500e22b089384e7790f15f27fe840892ea4818aff97dc118c4fca266fd9bd0,Ga La O3,Ge4 Na4 O13 Sc2,3.25,3.254,0.004,z_b > z_a,log(1 + exp(-(z_b - z_a)))
1318,ADJACENT_STRICT_PBE_ORDER_V1,1.0,1728,1729,1236,250,current-nlr-pbe-gw-v1:composition:19500e22b089384e7790f15f27fe840892ea4818aff97dc118c4fca266fd9bd0,current-nlr-pbe-gw-v1:composition:aeabb1b1b4ab19f30ac5431921862514265155ee4dc8a9f14e4b7030f1ff98c0,Ge4 Na4 O13 Sc2,Ba Ga2 Ge2 O8,3.254,3.259,0.005,z_b > z_a,log(1 + exp(-(z_b - z_a)))
1319,ADJACENT_STRICT_PBE_ORDER_V1,1.0,1729,1730,250,1233,current-nlr-pbe-gw-v1:composition:aeabb1b1b4ab19f30ac5431921862514265155ee4dc8a9f14e4b7030f1ff98c0,current-nlr-pbe-gw-v1:composition:5d6a2388a75bbd57e9f62606b7f2f4a773a01e5887d2deca909f3d954b56ec59,Ba Ga2 Ge2 O8,Ge3 O9 Rb2 Ti,3.259,3.262,0.003,z_b > z_a,log(1 + exp(-(z_b - z_a)))
1320,ADJACENT_STRICT_PBE_ORDER_V1,1.0,1730,1731,1233,1591,current-nlr-pbe-gw-v1:composition:5d6a2388a75bbd57e9f62606b7f2f4a773a01e5887d2deca909f3d954b56ec59,current-nlr-pbe-gw-v1:composition:99158e677dacb16d476972e9cdc660355f805a8408863d77fefc101f42569553,Ge3 O9 Rb2 Ti,Mg3 O8 V2,3.262,3.266,0.004,z_b > z_a,log(1 + exp(-(z_b - z_a)))
1321,ADJACENT_STRICT_PBE_ORDER_V1,1.0,1731,1732,1591,1165,current-nlr-pbe-gw-v1:composition:99158e677dacb16d476972e9cdc660355f805a8408863d77fefc101f42569553,current-nlr-pbe-gw-v1:composition:72b21dc9352f1a2129c76bdc69d62774b9641b66544e50e16644123c3d590596,Mg3 O8 V2,Ga5 O12 Y3,3.266,3.268,0.002,z_b > z_a,log(1 + exp(-(z_b - z_a)))
1322,ADJACENT_STRICT_PBE_ORDER_V1,1.0,1732,1733,1165,1827,current-nlr-pbe-gw-v1:composition:72b21dc9352f1a2129c76bdc69d62774b9641b66544e50e16644123c3d590596,current-nlr-pbe-gw-v1:composition:29f7d123ef92a28ce2a44f1a01af6b106a3c9dd27aa8927deba86d57385a42a2,Ga5 O12 Y3,Na2 O7 Ti3,3.268,3.269,0.001,z_b > z_a,log(1 + exp(-(z_b - z_a)))
1323,ADJACENT_STRICT_PBE_ORDER_V1,1.0,1733,1734,1827,636,current-nlr-pbe-gw-v1:composition:29f7d123ef92a28ce2a44f1a01af6b106a3c9dd27aa8927deba86d57385a42a2,current-nlr-pbe-gw-v1:composition:2f06e1de1fa9e5473f818abcc17f79fd039f6d6e94ed3cf7abaa03a2981192ef,Na2 O7 Ti3,Ca3 O6 W,3.269,3.273,0.004,z_b > z_a,log(1 + exp(-(z_b - z_a)))
1324,ADJACENT_STRICT_PBE_ORDER_V1,1.0,1735,1736,1881,1184,current-nlr-pbe-gw-v1:composition:7458ee7e23269c7e92857a0d5bf1a5e0c9d44250c41b03afb1b1f8ebda863004,current-nlr-pbe-gw-v1:composition:829caf0bbf829787e3f045001fb170b42488d1a2ae8d3cf4dff56580ee4eb5c4,Nb2 O8 Zn3,Ge Na2 O5 Zr,3.273,3.276,0.003,z_b > z_a,log(1 + exp(-(z_b - z_a)))
1325,ADJACENT_STRICT_PBE_ORDER_V1,1.0,1736,1737,1184,1927,current-nlr-pbe-gw-v1:composition:829caf0bbf829787e3f045001fb170b42488d1a2ae8d3cf4dff56580ee4eb5c4,current-nlr-pbe-gw-v1:composition:e9fac0e23e5ce1ebd3bc10bf3b11f3bd7fb2a80c11a0fb84602f0b96e4d11dd7,Ge Na2 O5 Zr,O Sr,3.276,3.279,0.003,z_b > z_a,log(1 + exp(-(z_b - z_a)))
1326,ADJACENT_STRICT_PBE_ORDER_V1,1.0,1737,1738,1927,1846,current-nlr-pbe-gw-v1:composition:e9fac0e23e5ce1ebd3bc10bf3b11f3bd7fb2a80c11a0fb84602f0b96e4d11dd7,current-nlr-pbe-gw-v1:composition:29d2d23b49a7310502bdbc7fa6c8b380f3391c92a1c80a1bb409b5ea6ba6ba3e,O Sr,Na4 O4 Ti,3.279,3.282,0.003,z_b > z_a,log(1 + exp(-(z_b - z_a)))
1327,ADJACENT_STRICT_PBE_ORDER_V1,1.0,1740,1741,1211,1708,current-nlr-pbe-gw-v1:composition:df74d33bbf34f1adce5de8abe58243fd8de96774d124a9158f6a6cb30f0ab4a7,current-nlr-pbe-gw-v1:composition:786798119e838f43e85bed3223023d1a284e734ac47f18272ddbbd3be821be81,Ge2 K2 O7 Pb2,Mo3 O10 Rb2,3.282,3.286,0.004,z_b > z_a,log(1 + exp(-(z_b - z_a)))
1328,ADJACENT_STRICT_PBE_ORDER_V1,1.0,1741,1742,1708,1399,current-nlr-pbe-gw-v1:composition:786798119e838f43e85bed3223023d1a284e734ac47f18272ddbbd3be821be81,current-nlr-pbe-gw-v1:composition:3706bf0e22666a44e2496a01f9e20a0e4e1e0c2c029a3aa899d37c2c06f75698,Mo3 O10 Rb2,K2 Mo2 O7,3.286,3.309,0.023,z_b > z_a,log(1 + exp(-(z_b - z_a)))
1329,ADJACENT_STRICT_PBE_ORDER_V1,1.0,1742,1743,1399,113,current-nlr-pbe-gw-v1:composition:3706bf0e22666a44e2496a01f9e20a0e4e1e0c2c029a3aa899d37c2c06f75698,current-nlr-pbe-gw-v1:composition:99363083116fb09d303c9ccf416d2ec9cab1a451be5fc5ff8306fe4130f0f0e4,K2 Mo2 O7,Al2 Ba3 O12 Si3,3.309,3.313,0.004,z_b > z_a,log(1 + exp(-(z_b - z_a)))
1330,ADJACENT_STRICT_PBE_ORDER_V1,1.0,1743,1744,113,1472,current-nlr-pbe-gw-v1:composition:99363083116fb09d303c9ccf416d2ec9cab1a451be5fc5ff8306fe4130f0f0e4,current-nlr-pbe-gw-v1:composition:bd67e3d523cc94cd809dc324a2d86cee2ca0695c988e98e4b476ee119115951b,Al2 Ba3 O12 Si3,K4 O5 W,3.313,3.315,0.002,z_b > z_a,log(1 + exp(-(z_b - z_a)))
1331,ADJACENT_STRICT_PBE_ORDER_V1,1.0,1744,1745,1472,1247,current-nlr-pbe-gw-v1:composition:bd67e3d523cc94cd809dc324a2d86cee2ca0695c988e98e4b476ee119115951b,current-nlr-pbe-gw-v1:composition:be2eb515b2a9798902ec27cb83f4c1e1394afaacba9459d9c4ea43b3b1ca74d0,K4 O5 W,Hf Mo2 O8,3.315,3.32,0.005,z_b > z_a,log(1 + exp(-(z_b - z_a)))
1332,ADJACENT_STRICT_PBE_ORDER_V1,1.0,1745,1746,1247,1823,current-nlr-pbe-gw-v1:composition:be2eb515b2a9798902ec27cb83f4c1e1394afaacba9459d9c4ea43b3b1ca74d0,current-nlr-pbe-gw-v1:composition:d6ef29ddf3f622505964eb9a6f80b468b31503b8c9ca1080e156bee1e2ab68b6,Hf Mo2 O8,Na2 O7 Si Ti Zn2,3.32,3.324,0.004,z_b > z_a,log(1 + exp(-(z_b - z_a)))
1333,ADJACENT_STRICT_PBE_ORDER_V1,1.0,1746,1747,1823,441,current-nlr-pbe-gw-v1:composition:d6ef29ddf3f622505964eb9a6f80b468b31503b8c9ca1080e156bee1e2ab68b6,current-nlr-pbe-gw-v1:composition:45e6fc79ae6a307139be444ed179f4172638b986b31c31b143f3f1a140620924,Na2 O7 Si Ti Zn2,Ba3 Na Nb O6,3.324,3.33,0.006,z_b > z_a,log(1 + exp(-(z_b - z_a)))
1334,ADJACENT_STRICT_PBE_ORDER_V1,1.0,1747,1748,441,2071,current-nlr-pbe-gw-v1:composition:45e6fc79ae6a307139be444ed179f4172638b986b31c31b143f3f1a140620924,current-nlr-pbe-gw-v1:composition:272b230cf078617ce2d25967a55809d51db6826418828942d6d94ac5c659ef47,Ba3 Na Nb O6,O5 Ta2,3.33,3.333,0.003,z_b > z_a,log(1 + exp(-(z_b - z_a)))
1335,ADJACENT_STRICT_PBE_ORDER_V1,1.0,1749,1750,1228,551,current-nlr-pbe-gw-v1:composition:c1baf3a9122571de4516942d3399eb10eeee25dffa66eaa9a2e85323b0e6ccea,current-nlr-pbe-gw-v1:composition:c3ef3b0e2085b5cc69a861963fde7c71307681739490832c2225c708f28d016a,Ge3 Nb O9 Rb,Ca Mo O4,3.333,3.338,0.005,z_b > z_a,log(1 + exp(-(z_b - z_a)))
1336,ADJACENT_STRICT_PBE_ORDER_V1,1.0,1750,1751,551,647,current-nlr-pbe-gw-v1:composition:c3ef3b0e2085b5cc69a861963fde7c71307681739490832c2225c708f28d016a,current-nlr-pbe-gw-v1:composition:1fae627e0f96700d511639df0566fb1d9a177728e00d2acd16776d06dda50c74,Ca Mo O4,Ca5 Ge3 O11,3.338,3.34,0.002,z_b > z_a,log(1 + exp(-(z_b - z_a)))
1337,ADJACENT_STRICT_PBE_ORDER_V1,1.0,1751,1752,647,1139,current-nlr-pbe-gw-v1:composition:1fae627e0f96700d511639df0566fb1d9a177728e00d2acd16776d06dda50c74,current-nlr-pbe-gw-v1:composition:6cbcfadc6665af4cd91569ef3e2c17606499115e2a0b1effdee6d656e777520a,Ca5 Ge3 O11,Ga O6 Y3,3.34,3.342,0.002,z_b > z_a,log(1 + exp(-(z_b - z_a)))
1338,ADJACENT_STRICT_PBE_ORDER_V1,1.0,1752,1753,1139,1379,current-nlr-pbe-gw-v1:composition:6cbcfadc6665af4cd91569ef3e2c17606499115e2a0b1effdee6d656e777520a,current-nlr-pbe-gw-v1:composition:ec0464c2526683035cc1e801037dc05826f31b0b751fe9f528f2907ffa64c025,Ga O6 Y3,K O4 Pb V,3.342,3.345,0.003,z_b > z_a,log(1 + exp(-(z_b - z_a)))
1339,ADJACENT_STRICT_PBE_ORDER_V1,1.0,1753,1754,1379,329,current-nlr-pbe-gw-v1:composition:ec0464c2526683035cc1e801037dc05826f31b0b751fe9f528f2907ffa64c025,current-nlr-pbe-gw-v1:composition:4fd0c5c3f0fadc20b73c58e5e632b28e109e91b119aff4f1de9f88e05986269f,K O4 Pb V,Ba O7 Si2 Zn2,3.345,3.348,0.003,z_b > z_a,log(1 + exp(-(z_b - z_a)))
1340,ADJACENT_STRICT_PBE_ORDER_V1,1.0,1754,1755,329,269,current-nlr-pbe-gw-v1:composition:4fd0c5c3f0fadc20b73c58e5e632b28e109e91b119aff4f1de9f88e05986269f,current-nlr-pbe-gw-v1:composition:560231a518de00d2ef47f3dd08afff00c986fac80ecf6d603c902dd453802106,Ba O7 Si2 Zn2,Ba La2 O5 Zn,3.348,3.354,0.006,z_b > z_a,log(1 + exp(-(z_b - z_a)))
1341,ADJACENT_STRICT_PBE_ORDER_V1,1.0,1755,1756,269,1824,current-nlr-pbe-gw-v1:composition:560231a518de00d2ef47f3dd08afff00c986fac80ecf6d603c902dd453802106,current-nlr-pbe-gw-v1:composition:e4a8b54771717a24264603c3e7ae06bbfe5bb415ef9fbf201dd58f3cdcfa88f9,Ba La2 O5 Zn,Na2 O7 Si2 Zn2,3.354,3.356,0.002,z_b > z_a,log(1 + exp(-(z_b - z_a)))
1342,ADJACENT_STRICT_PBE_ORDER_V1,1.0,1756,1757,1824,1990,current-nlr-pbe-gw-v1:composition:e4a8b54771717a24264603c3e7ae06bbfe5bb415ef9fbf201dd58f3cdcfa88f9,current-nlr-pbe-gw-v1:composition:7e0f35e7d60be7fe6b7cf004f9828e47373b90245dda0f6ea96a16d144a807cf,Na2 O7 Si2 Zn2,O3 Pb Si,3.356,3.357,0.001,z_b > z_a,log(1 + exp(-(z_b - z_a)))
1343,ADJACENT_STRICT_PBE_ORDER_V1,1.0,1757,1758,1990,2113,current-nlr-pbe-gw-v1:composition:7e0f35e7d60be7fe6b7cf004f9828e47373b90245dda0f6ea96a16d144a807cf,current-nlr-pbe-gw-v1:composition:c250ea3b96d42e649ef3e5eefd34332c6daf231121b01ac48eef04aae4479c6f,O3 Pb Si,O7 Sr2 V2,3.357,3.358,0.001,z_b > z_a,log(1 + exp(-(z_b - z_a)))
1344,ADJACENT_STRICT_PBE_ORDER_V1,1.0,1758,1759,2113,1878,current-nlr-pbe-gw-v1:composition:c250ea3b96d42e649ef3e5eefd34332c6daf231121b01ac48eef04aae4479c6f,current-nlr-pbe-gw-v1:composition:9de9b96e0f32ce7add992632a3860fd4276717cb22919bb0b5901bda15c5b738,O7 Sr2 V2,Nb2 O6 Zn,3.358,3.365,0.007,z_b > z_a,log(1 + exp(-(z_b - z_a)))
1345,ADJACENT_STRICT_PBE_ORDER_V1,1.0,1759,1760,1878,1319,current-nlr-pbe-gw-v1:composition:9de9b96e0f32ce7add992632a3860fd4276717cb22919bb0b5901bda15c5b738,current-nlr-pbe-gw-v1:composition:3241951be4a94eb03b491cb3c97b7dab2053000fd231f129cec351014d7f9086,Nb2 O6 Zn,In2 O9 Pb2 Si2,3.365,3.371,0.006,z_b > z_a,log(1 + exp(-(z_b - z_a)))
1346,ADJACENT_STRICT_PBE_ORDER_V1,1.0,1761,1762,98,614,current-nlr-pbe-gw-v1:composition:3694ce7ecc4498c425a72c8948f8e0f553cb1fcdc075029a35380467e5d62fda,current-nlr-pbe-gw-v1:composition:5c7f82fa056058c1edf8ea33ce0d68eda3a11fab85451c75ba6f03bf5e4afe23,Al O2 Rb,Ca2 O7 Ta2,3.371,3.372,0.001,z_b > z_a,log(1 + exp(-(z_b - z_a)))
1347,ADJACENT_STRICT_PBE_ORDER_V1,1.0,1763,1764,640,1473,current-nlr-pbe-gw-v1:composition:d5be512eed757706e42638f43309f1dc81ccc448f555f1c446cf32042b73e631,current-nlr-pbe-gw-v1:composition:a5d30e4e804e1bb642b8b75e9ee9c9c3e9b462c74824d55d9ea0289e2a576d11,Ca3 O8 V2,K4 O7 V2,3.372,3.376,0.004,z_b > z_a,log(1 + exp(-(z_b - z_a)))
1348,ADJACENT_STRICT_PBE_ORDER_V1,1.0,1764,1765,1473,1192,current-nlr-pbe-gw-v1:composition:a5d30e4e804e1bb642b8b75e9ee9c9c3e9b462c74824d55d9ea0289e2a576d11,current-nlr-pbe-gw-v1:composition:760153d533cd31dcddc32946244ede030b50e8cab0cefcea97537dba1c076e47,K4 O7 V2,Ge O3 Sr,3.376,3.381,0.005,z_b > z_a,log(1 + exp(-(z_b - z_a)))
1349,ADJACENT_STRICT_PBE_ORDER_V1,1.0,1765,1766,1192,409,current-nlr-pbe-gw-v1:composition:760153d533cd31dcddc32946244ede030b50e8cab0cefcea97537dba1c076e47,current-nlr-pbe-gw-v1:composition:bfb2057956583fd4aebabfa1dd954f6404a0a51e4711452639a8f4ef10f7b919,Ge O3 Sr,Ba2 O8 V2 Zn,3.381,3.383,0.002,z_b > z_a,log(1 + exp(-(z_b - z_a)))
1350,ADJACENT_STRICT_PBE_ORDER_V1,1.0,1766,1767,409,334,current-nlr-pbe-gw-v1:composition:bfb2057956583fd4aebabfa1dd954f6404a0a51e4711452639a8f4ef10f7b919,current-nlr-pbe-gw-v1:composition:facc0c6a20c62da25fe6ccf09b659f7bc3e953521fc7f5289594602e55a88975,Ba2 O8 V2 Zn,Ba O9 Si3 Ti,3.383,3.386,0.003,z_b > z_a,log(1 + exp(-(z_b - z_a)))
1351,ADJACENT_STRICT_PBE_ORDER_V1,1.0,1767,1768,334,556,current-nlr-pbe-gw-v1:composition:facc0c6a20c62da25fe6ccf09b659f7bc3e953521fc7f5289594602e55a88975,current-nlr-pbe-gw-v1:composition:6555c51ab3ca062581bcf496a86c2aff4ae1a7a3f457d7e8429018095be4c2e8,Ba O9 Si3 Ti,Ca Na2 O4 Si,3.386,3.394,0.008,z_b > z_a,log(1 + exp(-(z_b - z_a)))
1352,ADJACENT_STRICT_PBE_ORDER_V1,1.0,1769,1770,1479,1521,current-nlr-pbe-gw-v1:composition:82ef2ef9b74073fc147ba827f6091c2b4d5e6906ce8b0b6c66f3164672ebce68,current-nlr-pbe-gw-v1:composition:f21a49b5dab18babe09d3646ac1ab8f3874c0dde4040f65e995db1be470d0a4f,K6 O7 Ti2,La2 O3,3.394,3.395,0.001,z_b > z_a,log(1 + exp(-(z_b - z_a)))
1353,ADJACENT_STRICT_PBE_ORDER_V1,1.0,1770,1771,1521,1733,current-nlr-pbe-gw-v1:composition:f21a49b5dab18babe09d3646ac1ab8f3874c0dde4040f65e995db1be470d0a4f,current-nlr-pbe-gw-v1:composition:4850c0ac16c6458ad187be884096c3d41e10201905357a405ff8959dec16f7fb,La2 O3,N O3 W,3.395,3.403,0.008,z_b > z_a,log(1 + exp(-(z_b - z_a)))
1354,ADJACENT_STRICT_PBE_ORDER_V1,1.0,1771,1772,1733,128,current-nlr-pbe-gw-v1:composition:4850c0ac16c6458ad187be884096c3d41e10201905357a405ff8959dec16f7fb,current-nlr-pbe-gw-v1:composition:f09668066f2267ab712c987994e9910eb121920603337969d060d1a75ef708b1,N O3 W,Al2 Ge2 O7,3.403,3.406,0.003,z_b > z_a,log(1 + exp(-(z_b - z_a)))
1355,ADJACENT_STRICT_PBE_ORDER_V1,1.0,1772,1773,128,518,current-nlr-pbe-gw-v1:composition:f09668066f2267ab712c987994e9910eb121920603337969d060d1a75ef708b1,current-nlr-pbe-gw-v1:composition:c90a2b076dfcceefd8f225cd92ae2a8de7a3cc5dea15cc4eb555f84164433057,Al2 Ge2 O7,C7 N4 O8,3.406,3.407,0.001,z_b > z_a,log(1 + exp(-(z_b - z_a)))
1356,ADJACENT_STRICT_PBE_ORDER_V1,1.0,1773,1774,518,1384,current-nlr-pbe-gw-v1:composition:c90a2b076dfcceefd8f225cd92ae2a8de7a3cc5dea15cc4eb555f84164433057,current-nlr-pbe-gw-v1:composition:f187dd9fe3d29d53d2c915577e8166a97e3d35d61c31dadc5fc55231dfb82d58,C7 N4 O8,K O8 W2 Y,3.407,3.408,0.001,z_b > z_a,log(1 + exp(-(z_b - z_a)))
1357,ADJACENT_STRICT_PBE_ORDER_V1,1.0,1774,1775,1384,533,current-nlr-pbe-gw-v1:composition:f187dd9fe3d29d53d2c915577e8166a97e3d35d61c31dadc5fc55231dfb82d58,current-nlr-pbe-gw-v1:composition:1c9901d6d7ba3205f84d61f2d02e971dbd1dbd79396a1180cfcf0d0005437522,K O8 W2 Y,Ca Ga La O4,3.408,3.411,0.003,z_b > z_a,log(1 + exp(-(z_b - z_a)))
1358,ADJACENT_STRICT_PBE_ORDER_V1,1.0,1775,1776,533,550,current-nlr-pbe-gw-v1:composition:1c9901d6d7ba3205f84d61f2d02e971dbd1dbd79396a1180cfcf0d0005437522,current-nlr-pbe-gw-v1:composition:48e62eda3ce712256788b6bfcfc3d97410db9ff891a8a56d461e0a744cba2240,Ca Ga La O4,Ca Mg3 O10 Si3,3.411,3.416,0.005,z_b > z_a,log(1 + exp(-(z_b - z_a)))
1359,ADJACENT_STRICT_PBE_ORDER_V1,1.0,1777,1778,583,378,current-nlr-pbe-gw-v1:composition:9db170006274018d40b7e1fb2ebede7ae5ff66056543626fae9c83d11786cb03,current-nlr-pbe-gw-v1:composition:2829decc0efa60acf595af887a8b8e5590bc3d4b67b6313e7315bd6f03c8bdb1,Ca O7 Rb2 V2,Ba2 La Nb O6,3.416,3.419,0.003,z_b > z_a,log(1 + exp(-(z_b - z_a)))
1360,ADJACENT_STRICT_PBE_ORDER_V1,1.0,1778,1779,378,322,current-nlr-pbe-gw-v1:composition:2829decc0efa60acf595af887a8b8e5590bc3d4b67b6313e7315bd6f03c8bdb1,current-nlr-pbe-gw-v1:composition:8541008306b97c4ef6de8001fd711638dc3847e0ae31aae510681603053a5375,Ba2 La Nb O6,Ba O4 Y2,3.419,3.428,0.009,z_b > z_a,log(1 + exp(-(z_b - z_a)))
1361,ADJACENT_STRICT_PBE_ORDER_V1,1.0,1779,1780,322,1867,current-nlr-pbe-gw-v1:composition:8541008306b97c4ef6de8001fd711638dc3847e0ae31aae510681603053a5375,current-nlr-pbe-gw-v1:composition:62d87186bb847af8baecc1de47233e8c0755d0266f21fe9c29e3c593102a979b,Ba O4 Y2,Nb O5 Rb Si,3.428,3.429,0.001,z_b > z_a,log(1 + exp(-(z_b - z_a)))
1362,ADJACENT_STRICT_PBE_ORDER_V1,1.0,1780,1781,1867,1819,current-nlr-pbe-gw-v1:composition:62d87186bb847af8baecc1de47233e8c0755d0266f21fe9c29e3c593102a979b,current-nlr-pbe-gw-v1:composition:2e9f9a6d76beae52d7f09a1f0ad58a1268b0158cf245e1fb201b81a25c7c91ae,Nb O5 Rb Si,Na2 O5 Si Ti,3.429,3.43,0.001,z_b > z_a,log(1 + exp(-(z_b - z_a)))
1363,ADJACENT_STRICT_PBE_ORDER_V1,1.0,1781,1782,1819,401,current-nlr-pbe-gw-v1:composition:2e9f9a6d76beae52d7f09a1f0ad58a1268b0158cf245e1fb201b81a25c7c91ae,current-nlr-pbe-gw-v1:composition:d59c8ed381f9dc9047ded932e06d81d3e6003d446e197f6248c595be17a73ac9,Na2 O5 Si Ti,Ba2 O4 Zr,3.43,3.438,0.008,z_b > z_a,log(1 + exp(-(z_b - z_a)))
1364,ADJACENT_STRICT_PBE_ORDER_V1,1.0,1782,1783,401,1288,current-nlr-pbe-gw-v1:composition:d59c8ed381f9dc9047ded932e06d81d3e6003d446e197f6248c595be17a73ac9,current-nlr-pbe-gw-v1:composition:46d509bd916571a361fd5a95cd21a5be9b957579f669e53e8152ea9fb1ea5fcd,Ba2 O4 Zr,In K3 Mo4 O15,3.438,3.439,0.001,z_b > z_a,log(1 + exp(-(z_b - z_a)))
1365,ADJACENT_STRICT_PBE_ORDER_V1,1.0,1783,1784,1288,1152,current-nlr-pbe-gw-v1:composition:46d509bd916571a361fd5a95cd21a5be9b957579f669e53e8152ea9fb1ea5fcd,current-nlr-pbe-gw-v1:composition:66ac84d131c5cc407b7f9839d815ad56b1a5e38f0b64ceac80bbaae8d4ffa0df,In K3 Mo4 O15,Ga2 O4 Pb,3.439,3.447,0.008,z_b > z_a,log(1 + exp(-(z_b - z_a)))
1366,ADJACENT_STRICT_PBE_ORDER_V1,1.0,1784,1785,1152,1240,current-nlr-pbe-gw-v1:composition:66ac84d131c5cc407b7f9839d815ad56b1a5e38f0b64ceac80bbaae8d4ffa0df,current-nlr-pbe-gw-v1:composition:1c753abdc22a50a7c795908add2742ceab0a8800aef5f897fc66f06f5e8cb723,Ga2 O4 Pb,Ge5 Mg14 O24,3.447,3.448,0.001,z_b > z_a,log(1 + exp(-(z_b - z_a)))
1367,ADJACENT_STRICT_PBE_ORDER_V1,1.0,1785,1786,1240,1256,current-nlr-pbe-gw-v1:composition:1c753abdc22a50a7c795908add2742ceab0a8800aef5f897fc66f06f5e8cb723,current-nlr-pbe-gw-v1:composition:480d4b9f5e81de56519753a92ee932882c56233bd133432391a4e4ee3ba50083,Ge5 Mg14 O24,Hf2 O7 Y2,3.448,3.451,0.003,z_b > z_a,log(1 + exp(-(z_b - z_a)))
1368,ADJACENT_STRICT_PBE_ORDER_V1,1.0,1786,1787,1256,1570,current-nlr-pbe-gw-v1:composition:480d4b9f5e81de56519753a92ee932882c56233bd133432391a4e4ee3ba50083,current-nlr-pbe-gw-v1:composition:f1510bf178ec2340bc64978f479d298911b59821c6bd079eb07248662475f369,Hf2 O7 Y2,Mg O4 W,3.451,3.456,0.005,z_b > z_a,log(1 + exp(-(z_b - z_a)))
1369,ADJACENT_STRICT_PBE_ORDER_V1,1.0,1787,1788,1570,1690,current-nlr-pbe-gw-v1:composition:f1510bf178ec2340bc64978f479d298911b59821c6bd079eb07248662475f369,current-nlr-pbe-gw-v1:composition:fcdc6d46f7dcecf3acfbaa43b1a0b92b0b717afaa960d30f2188d5dd6cf1031e,Mg O4 W,Mo O4 Zn,3.456,3.457,0.001,z_b > z_a,log(1 + exp(-(z_b - z_a)))
1370,ADJACENT_STRICT_PBE_ORDER_V1,1.0,1788,1789,1690,641,current-nlr-pbe-gw-v1:composition:fcdc6d46f7dcecf3acfbaa43b1a0b92b0b717afaa960d30f2188d5dd6cf1031e,current-nlr-pbe-gw-v1:composition:58e380a263d1f7aac7c65cf8ddddc02ba70056811d52b6a02d733c76edde58d2,Mo O4 Zn,Ca3 O9 Si2 Sn,3.457,3.461,0.004,z_b > z_a,log(1 + exp(-(z_b - z_a)))
1371,ADJACENT_STRICT_PBE_ORDER_V1,1.0,1789,1790,641,461,current-nlr-pbe-gw-v1:composition:58e380a263d1f7aac7c65cf8ddddc02ba70056811d52b6a02d733c76edde58d2,current-nlr-pbe-gw-v1:composition:073b7037dbbae2049c307c0f1919f01f2a518b5ec9bd993a21b5646cecad9860,Ca3 O9 Si2 Sn,Ba3 O9 W2,3.461,3.469,0.008,z_b > z_a,log(1 + exp(-(z_b - z_a)))
1372,ADJACENT_STRICT_PBE_ORDER_V1,1.0,1790,1791,461,599,current-nlr-pbe-gw-v1:composition:073b7037dbbae2049c307c0f1919f01f2a518b5ec9bd993a21b5646cecad9860,current-nlr-pbe-gw-v1:composition:7fea51190f1c76423c11391eb2769b5c782ab92c93044abab6f909c69061945a,Ba3 O9 W2,Ca2 Mg O6 W,3.469,3.471,0.002,z_b > z_a,log(1 + exp(-(z_b - z_a)))
1373,ADJACENT_STRICT_PBE_ORDER_V1,1.0,1791,1792,599,2007,current-nlr-pbe-gw-v1:composition:7fea51190f1c76423c11391eb2769b5c782ab92c93044abab6f909c69061945a,current-nlr-pbe-gw-v1:composition:f77905b0a9355de55f9d3e3f41f392566c09cd1e626268a3cc6c2cf6e0ec04e6,Ca2 Mg O6 W,O3 Si Zn,3.471,3.474,0.003,z_b > z_a,log(1 + exp(-(z_b - z_a)))
1374,ADJACENT_STRICT_PBE_ORDER_V1,1.0,1792,1793,2007,1999,current-nlr-pbe-gw-v1:composition:f77905b0a9355de55f9d3e3f41f392566c09cd1e626268a3cc6c2cf6e0ec04e6,current-nlr-pbe-gw-v1:composition:3370d4e089c48e5b075ddd3117637c0acd18710c0e2c7d02a15e8f2c4299d904,O3 Si Zn,O3 Rb2 Si,3.474,3.48,0.006,z_b > z_a,log(1 + exp(-(z_b - z_a)))
1375,ADJACENT_STRICT_PBE_ORDER_V1,1.0,1794,1795,1402,1215,current-nlr-pbe-gw-v1:composition:8cb462e6bfcd887abe365ea0f91b47a07600fd1725973ed1aa6f1973ae0fcdf9,current-nlr-pbe-gw-v1:composition:121e7b13c2e27ec0eefd548fdbd0afd32b6293f1f22be297a8a7d3b3c0c7ba7f,K2 Mo3 O12 Zn2,Ge2 La2 O7,3.48,3.482,0.002,z_b > z_a,log(1 + exp(-(z_b - z_a)))
1376,ADJACENT_STRICT_PBE_ORDER_V1,1.0,1795,1796,1215,2135,current-nlr-pbe-gw-v1:composition:121e7b13c2e27ec0eefd548fdbd0afd32b6293f1f22be297a8a7d3b3c0c7ba7f,current-nlr-pbe-gw-v1:composition:585154d0717c5ab2b7cf14a0367aacd8910cc65a3c11a61c19253c56cb98f07a,Ge2 La2 O7,O9 Rb2 Si3 Ti,3.482,3.49,0.008,z_b > z_a,log(1 + exp(-(z_b - z_a)))
1377,ADJACENT_STRICT_PBE_ORDER_V1,1.0,1796,1797,2135,286,current-nlr-pbe-gw-v1:composition:585154d0717c5ab2b7cf14a0367aacd8910cc65a3c11a61c19253c56cb98f07a,current-nlr-pbe-gw-v1:composition:3161ce52c1b4778f363be83cf7f2cf0c0fa9fe7b76bd27b2bf0860047f2468fc,O9 Rb2 Si3 Ti,Ba Na2 O14 Si4 Ti2,3.49,3.494,0.004,z_b > z_a,log(1 + exp(-(z_b - z_a)))
1378,ADJACENT_STRICT_PBE_ORDER_V1,1.0,1797,1798,286,90,current-nlr-pbe-gw-v1:composition:3161ce52c1b4778f363be83cf7f2cf0c0fa9fe7b76bd27b2bf0860047f2468fc,current-nlr-pbe-gw-v1:composition:4a5998f646524098c7dd9c7645f6588c60e9ad2454b2b4824d16130f449df740,Ba Na2 O14 Si4 Ti2,Al Mg3 Mo5 Na O20,3.494,3.499,0.005,z_b > z_a,log(1 + exp(-(z_b - z_a)))
1379,ADJACENT_STRICT_PBE_ORDER_V1,1.0,1799,1800,1832,1218,current-nlr-pbe-gw-v1:composition:a2b6f47c903b41bc9b2f079c1ead21012e22c865e495db034ea591f1c900878d,current-nlr-pbe-gw-v1:composition:44ca8f475fed813ab98330f5190e7aeb36c03336e1bbc4fdec55530d34aca631,Na2 O9 Si2 Ti2,Ge2 Na O6 Sc,3.499,3.5,0.001,z_b > z_a,log(1 + exp(-(z_b - z_a)))
1380,ADJACENT_STRICT_PBE_ORDER_V1,1.0,1800,1801,1218,1424,current-nlr-pbe-gw-v1:composition:44ca8f475fed813ab98330f5190e7aeb36c03336e1bbc4fdec55530d34aca631,current-nlr-pbe-gw-v1:composition:5120a5f57c3f97b4d915b61869acc20ffca5dd4f18e3885a061b7cb56133c6bc,Ge2 Na O6 Sc,K2 O4 Si Zn,3.5,3.502,0.002,z_b > z_a,log(1 + exp(-(z_b - z_a)))
1381,ADJACENT_STRICT_PBE_ORDER_V1,1.0,1801,1802,1424,1958,current-nlr-pbe-gw-v1:composition:5120a5f57c3f97b4d915b61869acc20ffca5dd4f18e3885a061b7cb56133c6bc,current-nlr-pbe-gw-v1:composition:332121730668eadff0571890a179e12eee493c2d32e576fff84d4400aceeccd0,K2 O4 Si Zn,O17 Rb10 Si6,3.502,3.504,0.002,z_b > z_a,log(1 + exp(-(z_b - z_a)))
1382,ADJACENT_STRICT_PBE_ORDER_V1,1.0,1802,1803,1958,1237,current-nlr-pbe-gw-v1:composition:332121730668eadff0571890a179e12eee493c2d32e576fff84d4400aceeccd0,current-nlr-pbe-gw-v1:composition:31eae8807fab111a698c79ccab32bc900517b04aa6ee8099ce847d2616939874,O17 Rb10 Si6,Ge4 O9 Pb,3.504,3.506,0.002,z_b > z_a,log(1 + exp(-(z_b - z_a)))
1383,ADJACENT_STRICT_PBE_ORDER_V1,1.0,1803,1804,1237,1561,current-nlr-pbe-gw-v1:composition:31eae8807fab111a698c79ccab32bc900517b04aa6ee8099ce847d2616939874,current-nlr-pbe-gw-v1:composition:c261daec7d4a4ddb70c0b66d4e416739a48fa1a79829fe9465fd0afc14e3bd8d,Ge4 O9 Pb,Mg Nb2 O6,3.506,3.508,0.002,z_b > z_a,log(1 + exp(-(z_b - z_a)))
1384,ADJACENT_STRICT_PBE_ORDER_V1,1.0,1804,1805,1561,318,current-nlr-pbe-gw-v1:composition:c261daec7d4a4ddb70c0b66d4e416739a48fa1a79829fe9465fd0afc14e3bd8d,current-nlr-pbe-gw-v1:composition:61ef3c9e7df65ecf9ee295f77a6d29a95ea825593b61d46416633c9947c51822,Mg Nb2 O6,Ba O3 Zr,3.508,3.509,0.001,z_b > z_a,log(1 + exp(-(z_b - z_a)))
1385,ADJACENT_STRICT_PBE_ORDER_V1,1.0,1806,1807,1258,252,current-nlr-pbe-gw-v1:composition:910b1ca1005e3f9c7990bfc337d0493589fd7721aeac5da3bdf4093e11fe938f,current-nlr-pbe-gw-v1:composition:df4a3c5104c03a6327075be9e8da4952fc265c58dbef8af9edbe17a13a2b776e,Hf7 N4 O8,Ba Ge O3,3.509,3.511,0.002,z_b > z_a,log(1 + exp(-(z_b - z_a)))
1386,ADJACENT_STRICT_PBE_ORDER_V1,1.0,1807,1808,252,2094,current-nlr-pbe-gw-v1:composition:df4a3c5104c03a6327075be9e8da4952fc265c58dbef8af9edbe17a13a2b776e,current-nlr-pbe-gw-v1:composition:d68a92ab1671f7ebbc678116c735026b82c537290a00f1319f527a55054fa0ea,Ba Ge O3,O6 W Y2,3.511,3.513,0.002,z_b > z_a,log(1 + exp(-(z_b - z_a)))
1387,ADJACENT_STRICT_PBE_ORDER_V1,1.0,1808,1809,2094,1760,current-nlr-pbe-gw-v1:composition:d68a92ab1671f7ebbc678116c735026b82c537290a00f1319f527a55054fa0ea,current-nlr-pbe-gw-v1:composition:b3ed5fd0e23c286e740f7b51a9b26f4d61056748170abe85954ec1b0f4486262,O6 W Y2,Na Nb O6 Sr3,3.513,3.521,0.008,z_b > z_a,log(1 + exp(-(z_b - z_a)))
1388,ADJACENT_STRICT_PBE_ORDER_V1,1.0,1809,1810,1760,454,current-nlr-pbe-gw-v1:composition:b3ed5fd0e23c286e740f7b51a9b26f4d61056748170abe85954ec1b0f4486262,current-nlr-pbe-gw-v1:composition:08b2de649d882253ae4e746a2e0c2f0d5c4c4bfef7b3524cd40cfb6fbaa19cb7,Na Nb O6 Sr3,Ba3 O5 Si,3.521,3.522,0.001,z_b > z_a,log(1 + exp(-(z_b - z_a)))
1389,ADJACENT_STRICT_PBE_ORDER_V1,1.0,1811,1812,2116,1295,current-nlr-pbe-gw-v1:composition:0ff3d9314ddc2f14a50d770f24230b23a66bfa23195c394434c926cf494f1bac,current-nlr-pbe-gw-v1:composition:53d5b5d9b1df600b62927abdd9bfe896536d9fb776e7ef74066490cd532e0ede,O7 Sr3 Zr2,In Na O6 Si2,3.522,3.525,0.003,z_b > z_a,log(1 + exp(-(z_b - z_a)))
1390,ADJACENT_STRICT_PBE_ORDER_V1,1.0,1813,1814,1847,1866,current-nlr-pbe-gw-v1:composition:fa6cde17767e0a83c59a760e360e6c8a075aec8c7827299cf9deea6fdb1781cf,current-nlr-pbe-gw-v1:composition:445a6d2f821f332ca85329eac4cc2282c242e15fda1c7903dd0be20166bd8526,Na4 O5 W,Nb O4 Y,3.525,3.526,0.001,z_b > z_a,log(1 + exp(-(z_b - z_a)))
1391,ADJACENT_STRICT_PBE_ORDER_V1,1.0,1814,1815,1866,1180,current-nlr-pbe-gw-v1:composition:445a6d2f821f332ca85329eac4cc2282c242e15fda1c7903dd0be20166bd8526,current-nlr-pbe-gw-v1:composition:22bb5530dbadb1605b78c5c8dd4aa1070e2ecccca81ab9f8fe1fa807a37f6b55,Nb O4 Y,Ge Na O4 Y,3.526,3.531,0.005,z_b > z_a,log(1 + exp(-(z_b - z_a)))
1392,ADJACENT_STRICT_PBE_ORDER_V1,1.0,1815,1816,1180,1478,current-nlr-pbe-gw-v1:composition:22bb5530dbadb1605b78c5c8dd4aa1070e2ecccca81ab9f8fe1fa807a37f6b55,current-nlr-pbe-gw-v1:composition:1e5481a55092a64a74db2b6d62bab9d3d30f2ad3447220048220cecfccfb4860,Ge Na O4 Y,K6 O7 Si2,3.531,3.533,0.002,z_b > z_a,log(1 + exp(-(z_b - z_a)))
1393,ADJACENT_STRICT_PBE_ORDER_V1,1.0,1816,1817,1478,1195,current-nlr-pbe-gw-v1:composition:1e5481a55092a64a74db2b6d62bab9d3d30f2ad3447220048220cecfccfb4860,current-nlr-pbe-gw-v1:composition:f3040d2105d4e4d8e66849acf025c0ba2b2b5cc8c78d6c6b2ee11df5c7c4e8a1,K6 O7 Si2,Ge O4 Sr2,3.533,3.536,0.003,z_b > z_a,log(1 + exp(-(z_b - z_a)))
1394,ADJACENT_STRICT_PBE_ORDER_V1,1.0,1817,1818,1195,1525,current-nlr-pbe-gw-v1:composition:f3040d2105d4e4d8e66849acf025c0ba2b2b5cc8c78d6c6b2ee11df5c7c4e8a1,current-nlr-pbe-gw-v1:composition:5c1e4cd2027f69c658bdf5cf909f42e9164eea854fadd5764cd492aa9e75673c,Ge O4 Sr2,La2 O5 Ti,3.536,3.539,0.003,z_b > z_a,log(1 + exp(-(z_b - z_a)))
1395,ADJACENT_STRICT_PBE_ORDER_V1,1.0,1819,1820,1369,1559,current-nlr-pbe-gw-v1:composition:e870c1d1ddf4738294f5e506145ec1748f074db0f9da7e216091dd9da5b46408,current-nlr-pbe-gw-v1:composition:6cffd98e5432e76943f7bfc1a9f5dd9993bfc58a28191023c5c916409b657b52,K Nb O7 Si2,Mg Mo2 O7,3.539,3.541,0.002,z_b > z_a,log(1 + exp(-(z_b - z_a)))
1396,ADJACENT_STRICT_PBE_ORDER_V1,1.0,1820,1821,1559,1865,current-nlr-pbe-gw-v1:composition:6cffd98e5432e76943f7bfc1a9f5dd9993bfc58a28191023c5c916409b657b52,current-nlr-pbe-gw-v1:composition:dd28f0889bd45bb9d438a78f91d71130c104a3ac058dcee7d94c3e4957b68cb6,Mg Mo2 O7,Nb O4 Sc,3.541,3.547,0.006,z_b > z_a,log(1 + exp(-(z_b - z_a)))
1397,ADJACENT_STRICT_PBE_ORDER_V1,1.0,1821,1822,1865,1292,current-nlr-pbe-gw-v1:composition:dd28f0889bd45bb9d438a78f91d71130c104a3ac058dcee7d94c3e4957b68cb6,current-nlr-pbe-gw-v1:composition:599a6bb7b71270b036ba8b7fd2a218394450f05f2c2972c651addf62f66411ab,Nb O4 Sc,In Mo2 Na O8,3.547,3.563,0.016,z_b > z_a,log(1 + exp(-(z_b - z_a)))
1398,ADJACENT_STRICT_PBE_ORDER_V1,1.0,1822,1823,1292,1428,current-nlr-pbe-gw-v1:composition:599a6bb7b71270b036ba8b7fd2a218394450f05f2c2972c651addf62f66411ab,current-nlr-pbe-gw-v1:composition:a906ca7090a9110253267de9ab68dd41c1520b592a25946dac8dfbb61267d130,In Mo2 Na O8,K2 O5 Ti2,3.563,3.564,0.001,z_b > z_a,log(1 + exp(-(z_b - z_a)))
1399,ADJACENT_STRICT_PBE_ORDER_V1,1.0,1823,1824,1428,1563,current-nlr-pbe-gw-v1:composition:a906ca7090a9110253267de9ab68dd41c1520b592a25946dac8dfbb61267d130,current-nlr-pbe-gw-v1:composition:03210a67992ea9ff4c2708f7ce5f7aa8229e2095b70ae91df986b928789cc048,K2 O5 Ti2,Mg O2,3.564,3.567,0.003,z_b > z_a,log(1 + exp(-(z_b - z_a)))
1400,ADJACENT_STRICT_PBE_ORDER_V1,1.0,1826,1827,1389,1868,current-nlr-pbe-gw-v1:composition:fc071a704e619fc87bafd95775f4b0abaedd9c35790dea49f976dce5c9d28472,current-nlr-pbe-gw-v1:composition:0a50ee2ab8f2145fa1aa852b3f4523244c2addeab1581f3e04218f66d4fe298c,K2 Mg O7 V2,Nb O6 Sr2 Y,3.567,3.569,0.002,z_b > z_a,log(1 + exp(-(z_b - z_a)))
1401,ADJACENT_STRICT_PBE_ORDER_V1,1.0,1828,1829,96,1497,current-nlr-pbe-gw-v1:composition:bc1a2ace200e784c00beaa3cf1c9fd6ed734dfd79466118796b1f366a04d09f7,current-nlr-pbe-gw-v1:composition:31bb69dbe376720348e40675a03b7b02918f67445b434e45567eb2a0aabd9d6f,Al Nb O4,La O2 Rb,3.569,3.571,0.002,z_b > z_a,log(1 + exp(-(z_b - z_a)))
1402,ADJACENT_STRICT_PBE_ORDER_V1,1.0,1829,1830,1497,1557,current-nlr-pbe-gw-v1:composition:31bb69dbe376720348e40675a03b7b02918f67445b434e45567eb2a0aabd9d6f,current-nlr-pbe-gw-v1:composition:8da0163129f21e56afb76f5712b2b619586f113618a7a8b98c0e4fc877e73921,La O2 Rb,Mg Mo O4,3.571,3.572,0.001,z_b > z_a,log(1 + exp(-(z_b - z_a)))
1403,ADJACENT_STRICT_PBE_ORDER_V1,1.0,1830,1831,1557,116,current-nlr-pbe-gw-v1:composition:8da0163129f21e56afb76f5712b2b619586f113618a7a8b98c0e4fc877e73921,current-nlr-pbe-gw-v1:composition:766b403fe7c049252e85c14f28f22e592adaf288de53ccd4738198b55b6f30a8,Mg Mo O4,Al2 Ca2 O5,3.572,3.573,0.001,z_b > z_a,log(1 + exp(-(z_b - z_a)))
1404,ADJACENT_STRICT_PBE_ORDER_V1,1.0,1831,1832,116,178,current-nlr-pbe-gw-v1:composition:766b403fe7c049252e85c14f28f22e592adaf288de53ccd4738198b55b6f30a8,current-nlr-pbe-gw-v1:composition:1e72953e3e6739c9246dfcd794b8b173e33d46cb031680efc70cfc73773c7bb5,Al2 Ca2 O5,Al6 O16 Sr4 W,3.573,3.577,0.004,z_b > z_a,log(1 + exp(-(z_b - z_a)))
1405,ADJACENT_STRICT_PBE_ORDER_V1,1.0,1833,1834,1812,371,current-nlr-pbe-gw-v1:composition:e6e8d8a1afea2429bb93f532c3e1c99793e0bad98ad0bb371147d5767e55d6a1,current-nlr-pbe-gw-v1:composition:4749d805008ca6bec4b04535c648bc95ac22d0c615b72ca2e66365815842f8d1,Na2 O3 Ti,Ba2 In Nb O6,3.577,3.587,0.010,z_b > z_a,log(1 + exp(-(z_b - z_a)))
1406,ADJACENT_STRICT_PBE_ORDER_V1,1.0,1834,1835,371,1513,current-nlr-pbe-gw-v1:composition:4749d805008ca6bec4b04535c648bc95ac22d0c615b72ca2e66365815842f8d1,current-nlr-pbe-gw-v1:composition:3a0af0122745680148eb8d85f43d1b296bb915aa20734efbbec2ae0da8a5bcff,Ba2 In Nb O6,La2 Mo3 O12,3.587,3.588,0.001,z_b > z_a,log(1 + exp(-(z_b - z_a)))
1407,ADJACENT_STRICT_PBE_ORDER_V1,1.0,1835,1836,1513,368,current-nlr-pbe-gw-v1:composition:3a0af0122745680148eb8d85f43d1b296bb915aa20734efbbec2ae0da8a5bcff,current-nlr-pbe-gw-v1:composition:6d261da182094648222cc95b74e8a12c437cd821c8f67b39261625a4f28c5c5a,La2 Mo3 O12,Ba2 Ge2 Mg O7,3.588,3.592,0.004,z_b > z_a,log(1 + exp(-(z_b - z_a)))
1408,ADJACENT_STRICT_PBE_ORDER_V1,1.0,1836,1837,368,1216,current-nlr-pbe-gw-v1:composition:6d261da182094648222cc95b74e8a12c437cd821c8f67b39261625a4f28c5c5a,current-nlr-pbe-gw-v1:composition:021fa7a1791fd6813cacb90b4d1acab2a16c5ec23df99d610b476e5313ce32c5,Ba2 Ge2 Mg O7,Ge2 Mg O7 Sr2,3.592,3.593,0.001,z_b > z_a,log(1 + exp(-(z_b - z_a)))
1409,ADJACENT_STRICT_PBE_ORDER_V1,1.0,1838,1839,595,1714,current-nlr-pbe-gw-v1:composition:8313b7a0a0a0167c7d8d1b87e95224a3a16a152bdcd73771186833e4c20785c0,current-nlr-pbe-gw-v1:composition:5752c9e5710fa87f88b6bd2f26942a7991fa86f805f91035875c8a7907d9ac7a,Ca2 Ge O4,Mo4 Na4 O16 Zr,3.593,3.595,0.002,z_b > z_a,log(1 + exp(-(z_b - z_a)))
1410,ADJACENT_STRICT_PBE_ORDER_V1,1.0,1839,1840,1714,1224,current-nlr-pbe-gw-v1:composition:5752c9e5710fa87f88b6bd2f26942a7991fa86f805f91035875c8a7907d9ac7a,current-nlr-pbe-gw-v1:composition:5d435fbb68f061ce8f26c0fc7d33ab596388b05bf84e4618e8a18dde3fa1e95a,Mo4 Na4 O16 Zr,Ge3 Hf2 Na4 O12,3.595,3.598,0.003,z_b > z_a,log(1 + exp(-(z_b - z_a)))
1411,ADJACENT_STRICT_PBE_ORDER_V1,1.0,1840,1841,1224,1135,current-nlr-pbe-gw-v1:composition:5d435fbb68f061ce8f26c0fc7d33ab596388b05bf84e4618e8a18dde3fa1e95a,current-nlr-pbe-gw-v1:composition:27785bfb6d3fa774a2883f1fdcd66ebc2af855cc034939713371d0505ce823b1,Ge3 Hf2 Na4 O12,Ga Nb O4,3.598,3.599,0.001,z_b > z_a,log(1 + exp(-(z_b - z_a)))
1412,ADJACENT_STRICT_PBE_ORDER_V1,1.0,1841,1842,1135,1422,current-nlr-pbe-gw-v1:composition:27785bfb6d3fa774a2883f1fdcd66ebc2af855cc034939713371d0505ce823b1,current-nlr-pbe-gw-v1:composition:a23b2a9770bcd73cc8f44357e4c58ac4a6aa820eaa01772fc4bd8e7b2a3e01f0,Ga Nb O4,K2 O3 Zr,3.599,3.613,0.014,z_b > z_a,log(1 + exp(-(z_b - z_a)))
1413,ADJACENT_STRICT_PBE_ORDER_V1,1.0,1842,1843,1422,135,current-nlr-pbe-gw-v1:composition:a23b2a9770bcd73cc8f44357e4c58ac4a6aa820eaa01772fc4bd8e7b2a3e01f0,current-nlr-pbe-gw-v1:composition:c6be7c84db1b86a8bf712e9a2cd7e4c70222207943eed24f36d8606e3085edf8,K2 O3 Zr,Al2 Mo3 O12,3.613,3.616,0.003,z_b > z_a,log(1 + exp(-(z_b - z_a)))
1414,ADJACENT_STRICT_PBE_ORDER_V1,1.0,1843,1844,135,536,current-nlr-pbe-gw-v1:composition:c6be7c84db1b86a8bf712e9a2cd7e4c70222207943eed24f36d8606e3085edf8,current-nlr-pbe-gw-v1:composition:269d7fb45abef9ef8d97c921ac31e4607679a842531511dbbb90efac8280e895,Al2 Mo3 O12,Ca Ge Mg O4,3.616,3.62,0.004,z_b > z_a,log(1 + exp(-(z_b - z_a)))
1415,ADJACENT_STRICT_PBE_ORDER_V1,1.0,1844,1845,536,1709,current-nlr-pbe-gw-v1:composition:269d7fb45abef9ef8d97c921ac31e4607679a842531511dbbb90efac8280e895,current-nlr-pbe-gw-v1:composition:ea94f43e0e36709762acfa61e7e13109483b6cec10710da1885edc7d8d11c263,Ca Ge Mg O4,Mo3 O12 Sc2,3.62,3.623,0.003,z_b > z_a,log(1 + exp(-(z_b - z_a)))
1416,ADJACENT_STRICT_PBE_ORDER_V1,1.0,1845,1846,1709,2128,current-nlr-pbe-gw-v1:composition:ea94f43e0e36709762acfa61e7e13109483b6cec10710da1885edc7d8d11c263,current-nlr-pbe-gw-v1:composition:a6b31db245a29714647f4d7eed394ae59207de3ba154bc96f828b39bf5cbec44,Mo3 O12 Sc2,O8 Sr3 V2,3.623,3.626,0.003,z_b > z_a,log(1 + exp(-(z_b - z_a)))
1417,ADJACENT_STRICT_PBE_ORDER_V1,1.0,1846,1847,2128,1507,current-nlr-pbe-gw-v1:composition:a6b31db245a29714647f4d7eed394ae59207de3ba154bc96f828b39bf5cbec44,current-nlr-pbe-gw-v1:composition:8d790019dcef454a1d3e803fa80c1db8d93beb452aa72526df15e514f485427c,O8 Sr3 V2,La O8 Rb W2,3.626,3.627,0.001,z_b > z_a,log(1 + exp(-(z_b - z_a)))
1418,ADJACENT_STRICT_PBE_ORDER_V1,1.0,1849,1850,445,1223,current-nlr-pbe-gw-v1:composition:db788d35e2bd1ed28261d15c1ff8a2aa5cd49fee4e7290a271fbae3f114861bd,current-nlr-pbe-gw-v1:composition:52a1036289c0a8e94b0a8576d191ec1477dfafdf93408df09059981f8797aca2,Ba3 Nb2 O9 Sr,Ge2 O7 Y2,3.627,3.631,0.004,z_b > z_a,log(1 + exp(-(z_b - z_a)))
1419,ADJACENT_STRICT_PBE_ORDER_V1,1.0,1850,1851,1223,1629,current-nlr-pbe-gw-v1:composition:52a1036289c0a8e94b0a8576d191ec1477dfafdf93408df09059981f8797aca2,current-nlr-pbe-gw-v1:composition:a4a8fb1d059e777db8da088af05fd67a06b13274078e2debbc62cf72c1405e66,Ge2 O7 Y2,Mn O5 Si2,3.631,3.633,0.002,z_b > z_a,log(1 + exp(-(z_b - z_a)))
1420,ADJACENT_STRICT_PBE_ORDER_V1,1.0,1851,1852,1629,554,current-nlr-pbe-gw-v1:composition:a4a8fb1d059e777db8da088af05fd67a06b13274078e2debbc62cf72c1405e66,current-nlr-pbe-gw-v1:composition:2c3308b818028c98043c506bae7bbbdd5b37819cf78d76ca271092e6c9bf7e2b,Mn O5 Si2,Ca Na O4 V,3.633,3.637,0.004,z_b > z_a,log(1 + exp(-(z_b - z_a)))
1421,ADJACENT_STRICT_PBE_ORDER_V1,1.0,1853,1854,1862,559,current-nlr-pbe-gw-v1:composition:e80b2327bd1893ace922b8ca5319c31eb890161a646b21ef38eae18f644a175f,current-nlr-pbe-gw-v1:composition:26283c9bad04e871494193a57cb7d6a349493bbdb99909cd31ecf48fbc05c86e,Nb O3 Rb,Ca O,3.637,3.641,0.004,z_b > z_a,log(1 + exp(-(z_b - z_a)))
1422,ADJACENT_STRICT_PBE_ORDER_V1,1.0,1854,1855,559,1592,current-nlr-pbe-gw-v1:composition:26283c9bad04e871494193a57cb7d6a349493bbdb99909cd31ecf48fbc05c86e,current-nlr-pbe-gw-v1:composition:796b654a470ad43a62cb30b0b86d982dd8f259be66234ca560df90f559aab9e3,Ca O,Mg4 Nb2 O9,3.641,3.643,0.002,z_b > z_a,log(1 + exp(-(z_b - z_a)))
1423,ADJACENT_STRICT_PBE_ORDER_V1,1.0,1855,1856,1592,1565,current-nlr-pbe-gw-v1:composition:796b654a470ad43a62cb30b0b86d982dd8f259be66234ca560df90f559aab9e3,current-nlr-pbe-gw-v1:composition:3c5ff93660dc57332917f7482e44b90b03c2716f833695572a524439675ffb8c,Mg4 Nb2 O9,Mg O3 Ti,3.643,3.647,0.004,z_b > z_a,log(1 + exp(-(z_b - z_a)))
1424,ADJACENT_STRICT_PBE_ORDER_V1,1.0,1857,1858,1385,1183,current-nlr-pbe-gw-v1:composition:bbc9df664df089d4c91f215a5a40e6cbad95d3bcd595c3406a8fa7957efbaeab,current-nlr-pbe-gw-v1:composition:018588bc2046bdd3f0e6c6c37bcb129f38f396264fb49d136c0f46a8d2eb66c9,K10 Mg Mo7 O27,Ge Na2 O5 Ti,3.647,3.649,0.002,z_b > z_a,log(1 + exp(-(z_b - z_a)))
1425,ADJACENT_STRICT_PBE_ORDER_V1,1.0,1858,1859,1183,1459,current-nlr-pbe-gw-v1:composition:018588bc2046bdd3f0e6c6c37bcb129f38f396264fb49d136c0f46a8d2eb66c9,current-nlr-pbe-gw-v1:composition:0ce817589ff02e7ce019b4c2da0d520ced4ad946432e681ebe40a94934cc82ba,Ge Na2 O5 Ti,K3 O7 Sc Si2,3.649,3.653,0.004,z_b > z_a,log(1 + exp(-(z_b - z_a)))
1426,ADJACENT_STRICT_PBE_ORDER_V1,1.0,1859,1860,1459,1220,current-nlr-pbe-gw-v1:composition:0ce817589ff02e7ce019b4c2da0d520ced4ad946432e681ebe40a94934cc82ba,current-nlr-pbe-gw-v1:composition:c7bb3c930ceda84ab50df72747bc0befd155355050d625e2c9507595724f0837,K3 O7 Sc Si2,Ge2 Na2 O7 Zr,3.653,3.656,0.003,z_b > z_a,log(1 + exp(-(z_b - z_a)))
1427,ADJACENT_STRICT_PBE_ORDER_V1,1.0,1860,1861,1220,1965,current-nlr-pbe-gw-v1:composition:c7bb3c930ceda84ab50df72747bc0befd155355050d625e2c9507595724f0837,current-nlr-pbe-gw-v1:composition:7b29a14175911d435231139b3357a2d7f5afec9573c9b0b190d0a21ed61d8c81,Ge2 Na2 O7 Zr,O2 Rb Y,3.656,3.66,0.004,z_b > z_a,log(1 + exp(-(z_b - z_a)))
1428,ADJACENT_STRICT_PBE_ORDER_V1,1.0,1861,1862,1965,1688,current-nlr-pbe-gw-v1:composition:7b29a14175911d435231139b3357a2d7f5afec9573c9b0b190d0a21ed61d8c81,current-nlr-pbe-gw-v1:composition:ecd30f166ebdec3021242bdd712c4dcbdd23fa655c72013395745049e29db5a7,O2 Rb Y,Mo O4 Sr,3.66,3.668,0.008,z_b > z_a,log(1 + exp(-(z_b - z_a)))
1429,ADJACENT_STRICT_PBE_ORDER_V1,1.0,1862,1863,1688,1492,current-nlr-pbe-gw-v1:composition:ecd30f166ebdec3021242bdd712c4dcbdd23fa655c72013395745049e29db5a7,current-nlr-pbe-gw-v1:composition:8b08595a4ef867bb90e73c8a6014f2f426c3d72b32f84458c7a18c56f9d402a8,Mo O4 Sr,La Nb O4,3.668,3.669,0.001,z_b > z_a,log(1 + exp(-(z_b - z_a)))
1430,ADJACENT_STRICT_PBE_ORDER_V1,1.0,1863,1864,1492,1437,current-nlr-pbe-gw-v1:composition:8b08595a4ef867bb90e73c8a6014f2f426c3d72b32f84458c7a18c56f9d402a8,current-nlr-pbe-gw-v1:composition:562682fac8b2adc65ca2781eab02ff028f5e148a328cc2d7a236c6b3bed3af68,La Nb O4,K2 O9 Si3 Ti,3.669,3.671,0.002,z_b > z_a,log(1 + exp(-(z_b - z_a)))
1431,ADJACENT_STRICT_PBE_ORDER_V1,1.0,1864,1865,1437,1366,current-nlr-pbe-gw-v1:composition:562682fac8b2adc65ca2781eab02ff028f5e148a328cc2d7a236c6b3bed3af68,current-nlr-pbe-gw-v1:composition:42af3a82d7c08a27aa74b83941a9c3d62fee0c42ba9ae7c754f3a55653d0cb7b,K2 O9 Si3 Ti,K Na3 O5 W,3.671,3.672,0.001,z_b > z_a,log(1 + exp(-(z_b - z_a)))
1432,ADJACENT_STRICT_PBE_ORDER_V1,1.0,1865,1866,1366,134,current-nlr-pbe-gw-v1:composition:42af3a82d7c08a27aa74b83941a9c3d62fee0c42ba9ae7c754f3a55653d0cb7b,current-nlr-pbe-gw-v1:composition:09c1622667c122301d29b149f7e7b495f12793242d67504784a33f83aec2c9e6,K Na3 O5 W,Al2 Mn3 O12 Si3,3.672,3.683,0.011,z_b > z_a,log(1 + exp(-(z_b - z_a)))
1433,ADJACENT_STRICT_PBE_ORDER_V1,1.0,1866,1867,134,539,current-nlr-pbe-gw-v1:composition:09c1622667c122301d29b149f7e7b495f12793242d67504784a33f83aec2c9e6,current-nlr-pbe-gw-v1:composition:710b521b3128ffd10565476248b64c876baf35babf38a75f35c83b67e9564455,Al2 Mn3 O12 Si3,Ca Ge O5 Zr,3.683,3.689,0.006,z_b > z_a,log(1 + exp(-(z_b - z_a)))
1434,ADJACENT_STRICT_PBE_ORDER_V1,1.0,1867,1868,539,627,current-nlr-pbe-gw-v1:composition:710b521b3128ffd10565476248b64c876baf35babf38a75f35c83b67e9564455,current-nlr-pbe-gw-v1:composition:773b3dc0b019d9a08bae7373b7cc8fc725a56484759d8b43b9f66497616532bf,Ca Ge O5 Zr,Ca3 In2 O12 Si3,3.689,3.691,0.002,z_b > z_a,log(1 + exp(-(z_b - z_a)))
1435,ADJACENT_STRICT_PBE_ORDER_V1,1.0,1868,1869,627,1347,current-nlr-pbe-gw-v1:composition:773b3dc0b019d9a08bae7373b7cc8fc725a56484759d8b43b9f66497616532bf,current-nlr-pbe-gw-v1:composition:adcd72d51f879d73ae59f940e3a7073c2fba451111b2ffe07759bae99e1dcf6b,Ca3 In2 O12 Si3,K La Na Nb O5,3.691,3.692,0.001,z_b > z_a,log(1 + exp(-(z_b - z_a)))
1436,ADJACENT_STRICT_PBE_ORDER_V1,1.0,1869,1870,1347,81,current-nlr-pbe-gw-v1:composition:adcd72d51f879d73ae59f940e3a7073c2fba451111b2ffe07759bae99e1dcf6b,current-nlr-pbe-gw-v1:composition:a73bbc9d813c95abc7aff8a31ed5677f26567e892f3f19c7d813e9e9b7eb70c9,K La Na Nb O5,Al Ge O5 Y,3.692,3.693,0.001,z_b > z_a,log(1 + exp(-(z_b - z_a)))
1437,ADJACENT_STRICT_PBE_ORDER_V1,1.0,1871,1872,1285,635,current-nlr-pbe-gw-v1:composition:d63d9181e7bbb2c72783889d06f299e6b61c3b47963863637ff07696e4c07a49,current-nlr-pbe-gw-v1:composition:f9184b433d9b5eefd574f2ef14d0c5a566b55d0dfb45f1a24dfc1da775a0ea3a,In K Mo2 O8,Ca3 O5 Si,3.693,3.694,0.001,z_b > z_a,log(1 + exp(-(z_b - z_a)))
1438,ADJACENT_STRICT_PBE_ORDER_V1,1.0,1872,1873,635,1421,current-nlr-pbe-gw-v1:composition:f9184b433d9b5eefd574f2ef14d0c5a566b55d0dfb45f1a24dfc1da775a0ea3a,current-nlr-pbe-gw-v1:composition:b123312a8b75afa4ff8c4efe7ee0048bb51cc629de42ac71f26bb8b259bc6085,Ca3 O5 Si,K2 O3 Ti,3.694,3.697,0.003,z_b > z_a,log(1 + exp(-(z_b - z_a)))
1439,ADJACENT_STRICT_PBE_ORDER_V1,1.0,1873,1874,1421,1355,current-nlr-pbe-gw-v1:composition:b123312a8b75afa4ff8c4efe7ee0048bb51cc629de42ac71f26bb8b259bc6085,current-nlr-pbe-gw-v1:composition:d2271ed44109a427712d57bdaef1bc3b63650fe75a0a1485f9017b4c22833ada,K2 O3 Ti,K Mo2 O8 Sc,3.697,3.698,0.001,z_b > z_a,log(1 + exp(-(z_b - z_a)))
1440,ADJACENT_STRICT_PBE_ORDER_V1,1.0,1874,1875,1355,1505,current-nlr-pbe-gw-v1:composition:d2271ed44109a427712d57bdaef1bc3b63650fe75a0a1485f9017b4c22833ada,current-nlr-pbe-gw-v1:composition:6cd81f7261a9a25482f12b38e359c62b527133c61bb78937869813c49051da30,K Mo2 O8 Sc,La O4 Ta,3.698,3.7,0.002,z_b > z_a,log(1 + exp(-(z_b - z_a)))
1441,ADJACENT_STRICT_PBE_ORDER_V1,1.0,1875,1876,1505,1856,current-nlr-pbe-gw-v1:composition:6cd81f7261a9a25482f12b38e359c62b527133c61bb78937869813c49051da30,current-nlr-pbe-gw-v1:composition:7f639b05aba9f0146e0d3f585eba77d5fb86c9f8385277a4e4b38269e8961a89,La O4 Ta,Na8 O14 Ti5,3.7,3.703,0.003,z_b > z_a,log(1 + exp(-(z_b - z_a)))
1442,ADJACENT_STRICT_PBE_ORDER_V1,1.0,1876,1877,1856,603,current-nlr-pbe-gw-v1:composition:7f639b05aba9f0146e0d3f585eba77d5fb86c9f8385277a4e4b38269e8961a89,current-nlr-pbe-gw-v1:composition:8477de3a9650370cdb12aa3444568ffecaa6ae334ff73fc3d566927b8b223268,Na8 O14 Ti5,Ca2 O12 Pb Si3 Zn3,3.703,3.704,0.001,z_b > z_a,log(1 + exp(-(z_b - z_a)))
1443,ADJACENT_STRICT_PBE_ORDER_V1,1.0,1877,1878,603,270,current-nlr-pbe-gw-v1:composition:8477de3a9650370cdb12aa3444568ffecaa6ae334ff73fc3d566927b8b223268,current-nlr-pbe-gw-v1:composition:a0cd5386931a34d5dadd468c2c03855fc90b40f6920550e34ce91c97f0a2e839,Ca2 O12 Pb Si3 Zn3,Ba La2 O7 Sc2,3.704,3.709,0.005,z_b > z_a,log(1 + exp(-(z_b - z_a)))
1444,ADJACENT_STRICT_PBE_ORDER_V1,1.0,1878,1879,270,1146,current-nlr-pbe-gw-v1:composition:a0cd5386931a34d5dadd468c2c03855fc90b40f6920550e34ce91c97f0a2e839,current-nlr-pbe-gw-v1:composition:9b6db3c530ec6b41956b996cbb1ff24732882361814cc63aaebb67dc2f53ad05,Ba La2 O7 Sc2,Ga2 La4 O9,3.709,3.718,0.009,z_b > z_a,log(1 + exp(-(z_b - z_a)))
1445,ADJACENT_STRICT_PBE_ORDER_V1,1.0,1879,1880,1146,1798,current-nlr-pbe-gw-v1:composition:9b6db3c530ec6b41956b996cbb1ff24732882361814cc63aaebb67dc2f53ad05,current-nlr-pbe-gw-v1:composition:4439898d59cc0f28048f760cfbf6cec41d50cbb6ccb222640a711aa249b3f3c0,Ga2 La4 O9,Na2 O11 Si4 Ti,3.718,3.724,0.006,z_b > z_a,log(1 + exp(-(z_b - z_a)))
1446,ADJACENT_STRICT_PBE_ORDER_V1,1.0,1880,1881,1798,2066,current-nlr-pbe-gw-v1:composition:4439898d59cc0f28048f760cfbf6cec41d50cbb6ccb222640a711aa249b3f3c0,current-nlr-pbe-gw-v1:composition:10e414b7ee3f0200a27137e19d952a69887d2f1068c4861b3f5737f0fea2753f,Na2 O11 Si4 Ti,O5 Si Sr3,3.724,3.727,0.003,z_b > z_a,log(1 + exp(-(z_b - z_a)))
1447,ADJACENT_STRICT_PBE_ORDER_V1,1.0,1881,1882,2066,1773,current-nlr-pbe-gw-v1:composition:10e414b7ee3f0200a27137e19d952a69887d2f1068c4861b3f5737f0fea2753f,current-nlr-pbe-gw-v1:composition:45922e189f72afabd48157302f719178335e1640f8d7802685fa914c6da6a7af,O5 Si Sr3,Na O3 Rb Ti,3.727,3.736,0.009,z_b > z_a,log(1 + exp(-(z_b - z_a)))
1448,ADJACENT_STRICT_PBE_ORDER_V1,1.0,1882,1883,1773,80,current-nlr-pbe-gw-v1:composition:45922e189f72afabd48157302f719178335e1640f8d7802685fa914c6da6a7af,current-nlr-pbe-gw-v1:composition:45e19b41b66ec8e1e71bc639276e6be2fab4f239edbd56986d8d0b372076227b,Na O3 Rb Ti,Al Ge Na O4,3.736,3.738,0.002,z_b > z_a,log(1 + exp(-(z_b - z_a)))
1449,ADJACENT_STRICT_PBE_ORDER_V1,1.0,1884,1885,456,588,current-nlr-pbe-gw-v1:composition:abc6bad7a8cef7065cc65eb422877c67a03068f492298371ef2e656923d8b82b,current-nlr-pbe-gw-v1:composition:5a5c7125d5e9be57a0be6556ca551311e2b628eca39e7b21d8321dfc7a6d0950,Ba3 O8 V2,Ca10 K O28 V7,3.738,3.742,0.004,z_b > z_a,log(1 + exp(-(z_b - z_a)))
1450,ADJACENT_STRICT_PBE_ORDER_V1,1.0,1885,1886,588,333,current-nlr-pbe-gw-v1:composition:5a5c7125d5e9be57a0be6556ca551311e2b628eca39e7b21d8321dfc7a6d0950,current-nlr-pbe-gw-v1:composition:11d42cf31ec5775a95f9756b043e7edc95a060c02537570782bff06dc8a8d9f6,Ca10 K O28 V7,Ba O9 Si3 Sn,3.742,3.743,0.001,z_b > z_a,log(1 + exp(-(z_b - z_a)))
1451,ADJACENT_STRICT_PBE_ORDER_V1,1.0,1886,1887,333,571,current-nlr-pbe-gw-v1:composition:11d42cf31ec5775a95f9756b043e7edc95a060c02537570782bff06dc8a8d9f6,current-nlr-pbe-gw-v1:composition:7375c8df3b347d5e35dacb446b9746ca2f669b27e1d7b0fef2be0f52240ea9e2,Ba O9 Si3 Sn,Ca O4 Sc2,3.743,3.744,0.001,z_b > z_a,log(1 + exp(-(z_b - z_a)))
1452,ADJACENT_STRICT_PBE_ORDER_V1,1.0,1887,1888,571,1411,current-nlr-pbe-gw-v1:composition:7375c8df3b347d5e35dacb446b9746ca2f669b27e1d7b0fef2be0f52240ea9e2,current-nlr-pbe-gw-v1:composition:ba59d4df8ac76609b79667df48195b6d8e9ead1a6d058290a3d858e7bd9aad44,Ca O4 Sc2,K2 O15 Si6 Ti,3.744,3.753,0.009,z_b > z_a,log(1 + exp(-(z_b - z_a)))
1453,ADJACENT_STRICT_PBE_ORDER_V1,1.0,1888,1889,1411,169,current-nlr-pbe-gw-v1:composition:ba59d4df8ac76609b79667df48195b6d8e9ead1a6d058290a3d858e7bd9aad44,current-nlr-pbe-gw-v1:composition:437d91745324bc6924d6d217763eacf42f758e36af8e6571f294c4e37122d447,K2 O15 Si6 Ti,Al4 O7 Sr,3.753,3.76,0.007,z_b > z_a,log(1 + exp(-(z_b - z_a)))
1454,ADJACENT_STRICT_PBE_ORDER_V1,1.0,1889,1890,169,1227,current-nlr-pbe-gw-v1:composition:437d91745324bc6924d6d217763eacf42f758e36af8e6571f294c4e37122d447,current-nlr-pbe-gw-v1:composition:71a4d0d8269fe5db6f1dceb49a944ad06f545b9ae80fdea237bd5389dd496943,Al4 O7 Sr,Ge3 Na4 O12 Zr2,3.76,3.761,0.001,z_b > z_a,log(1 + exp(-(z_b - z_a)))
1455,ADJACENT_STRICT_PBE_ORDER_V1,1.0,1890,1891,1227,1753,current-nlr-pbe-gw-v1:composition:71a4d0d8269fe5db6f1dceb49a944ad06f545b9ae80fdea237bd5389dd496943,current-nlr-pbe-gw-v1:composition:5b85592e6f6dc305a7629d8dd2803d5d65a4742a16d6ac26f097161b9aac2a66,Ge3 Na4 O12 Zr2,N4 O8 Si7,3.761,3.763,0.002,z_b > z_a,log(1 + exp(-(z_b - z_a)))
1456,ADJACENT_STRICT_PBE_ORDER_V1,1.0,1892,1893,370,1486,current-nlr-pbe-gw-v1:composition:ff1bbf517b23eeeaed448fd766d4db2d70fbfeee8c1c678a48c68d551e0f8840,current-nlr-pbe-gw-v1:composition:a0a7311fb0500dd6275930e6506e0397f295a3a93781954a77b242dd259df130,Ba2 Ge2 O8 Ti,La Mo2 O8 Rb,3.763,3.769,0.006,z_b > z_a,log(1 + exp(-(z_b - z_a)))
1457,ADJACENT_STRICT_PBE_ORDER_V1,1.0,1893,1894,1486,1838,current-nlr-pbe-gw-v1:composition:a0a7311fb0500dd6275930e6506e0397f295a3a93781954a77b242dd259df130,current-nlr-pbe-gw-v1:composition:152829d48de6631e3b3925df4028779953ab8354f02b9d099be9b7411584b5d6,La Mo2 O8 Rb,Na3 O7 Sc Si2,3.769,3.775,0.006,z_b > z_a,log(1 + exp(-(z_b - z_a)))
1458,ADJACENT_STRICT_PBE_ORDER_V1,1.0,1894,1895,1838,83,current-nlr-pbe-gw-v1:composition:152829d48de6631e3b3925df4028779953ab8354f02b9d099be9b7411584b5d6,current-nlr-pbe-gw-v1:composition:0cdc1152675aa1425a837115208f600bfc46928b93e06e0259bbb2ebd12c9f06,Na3 O7 Sc Si2,Al K O2,3.775,3.776,0.001,z_b > z_a,log(1 + exp(-(z_b - z_a)))
1459,ADJACENT_STRICT_PBE_ORDER_V1,1.0,1895,1896,83,82,current-nlr-pbe-gw-v1:composition:0cdc1152675aa1425a837115208f600bfc46928b93e06e0259bbb2ebd12c9f06,current-nlr-pbe-gw-v1:composition:0e40b6133b9ca63a37b8a88a1d7c49a5dc985b8595818a70f489be42c8c0030c,Al K O2,Al K Mo2 O8,3.776,3.785,0.009,z_b > z_a,log(1 + exp(-(z_b - z_a)))
1460,ADJACENT_STRICT_PBE_ORDER_V1,1.0,1896,1897,82,2020,current-nlr-pbe-gw-v1:composition:0e40b6133b9ca63a37b8a88a1d7c49a5dc985b8595818a70f489be42c8c0030c,current-nlr-pbe-gw-v1:composition:0b46b8eb4c17a67610c210cd2bc9981f146910d74b9a54439cabadda691905bd,Al K Mo2 O8,O3 Y2,3.785,3.787,0.002,z_b > z_a,log(1 + exp(-(z_b - z_a)))
1461,ADJACENT_STRICT_PBE_ORDER_V1,1.0,1897,1898,2020,1980,current-nlr-pbe-gw-v1:composition:0b46b8eb4c17a67610c210cd2bc9981f146910d74b9a54439cabadda691905bd,current-nlr-pbe-gw-v1:composition:5d0ea1f6172ad9cbd6e4a01437ad059705a6dc20ae42dc21832c71c062cbd8f3,O3 Y2,O2 Zr,3.787,3.795,0.008,z_b > z_a,log(1 + exp(-(z_b - z_a)))
1462,ADJACENT_STRICT_PBE_ORDER_V1,1.0,1898,1899,1980,1201,current-nlr-pbe-gw-v1:composition:5d0ea1f6172ad9cbd6e4a01437ad059705a6dc20ae42dc21832c71c062cbd8f3,current-nlr-pbe-gw-v1:composition:cf772a39bf2eca105b42ad6dccf0cdf4e1181a21a577f99351ee3fd43971e4c4,O2 Zr,Ge O5 Y2,3.795,3.796,0.001,z_b > z_a,log(1 + exp(-(z_b - z_a)))
1463,ADJACENT_STRICT_PBE_ORDER_V1,1.0,1899,1900,1201,1964,current-nlr-pbe-gw-v1:composition:cf772a39bf2eca105b42ad6dccf0cdf4e1181a21a577f99351ee3fd43971e4c4,current-nlr-pbe-gw-v1:composition:718f435d273adecc821529f92e65781d1436a865c2174b84a4d9ef1dabe1d7ec,Ge O5 Y2,O2 Rb Sc,3.796,3.798,0.002,z_b > z_a,log(1 + exp(-(z_b - z_a)))
1464,ADJACENT_STRICT_PBE_ORDER_V1,1.0,1900,1901,1964,159,current-nlr-pbe-gw-v1:composition:718f435d273adecc821529f92e65781d1436a865c2174b84a4d9ef1dabe1d7ec,current-nlr-pbe-gw-v1:composition:475c2f202d3bc7b51c69925c2e332da52927f2489b7fd66701585e30f4aa3caa,O2 Rb Sc,Al32 O47,3.798,3.802,0.004,z_b > z_a,log(1 + exp(-(z_b - z_a)))
1465,ADJACENT_STRICT_PBE_ORDER_V1,1.0,1901,1902,159,1463,current-nlr-pbe-gw-v1:composition:475c2f202d3bc7b51c69925c2e332da52927f2489b7fd66701585e30f4aa3caa,current-nlr-pbe-gw-v1:composition:bcffb7caa1a970906460e694c718ccc08a82dfec0355fee151e208bf8a312080,Al32 O47,K4 Nb2 O23 Si8,3.802,3.804,0.002,z_b > z_a,log(1 + exp(-(z_b - z_a)))
1466,ADJACENT_STRICT_PBE_ORDER_V1,1.0,1902,1903,1463,1305,current-nlr-pbe-gw-v1:composition:bcffb7caa1a970906460e694c718ccc08a82dfec0355fee151e208bf8a312080,current-nlr-pbe-gw-v1:composition:7a35ef46e575922e26ee8e06fd5c05e3075e551d11ca32243ce8496362639858,K4 Nb2 O23 Si8,In2 K4 O21 Si8,3.804,3.81,0.006,z_b > z_a,log(1 + exp(-(z_b - z_a)))
1467,ADJACENT_STRICT_PBE_ORDER_V1,1.0,1904,1905,1952,1418,current-nlr-pbe-gw-v1:composition:b1764cbee702c0c11dd77b61920671f78642a22c0debc5f3f5166130aa2bd09f,current-nlr-pbe-gw-v1:composition:e3ae165124b38861e4b75920496e20b7a8469d4a9d6631d5b01d52aa00dcf675,O15 Rb2 Si6 Ti,K2 O3 Si,3.81,3.812,0.002,z_b > z_a,log(1 + exp(-(z_b - z_a)))
1468,ADJACENT_STRICT_PBE_ORDER_V1,1.0,1905,1906,1418,1882,current-nlr-pbe-gw-v1:composition:e3ae165124b38861e4b75920496e20b7a8469d4a9d6631d5b01d52aa00dcf675,current-nlr-pbe-gw-v1:composition:707cd19feac760ec92208c3fe634951dfb37ee6f6b68ab6c3cd515693e6c3bea,K2 O3 Si,Nb2 O9 Sr4,3.812,3.82,0.008,z_b > z_a,log(1 + exp(-(z_b - z_a)))
1469,ADJACENT_STRICT_PBE_ORDER_V1,1.0,1906,1907,1882,1560,current-nlr-pbe-gw-v1:composition:707cd19feac760ec92208c3fe634951dfb37ee6f6b68ab6c3cd515693e6c3bea,current-nlr-pbe-gw-v1:composition:74deaf9d80c1b1b94867b38a0a348c6e4f7d5403bb8e857cdccb412b9491b5d3,Nb2 O9 Sr4,Mg Na2 O4 Si,3.82,3.825,0.005,z_b > z_a,log(1 + exp(-(z_b - z_a)))
1470,ADJACENT_STRICT_PBE_ORDER_V1,1.0,1907,1908,1560,1802,current-nlr-pbe-gw-v1:composition:74deaf9d80c1b1b94867b38a0a348c6e4f7d5403bb8e857cdccb412b9491b5d3,current-nlr-pbe-gw-v1:composition:8f617b4042ab3181eb97024d28ca3fc15a093d5f124513332b16b021f47318de,Mg Na2 O4 Si,Na2 O13 Si4 Ti2,3.825,3.828,0.003,z_b > z_a,log(1 + exp(-(z_b - z_a)))
1471,ADJACENT_STRICT_PBE_ORDER_V1,1.0,1908,1909,1802,1132,current-nlr-pbe-gw-v1:composition:8f617b4042ab3181eb97024d28ca3fc15a093d5f124513332b16b021f47318de,current-nlr-pbe-gw-v1:composition:75a19d03da8bc1d88facd9c86f5770c74c56c830ab1a7202b83f03294e3a3128,Na2 O13 Si4 Ti2,Ga Na O4 Si,3.828,3.829,0.001,z_b > z_a,log(1 + exp(-(z_b - z_a)))
1472,ADJACENT_STRICT_PBE_ORDER_V1,1.0,1909,1910,1132,1857,current-nlr-pbe-gw-v1:composition:75a19d03da8bc1d88facd9c86f5770c74c56c830ab1a7202b83f03294e3a3128,current-nlr-pbe-gw-v1:composition:f0fd5827e5401e037fa2cb27358610f43f0e3113b5367c413b5f9f3530a6d02d,Ga Na O4 Si,Na8 O18 Si6 Sn,3.829,3.837,0.008,z_b > z_a,log(1 + exp(-(z_b - z_a)))
1473,ADJACENT_STRICT_PBE_ORDER_V1,1.0,1910,1911,1857,1715,current-nlr-pbe-gw-v1:composition:f0fd5827e5401e037fa2cb27358610f43f0e3113b5367c413b5f9f3530a6d02d,current-nlr-pbe-gw-v1:composition:2f23ac8ccd597851fe1a77b56a4c3cebcbf229a37c08f98851a62cacf6a2e074,Na8 O18 Si6 Sn,Mo4 Na5 O16 Y,3.837,3.847,0.010,z_b > z_a,log(1 + exp(-(z_b - z_a)))
1474,ADJACENT_STRICT_PBE_ORDER_V1,1.0,1911,1912,1715,2134,current-nlr-pbe-gw-v1:composition:2f23ac8ccd597851fe1a77b56a4c3cebcbf229a37c08f98851a62cacf6a2e074,current-nlr-pbe-gw-v1:composition:aee71fb11b33f600d42e7244e6441ce9c20011fd8032de40c5c3f989fbe9ec68,Mo4 Na5 O16 Y,O9 Rb2 Si3 Sn,3.847,3.849,0.002,z_b > z_a,log(1 + exp(-(z_b - z_a)))
1475,ADJACENT_STRICT_PBE_ORDER_V1,1.0,1912,1913,2134,92,current-nlr-pbe-gw-v1:composition:aee71fb11b33f600d42e7244e6441ce9c20011fd8032de40c5c3f989fbe9ec68,current-nlr-pbe-gw-v1:composition:a9353542499cc75e6fa47e10695bd49af5d88551381589d020b54bdb9a987342,O9 Rb2 Si3 Sn,Al Na O2,3.849,3.85,0.001,z_b > z_a,log(1 + exp(-(z_b - z_a)))
1476,ADJACENT_STRICT_PBE_ORDER_V1,1.0,1913,1914,92,1722,current-nlr-pbe-gw-v1:composition:a9353542499cc75e6fa47e10695bd49af5d88551381589d020b54bdb9a987342,current-nlr-pbe-gw-v1:composition:86ed414d1e88c23528aa68e512cd5245319636be926befe921991910e499d6dc,Al Na O2,Mo6 O24 Rb8 Zr,3.85,3.852,0.002,z_b > z_a,log(1 + exp(-(z_b - z_a)))
1477,ADJACENT_STRICT_PBE_ORDER_V1,1.0,1914,1915,1722,1820,current-nlr-pbe-gw-v1:composition:86ed414d1e88c23528aa68e512cd5245319636be926befe921991910e499d6dc,current-nlr-pbe-gw-v1:composition:f4bceae6c897cf8dcbe14503839254ede3e0d0cb0f745b52bc71cbe51d3a2f7e,Mo6 O24 Rb8 Zr,Na2 O5 Si Zr,3.852,3.858,0.006,z_b > z_a,log(1 + exp(-(z_b - z_a)))
1478,ADJACENT_STRICT_PBE_ORDER_V1,1.0,1915,1916,1820,1436,current-nlr-pbe-gw-v1:composition:f4bceae6c897cf8dcbe14503839254ede3e0d0cb0f745b52bc71cbe51d3a2f7e,current-nlr-pbe-gw-v1:composition:74571daec189fb737bf3efa7959e0d0f94fb589bd26eaca646628b44712818ae,Na2 O5 Si Zr,K2 O9 Si3 Sn,3.858,3.859,0.001,z_b > z_a,log(1 + exp(-(z_b - z_a)))
1479,ADJACENT_STRICT_PBE_ORDER_V1,1.0,1916,1917,1436,1361,current-nlr-pbe-gw-v1:composition:74571daec189fb737bf3efa7959e0d0f94fb589bd26eaca646628b44712818ae,current-nlr-pbe-gw-v1:composition:20372852038c6ad88615effac76e5f066857fd950ad34f95d84cc0f79a09a7d4,K2 O9 Si3 Sn,K Na O3 Ti,3.859,3.863,0.004,z_b > z_a,log(1 + exp(-(z_b - z_a)))
1480,ADJACENT_STRICT_PBE_ORDER_V1,1.0,1917,1918,1361,1822,current-nlr-pbe-gw-v1:composition:20372852038c6ad88615effac76e5f066857fd950ad34f95d84cc0f79a09a7d4,current-nlr-pbe-gw-v1:composition:163d83424c548fcdc856af1ada8f9c928ae023e60e3ef904bf5dddeed6bbc103,K Na O3 Ti,Na2 O6 Si2 Zn,3.863,3.869,0.006,z_b > z_a,log(1 + exp(-(z_b - z_a)))
1481,ADJACENT_STRICT_PBE_ORDER_V1,1.0,1918,1919,1822,1174,current-nlr-pbe-gw-v1:composition:163d83424c548fcdc856af1ada8f9c928ae023e60e3ef904bf5dddeed6bbc103,current-nlr-pbe-gw-v1:composition:b6e9c0d5ef4c52c23fd6c9ebaa5bb2ae9a4b504bcbe0ffe3e23b9ad64696e4fd,Na2 O6 Si2 Zn,Ge La2 O5,3.869,3.871,0.002,z_b > z_a,log(1 + exp(-(z_b - z_a)))
1482,ADJACENT_STRICT_PBE_ORDER_V1,1.0,1919,1920,1174,165,current-nlr-pbe-gw-v1:composition:b6e9c0d5ef4c52c23fd6c9ebaa5bb2ae9a4b504bcbe0ffe3e23b9ad64696e4fd,current-nlr-pbe-gw-v1:composition:052ce3e8a18a55c076bc1521826b2edb2feb9a7e8553fe900b9d444a51435a9a,Ge La2 O5,Al4 Mn2 O18 Si5,3.871,3.874,0.003,z_b > z_a,log(1 + exp(-(z_b - z_a)))
1483,ADJACENT_STRICT_PBE_ORDER_V1,1.0,1922,1923,1480,1811,current-nlr-pbe-gw-v1:composition:6722778a56cbe1e2286f7a1553ea271ceee17eabf03c8cf98a15eb352786bb43,current-nlr-pbe-gw-v1:composition:dfea269fee37e0f667c081af034042a49d7bbd0722b0823ceef1fa90088b1af0,K8 Mo6 O24 Zr,Na2 O3 Si,3.874,3.876,0.002,z_b > z_a,log(1 + exp(-(z_b - z_a)))
1484,ADJACENT_STRICT_PBE_ORDER_V1,1.0,1924,1925,1348,1212,current-nlr-pbe-gw-v1:composition:ea13681856a49518a2be514cd7a22536fea085f30f9109e04156ae918801d02e,current-nlr-pbe-gw-v1:composition:a75be6c53cfbddb137abd89569d6448b9dff9cfe45815dce410b9cf5e585de0f,K La O2,Ge2 K2 O7 Zr,3.876,3.889,0.013,z_b > z_a,log(1 + exp(-(z_b - z_a)))
1485,ADJACENT_STRICT_PBE_ORDER_V1,1.0,1925,1926,1212,1772,current-nlr-pbe-gw-v1:composition:a75be6c53cfbddb137abd89569d6448b9dff9cfe45815dce410b9cf5e585de0f,current-nlr-pbe-gw-v1:composition:e5ef8a49951d6cd6217ce78363eba9e06d936cd2af43723d10ee3a535e70f8bc,Ge2 K2 O7 Zr,Na O2 Y,3.889,3.89,0.001,z_b > z_a,log(1 + exp(-(z_b - z_a)))
1486,ADJACENT_STRICT_PBE_ORDER_V1,1.0,1926,1927,1772,249,current-nlr-pbe-gw-v1:composition:e5ef8a49951d6cd6217ce78363eba9e06d936cd2af43723d10ee3a535e70f8bc,current-nlr-pbe-gw-v1:composition:c9c70982f9f202604412ee92b5998832f33420f0cba5232fd2eb37db1ffab643,Na O2 Y,Ba Ga La O4,3.89,3.893,0.003,z_b > z_a,log(1 + exp(-(z_b - z_a)))
1487,ADJACENT_STRICT_PBE_ORDER_V1,1.0,1927,1928,249,2001,current-nlr-pbe-gw-v1:composition:c9c70982f9f202604412ee92b5998832f33420f0cba5232fd2eb37db1ffab643,current-nlr-pbe-gw-v1:composition:e5f0f1abcfdf758785cde544a3b83acbb5bbfa521421ee764a1cce6369b059f6,Ba Ga La O4,O3 Rb2 Ti,3.893,3.895,0.002,z_b > z_a,log(1 + exp(-(z_b - z_a)))
1488,ADJACENT_STRICT_PBE_ORDER_V1,1.0,1928,1929,2001,160,current-nlr-pbe-gw-v1:composition:e5f0f1abcfdf758785cde544a3b83acbb5bbfa521421ee764a1cce6369b059f6,current-nlr-pbe-gw-v1:composition:847ded9d1963871957cb297f9149bd0b69e715be837b5cce71954cde3883bdb3,O3 Rb2 Ti,Al36 N35 O,3.895,3.902,0.007,z_b > z_a,log(1 + exp(-(z_b - z_a)))
1489,ADJACENT_STRICT_PBE_ORDER_V1,1.0,1929,1930,160,1293,current-nlr-pbe-gw-v1:composition:847ded9d1963871957cb297f9149bd0b69e715be837b5cce71954cde3883bdb3,current-nlr-pbe-gw-v1:composition:440351826b033ffeaee4ba2f955544240ebe373894e01cf7da052998a83ab140,Al36 N35 O,In Mo2 O8 Rb,3.902,3.909,0.007,z_b > z_a,log(1 + exp(-(z_b - z_a)))
1490,ADJACENT_STRICT_PBE_ORDER_V1,1.0,1930,1931,1293,110,current-nlr-pbe-gw-v1:composition:440351826b033ffeaee4ba2f955544240ebe373894e01cf7da052998a83ab140,current-nlr-pbe-gw-v1:composition:4bbfbf16d584deb58462ccdfd77fc3e5d630dfab0fe021dc7aa3e1bdc22c24d9,In Mo2 O8 Rb,Al2 Ba Ge2 O8,3.909,3.911,0.002,z_b > z_a,log(1 + exp(-(z_b - z_a)))
1491,ADJACENT_STRICT_PBE_ORDER_V1,1.0,1931,1932,110,2052,current-nlr-pbe-gw-v1:composition:4bbfbf16d584deb58462ccdfd77fc3e5d630dfab0fe021dc7aa3e1bdc22c24d9,current-nlr-pbe-gw-v1:composition:e198f6f25e1315666bb95474cf6da64951a59a9a886a47a42fb2f456fd4c35b5,Al2 Ba Ge2 O8,O4 Sr Y2,3.911,3.918,0.007,z_b > z_a,log(1 + exp(-(z_b - z_a)))
1492,ADJACENT_STRICT_PBE_ORDER_V1,1.0,1932,1933,2052,263,current-nlr-pbe-gw-v1:composition:e198f6f25e1315666bb95474cf6da64951a59a9a886a47a42fb2f456fd4c35b5,current-nlr-pbe-gw-v1:composition:b34f87e9d5dd662131e7e99cd6f5c662ad826b9e1077cbc38ca346ba512e9a9a,O4 Sr Y2,Ba K O4 V,3.918,3.922,0.004,z_b > z_a,log(1 + exp(-(z_b - z_a)))
1493,ADJACENT_STRICT_PBE_ORDER_V1,1.0,1933,1934,263,2106,current-nlr-pbe-gw-v1:composition:b34f87e9d5dd662131e7e99cd6f5c662ad826b9e1077cbc38ca346ba512e9a9a,current-nlr-pbe-gw-v1:composition:428b0ce084149576366c1647b29107a10a289e79e148115e3dde3cca6edb549f,Ba K O4 V,O7 Si2 Sr2 Zn,3.922,3.924,0.002,z_b > z_a,log(1 + exp(-(z_b - z_a)))
1494,ADJACENT_STRICT_PBE_ORDER_V1,1.0,1935,1936,1518,1430,current-nlr-pbe-gw-v1:composition:9fec650352dd9b3344518ed2d0446e4f8346950756a81b83478c628199293339,current-nlr-pbe-gw-v1:composition:9d07e89124d9bb48218203ff0c54b377fb55761b757b9ec5fc8cbebebe95c8e3,La2 O12 W3,K2 O6 Si2 Zn,3.924,3.929,0.005,z_b > z_a,log(1 + exp(-(z_b - z_a)))
1495,ADJACENT_STRICT_PBE_ORDER_V1,1.0,1936,1937,1430,1831,current-nlr-pbe-gw-v1:composition:9d07e89124d9bb48218203ff0c54b377fb55761b757b9ec5fc8cbebebe95c8e3,current-nlr-pbe-gw-v1:composition:0b071c79f8b9f62dcd6b6f76e068ee670f3cf32c58d0f389d49cef3c713006c0,K2 O6 Si2 Zn,Na2 O8 Si3 Zn,3.929,3.934,0.005,z_b > z_a,log(1 + exp(-(z_b - z_a)))
1496,ADJACENT_STRICT_PBE_ORDER_V1,1.0,1938,1939,1376,1531,current-nlr-pbe-gw-v1:composition:d407bba8451b0cf17b641e6de81c9dfceae39ee4def86b1a38a7ebad19a516f9,current-nlr-pbe-gw-v1:composition:b43a041f7b92562e3edae51cab0116d55f73253f82b6635fee9db7cb50816375,K O2 Y,La2 O7 Zr2,3.934,3.935,0.001,z_b > z_a,log(1 + exp(-(z_b - z_a)))
1497,ADJACENT_STRICT_PBE_ORDER_V1,1.0,1939,1940,1531,1710,current-nlr-pbe-gw-v1:composition:b43a041f7b92562e3edae51cab0116d55f73253f82b6635fee9db7cb50816375,current-nlr-pbe-gw-v1:composition:d4587d5ece0bf077d5e1f0abadd4385dc3f02c6f4fbd594aa39f25b8c936905b,La2 O7 Zr2,Mo3 O12 Y2,3.935,3.942,0.007,z_b > z_a,log(1 + exp(-(z_b - z_a)))
1498,ADJACENT_STRICT_PBE_ORDER_V1,1.0,1940,1941,1710,109,current-nlr-pbe-gw-v1:composition:d4587d5ece0bf077d5e1f0abadd4385dc3f02c6f4fbd594aa39f25b8c936905b,current-nlr-pbe-gw-v1:composition:45284f45330d62af5fe2e1b75a6353fb8a0c19c5ce618859303a34cc49cb7ef5,Mo3 O12 Y2,Al14 O25 Sr4,3.942,3.945,0.003,z_b > z_a,log(1 + exp(-(z_b - z_a)))
1499,ADJACENT_STRICT_PBE_ORDER_V1,1.0,1941,1942,109,1158,current-nlr-pbe-gw-v1:composition:45284f45330d62af5fe2e1b75a6353fb8a0c19c5ce618859303a34cc49cb7ef5,current-nlr-pbe-gw-v1:composition:452467376a68f6df2c3a6b48a8b94071c6edc5295850b8a3c0693b74d82b64fa,Al14 O25 Sr4,Ga2 O8 Si2 Sr,3.945,3.95,0.005,z_b > z_a,log(1 + exp(-(z_b - z_a)))
1500,ADJACENT_STRICT_PBE_ORDER_V1,1.0,1942,1943,1158,173,current-nlr-pbe-gw-v1:composition:452467376a68f6df2c3a6b48a8b94071c6edc5295850b8a3c0693b74d82b64fa,current-nlr-pbe-gw-v1:composition:08028c005fdc59ec29aa7da73b23d9e6f94eee944ecc226ae24cd1d52e28baaa,Ga2 O8 Si2 Sr,Al6 Ca4 O13,3.95,3.953,0.003,z_b > z_a,log(1 + exp(-(z_b - z_a)))
1501,ADJACENT_STRICT_PBE_ORDER_V1,1.0,1943,1944,173,1248,current-nlr-pbe-gw-v1:composition:08028c005fdc59ec29aa7da73b23d9e6f94eee944ecc226ae24cd1d52e28baaa,current-nlr-pbe-gw-v1:composition:170a17e99933de12ca15fac7e75b4a2eb7f0131f07e9150ac477dbe897436162,Al6 Ca4 O13,Hf Mo6 Na8 O24,3.953,3.954,0.001,z_b > z_a,log(1 + exp(-(z_b - z_a)))
1502,ADJACENT_STRICT_PBE_ORDER_V1,1.0,1945,1946,88,144,current-nlr-pbe-gw-v1:composition:65ab19f031d981b671bc9b7db66928370376af77aaafe43481e621c03e41b78c,current-nlr-pbe-gw-v1:composition:a5150c6e4c121b6f132e846222b5586358148b83947423bd3babff51e7cb3df1,Al La O3,Al2 O4 Pb,3.954,3.958,0.004,z_b > z_a,log(1 + exp(-(z_b - z_a)))
1503,ADJACENT_STRICT_PBE_ORDER_V1,1.0,1946,1947,144,283,current-nlr-pbe-gw-v1:composition:a5150c6e4c121b6f132e846222b5586358148b83947423bd3babff51e7cb3df1,current-nlr-pbe-gw-v1:composition:9b0ec9fd9617dc0239e58056813f66affb8411094efbda2e6e5da09e8d87ef0d,Al2 O4 Pb,Ba Mo O4,3.958,3.968,0.010,z_b > z_a,log(1 + exp(-(z_b - z_a)))
1504,ADJACENT_STRICT_PBE_ORDER_V1,1.0,1947,1948,283,1447,current-nlr-pbe-gw-v1:composition:9b0ec9fd9617dc0239e58056813f66affb8411094efbda2e6e5da09e8d87ef0d,current-nlr-pbe-gw-v1:composition:72afb5f0b6369983fd7438772229821f17dbd96f7f806f94d7de224457f2b8e3,Ba Mo O4,K3 Mo3 O12 Sc,3.968,3.971,0.003,z_b > z_a,log(1 + exp(-(z_b - z_a)))
1505,ADJACENT_STRICT_PBE_ORDER_V1,1.0,1948,1949,1447,1246,current-nlr-pbe-gw-v1:composition:72afb5f0b6369983fd7438772229821f17dbd96f7f806f94d7de224457f2b8e3,current-nlr-pbe-gw-v1:composition:7c7d0d9f63b7c97a2347cb669ab5ae49d47d3d83fb6c58078bac7d7bfd1a4590,K3 Mo3 O12 Sc,Hf K8 Mo6 O24,3.971,3.973,0.002,z_b > z_a,log(1 + exp(-(z_b - z_a)))
1506,ADJACENT_STRICT_PBE_ORDER_V1,1.0,1949,1950,1246,1197,current-nlr-pbe-gw-v1:composition:7c7d0d9f63b7c97a2347cb669ab5ae49d47d3d83fb6c58078bac7d7bfd1a4590,current-nlr-pbe-gw-v1:composition:f56e8e44abbfc8556193850b860716aa843a3e24a65b822df7158043b32cccb8,Hf K8 Mo6 O24,Ge O4 Zr,3.973,3.975,0.002,z_b > z_a,log(1 + exp(-(z_b - z_a)))
1507,ADJACENT_STRICT_PBE_ORDER_V1,1.0,1950,1951,1197,1173,current-nlr-pbe-gw-v1:composition:f56e8e44abbfc8556193850b860716aa843a3e24a65b822df7158043b32cccb8,current-nlr-pbe-gw-v1:composition:5962149efb1869bcc6389eb1a0ec1940c3f57bd742705e5534b846409ae4c23b,Ge O4 Zr,Ge La2 Mg O6,3.975,3.979,0.004,z_b > z_a,log(1 + exp(-(z_b - z_a)))
1508,ADJACENT_STRICT_PBE_ORDER_V1,1.0,1952,1953,1487,151,current-nlr-pbe-gw-v1:composition:6dce2ebcadbdc5897eaef4da3f9f0b04fd013694802baefb075c66be24f7599f,current-nlr-pbe-gw-v1:composition:6f07902990b08b8858ff11137be90e9bc3e97a9b97558326f21a15a35d341668,La Mo4 Na5 O16,Al2 O8 Si2 Sr,3.979,3.982,0.003,z_b > z_a,log(1 + exp(-(z_b - z_a)))
1509,ADJACENT_STRICT_PBE_ORDER_V1,1.0,1953,1954,151,1166,current-nlr-pbe-gw-v1:composition:6f07902990b08b8858ff11137be90e9bc3e97a9b97558326f21a15a35d341668,current-nlr-pbe-gw-v1:composition:dd2d85ea417b8a660784fa5b4451ff30aef20791a9dc024873c1eabd768f5241,Al2 O8 Si2 Sr,Ge Hf O4,3.982,3.987,0.005,z_b > z_a,log(1 + exp(-(z_b - z_a)))
1510,ADJACENT_STRICT_PBE_ORDER_V1,1.0,1954,1955,1166,1501,current-nlr-pbe-gw-v1:composition:dd2d85ea417b8a660784fa5b4451ff30aef20791a9dc024873c1eabd768f5241,current-nlr-pbe-gw-v1:composition:1971c2a68a27c7a146f9b220742bed186da4babefb0b8e5d2996f67dd81bb998,Ge Hf O4,La O3 Sc,3.987,3.996,0.009,z_b > z_a,log(1 + exp(-(z_b - z_a)))
1511,ADJACENT_STRICT_PBE_ORDER_V1,1.0,1955,1956,1501,174,current-nlr-pbe-gw-v1:composition:1971c2a68a27c7a146f9b220742bed186da4babefb0b8e5d2996f67dd81bb998,current-nlr-pbe-gw-v1:composition:e4caf42f3704335c72f2f6e14541b7ccc02429891b33bac420a70ba47f55cfc9,La O3 Sc,Al6 Ca4 O16 W,3.996,4,0.004,z_b > z_a,log(1 + exp(-(z_b - z_a)))
1512,ADJACENT_STRICT_PBE_ORDER_V1,1.0,1956,1957,174,251,current-nlr-pbe-gw-v1:composition:e4caf42f3704335c72f2f6e14541b7ccc02429891b33bac420a70ba47f55cfc9,current-nlr-pbe-gw-v1:composition:8700f208665db3c82c5ea21735dea3ebd986a9b5590587a077209b43b9d2a031,Al6 Ca4 O16 W,Ba Ga2 O8 Si2,4,4.01,0.01,z_b > z_a,log(1 + exp(-(z_b - z_a)))
1513,ADJACENT_STRICT_PBE_ORDER_V1,1.0,1957,1958,251,1834,current-nlr-pbe-gw-v1:composition:8700f208665db3c82c5ea21735dea3ebd986a9b5590587a077209b43b9d2a031,current-nlr-pbe-gw-v1:composition:d5b96d67216781ea6d2fb4c3763181a9a6797b597271330efd2de1f9e4ef3913,Ba Ga2 O8 Si2,Na3 Nb O4,4.01,4.014,0.004,z_b > z_a,log(1 + exp(-(z_b - z_a)))
1514,ADJACENT_STRICT_PBE_ORDER_V1,1.0,1958,1959,1834,406,current-nlr-pbe-gw-v1:composition:d5b96d67216781ea6d2fb4c3763181a9a6797b597271330efd2de1f9e4ef3913,current-nlr-pbe-gw-v1:composition:3a7bb7de70e39db83f592cbe75b643b3f2258ce06fe88a7bde520d9b9d7d5224,Na3 Nb O4,Ba2 O7 Si2 Zn,4.014,4.016,0.002,z_b > z_a,log(1 + exp(-(z_b - z_a)))
1515,ADJACENT_STRICT_PBE_ORDER_V1,1.0,1959,1960,406,162,current-nlr-pbe-gw-v1:composition:3a7bb7de70e39db83f592cbe75b643b3f2258ce06fe88a7bde520d9b9d7d5224,current-nlr-pbe-gw-v1:composition:ec0f0b4ca4cb649b6b6eeb4d1b3424e685b9d22ab1b6722f765e25d361f5fbc4,Ba2 O7 Si2 Zn,Al4 Ca O7,4.016,4.021,0.005,z_b > z_a,log(1 + exp(-(z_b - z_a)))
1516,ADJACENT_STRICT_PBE_ORDER_V1,1.0,1960,1961,162,1458,current-nlr-pbe-gw-v1:composition:ec0f0b4ca4cb649b6b6eeb4d1b3424e685b9d22ab1b6722f765e25d361f5fbc4,current-nlr-pbe-gw-v1:composition:26abd63b32fd5ca541f9991f0bce464d6b51a67616032c195c173489f2d19aa6,Al4 Ca O7,K3 O4 V,4.021,4.022,0.001,z_b > z_a,log(1 + exp(-(z_b - z_a)))
1517,ADJACENT_STRICT_PBE_ORDER_V1,1.0,1961,1962,1458,2068,current-nlr-pbe-gw-v1:composition:26abd63b32fd5ca541f9991f0bce464d6b51a67616032c195c173489f2d19aa6,current-nlr-pbe-gw-v1:composition:0efc1fbe52c7d869742a31076ba34ebb8616b7f66ba1752120c3079177f7f6dd,K3 O4 V,O5 Si2 Sr,4.022,4.024,0.002,z_b > z_a,log(1 + exp(-(z_b - z_a)))
1518,ADJACENT_STRICT_PBE_ORDER_V1,1.0,1962,1963,2068,2062,current-nlr-pbe-gw-v1:composition:0efc1fbe52c7d869742a31076ba34ebb8616b7f66ba1752120c3079177f7f6dd,current-nlr-pbe-gw-v1:composition:cb201c442d63d75ffbd4bd270a2a4896d76f3fc3f72ed1f146d3ef67add35505,O5 Si2 Sr,O5 Rb2 Si2,4.024,4.032,0.008,z_b > z_a,log(1 + exp(-(z_b - z_a)))
1519,ADJACENT_STRICT_PBE_ORDER_V1,1.0,1963,1964,2062,1388,current-nlr-pbe-gw-v1:composition:cb201c442d63d75ffbd4bd270a2a4896d76f3fc3f72ed1f146d3ef67add35505,current-nlr-pbe-gw-v1:composition:66c3256133c788e7da362c0309628ceeb970899bf4043eac58e5b47c745ed673,O5 Rb2 Si2,K2 Mg O4 Si,4.032,4.04,0.008,z_b > z_a,log(1 + exp(-(z_b - z_a)))
1520,ADJACENT_STRICT_PBE_ORDER_V1,1.0,1964,1965,1388,581,current-nlr-pbe-gw-v1:composition:66c3256133c788e7da362c0309628ceeb970899bf4043eac58e5b47c745ed673,current-nlr-pbe-gw-v1:composition:1e080169630523e9782b4d1616bc8f6bf113798df24aba5444256abeb040caae,K2 Mg O4 Si,Ca O6 Si2 Zn,4.04,4.042,0.002,z_b > z_a,log(1 + exp(-(z_b - z_a)))
1521,ADJACENT_STRICT_PBE_ORDER_V1,1.0,1965,1966,581,613,current-nlr-pbe-gw-v1:composition:1e080169630523e9782b4d1616bc8f6bf113798df24aba5444256abeb040caae,current-nlr-pbe-gw-v1:composition:1120372c274cf8d7d6c741204e4cc55c378124a996fd5757e59381bfef5b310b,Ca O6 Si2 Zn,Ca2 O7 Si2 Zn,4.042,4.051,0.009,z_b > z_a,log(1 + exp(-(z_b - z_a)))
1522,ADJACENT_STRICT_PBE_ORDER_V1,1.0,1966,1967,613,399,current-nlr-pbe-gw-v1:composition:1120372c274cf8d7d6c741204e4cc55c378124a996fd5757e59381bfef5b310b,current-nlr-pbe-gw-v1:composition:bac270a8fba04d7bcdcb13c6f88f6bbce3636865d769170ba297e4b04bc6564d,Ca2 O7 Si2 Zn,Ba2 O4 Ti,4.051,4.061,0.010,z_b > z_a,log(1 + exp(-(z_b - z_a)))
1523,ADJACENT_STRICT_PBE_ORDER_V1,1.0,1967,1968,399,575,current-nlr-pbe-gw-v1:composition:bac270a8fba04d7bcdcb13c6f88f6bbce3636865d769170ba297e4b04bc6564d,current-nlr-pbe-gw-v1:composition:a230d54cc2e0907308ba5e7a69b653c10cd2f6abd1a4d644e22de4c1a84bfb9c,Ba2 O4 Ti,Ca O4 W,4.061,4.065,0.004,z_b > z_a,log(1 + exp(-(z_b - z_a)))
1524,ADJACENT_STRICT_PBE_ORDER_V1,1.0,1968,1969,575,2103,current-nlr-pbe-gw-v1:composition:a230d54cc2e0907308ba5e7a69b653c10cd2f6abd1a4d644e22de4c1a84bfb9c,current-nlr-pbe-gw-v1:composition:099c43ea4e5e7eec1c44881ddc043fe90b4485ef121191bc600931337125fd45,Ca O4 W,O7 Si2 Sr Ti,4.065,4.066,0.001,z_b > z_a,log(1 + exp(-(z_b - z_a)))
1525,ADJACENT_STRICT_PBE_ORDER_V1,1.0,1970,1971,1874,2012,current-nlr-pbe-gw-v1:composition:59f3f705e75e0103babec2de92b588f6450bfee4149a886a08ae498b972e0b24,current-nlr-pbe-gw-v1:composition:cc62dc4cc45a04be1c3f8855c7ca145a701ff0b61bf7d19df7b8bd9538f8d112,Nb2 O23 Rb4 Si8,O3 Sr Zr,4.066,4.078,0.012,z_b > z_a,log(1 + exp(-(z_b - z_a)))
1526,ADJACENT_STRICT_PBE_ORDER_V1,1.0,1971,1972,2012,1375,current-nlr-pbe-gw-v1:composition:cc62dc4cc45a04be1c3f8855c7ca145a701ff0b61bf7d19df7b8bd9538f8d112,current-nlr-pbe-gw-v1:composition:81f76d50ddb1b9c77528d2bab51f25f9366e892f217cf26affec665c4b427175,O3 Sr Zr,K O2 Sc,4.078,4.08,0.002,z_b > z_a,log(1 + exp(-(z_b - z_a)))
1527,ADJACENT_STRICT_PBE_ORDER_V1,1.0,1972,1973,1375,585,current-nlr-pbe-gw-v1:composition:81f76d50ddb1b9c77528d2bab51f25f9366e892f217cf26affec665c4b427175,current-nlr-pbe-gw-v1:composition:b6d099d4676f3dfaa077f7885ca09f57fee0c48685d3c0c10c2e60879f077084,K O2 Sc,Ca O8 Si3 Zn,4.08,4.081,0.001,z_b > z_a,log(1 + exp(-(z_b - z_a)))
1528,ADJACENT_STRICT_PBE_ORDER_V1,1.0,1973,1974,585,319,current-nlr-pbe-gw-v1:composition:b6d099d4676f3dfaa077f7885ca09f57fee0c48685d3c0c10c2e60879f077084,current-nlr-pbe-gw-v1:composition:e488009b75f04f8c609ad4301e5e40a832732a51ac1603455c5724b8b79a1a65,Ca O8 Si3 Zn,Ba O4 Sc2,4.081,4.086,0.005,z_b > z_a,log(1 + exp(-(z_b - z_a)))
1529,ADJACENT_STRICT_PBE_ORDER_V1,1.0,1974,1975,319,1136,current-nlr-pbe-gw-v1:composition:e488009b75f04f8c609ad4301e5e40a832732a51ac1603455c5724b8b79a1a65,current-nlr-pbe-gw-v1:composition:b9e27f156da097644005f70309204e70ec914ae42d8370d684d208f3adf4517e,Ba O4 Sc2,Ga O12 Rb2 Si4 Y,4.086,4.098,0.012,z_b > z_a,log(1 + exp(-(z_b - z_a)))
1530,ADJACENT_STRICT_PBE_ORDER_V1,1.0,1975,1976,1136,111,current-nlr-pbe-gw-v1:composition:b9e27f156da097644005f70309204e70ec914ae42d8370d684d208f3adf4517e,current-nlr-pbe-gw-v1:composition:c3adef683a742d4cbeb0ab5ee56eb633e67c371472478ad20ffd56ea30804208,Ga O12 Rb2 Si4 Y,Al2 Ba O4,4.098,4.117,0.019,z_b > z_a,log(1 + exp(-(z_b - z_a)))
1531,ADJACENT_STRICT_PBE_ORDER_V1,1.0,1976,1977,111,1203,current-nlr-pbe-gw-v1:composition:c3adef683a742d4cbeb0ab5ee56eb633e67c371472478ad20ffd56ea30804208,current-nlr-pbe-gw-v1:composition:3fb669c5bfae897f6bfe25b950932d3d3167901e56ac363fc480288b2be41c97,Al2 Ba O4,Ge O8 Zr3,4.117,4.135,0.018,z_b > z_a,log(1 + exp(-(z_b - z_a)))
1532,ADJACENT_STRICT_PBE_ORDER_V1,1.0,1978,1979,177,153,current-nlr-pbe-gw-v1:composition:9e43dbea00c748b36c05a31937743311a1ef54006acd9a442239ab52f4f82508,current-nlr-pbe-gw-v1:composition:a396f773ae855dddbb3a1fe31469ed07c3f81a081af5781e2a79c4b7ea8562b2,Al6 O11 Sr2,Al2 O9 Y4,4.135,4.136,0.001,z_b > z_a,log(1 + exp(-(z_b - z_a)))
1533,ADJACENT_STRICT_PBE_ORDER_V1,1.0,1979,1980,153,1199,current-nlr-pbe-gw-v1:composition:a396f773ae855dddbb3a1fe31469ed07c3f81a081af5781e2a79c4b7ea8562b2,current-nlr-pbe-gw-v1:composition:ea24fcfcb4c57a93a8f91c9ba26edadb7cc7a9e6eedabe0632b95016e85308f6,Al2 O9 Y4,Ge O5 Sc2,4.136,4.138,0.002,z_b > z_a,log(1 + exp(-(z_b - z_a)))
1534,ADJACENT_STRICT_PBE_ORDER_V1,1.0,1980,1981,1199,1848,current-nlr-pbe-gw-v1:composition:ea24fcfcb4c57a93a8f91c9ba26edadb7cc7a9e6eedabe0632b95016e85308f6,current-nlr-pbe-gw-v1:composition:920cf3aabc1ddb2ca4586152e3fe5b4870c08fa845f67458047146342e23b89b,Ge O5 Sc2,Na4 O9 Si3 Sr,4.138,4.144,0.006,z_b > z_a,log(1 + exp(-(z_b - z_a)))
1535,ADJACENT_STRICT_PBE_ORDER_V1,1.0,1981,1982,1848,145,current-nlr-pbe-gw-v1:composition:920cf3aabc1ddb2ca4586152e3fe5b4870c08fa845f67458047146342e23b89b,current-nlr-pbe-gw-v1:composition:1553a4f25a985862bf98c7569b100d971afe5f5af0db3fc6293d1ea3e7d397fb,Na4 O9 Si3 Sr,Al2 O4 Sr,4.144,4.147,0.003,z_b > z_a,log(1 + exp(-(z_b - z_a)))
1536,ADJACENT_STRICT_PBE_ORDER_V1,1.0,1982,1983,145,1474,current-nlr-pbe-gw-v1:composition:1553a4f25a985862bf98c7569b100d971afe5f5af0db3fc6293d1ea3e7d397fb,current-nlr-pbe-gw-v1:composition:fbfb565e7dd1513512ad823872c636960cbb4a0c6cf6f7c8be1067307965fbd8,Al2 O4 Sr,K4 O9 Si3 Sr,4.147,4.158,0.011,z_b > z_a,log(1 + exp(-(z_b - z_a)))
1537,ADJACENT_STRICT_PBE_ORDER_V1,1.0,1983,1984,1474,140,current-nlr-pbe-gw-v1:composition:fbfb565e7dd1513512ad823872c636960cbb4a0c6cf6f7c8be1067307965fbd8,current-nlr-pbe-gw-v1:composition:66f241f084aee6d28e5cdbbfd84b7761802069995ffc550ae7962e944b1347dc,K4 O9 Si3 Sr,Al2 O11 Si4,4.158,4.162,0.004,z_b > z_a,log(1 + exp(-(z_b - z_a)))
1538,ADJACENT_STRICT_PBE_ORDER_V1,1.0,1985,1986,587,1429,current-nlr-pbe-gw-v1:composition:d862db20a3bd5b48d025d279ecc372052107721c338c4dea33fd7421f1bea78c,current-nlr-pbe-gw-v1:composition:15638582c8001e4d9f301ea6c1c487fe2edf6ddeb09e5cea9d6e70238434b708,Ca O9 Zr4,K2 O5 Zr2,4.162,4.174,0.012,z_b > z_a,log(1 + exp(-(z_b - z_a)))
1539,ADJACENT_STRICT_PBE_ORDER_V1,1.0,1986,1987,1429,484,current-nlr-pbe-gw-v1:composition:15638582c8001e4d9f301ea6c1c487fe2edf6ddeb09e5cea9d6e70238434b708,current-nlr-pbe-gw-v1:composition:0cf09cc5bafa68976cc954f59deadba332a7aea8629faf2e7fdd49def41c7c71,K2 O5 Zr2,Ba6 Na2 O15 Si4,4.174,4.177,0.003,z_b > z_a,log(1 + exp(-(z_b - z_a)))
1540,ADJACENT_STRICT_PBE_ORDER_V1,1.0,1987,1988,484,271,current-nlr-pbe-gw-v1:composition:0cf09cc5bafa68976cc954f59deadba332a7aea8629faf2e7fdd49def41c7c71,current-nlr-pbe-gw-v1:composition:31fb15e1b9a9cdb75690cd026592f821c6fa0b4414b838229595d01ece59b1b9,Ba6 Na2 O15 Si4,Ba Mg O4 Si,4.177,4.189,0.012,z_b > z_a,log(1 + exp(-(z_b - z_a)))
1541,ADJACENT_STRICT_PBE_ORDER_V1,1.0,1989,1990,1524,287,current-nlr-pbe-gw-v1:composition:6e0db65c32c8187db6bee5ea8b5bb93557702d0ab01b5272e195ba52f821cfe0,current-nlr-pbe-gw-v1:composition:cb76f23ba7f8260a8b9ee76df6edbd3abf8d5305c0aba30d43f8dc49f2dd5b71,La2 O5 Si,Ba Na2 O6 Si2,4.189,4.19,0.001,z_b > z_a,log(1 + exp(-(z_b - z_a)))
1542,ADJACENT_STRICT_PBE_ORDER_V1,1.0,1990,1991,287,1781,current-nlr-pbe-gw-v1:composition:cb76f23ba7f8260a8b9ee76df6edbd3abf8d5305c0aba30d43f8dc49f2dd5b71,current-nlr-pbe-gw-v1:composition:a1321b35b8d0bf67c6400703b51b806b7caa88c5589b8e45970d3bf79ed423a6,Ba Na2 O6 Si2,Na O4 Si Y,4.19,4.197,0.007,z_b > z_a,log(1 + exp(-(z_b - z_a)))
1543,ADJACENT_STRICT_PBE_ORDER_V1,1.0,1991,1992,1781,1412,current-nlr-pbe-gw-v1:composition:a1321b35b8d0bf67c6400703b51b806b7caa88c5589b8e45970d3bf79ed423a6,current-nlr-pbe-gw-v1:composition:e6d421cfa2e8c74366f55ae91e908c330250e5c38eafe31cdaee58ad446c7f15,Na O4 Si Y,K2 O19 Si8 Zn2,4.197,4.202,0.005,z_b > z_a,log(1 + exp(-(z_b - z_a)))
1544,ADJACENT_STRICT_PBE_ORDER_V1,1.0,1992,1993,1412,1503,current-nlr-pbe-gw-v1:composition:e6d421cfa2e8c74366f55ae91e908c330250e5c38eafe31cdaee58ad446c7f15,current-nlr-pbe-gw-v1:composition:ad8dde52d8abd0fba1f41d10874783f74c8fc4d4787eac2408a560aef74cd1a4,K2 O19 Si8 Zn2,La O3 Y,4.202,4.203,0.001,z_b > z_a,log(1 + exp(-(z_b - z_a)))
1545,ADJACENT_STRICT_PBE_ORDER_V1,1.0,1993,1994,1503,407,current-nlr-pbe-gw-v1:composition:ad8dde52d8abd0fba1f41d10874783f74c8fc4d4787eac2408a560aef74cd1a4,current-nlr-pbe-gw-v1:composition:e96095cb375bf4911ccd4746ae36732a3ef72835eed0397de167c8aa49ec830b,La O3 Y,Ba2 O8 Si2 Ti,4.203,4.205,0.002,z_b > z_a,log(1 + exp(-(z_b - z_a)))
1546,ADJACENT_STRICT_PBE_ORDER_V1,1.0,1994,1995,407,597,current-nlr-pbe-gw-v1:composition:e96095cb375bf4911ccd4746ae36732a3ef72835eed0397de167c8aa49ec830b,current-nlr-pbe-gw-v1:composition:eb9951a7168404c9f0b790d3e643df5ed81931947bb9ce4e385d83e0ab19f817,Ba2 O8 Si2 Ti,Ca2 Hf7 O16,4.205,4.211,0.006,z_b > z_a,log(1 + exp(-(z_b - z_a)))
1547,ADJACENT_STRICT_PBE_ORDER_V1,1.0,1995,1996,597,1133,current-nlr-pbe-gw-v1:composition:eb9951a7168404c9f0b790d3e643df5ed81931947bb9ce4e385d83e0ab19f817,current-nlr-pbe-gw-v1:composition:b9d6a44a2e36f6188ab37f070273b8997f5f1bfdea1c62ba034f92c39fd269d3,Ca2 Hf7 O16,Ga Na O6 Si2,4.211,4.221,0.010,z_b > z_a,log(1 + exp(-(z_b - z_a)))
1548,ADJACENT_STRICT_PBE_ORDER_V1,1.0,1996,1997,1133,266,current-nlr-pbe-gw-v1:composition:b9d6a44a2e36f6188ab37f070273b8997f5f1bfdea1c62ba034f92c39fd269d3,current-nlr-pbe-gw-v1:composition:071841b6359898e09823fa45fd4eb3f018f72714da7ca53f2cc11efdf8445867,Ga Na O6 Si2,Ba K4 O9 Si3,4.221,4.223,0.002,z_b > z_a,log(1 + exp(-(z_b - z_a)))
1549,ADJACENT_STRICT_PBE_ORDER_V1,1.0,1997,1998,266,607,current-nlr-pbe-gw-v1:composition:071841b6359898e09823fa45fd4eb3f018f72714da7ca53f2cc11efdf8445867,current-nlr-pbe-gw-v1:composition:c412df1a309453bd3f0612351e68cc15cfa1156bfda56ea0a35f7743e2e4d3ae,Ba K4 O9 Si3,Ca2 O4 Si,4.223,4.225,0.002,z_b > z_a,log(1 + exp(-(z_b - z_a)))
1550,ADJACENT_STRICT_PBE_ORDER_V1,1.0,1998,1999,607,1944,current-nlr-pbe-gw-v1:composition:c412df1a309453bd3f0612351e68cc15cfa1156bfda56ea0a35f7743e2e4d3ae,current-nlr-pbe-gw-v1:composition:1ec74c8411f9f93ab21406e1bea184783ae2a6ed28ada936d131fb47c3ac1882,Ca2 O4 Si,O12 Sc2 W3,4.225,4.23,0.005,z_b > z_a,log(1 + exp(-(z_b - z_a)))
1551,ADJACENT_STRICT_PBE_ORDER_V1,1.0,1999,2000,1944,175,current-nlr-pbe-gw-v1:composition:1ec74c8411f9f93ab21406e1bea184783ae2a6ed28ada936d131fb47c3ac1882,current-nlr-pbe-gw-v1:composition:e0c9b8ab9ba0a2646573d3ea1a846b45ad9646591fcd310134cd755a700b730b,O12 Sc2 W3,Al6 Ca5 O14,4.23,4.237,0.007,z_b > z_a,log(1 + exp(-(z_b - z_a)))
1552,ADJACENT_STRICT_PBE_ORDER_V1,1.0,2000,2001,175,1408,current-nlr-pbe-gw-v1:composition:e0c9b8ab9ba0a2646573d3ea1a846b45ad9646591fcd310134cd755a700b730b,current-nlr-pbe-gw-v1:composition:7c008ca9f78f00ea0d0a5190f4e50bd64aa90c7af279b0c31bfd5eff65ca9240,Al6 Ca5 O14,K2 O10 Si4 Zn,4.237,4.248,0.011,z_b > z_a,log(1 + exp(-(z_b - z_a)))
1553,ADJACENT_STRICT_PBE_ORDER_V1,1.0,2001,2002,1408,621,current-nlr-pbe-gw-v1:composition:7c008ca9f78f00ea0d0a5190f4e50bd64aa90c7af279b0c31bfd5eff65ca9240,current-nlr-pbe-gw-v1:composition:471d1f205765bce766f74354ae8da7f8c02208bb32a420f1ef674c12ba8c0096,K2 O10 Si4 Zn,Ca3 Ga2 O12 Si3,4.248,4.264,0.016,z_b > z_a,log(1 + exp(-(z_b - z_a)))
1554,ADJACENT_STRICT_PBE_ORDER_V1,1.0,2003,2004,633,117,current-nlr-pbe-gw-v1:composition:b3ecb5c37294f8bf10479539d6d5a76efae33c34d8ab9c24ecc1da00f4963fe2,current-nlr-pbe-gw-v1:composition:6286d8387cbaaab19a78f92a0aea8afd66e6ec35012e1cef6871b28fd036e54b,Ca3 O12 Sc2 Si3,Al2 Ca2 O7 Si,4.264,4.269,0.005,z_b > z_a,log(1 + exp(-(z_b - z_a)))
1555,ADJACENT_STRICT_PBE_ORDER_V1,1.0,2004,2005,117,1839,current-nlr-pbe-gw-v1:composition:6286d8387cbaaab19a78f92a0aea8afd66e6ec35012e1cef6871b28fd036e54b,current-nlr-pbe-gw-v1:composition:902f81c00927d65a9c45451484f464211923f3f0738a53df638c1cc0c22f7887,Al2 Ca2 O7 Si,Na4 O12 Si3 Zr2,4.269,4.271,0.002,z_b > z_a,log(1 + exp(-(z_b - z_a)))
1556,ADJACENT_STRICT_PBE_ORDER_V1,1.0,2005,2006,1839,569,current-nlr-pbe-gw-v1:composition:902f81c00927d65a9c45451484f464211923f3f0738a53df638c1cc0c22f7887,current-nlr-pbe-gw-v1:composition:31012610b041274ec59697f1fe6cfa8b508a620c569675b29cf617d0556928dc,Na4 O12 Si3 Zr2,Ca O3 Zr,4.271,4.274,0.003,z_b > z_a,log(1 + exp(-(z_b - z_a)))
1557,ADJACENT_STRICT_PBE_ORDER_V1,1.0,2006,2007,569,1254,current-nlr-pbe-gw-v1:composition:31012610b041274ec59697f1fe6cfa8b508a620c569675b29cf617d0556928dc,current-nlr-pbe-gw-v1:composition:df3181e5959b538f09f4e09ca2af2caec22bdc8c27c2a6656c8e1501e63ed21d,Ca O3 Zr,Hf2 La2 O7,4.274,4.276,0.002,z_b > z_a,log(1 + exp(-(z_b - z_a)))
1558,ADJACENT_STRICT_PBE_ORDER_V1,1.0,2007,2008,1254,1309,current-nlr-pbe-gw-v1:composition:df3181e5959b538f09f4e09ca2af2caec22bdc8c27c2a6656c8e1501e63ed21d,current-nlr-pbe-gw-v1:composition:29eb61d10d2e7875bfba1a2abbf3bc4a0ed3ef38783a5b8ab460bd94d1740104,Hf2 La2 O7,In2 O12 W3,4.276,4.282,0.006,z_b > z_a,log(1 + exp(-(z_b - z_a)))
1559,ADJACENT_STRICT_PBE_ORDER_V1,1.0,2008,2009,1309,1826,current-nlr-pbe-gw-v1:composition:29eb61d10d2e7875bfba1a2abbf3bc4a0ed3ef38783a5b8ab460bd94d1740104,current-nlr-pbe-gw-v1:composition:db25e617bd84c67ee9814f1ea39f063aab030a70bacf1809144f5498b20afc86,In2 O12 W3,Na2 O7 Si3,4.282,4.294,0.012,z_b > z_a,log(1 + exp(-(z_b - z_a)))
1560,ADJACENT_STRICT_PBE_ORDER_V1,1.0,2009,2010,1826,513,current-nlr-pbe-gw-v1:composition:db25e617bd84c67ee9814f1ea39f063aab030a70bacf1809144f5498b20afc86,current-nlr-pbe-gw-v1:composition:e7b9b30195728e1d94e3e2197a7a27b1a8c003f6895c98b13e2f05adac167a6a,Na2 O7 Si3,Br Li3 O,4.294,4.297,0.003,z_b > z_a,log(1 + exp(-(z_b - z_a)))
1561,ADJACENT_STRICT_PBE_ORDER_V1,1.0,2010,2011,513,2005,current-nlr-pbe-gw-v1:composition:e7b9b30195728e1d94e3e2197a7a27b1a8c003f6895c98b13e2f05adac167a6a,current-nlr-pbe-gw-v1:composition:ce6436ee93264c9a54289bd2877d5561d1cb1f2e6c30314e08f0686c4cea7278,Br Li3 O,O3 Sc2,4.297,4.304,0.007,z_b > z_a,log(1 + exp(-(z_b - z_a)))
1562,ADJACENT_STRICT_PBE_ORDER_V1,1.0,2011,2012,2005,1427,current-nlr-pbe-gw-v1:composition:ce6436ee93264c9a54289bd2877d5561d1cb1f2e6c30314e08f0686c4cea7278,current-nlr-pbe-gw-v1:composition:4fde8e1e719c7237907e6cd9e3eb924efdcd5b219e79db4cb9e04074a1d90ee8,O3 Sc2,K2 O5 Si2,4.304,4.313,0.009,z_b > z_a,log(1 + exp(-(z_b - z_a)))
1563,ADJACENT_STRICT_PBE_ORDER_V1,1.0,2012,2013,1427,1986,current-nlr-pbe-gw-v1:composition:4fde8e1e719c7237907e6cd9e3eb924efdcd5b219e79db4cb9e04074a1d90ee8,current-nlr-pbe-gw-v1:composition:c56c7999dbef9fc0410aef99bb182fe2702ca659f6433cbff7042c6dadc032e1,K2 O5 Si2,O23 Rb6 Si10,4.313,4.314,0.001,z_b > z_a,log(1 + exp(-(z_b - z_a)))
1564,ADJACENT_STRICT_PBE_ORDER_V1,1.0,2013,2014,1986,74,current-nlr-pbe-gw-v1:composition:c56c7999dbef9fc0410aef99bb182fe2702ca659f6433cbff7042c6dadc032e1,current-nlr-pbe-gw-v1:composition:154a3b8fc75cce95ae46f8a4ff6bc0239479098f4c47518ac353d7019234a4e6,O23 Rb6 Si10,Al Ba La O4,4.314,4.315,0.001,z_b > z_a,log(1 + exp(-(z_b - z_a)))
1565,ADJACENT_STRICT_PBE_ORDER_V1,1.0,2014,2015,74,631,current-nlr-pbe-gw-v1:composition:154a3b8fc75cce95ae46f8a4ff6bc0239479098f4c47518ac353d7019234a4e6,current-nlr-pbe-gw-v1:composition:34ab63d0c6580eae79c8c9ab40994c15bed072fc6d674ee6825d267058f95255,Al Ba La O4,Ca3 Na2 O16 Si6,4.315,4.323,0.008,z_b > z_a,log(1 + exp(-(z_b - z_a)))
1566,ADJACENT_STRICT_PBE_ORDER_V1,1.0,2015,2016,631,114,current-nlr-pbe-gw-v1:composition:34ab63d0c6580eae79c8c9ab40994c15bed072fc6d674ee6825d267058f95255,current-nlr-pbe-gw-v1:composition:10b3beb12c0bf41452e154ec2c85f07e44e419160dfc45e23ddefad337b9b8da,Ca3 Na2 O16 Si6,Al2 Ca O4,4.323,4.353,0.030,z_b > z_a,log(1 + exp(-(z_b - z_a)))
1567,ADJACENT_STRICT_PBE_ORDER_V1,1.0,2017,2018,335,2055,current-nlr-pbe-gw-v1:composition:e0141e105547c6f9298be049516a4f998c1c0889f0d24423a3367815a9045190,current-nlr-pbe-gw-v1:composition:bedd57af60c5499a507c3979375b2d6b7167771f356f8a51729c6317ffc8a93e,Ba O9 Si4,O4 Ta Y,4.353,4.357,0.004,z_b > z_a,log(1 + exp(-(z_b - z_a)))
1568,ADJACENT_STRICT_PBE_ORDER_V1,1.0,2018,2019,2055,1249,current-nlr-pbe-gw-v1:composition:bedd57af60c5499a507c3979375b2d6b7167771f356f8a51729c6317ffc8a93e,current-nlr-pbe-gw-v1:composition:6f3bed2cacf402bc3b8d32bdfd7910be2365859abad717c22c3b3a791606b5e8,O4 Ta Y,Hf O2,4.357,4.358,0.001,z_b > z_a,log(1 + exp(-(z_b - z_a)))
1569,ADJACENT_STRICT_PBE_ORDER_V1,1.0,2019,2020,1249,1446,current-nlr-pbe-gw-v1:composition:6f3bed2cacf402bc3b8d32bdfd7910be2365859abad717c22c3b3a791606b5e8,current-nlr-pbe-gw-v1:composition:46881c1f9011400f138a1057462aba0df69110dc6c3e44d0383b5f087851aa13,Hf O2,K3 Mo2 Na O8,4.358,4.366,0.008,z_b > z_a,log(1 + exp(-(z_b - z_a)))
1570,ADJACENT_STRICT_PBE_ORDER_V1,1.0,2020,2021,1446,1170,current-nlr-pbe-gw-v1:composition:46881c1f9011400f138a1057462aba0df69110dc6c3e44d0383b5f087851aa13,current-nlr-pbe-gw-v1:composition:a8250ebbff74eb8415b0d65c03ae1c7f511a74e5f051d787634903b31a12febb,K3 Mo2 Na O8,Ge K2 O15 Si6,4.366,4.376,0.010,z_b > z_a,log(1 + exp(-(z_b - z_a)))
1571,ADJACENT_STRICT_PBE_ORDER_V1,1.0,2021,2022,1170,630,current-nlr-pbe-gw-v1:composition:a8250ebbff74eb8415b0d65c03ae1c7f511a74e5f051d787634903b31a12febb,current-nlr-pbe-gw-v1:composition:cdf808db590ff69cc3fa37bd09523fa4b7042d3f07621f74bf20de67e9519e54,Ge K2 O15 Si6,Ca3 Na2 O10 Si3,4.376,4.385,0.009,z_b > z_a,log(1 + exp(-(z_b - z_a)))
1572,ADJACENT_STRICT_PBE_ORDER_V1,1.0,2022,2023,630,103,current-nlr-pbe-gw-v1:composition:cdf808db590ff69cc3fa37bd09523fa4b7042d3f07621f74bf20de67e9519e54,current-nlr-pbe-gw-v1:composition:64ede4e001d6d0856579365120571fb990aadbf2e0d8d44d757a88437df5a83b,Ca3 Na2 O10 Si3,Al O4 Rb Si,4.385,4.388,0.003,z_b > z_a,log(1 + exp(-(z_b - z_a)))
1573,ADJACENT_STRICT_PBE_ORDER_V1,1.0,2023,2024,103,142,current-nlr-pbe-gw-v1:composition:64ede4e001d6d0856579365120571fb990aadbf2e0d8d44d757a88437df5a83b,current-nlr-pbe-gw-v1:composition:23c1effb0e186d7c2d1ee27192d8c893c6e5507464585b0727c933846bbf564a,Al O4 Rb Si,Al2 O12 W3,4.388,4.392,0.004,z_b > z_a,log(1 + exp(-(z_b - z_a)))
1574,ADJACENT_STRICT_PBE_ORDER_V1,1.0,2024,2025,142,1582,current-nlr-pbe-gw-v1:composition:23c1effb0e186d7c2d1ee27192d8c893c6e5507464585b0727c933846bbf564a,current-nlr-pbe-gw-v1:composition:f9ddea60677f26f862be3c0fd650cf60ff9594e471e0e9e72ca45b634f81a1de,Al2 O12 W3,Mg2 Na2 O15 Si6,4.392,4.396,0.004,z_b > z_a,log(1 + exp(-(z_b - z_a)))
1575,ADJACENT_STRICT_PBE_ORDER_V1,1.0,2025,2026,1582,1303,current-nlr-pbe-gw-v1:composition:f9ddea60677f26f862be3c0fd650cf60ff9594e471e0e9e72ca45b634f81a1de,current-nlr-pbe-gw-v1:composition:cf2d25f89a7f118a00738e3bf6ad66ce6898d0e6556495323be5ea4098894251,Mg2 Na2 O15 Si6,In O8 Rb W2,4.396,4.4,0.004,z_b > z_a,log(1 + exp(-(z_b - z_a)))
1576,ADJACENT_STRICT_PBE_ORDER_V1,1.0,2026,2027,1303,1784,current-nlr-pbe-gw-v1:composition:cf2d25f89a7f118a00738e3bf6ad66ce6898d0e6556495323be5ea4098894251,current-nlr-pbe-gw-v1:composition:6e63edd34f7f07eb0ee6875c51a99acb5d084d8b7dc4b571d71f57fc457e8000,In O8 Rb W2,Na O5 Rb Si2,4.4,4.403,0.003,z_b > z_a,log(1 + exp(-(z_b - z_a)))
1577,ADJACENT_STRICT_PBE_ORDER_V1,1.0,2027,2028,1784,205,current-nlr-pbe-gw-v1:composition:6e63edd34f7f07eb0ee6875c51a99acb5d084d8b7dc4b571d71f57fc457e8000,current-nlr-pbe-gw-v1:composition:36239bb6d7c26f0f8eca5e98c2e00eef252047bc834129403459eaf335201ecd,Na O5 Rb Si2,Ba Ca O4 Si,4.403,4.404,0.001,z_b > z_a,log(1 + exp(-(z_b - z_a)))
1578,ADJACENT_STRICT_PBE_ORDER_V1,1.0,2028,2029,205,2051,current-nlr-pbe-gw-v1:composition:36239bb6d7c26f0f8eca5e98c2e00eef252047bc834129403459eaf335201ecd,current-nlr-pbe-gw-v1:composition:62ca2fdf2cd30591e4966d3c4d60edcc90928f0ebf7cdc5e86ecc617430e4fa5,Ba Ca O4 Si,O4 Sr W,4.404,4.411,0.007,z_b > z_a,log(1 + exp(-(z_b - z_a)))
1579,ADJACENT_STRICT_PBE_ORDER_V1,1.0,2029,2030,2051,1439,current-nlr-pbe-gw-v1:composition:62ca2fdf2cd30591e4966d3c4d60edcc90928f0ebf7cdc5e86ecc617430e4fa5,current-nlr-pbe-gw-v1:composition:d72581efe9b5651f45b651ba4fba03112628f6d96c69b959af877873522b2cdb,O4 Sr W,K2 O9 Si4,4.411,4.412,0.001,z_b > z_a,log(1 + exp(-(z_b - z_a)))
1580,ADJACENT_STRICT_PBE_ORDER_V1,1.0,2030,2031,1439,1982,current-nlr-pbe-gw-v1:composition:d72581efe9b5651f45b651ba4fba03112628f6d96c69b959af877873522b2cdb,current-nlr-pbe-gw-v1:composition:72c75a33448278837e4c5233c96860dbb3a9a607ffdc94849ddc39f4a898a4f0,K2 O9 Si4,O21 Si6 Sr7 Zr,4.412,4.415,0.003,z_b > z_a,log(1 + exp(-(z_b - z_a)))
1581,ADJACENT_STRICT_PBE_ORDER_V1,1.0,2031,2032,1982,444,current-nlr-pbe-gw-v1:composition:72c75a33448278837e4c5233c96860dbb3a9a607ffdc94849ddc39f4a898a4f0,current-nlr-pbe-gw-v1:composition:68afda7864c7cd3ad4301db22ead756e4e8f34faef3aa880920bee4707d619b4,O21 Si6 Sr7 Zr,Ba3 Nb2 O8,4.415,4.416,0.001,z_b > z_a,log(1 + exp(-(z_b - z_a)))
1582,ADJACENT_STRICT_PBE_ORDER_V1,1.0,2032,2033,444,1253,current-nlr-pbe-gw-v1:composition:68afda7864c7cd3ad4301db22ead756e4e8f34faef3aa880920bee4707d619b4,current-nlr-pbe-gw-v1:composition:5b2d887c5192a649a09a4f148e4ee0958b6b9c6522d167d5a81bbde8cf555457,Ba3 Nb2 O8,Hf2 K2 O5,4.416,4.432,0.016,z_b > z_a,log(1 + exp(-(z_b - z_a)))
1583,ADJACENT_STRICT_PBE_ORDER_V1,1.0,2033,2034,1253,1362,current-nlr-pbe-gw-v1:composition:5b2d887c5192a649a09a4f148e4ee0958b6b9c6522d167d5a81bbde8cf555457,current-nlr-pbe-gw-v1:composition:581d8cb143f97cb7994f38a5517653946901f0714c8fe224a65c3a1ac4474df8,Hf2 K2 O5,K Na O5 Si2,4.432,4.435,0.003,z_b > z_a,log(1 + exp(-(z_b - z_a)))
1584,ADJACENT_STRICT_PBE_ORDER_V1,1.0,2034,2035,1362,155,current-nlr-pbe-gw-v1:composition:581d8cb143f97cb7994f38a5517653946901f0714c8fe224a65c3a1ac4474df8,current-nlr-pbe-gw-v1:composition:9a1e59049bdfbebc9c6abb8248c4443cec26fafc29d29ed690147ca6cef8b011,K Na O5 Si2,Al3 O12 Sc2 Y3,4.435,4.436,0.001,z_b > z_a,log(1 + exp(-(z_b - z_a)))
1585,ADJACENT_STRICT_PBE_ORDER_V1,1.0,2035,2036,155,141,current-nlr-pbe-gw-v1:composition:9a1e59049bdfbebc9c6abb8248c4443cec26fafc29d29ed690147ca6cef8b011,current-nlr-pbe-gw-v1:composition:8375c2f569a07a05dee896549dc50d22567f00cb10a66a7d1a2ffe8c263baea3,Al3 O12 Sc2 Y3,Al2 O12 Si3 Sr3,4.436,4.439,0.003,z_b > z_a,log(1 + exp(-(z_b - z_a)))
1586,ADJACENT_STRICT_PBE_ORDER_V1,1.0,2036,2037,141,1821,current-nlr-pbe-gw-v1:composition:8375c2f569a07a05dee896549dc50d22567f00cb10a66a7d1a2ffe8c263baea3,current-nlr-pbe-gw-v1:composition:f3682d53b8b2f7afdd6fc4f3f9b13a81cad591ab8e32830a9a128dd0398f2955,Al2 O12 Si3 Sr3,Na2 O5 Si2,4.439,4.441,0.002,z_b > z_a,log(1 + exp(-(z_b - z_a)))
1587,ADJACENT_STRICT_PBE_ORDER_V1,1.0,2037,2038,1821,1528,current-nlr-pbe-gw-v1:composition:f3682d53b8b2f7afdd6fc4f3f9b13a81cad591ab8e32830a9a128dd0398f2955,current-nlr-pbe-gw-v1:composition:7da4862aa39239ad5aeed53da2b1ac5173167f22527f36c95f3e011ddb3f6404,Na2 O5 Si2,La2 O7 Si2,4.441,4.451,0.010,z_b > z_a,log(1 + exp(-(z_b - z_a)))
1588,ADJACENT_STRICT_PBE_ORDER_V1,1.0,2038,2039,1528,136,current-nlr-pbe-gw-v1:composition:7da4862aa39239ad5aeed53da2b1ac5173167f22527f36c95f3e011ddb3f6404,current-nlr-pbe-gw-v1:composition:0f66bc389a8084879fe0efdb4307a3e5f9f5d193345706734d60370c3883bbcb,La2 O7 Si2,Al2 Na2 O10 Si3,4.451,4.454,0.003,z_b > z_a,log(1 + exp(-(z_b - z_a)))
1589,ADJACENT_STRICT_PBE_ORDER_V1,1.0,2039,2040,136,1858,current-nlr-pbe-gw-v1:composition:0f66bc389a8084879fe0efdb4307a3e5f9f5d193345706734d60370c3883bbcb,current-nlr-pbe-gw-v1:composition:ccc012f6f89a5058e78a01e142e54ad56a441bd2fdd21275218b5035757c94f7,Al2 Na2 O10 Si3,Na8 O18 Si7,4.454,4.457,0.003,z_b > z_a,log(1 + exp(-(z_b - z_a)))
1590,ADJACENT_STRICT_PBE_ORDER_V1,1.0,2040,2041,1858,1770,current-nlr-pbe-gw-v1:composition:ccc012f6f89a5058e78a01e142e54ad56a441bd2fdd21275218b5035757c94f7,current-nlr-pbe-gw-v1:composition:d83f63107d4d162e1edcacffdc6916c36e840eb468c910e21ef8a4dcf9d6e47f,Na8 O18 Si7,Na O2 Sc,4.457,4.458,0.001,z_b > z_a,log(1 + exp(-(z_b - z_a)))
1591,ADJACENT_STRICT_PBE_ORDER_V1,1.0,2041,2042,1770,1562,current-nlr-pbe-gw-v1:composition:d83f63107d4d162e1edcacffdc6916c36e840eb468c910e21ef8a4dcf9d6e47f,current-nlr-pbe-gw-v1:composition:f5528085e7f1259f6f2025127ebae6ff9e70e6765c501e2d2aab9d0be2a67153,Na O2 Sc,Mg O,4.458,4.465,0.007,z_b > z_a,log(1 + exp(-(z_b - z_a)))
1592,ADJACENT_STRICT_PBE_ORDER_V1,1.0,2042,2043,1562,600,current-nlr-pbe-gw-v1:composition:f5528085e7f1259f6f2025127ebae6ff9e70e6765c501e2d2aab9d0be2a67153,current-nlr-pbe-gw-v1:composition:a6af5e0063259c5e478a338d1517f0891cfdfc414886f52c70ee9ea1d87256ee,Mg O,Ca2 Mg O7 Si2,4.465,4.476,0.011,z_b > z_a,log(1 + exp(-(z_b - z_a)))
1593,ADJACENT_STRICT_PBE_ORDER_V1,1.0,2043,2044,600,1835,current-nlr-pbe-gw-v1:composition:a6af5e0063259c5e478a338d1517f0891cfdfc414886f52c70ee9ea1d87256ee,current-nlr-pbe-gw-v1:composition:603bc73d3f206f03d325fa172a5817cf81ebdbad75cfeacd95a53189e94415f4,Ca2 Mg O7 Si2,Na3 O15 Si6 Y,4.476,4.481,0.005,z_b > z_a,log(1 + exp(-(z_b - z_a)))
1594,ADJACENT_STRICT_PBE_ORDER_V1,1.0,2045,2046,130,382,current-nlr-pbe-gw-v1:composition:c1b0fa58889999828ea5c30d45d7fb24d6c94dcca4fc0abd0f2eccae7942db32,current-nlr-pbe-gw-v1:composition:04fbfed0bde0b472e60c992821007e4c30b856a1d855bce392c4a50f6f8457fa,Al2 K2 O10 Si3,Ba2 Mg O7 Si2,4.481,4.485,0.004,z_b > z_a,log(1 + exp(-(z_b - z_a)))
1595,ADJACENT_STRICT_PBE_ORDER_V1,1.0,2046,2047,382,2031,current-nlr-pbe-gw-v1:composition:04fbfed0bde0b472e60c992821007e4c30b856a1d855bce392c4a50f6f8457fa,current-nlr-pbe-gw-v1:composition:78b1481f9cc5842ac9102e88feb5278c561864bbfa3fe5211c1cd5d1e686a317,Ba2 Mg O7 Si2,O4 Rb2 W,4.485,4.487,0.002,z_b > z_a,log(1 + exp(-(z_b - z_a)))
1596,ADJACENT_STRICT_PBE_ORDER_V1,1.0,2047,2048,2031,2041,current-nlr-pbe-gw-v1:composition:78b1481f9cc5842ac9102e88feb5278c561864bbfa3fe5211c1cd5d1e686a317,current-nlr-pbe-gw-v1:composition:c5679978b6b5e8edeadf1fc1ec3334d13c39a61cf20155791e426c5faad61b7a,O4 Rb2 W,O4 Si Sr2,4.487,4.492,0.005,z_b > z_a,log(1 + exp(-(z_b - z_a)))
1597,ADJACENT_STRICT_PBE_ORDER_V1,1.0,2048,2049,2041,107,current-nlr-pbe-gw-v1:composition:c5679978b6b5e8edeadf1fc1ec3334d13c39a61cf20155791e426c5faad61b7a,current-nlr-pbe-gw-v1:composition:1760344ef32580633940616fe4776bb6d0dedb83ad940ddfeb14b2ef5af79757,O4 Si Sr2,Al11 Na O17,4.492,4.494,0.002,z_b > z_a,log(1 + exp(-(z_b - z_a)))
1598,ADJACENT_STRICT_PBE_ORDER_V1,1.0,2050,2051,2067,1841,current-nlr-pbe-gw-v1:composition:a8bdec48ad19568919b1080641e6b7882b6adea9b078f0257d28840e906fea06,current-nlr-pbe-gw-v1:composition:48639d2494b3ba526b356c6f7d7998c1d2a8b8f80cbc2501a448738d6b6319b9,O5 Si Y2,Na4 O13 Sc2 Si4,4.494,4.497,0.003,z_b > z_a,log(1 + exp(-(z_b - z_a)))
1599,ADJACENT_STRICT_PBE_ORDER_V1,1.0,2051,2052,1841,408,current-nlr-pbe-gw-v1:composition:48639d2494b3ba526b356c6f7d7998c1d2a8b8f80cbc2501a448738d6b6319b9,current-nlr-pbe-gw-v1:composition:6148adbbc6ae974e216bfcee1f0325476c497e97f64ed3ee4641eb3d8581b9ab,Na4 O13 Sc2 Si4,Ba2 O8 Si3,4.497,4.499,0.002,z_b > z_a,log(1 + exp(-(z_b - z_a)))
1600,ADJACENT_STRICT_PBE_ORDER_V1,1.0,2052,2053,408,1579,current-nlr-pbe-gw-v1:composition:6148adbbc6ae974e216bfcee1f0325476c497e97f64ed3ee4641eb3d8581b9ab,current-nlr-pbe-gw-v1:composition:d65ce6bae85f875a0d71e5d00e625c82dc323a8fa49d9b1fa43e64cfcd1d3f80,Ba2 O8 Si3,Mg O7 Si2 Sr2,4.499,4.506,0.007,z_b > z_a,log(1 + exp(-(z_b - z_a)))
1601,ADJACENT_STRICT_PBE_ORDER_V1,1.0,2053,2054,1579,451,current-nlr-pbe-gw-v1:composition:d65ce6bae85f875a0d71e5d00e625c82dc323a8fa49d9b1fa43e64cfcd1d3f80,current-nlr-pbe-gw-v1:composition:39318d1cd4a0928250d0ce4bebbef679216305734c6687d885f8d5a3339e2b8c,Mg O7 Si2 Sr2,Ba3 O13 Si5,4.506,4.507,0.001,z_b > z_a,log(1 + exp(-(z_b - z_a)))
1602,ADJACENT_STRICT_PBE_ORDER_V1,1.0,2055,2056,1425,572,current-nlr-pbe-gw-v1:composition:e472d97a080dfacfe120478b8ef30a439d56d276c83e046d02f31ffa78b5d864,current-nlr-pbe-gw-v1:composition:3e1b67c053ef5fb658b078b4e3b67870340f0de1541ac4102f3b466b4b43df52,K2 O4 W,Ca O4 Si Sr,4.507,4.509,0.002,z_b > z_a,log(1 + exp(-(z_b - z_a)))
1603,ADJACENT_STRICT_PBE_ORDER_V1,1.0,2056,2057,572,139,current-nlr-pbe-gw-v1:composition:3e1b67c053ef5fb658b078b4e3b67870340f0de1541ac4102f3b466b4b43df52,current-nlr-pbe-gw-v1:composition:ecc5d3341820a5bb560012b372ffcce252edfb0686886eba5741f0b9b22f80ab,Ca O4 Si Sr,Al2 O10 Rb2 Si3,4.509,4.525,0.016,z_b > z_a,log(1 + exp(-(z_b - z_a)))
1604,ADJACENT_STRICT_PBE_ORDER_V1,1.0,2057,2058,139,1490,current-nlr-pbe-gw-v1:composition:ecc5d3341820a5bb560012b372ffcce252edfb0686886eba5741f0b9b22f80ab,current-nlr-pbe-gw-v1:composition:4643fe6d86fc4d06c6283ba87b1e38fde03b785176b2f3151c34ddf896f5239f,Al2 O10 Rb2 Si3,La Na3 O17 Si6 Sr Zn,4.525,4.526,0.001,z_b > z_a,log(1 + exp(-(z_b - z_a)))
1605,ADJACENT_STRICT_PBE_ORDER_V1,1.0,2058,2059,1490,285,current-nlr-pbe-gw-v1:composition:4643fe6d86fc4d06c6283ba87b1e38fde03b785176b2f3151c34ddf896f5239f,current-nlr-pbe-gw-v1:composition:437fd8af971958a59bedea525d3c00ea463f5aa7b414163f21daa2defff69a36,La Na3 O17 Si6 Sr Zn,Ba Na O7 Sc Si2,4.526,4.532,0.006,z_b > z_a,log(1 + exp(-(z_b - z_a)))
1606,ADJACENT_STRICT_PBE_ORDER_V1,1.0,2060,2061,492,163,current-nlr-pbe-gw-v1:composition:480bebfbb34dd4078d01c630b1230dfa27603b8418f5d596339e577582eaaf20,current-nlr-pbe-gw-v1:composition:4afc9db52a2e157d9bd798661395d2c9cf0bf88a93b782588f1742b03ae9aac6,Ba9 O24 Sc2 Si6,Al4 K Na3 O16 Si4,4.532,4.533,0.001,z_b > z_a,log(1 + exp(-(z_b - z_a)))
1607,ADJACENT_STRICT_PBE_ORDER_V1,1.0,2061,2062,163,84,current-nlr-pbe-gw-v1:composition:4afc9db52a2e157d9bd798661395d2c9cf0bf88a93b782588f1742b03ae9aac6,current-nlr-pbe-gw-v1:composition:2f5aa942dfaea8de17685be56c05433ae8822f3bc453a251f5ca6e4061e00bda,Al4 K Na3 O16 Si4,Al K O4 Si,4.533,4.536,0.003,z_b > z_a,log(1 + exp(-(z_b - z_a)))
1608,ADJACENT_STRICT_PBE_ORDER_V1,1.0,2062,2063,84,314,current-nlr-pbe-gw-v1:composition:2f5aa942dfaea8de17685be56c05433ae8822f3bc453a251f5ca6e4061e00bda,current-nlr-pbe-gw-v1:composition:2cf3c686170c107e92d5c167fe19f13457f3ca1fa7764a9fda261cae6f138062,Al K O4 Si,Ba O3 Si,4.536,4.551,0.015,z_b > z_a,log(1 + exp(-(z_b - z_a)))
1609,ADJACENT_STRICT_PBE_ORDER_V1,1.0,2065,2066,617,541,current-nlr-pbe-gw-v1:composition:be2f9cec95cefb3480d6322ca71ea02cc11c0ba0c09dc699b7e41d33beefc127,current-nlr-pbe-gw-v1:composition:a6bf2e8a2e9d3913cec75130df01db4b963c61e337b4041ef7708870a2f4fdda,Ca2 O9 Pb Si3,Ca Hf4 O9,4.551,4.556,0.005,z_b > z_a,log(1 + exp(-(z_b - z_a)))
1610,ADJACENT_STRICT_PBE_ORDER_V1,1.0,2066,2067,541,272,current-nlr-pbe-gw-v1:composition:a6bf2e8a2e9d3913cec75130df01db4b963c61e337b4041ef7708870a2f4fdda,current-nlr-pbe-gw-v1:composition:f282f6428f0e5ceb463ec94585441e1eca8c9e48fcc3c33f8d436ee586abadd7,Ca Hf4 O9,Ba Mg2 O7 Si2,4.556,4.558,0.002,z_b > z_a,log(1 + exp(-(z_b - z_a)))
1611,ADJACENT_STRICT_PBE_ORDER_V1,1.0,2067,2068,272,1825,current-nlr-pbe-gw-v1:composition:f282f6428f0e5ceb463ec94585441e1eca8c9e48fcc3c33f8d436ee586abadd7,current-nlr-pbe-gw-v1:composition:220c9e8a1af495af04d872791c1db28d6b8a3db45ffa3af054491afcd9f1ab85,Ba Mg2 O7 Si2,Na2 O7 Si2 Zr,4.558,4.564,0.006,z_b > z_a,log(1 + exp(-(z_b - z_a)))
1612,ADJACENT_STRICT_PBE_ORDER_V1,1.0,2068,2069,1825,208,current-nlr-pbe-gw-v1:composition:220c9e8a1af495af04d872791c1db28d6b8a3db45ffa3af054491afcd9f1ab85,current-nlr-pbe-gw-v1:composition:5a4bd7e17878fd1d28b1d85d92b7f5f1cd4771aa4bbdf81ed366958dfc61e43b,Na2 O7 Si2 Zr,Ba Ca2 O9 Si3,4.564,4.571,0.007,z_b > z_a,log(1 + exp(-(z_b - z_a)))
1613,ADJACENT_STRICT_PBE_ORDER_V1,1.0,2069,2070,208,93,current-nlr-pbe-gw-v1:composition:5a4bd7e17878fd1d28b1d85d92b7f5f1cd4771aa4bbdf81ed366958dfc61e43b,current-nlr-pbe-gw-v1:composition:0679d2117aa5eb9c1bbe8eae5a260bbe873a7062cc698d8e8aeae3f77686f6c9,Ba Ca2 O9 Si3,Al Na O4 Si,4.571,4.585,0.014,z_b > z_a,log(1 + exp(-(z_b - z_a)))
1614,ADJACENT_STRICT_PBE_ORDER_V1,1.0,2070,2071,93,1799,current-nlr-pbe-gw-v1:composition:0679d2117aa5eb9c1bbe8eae5a260bbe873a7062cc698d8e8aeae3f77686f6c9,current-nlr-pbe-gw-v1:composition:dfb1758a9646bcd4cd5ea80759b64143aaac894741d2e2ad7d540be80450d448,Al Na O4 Si,Na2 O11 Si4 Zr,4.585,4.589,0.004,z_b > z_a,log(1 + exp(-(z_b - z_a)))
1615,ADJACENT_STRICT_PBE_ORDER_V1,1.0,2071,2072,1799,1851,current-nlr-pbe-gw-v1:composition:dfb1758a9646bcd4cd5ea80759b64143aaac894741d2e2ad7d540be80450d448,current-nlr-pbe-gw-v1:composition:56fb719a1ff4b634344c232a62556c8682f887c499102e90670a2b60afe69357,Na2 O11 Si4 Zr,Na5 O16 W4 Y,4.589,4.592,0.003,z_b > z_a,log(1 + exp(-(z_b - z_a)))
1616,ADJACENT_STRICT_PBE_ORDER_V1,1.0,2072,2073,1851,1791,current-nlr-pbe-gw-v1:composition:56fb719a1ff4b634344c232a62556c8682f887c499102e90670a2b60afe69357,current-nlr-pbe-gw-v1:composition:dff667ba4cb70b2ca0513467d15b92b78d622a3fb61fbab39aee124aa16eb109,Na5 O16 W4 Y,Na O6 Si2 Y,4.592,4.596,0.004,z_b > z_a,log(1 + exp(-(z_b - z_a)))
1617,ADJACENT_STRICT_PBE_ORDER_V1,1.0,2073,2074,1791,264,current-nlr-pbe-gw-v1:composition:dff667ba4cb70b2ca0513467d15b92b78d622a3fb61fbab39aee124aa16eb109,current-nlr-pbe-gw-v1:composition:73f35d3a13779969da5e0d1c6040d2117fcc6fbb280e8bda7c5f14ef4b12a57e,Na O6 Si2 Y,Ba K O7 Si2 Y,4.596,4.605,0.009,z_b > z_a,log(1 + exp(-(z_b - z_a)))
1618,ADJACENT_STRICT_PBE_ORDER_V1,1.0,2074,2075,264,2006,current-nlr-pbe-gw-v1:composition:73f35d3a13779969da5e0d1c6040d2117fcc6fbb280e8bda7c5f14ef4b12a57e,current-nlr-pbe-gw-v1:composition:08d01af4de6bfdd2f6f0f2b0bff11abc579f1dd2d1ba06122cea54a673c1a802,Ba K O7 Si2 Y,O3 Si Sr,4.605,4.618,0.013,z_b > z_a,log(1 + exp(-(z_b - z_a)))
1619,ADJACENT_STRICT_PBE_ORDER_V1,1.0,2075,2076,2006,332,current-nlr-pbe-gw-v1:composition:08d01af4de6bfdd2f6f0f2b0bff11abc579f1dd2d1ba06122cea54a673c1a802,current-nlr-pbe-gw-v1:composition:746538daf764133c14e7086fda04e337f5e8cf12f20a09071c315f610bd6c4d2,O3 Si Sr,Ba O9 Rb Sc Si3,4.618,4.625,0.007,z_b > z_a,log(1 + exp(-(z_b - z_a)))
1620,ADJACENT_STRICT_PBE_ORDER_V1,1.0,2076,2077,332,642,current-nlr-pbe-gw-v1:composition:746538daf764133c14e7086fda04e337f5e8cf12f20a09071c315f610bd6c4d2,current-nlr-pbe-gw-v1:composition:25fc522318bf7dd59cfe4fbe1ccdbdc845fc39caea854f0ba85382bf4de3409a,Ba O9 Rb Sc Si3,Ca3 O9 Si2 Zr,4.625,4.626,0.001,z_b > z_a,log(1 + exp(-(z_b - z_a)))
1621,ADJACENT_STRICT_PBE_ORDER_V1,1.0,2077,2078,642,397,current-nlr-pbe-gw-v1:composition:25fc522318bf7dd59cfe4fbe1ccdbdc845fc39caea854f0ba85382bf4de3409a,current-nlr-pbe-gw-v1:composition:ca27fdb88b3c48a3e90b5d234622fea03f3492c0768cacec7ab3b92a3523265d,Ca3 O9 Si2 Zr,Ba2 O4 Si,4.626,4.632,0.006,z_b > z_a,log(1 + exp(-(z_b - z_a)))
1622,ADJACENT_STRICT_PBE_ORDER_V1,1.0,2078,2079,397,1946,current-nlr-pbe-gw-v1:composition:ca27fdb88b3c48a3e90b5d234622fea03f3492c0768cacec7ab3b92a3523265d,current-nlr-pbe-gw-v1:composition:fc132c5cfc17f7d50ab5dd5b43e153627364b477695f39463b2e84cc7f44798b,Ba2 O4 Si,O12 W3 Y2,4.632,4.643,0.011,z_b > z_a,log(1 + exp(-(z_b - z_a)))
1623,ADJACENT_STRICT_PBE_ORDER_V1,1.0,2079,2080,1946,1251,current-nlr-pbe-gw-v1:composition:fc132c5cfc17f7d50ab5dd5b43e153627364b477695f39463b2e84cc7f44798b,current-nlr-pbe-gw-v1:composition:5a85bd1d0066363f6e91e6c703cd534d704a204f1abc7f34611c322ae49cafd2,O12 W3 Y2,Hf O3 Sr,4.643,4.645,0.002,z_b > z_a,log(1 + exp(-(z_b - z_a)))
1624,ADJACENT_STRICT_PBE_ORDER_V1,1.0,2080,2081,1251,638,current-nlr-pbe-gw-v1:composition:5a85bd1d0066363f6e91e6c703cd534d704a204f1abc7f34611c322ae49cafd2,current-nlr-pbe-gw-v1:composition:d27b1ad90c8fa5f271ff6b4eaae3242a237fb3211186c63f6cb37db67f4323e2,Hf O3 Sr,Ca3 O7 Si2,4.645,4.646,0.001,z_b > z_a,log(1 + exp(-(z_b - z_a)))
1625,ADJACENT_STRICT_PBE_ORDER_V1,1.0,2081,2082,638,1564,current-nlr-pbe-gw-v1:composition:d27b1ad90c8fa5f271ff6b4eaae3242a237fb3211186c63f6cb37db67f4323e2,current-nlr-pbe-gw-v1:composition:85463a59285b6d732f62a02d2442f6db39c758957c439b8e5c329300c3dff874,Ca3 O7 Si2,Mg O3 Si,4.646,4.649,0.003,z_b > z_a,log(1 + exp(-(z_b - z_a)))
1626,ADJACENT_STRICT_PBE_ORDER_V1,1.0,2082,2083,1564,1491,current-nlr-pbe-gw-v1:composition:85463a59285b6d732f62a02d2442f6db39c758957c439b8e5c329300c3dff874,current-nlr-pbe-gw-v1:composition:5a57e5059ad082fc7d7d9cd93298e28dcfaef7085255ddaa56f83fc3ab530894,Mg O3 Si,La Na5 O16 W4,4.649,4.651,0.002,z_b > z_a,log(1 + exp(-(z_b - z_a)))
1627,ADJACENT_STRICT_PBE_ORDER_V1,1.0,2083,2084,1491,301,current-nlr-pbe-gw-v1:composition:5a57e5059ad082fc7d7d9cd93298e28dcfaef7085255ddaa56f83fc3ab530894,current-nlr-pbe-gw-v1:composition:2a10c190d61b1799bce0cdfd67fa1dfff89bb0f8f6c6053990d6db976307828f,La Na5 O16 W4,Ba O10 Si3 Y2,4.651,4.653,0.002,z_b > z_a,log(1 + exp(-(z_b - z_a)))
1628,ADJACENT_STRICT_PBE_ORDER_V1,1.0,2084,2085,301,1583,current-nlr-pbe-gw-v1:composition:2a10c190d61b1799bce0cdfd67fa1dfff89bb0f8f6c6053990d6db976307828f,current-nlr-pbe-gw-v1:composition:9370e081c3791467fd9d0c0caaf0b2fd5c58a42c74cc4f559bebe1996b51092c,Ba O10 Si3 Y2,Mg2 O4 Si,4.653,4.654,0.001,z_b > z_a,log(1 + exp(-(z_b - z_a)))
1629,ADJACENT_STRICT_PBE_ORDER_V1,1.0,2085,2086,1583,2107,current-nlr-pbe-gw-v1:composition:9370e081c3791467fd9d0c0caaf0b2fd5c58a42c74cc4f559bebe1996b51092c,current-nlr-pbe-gw-v1:composition:5e38c5e708194b69839931276d8c2f6dee0538e76ffb268f7600d9ba5912d3d8,Mg2 O4 Si,O7 Si2 Y2,4.654,4.655,0.001,z_b > z_a,log(1 + exp(-(z_b - z_a)))
1630,ADJACENT_STRICT_PBE_ORDER_V1,1.0,2086,2087,2107,547,current-nlr-pbe-gw-v1:composition:5e38c5e708194b69839931276d8c2f6dee0538e76ffb268f7600d9ba5912d3d8,current-nlr-pbe-gw-v1:composition:a677996022e5a5141737f60eb7be6e6816d6033f66001de2d4436d3c07bbb2e3,O7 Si2 Y2,Ca Mg O4 Si,4.655,4.656,0.001,z_b > z_a,log(1 + exp(-(z_b - z_a)))
1631,ADJACENT_STRICT_PBE_ORDER_V1,1.0,2087,2088,547,158,current-nlr-pbe-gw-v1:composition:a677996022e5a5141737f60eb7be6e6816d6033f66001de2d4436d3c07bbb2e3,current-nlr-pbe-gw-v1:composition:5c70682537ae5a2735cfd589d69699da58777b10505b6a614f59cf72bdd8c678,Ca Mg O4 Si,Al32 N O47,4.656,4.659,0.003,z_b > z_a,log(1 + exp(-(z_b - z_a)))
1632,ADJACENT_STRICT_PBE_ORDER_V1,1.0,2089,2090,626,1431,current-nlr-pbe-gw-v1:composition:ee9399be9df54e90259b741d2c65d1e1ae56b2b223c8ad0638a08216f976e29f,current-nlr-pbe-gw-v1:composition:71cc7e18284fd702d4dcbf93ea8984c864c1a49c3aac5cc4a3797ad84263a8f9,Ca3 Hf O9 Si2,K2 O7 Si2 Zr,4.659,4.677,0.018,z_b > z_a,log(1 + exp(-(z_b - z_a)))
1633,ADJACENT_STRICT_PBE_ORDER_V1,1.0,2090,2091,1431,257,current-nlr-pbe-gw-v1:composition:71cc7e18284fd702d4dcbf93ea8984c864c1a49c3aac5cc4a3797ad84263a8f9,current-nlr-pbe-gw-v1:composition:65a6ffae146ed30106c1e7585dc774cefb1ef8c42bfb72daa125069c6e7a0f00,K2 O7 Si2 Zr,Ba Hf O9 Si3,4.677,4.678,0.001,z_b > z_a,log(1 + exp(-(z_b - z_a)))
1634,ADJACENT_STRICT_PBE_ORDER_V1,1.0,2091,2092,257,2102,current-nlr-pbe-gw-v1:composition:65a6ffae146ed30106c1e7585dc774cefb1ef8c42bfb72daa125069c6e7a0f00,current-nlr-pbe-gw-v1:composition:2b0c9ff609ff0d9177ab085973a1c00047ce958d0a81b23436230b16954c236c,Ba Hf O9 Si3,O7 Sc2 Si2,4.678,4.694,0.016,z_b > z_a,log(1 + exp(-(z_b - z_a)))
1635,ADJACENT_STRICT_PBE_ORDER_V1,1.0,2092,2093,2102,321,current-nlr-pbe-gw-v1:composition:2b0c9ff609ff0d9177ab085973a1c00047ce958d0a81b23436230b16954c236c,current-nlr-pbe-gw-v1:composition:c61329877ea123797cc4265a4245157a0c655c9e0359a4c62800a7a6da17c78a,O7 Sc2 Si2,Ba O4 W,4.694,4.695,0.001,z_b > z_a,log(1 + exp(-(z_b - z_a)))
1636,ADJACENT_STRICT_PBE_ORDER_V1,1.0,2093,2094,321,709,current-nlr-pbe-gw-v1:composition:c61329877ea123797cc4265a4245157a0c655c9e0359a4c62800a7a6da17c78a,current-nlr-pbe-gw-v1:composition:bace706d22c33cedfaeeb0ac34dee033580cb10bf1996090188149b6ca75e26e,Ba O4 W,Cl Li3 O,4.695,4.702,0.007,z_b > z_a,log(1 + exp(-(z_b - z_a)))
1637,ADJACENT_STRICT_PBE_ORDER_V1,1.0,2094,2095,709,167,current-nlr-pbe-gw-v1:composition:bace706d22c33cedfaeeb0ac34dee033580cb10bf1996090188149b6ca75e26e,current-nlr-pbe-gw-v1:composition:2e302b9f51f6ebe8e3958ba8ca4f495af3115200a7f175a2bb353c8ec016fec5,Cl Li3 O,Al4 Na2 O16 Si4 Sr,4.702,4.721,0.019,z_b > z_a,log(1 + exp(-(z_b - z_a)))
1638,ADJACENT_STRICT_PBE_ORDER_V1,1.0,2095,2096,167,1580,current-nlr-pbe-gw-v1:composition:2e302b9f51f6ebe8e3958ba8ca4f495af3115200a7f175a2bb353c8ec016fec5,current-nlr-pbe-gw-v1:composition:8f84ef78dc91ffcb5ddb21f406fdab79b5366ba215d641297c66ef72a6f2b372,Al4 Na2 O16 Si4 Sr,Mg O8 Si2 Sr3,4.721,4.722,0.001,z_b > z_a,log(1 + exp(-(z_b - z_a)))
1639,ADJACENT_STRICT_PBE_ORDER_V1,1.0,2096,2097,1580,437,current-nlr-pbe-gw-v1:composition:8f84ef78dc91ffcb5ddb21f406fdab79b5366ba215d641297c66ef72a6f2b372,current-nlr-pbe-gw-v1:composition:5a7cc97411307604ada6d60dca492e3d829ad18589a9ea93cbf07cd034e01f72,Mg O8 Si2 Sr3,Ba3 Mg O8 Si2,4.722,4.723,0.001,z_b > z_a,log(1 + exp(-(z_b - z_a)))
1640,ADJACENT_STRICT_PBE_ORDER_V1,1.0,2097,2098,437,161,current-nlr-pbe-gw-v1:composition:5a7cc97411307604ada6d60dca492e3d829ad18589a9ea93cbf07cd034e01f72,current-nlr-pbe-gw-v1:composition:1309a50a738efe50ac1fffed3fba6f9aa34b6c862dcae18e8f9a58620da77f4f,Ba3 Mg O8 Si2,Al4 Ba Na2 O16 Si4,4.723,4.728,0.005,z_b > z_a,log(1 + exp(-(z_b - z_a)))
1641,ADJACENT_STRICT_PBE_ORDER_V1,1.0,2098,2099,161,578,current-nlr-pbe-gw-v1:composition:1309a50a738efe50ac1fffed3fba6f9aa34b6c862dcae18e8f9a58620da77f4f,current-nlr-pbe-gw-v1:composition:9ccd14ee0e21e9e0aab661c6eac0ab9d78fd2e1b38cb7fb9413b0edabca1b366,Al4 Ba Na2 O16 Si4,Ca O5 Si2,4.728,4.729,0.001,z_b > z_a,log(1 + exp(-(z_b - z_a)))
1642,ADJACENT_STRICT_PBE_ORDER_V1,1.0,2099,2100,578,628,current-nlr-pbe-gw-v1:composition:9ccd14ee0e21e9e0aab661c6eac0ab9d78fd2e1b38cb7fb9413b0edabca1b366,current-nlr-pbe-gw-v1:composition:cc475d4fbf38fe1b3ada7972356b42bef893b290f8f8c57629ffd3e4a39780c1,Ca O5 Si2,Ca3 K2 O10 Si3,4.729,4.738,0.009,z_b > z_a,log(1 + exp(-(z_b - z_a)))
1643,ADJACENT_STRICT_PBE_ORDER_V1,1.0,2100,2101,628,85,current-nlr-pbe-gw-v1:composition:cc475d4fbf38fe1b3ada7972356b42bef893b290f8f8c57629ffd3e4a39780c1,current-nlr-pbe-gw-v1:composition:f779bbd68923961740748943933a3971250b308656246099c2f0bb0332c82acf,Ca3 K2 O10 Si3,Al K O6 Si2,4.738,4.74,0.002,z_b > z_a,log(1 + exp(-(z_b - z_a)))
1644,ADJACENT_STRICT_PBE_ORDER_V1,1.0,2101,2102,85,1449,current-nlr-pbe-gw-v1:composition:f779bbd68923961740748943933a3971250b308656246099c2f0bb0332c82acf,current-nlr-pbe-gw-v1:composition:8abce5c1deb2d2b1c1c7ea46ec0148c920785aa4d29ea89f56be3e2b8b9066c2,Al K O6 Si2,K3 Na O8 W2,4.74,4.75,0.01,z_b > z_a,log(1 + exp(-(z_b - z_a)))
1645,ADJACENT_STRICT_PBE_ORDER_V1,1.0,2102,2103,1449,323,current-nlr-pbe-gw-v1:composition:8abce5c1deb2d2b1c1c7ea46ec0148c920785aa4d29ea89f56be3e2b8b9066c2,current-nlr-pbe-gw-v1:composition:a16c28a79ff4a12f8835aa85d0d46e171aeaeda347ea0e65ebd0e02edfada401,K3 Na O8 W2,Ba O5 Si2,4.75,4.762,0.012,z_b > z_a,log(1 + exp(-(z_b - z_a)))
1646,ADJACENT_STRICT_PBE_ORDER_V1,1.0,2103,2104,323,1365,current-nlr-pbe-gw-v1:composition:a16c28a79ff4a12f8835aa85d0d46e171aeaeda347ea0e65ebd0e02edfada401,current-nlr-pbe-gw-v1:composition:2cfaff9403089db2e03c19e3c34fd3b83b1dd27c4796d5c285755e024d9a2fe7,Ba O5 Si2,K Na2 O15 Si6 Y,4.762,4.799,0.037,z_b > z_a,log(1 + exp(-(z_b - z_a)))
1647,ADJACENT_STRICT_PBE_ORDER_V1,1.0,2104,2105,1365,1936,current-nlr-pbe-gw-v1:composition:2cfaff9403089db2e03c19e3c34fd3b83b1dd27c4796d5c285755e024d9a2fe7,current-nlr-pbe-gw-v1:composition:2ec8047f482fc699da159e14ed8457dcde22c374f3badcfc31b6823bffa39f87,K Na2 O15 Si6 Y,O10 Si3 Sr Y2,4.799,4.805,0.006,z_b > z_a,log(1 + exp(-(z_b - z_a)))
1648,ADJACENT_STRICT_PBE_ORDER_V1,1.0,2105,2106,1936,149,current-nlr-pbe-gw-v1:composition:2ec8047f482fc699da159e14ed8457dcde22c374f3badcfc31b6823bffa39f87,current-nlr-pbe-gw-v1:composition:8c9dec7dd416969f39f411dfe31a3263622033bc76807c06ecfe3bd548bbdc3a,O10 Si3 Sr Y2,Al2 O5 Si,4.805,4.811,0.006,z_b > z_a,log(1 + exp(-(z_b - z_a)))
1649,ADJACENT_STRICT_PBE_ORDER_V1,1.0,2107,2108,112,115,current-nlr-pbe-gw-v1:composition:c8a3687130abb28158a6facefdce7269db11eea7125dbf45df24c7a20344e83b,current-nlr-pbe-gw-v1:composition:6520fc4474b6fe56282bc56ec0fe3b080819cf9ef4114688fb93a8a9cf7f4afe,Al2 Ba O8 Si2,Al2 Ca O8 Si2,4.811,4.813,0.002,z_b > z_a,log(1 + exp(-(z_b - z_a)))
1650,ADJACENT_STRICT_PBE_ORDER_V1,1.0,2109,2110,164,1438,current-nlr-pbe-gw-v1:composition:d9ae1ce9c5702c157fb7cc054c5351c1c05c7e04f4d37933bbe08bc541035fde,current-nlr-pbe-gw-v1:composition:f8a2b4f05cf84766d818255f8a4830b383096920a4f9d4b70b3a50c5ea098e02,Al4 Mg2 O18 Si5,K2 O9 Si3 Zr,4.813,4.828,0.015,z_b > z_a,log(1 + exp(-(z_b - z_a)))
1651,ADJACENT_STRICT_PBE_ORDER_V1,1.0,2110,2111,1438,172,current-nlr-pbe-gw-v1:composition:f8a2b4f05cf84766d818255f8a4830b383096920a4f9d4b70b3a50c5ea098e02,current-nlr-pbe-gw-v1:composition:83222e14eb90282adfd6d6db74a7bab2901d8b0a5f4db4da1e899d43d2bd4d4b,K2 O9 Si3 Zr,Al5 O12 Y3,4.828,4.844,0.016,z_b > z_a,log(1 + exp(-(z_b - z_a)))
1652,ADJACENT_STRICT_PBE_ORDER_V1,1.0,2111,2112,172,2044,current-nlr-pbe-gw-v1:composition:83222e14eb90282adfd6d6db74a7bab2901d8b0a5f4db4da1e899d43d2bd4d4b,current-nlr-pbe-gw-v1:composition:d733a41abcee507e708b2e6d50d71a18b12d42290163342099fe04d9d78e4460,Al5 O12 Y3,O4 Si Zr,4.844,4.87,0.026,z_b > z_a,log(1 + exp(-(z_b - z_a)))
1653,ADJACENT_STRICT_PBE_ORDER_V1,1.0,2112,2113,2044,565,current-nlr-pbe-gw-v1:composition:d733a41abcee507e708b2e6d50d71a18b12d42290163342099fe04d9d78e4460,current-nlr-pbe-gw-v1:composition:a85ce10521eb3916da62188134f705a87eabd1c19e16db0a80f6678f12074068,O4 Si Zr,Ca O3 Si,4.87,4.878,0.008,z_b > z_a,log(1 + exp(-(z_b - z_a)))
1654,ADJACENT_STRICT_PBE_ORDER_V1,1.0,2114,2115,584,1818,current-nlr-pbe-gw-v1:composition:ff3817a064b605969938c4d10efbbdff13c9f0d4b3e9f2a0f4c721454abbbba4,current-nlr-pbe-gw-v1:composition:21b51e758d6a2d1a4cbc23d41d11644d74df925c31393cfc77b381dcdaf412b0,Ca O7 Si2 Zr,Na2 O4 W,4.878,4.881,0.003,z_b > z_a,log(1 + exp(-(z_b - z_a)))
1655,ADJACENT_STRICT_PBE_ORDER_V1,1.0,2115,2116,1818,95,current-nlr-pbe-gw-v1:composition:21b51e758d6a2d1a4cbc23d41d11644d74df925c31393cfc77b381dcdaf412b0,current-nlr-pbe-gw-v1:composition:22708e55d3802df7dd77cde2536e8d8d70b29edd0114fbce641d0e8dc69fe9a6,Na2 O4 W,Al Na O8 Si3,4.881,4.887,0.006,z_b > z_a,log(1 + exp(-(z_b - z_a)))
1656,ADJACENT_STRICT_PBE_ORDER_V1,1.0,2116,2117,95,1554,current-nlr-pbe-gw-v1:composition:22708e55d3802df7dd77cde2536e8d8d70b29edd0114fbce641d0e8dc69fe9a6,current-nlr-pbe-gw-v1:composition:ea1680e7ed0859f7f86b133cc7f569b158dbcd3d4b95c66aecdc9ec576d65801,Al Na O8 Si3,Li2 O,4.887,4.906,0.019,z_b > z_a,log(1 + exp(-(z_b - z_a)))
1657,ADJACENT_STRICT_PBE_ORDER_V1,1.0,2117,2118,1554,629,current-nlr-pbe-gw-v1:composition:ea1680e7ed0859f7f86b133cc7f569b158dbcd3d4b95c66aecdc9ec576d65801,current-nlr-pbe-gw-v1:composition:7681eb2a1ec20b6b56af77281c142cda9a534cceb2e9d19171fe19f5adaec071,Li2 O,Ca3 Mg O8 Si2,4.906,4.91,0.004,z_b > z_a,log(1 + exp(-(z_b - z_a)))
1658,ADJACENT_STRICT_PBE_ORDER_V1,1.0,2118,2119,629,604,current-nlr-pbe-gw-v1:composition:7681eb2a1ec20b6b56af77281c142cda9a534cceb2e9d19171fe19f5adaec071,current-nlr-pbe-gw-v1:composition:ced9cec203e5a7c9f980f8c1e085b91e9bd3feccaadea3269a157d334ac1430a,Ca3 Mg O8 Si2,Ca2 O12 Si4 Zr,4.91,4.914,0.004,z_b > z_a,log(1 + exp(-(z_b - z_a)))
1659,ADJACENT_STRICT_PBE_ORDER_V1,1.0,2119,2120,604,86,current-nlr-pbe-gw-v1:composition:ced9cec203e5a7c9f980f8c1e085b91e9bd3feccaadea3269a157d334ac1430a,current-nlr-pbe-gw-v1:composition:e98bfa76ec353f33c84741820b3d2a4d692bd3c03a2fbd6a63021fd6e6b8c9e1,Ca2 O12 Si4 Zr,Al K O8 Si3,4.914,4.919,0.005,z_b > z_a,log(1 + exp(-(z_b - z_a)))
1660,ADJACENT_STRICT_PBE_ORDER_V1,1.0,2120,2121,86,1740,current-nlr-pbe-gw-v1:composition:e98bfa76ec353f33c84741820b3d2a4d692bd3c03a2fbd6a63021fd6e6b8c9e1,current-nlr-pbe-gw-v1:composition:17bc8dfba7b20cfe0422c4697abd6497c7b9c6719e4ef9ec10b8483ce9ce6aab,Al K O8 Si3,N2 O Si2,4.919,4.921,0.002,z_b > z_a,log(1 + exp(-(z_b - z_a)))
1661,ADJACENT_STRICT_PBE_ORDER_V1,1.0,2121,2122,1740,132,current-nlr-pbe-gw-v1:composition:17bc8dfba7b20cfe0422c4697abd6497c7b9c6719e4ef9ec10b8483ce9ce6aab,current-nlr-pbe-gw-v1:composition:fcd935f8bf6a90ee341367d1bbdcddc684f8769ce2a298a9396b7a0db4cb40af,N2 O Si2,Al2 Mg3 O12 Si3,4.921,4.927,0.006,z_b > z_a,log(1 + exp(-(z_b - z_a)))
1662,ADJACENT_STRICT_PBE_ORDER_V1,1.0,2122,2123,132,548,current-nlr-pbe-gw-v1:composition:fcd935f8bf6a90ee341367d1bbdcddc684f8769ce2a298a9396b7a0db4cb40af,current-nlr-pbe-gw-v1:composition:d58bd920be776473eb804750589fa89220d4f7b2bd97f70b73475e96d46c2a7b,Al2 Mg3 O12 Si3,Ca Mg O6 Si2,4.927,4.944,0.017,z_b > z_a,log(1 + exp(-(z_b - z_a)))
1663,ADJACENT_STRICT_PBE_ORDER_V1,1.0,2123,2124,548,100,current-nlr-pbe-gw-v1:composition:d58bd920be776473eb804750589fa89220d4f7b2bd97f70b73475e96d46c2a7b,current-nlr-pbe-gw-v1:composition:8652d3f4316964f9f75f7e83be834312dae9c088af64c4905a6da813c01a97a7,Ca Mg O6 Si2,Al O3 Sc,4.944,4.967,0.023,z_b > z_a,log(1 + exp(-(z_b - z_a)))
1664,ADJACENT_STRICT_PBE_ORDER_V1,1.0,2124,2125,100,300,current-nlr-pbe-gw-v1:composition:8652d3f4316964f9f75f7e83be834312dae9c088af64c4905a6da813c01a97a7,current-nlr-pbe-gw-v1:composition:5da1ca17b78421c2dafb30880820fcf869439272019e13880ac0c00f2c96365c,Al O3 Sc,Ba O10 Sc2 Si3,4.967,4.996,0.029,z_b > z_a,log(1 + exp(-(z_b - z_a)))
1665,ADJACENT_STRICT_PBE_ORDER_V1,1.0,2125,2126,300,2105,current-nlr-pbe-gw-v1:composition:5da1ca17b78421c2dafb30880820fcf869439272019e13880ac0c00f2c96365c,current-nlr-pbe-gw-v1:composition:4baac5944c20c8db5834ca89c21017ef24f789ec3d47ea4bb8a9e152a97becdf,Ba O10 Sc2 Si3,O7 Si2 Sr Zr,4.996,5.002,0.006,z_b > z_a,log(1 + exp(-(z_b - z_a)))
1666,ADJACENT_STRICT_PBE_ORDER_V1,1.0,2126,2127,2105,119,current-nlr-pbe-gw-v1:composition:4baac5944c20c8db5834ca89c21017ef24f789ec3d47ea4bb8a9e152a97becdf,current-nlr-pbe-gw-v1:composition:adca9a121b933679e8a09877a8caae69a3eacd28e094e19e4fb2ae3bea042934,O7 Si2 Sr Zr,Al2 Ca3 O12 Si3,5.002,5.007,0.005,z_b > z_a,log(1 + exp(-(z_b - z_a)))
1667,ADJACENT_STRICT_PBE_ORDER_V1,1.0,2127,2128,119,207,current-nlr-pbe-gw-v1:composition:adca9a121b933679e8a09877a8caae69a3eacd28e094e19e4fb2ae3bea042934,current-nlr-pbe-gw-v1:composition:7b133497e73119e9b0b89e80820878c41cb00b8c2466d2924590bc37bc8a4525,Al2 Ca3 O12 Si3,Ba Ca2 Mg O8 Si2,5.007,5.032,0.025,z_b > z_a,log(1 + exp(-(z_b - z_a)))
1668,ADJACENT_STRICT_PBE_ORDER_V1,1.0,2128,2129,207,1788,current-nlr-pbe-gw-v1:composition:7b133497e73119e9b0b89e80820878c41cb00b8c2466d2924590bc37bc8a4525,current-nlr-pbe-gw-v1:composition:b5632ea0221c06796eeacc6d45fe560365ad23b2c63336813464ce81b43fb547,Ba Ca2 Mg O8 Si2,Na O6 Sc Si2,5.032,5.109,0.077,z_b > z_a,log(1 + exp(-(z_b - z_a)))
1669,ADJACENT_STRICT_PBE_ORDER_V1,1.0,2129,2130,1788,131,current-nlr-pbe-gw-v1:composition:b5632ea0221c06796eeacc6d45fe560365ad23b2c63336813464ce81b43fb547,current-nlr-pbe-gw-v1:composition:4ec54278782bdfe004c88db9f618f418ed76f0af4025461281ef31ef6dce5654,Na O6 Sc Si2,Al2 Mg O4,5.109,5.178,0.069,z_b > z_a,log(1 + exp(-(z_b - z_a)))
1670,ADJACENT_STRICT_PBE_ORDER_V1,1.0,2130,2131,131,94,current-nlr-pbe-gw-v1:composition:4ec54278782bdfe004c88db9f618f418ed76f0af4025461281ef31ef6dce5654,current-nlr-pbe-gw-v1:composition:c3f08cd47cb55de098d9949a622bd85b75ee32db15bcd6443452d45cfd7ed80b,Al2 Mg O4,Al Na O6 Si2,5.178,5.214,0.036,z_b > z_a,log(1 + exp(-(z_b - z_a)))
1671,ADJACENT_STRICT_PBE_ORDER_V1,1.0,2131,2132,94,515,current-nlr-pbe-gw-v1:composition:c3f08cd47cb55de098d9949a622bd85b75ee32db15bcd6443452d45cfd7ed80b,current-nlr-pbe-gw-v1:composition:90b939ac72e9285c95e62268f2a9c11374d68d32a28599b1d0f8b3156f707a9b,Al Na O6 Si2,C2 N2 O,5.214,5.229,0.015,z_b > z_a,log(1 + exp(-(z_b - z_a)))
1672,ADJACENT_STRICT_PBE_ORDER_V1,1.0,2132,2133,515,108,current-nlr-pbe-gw-v1:composition:90b939ac72e9285c95e62268f2a9c11374d68d32a28599b1d0f8b3156f707a9b,current-nlr-pbe-gw-v1:composition:0312622c3f09a2681ee686ecc883bea668332f6ddacba973ded9f8353b78d899,C2 N2 O,Al12 Ca O27 Si4,5.229,5.234,0.005,z_b > z_a,log(1 + exp(-(z_b - z_a)))
1673,ADJACENT_STRICT_PBE_ORDER_V1,1.0,2133,2134,108,156,current-nlr-pbe-gw-v1:composition:0312622c3f09a2681ee686ecc883bea668332f6ddacba973ded9f8353b78d899,current-nlr-pbe-gw-v1:composition:1091ce0d05bab471e404e46d139e76b5a4041e5f7cde7c88e4b7d8a6acad657c,Al12 Ca O27 Si4,Al31 O48,5.234,5.35,0.116,z_b > z_a,log(1 + exp(-(z_b - z_a)))
1674,ADJACENT_STRICT_PBE_ORDER_V1,1.0,2134,2135,156,1971,current-nlr-pbe-gw-v1:composition:1091ce0d05bab471e404e46d139e76b5a4041e5f7cde7c88e4b7d8a6acad657c,current-nlr-pbe-gw-v1:composition:c6b7c80f6a092448302c44b2537d521ef887cdfbf3e1273379b1d5b8c6059c38,Al31 O48,O2 Si,5.35,5.643,0.293,z_b > z_a,log(1 + exp(-(z_b - z_a)))
1675,ADJACENT_STRICT_PBE_ORDER_V1,1.0,2135,2136,1971,1252,current-nlr-pbe-gw-v1:composition:c6b7c80f6a092448302c44b2537d521ef887cdfbf3e1273379b1d5b8c6059c38,current-nlr-pbe-gw-v1:composition:0ceff56386ce8b28ff92a3d810475a938fb548cd265adb6d505b7674d8c509dc,O2 Si,Hf O4 Si,5.643,5.686,0.043,z_b > z_a,log(1 + exp(-(z_b - z_a)))
1676,ADJACENT_STRICT_PBE_ORDER_V1,1.0,2136,2137,1252,101,current-nlr-pbe-gw-v1:composition:0ceff56386ce8b28ff92a3d810475a938fb548cd265adb6d505b7674d8c509dc,current-nlr-pbe-gw-v1:composition:cb7a3414286c2c4673ef7c28de6dfa84ec7a972814392ab486c9fccff388d2bc,Hf O4 Si,Al O3 Y,5.686,5.776,0.090,z_b > z_a,log(1 + exp(-(z_b - z_a)))
1677,ADJACENT_STRICT_PBE_ORDER_V1,1.0,2137,2138,101,157,current-nlr-pbe-gw-v1:composition:cb7a3414286c2c4673ef7c28de6dfa84ec7a972814392ab486c9fccff388d2bc,current-nlr-pbe-gw-v1:composition:53313d7158b67d86eaeb55f529c406d7bdc4bb2b6b3acc6fdf18662f128113ba,Al O3 Y,Al31 O48 Zn,5.776,5.789,0.013,z_b > z_a,log(1 + exp(-(z_b - z_a)))
1678,ADJACENT_STRICT_PBE_ORDER_V1,1.0,2138,2139,157,89,current-nlr-pbe-gw-v1:composition:53313d7158b67d86eaeb55f529c406d7bdc4bb2b6b3acc6fdf18662f128113ba,current-nlr-pbe-gw-v1:composition:5a1e77718cf88a9edd3f8d69315187137624f2d76386da326e33aebba3acf18a,Al31 O48 Zn,Al Li O2,5.789,6.132,0.343,z_b > z_a,log(1 + exp(-(z_b - z_a)))
1679,ADJACENT_STRICT_PBE_ORDER_V1,1.0,2139,2140,89,143,current-nlr-pbe-gw-v1:composition:5a1e77718cf88a9edd3f8d69315187137624f2d76386da326e33aebba3acf18a,current-nlr-pbe-gw-v1:composition:db68d5cd81e192a0b7bda51f8348e653b27678732839f6c996f3fc30f1a5b3e6,Al Li O2,Al2 O3,6.132,6.189,0.057,z_b > z_a,log(1 + exp(-(z_b - z_a)))
1680,ADJACENT_STRICT_PBE_ORDER_V1,1.0,2140,2141,143,203,current-nlr-pbe-gw-v1:composition:db68d5cd81e192a0b7bda51f8348e653b27678732839f6c996f3fc30f1a5b3e6,current-nlr-pbe-gw-v1:composition:131114703113be5d5aba5a77d23d6726379a9d8867dfd1463ca47f2fefc8388d,Al2 O3,B2 O3,6.189,6.283,0.094,z_b > z_a,log(1 + exp(-(z_b - z_a)))
