absolute_decision_regret,active_top2_recall,average_correction_kl,chosen_index,coefficient_norm,ei_seconds,ei_spearman,expected_true_nll,max_ei_abs_error,mean_rmse,method,n,normalization_seconds,normalized_regret,pi_max_abs_error,pit_mean_error,pit_variance_error,prediction_seconds,quantile_10_error,quantile_50_error,quantile_90_error,regime,seed,top5_overlap,true_ei_at_selection,true_ei_optimum,true_to_model_kl,variance_rmse
0.2676613204282985,0.0,,30,,0.0005143019998286036,-0.006052414117298227,6.3352767287259155,0.7162620898998527,1.0719560000577673,B1,16,0.0007743599999230355,0.9625772748065667,0.9038853170539374,0.01340454229355803,0.1005492523716973,0.09189727699981631,0.23793723266731856,0.015579467432435157,0.26060996354865085,G,0,0.10679611650485436,0.010406038352933834,0.27806735878123234,5.785431859360169,0.22097038084157752
0.2676613204282985,,,30,,0.004469596000035381,-0.006256892737686674,2.5878173200042873,1.0326411896117755,1.057833927738193,B2-G,16,1.99300006897829e-06,0.9625772748065667,0.679040860923775,0.0007424143912125314,0.009269622643597361,0.6814613500000632,0.028442319459432402,0.005264474541601727,0.014996131165439075,G,0,0.10679611650485436,0.010406038352933834,0.27806735878123234,2.0379724506385406,1.6231223847626732
0.2676613204282985,,,30,,0.003947485000026063,-0.005317981954300331,2.5005238485701833,1.0336030932167946,1.057276069268652,B2-C,16,7.700000423938036e-07,0.9625772748065667,0.7119561900530365,0.017133818277532686,0.00010816972540035608,0.010499179999897024,0.010719647690533504,0.014333636626066015,0.019031882142380607,G,0,0.0970873786407767,0.010406038352933834,0.27806735878123234,1.9506789792044363,1.2032914793568295
0.2676613204282985,,,30,,0.003744804000007207,-0.006237478780221193,2.5902081640604178,1.0842654348208154,1.0580396494960234,B3,16,1.68999986271956e-06,0.9625772748065667,0.697410384123027,0.014465493260081508,0.009234756101510713,0.6991905289999067,0.03730485807923434,0.01030652659027853,0.006726504262878019,G,0,0.10679611650485436,0.010406038352933834,0.27806735878123234,2.0403632946946706,1.61721502448314
0.2676613204282985,,,30,,0.0039786679999451735,-0.006028879669929448,2.7046327769895555,0.8935581404648816,1.0629638612771546,B4,16,1.3720000424655154e-06,0.9625772748065667,0.7626917936729243,0.0084698892326871,0.03888811299613519,0.010743709000053059,0.08927208148547813,0.017194674800927068,0.07892661389461442,G,0,0.0970873786407767,0.010406038352933834,0.27806735878123234,2.154787907623809,1.0184567494673318
0.2676613204282985,,0.04441081958029723,30,0.9975103373639409,0.007708235000109198,-0.005969842910737447,5.814815560401931,0.7085320281292866,1.0724146736039997,E0,16,0.0005957389998911822,0.9625772748065667,0.8406615764866758,0.01871134989951373,0.08713311850893939,0.02895499400005974,0.19776853196306363,0.02067509984843885,0.23156329018262645,G,0,0.10679611650485436,0.010406038352933834,0.27806735878123234,5.264970691036185,0.24383857030985845
0.2676613204282985,,0.04984315685621456,30,1.162354677916657,0.008504807999997865,-0.0057153359447768065,5.655927991677155,0.7308626162228398,1.0724944404918966,E1,16,0.0007100109999100823,0.9625772748065667,0.8622647112988389,0.011781142149344115,0.08698250584833704,0.03108752999992248,0.20776981565964212,0.017939545848526306,0.22046093797509314,G,0,0.10679611650485436,0.010406038352933834,0.27806735878123234,5.106083122311408,0.23590825147706915
0.2705137493915685,0.0,,1631,,0.008263216000159446,0.08480927530559576,1.3398959644886488,0.24785314108444395,0.7390960230397526,B0-NUTS,16,,0.9728353251429034,0.5149650489894899,0.006774806104588027,0.013791540963225532,0.8361445600000934,0.038594258392363245,0.009844193900964138,0.04961979526851146,G,0,0.24271844660194175,0.007553609389663804,0.27806735878123234,0.7900510951229017,1.008055977681964
0.09442984656436126,0.0,,767,,0.0004756779999297578,0.01916269763685184,2.718084452441756,0.31146997267923854,0.9935160228579604,B1,32,0.0006888289999551489,0.4682152368602169,0.6763595450006974,0.001240754096167307,0.07423361258193652,0.006833406999930958,0.18669142192782615,0.0024120770502322753,0.1872708267065415,G,0,0.08737864077669903,0.10725057545179106,0.20168042201615233,2.6856467997779427,0.17857715680836675
0.20168042053384358,,,358,,0.0042206190000797505,0.018656748431318856,1.508286239092841,0.6635336393189954,0.9907664170089777,B2-G,32,1.258999873243738e-06,0.99999999265021,0.6160217666903735,0.008215924053141588,0.009551753745103322,0.011006195999925694,0.024865669652817307,0.016003528879913187,0.019375463999952935,G,0,0.0970873786407767,1.4823087341594528e-09,0.20168042201615233,1.475848586429028,0.9620912379994958
0.20168042053384358,,,358,,0.004051446000175929,0.023180889615735042,1.4990675470718462,0.5935000333218867,1.004921695451752,B2-C,32,1.0209998890786665e-06,0.99999999265021,0.7055942411899306,0.029669008485993076,0.005137973217639882,0.010560299000189843,0.037705875772410996,0.044451803359283115,0.0072539372978325245,G,0,0.07766990291262135,1.4823087341594528e-09,0.20168042201615233,1.4666298944080332,0.9421461424554555
0.20168042053384358,,,358,,0.003811933999941175,0.018626987740541903,1.5089963848692287,0.6782750108351421,0.991430871750617,B3,32,1.4540000847773626e-06,0.99999999265021,0.6154189083643323,0.013024293585458091,0.00954614233211358,0.019933803000185435,0.02925266957597622,0.019916962232861435,0.016675613992619187,G,0,0.0970873786407767,1.4823087341594528e-09,0.20168042201615233,1.4765587322054157,0.9617348700403574
0.20168042053384358,,,358,,0.003964748000043983,0.018783154009022404,1.5293889084919592,0.6137615321170695,0.9909636124169781,B4,32,1.4080001164984424e-06,0.99999999265021,0.6206955810477714,0.005995166681427855,0.016050897660557853,0.010573091999958706,0.04065233052234357,0.01034244682368135,0.036807185323631475,G,0,0.0970873786407767,1.4823087341594528e-09,0.20168042201615233,1.4969512558281461,0.8270928707250595
0.20168042053384358,,0.1458171488884643,358,1.2351635149619782,0.007455930999867633,0.019389827300537007,2.2835553295127413,0.44961507404023926,0.9923140857676033,E0,32,0.0006144159999621479,0.99999999265021,0.6291208533044528,0.0001180110751729524,0.04362268431267162,0.028542517999994743,0.11512265703566746,0.007004068137549335,0.10919384776291052,G,0,0.0970873786407767,1.4823087341594528e-09,0.20168042201615233,2.2511176768489283,0.3819560754053088
0.20168042053384358,,0.25814352965973586,358,1.4585209512461328,0.008552740999903108,0.020061440183720216,2.170491510288028,0.5359865305637344,0.9992059470805766,E1,32,0.0006531340000037744,0.99999999265021,0.6559201257114698,0.02014365448903821,0.03745385589719781,0.029756610999811528,0.11305718178851479,0.027325785226015364,0.0822625425520308,G,0,0.08737864077669903,1.4823087341594528e-09,0.20168042201615233,2.138053857624215,0.39381462150916896
0.20168041383553462,0.0,,1631,,0.0029726850000315608,0.07895888658888485,1.2407391951142597,0.17042798266036915,0.7748251278907259,B0-NUTS,32,,0.9999999594377201,0.606221535501315,0.004021091836726498,0.0005506449583644463,1.5206441190000533,0.013656964599275068,0.003970169439883486,0.0017798638086755636,G,0,0.1941747572815534,8.18061771147104e-09,0.20168042201615233,1.2083015424504466,0.7206240377706996
0.000948037186269679,1.0,,1103,,0.0004973039999640605,0.8532883922788616,-0.5398843600251901,0.040916681684806666,0.04167523193673974,B1,64,0.0006603469998935907,0.027494669925448214,0.12249099859645973,0.0008062247868323991,0.017672283873051517,0.006379392999861011,0.03840183832147447,0.0007936691545739061,0.03952414288034678,G,0,0.9320388349514563,0.033532725406635835,0.034480762592905514,0.14246503077467565,0.017804214927277393
0.000948037186269679,,,1103,,0.004196544000024005,0.6845008371961161,-0.40979109750747644,0.059946354030832566,0.047869215542154515,B2-G,64,1.3080000371701317e-06,0.027494669925448214,0.1449302627124267,0.028996848518967,0.03797699327461147,0.011124343999881603,0.08251964991955746,0.03897222413410251,0.06891626039529608,G,0,0.9320388349514563,0.033532725406635835,0.034480762592905514,0.27255829329238934,0.051779440349615076
0.0,,,15,,0.0039656339999964985,0.6848504844953226,-0.5517248231073226,0.03799975297774941,0.05042733918551979,B2-C,64,8.690001322975149e-07,0.0,0.13649105837877046,0.021226571784951687,0.010547890942291235,0.010466476999908991,0.01031404348217213,0.02217663949676174,0.03195519608833408,G,0,0.9223300970873787,0.034480762592905514,0.034480762592905514,0.13062456769254316,0.02654122685922713
0.000948037186269679,,,1103,,0.003738294999948266,0.6845013626729017,-0.40886595136527554,0.0589002424364017,0.04914672133176363,B3,64,1.1820000054285629e-06,0.027494669925448214,0.14164294192032512,0.0323262746363816,0.03803008115540686,0.02103778799983047,0.08335995679077579,0.045819917525921294,0.06836783487097609,G,0,0.9320388349514563,0.033532725406635835,0.034480762592905514,0.27348343943459025,0.05178752065275383
0.000948037186269679,,,1103,,0.003959306000069773,0.6844966793831653,-0.44541882105846514,0.056229475547605115,0.04746509179611045,B4,64,1.3950000266049756e-06,0.027494669925448214,0.12308577765919582,0.033663838182004246,0.032518893122382944,0.010588310999992245,0.07540673431631605,0.04804025468643447,0.06535687830111658,G,0,0.9320388349514563,0.033532725406635835,0.034480762592905514,0.23693056974140064,0.047830428742982725
0.000948037186269679,,0.020369992212683874,1103,0.42291576034444056,0.007733014999985244,0.6844697367552447,-0.48606975512016676,0.042605699013084364,0.048777919999480564,E0,64,0.000605439000082697,0.027494669925448214,0.10909804442851445,0.041301570105498175,0.027651073879965918,0.028480003999902692,0.06591849481705576,0.06823900447184672,0.04911399206128342,G,0,0.9320388349514563,0.033532725406635835,0.034480762592905514,0.19627963567969903,0.026948111106683596
0.0,,0.021675043311749312,15,0.6335723047522737,0.00862655200012341,0.6844833991516726,-0.48774295923631217,0.03746569903715559,0.055556128083471455,E1,64,0.0008018060000267724,0.0,0.11534111186752011,0.036724041813189,0.02768506150223328,0.031137205000050017,0.06495933308334187,0.053191422454274884,0.03697390964714886,G,0,0.9320388349514563,0.034480762592905514,0.034480762592905514,0.19460643156355362,0.025556196120193428
0.00572620226851895,1.0,,1935,,0.004169195000031323,0.5690466129537661,0.02677883450317199,0.05447476204771734,0.18191204514523956,B0-NUTS,64,,0.16606947868656266,0.13759197326357286,0.013305970670873357,0.038767400529298904,3.7980588640000406,0.07208526174326155,0.02139466476266294,0.08329002170735067,G,0,0.7766990291262136,0.028754560324386565,0.034480762592905514,0.7091282253030377,0.12343660772354315
0.8685646255626637,0.0,,30,,0.0005923200001234363,-0.017609168381304677,3.279189347830553,0.8909544227198405,1.321052485860082,B1,16,0.0008406179999838059,0.9656817260386248,0.6331750755457127,0.009897884178626803,0.06600138759963843,0.00837225700001909,0.17315392054966014,0.01155707060997102,0.15544083881597304,W,0,0.08737864077669903,0.030866938836560897,0.8994315643992246,2.572439244125374,0.6138485860762641
0.8685646255626637,,,30,,0.006079458000158411,-0.0213259220502256,2.1400650158458383,1.1999278747797049,1.290851991410753,B2-G,16,1.4320000900625018e-06,0.9656817260386248,0.6258727737621753,0.013427976063226321,0.020688771434210676,0.016766747000019677,0.06415075919259669,0.04016953157494707,0.033717179547151144,W,0,0.10679611650485436,0.030866938836560897,0.8994315643992246,1.4333149121406592,3.9114967475781266
0.8993457123678789,,,1774,,0.00580689599996731,-0.01550565061726076,2.062343809464757,0.9271362182207529,1.270762542291079,B2-C,16,8.629999683762435e-07,0.9999045485674021,0.5995563836459598,0.0217786892402958,0.01733421555021407,0.015089553000052547,0.04793410798895161,0.04369381438166153,0.03935970834659874,W,0,0.07766990291262135,8.585203134570155e-05,0.8994315643992246,1.3555937057595777,2.617351459161298
0.8685646255626637,,,30,,0.003785547999996197,-0.021386635409719433,2.1426143853239514,1.3048682129244316,1.3101453158309555,B3,16,1.5990001429599943e-06,0.9656817260386248,0.6244267886019339,0.03741268690084121,0.020045898230242984,0.02415196000015385,0.0524754252739265,0.079016272697224,0.041535273514597626,W,0,0.10679611650485436,0.030866938836560897,0.8994315643992246,1.4358642816187723,3.8808719514084498
0.8685646255626637,,,30,,0.004010551999954259,-0.0214083695489505,2.0962202535596846,0.9458696685959734,1.2960778759337186,B4,16,1.4269999155658297e-06,0.9656817260386248,0.6274263156094458,0.0036894809287009167,0.002011156492771629,0.01115736199994899,0.0173269240280097,0.010050369929753389,0.009642679307050872,W,0,0.0970873786407767,0.030866938836560897,0.8994315643992246,1.3894701498545055,2.662286669371656
0.8685646255626637,,0.053852624792256776,30,0.8679033968295133,0.007488462000083018,-0.01767639038618344,2.9908760107735564,0.8909544227095063,1.3148482464144438,E0,16,0.0006254580000586429,0.9656817260386248,0.6331750755277323,0.005086866418250291,0.04634392487561022,0.029048332999991544,0.10717891259047971,0.002692159843965647,0.125945601679481,W,0,0.08737864077669903,0.030866938836560897,0.8994315643992246,2.2841259070683773,0.7453949834301158
0.8993457123678789,,0.08923574151241372,1774,1.088179026863609,0.008650390999946467,-0.01758706539322063,2.919244609156954,0.8909544226922023,1.290954917662778,E1,16,0.0006736309999268997,0.9999045485674021,0.6331750754118042,0.020445694324448982,0.04455161690654462,0.030822489999991376,0.1232330748984396,0.028258053085182144,0.10268883791641004,W,0,0.07766990291262135,8.585203134570155e-05,0.8994315643992246,2.212494505451775,0.7066495152351735
0.8768722929825676,0.0,,1631,,0.0026248920000853104,0.08557867480088437,1.6427255849722882,0.823045002142114,0.9926977999064013,B0-NUTS,16,,0.9749183013921405,0.5294532196146484,0.031825321519549366,0.019148299370869717,0.7575403069999993,0.07876352845378849,0.09975585559473898,0.02774627341707292,W,0,0.22330097087378642,0.022559271416656958,0.8994315643992246,0.935975481267109,1.884433518598679
0.6597783117099598,0.0,,30,,0.0004982959999324521,0.011734247299579968,5.176852548245285,0.9542345417293896,1.4108269654010044,B1,32,0.0006764540000858688,1.0,0.8998450005992742,0.01615313095087817,0.09695946342319318,0.007037345000071582,0.25929822212226605,0.012974110479848311,0.2204430604148545,W,0,0.07766990291262135,0.0,0.6597783117099598,5.029403568170709,0.35895569507768155
0.6597783117099598,,,30,,0.004267544999947859,0.012373513877727685,2.27779234752174,1.1377108200170327,1.4087566612229003,B2-G,32,1.419000000169035e-06,1.0,0.740371612918701,0.017370543716720865,0.039027127781184626,0.011742874999981723,0.11370350232711093,0.01919796519215433,0.08579851467884714,W,0,0.06796116504854369,0.0,0.6597783117099598,2.130343367447164,1.0968218576480515
0.6597783117099598,,,30,,0.004014018999896507,-0.0108740721727123,2.0857321020772246,1.139680653057663,1.4013630017441394,B2-C,32,8.949998573370976e-07,1.0,0.7825337387091673,0.033337715454860306,0.007898456013183994,0.011212250000198765,0.044017493465620755,0.045023666539057317,0.0077372584625236,W,0,0.05825242718446602,0.0,0.6597783117099598,1.9382831220026486,1.4905193578812848
0.6597783117099598,,,30,,0.003755940000019109,0.012372444850232709,2.2782370879279696,1.1477018463929636,1.4091063230010161,B3,32,1.1460001587693114e-06,1.0,0.7435638816839873,0.019533597420623827,0.03901022830217342,0.019774890000007872,0.11657181507155881,0.020847304383509013,0.08421428869641234,W,0,0.06796116504854369,0.0,0.6597783117099598,2.1307881078533937,1.0967213996419056
0.6597783117099598,,,30,,0.004005993999953716,0.012459184280217875,2.3293958571303497,1.0723819525894904,1.408813399217931,B4,32,1.5219998203974683e-06,1.0,0.7811174364643341,0.01315572469035392,0.05285822757130636,0.011204383000176676,0.15349317094818557,0.00970278817613257,0.11742289141694828,W,0,0.07766990291262135,0.0,0.6597783117099598,2.1819468770557737,0.894205892477924
0.6597783117099598,,0.05173196139163598,30,0.8352409078744139,0.007515700999874753,0.011211391085613812,4.7397981555756274,0.945456844779493,1.4099105277689519,E0,32,0.0006198579999363574,1.0,0.8276201916485948,0.010183290848316762,0.08252651630971598,0.029184972999928505,0.21872243369247327,0.009133148365315868,0.1913237573735339,W,0,0.07766990291262135,0.0,0.6597783117099598,4.5923491755010515,0.4215442607720962
0.6597783117099598,,0.18472578810870585,30,1.1167909966226461,0.008596695000051113,0.00864105003392829,4.340988669279413,0.9827150961054485,1.4124443632466899,E1,32,0.0006490390001090418,1.0,0.8322065962610787,0.0013227780502838016,0.07314595770259834,0.03089264200002617,0.19464387360076438,0.009369912244189538,0.16340637340914344,W,0,0.07766990291262135,0.0,0.6597783117099598,4.193539689204837,0.43658996513091847
0.6597782901610691,0.0,,1631,,0.0026675869999053248,0.07260212408543275,1.4896144117324,0.6462869432380092,0.9872218978227799,B0-NUTS,32,,0.9999999673391952,0.6198916697018471,0.015312860334379064,0.0038073892187112796,1.5886003949999576,0.06166675536095237,0.07350148824756919,0.0220962873962377,W,0,0.1650485436893204,2.154889068557138e-08,0.6597783117099598,1.3421654316578238,1.121383173648325
0.027935191449166952,1.0,,1935,,0.0004803849999461818,0.5001532454461163,0.03814913057340598,0.1488975806744638,0.17193222151876825,B1,64,0.0006873209999866958,0.178044395222311,0.30593509581672973,0.011721728620780802,0.021503723675021333,0.007077311000102782,0.03246115638970444,0.022429832617524514,0.044759404946462245,W,0,0.7864077669902912,0.12896495367635818,0.15690014512552514,0.6455357785329062,0.12980271093827048
0.08872207141760959,,,1615,,0.004251637000152186,0.6649587897033123,0.2197925403173488,0.12923713531337458,0.1763691495850902,B2-G,64,1.2920002063765423e-06,0.5654683833888687,0.23707143993485313,0.019623050654020258,0.046344056927876534,0.01173723300007623,0.08368741673533993,0.05263099100964197,0.07435939187260432,W,0,0.7864077669902912,0.06817807370791555,0.15690014512552514,0.8271791882768491,0.25138416360224203
0.09470641125900756,,,527,,0.004063268999971115,0.6618804393332052,0.07652723276077036,0.14756822418372592,0.18107306058074216,B2-C,64,7.630001164216083e-07,0.6036094560858398,0.3383713013961459,0.03604802084098879,0.024259657746737842,0.011226552000152878,0.0533637073957043,0.07560016924468915,0.03077517079486769,W,0,0.7378640776699029,0.062193733866517574,0.15690014512552514,0.6839138807202706,0.2130718277879465
0.08872207141760959,,,1615,,0.0038151870001001953,0.6649587851835183,0.2206292409948772,0.12987463300711322,0.17777366445095208,B3,64,1.1439999525464373e-06,0.5654683833888687,0.23960455186214813,0.023870800113687807,0.0463864613075949,0.02073403600002166,0.08424930226753702,0.06482284402224203,0.07387523835765153,W,0,0.7864077669902912,0.06817807370791555,0.15690014512552514,0.8280158889543775,0.25139979777715415
0.08872207141760959,,,1615,,0.004033269999808908,0.6649614428224188,0.13097476855067983,0.12601755224067954,0.1766984017713831,B4,64,1.2809998679585988e-06,0.5654683833888687,0.26897452370175545,0.03104639617878102,0.03785182105311864,0.011338954000166268,0.07523554411190247,0.07795230573710593,0.06682074215496336,W,0,0.7864077669902912,0.06817807370791555,0.15690014512552514,0.7383614165101801,0.23498227503810346
0.027935191449166952,,0.024851313815976266,1935,0.4861065213925901,0.0077770090001649805,0.6649530179263125,0.09073335516119307,0.14737897666990715,0.17923814779233685,E0,64,0.0006029490000400983,0.178044395222311,0.3006456048496041,0.040409997812679066,0.03009799991242325,0.029201957000168477,0.059391790916121845,0.09212907594310332,0.046955039603732485,W,0,0.7864077669902912,0.12896495367635818,0.15690014512552514,0.6981200031206933,0.1456675003910986
0.027935191449166952,,0.03166194538337687,1935,0.6702178503251015,0.008644366999988051,0.6649365297176238,0.09986834376978833,0.1495814383138088,0.1795114549203173,E1,64,0.000672251999958462,0.178044395222311,0.3105831556302384,0.03582816850877346,0.026603561588934274,0.033650556999873515,0.05230232264552766,0.09096078543703201,0.04591695952606123,W,0,0.7864077669902912,0.12896495367635818,0.15690014512552514,0.7072549917292886,0.1434677489741796
0.027935191449166952,1.0,,1935,,0.002707878000137498,0.49281889723838024,0.35102662948041286,0.14074099923066977,0.24026847734487114,B0-NUTS,64,,0.178044395222311,0.3082460642271502,0.016543860199861093,0.046713790065034386,3.6203734509999776,0.0908198679160819,0.05815692254133675,0.07082440612426644,W,0,0.7184466019417476,0.12896495367635818,0.15690014512552514,0.958413277439913,0.2647525166254327
0.08702171489638141,0.5,,1086,,0.0005985919999602629,0.36271345962324303,22.676145024940052,0.3770196391121785,0.6716801072717118,B1,16,0.0008385219998672255,0.8438522141671617,0.9854667388571036,0.008358420192945415,0.12416637223367623,0.008614216000069064,0.31100033137881344,0.0075335190742570335,0.2957808503610523,G,1,0.05825242718446602,0.01610263962376087,0.10312435452014228,22.093571954075827,0.29217709625721855
0.08702171489638141,,,1086,,0.006109630000082689,0.3630117526210722,14.162813849723626,0.39269982141791027,0.6714728194061954,B2-G,16,1.3860001217835816e-06,0.8438522141671617,0.8493316225176911,0.01332912011511711,0.07478187045069755,0.014983104000066305,0.1995528024214421,0.015373398808997019,0.17147513972838324,G,1,0.05825242718446602,0.01610263962376087,0.10312435452014228,13.580240778859402,0.24770999358626855
0.08702171489638141,,,1086,,0.005826122000144096,0.38837979905777703,13.68195994105999,0.4216308501902759,0.6693879791653712,B2-C,16,8.680001428729156e-07,0.8438522141671617,0.7698741540710341,0.01152600997933545,0.06417293148763321,0.014540501000055883,0.1761074000257383,0.011465083018685984,0.15854168520035883,G,1,0.08737864077669903,0.01610263962376087,0.10312435452014228,13.099386870195765,0.20447942994913532
0.07485288749185064,,,1054,,0.003799702999913279,0.36294942056626983,14.170187111921074,0.4018487609007827,0.6720180138990243,B3,16,1.0809999366756529e-06,0.7258507249830141,0.8577779910940247,0.019203843643872398,0.07471264937532367,0.028270981000105166,0.20559761841917543,0.02053846030408024,0.16662312014401626,G,1,0.05825242718446602,0.02827146702829164,0.10312435452014228,13.587614041056849,0.2476339499273048
0.08702171489638141,,,1086,,0.004049342999906003,0.3630042985981033,14.36281350984737,0.3825231165130328,0.6713754015224022,B4,16,1.5480000001844019e-06,0.8438522141671617,0.8855338224837931,0.00873582683498425,0.08638379682601906,0.010805912000023454,0.2263349416326668,0.006185152530634008,0.20492114095276281,G,1,0.05825242718446602,0.01610263962376087,0.10312435452014228,13.780240438983146,0.24628413814877345
0.08702171489638141,,0.08223234458948192,1086,0.8845703226105978,0.007569088000082047,0.3678390217471279,22.1200215089365,0.3618167319885774,0.6719248936205321,E0,16,0.0006310769999799959,0.8438522141671617,0.9700717041574962,0.0014342211712443653,0.11331192996317634,0.02857767000000422,0.27782497920012816,0.0036692540853460742,0.27385842734971877,G,1,0.05825242718446602,0.01610263962376087,0.10312435452014228,21.537448438072275,0.27944827314671905
0.08702171489638141,,0.1260064172670347,1086,1.0325494025095332,0.008637703000204056,0.3691204903199052,21.840390348422552,0.37888530568350126,0.6747385185871382,E1,16,0.0006710980001116695,0.8438522141671617,0.9583874373824876,0.0002695463524760022,0.1110258730144628,0.030364716000121916,0.2722104637221954,0.0009596890453563711,0.270570943392317,G,1,0.05825242718446602,0.01610263962376087,0.10312435452014228,21.257817277558328,0.27673322915623644
0.10287126553753671,0.5,,1817,,0.0033112400001300557,0.44919566361100766,1.0935219942086962,0.256415595811439,0.4972962646127403,B0-NUTS,16,,0.9975457884436394,0.5392268844204203,0.0023152110306309814,0.007906107033876078,0.8057123829999,0.024206089432562417,0.002330380195441739,0.0163850314835694,G,1,0.08737864077669903,0.00025308898260557053,0.10312435452014228,0.510948923344472,0.28404898281871443
0.10467976246708587,0.5,,1970,,0.0005020969999804947,0.3799609957371738,3.0974778223113795,0.10965967415462341,0.6629019862259082,B1,32,0.0006789990000015678,0.9545875752841168,0.744037203722167,0.025004685878541544,0.08085693785854835,0.0071890970000367815,0.17676818213862225,0.025783346823141762,0.22852353324286623,G,1,0.13592233009708737,0.004979911697361242,0.10965967416444711,3.065988763802861,0.08950757184570318
0.10219423226143204,,,382,,0.004397886999868206,0.37580515045498786,1.3560472387040239,0.20193377798912032,0.6617636371851185,B2-G,32,1.2230000265844865e-06,0.9319217209069964,0.712836649691496,0.017170811823766896,0.030507294423076523,0.011189862000037465,0.06046711334712354,0.01842414860880537,0.09199627973822133,G,1,0.06796116504854369,0.007465441903015065,0.10965967416444711,1.324558180195505,0.2690442311909875
0.050778645009335106,,,114,,0.004039733999888995,0.3907643592332136,1.270356480437448,0.20657770871157877,0.6632059490743994,B2-C,32,7.740000000922009e-07,0.46305668329076716,0.7187585311950646,0.022965821721818935,0.029954633960062746,0.010725717000013901,0.054877547092739565,0.027740764952503716,0.09744925439224372,G,1,0.1553398058252427,0.058881029155112,0.10965967416444711,1.2388674219289293,0.20590354664610086
0.10219423226143204,,,382,,0.0037350520001382392,0.3757829175682671,1.3555993235785402,0.20450884980540962,0.6614022963104749,B3,32,1.0969999948429177e-06,0.9319217209069964,0.7121945392446949,0.015055956950363658,0.030547407668941914,0.020113810000111698,0.061791561149818236,0.01585033784126305,0.09046241841088332,G,1,0.06796116504854369,0.007465441903015065,0.10965967416444711,1.3241102650700214,0.26901418762185647
0.10219423226143204,,,382,,0.0039981330000955495,0.3757041486488276,1.390498306935936,0.1804532052949822,0.6617929647266564,B4,32,1.4780000583414221e-06,0.9319217209069964,0.7199960241075376,0.017304531049883498,0.038831727708058913,0.010759998000139603,0.07947027298724799,0.016887711147577922,0.11743247458492101,G,1,0.07766990291262135,0.007465441903015065,0.10965967416444711,1.3590092484274172,0.2269378381839312
0.10467976246708587,,0.045992958164840836,1970,0.7924005877149297,0.009454747000063435,0.37974419365333223,2.75326701436138,0.1341169103045879,0.6616883311886161,E0,32,0.0007665539999379689,0.9545875752841168,0.7435393056585025,0.017753682440396545,0.0649416210435657,0.03512455599980058,0.14405548084033237,0.016567826648426875,0.18001587245043515,G,1,0.11650485436893204,0.004979911697361242,0.10965967416444711,2.7217779558528616,0.10745313955841422
0.10467976246708587,,0.06981956514568449,1970,0.9136876683557499,0.008684385999913502,0.38248954129594814,2.689032796563758,0.13842411398769028,0.6627503999953792,E1,32,0.0006509419999929378,0.9545875752841168,0.7434800210246987,0.023023736196729372,0.06298492634511636,0.03173963299991556,0.13603421263284535,0.02589495344262882,0.18089769009451473,G,1,0.13592233009708737,0.004979911697361242,0.10965967416444711,2.6575437380552396,0.09907345180679553
0.10963268069543883,0.5,,750,,0.004297337000025436,0.4144897997682096,1.0071191748465562,0.21618314450238033,0.5783524035975827,B0-NUTS,32,,0.9997538432499097,0.7016171292102504,0.027383358808352742,0.01121404001566538,1.650450150999859,0.00035759060181655977,0.02662991848345775,0.0575174540283635,G,1,0.08737864077669903,2.699346900828458e-05,0.10965967416444711,0.9756301163380374,0.29558453833933984
4.361663007816652e-05,1.0,,1618,,0.000490671999841652,0.8941828146032821,-0.5860790024426579,0.015703836073972473,0.03600037301485203,B1,64,0.0007130519998099771,0.0008639449106939432,0.10524005855638952,0.008552932572066574,0.013099249649320036,0.007066377000001012,0.03231850464196612,0.00948580846731284,0.021166405431650492,G,1,0.8349514563106796,0.05044181309845915,0.05048542972853732,0.0737800754389879,0.010953027870707406
4.361663007816652e-05,,,1618,,0.004340271999808465,0.8606536934804462,-0.29146500389012087,0.0589564276103575,0.053716760808585895,B2-G,64,1.6440001218143152e-06,0.0008639449106939432,0.1985759633563835,0.03661828907117548,0.05099807248984885,0.011400446999914493,0.09567668922270794,0.06739600507810029,0.09008279190325885,G,1,0.8349514563106796,0.05044181309845915,0.05048542972853732,0.3683940739915249,0.09632770476832894
4.361663007816652e-05,,,1618,,0.004010670000070604,0.849097942170346,0.060137809581688004,0.12251661446649242,0.07738502324253263,B2-C,64,8.280001111415913e-07,0.0008639449106939432,0.25446077834129865,0.05285553128679321,0.06650964314486803,0.010685338000030242,0.09928080004600251,0.17702315425893672,0.09768388122975302,G,1,0.6407766990291263,0.05044181309845915,0.05048542972853732,0.7199968874633338,0.19327714340028052
4.361663007816652e-05,,,1618,,0.0037328509999952075,0.8606485702080612,-0.2893088694275079,0.05589876810349393,0.0582218617520698,B3,64,1.2389998573780758e-06,0.0008639449106939432,0.19220911379661065,0.04369929434006381,0.051095299075988046,0.020546228000057454,0.09619877183522399,0.08543491363312022,0.08893120469194005,G,1,0.8349514563106796,0.05044181309845915,0.05048542972853732,0.3705502084541379,0.09631935038362864
4.361663007816652e-05,,,1618,,0.004046773000027315,0.8607245049421054,-0.3712517964175872,0.05414163150997584,0.04460287809817612,B4,64,1.5509999684581999e-06,0.0008639449106939432,0.1945701468956489,0.012904158247838193,0.0444807196767545,0.010768755999833957,0.09286621849479323,0.014477128691219754,0.08328667142186874,G,1,0.8446601941747572,0.05044181309845915,0.05048542972853732,0.28860728146405856,0.08335079594571121
4.361663007816652e-05,,0.08317730478379057,1618,0.9679056316687993,0.0075726080001459195,0.8601251256136345,-0.45279142755029816,0.04099772063017461,0.03769634183014208,E0,64,0.0006190779999997176,0.0008639449106939432,0.20182878137498217,0.012720463567169493,0.03759348438070849,0.028571811999881902,0.07136358298038634,0.018479853204296126,0.06949163631146404,G,1,0.8349514563106796,0.05044181309845915,0.05048542972853732,0.2070676503313476,0.03412211160472748
4.361663007816652e-05,,0.15539002544663338,1618,1.026132874059435,0.00861069799998404,0.8595403904263431,-0.39766922359218204,0.05015632363245022,0.039313008791141635,E1,64,0.0006710810000640777,0.0008639449106939432,0.21584376960834784,0.009931110988368907,0.042576421274664336,0.030123153999966235,0.08132638271007911,0.009334614349810089,0.08197372955998461,G,1,0.8058252427184466,0.05044181309845915,0.05048542972853732,0.26218985428946373,0.04162628001659176
0.0,1.0,,1918,,0.006496291000075871,0.7579321508023614,-0.20930353012767441,0.028713380770824262,0.09917470561114577,B0-NUTS,64,,0.0,0.3805611675264621,0.015170794880638439,0.03835574834032458,3.846579148000046,0.0800390621699384,0.02307270156284602,0.07192837103009109,G,1,0.6116504854368932,0.05048542972853732,0.05048542972853732,0.45055554775397133,0.062177638732584306
0.21852595791940244,0.5,,114,,0.0005066260000603506,0.36800201537893584,11.110483655765144,0.28008120470364933,0.7478982623368232,B1,16,0.0006716519999372395,0.7802127738701109,0.623421315598274,0.00610128372873453,0.09336028933344108,0.007313224999961676,0.23618636902408494,0.005220998711494285,0.22634215367723554,W,1,0.11650485436893204,0.06155912302004708,0.2800850809394495,10.449356078933516,0.49110068941766377
0.25607514187623065,,,1650,,0.004269211000064388,0.36266093856500387,5.6998408161685115,0.3769650067623869,0.7464226578773013,B2-G,16,1.2839998362323968e-06,0.9142762656879626,0.6154550535982999,0.010824053364355435,0.03469967700464331,0.012125697000101354,0.10685044120009463,0.01643600950443247,0.08253391080304295,W,1,0.10679611650485436,0.024009939063218876,0.2800850809394495,5.038713239336882,0.4544214407953454
0.21852595791940244,,,114,,0.004036746999872776,0.3295085667184772,7.765825070487758,0.3749097622451998,0.7522943506664215,B2-C,16,9.719999525259482e-07,0.7802127738701109,0.6196759556567542,0.02542163781614576,0.05783184584791455,0.011252555000055509,0.17147800917441533,0.029757457787910724,0.12740795698603224,W,1,0.13592233009708737,0.06155912302004708,0.2800850809394495,7.104697493656129,0.43737264775773715
0.25607514187623065,,,1650,,0.0037308470000425586,0.36264803179191935,5.702590026585288,0.38847822959016826,0.7468168598093343,B3,16,1.1919998996745562e-06,0.9142762656879626,0.6148709105294611,0.016936470614236532,0.03464937319799076,0.02136471700009679,0.11089706903662067,0.026566280868200787,0.07989921388290555,W,1,0.10679611650485436,0.024009939063218876,0.2800850809394495,5.041462449753658,0.4542022554451822
0.25607514187623065,,,1650,,0.004031242000110069,0.3622928766886552,5.764771432073493,0.31171638232868193,0.7463259592151624,B4,16,1.3880001006327802e-06,0.9142762656879626,0.6166528174392472,0.0014224333664530908,0.051020682034019674,0.011155681999980516,0.13842270088945482,0.0056398333367537745,0.12517750233196856,W,1,0.0970873786407767,0.024009939063218876,0.2800850809394495,5.103643855241864,0.4223056587017244
0.21852595791940244,,0.05821573355681915,114,0.7504943743154943,0.007532615999934933,0.3682746021528558,10.75881924985476,0.28007744190071143,0.7481910571130204,E0,16,0.0006289680000008957,0.7802127738701109,0.6234213134795666,0.012262318529457583,0.081535996721172,0.029264465000096607,0.20060393627327586,0.027639342571150582,0.2068711918777535,W,1,0.11650485436893204,0.06155912302004708,0.2800850809394495,10.097691673023132,0.47051535731253186
0.2441661974926336,,0.05589346282397763,434,0.8620826424004251,0.00858270599997013,0.3677772059416009,10.837186113466375,0.3014819920520787,0.7529377776725293,E1,16,0.0006598580000627408,0.8717572413127529,0.6234213118160545,0.01118929926925677,0.08247167950321539,0.03074004099994454,0.21327531016846132,0.021004721043940577,0.20089008444291678,W,1,0.11650485436893204,0.0359188834468159,0.2800850809394495,10.176058536634745,0.47238576828147794
0.27943363268899934,0.5,,1817,,0.0030409020000661258,0.38251505052919604,1.3021650061643884,0.2702283783853556,0.6153243046277374,B0-NUTS,16,,0.9976741058528891,0.5811550634457475,0.016721012557549375,0.005171357024766801,0.826083140000037,0.0073227655481437615,0.045607718395902275,0.024284585957682014,W,1,0.11650485436893204,0.000651448250450137,0.2800850809394495,0.6410374293327592,0.4488073010267242
0.13115027603760412,0.5,,114,,0.0005652610000197456,0.3856027298032128,3.684636272729547,0.28022742557441654,0.7978517391382721,B1,32,0.0008326530000886123,0.4680137062557023,0.7626094879632983,0.007600010805143831,0.08080751336173224,0.00818788899982792,0.19207023774512313,0.005817582866514681,0.21018509761163495,W,1,0.07766990291262135,0.1490771495368711,0.2802274255744752,3.570222736429087,0.16823240150246827
0.13115027603760412,,,114,,0.006056397000065772,0.38224093063682235,1.7759902251436808,0.28022572607722807,0.7964319956025644,B2-G,32,1.5670000266254647e-06,0.4680137062557023,0.7432848780703292,0.008694612320671702,0.03845368849667401,0.015413722999937818,0.0853842124292695,0.005094459536171159,0.11139964018671467,W,1,0.07766990291262135,0.1490771495368711,0.2802274255744752,1.6615766888432204,0.2608220810574049
0.13115027603760412,,,114,,0.005819907000159219,0.28172943520042204,4.350595515255698,0.28019710230712097,0.799716493484512,B2-C,32,8.160000106727239e-07,0.4680137062557023,0.743638646982316,0.019991043027532962,0.052791052050747286,0.014907191000020248,0.11919712703972032,0.024502682886511973,0.15139102166080431,W,1,0.06796116504854369,0.1490771495368711,0.2802274255744752,4.236181978955237,0.23325367174247716
0.13115027603760412,,,114,,0.0037486869998701877,0.3822380334354358,1.7758545153412473,0.2802257147977878,0.7963795848076445,B3,32,1.2259999948582845e-06,0.4680137062557023,0.7432794341949934,0.008366834351366759,0.03846401146416088,0.024714942999935374,0.08575551133212653,0.004866329551659998,0.11139964018445625,W,1,0.07766990291262135,0.1490771495368711,0.2802274255744752,1.661440979040787,0.26081624326139324
0.13115027603760412,,,114,,0.004032589999951597,0.38117320325443727,1.7612677527138196,0.2802182342109827,0.7967155077571907,B4,32,1.6439998944406398e-06,0.4680137062557023,0.7423294529779851,0.007261228094951888,0.050749762992013156,0.011182763000078921,0.11874608132313222,0.003620601091449349,0.14039177903375932,W,1,0.07766990291262135,0.1490771495368711,0.2802274255744752,1.6468542164133593,0.22188611002166686
0.13115027603760412,,0.021387941779808115,114,0.6325603904891878,0.0075003509998623485,0.384859783347438,3.415363337921047,0.2802274255743721,0.7969027622480503,E0,32,0.0006190530000367289,0.4680137062557023,0.7443782467108696,0.00289348886060925,0.07039515703859954,0.028863207999847873,0.17274027141695905,0.0015349347925869283,0.1792359766030437,W,1,0.07766990291262135,0.1490771495368711,0.2802274255744752,3.3009498016205865,0.16541349560411356
0.13115027603760412,,0.04157366757355502,114,0.8112065343870406,0.008745047000047634,0.385512099599133,3.3874762697553353,0.28022742557432484,0.7961480462894666,E1,32,0.000650419999828955,0.4680137062557023,0.7443782162702618,0.005772371333982673,0.06948704625025019,0.030571995999935098,0.1700639657786149,0.006666436832127198,0.17808867307952136,W,1,0.08737864077669903,0.1490771495368711,0.2802274255744752,3.273062733454875,0.1637632494574532
0.2801619318344801,0.5,,750,,0.0050787499999387364,0.4123911540150901,1.275030148238081,0.2798031375277115,0.7360681904862951,B0-NUTS,32,,0.999766283618169,0.7389949882151647,0.009903069467319336,0.021116859937869256,1.6336367199999131,0.03074026239521116,0.00617203771162389,0.08312006601675459,W,1,0.0970873786407767,6.549373999506793e-05,0.2802274255744752,1.1606166119376207,0.3157465118801162
0.0018444310411835918,1.0,,1918,,0.0004856369998833543,0.6699428162432581,0.1348537858639623,0.14913494334971,0.3281864025471671,B1,64,0.0006757710000329098,0.012356870702816799,0.4942855471172689,0.008348202251154735,0.01939504844153224,0.007041562000040358,0.05477427112767813,0.009373762893446713,0.012616608052618106,W,1,0.5048543689320388,0.14741917181930003,0.14926360286048362,0.7008411435928026,0.28302683724669153
0.0018444310411835918,,,1918,,0.0042167689998677815,0.6698512346002053,0.3654348139619733,0.14307724470579325,0.3701023987963166,B2-G,64,1.3579999631474493e-06,0.012356870702816799,0.3963356666894111,0.03178861383874976,0.05044275786255016,0.011669239999946512,0.09370013266140377,0.05354834840923961,0.0629114265998224,W,1,0.46601941747572817,0.14741917181930003,0.14926360286048362,0.9314221716908136,0.5288585865564036
0.0018444310411835918,,,1918,,0.004015355999854364,0.6374445151157135,0.3401412772793665,0.14804243079588594,0.33870128781232506,B2-C,64,9.809998573473422e-07,0.012356870702816799,0.44330297317577116,0.03217291409560247,0.03635716842158425,0.011196165999990626,0.052877945948185304,0.07187243922842812,0.06110420164690422,W,1,0.4077669902912621,0.14741917181930003,0.14926360286048362,0.9061286350082068,0.33605370783082317
0.0018444310411835918,,,1918,,0.0037740499999472377,0.6698544040129293,0.3668566165604663,0.14328103076510842,0.3725069148415207,B3,64,1.463999979023356e-06,0.012356870702816799,0.39941667253369906,0.03632487445268384,0.050571389599071606,0.02016931299999669,0.09421209567110087,0.0634081177068076,0.06261335884527364,W,1,0.46601941747572817,0.14741917181930003,0.14926360286048362,0.9328439742893067,0.5289255598958497
0.0018444310411835918,,,1918,,0.0040019140001277265,0.6698806551800128,0.3378140890205606,0.1439409669619317,0.3646017521750906,B4,64,1.264999809791334e-06,0.012356870702816799,0.40169784015200016,0.02581858521241842,0.048385269118721,0.011147801999868534,0.0926110347529271,0.037347998639664315,0.060973325279438106,W,1,0.46601941747572817,0.14741917181930003,0.14926360286048362,0.9038014467494009,0.5033776909225661
0.0018444310411835918,,0.0985893899930439,1918,1.0382315971001705,0.007529623999971591,0.6726029931071394,0.3118781641380599,0.14896185986414529,0.34286529932109494,E0,64,0.0006112409998877411,0.012356870702816799,0.4323297280094832,0.011679199692348374,0.04067828252335194,0.029225672999928065,0.0819914696356156,0.08254093713560873,0.04699821574280205,W,1,0.5048543689320388,0.14741917181930003,0.14926360286048362,0.8778655218669003,0.3827326120334609
0.0018444310411835918,,0.09577339788974913,1918,1.12300487344346,0.008589721999896938,0.6729307021183608,0.29438604635769205,0.14895178468262757,0.34573070933040706,E1,64,0.0006774180001229979,0.012356870702816799,0.4076191927939572,0.018355242640367753,0.03977942416178175,0.030692235000060464,0.07142159708870084,0.07264779037628077,0.05159489597005351,W,1,0.49514563106796117,0.14741917181930003,0.14926360286048362,0.8603734040865324,0.36896164653497443
0.0018444310411835918,1.0,,1918,,0.0071628729999702045,0.7178775987370525,0.2438134833889481,0.14605973544899356,0.24928620402954785,B0-NUTS,64,,0.012356870702816799,0.5618055409177193,0.010968207508103345,0.02824695354673125,3.560073712000076,0.07210432389603924,0.013053380755826849,0.03423048259814443,W,1,0.5631067961165048,0.14741917181930003,0.14926360286048362,0.8098008411177884,0.14115939547540365
0.14899569793502526,0.0,,1718,,0.00048030299990386993,0.16363621532107014,3.2153839402368716,0.4020354478553038,1.150099135434478,B1,16,0.0006887740000820486,0.9999999999295597,0.5503076529658395,0.0043748802040177726,0.043137769962245984,0.006977789000075063,0.11903400486699006,0.006439341199378001,0.12266984254490254,G,2,0.10679611650485436,1.0495308902521898e-11,0.14899569794552056,2.675441890668434,0.9723813938568092
0.14886026159651025,,,2012,,0.0042265120000593015,0.17315394409104184,2.072620530032421,0.9683774225374521,1.150715715625569,B2-G,16,1.2289999631320825e-06,0.9990910049694198,0.568516312215626,0.03269565729988366,0.010372209859720469,0.01120342600006552,0.01991814980866316,0.09521842447790352,0.019329611578488226,G,2,0.08737864077669903,0.00013543634901029946,0.14899569794552056,1.5326784804639835,2.440162659227355
0.14899569793502526,,,1718,,0.004018728999881205,0.1622791189890361,2.0724353180571686,0.526298004568173,1.1580750963775743,B2-C,16,8.33000058264588e-07,0.9999999999295597,0.5437518125801406,0.004444469662920447,0.01897244043465844,0.010619186999974772,0.0646824288344219,0.036474314008519415,0.058375165135603146,G,2,0.06796116504854369,1.0495308902521898e-11,0.14899569794552056,1.532493268488731,0.9375206046391981
0.14886026159651025,,,2012,,0.003844632999971509,0.17346891348908672,2.0957657837739374,1.0948972864902915,1.1765879827463692,B3,16,1.773000121829682e-06,0.9990910049694198,0.6120355893791942,0.06496788500841078,0.010861221777718186,0.021755047999931776,0.03638618673880872,0.15089503335117538,0.0310430955918376,G,2,0.08737864077669903,0.00013543634901029946,0.14899569794552056,1.5558237342054997,2.381551383948415
0.14886026159651025,,,2012,,0.004171540000015739,0.1736818644774301,2.0358515823113477,0.7484083477854219,1.1468591962784327,B4,16,1.7699999261822086e-06,0.9990910049694198,0.5674927933905525,0.021293049815725718,0.005175607779449767,0.011656875999960903,0.04812033174358607,0.06944405927957098,0.017280206526114283,G,2,0.08737864077669903,0.00013543634901029946,0.14899569794552056,1.49590953274291,1.9627287525352872
0.14899569793502526,,0.030674372131154974,1718,0.5542911959123905,0.007636004999994839,0.16377614406903143,3.1007809417938317,0.4578131745085464,1.149849466074628,E0,16,0.0006340429999909247,0.9999999999295597,0.5955342400844184,0.021368500562363613,0.033475169543195946,0.02925494200007961,0.10059887463893802,0.0785398225660503,0.09879366751626129,G,2,0.10679611650485436,1.0495308902521898e-11,0.14899569794552056,2.560838892225394,1.1322387301362786
0.14899569793502526,,0.034419016938596336,1718,0.7613091380213803,0.009895468000195251,0.16625274704817333,3.08560658123333,0.4575704624031956,1.1495007026476929,E1,16,0.0008984579999378184,0.9999999999295597,0.6115943473680507,0.026343434311974723,0.03400509054714572,0.035575751000124,0.10033988770840138,0.08571434178351067,0.10008009958604924,G,2,0.10679611650485436,1.0495308902521898e-11,0.14899569794552056,2.5456645316648925,1.0599575026761106
0.14899569794549383,0.5,,239,,0.004709111000011035,0.31027103180008303,1.4790298476971546,0.2296923561056174,0.9236076566875414,B0-NUTS,16,,0.9999999999998206,0.5225895972201757,0.0012492478309927835,0.005424539731377673,0.8126955599998382,0.022725789229638776,0.008913495245499115,0.012949867164695927,G,2,0.20388349514563106,2.6716865292018222e-14,0.14899569794552056,0.939087798128717,1.2145006596066625
0.22589483479089092,1.0,,1033,,0.00048527100011597213,0.6661318295129453,0.6350240356897303,0.3985689690018164,0.4609245154484674,B1,32,0.0006911400000717549,0.7328465818003763,0.6761475905351825,0.0015516735895652056,0.00966655268991333,0.006772676000082356,0.02890682464805369,0.002573477912644173,0.02713316020948109,G,2,0.6990291262135923,0.08234817322851953,0.30824300801941046,0.5786007840711681,0.35748804244175353
0.22589483479089092,,,1033,,0.004214348000004975,0.6742087322331224,1.3062300883971458,1.038963826621786,0.5054121160037578,B2-G,32,1.3229998785391217e-06,0.7328465818003763,0.49077165846160226,0.03194100651832488,0.06828384401960937,0.011105795000048602,0.09993466655649337,0.0934715489552651,0.09999494740377413,G,2,0.6310679611650486,0.08234817322851953,0.30824300801941046,1.2498068367785837,2.3267843635664494
0.015161801150589238,,,665,,0.004029364999951213,0.5427965412905226,0.9843724902723675,0.3308465906113866,0.4687169213046735,B2-C,32,1.0940000265691197e-06,0.049187818559162516,0.7561895416312706,0.015607949657927667,0.020769287880953377,0.010650940000004994,0.03457223415940938,0.04858109738504246,0.02561734144117822,G,2,0.5145631067961165,0.2930812068688212,0.30824300801941046,0.9279492386538053,0.7097695060936404
0.22589483479089092,,,1033,,0.003783179000038217,0.674310330005127,1.3129518617444003,1.1483191703613076,0.5549877191611094,B3,32,1.2379998679534765e-06,0.7328465818003763,0.5268472394856336,0.06620571817838938,0.06843704972918534,0.020769599000004746,0.09978638390529844,0.19175595027920078,0.09999755480243666,G,2,0.6310679611650486,0.08234817322851953,0.30824300801941046,1.2565286101258382,2.2987949792397298
0.22589483479089092,,,1033,,0.004012992999832932,0.6753903918718601,0.9158426572255026,0.7517143152897459,0.4756973680327189,B4,32,1.3440001112030586e-06,0.7328465818003763,0.5747693295037074,0.018324735804513215,0.04283605549703608,0.010729598999887457,0.09886290587294733,0.03085613902746387,0.09982665918254308,G,2,0.6407766990291263,0.08234817322851953,0.30824300801941046,0.8594194056069404,1.6423584891177465
0.22589483479089092,,0.024949748436234195,1033,0.9897201495222064,0.007519064999996772,0.6662826628626334,0.6875853156553369,0.47143325341644404,0.46436175453560796,E0,32,0.0006169609998778469,0.7328465818003763,0.6334957339857198,0.008622907070694408,0.02336646622060022,0.028312617999972645,0.056343491640947194,0.015611680073096434,0.059627193149249025,G,2,0.6990291262135923,0.08234817322851953,0.30824300801941046,0.6311620640367747,0.4747343308456653
0.22589483479089092,,0.04083836008794427,1033,1.478293471103858,0.008563371000036568,0.6744781563977831,0.6968405785839915,0.3407785764187964,0.45505199216573616,E1,32,0.0006460720001086884,0.7328465818003763,0.6955200367571202,0.01137636670980835,0.011657386687847479,0.02991008599997258,0.023080137751622515,0.015112021922609964,0.032413537721947994,G,2,0.7087378640776699,0.08234817322851953,0.30824300801941046,0.6404173269654293,0.30646207050897
0.22589483479089092,1.0,,1033,,0.004617729000074178,0.38597171903878164,1.234843409020855,0.2873134467453101,0.7667803991946862,B0-NUTS,32,,0.7328465818003763,0.8415437727340364,0.004806181167312906,0.007935375865587443,1.6416665399999602,0.02365036908515579,0.015234155605152622,0.018061469068342384,G,2,0.5242718446601942,0.08234817322851953,0.30824300801941046,1.178420157402293,0.8290409456758392
0.0,1.0,,1137,,0.0005932330000177899,0.8535037936275411,-0.4440262506140928,0.079595068951166,0.06602266795233658,B1,64,0.0008308589999614924,0.0,0.3465184614026998,0.003596884654726351,0.02668363879478651,0.007970616999955382,0.05653288098506934,0.00515586280503566,0.061949983642736406,G,2,0.941747572815534,0.3335887505370617,0.3335887505370617,0.23680075813002027,0.031504506825054665
0.0,,,1137,,0.006997419000072114,0.7859656835356373,-0.36272725055021243,0.09825385739802525,0.06697696271164308,B2-G,64,1.5489999896090012e-06,0.0,0.35669759279209234,0.0026243004489325816,0.037631572374921526,0.0180568430000676,0.07535956521099166,0.0036635338688291164,0.07882426747275884,G,2,0.941747572815534,0.3335887505370617,0.3335887505370617,0.31809975819390063,0.055016385118368184
0.0,,,1137,,0.00581209699998908,0.7757710858687951,-0.09906274677089322,0.14763034002201567,0.07661711795610865,B2-C,64,9.349998890684219e-07,0.0,0.35276453997005086,0.021714958212664892,0.05654783665794448,0.014480846999958885,0.09270737292780902,0.045153838507642985,0.09743752268309802,G,2,0.941747572815534,0.3335887505370617,0.3335887505370617,0.5817642619732198,0.11134464413652706
0.0,,,1137,,0.0037355270001171448,0.7859656835356373,-0.3627286921661783,0.09822482181458475,0.06697235784676865,B3,64,1.168999915535096e-06,0.0,0.3567690144272504,0.00256325959446585,0.037631399334742174,0.023287826999876415,0.07536157893272144,0.0036635338688291164,0.07875764667641871,G,2,0.941747572815534,0.3335887505370617,0.3335887505370617,0.31809831657793475,0.05501647645675272
0.0,,,1137,,0.0040075160000014876,0.7859642740607492,-0.3687002377931454,0.09696326721268442,0.06691004562973986,B4,64,1.3129999842931284e-06,0.0,0.3560119904514851,0.002741618534577439,0.036958728838677055,0.010824384999978065,0.07439690159320454,0.0038164039799205574,0.07795100317746761,G,2,0.941747572815534,0.3335887505370617,0.3335887505370617,0.31212677095096764,0.053212607078923675
0.0,,0.010157453984396006,1137,0.3236362374590434,0.009455010000010589,0.7859315737779161,-0.3861437472714544,0.09406900088263925,0.06712234347726068,E0,64,0.0007534209998993902,0.0,0.34710304847082496,0.009607160049019514,0.03536386720641445,0.034951544000023205,0.0696065803688353,0.013335706405609438,0.07544074101771947,G,2,0.941747572815534,0.3335887505370617,0.3335887505370617,0.29468326147265866,0.04393261789257061
0.0,,0.22298755438212484,1137,0.5606600287030772,0.008556430999988152,0.7857460591120311,-0.040450980735675136,0.15041298425205726,0.08781604238292035,E1,64,0.0006423690001611249,0.0,0.29404133436461155,0.0851372504107506,0.05815717544577552,0.030999770999869725,0.08582981956607826,0.24384056539386778,0.09447991993292071,G,2,0.941747572815534,0.3335887505370617,0.3335887505370617,0.640376028008438,0.07177740685414047
0.0,1.0,,1137,,0.007365233999962584,0.6894467304427788,0.032183648590447006,0.14054197519982412,0.1566005048541061,B0-NUTS,64,,0.0,0.5310576820952788,0.00097178894351585,0.044653556744061004,3.572854188000065,0.08750293336257048,0.0024203620861328323,0.0883201807295565,G,2,0.9029126213592233,0.3335887505370617,0.3335887505370617,0.7130106573345598,0.13201521823752388
0.7615921301627923,0.5,,7,,0.0005847130000802281,0.24609433691713392,5.346010490355346,0.7620244510688344,1.6439972123845445,B1,16,0.0008444459999736864,0.9994326679341603,0.5480115305959381,0.06260135265941924,0.06978214792959338,0.008165081000015562,0.2336453484114239,0.07857919030835336,0.13295069840652018,W,2,0.1650485436893204,0.0004323209060452515,0.7620244510688375,4.6992000887895315,1.2543371285710896
0.7615921301627923,,,7,,0.006025224000040907,0.23131279809193042,2.754044024136382,0.7861023496860531,1.6370490010294088,B2-G,16,1.3520000265998533e-06,0.9994326679341603,0.546967296498598,0.06458420794007841,0.007968793259099508,0.01829796299989539,0.06285286662159575,0.11587551391068651,0.013487186556931041,W,2,0.1553398058252427,0.0004323209060452515,0.7620244510688375,2.107233622570567,2.5006997992410844
0.5546758045409605,,,737,,0.0040700810000089405,0.2035397921533908,3.608598146587439,0.7616229068739568,1.6631437614019624,B2-C,16,8.879999313649023e-07,0.7278976465426487,0.5479818084676679,0.07187553920461287,0.024112611242154844,0.011148492000074839,0.10699126386976679,0.11214675326710744,0.04106147278931471,W,2,0.23300970873786409,0.20734864652787696,0.7620244510688375,2.9617877450216237,1.332907633223153
0.7615921301627923,,,7,,0.00375346000009813,0.23125548115981265,2.7856865476667867,0.894592780265004,1.66726262902697,B3,16,1.0910000582953217e-06,0.9994326679341603,0.5466492134947162,0.09246841793144628,0.008124582989948212,0.022037204999833193,0.08912572341741748,0.15830498931075132,0.005786986424373697,W,2,0.1553398058252427,0.0004323209060452515,0.7620244510688375,2.1388761461009715,2.4500171227260883
0.7615921301627923,,,7,,0.004049417000032918,0.2309028487768641,2.7711164843232865,0.7619546835560079,1.6335978524850676,B4,16,1.3799999578623101e-06,0.9994326679341603,0.5469018795340242,0.059013305662743765,0.024647932770092765,0.011143271999799254,0.10906558955909282,0.09130400517716253,0.04451822042431686,W,2,0.1553398058252427,0.0004323209060452515,0.7620244510688375,2.1243060827574713,1.9715988768334007
0.7615921301627923,,0.038030235830607564,7,0.6763192832186541,0.0075249469998652785,0.23510788282273215,5.086048246220081,0.7620244510688319,1.6327240978962947,E0,16,0.0006126180001047032,0.9994326679341603,0.5480115305957488,0.05733615637939715,0.05690142765798993,0.028930657999808318,0.19662340347843163,0.07309789788113752,0.10742936923956037,W,2,0.1650485436893204,0.0004323209060452515,0.7620244510688375,4.439237844654266,1.3094463089114659
0.7615921301627923,,0.08519138289690689,7,0.8970467432663976,0.008695031999877756,0.23489043438550983,5.0563663893226884,0.7620244510688284,1.6552910385142927,E1,16,0.0006694290000268666,0.9994326679341603,0.548011530595737,0.06093335064387018,0.05704818529379836,0.03060612699982812,0.19664974957455691,0.07123182737095635,0.10417292517658294,W,2,0.1650485436893204,0.0004323209060452515,0.7620244510688375,4.409555987756874,1.19875120422689
0.47584358893779566,0.5,,505,,0.00505330399982995,0.3296090238593784,1.8490008406423788,0.7492223316728889,1.4000632408626226,B0-NUTS,16,,0.6244466148958392,0.5441625622295655,0.026364374695388215,0.020764463598071423,0.9409570279999571,0.08312997700441424,0.10336109400598692,0.014223322916545822,W,2,0.20388349514563106,0.2861808621310419,0.7620244510688375,1.2021904390765636,2.830348360516425
1.3588428228269944,0.5,,1033,,0.0004943470000853267,0.3196143831721753,2.8117587543428932,1.8728721082395896,1.4427128603911752,B1,32,0.0006794139999328763,0.7252584238925875,0.8978435624292124,0.020717818228254137,0.050549180406989205,0.0073676859999523,0.14365405524499467,0.02466142227844126,0.11030057919520397,W,2,0.4077669902912621,0.5147553017336963,1.8735981245606907,2.630388133185108,1.156321933870879
1.3588428228269944,,,1033,,0.004196089000060965,0.3075947072313252,1.9295658726442604,1.8484798258933424,1.4435887546286705,B2-G,32,1.145000169344712e-06,0.7252584238925875,0.8551386245585914,0.009739043888788657,0.015636984851747818,0.011694712000007712,0.05207786717184226,0.03100114944045762,0.010787518745783431,W,2,0.3786407766990291,0.5147553017336963,1.8735981245606907,1.7481952514864751,3.094312576104096
1.3588428228269944,,,1033,,0.004008340000154931,0.33643197627746557,1.9896990996823032,1.8644360607815706,1.4602956397022777,B2-C,32,8.909998996387003e-07,0.7252584238925875,0.875886556336926,0.02620714234811805,0.004646947616362543,0.010984970999970756,0.04074381411154435,0.02883547729792496,0.024379104586896294,W,2,0.39805825242718446,0.5147553017336963,1.8735981245606907,1.8083284785245177,1.798550848627861
1.3588428228269944,,,1033,,0.0037337579999530135,0.30759060309499386,1.9293380693013598,1.8484632063166784,1.443483501175908,B3,32,1.2200000583106885e-06,0.7252584238925875,0.8546641957192945,0.012600213324813758,0.015536629444735175,0.01919347300008667,0.050758311259622144,0.035627827667167544,0.011231108001109935,W,2,0.3786407766990291,0.5147553017336963,1.8735981245606907,1.7479674481435743,3.094205111331792
1.3588428228269944,,,1033,,0.004000623999900199,0.3070645903982676,1.8896533072130715,1.848111434638463,1.4431501594306129,B4,32,1.244000031874748e-06,0.7252584238925875,0.8568227156095823,0.012908011447321177,0.0009464600473421542,0.011124990999860529,0.01800480201634863,0.027378649147084322,0.013388299287387828,W,2,0.3786407766990291,0.5147553017336963,1.8735981245606907,1.708282686055286,2.5206966230942487
1.3588428228269944,,0.04921316206472673,1033,0.8840753534473494,0.007551854999974239,0.31024936137062925,2.6064001574917235,1.871762020507108,1.442955998900668,E0,32,0.0006020460000399908,0.7252584238925875,0.8965058993288062,0.018676723648784366,0.03058804900279423,0.028844925999919724,0.07452273797456382,0.03078151179911559,0.07381466207494647,W,2,0.4077669902912621,0.5147553017336963,1.8735981245606907,2.425029536333938,1.2849616049789365
1.3588428228269944,,0.056757208988341856,1033,1.0531425122308689,0.008584292000023197,0.31127537526665927,2.584405465562861,1.8721718201464348,1.4454470745144092,E1,32,0.0006658289998995315,0.7252584238925875,0.8964542288181314,0.004684244716565922,0.029870131097621058,0.030639416999974856,0.06146242246910441,0.015210203807968226,0.08171280395771763,W,2,0.4077669902912621,0.5147553017336963,1.8735981245606907,2.4030348444050755,1.2713171751867256
1.5015045353468444,1.0,,1353,,0.005106321999846841,0.34855252565988554,1.7168012420633862,1.8475449077541373,1.3551271063156503,B0-NUTS,32,,0.8014016003025769,0.8737388073563237,0.02123981823420995,0.02483194589035144,1.8218072140000459,0.08505877428162008,0.0964896835429414,0.02447574204153713,W,2,0.4368932038834951,0.3720935892138463,1.8735981245606907,1.5354306209056008,2.3428973343637147
0.5537875500595126,1.0,,1617,,0.0004973140000856802,0.5871076470047832,0.45096365196280797,1.69238637717699,0.2992757180960548,B1,64,0.0006814619998749549,0.27444873936532854,0.8425568828505134,0.0016984548596321591,0.02137382345777901,0.00712353499989149,0.03144760195409495,0.0014470043411307643,0.025894425142727773,W,2,0.912621359223301,1.4640302447686364,2.017817794828149,0.9494665409533469,0.2802008850935694
0.5537875500595126,,,1617,,0.004197915000077046,0.7605435229259062,0.46801527234846374,1.6726366436164308,0.30084601872798616,B2-G,64,1.1699999049596954e-06,0.27444873936532854,0.798729087053288,0.013826361772095064,0.037071209603643976,0.011607620000177121,0.058767073482715176,0.03192825508333724,0.04979298000094878,W,2,0.9029126213592233,1.4640302447686364,2.017817794828149,0.9665181613390027,0.3268359510108959
0.5537875500595126,,,1617,,0.0039870909999990545,0.7600914645409026,0.6385576777197659,1.6094842268135099,0.303080244675278,B2-C,64,7.910000476840651e-07,0.27444873936532854,0.7257153159143163,0.01625924146023139,0.052267908540528,0.011060878999842316,0.07991307841946403,0.04377328748763576,0.0704001697147133,W,2,0.912621359223301,1.4640302447686364,2.017817794828149,1.1370605667103049,0.41907962834835344
0.5537875500595126,,,1617,,0.003755488000024343,0.7605435229259062,0.468281908617175,1.6739128214869816,0.30109033729251267,B3,64,1.3849999049853068e-06,0.27444873936532854,0.7993370161024008,0.015143800762110304,0.03708460580641028,0.019673213000032774,0.05876939089602508,0.03426055463187144,0.04921761628894705,W,2,0.9029126213592233,1.4640302447686364,2.017817794828149,0.966784797607714,0.32683814815618006
0.5537875500595126,,,1617,,0.003972995999902196,0.7605439643460654,0.3608774008950154,1.6868976235163997,0.3015269544411071,B4,64,1.3559999842982506e-06,0.27444873936532854,0.8077889826990969,0.026581703765239273,0.029288353501377942,0.011080799999945157,0.04942828596537549,0.06143514178843035,0.04211962962201754,W,2,0.9029126213592233,1.4640302447686364,2.017817794828149,0.8593802898855544,0.31749070251177697
0.5537875500595126,,0.009531310465773626,1617,0.4383470345711702,0.007493337000141764,0.7605347828067547,0.46208570995783405,1.7135813234042572,0.30385731463106874,E0,64,0.0005860750000010739,0.27444873936532854,0.8368116523708234,0.035425336828988185,0.025130559779478437,0.028831730000092648,0.0432762573307945,0.07741262436395957,0.02634708672025099,W,2,0.912621359223301,1.4640302447686364,2.017817794828149,0.960588598948373,0.2851766451446975
0.5537875500595126,,0.0334831627895112,1617,0.5256447655018135,0.008547741000029419,0.7605273067544226,0.5076615436670833,1.6947628809873243,0.30478216118399704,E1,64,0.000671758000180489,0.27444873936532854,0.8098607480245603,0.02703764266244102,0.031781362118978765,0.030699582999886843,0.0514113650219114,0.06611158855033927,0.04019063708401671,W,2,0.912621359223301,1.4640302447686364,2.017817794828149,1.0061644326576222,0.2914293436729172
0.0,1.0,,1137,,0.0027024410001104116,0.5563875220819757,0.5203828774126077,1.7558740990932786,0.30593214213815123,B0-NUTS,64,,0.0,0.7526344695248163,0.00018589348771158587,0.047459947377362297,3.6950276349998603,0.08367648740891087,0.03154924903637091,0.06173631273371738,W,2,0.883495145631068,2.017817794828149,2.017817794828149,1.0188857664031468,0.35874990223559566
0.11588162191842546,0.0,,400,,0.0006081520000407181,0.1327061927142056,7.571220523798101,0.13926322724624093,1.0328033571815547,B1,16,0.0007468299997981376,0.9295714896815964,0.9122291991936,0.007982264282148377,0.09246395935402014,0.007555260000117414,0.23065219521402472,0.017802049575174728,0.2262802025323859,G,3,0.1553398058252427,0.008779712045375525,0.12466133396380098,7.004325765560842,0.2078216943619903
0.12466099230969188,,,1946,,0.006472258000030706,0.1322525713926787,3.537947445693122,0.3190253705624088,1.033055788532622,B2-G,16,1.416000031895237e-06,0.9999972593417844,0.7149421050211253,0.01838244843739345,0.04483794458155836,0.017860568000060084,0.10367466674263112,0.023997501434212754,0.13785423628276838,G,3,0.14563106796116504,3.4165410909976684e-07,0.12466133396380098,2.9710526874558627,0.5342234479676838
0.11588162191842546,,,400,,0.0040088410000862496,0.13377107653717168,3.455154828014431,0.2297920589322843,1.0314130775882808,B2-C,16,8.730000899959123e-07,0.9295714896815964,0.6264278737475317,0.01908378186524029,0.04753815676356375,0.010540120999849023,0.11249789144920996,0.027293132258559227,0.14560346229488585,G,3,0.1553398058252427,0.008779712045375525,0.12466133396380098,2.888260069777172,0.4086782235513711
0.12466099230969188,,,1946,,0.0036944369999218907,0.13232854704034563,3.5665965102154766,0.2724533966104828,1.041001417472226,B3,16,1.4269999155658297e-06,0.9999972593417844,0.6838138538524112,0.03788788348071159,0.04481092523819334,0.021833057000094414,0.09303806019959085,0.053353677252021,0.15321407398472242,G,3,0.14563106796116504,3.4165410909976684e-07,0.12466133396380098,2.9997017519782174,0.5254258044224405
0.12466099230969188,,,1946,,0.004030998000189356,0.13265461024326092,3.619453614207261,0.26982269803132564,1.03124576531172,B4,16,1.5800001165189315e-06,0.9999972593417844,0.7799759046633084,0.004676940032572685,0.0569906554522681,0.010630630000150632,0.13740193023598166,0.003168959099478119,0.16081984264041338,G,3,0.1553398058252427,3.4165410909976684e-07,0.12466133396380098,3.052558855970002,0.40716172817356633
0.11588162191842546,,0.04425872198427881,400,0.6579750383913182,0.007531014999813124,0.13287166934469322,7.2662668939294655,0.19254102614506705,1.0329520352026222,E0,16,0.0005920650000916794,0.9295714896815964,0.8676046245555984,0.013159541322670776,0.08089941176092434,0.02834096300011879,0.20302607393123992,0.03297330125982534,0.20084486058510265,G,3,0.1553398058252427,0.008779712045375525,0.12466133396380098,6.699372135692206,0.22623671823917194
0.11588162191842546,,0.050325330389868306,400,0.7475746544354943,0.00859786800015172,0.13342721523436044,7.209467975711726,0.19835157647711077,1.0318152197167594,E1,16,0.0006682680000267283,0.9295714896815964,0.8112659943420006,0.009754733949365713,0.08121737409621659,0.02981496600000355,0.20470679281479362,0.022503308555310353,0.2019496541948792,G,3,0.1553398058252427,0.008779712045375525,0.12466133396380098,6.6425732174744665,0.21627859461470184
0.11588162191842546,0.0,,400,,0.003091152000024522,0.22054268014961662,1.4858729463690528,0.3463894582944858,0.8677782225850604,B0-NUTS,16,,0.9295714896815964,0.5299549630521864,0.016078959090201017,0.024524593934731567,0.7998616349998429,0.07706293499616909,0.019435069768186874,0.04888908147358706,G,3,0.1553398058252427,0.008779712045375525,0.12466133396380098,0.9189781881317937,0.5024405603386632
0.1785115913510425,0.5,,2008,,0.0005049889998645085,0.4598371859603548,0.6453682133137767,0.704996007188844,0.54660075004774,B1,32,0.0007198370001333387,0.9313541128123904,0.5511335610470568,0.037310642936219884,0.011778549671967412,0.0067535030000271945,0.002460440110027051,0.057861046801890414,0.03728193796579393,G,3,0.0970873786407767,0.013157279699512907,0.1916688710505554,0.6056673433523824,0.7476093988349813
0.1785115913510425,,,2008,,0.004238822000161235,0.44749500956910243,0.960357959218137,1.2109276132525288,0.6390230269364441,B2-G,32,1.2629998309421353e-06,0.9313541128123904,0.5128471527732614,0.009770640910844564,0.053301514351484405,0.011135625999941112,0.08986554669783296,0.019570173251023948,0.09214041158651154,G,3,0.0970873786407767,0.013157279699512907,0.1916688710505554,0.9206570892567427,1.6937903770611542
0.1785115913510425,,,2008,,0.004213679000031334,0.4105053456498894,1.0760446021091077,1.2903559868532022,0.6854416648501447,B2-C,32,8.4499993135978e-07,0.9313541128123904,0.895402086086821,0.09765834996437261,0.01341401872266025,0.010606941000105508,0.07301350282094377,0.12672616592882968,0.06291554237710129,G,3,0.14563106796116504,0.013157279699512907,0.1916688710505554,1.0363437321477134,0.541822758125351
0.1785115913510425,,,2008,,0.0037963439999657567,0.44760711077959353,0.9598371033754821,1.1823731959994084,0.6373350583994873,B3,32,1.2600000900420127e-06,0.9313541128123904,0.5203993035822809,0.002849376733101927,0.053273546115774964,0.020163632000048892,0.09027192290577069,0.0027542075736674,0.09129329507981909,G,3,0.0970873786407767,0.013157279699512907,0.1916688710505554,0.9201362334140878,1.6908566069802602
0.1785115913510425,,,2008,,0.004025231000014173,0.44870778275583956,0.8395703183607017,1.1391008598659205,0.6192942414201393,B4,32,1.4830000054644188e-06,0.9313541128123904,0.5414105845053092,0.04204948372621009,0.04332777879203466,0.010798985000064931,0.07913693341976141,0.09618261464252575,0.08440929902721916,G,3,0.0970873786407767,0.013157279699512907,0.1916688710505554,0.7998694483993074,1.4441657154935241
0.1785115913510425,,0.046744848055120025,2008,0.8693696452370667,0.007504645000153687,0.45724149281780113,0.722444399468401,1.0036512705652323,0.6046821817442656,E0,32,0.0006315440000435046,0.9313541128123904,0.5762333407263089,0.07174722153273749,0.028524381341899094,0.028334871999959432,0.025128963602565474,0.13512812645065386,0.06827177543115681,G,3,0.0970873786407767,0.013157279699512907,0.1916688710505554,0.6827435295070067,0.9544659355728649
0.1785115913510425,,0.11569028602166667,2008,1.172637869152556,0.008634311999912825,0.47625594591395776,0.8010592198636108,0.8573949376188386,0.6226899087810579,E1,32,0.0006689080000796821,0.9313541128123904,0.7330398374592542,0.12521127846345792,0.007156857263147645,0.030014070999868636,0.09398534700639685,0.1822828330140246,0.04581534535973586,G,3,0.10679611650485436,0.013157279699512907,0.1916688710505554,0.7613583499022165,0.45733978378894574
0.17923930457561335,0.5,,536,,0.009877971999912916,0.4309491049923745,1.0799667596515574,0.3345420703483875,0.6771284342648444,B0-NUTS,32,,0.935150833795731,0.868783984348136,0.03021550054511296,0.00561386590408143,1.8336471720001555,0.011568323600472094,0.047358146300611415,0.02658478558979349,G,3,0.18446601941747573,0.012429566474942064,0.1916688710505554,1.040265889690163,0.624992721515351
0.005772719014510597,1.0,,1002,,0.0006070869999348361,0.8279993985806867,-0.21630571389658876,0.1187500704145005,0.1342704002803068,B1,64,0.0008432170000105543,0.03433933749274293,0.6845300035971104,0.002142937857392835,0.007286361706559705,0.008352893999926891,0.015047695126786775,0.005495973414136435,0.021981003097932494,G,3,0.8155339805825242,0.16233532953856847,0.16810804855307906,0.426132824736506,0.020585967539775048
0.005772719014510597,,,1002,,0.007088775999818608,0.7939480184775489,-0.19425463773808282,0.11459994808518122,0.13589178453693676,B2-G,64,1.4409999948838959e-06,0.03433933749274293,0.6036911939545667,0.021967855807443593,0.016376032789838887,0.0159501900000123,0.031226064594822175,0.03575920646800612,0.04523286159904416,G,3,0.7766990291262136,0.16233532953856847,0.16810804855307906,0.4481839008950119,0.045837617317481184
0.005772719014510597,,,1002,,0.00586347300009038,0.78960574828951,-0.09954268726925908,0.17736608579793395,0.16077008135308274,B2-C,64,1.0999999631167157e-06,0.03433933749274293,0.456710308667147,0.10829314910220433,0.027489330930227027,0.014642416000015146,0.0013854565958534848,0.18312195410073984,0.08059429233278081,G,3,0.8058252427184466,0.16233532953856847,0.16810804855307906,0.5428958513638357,0.05199263963754739
0.005772719014510597,,,1002,,0.004320965000033539,0.7939491323280381,-0.1937158011667736,0.11554209026385086,0.13621652039490456,B3,64,1.8539999473432545e-06,0.03433933749274293,0.6016430907845471,0.02427432615623104,0.01640234225916022,1.8009691649999695,0.029875028580115995,0.040112846355791154,0.04623221930066512,G,3,0.7766990291262136,0.16233532953856847,0.16810804855307906,0.4487227374663212,0.04584188334870292
0.005772719014510597,,,1002,,0.004119242999877315,0.7940213181787299,-0.2039175738546673,0.11102312369807801,0.1355042810874008,B4,64,1.2660000265896088e-06,0.03433933749274293,0.6200525747520389,0.019738054142385497,0.011925655529700416,0.011217491000024893,0.023249958157550918,0.03123181656508911,0.03548771824104924,G,3,0.7766990291262136,0.16233532953856847,0.16810804855307906,0.43852096477842745,0.04272494993894545
0.005772719014510597,,0.014359740279504169,1002,0.5074808830595576,0.00808622399995329,0.7938106634386055,-0.22050759155396538,0.10731622080839899,0.13531872395354114,E0,64,0.0006208050001532683,0.03433933749274293,0.6423452146481451,0.018509912687877772,0.0032465566000583618,0.028660463000051095,0.0003963116200853545,0.027108589290299356,0.015243132489829336,G,3,0.7961165048543689,0.16233532953856847,0.16810804855307906,0.42193094707912937,0.02711699271652602
0.005772719014510597,,0.07829806851827775,1002,0.6078191163257556,0.008618767999905685,0.79377555183341,-0.1748984555950394,0.14059839757333642,0.14627602216318028,E1,64,0.0006520070000988198,0.03433933749274293,0.5530228470961654,0.08745012912966488,0.0067285319147507155,0.030024859999912223,0.04619414823666229,0.12499477636731848,0.04894395721508438,G,3,0.8252427184466019,0.16233532953856847,0.16810804855307906,0.4675400830380554,0.02812568171158932
0.00786741680156397,1.0,,1036,,0.003533119999929113,0.710076460291653,-0.10264365231943273,0.08623682625418372,0.13382539323655554,B0-NUTS,64,,0.04679976282682195,0.5047423233308047,0.006309692060882721,0.03371404974616314,3.5694371419999698,0.0648743030487425,0.011029820736860207,0.07265376502303711,G,3,0.7766990291262136,0.1602406317515151,0.16810804855307906,0.539794886313662,0.07277176346028404
0.021065090341214954,0.0,,4,,0.0005628720000458998,0.2384891134583772,8.743515301089172,0.4833922265338254,1.3952806262019313,B1,16,0.0008307860000513756,0.04357763548582829,0.4814752165878352,0.03653571431880326,0.09661551452205215,0.00931570400007331,0.26152320133131557,0.05257823328307809,0.2130080625958799,W,3,0.18446601941747573,0.46232713841028417,0.4833922287514991,7.996079873115609,0.7767592629446137
0.021065090341214954,,,4,,0.006056317000002309,0.2358544607717384,3.858728004328513,0.5014512874684879,1.3673093676553354,B2-G,16,1.424999936716631e-06,0.04357763548582829,0.4781389597541411,0.0002023541334297274,0.014377855553608973,0.017386391999934858,0.028551898903115186,0.02738030671918701,0.061300265116487895,W,3,0.18446601941747573,0.46232713841028417,0.4833922287514991,3.11129257635495,1.9118202161491804
0.021065090341214954,,,4,,0.005824688000075184,0.22845602815013627,4.061610433457103,0.480319764409413,1.3721326646304701,B2-C,16,9.470002169109648e-07,0.04357763548582829,0.4814490198026232,0.003879203372617046,0.035719364754350516,0.014996060999919791,0.08300695150076415,0.02364526088272778,0.10218798034188825,W,3,0.17475728155339806,0.46232713841028417,0.4833922287514991,3.3141750054835404,0.9653582563217035
0.021065090341214954,,,4,,0.003743434999933015,0.23614446742266776,3.8749342949767285,0.48031913056127984,1.3891252062891621,B3,16,1.1869999525515595e-06,0.04357763548582829,0.47928745930784145,0.02846939183689079,0.013777656881394693,0.026996746999884635,0.01424629572217359,0.01596880305203574,0.0775472717139356,W,3,0.18446601941747573,0.46232713841028417,0.4833922287514991,3.1274988670031663,1.8807463833288762
0.021065090341214954,,,4,,0.004019575000029363,0.23572943867966745,3.9351434799026443,0.48031909952759955,1.3713821172972231,B4,16,1.5250000160449417e-06,0.04357763548582829,0.47885023831513096,0.011364950109071681,0.03500506409494257,0.011215158000140946,0.08198553966123887,0.0392900773989564,0.10110617386074094,W,3,0.18446601941747573,0.46232713841028417,0.4833922287514991,3.187708051929082,1.3710048821725256
0.021065090341214954,,0.07300735653041901,4,1.0305806425006763,0.007505557000058616,0.2421402727174732,8.197757309608598,0.4833922227729685,1.3875824035767026,E0,16,0.0006004619999657734,0.04357763548582829,0.48147521658764525,0.027199574980084684,0.08040182034103398,0.029061445000024833,0.21337017830069563,0.04538049538662792,0.18546688753035934,W,3,0.18446601941747573,0.46232713841028417,0.4833922287514991,7.450321881635035,0.7783133064320918
0.4791754771012935,,0.10735754664305619,1072,1.083737412938094,0.008628395999949134,0.2419308122921481,8.323700419490926,0.4833922224836489,1.3895898060102314,E1,16,0.000662986999941495,0.9912767491916521,0.4814752165846832,0.053234896547903365,0.08068237668704516,0.03085359600004267,0.22271822835844132,0.0854373680592283,0.17936581389975725,W,3,0.18446601941747573,0.0042167516502056536,0.4833922287514991,7.576264991517363,0.7717085320721719
0.4519784662394881,0.5,,400,,0.004589701999975659,0.23373319890317534,1.77757129471878,0.47882300290938334,1.167717126057908,B0-NUTS,16,,0.9350139273170647,0.4784964327823146,0.02775161096307044,0.014095502903639687,0.8477294240001356,0.029210368668150105,0.06321486061212,0.04111481413155538,W,3,0.1553398058252427,0.03141376251201103,0.4833922287514991,1.0301358667452176,1.0625179755138379
0.699818680624261,0.5,,416,,0.0005024239999329438,0.6363680786025353,1.1437600096931293,0.674300149967674,0.6821757264354449,B1,32,0.0006739650000326947,0.9718311207319945,0.8554631643651835,0.051649408730213286,0.012301730759545812,0.007366109000031429,0.0139114516873316,0.10492554809408472,0.0251841878773994,W,3,0.3106796116504854,0.020284499542627864,0.7201031801668889,0.8950898124462103,0.829069743585989
0.6707982261694191,,,880,,0.004285213000002841,0.6297162220021701,1.4499788897278587,0.7668930785644111,0.7106134065899229,B2-G,32,1.1419999736972386e-06,0.9315307092713533,0.7078740793927307,0.008647460204115442,0.05501555856534664,0.011553754000033223,0.09212793592044154,0.05459713805522737,0.08245653200709946,W,3,0.2524271844660194,0.049304953997469786,0.7201031801668889,1.2013086924809397,2.766985907811547
0.6707982261694191,,,880,,0.0040582760000233975,0.5999842678504758,1.3771135237327714,0.6652255461653105,0.7862841228718155,B2-C,32,8.490001164318528e-07,0.9315307092713533,0.7775176804461845,0.05296284600341572,0.032331005888578804,0.011278829000048063,0.03128617482020467,0.10068364341324898,0.06457457136376343,W,3,0.2912621359223301,0.049304953997469786,0.7201031801668889,1.1284433264858524,1.2743585011005096
0.6707982261694191,,,880,,0.003901088000020536,0.6298425429043869,1.4495793453142256,0.7386205689882174,0.7079725122774165,B3,32,1.4730001112184254e-06,0.9315307092713533,0.7166518596448566,0.0017757822427174608,0.05510774532671871,0.020655589999933,0.09246416110762692,0.02600183488414398,0.08123446715786897,W,3,0.2621359223300971,0.049304953997469786,0.7201031801668889,1.2009091480673066,2.764772991368342
0.6707982261694191,,,880,,0.004586377000123321,0.6281630291340126,1.2934275791263905,0.6880496297061505,0.7033827635896669,B4,32,1.365999878544244e-06,0.9315307092713533,0.7511980422220272,0.03439445770228222,0.043212256743418706,0.011376409000149579,0.08379734258800783,0.10765222847753197,0.07311980167385812,W,3,0.27184466019417475,0.049304953997469786,0.7201031801668889,1.0447573818794715,2.2763291724061583
0.6707982261694191,,0.03239503392671579,880,0.630500421679556,0.0075826500001312525,0.6361640654466947,1.204422334990415,0.647449877394694,0.7029286541452466,E0,32,0.0006216249998942658,0.9315307092713533,0.8064936771685516,0.05539130105116963,0.026965714047620867,0.029969110999900295,0.04241902810336712,0.1322695129756507,0.046853888199427374,W,3,0.2815533980582524,0.049304953997469786,0.7201031801668889,0.9557521377434961,1.0842831321947985
0.6707982261694191,,0.030669353804483174,880,0.858239837735072,0.008647708000125931,0.6387955575185582,1.2077780196188397,0.6634796934743742,0.7163206373393425,E1,32,0.0006878369999867573,0.9315307092713533,0.8146928260672064,0.05750892439454047,0.021452599132070857,0.03146932599997854,0.024803246308102586,0.11911740665472426,0.04196712996342444,W,3,0.30097087378640774,0.049304953997469786,0.7201031801668889,0.9591078223719207,0.8667585341311179
0.69644850687962,0.5,,1384,,0.00394986199989944,0.45536068050987544,1.463439155314271,0.7085650171664729,0.9908417215192684,B0-NUTS,32,,0.9671509945536044,0.9109825766222788,0.04862248894975196,0.01256877314074055,1.814668617000052,0.04174510432569615,0.1092691061571035,0.02008382250573415,W,3,0.1941747572815534,0.02365467328726894,0.7201031801668889,1.214768958067352,1.3364295763997147
0.18636854552112214,1.0,,796,,0.0004923920000692306,0.752950966309659,0.4179194055158596,0.6027310457911169,0.30119882293920053,B1,64,0.0006697510000321927,0.300303910138086,0.9041537930987105,0.01408983499488986,0.0025015565200433437,0.007405116000199996,0.010475233647739113,0.031159362103836297,0.013360283943527063,W,3,0.6796116504854369,0.43423125098311255,0.6205997965042347,0.8695369169917725,0.10957892925167965
0.18636854552112214,,,796,,0.0042737439998745685,0.8307500497302372,0.4245692986879921,0.5443707603312926,0.30300144609229446,B2-G,64,1.2220000371598871e-06,0.300303910138086,0.8077881887577489,0.02049957470597563,0.031246274029526774,0.011715395000010176,0.057179072681685095,0.05733382289053912,0.04997723986985636,W,3,0.6699029126213593,0.43423125098311255,0.6205997965042347,0.876186810163905,0.24138115977310945
0.18636854552112214,,,796,,0.003995261000000028,0.8301956617187654,0.5754656951249362,0.5094617936494151,0.30929391432887493,B2-C,64,8.919998890632996e-07,0.300303910138086,0.7430542820622957,0.047246537842687064,0.04512222457069252,0.011200920000192127,0.07264504082709575,0.13436032073766113,0.0722710103877281,W,3,0.7184466019417476,0.43423125098311255,0.6205997965042347,1.027083206600849,0.3335234929563819
0.18636854552112214,,,796,,0.004083060999846566,0.8307497289311085,0.42488433937698,0.5434121171513286,0.30341740129061207,B3,64,1.511000164100551e-06,0.300303910138086,0.8062812389903325,0.022846376024589166,0.031230631157725355,0.3251580170001489,0.05666510121614373,0.06246136221730125,0.05064750049158051,W,3,0.6699029126213593,0.43423125098311255,0.6205997965042347,0.8765018508528929,0.2413807186460058
0.18636854552112214,,,796,,0.004033282999898802,0.8306612745864002,0.34077459581653347,0.5549135108135779,0.30215670815475965,B4,64,1.6080000477813883e-06,0.300303910138086,0.8386245591965811,0.019537647264659008,0.016727834302380826,0.01143005400012953,0.03983165769431267,0.04453404553928908,0.0344264188975697,W,3,0.6601941747572816,0.43423125098311255,0.6205997965042347,0.7923921072924464,0.21630130335951056
0.18636854552112214,,0.013942958895561883,796,0.698841450334388,0.007519956000123784,0.8307716074316744,0.4017074074374222,0.5938165495983492,0.3014197978615328,E0,64,0.0006220329998996021,0.300303910138086,0.8861456115609158,0.015709003853775494,0.006691246891757416,0.028826568999875235,0.011896684151669043,0.03847606011423066,0.004321155248008357,W,3,0.6796116504854369,0.43423125098311255,0.6205997965042347,0.8533249189133352,0.12346576925473106
0.18636854552112214,,0.05447097825519366,796,0.8831329536874527,0.008592759000066508,0.8308410083131427,0.43951471163337547,0.5912603677100128,0.2996652191700963,E1,64,0.0006482280000454921,0.300303910138086,0.8836274222797028,0.048259225766328684,0.009034855408745837,0.03043999199985592,0.014714660944354183,0.11255383665387342,0.008243539301374114,W,3,0.6893203883495146,0.43423125098311255,0.6205997965042347,0.8911322231092884,0.12507762762277647
0.02165884420510733,1.0,,1036,,0.0028654800000822434,0.7292101463987938,0.3122064092814516,0.4548531931623158,0.22592051956845075,B0-NUTS,64,,0.0348998570852086,0.6989280783715168,0.01557047889316665,0.03818346092572859,3.4323166050000964,0.06714343217232903,0.051930726056630405,0.056555887636125735,W,3,0.7475728155339806,0.5989409522991274,0.6205997965042347,0.7638239207573645,0.18218929373193785
0.25592606144562213,0.5,,2017,,0.00046489100009239337,0.16488759790116436,4.506205433713941,0.4570297426915648,0.9686853274782558,B1,16,0.0006703660001221579,0.9647170507878722,0.9241306588617122,0.0618224395655283,0.09361787933021105,0.006404514999985622,0.303472644672943,0.060534097838708556,0.1795739418544614,G,4,0.05825242718446602,0.009360077362239271,0.2652861388078614,3.9515135787140356,0.19723522848888475
0.2652588580418716,,,895,,0.005164293000007092,0.1545882224398594,2.042714298334067,0.5540800713769543,0.9664673133815131,B2-G,16,1.4889999420120148e-06,0.9998971647515683,0.7917852664034226,0.05690313230581623,0.04873540516129547,0.013992505000032907,0.18427252079201542,0.0589155383599973,0.07326095794983234,G,4,0.02912621359223301,2.728076598979229e-05,0.2652861388078614,1.4880224433341618,0.4461773393192777
0.2652588580418716,,,895,,0.004038475000015751,0.15838307459067136,1.7694405187417066,0.6126601928860335,0.9906699467451336,B2-C,16,7.240000741148833e-07,0.9998971647515683,0.7177069007844499,0.06654650968172593,0.03153865457587361,0.010612996999952884,0.1527100826246792,0.06879711182770254,0.02309968125733064,G,4,0.02912621359223301,2.728076598979229e-05,0.2652861388078614,1.2147486637418015,0.4025421089669592
0.2652588580418716,,,895,,0.0037308280000161176,0.15462393614288855,2.0407394258099876,0.5497327071998518,0.9652867471036883,B3,16,1.3019998732488602e-06,0.9998971647515683,0.7899608349543852,0.05562724935381247,0.04885105168571226,0.020634023999946294,0.1823858111095322,0.05734965328943642,0.07467136194494883,G,4,0.02912621359223301,2.728076598979229e-05,0.2652861388078614,1.4860475708100824,0.4461733729616339
0.2652588580418716,,,895,,0.004008515000123225,0.15615672577838163,2.2274679272938913,0.5148225181425735,0.9671203347744013,B4,16,1.3869998838345055e-06,0.9998971647515683,0.8123368819555059,0.058232404709669616,0.05628733837423029,0.010657002000016291,0.20602341256011755,0.059436804609741434,0.0922403899705938,G,4,0.02912621359223301,2.728076598979229e-05,0.2652861388078614,1.6727760722939862,0.36489712961276943
0.25592606144562213,,0.035798190832934756,2017,0.6155781886390125,0.007497094999962428,0.16287550735095419,4.188493883207934,0.49542828278597467,0.979101994790381,E0,16,0.0005952310000338912,0.9647170507878722,0.8940784284672112,0.07269206417483587,0.08051090032971282,0.02844333899997764,0.2794171545154037,0.07775172340970338,0.1452001214009374,G,4,0.04854368932038835,0.009360077362239271,0.2652861388078614,3.6338020282080286,0.20726027988034973
0.25592606144562213,,0.07780991696724063,2017,0.7102073675271019,0.008595851000109178,0.16144062706248083,4.02152558948709,0.5293626332640096,0.9964378064921896,E1,16,0.0006544299999404757,0.9647170507878722,0.8893783585269943,0.08667943630759967,0.07506353758985389,0.030056061999857775,0.2816997559896579,0.09297894811247531,0.12516940820337064,G,4,0.038834951456310676,0.009360077362239271,0.2652861388078614,3.4668337344871847,0.2049371852592128
0.15969312918645284,0.5,,1901,,0.0029978630000186968,0.14271443817580415,1.3302430618939227,0.22986712746815519,0.7544819028370404,B0-NUTS,16,,0.6019655979919617,0.6316364861450624,0.0223761528865275,0.008575521525183497,0.7912778710001476,0.011928335799482284,0.02508986454109907,0.044579518947170826,G,4,0.14563106796116504,0.10559300962140854,0.2652861388078614,0.7755512068940176,0.907717842196704
0.20987057751057253,1.0,,1181,,0.0005629669999507314,0.6903753361954833,1.1635137303087348,0.487764193354575,0.36103267296007163,B1,32,0.0008311649999086512,0.9011288306401088,0.6801774729500085,0.02077530056373289,0.04887705338880928,0.007668845000353031,0.14045253284029477,0.025457008383305224,0.10677129291770682,G,4,0.33980582524271846,0.023026840011284848,0.23289741752185739,1.107479164311411,0.09271467268609884
0.21254882869812142,,,1549,,0.006017035000240867,0.6872167441701622,0.6719554629584541,0.6266916403200311,0.3642043329233334,B2-G,32,1.3399999261309858e-06,0.9126285338830507,0.5790234378299575,0.007776702958243176,0.009752701191967736,0.017332711999642925,0.02206545352540927,0.014767956224153167,0.018869405231569325,G,4,0.3300970873786408,0.02034858882373597,0.23289741752185739,0.6159208969611303,0.27048057552888205
0.21254882869812142,,,1549,,0.00580472199999349,0.6517876954395373,0.9165055394191337,0.7439099840838193,0.38387792802875864,B2-C,32,9.40000063565094e-07,0.9126285338830507,0.6941202876471702,0.07998378558336416,0.020878524008976815,0.014421305999803735,0.00475195335098158,0.09872537318902641,0.13387164911514737,G,4,0.33980582524271846,0.02034858882373597,0.23289741752185739,0.8604709734218099,0.14367605237175057
0.21254882869812142,,,1549,,0.003757239999686135,0.6872467989277635,0.6717880515554439,0.6190323109828189,0.36408480760491757,B3,32,1.2919999790028669e-06,0.9126285338830507,0.574880590749608,0.004594626889243725,0.009754281132494283,0.02720890699993106,0.02389557791686392,0.008738691943236732,0.017838451149147505,G,4,0.3300970873786408,0.02034858882373597,0.23289741752185739,0.61575348555812,0.2704231725621761
0.21254882869812142,,,1549,,0.003982995000114897,0.6856768370875268,0.6864219590670031,0.5152726973115052,0.3625174706011186,B4,32,1.4480001482297666e-06,0.9126285338830507,0.5910082856555159,0.005230087646716175,0.010809797631219684,0.010674985000150627,0.020449109362778994,0.014618567009678785,0.014418034033142457,G,4,0.32038834951456313,0.02034858882373597,0.23289741752185739,0.6303873930696793,0.2123236069789656
0.20987057751057253,,0.023011412201519307,1181,0.5207599684423814,0.007488728999760497,0.6902504611471321,1.0551105830955891,0.4535620269814806,0.36152433230870085,E0,32,0.0006000140001560794,0.9011288306401088,0.6192914285477977,0.011074545670860081,0.03981743039653089,0.028177743000014743,0.09541134391485176,0.019897897928487507,0.10414546184044082,G,4,0.34951456310679613,0.023026840011284848,0.23289741752185739,0.9990760170982653,0.0924779012251079
0.21254882869812142,,0.061819004323593496,1549,0.8460786476145602,0.008563854999920295,0.6911440770710986,1.1240233204852774,0.5436460700985104,0.36446242793690853,E1,32,0.0006448499998441548,0.9126285338830507,0.666901589084361,0.041364792017704044,0.042972643493776816,0.029925958999683644,0.08240853557724012,0.05812855585333587,0.13889540522686994,G,4,0.34951456310679613,0.02034858882373597,0.23289741752185739,1.0679887544879536,0.09525380458372107
0.08661836678395088,1.0,,1053,,0.0028781300002265198,0.6159331809471771,0.5618596609882509,0.15636035371300544,0.29311229458518545,B0-NUTS,32,,0.371916390081147,0.4581800993790651,0.008268092365206592,0.016305242851809718,1.5492177230003108,0.03026210663087872,0.014688423079942448,0.040999530238150284,G,4,0.6116504854368932,0.1462790507379065,0.23289741752185739,0.5058250949909271,0.2159850282178333
0.06662753486233303,1.0,,1901,,0.00048503600010008086,0.716144063196521,-0.23306662144769694,0.10953988935737327,0.14253162590759408,B1,64,0.0006591920000573737,0.7469630188317251,0.49962604494650464,0.004616215512317112,0.012798151523754228,0.00675171600005342,0.034475795339907134,0.005665846194055635,0.030115929830349608,G,4,0.6504854368932039,0.022570368089463284,0.08919790295179632,0.45249516550954405,0.032798491131594144
0.06662753486233303,,,1901,,0.004214950000005047,0.7108379165183146,-0.20992851942307947,0.13977440244487638,0.1574506488354332,B2-G,64,1.2549999155453406e-06,0.7469630188317251,0.4489675725501555,0.03271976902642615,0.018489201915607337,0.013126556000315759,0.05474796194043684,0.05251728950134016,0.02652502538700119,G,4,0.6116504854368932,0.022570368089463284,0.08919790295179632,0.4756332675341616,0.07807902023831018
0.08909837525397311,,,1181,,0.006613506999656238,0.6860384065151774,-0.0919636074713181,0.24047419507631665,0.18082500420953995,B2-C,64,1.0250000741507392e-06,0.9988841924021803,0.5514427991477475,0.08380724413463025,0.021840619491075755,0.014487465000001976,0.005664148682739567,0.1342712540795965,0.07198786924917078,G,4,0.4854368932038835,9.952769782320837e-05,0.08919790295179632,0.5935981794859229,0.07770128787113816
0.06662753486233303,,,1901,,0.005521195999790507,0.7108449744332617,-0.20808123950810448,0.13625439895521438,0.15853459089460692,B3,64,1.410000095347641e-06,0.7469630188317251,0.45298240090410236,0.03773275860476277,0.018609364249125418,0.02802631199983807,0.05708773661444818,0.05879617327213538,0.02486491659199952,G,4,0.6116504854368932,0.022570368089463284,0.08919790295179632,0.47748054744913654,0.07810543706489696
0.06662753486233303,,,1901,,0.004028298999855906,0.7107676726250642,-0.22145792875771464,0.1390755440282642,0.15486157437848777,B4,64,1.2650002645386849e-06,0.7469630188317251,0.45167816335727884,0.0251943441881195,0.01535683641910858,0.014489142000002175,0.04825475003670854,0.0404983905618147,0.024298207377464465,G,4,0.6213592233009708,0.022570368089463284,0.08919790295179632,0.4641038581995264,0.07348015576246016
0.06662753486233303,,0.030875292232109282,1901,0.7007928614387214,0.00947706700026174,0.7114184933216099,-0.24647049678398342,0.11989299963856057,0.1481499592800574,E0,64,0.0007429560000673519,0.7469630188317251,0.4721384213165851,0.0212809990668813,0.002528911409093129,0.03501626399975066,0.01045328744990763,0.04320790180991407,0.00478673561731624,G,4,0.6407766990291263,0.022570368089463284,0.08919790295179632,0.4390912901732576,0.0471382939041869
0.08909837525397311,,0.26883289635335306,1181,0.9369362786843635,0.008586131999891222,0.7109141143656528,-0.09109250771875949,0.26425890455088785,0.18651184448620917,E1,64,0.0006557319998137245,0.9988841924021803,0.5813576542715733,0.10462387125614181,0.015103897146779607,0.031997766999666055,0.03539339636129976,0.17262488611870674,0.056990447796888,G,4,0.5533980582524272,9.952769782320837e-05,0.08919790295179632,0.5944692792384816,0.05064804625072274
0.08075632641863612,1.0,,1677,,0.005945823999809363,0.7066369297223762,0.01435399006732397,0.15372557461963463,0.20407331718679345,B0-NUTS,64,,0.9053612668705661,0.6167355885103945,0.00930862726440218,0.017045638084114176,3.5729934179998963,0.03376167732094826,0.014672968323978464,0.04763008986691675,G,4,0.46601941747572817,0.008441576533160196,0.08919790295179632,0.6999157770245651,0.07761138138100074
0.5811290101519752,1.0,,37,,0.0005701439999938884,0.41709405130484706,1.9061726777378536,0.6658951785291839,0.5899130334384428,B1,16,0.0008217530003093998,0.8705820873290266,0.6730748924865924,0.07757604090153525,0.04524884506268188,0.008690429000125732,0.18103722305815936,0.1101016943914983,0.07581910996160224,W,4,0.24271844660194175,0.08638875596115195,0.6675177661131271,1.4818282058906902,0.3149279348453468
0.5811290101519752,,,37,,0.006066715000088152,0.39606968517134356,1.253320543220895,0.6313993842736945,0.6037423786701579,B2-G,16,1.2430000424501486e-06,0.8705820873290266,0.6085664756758962,0.05699109772791672,0.008703226066963846,0.016893394999897282,0.0006267158195974176,0.11912975746749588,0.02198796675136172,W,4,0.20388349514563106,0.08638875596115195,0.6675177661131271,0.8289760713737315,0.697533014813289
0.5955539685965374,,,197,,0.005787923999832856,0.49053836225533953,1.2312679797735344,0.6371825807960539,0.5963973570509856,B2-C,16,8.890001481631771e-07,0.8921919367994864,0.5955741475460197,0.05839560851276426,0.0051225597777492665,0.014894131000346533,0.017963880620828585,0.0973986986471721,0.021387059140001496,W,4,0.24271844660194175,0.0719637975165897,0.6675177661131271,0.806923507926371,0.4857713586213369
0.5811290101519752,,,37,,0.0037342219998208748,0.39593040509410504,1.255580918710385,0.6303247148265169,0.6068915137337597,B3,16,1.1679999261104967e-06,0.8705820873290266,0.6067437270033936,0.06121504843885922,0.008715258673745327,0.02662751699972432,0.002557349506102119,0.1269786420018857,0.023767530357007405,W,4,0.20388349514563106,0.08638875596115195,0.6675177661131271,0.8312364468632216,0.6979736666186664
0.5811290101519752,,,37,,0.004008974000043963,0.40007668208303493,1.2618172115945225,0.6423201438336349,0.6006490055510325,B4,16,1.3190001482143998e-06,0.8705820873290266,0.6257433105533439,0.059279443094463924,0.0011287362618466051,0.011145444000248972,0.02230994606521157,0.11653501625382434,0.006559272480551548,W,4,0.22330097087378642,0.08638875596115195,0.6675177661131271,0.8374727397473591,0.5727966460553027
0.5811290101519752,,0.04897189734246465,37,0.7599660759860849,0.00942793400008668,0.417178131969977,1.7173941678613158,0.6644690407407833,0.5933458339698041,E0,16,0.0007591959997625963,0.8705820873290266,0.66857650431167,0.06932060420759095,0.02674723106004985,0.03553348700006609,0.11616363147304995,0.10986164027274192,0.044911889632548774,W,4,0.24271844660194175,0.08638875596115195,0.6675177661131271,1.2930496960141524,0.3383147388486714
0.5811290101519752,,0.08759454431863459,37,0.9021629453858077,0.008603685999787558,0.43878363698047956,1.6870170519932404,0.662103705888998,0.5882501761152858,E1,16,0.0006705000000692962,0.8705820873290266,0.6611186027694532,0.07434509352607044,0.02423582848060736,0.03361115300003803,0.11390091246010678,0.11048294821355742,0.03420620425662102,W,4,0.2621359223300971,0.08638875596115195,0.6675177661131271,1.262672580146077,0.30033908599407977
0.4187419759713982,0.5,,1901,,0.0031383729997287446,0.1397567526291208,1.3418849807492244,0.644865743645884,0.7680477020814344,B0-NUTS,16,,0.6273121064772262,0.6706994070301824,0.04079882311997368,0.009313437702377428,0.7819060559995705,0.05518489054765469,0.10080902934786551,0.010111373804772783,W,4,0.1262135922330097,0.24877579014172888,0.6675177661131271,0.917540508902061,0.8295383097001086
0.0510569483009401,1.0,,1533,,0.00048504599999432685,0.6474332417101777,2.6812924561355915,0.6015738715255471,0.4543364443584259,B1,32,0.0007044429999041313,0.08859029661798339,0.8402959666328691,0.037454080542807744,0.0744507687303438,0.007087292000051093,0.22195222151937952,0.041000932720341,0.15098575972652162,W,4,0.2912621359223301,0.5252696952490465,0.5763266435499866,2.7401008795645994,0.18994087095946127
0.0510569483009401,,,1533,,0.004269195000233594,0.6443459512864679,1.5133150714318933,0.6504723248855765,0.454114088429349,B2-G,32,1.4060001376492437e-06,0.08859029661798339,0.7689535581321358,0.037495924753662924,0.047142021159882905,0.012120528999730595,0.14863524396587777,0.046164691283558046,0.0929014096143046,W,4,0.2912621359223301,0.5252696952490465,0.5763266435499866,1.5721234948609009,0.18030234988652707
0.5307141586846598,,,1549,,0.00405859500006045,0.6657297126976,2.04502941509672,0.6364201497697906,0.4649413751241562,B2-C,32,1.1710003491316456e-06,0.9208565396450029,0.820227218866892,0.0574948806665484,0.06301052663603655,0.011331119999795192,0.10906610393881483,0.06063202463109807,0.2163049101458303,W,4,0.2912621359223301,0.04561248486532684,0.5763266435499866,2.103837838525728,0.18648900024491638
0.0510569483009401,,,1533,,0.004270452000127989,0.6443449294335982,1.513827877113715,0.6534735278829168,0.4543271764080977,B3,32,1.8790001377055887e-06,0.08859029661798339,0.7705358517746037,0.038621549387596155,0.04712242871161802,1.6831184240004404,0.1505280630698613,0.04729326680000567,0.09182221279284752,W,4,0.2912621359223301,0.5252696952490465,0.5763266435499866,1.5726363005427226,0.1803024882125226
0.0510569483009401,,,1533,,0.004092852999747265,0.6436459146642821,1.4348961337729973,0.6072478787719005,0.4528485111722055,B4,32,1.204999989568023e-06,0.08859029661798339,0.790318170820496,0.027088718433753434,0.057184769068970284,0.011763549000079365,0.17976986678939513,0.025487249738817885,0.11373128353968576,W,4,0.30097087378640774,0.5252696952490465,0.5763266435499866,1.493704557202005,0.1805477497069995
0.0510569483009401,,0.012774438891334294,1533,0.352309334296922,0.007548198000222328,0.6452651721223025,2.5775354633374077,0.5740181266195902,0.452117722880015,E0,32,0.0006288739996307413,0.08859029661798339,0.7988629736211499,0.015026765703750056,0.07201024787523234,0.029256180000174936,0.19846102512344035,0.014826726802393053,0.15754040056165686,W,4,0.2912621359223301,0.5252696952490465,0.5763266435499866,2.6363438867664155,0.18820058444328502
0.5307141586846598,,0.16327423505771688,1549,0.5848528964864883,0.008598946000347496,0.645314453397122,2.742224842351649,0.5900718247279321,0.4615936059894101,E1,32,0.0006664920001639985,0.9208565396450029,0.8117636485225372,0.0457372413596866,0.0817281572886656,0.030805268999756663,0.17246552370462884,0.053783567060029736,0.2506849655921821,W,4,0.30097087378640774,0.04561248486532684,0.5763266435499866,2.801033265780657,0.19183432809137763
0.43934952773228825,1.0,,1901,,0.002858852999906958,0.4768588412937076,0.667833766254556,0.5452368620941359,0.3693278889900235,B0-NUTS,32,,0.7623272889589774,0.6031291444853185,0.0224175449831866,0.012742698926426196,1.8234452120000242,0.05001359429822582,0.07357371737720408,0.006968600151449178,W,4,0.46601941747572817,0.1369771158176984,0.5763266435499866,0.7266421896835638,0.26575462460938076
0.179560646601958,1.0,,1677,,0.0005046900000706955,0.7127662695301156,0.5378538658673793,0.3118315470870917,0.2777316239753004,B1,64,0.0007096509998518741,0.9053380045782536,0.8183604043001772,0.021207824540537656,0.032550332269861135,0.007511555999826669,0.08581565152172374,0.04287834838952731,0.07930934415500268,W,4,0.3883495145631068,0.01877483218489055,0.19833547878684854,1.3703563135803516,0.042257252613067835
0.179560646601958,,,1677,,0.0043565709997892554,0.7402935662438913,0.26630823292586,0.3125178233733264,0.27777565302339113,B2-G,64,1.3349999790079892e-06,0.9053380045782536,0.7985975231009922,0.00420338198396597,0.001005252354404615,0.011866203999943536,0.014942600634684833,0.030679951288550278,0.01583610875605712,W,4,0.3883495145631068,0.01877483218489055,0.19833547878684854,1.0988106806388322,0.08577547640101554
0.179560646601958,,,1677,,0.004110790000140696,0.7412732400664531,0.2907821553313902,0.38185312005326616,0.28095180512873796,B2-C,64,7.610001375724096e-07,0.9053380045782536,0.7744747995717625,0.04024433493663615,0.017036695410644467,0.011567108000235748,0.033194507964793146,0.09322474446086049,0.034174980644001374,W,4,0.3592233009708738,0.01877483218489055,0.19833547878684854,1.1232846030443624,0.10974583351988951
0.179560646601958,,,1677,,0.003908369999862771,0.7402941889138435,0.2664377248507144,0.31140916885394565,0.2778344161471569,B3,64,1.1580000318645034e-06,0.9053380045782536,0.7988556467455832,0.002787577104038097,0.001045378456771509,0.02133696000009877,0.016039489321836242,0.02896255715376217,0.01626362231076095,W,4,0.3883495145631068,0.01877483218489055,0.19833547878684854,1.0989401725636867,0.08577622600262831
0.179560646601958,,,1677,,0.004062515999976313,0.7402417969378777,0.24789056949586943,0.3087671846691673,0.2779203718150684,B4,64,1.5169998732744716e-06,0.9053380045782536,0.7957414630297056,0.0006156186956163268,0.005309872122071166,0.011434174999976676,0.0015453730146856859,0.017648476914432387,0.026037619046828997,W,4,0.3883495145631068,0.01877483218489055,0.19833547878684854,1.0803930172088418,0.07993206138782101
0.179560646601958,,0.03050807867208105,1677,0.6143005813185785,0.007617779000156588,0.7403995709797285,0.45213110431907233,0.29394082685157513,0.27872742129055034,E0,64,0.0006294909999269294,0.9053380045782536,0.8171677569214691,0.007893998197787688,0.017294121743096066,0.029318432000309258,0.024184806463096967,0.012287630446452091,0.06867257297407714,W,4,0.3883495145631068,0.01877483218489055,0.19833547878684854,1.2846335520320447,0.05216733295809901
0.179560646601958,,0.1158033417795592,1677,0.9050616018864419,0.00867567599971153,0.74093212568072,0.43715626134385255,0.3608041939686127,0.28088154751601385,E1,64,0.0006963969999560504,0.9053380045782536,0.7993189294614785,0.05342591610310449,0.008640195093797862,0.030854070999794203,0.028648160492515645,0.11299568023840345,0.02230821678063699,W,4,0.39805825242718446,0.01877483218489055,0.19833547878684854,1.269658709056825,0.05660484150685848
0.179560646601958,1.0,,1677,,0.002782541000215133,0.7323469069041377,-0.01435225647486045,0.1853872515689358,0.19187817706237192,B0-NUTS,64,,0.9053380045782536,0.7054657387652677,0.011762539721111964,0.023356642031461164,3.515061514000081,0.05770528804004557,0.05187295741889575,0.03275354978591716,W,4,0.5048543689320388,0.01877483218489055,0.19833547878684854,0.8181501912381121,0.0769992173072942
