absolute_regret,acquisition_signature_entropy_rank,active_log_lengthscale_w1,budget,count,design_attempts,design_cache_builds,diagnostic_factorizations,distance_to_teacher,elapsed_seconds,factorization_equivalents,factorization_equivalents_per_particle,final_beta,final_x,inactive_log_lengthscale_w1,max_log_lengthscale_w1,mean_log_lengthscale_w1,method,normalized_regret,particles,post_initialization_elapsed_seconds,post_initialization_factorizations_per_particle,posterior_mmd,repeat,seed,shared_initialization_elapsed_seconds,structural_steps,teacher_ei_at_method,teacher_optimum_ei,teacher_reference_strengthened
0.2553122007906041,,,0,16,,,,1.4088880359069342,,,,,"[1.0, 0.0, 0.8261865616238129, 0.48223938214909007, 0.570117337899251, 0.6265031150334075, 0.07513202304360017, 0.07603422296331579, 0.5586838513121869, 0.17975034194770126]",,,,map,0.4238083326173446,1,,,,0,0,,,0.34711153923794513,0.6024237400285493,
0.26273186272965887,1.2399696949409846,0.9385948705550298,32,16,32,8,8,1.9725081004877514,33.69796238999993,448,56,0.0,"[1.0, 0.0, 0.36621852366247, 1.0, 0.8755578614770555, 0.23538304175332733, 0.0, 0.09838176254485179, 0.9979317068903997, 0.47897170531911715]",1.3426475629822734,1.571024895099337,1.2618370244968247,posterior,0.43612468312953245,8,12.641453229000035,40,0.6362573163050897,0,0,21.056509160999894,32,0.3396918772988904,0.6024237400285493,False
0.29409941735750966,1.2247096368548018,0.9468470535211271,32,16,32,8,8,1.549350573925353,35.078021693999744,448,56,1.0,"[1.0, 0.0, 0.5761146481401915, 0.49226999700242724, 0.49324130220060597, 0.7932497078519233, 0.054617256583662316, 0.07069570215729923, 0.4050020019655533, 0.4906532704997386]",1.3212921251959369,1.561804728849457,1.246403110860975,decision,0.4881936049591474,8,14.02151253299985,40,0.6328448145869353,0,0,21.056509160999894,32,0.3083243226710396,0.6024237400285493,False
0.23580263204227048,1.231561473374442,0.7384344026894218,32,16,32,8,8,2.1453947448135393,15.920530953000025,448,56,0.0,"[1.0, 0.0, 0.0, 1.0, 0.970794560583448, 0.22410755881371677, 0.0, 0.021546604159150155, 0.9989467629267462, 0.4474996180222283]",1.3400334390706308,1.612595932698135,1.219713631794389,posterior,0.39142320658062985,8,5.798546356000088,40,0.612287106805493,1,0,10.121984596999937,32,0.3666211079862788,0.6024237400285493,False
0.24959887782398182,1.2264699493087416,0.7439019422730977,32,16,32,8,8,1.873563982399864,22.340113758999905,448,56,1.0,"[1.0, 0.0, 0.057721609889175025, 0.4805692041630426, 0.9755877732487556, 0.28628746324243853, 0.0, 0.12524978961646868, 0.9788337910651963, 0.5190576199053099]",1.3326868314809404,1.5930336071396378,1.2149298536393718,decision,0.41432443849598816,8,12.218129161999968,40,0.6093189152930967,1,0,10.121984596999937,32,0.35282486220456744,0.6024237400285493,False
0.2381880180027437,1.442177923800026,0.4432941655610263,32,16,32,8,8,2.135377083122559,15.904075361000196,448,56,0.0,"[1.0, 0.0, 0.0, 1.0, 1.0, 0.2211551890531958, 0.0, 0.05037582681309574, 1.0, 0.4574723916387323]",0.9900040006043094,1.112946319777697,0.8806620335956528,posterior,0.39538285458580336,8,5.842249767000112,40,0.5216375079714587,2,0,10.061825594000084,32,0.36423572202580556,0.6024237400285493,False
0.26441143309628534,1.432127175181213,0.4553574253182464,32,16,32,8,8,1.8067974211983029,22.782150897000065,448,56,1.0,"[1.0, 0.0, 0.020023670679711524, 0.48629431939668977, 1.0, 0.7979224654384247, 0.0, 0.032303016579814346, 0.7579732830295497, 0.4781472839943192]",0.9910852316771012,1.113405312069499,0.8839396704053302,decision,0.4389127046748767,8,12.720325302999981,40,0.5257803860423235,2,0,10.061825594000084,32,0.3380123069322639,0.6024237400285493,False
0.19483389975976534,1.3746864571459267,0.9991064736922728,64,16,64,16,8,2.2391999774994034,30.250190501999896,768,96,0.0,"[1.0, 0.0, 0.0, 1.0, 0.5112391932722161, 0.0, 0.0, 0.0, 1.0, 0.21786816459047073]",1.370134022283219,1.5458397007053315,1.2959285125650297,posterior,0.3234167029183346,8,9.193681341000001,80,0.6414695152842284,0,0,21.056509160999894,64,0.4075898402687839,0.6024237400285493,False
0.29068570682067096,1.3327170493857818,1.0204972640182886,64,16,64,16,8,1.3148617486252658,43.73450125499994,768,96,1.0,"[0.9506330087830642, 0.0, 0.6660701513750712, 0.37282242901293317, 0.5490779903842917, 0.8132096497311238, 0.3178544850547983, 0.06516344044074367, 0.3619696945950778, 0.35459008307874257]",1.3443127790352307,1.5365719793672774,1.2795496760318423,decision,0.4825269781149315,8,22.677992094000047,80,0.6377679935864979,0,0,21.056509160999894,64,0.3117380332078783,0.6024237400285493,False
0.19146216679152323,1.2793147386938815,0.7968401530346159,64,16,64,16,8,2.1640014215486336,19.71028309799999,768,96,0.0,"[0.9897181892569864, 0.0, 0.0, 1.0, 0.9992196194106772, 0.04765823799274267, 0.0, 0.0, 1.0, 0.15330498437356435]",1.345755982537008,1.587525972645207,1.2359728166365298,posterior,0.3178197572068619,8,9.588298501000054,80,0.6391485135684878,1,0,10.121984596999937,64,0.41096157323702603,0.6024237400285493,False
0.23892252452326862,1.2678784399824203,0.7959478691419086,64,16,64,16,8,1.8483256281889426,33.002436455999714,768,96,1.0,"[1.0, 0.0, 0.0, 0.34556655453293555, 1.0, 0.20199804673772334, 0.0801570999247728, 0.11766340958923553, 1.0, 0.41982294547911186]",1.3262887722531613,1.5495725603732566,1.2202205916309112,decision,0.3966021068690718,8,22.880451858999777,80,0.6304313057255156,1,0,10.121984596999937,64,0.36350121550528064,0.6024237400285493,False
0.1955473108140487,1.5128919619019479,0.5364132150136396,64,16,64,16,8,2.181423329851799,19.730063583999936,768,96,0.0,"[1.0, 0.0, 0.0, 1.0, 1.0, 0.012884875866578657, 0.0, 0.0, 1.0, 0.22333221845471884]",1.021984740916407,1.106838704061143,0.9248704357358534,posterior,0.3246009375473509,8,9.668237989999852,80,0.5460400023830216,2,0,10.061825594000084,64,0.40687642921450057,0.6024237400285493,False
0.2446531231202695,1.4872697007615998,0.5568348780361542,64,16,64,16,8,1.8572938562630807,32.696882865000134,768,96,1.0,"[1.0, 0.0, 0.0, 0.40653724485011183, 1.0, 0.7290617841026636, 0.0, 0.0, 1.0, 0.3251397737306774]",1.0227858901825737,1.103651180447769,0.9295956877532898,decision,0.40611467786557554,8,22.63505727100005,80,0.5535606781516338,2,0,10.061825594000084,64,0.35777061690827977,0.6024237400285493,False
0.23507042384018367,1.9281704770125776,0.3964874369692616,32,16,32,8,16,2.1343772394457847,40.92801159400028,896,56,0.0,"[1.0, 0.0, 0.0, 1.0, 1.0, 0.2157055320922661, 0.0, 0.04459650584175392, 1.0, 0.4339414674709042]",1.1530492531001637,1.5520500494837781,1.0017368898739833,posterior,0.39020776941666263,16,17.178147981000166,40,0.5782249735975612,0,0,23.749863613000116,32,0.3673533161883656,0.6024237400285493,False
0.31256797550368437,1.8390488905477653,0.40539333199158145,32,16,32,8,16,1.8403278431886059,38.177067247000195,896,56,1.0,"[0.6474748722121524, 0.0, 0.08020880255268481, 0.46897176032781934, 0.9544938460580316, 0.2808205464935621, 0.0, 0.07803281147034159, 0.7582006476616199, 0.48271600153663385]",1.1509501585867576,1.5546323644954043,1.0018387932677224,decision,0.5188506938469449,16,14.42720363400008,40,0.5762995411645543,0,0,23.749863613000116,32,0.2898557645248649,0.6024237400285493,False
0.2367766134670365,1.7864014001903876,0.42541773449152004,32,16,32,8,16,2.129223451182405,19.032796765000057,896,56,0.0,"[1.0, 0.0, 0.004606379207407236, 1.0, 0.9911502091188403, 0.22200634407334985, 0.0, 0.049921722191970413, 1.0, 0.43837561296805905]",1.2042733588307897,1.4994290095507696,1.0485022339629357,posterior,0.3930399778996351,16,5.9132937930000935,40,0.5853897216441647,1,0,13.119502971999964,32,0.36564712656151277,0.6024237400285493,False
0.313216777465714,1.7346115887325813,0.4321386341091328,32,16,32,8,16,1.8626182805444271,25.863961103000065,896,56,1.0,"[0.6552522701981897, 0.0, 0.07508848595834851, 0.5158271269904569, 0.9568334212891311, 0.272929175268315, 0.0022006303202407908, 0.0794791692308876, 0.7771878984447542, 0.4969189572336726]",1.202655374245658,1.5034585354127854,1.048552026218353,decision,0.519927679893343,16,12.744458131000101,40,0.5838856702118084,1,0,13.119502971999964,32,0.28920696256283523,0.6024237400285493,False
0.22510902588407644,1.7006517197789166,0.44198955708448806,32,16,32,8,16,1.9696682511414156,19.111797079000098,896,56,0.0,"[1.0, 0.0, 0.0, 0.4765032949378851, 1.0, 0.1954062457141565, 0.0, 0.0033054381142725714, 1.0, 0.4277024063501645]",1.1816909930310124,1.4325913265116423,1.0337507058417077,posterior,0.37367223588069154,16,5.910084299000118,40,0.5596164484667182,2,0,13.20171277999998,32,0.3773147141444728,0.6024237400285493,False
0.30405232367078483,1.6778129153848034,0.4385888165402919,32,16,32,8,16,1.901264092690625,25.82390327899998,896,56,1.0,"[0.6731206521896426, 0.0, 0.058630540131745484, 0.5424400297026699, 0.9683863977122183, 0.2610364372085775, 0.0, 0.0642756990030002, 0.838751532339202, 0.49090683572355126]",1.1747383993728526,1.4299166402496848,1.0275084828063403,decision,0.504715042697978,16,12.622190498999998,40,0.5565722772782756,2,0,13.20171277999998,32,0.29837141635776443,0.6024237400285493,False
0.17965062005518773,2.3930681949496573,0.36798687614318626,64,16,64,16,16,2.17608553336092,32.92393393500015,1536,96,0.0,"[1.0, 0.0, 0.0, 1.0, 1.0, 0.0, 0.0, 0.0, 1.0, 0.08766625693256384]",1.0558875639502894,1.4596991769685528,0.9183074263888686,posterior,0.29821304858715225,16,9.174070322000034,80,0.5512212107509787,0,0,23.749863613000116,64,0.42277311997336153,0.6024237400285493,False
0.3156637043272386,2.160798189559799,0.3629451715458162,64,16,64,16,16,1.9217626860170218,46.34478418500021,1536,96,1.0,"[0.4793324719741683, 0.0, 0.047294590138693984, 0.3551309908433126, 1.0, 0.20457449292805993, 0.0, 0.0026044300774519845, 0.8473559718036029, 0.34182366226802585]",1.0405938939356534,1.4482481297975125,0.905064149457686,decision,0.52398948340296,16,22.594920572000092,80,0.5406964711824526,0,0,23.749863613000116,64,0.28676003570131064,0.6024237400285493,False
0.18041378714360223,2.2334518393967686,0.43760990378116493,64,16,64,16,16,2.1763733973004453,22.29070539999998,1536,96,0.0,"[1.0, 0.0, 0.0, 1.0, 0.9998258036695005, 0.0, 0.0, 0.0, 1.0, 0.09454236211671627]",1.1648435492644729,1.478732503380709,1.0193968201678112,posterior,0.29947987629945044,16,9.171202428000015,80,0.5742967628315105,1,0,13.119502971999964,64,0.422009952884947,0.6024237400285493,False
0.325326716891983,2.0673336365714263,0.4233498035202263,64,16,64,16,16,1.9823600574245488,35.9009217360001,1536,96,1.0,"[0.528611319911649, 0.0, 0.03087653631896094, 0.6136077565913151, 1.0, 0.18936636368529317, 0.03638320665406151, 0.015448294726200518, 0.8801870042909438, 0.38939060145591337]",1.1489034520182364,1.468573642846398,1.0037927223186343,decision,0.5400297087836637,16,22.781418764000136,80,0.5664192065954743,1,0,13.119502971999964,64,0.27709702313656626,0.6024237400285493,False
0.19489552434989943,1.8278030365254827,0.49735510168963515,64,16,64,16,16,2.0675788252060947,22.487705140000116,1536,96,0.0,"[0.9098192919248967, 0.0, 0.0, 0.7187843691142248, 1.0, 0.0, 0.0, 0.0, 1.0, 0.1497858242646472]",1.2042928540308586,1.465363846401691,1.062905303562614,posterior,0.3235189973434035,16,9.285992360000137,80,0.5738591367017004,2,0,13.20171277999998,64,0.40752821567864983,0.6024237400285493,False
0.3204587669079425,1.7676502523999245,0.48265417771713315,64,16,64,16,16,2.038194817898311,36.812227041999904,1536,96,1.0,"[0.5061363712662543, 0.0, 0.007465774033163659, 0.6540715082310125, 1.0, 0.16627798051231438, 0.026530595904981136, 0.0, 0.9113871187799037, 0.38437061442878234]",1.187138352203978,1.451918394375339,1.046241517306609,decision,0.5319491009646395,16,23.610514261999924,80,0.5670461180721155,2,0,13.20171277999998,64,0.28196497312060675,0.6024237400285493,False
0.23667709418189414,1.5151671195990852,0.5991483865844189,32,16,32,8,32,2.1008099260538624,53.21007178800005,1792,56,0.0,"[1.0, 0.0, 0.0, 1.0, 1.0, 0.215941658888556, 0.0, 0.03838051165457328, 0.8719665846366669, 0.4434730466643998]",1.3327204791153648,1.5821449449556573,1.1860060606091758,posterior,0.39287477975333085,32,17.665650673000073,40,0.5942134899356708,0,0,35.54442111499998,32,0.3657466458466551,0.6024237400285493,False
0.27386929495755785,1.4215019951501953,0.6152759071594003,32,16,32,8,32,1.9909714492069033,52.981674441999985,1792,56,1.0,"[0.9793750754761272, 0.0, 0.12490282583728977, 0.9801098559982099, 0.9060505427965383, 0.34796493258687944, 0.0, 0.14587376833766288, 0.8866683043390037, 0.5577043203066897]",1.3403981508691838,1.5886807557078637,1.195373702127227,decision,0.4546123878593812,32,17.437253327000008,40,0.5948039781109992,0,0,35.54442111499998,32,0.3285544450709914,0.6024237400285493,False
0.23385338318722027,1.5151862044150528,0.5896643445282389,32,16,32,8,32,1.7895582905046146,26.09461364899994,1792,56,0.0,"[1.0, 0.0, 0.04147503014001783, 0.44718297462188, 1.0, 0.21833394636897901, 0.0, 0.050078866079024585, 0.43646633869620977, 0.44518746379919977]",1.3759311323240468,1.6088326197279101,1.2186777747648854,posterior,0.3881875292234297,32,5.891419270999904,40,0.6107657569440883,1,0,20.203194378000035,32,0.368570356841329,0.6024237400285493,False
0.2667923701964385,1.4535139014690257,0.5946774325681913,32,16,32,8,32,2.010672281113246,35.13076304399988,1792,56,1.0,"[0.997709702854869, 0.0, 0.11008079318962913, 1.0, 0.9171169338491326, 0.33558514418866603, 0.0, 0.13727283112032654, 0.8959985027620011, 0.5395001920828787]",1.378330722661449,1.6065951137478225,1.2216000646427976,decision,0.4428649677447888,32,14.927568665999843,40,0.6087232871778695,1,0,20.203194378000035,32,0.3356313698321108,0.6024237400285493,False
0.2293091049788179,1.6497743453657059,0.5665104481502992,32,16,32,8,32,1.8846975742047734,26.217260457999828,1792,56,0.0,"[1.0, 0.0, 0.0, 0.43014835569697935, 1.0, 0.21775418028693802, 0.0, 0.03248889203588316, 0.8208367702852587, 0.44324909447165245]",1.3451535333289846,1.62429217094257,1.1894249162932478,posterior,0.380644203975014,32,5.928227550999964,40,0.5926470556865633,2,0,20.289032906999864,32,0.37311463504973136,0.6024237400285493,False
0.2710452697735694,1.5491962446810372,0.5836843148795636,32,16,32,8,32,1.99533563430791,35.4819259169999,1792,56,1.0,"[0.9929031505324994, 0.0, 0.12246996618324206, 0.9852961641386746, 0.9083217559420061, 0.34344433386041856, 0.0, 0.14562447008028118, 0.8877005065333315, 0.5563836849885625]",1.3572918704871957,1.6370842093007687,1.2025703593656691,decision,0.4499246157874263,32,15.192893010000034,40,0.5946246321110047,2,0,20.289032906999864,32,0.33137847025497985,0.6024237400285493,False
0.18627503675731844,1.8040632795038356,0.5375744041613453,64,16,64,16,32,2.1793255214288374,45.05359791000001,3072,96,0.0,"[1.0, 0.0, 0.0, 1.0, 1.0, 0.0, 0.0, 0.0, 1.0, 0.1476375712783188]",1.2430225211837134,1.4811587468988194,1.1019328977792398,posterior,0.3092093229069803,32,9.50917679500003,80,0.583727713425786,0,0,35.54442111499998,64,0.4161487032712308,0.6024237400285493,False
0.26799086773968606,1.6400482655871185,0.5481240590939588,64,16,64,16,32,2.099315950121481,60.936351150000064,3072,96,1.0,"[0.7796712882751041, 0.0, 0.049646522060339954, 1.0, 1.0, 0.27389127021586357, 0.0, 0.044833321580830435, 0.9871503745311141, 0.40511494121750447]",1.246207438514285,1.4785900054811734,1.1065907626302196,decision,0.4448544270964252,32,25.391930035000087,80,0.580313234901296,0,0,35.54442111499998,64,0.3344328722888632,0.6024237400285493,False
0.1846295170720269,1.565250174070667,0.6331803220008189,64,16,64,16,32,1.7780059775082708,29.794837972000096,3072,96,0.0,"[1.0, 0.0, 0.11162050053670503, 0.1660950724801759, 1.0, 0.0, 0.0, 0.0, 0.5282539099960932, 0.22871020420185073]",1.4020942407371826,1.6183870708439965,1.2483114569899096,posterior,0.30647782416954084,32,9.591643594000061,80,0.635916164430476,1,0,20.203194378000035,64,0.41779422295652235,0.6024237400285493,False
0.2523991548705695,1.4751743219618274,0.6341090182973074,64,16,64,16,32,2.0942353499865343,45.18384967299994,3072,96,1.0,"[0.8625840280267267, 0.0, 0.026793893568277136, 1.0, 1.0, 0.26162829567790197, 0.0, 0.048684076965050296, 0.9741402504734364, 0.37668418821272537]",1.3993987444826255,1.6050055326084525,1.2463407992455617,decision,0.4189727895826419,32,24.980655294999906,80,0.6304925687009397,1,0,20.203194378000035,64,0.35002458515797974,0.6024237400285493,False
0.16894520914233385,1.9260578978485434,0.5232913145893672,64,16,64,16,32,1.9363166948613162,29.68443877999971,3072,96,0.0,"[1.0, 0.0, 0.0, 0.040573933093295114, 1.0, 0.0, 0.0, 0.0, 1.0, 0.14146809836100963]",1.2575468593786272,1.5110915350196206,1.1106957504207753,posterior,0.28044248245317727,32,9.395405872999845,80,0.5761740951773957,2,0,20.289032906999864,64,0.4334785308862154,0.6024237400285493,False
0.2608534301263068,1.7633586281239413,0.5298498006386716,64,16,64,16,32,2.1022666468802327,46.47480091500006,3072,96,1.0,"[0.8226434212882103, 0.0, 0.04266954581670707, 1.0, 1.0, 0.25471064109672836, 0.0, 0.04364353526978498, 0.9825108147505521, 0.4075050426052005]",1.264607573931299,1.5147406186081491,1.1176560192727734,decision,0.43300655799843607,32,26.185768008000196,80,0.5744132855358783,2,0,20.289032906999864,64,0.34157030990224246,0.6024237400285493,False
0.06874935541983801,,,0,40,,,,1.6053582575961738,,,,,"[0.9743532934115798, 0.1521104346151907, 0.0, 1.0, 0.0, 1.0, 0.11022308219709548, 0.735683810821973, 1.0, 1.0]",,,,map,0.37526712284768404,1,,,,0,0,,,0.1144517598234562,0.18320111524329422,
0.021567980881542714,1.303897489801685,0.7740014538757768,32,40,32,8,8,1.5715520885162217,20.045117934000245,448,56,0.0,"[1.0, 0.0, 0.6428273013771887, 0.5035957680004687, 0.3687459592325537, 0.5216956043603237, 0.1157931404770074, 0.36084124387564365, 0.345930268478183, 0.04104593343024345]",5.511491276018933,5.750632971766066,4.563993311590302,posterior,0.11772843660312912,8,9.2646388940002,40,0.7716068946309363,0,0,10.780479040000046,32,0.1616331343617515,0.18320111524329422,False
0.1534313570721867,1.3013795189018662,0.7724118385920801,32,40,32,8,8,1.5584891421715936,24.508164318000127,448,56,1.0,"[0.9352774910192614, 0.18549548291591927, 0.5662747565663212, 0.6054138784343789, 0.35875609486416044, 0.5393004245477545, 0.3047824963435602, 0.3332559795484174, 0.29416960920768837, 0.0]",5.508567772644538,5.748695290640611,4.561336585834047,decision,0.83750230924319,8,13.72768527800008,40,0.7718394909931371,0,0,10.780479040000046,32,0.02976975817110752,0.18320111524329422,False
0.021187993995700732,1.2827213727646272,0.8298775397923971,32,40,32,8,8,1.595564329551967,16.260791785000038,448,56,0.0,"[1.0, 0.0, 0.6610346132214988, 0.558233634493734, 0.3582967637909549, 0.5405422356984374, 0.3841781504740907, 0.2273816578496485, 0.3231820724400636, 0.0064835954770793265]",5.39505653822304,5.684719944457823,4.482020738536911,posterior,0.1156542850056492,8,6.063243221999983,40,0.7731745333114716,1,0,10.197548563000055,32,0.16201312124759348,0.18320111524329422,False
0.12362255677713202,1.2811320331337928,0.8284739358633828,32,40,32,8,8,1.549215554226368,22.27689268300037,448,56,1.0,"[0.9522234738519717, 0.17955548324665196, 0.5418627713521449, 0.6070900012862013, 0.360803662603611, 0.5396135086081204, 0.3116222146178305, 0.3335487823360889, 0.2977610809645945, 0.0]",5.392675071637692,5.682974742211015,4.479834844482831,decision,0.674791507753428,8,12.079344120000314,40,0.773472203486608,1,0,10.197548563000055,32,0.05957855846616219,0.18320111524329422,False
0.021576424907950142,1.2942911869209546,0.7803941353696564,32,40,32,8,8,1.5706989559333002,16.298865616000057,448,56,0.0,"[1.0, 0.0, 0.6432960756512252, 0.5010839324082972, 0.3698069442798698, 0.5219716869401286, 0.11889643079070553, 0.3617880179648804, 0.34514096763511315, 0.043681772411529055]",5.509358499472048,5.740909793836929,4.56356562665157,posterior,0.11777452816974548,8,6.007996068000011,40,0.7717871621150023,2,0,10.290869548000046,32,0.16162469033534407,0.18320111524329422,False
0.14855405523353643,1.2920623335052965,0.7787414206037269,32,40,32,8,8,1.5584868758646473,22.50953395100032,448,56,1.0,"[0.9384266532765225, 0.18538877507670323, 0.5684386417727045, 0.6069257097979124, 0.35909622231943705, 0.5395237955862625, 0.3044397356978632, 0.33262693757619155, 0.2949083940197492, 0.0]",5.506428748918669,5.738929099158,4.56089128325568,decision,0.8108796446804055,8,12.218664403000275,40,0.7720640116309143,2,0,10.290869548000046,32,0.0346470600097578,0.18320111524329422,False
0.02227906959590395,1.4399833019775428,0.8609074355374388,64,40,64,16,8,1.525210494201653,20.35330373900024,768,96,0.0,"[1.0, 0.0, 0.47101074772733953, 0.44962075697666964, 0.4092462226774978, 0.5576639402156034, 0.5176347273397308, 0.5485054437121919, 0.31405590863298205, 0.23226804526997483]",5.476102732745453,5.7848255169906295,4.553063673303849,posterior,0.12160990158993827,8,9.572824699000194,80,0.789093424107348,0,0,10.780479040000046,64,0.16092204564739027,0.18320111524329422,False
0.18320107915723452,1.4275301493298844,0.8532017500934579,64,40,64,16,8,1.64811804514685,33.75104456100007,768,96,1.0,"[0.8402601397479836, 0.189035108993247, 0.41527278906642606, 0.41794181986377965, 0.3867007504726844, 0.43368888035588055, 0.3960840131092776, 0.3754700041418769, 0.5332847933202858, 0.07010667976928729]",5.465589758924901,5.776306979832389,4.543112157158612,decision,0.9999998030248907,8,22.970565521000026,80,0.7909166262414707,0,0,10.780479040000046,64,3.608605970230526e-08,0.18320111524329422,False
0.022505882752203554,1.4373435821794556,0.8833477328150071,64,40,64,16,8,1.5424496491355029,19.87082523900017,768,96,0.0,"[1.0, 0.0, 0.48451327125484417, 0.42284159680129707, 0.40101665430172645, 0.5827199684058785, 0.5195490617879202, 0.5193233042198644, 0.342686548162432, 0.21176125296952597]",5.358133217963325,5.737347204934542,4.463176120933662,posterior,0.12284795713342332,8,9.673276676000114,80,0.7854031872343142,1,0,10.197548563000055,64,0.16069523249109066,0.18320111524329422,False
0.18186108038182486,1.4289887032181923,0.8744654367436726,64,40,64,16,8,1.6699443651709298,33.03366983499973,768,96,1.0,"[0.892778588409473, 0.16974999043715266, 0.42975839539346006, 0.41783010941758797, 0.3799274053475917, 0.4417515464809198, 0.41140718922107633, 0.38720744661747214, 0.5458504108901058, 0.04526489491888845]",5.347789351250713,5.729299853499326,4.453124568349304,decision,0.9926854437556792,8,22.836121271999673,80,0.7875449136074465,1,0,10.197548563000055,64,0.0013400348614693645,0.18320111524329422,False
0.022256112670160755,1.4137578776267017,0.8758522935147071,64,40,64,16,8,1.5233889767818,20.06473063700014,768,96,0.0,"[1.0, 0.0, 0.47266176028215146, 0.44996063335802644, 0.4097502484120648, 0.5582063623077906, 0.5180768467016448, 0.5472309237225023, 0.31463398897037165, 0.23558827026625964]",5.475566808331296,5.779234778313373,4.555623905367979,posterior,0.12148459162273252,8,9.773861089000093,80,0.7892024264986366,2,0,10.290869548000046,64,0.16094500257313346,0.18320111524329422,False
0.18320097533382548,1.4026680693240428,0.8679474175031923,64,40,64,16,8,1.6449570153716717,32.997793571999864,768,96,1.0,"[0.8480654669158922, 0.18747785870187628, 0.41659368383356427, 0.41801993375510305, 0.3873462135299272, 0.4336096111813723, 0.3944921847132352, 0.37589742585955865, 0.5312980403319056, 0.07260734486049697]",5.464949953941769,5.770711085196324,4.545549446654055,decision,0.9999992363066756,8,22.706924023999818,80,0.791027876631324,2,0,10.290869548000046,64,1.3990946874073822e-07,0.18320111524329422,False
0.18277894021843402,2.297039087117677,0.8724389973214717,32,40,32,8,16,1.7871612372108834,27.980229736000183,896,56,0.0,"[0.6706748125380104, 0.0, 0.9818390401811857, 0.497360168000307, 0.26757154623701485, 0.5979332483496388, 0.33388114235499494, 0.0, 0.24341277138039139, 0.0]",5.530029423609085,5.723268413464921,4.598511338351562,posterior,0.9976955652027579,16,12.941802767999889,40,0.7138357955413671,0,0,15.038426968000294,32,0.0004221750248601805,0.18320111524329422,False
0.1832010960637994,2.2933607637121267,0.8720110178230347,32,40,32,8,16,1.6458123985524504,28.738162391000515,896,56,1.0,"[0.7148269156131944, 0.2210945033261697, 0.5744649608764201, 0.464752938179746, 0.3522595961244303, 0.5271597140559575, 0.3379365217243822, 0.2635462736089485, 0.4709414443027383, 0.044278579568050515]",5.528974559440414,5.722399199570464,4.597581851116938,decision,0.9999998953090716,16,13.69973542300022,40,0.7139379743342981,0,0,15.038426968000294,32,1.9179494826611427e-08,0.18320111524329422,False
0.18309641049702172,2.3517072167442423,0.7937385907401874,32,40,32,8,16,1.7360299715186187,19.807461660000172,896,56,0.0,"[0.7973055289125152, 0.0, 0.9563855868210034, 0.4887511863887614, 0.31713945712826447, 0.5947231823186506, 0.3348948937657576, 0.0, 0.23230123433220498, 0.0]",5.467203622726753,5.631610817692345,4.532510616329439,posterior,0.9994284710214049,16,6.036733290000029,40,0.7205154150518098,1,0,13.770728370000143,32,0.00010470474627250268,0.18320111524329422,False
0.18320094025987405,2.328404371188751,0.7924398694545651,32,40,32,8,16,1.6430894414905473,26.116074674000174,896,56,1.0,"[0.731735303826774, 0.1161896137016746, 0.5359532848836082, 0.46729851784671894, 0.3612373066141035, 0.5226617811748107, 0.3401274981447554, 0.28643496277381025, 0.5144300843770154, 0.027878310956682813]",5.465927413925516,5.629517924776974,4.531229905031326,decision,0.9999990448561411,16,12.345346304000032,40,0.7207798590368053,1,0,13.770728370000143,32,1.7498342016996596e-07,0.18320111524329422,False
0.1831475398283455,2.3978375827582843,0.7757928106058982,32,40,32,8,16,1.7452102232072306,19.709564285000397,896,56,0.0,"[0.7862735920947902, 0.0, 0.9515745777769574, 0.4867949651954422, 0.30125949553234915, 0.583900723177531, 0.33497736238012826, 0.0, 0.24004046922922984, 0.0]",5.421182322549763,5.530607398485887,4.49210442016099,posterior,0.9997075595589167,16,5.9827770320002855,40,0.7161456664962005,2,0,13.726787253000111,32,5.3575414948716454e-05,0.18320111524329422,False
0.18318917598282522,2.3718983489530796,0.7750026541707453,32,40,32,8,16,1.6425057594942893,25.771563240999967,896,56,1.0,"[0.734617925970255, 0.00498193393168169, 0.558878495964839, 0.4452132061230181, 0.36959440160061613, 0.5398039237460742, 0.3358432699902668, 0.26877423933065614, 0.5082063314475018, 0.022890216487414256]",5.420372638754612,5.529461863014031,4.4912986418378384,decision,0.9999348297609808,16,12.044775987999856,40,0.7164762252370853,2,0,13.726787253000111,32,1.1939260468997965e-05,0.18320111524329422,False
0.18022352989408671,2.123403741933686,0.9225459132482461,64,40,64,16,16,1.7448586849963297,24.915752905000318,1536,96,0.0,"[0.6090546002592472, 0.0, 0.7802495141562209, 0.44160537198084493, 0.2825201286112285, 0.7072216869168282, 0.4633071615517537, 0.041012523589097294, 0.3927691441430061, 0.0]",5.671718061772308,5.847760533425077,4.721883632067497,posterior,0.983746903804307,16,9.877325937000023,80,0.7245837505147642,0,0,15.038426968000294,64,0.0029775853492074963,0.18320111524329422,False
0.1832010075946359,2.115883841307948,0.9187894631913026,64,40,64,16,16,1.717832284043814,37.47016414000018,1536,96,1.0,"[0.7133884800166884, 0.1423193493756771, 0.4631204788459978, 0.4548148963050597, 0.327673361578721, 0.46987953054787723, 0.42456612259890586, 0.42974321604844123, 0.6013432138689189, 0.06338945427440593]",5.667397967090087,5.844963845271735,4.71767626631033,decision,0.9999994124017303,16,22.431737171999885,80,0.7249644970156712,0,0,15.038426968000294,64,1.0764865832201505e-07,0.18320111524329422,False
0.18316486025114778,2.168552071360459,0.8382859232138002,64,40,64,16,16,1.6442492173422927,23.340181912999924,1536,96,0.0,"[0.7741967856076757, 0.0, 0.7300529029299655, 0.41690889622226873, 0.41076699707894854, 0.6838753175424951, 0.452012063300797, 0.010399645763413547, 0.3578302895619188, 0.0]",5.5744989776940645,5.730598585648264,4.627256366798012,posterior,0.9998021027759668,16,9.569453542999781,80,0.7298980306232088,1,0,13.770728370000143,64,3.625499214642576e-05,0.18320111524329422,False
0.1832010900627102,2.129102247602682,0.8341413026906511,64,40,64,16,16,1.7027003325373595,35.82868897100025,1536,96,1.0,"[0.7340595098018992, 0.15194886982472228, 0.46219394390939833, 0.45754983399579996, 0.33575236210488363, 0.46028306784364864, 0.4131963798289867, 0.38450603939558126, 0.5724297504758195, 0.041496509396163055]",5.570134210314267,5.725125188749475,4.622935628789543,decision,0.999999862552234,16,22.057960601000104,80,0.7302758458860804,1,0,13.770728370000143,64,2.518058400437209e-08,0.18320111524329422,False
0.18317016678640882,2.1792048794620973,0.84244074927319,64,40,64,16,16,1.654328733520503,23.136764756000048,1536,96,0.0,"[0.7735930102369374, 0.0, 0.7161520707208621, 0.4141773131560321, 0.3998502346326738, 0.6385483714528105, 0.4496871449611391, 0.030611483145747253, 0.3681016338262582, 0.0]",5.540753591745936,5.657414371936682,4.601091023251388,posterior,0.999831068403463,16,9.409977502999936,80,0.7240524455317149,2,0,13.726787253000111,64,3.094845688539134e-05,0.18320111524329422,False
0.1832010887396219,2.1353340050376524,0.8396454213756852,64,40,64,16,16,1.703819865455084,36.19612485300013,1536,96,1.0,"[0.7470807165278593, 0.09733450919772857, 0.4613220351048168, 0.4389710090291894, 0.35377553246337295, 0.45473088311273074, 0.41561850856772625, 0.4226374256411695, 0.578675649816283, 0.0508755106296076]",5.537170520131713,5.655553766904403,4.597665500380507,decision,0.9999998553301803,16,22.469337600000017,80,0.7245522144200399,2,0,13.726787253000111,64,2.65036723073477e-08,0.18320111524329422,False
0.02035169567616965,3.4709314768849096,0.8527993077017464,32,40,32,8,32,1.6227539676449099,34.12775693699996,1792,56,0.0,"[1.0, 0.0, 0.7312510032090361, 0.46712158111878344, 0.35643779920588103, 0.5730223623643093, 0.3693739398737822, 0.10460520773877305, 0.26604780440336834, 0.0]",5.327092035847707,5.446677023768693,4.432233490218515,posterior,0.11108936563591466,32,13.09127467999997,40,0.7428651923500625,0,0,21.03648225699999,32,0.16284941956712456,0.18320111524329422,False
0.05700325406862117,3.4765474842630026,0.8516810238200432,32,40,32,8,32,1.5676894907153824,34.50720207400036,1792,56,1.0,"[0.9623368514631132, 0.0, 0.5942354135006999, 0.43200150890845584, 0.3846603742342783, 0.5510506803521378, 0.32401862565708156, 0.17203797939139126, 0.3532835032153103, 0.029999434236510587]",5.324365943600978,5.444811777265898,4.42982895964479,decision,0.3111512394065935,32,13.470719817000372,40,0.7429464047876966,0,0,21.03648225699999,32,0.12619786117467305,0.18320111524329422,False
0.019702825528771423,2.6580943205898167,0.8459442393191485,32,40,32,8,32,1.6088589375046172,26.567101234999882,1792,56,0.0,"[1.0, 0.0, 0.7708706932191919, 0.47242076204842187, 0.3595021887874948, 0.6961589392514712, 0.37176041442667146, 0.11072288951452039, 0.2506459703341422, 0.0]",5.317288923564859,5.506461874455874,4.423019986715717,posterior,0.10754751958035699,32,6.709898564000014,40,0.7387741093359967,1,0,19.857202670999868,32,0.1634982897145228,0.18320111524329422,False
0.10722876082688422,2.6387027118304966,0.8451989761817945,32,40,32,8,32,1.5964074627601557,32.01681736299997,1792,56,1.0,"[0.9247476052478639, 0.0, 0.7135593867060116, 0.48220350147289276, 0.3738051217846784, 0.5610688706880609, 0.318182315464522, 0.13694028001713032, 0.298776539871597, 0.014336242285504243]",5.315823362248258,5.505760691740428,4.421698485034965,decision,0.5853062667466985,32,12.159614692000105,40,0.7390714803904692,1,0,19.857202670999868,32,0.07597235441641,0.18320111524329422,False
0.019970194985615614,2.7416443166683537,0.8115713240788739,32,40,32,8,32,1.6012565218540737,26.101495458000045,1792,56,0.0,"[0.9999919755198677, 0.0, 0.6824365301650591, 0.44532573316021856, 0.36923891398875974, 0.5663165337580519, 0.3629570005295153, 0.051378679025628045, 0.26518076722931316, 0.0]",5.3049591191769885,5.480380587251628,4.406281560157365,posterior,0.10900695096257931,32,6.037872198000059,40,0.7491087754809658,2,0,20.063623259999986,32,0.1632309202576786,0.18320111524329422,False
0.09004708327198806,2.7176502904522994,0.8108377317047306,32,40,32,8,32,1.5522865239846424,32.11662053600003,1792,56,1.0,"[0.9367319781119818, 0.0, 0.6028255432627797, 0.4606851687812477, 0.38522195551970945, 0.5514118952628188, 0.3281572282757009, 0.15455571509619143, 0.32846013773226085, 0.034242547083463554]",5.303276983154895,5.479417080442591,4.404789132864862,decision,0.4915203881395809,32,12.052997276000042,40,0.7491441071121234,2,0,20.063623259999986,32,0.09315403197130616,0.18320111524329422,False
0.023413431727638156,3.364260851498195,0.9106734709269457,64,40,64,16,32,1.665473595761565,30.507249095000134,3072,96,0.0,"[1.0, 0.0, 0.5788162302344492, 0.42465502295489316, 0.3697479311794097, 0.6981636560352621, 0.5012808955571809, 0.41363350896991163, 0.44857808960902634, 0.0020862462498002937]",5.408758063807656,5.527685994894151,4.5091411452315135,posterior,0.12780179692980972,32,9.470766838000145,80,0.7549461519629292,0,0,21.03648225699999,64,0.15978768351565606,0.18320111524329422,False
0.050486005191140354,3.3725970981137166,0.9068322736227733,64,40,64,16,32,1.6874049554261115,43.342935647000104,3072,96,1.0,"[0.9776677942269254, 0.03778620769123927, 0.46300072030198525, 0.41412207187697975, 0.3320820657068028, 0.46268306640588996, 0.4042454564196129, 0.46207307622376603, 0.5472568754288883, 0.06375938646099813]",5.399787950971798,5.521906212289994,4.501196815501993,decision,0.275576953361305,32,22.306453390000115,80,0.7551876052289636,0,0,21.03648225699999,64,0.13271511005215386,0.18320111524329422,False
0.07072064170847826,2.275943958659891,0.9004888201865386,64,40,64,16,32,1.6523715180158485,29.430272214999604,3072,96,0.0,"[0.9532419789777856, 0.0, 0.6148697451107521, 0.4368046021747491, 0.3724041282268889, 0.7504876995903321, 0.5002827852434504, 0.43933971496652424, 0.4246766091516383, 0.023728509893246316]",5.439286535421887,5.61301009500706,4.531526992374817,posterior,0.3860273536793706,32,9.573069543999736,80,0.7519813089584841,1,0,19.857202670999868,64,0.11248047353481595,0.18320111524329422,False
0.07771873420451111,2.2727056540826043,0.897913811280153,64,40,64,16,32,1.6416777074116875,42.22269005599992,3072,96,1.0,"[0.9501184085095833, 0.017662016263482738, 0.546636230698069, 0.4464943031509847, 0.3537524576567729, 0.4935980743862411, 0.403561463940742, 0.39979963647127115, 0.46280204742705444, 0.06396596535432211]",5.43359511498962,5.610450543373259,4.526458854247727,decision,0.42422631598775645,32,22.36548738500005,80,0.7523030705375924,1,0,19.857202670999868,64,0.1054823810387831,0.18320111524329422,False
0.056000256242128954,2.554417345984827,0.8742851446316431,64,40,64,16,32,1.664370773898862,29.828911645000062,3072,96,0.0,"[0.9654334758228073, 0.0, 0.5346076338321586, 0.40901561223392985, 0.3579797037776038, 0.6266774210103044, 0.51654006259537, 0.3398929540425625, 0.48210477464579454, 0.016363034079616905]",5.3966331782126264,5.580699000575788,4.49216357149643,posterior,0.30567639376954475,32,9.765288385000076,80,0.7607257447952701,2,0,20.063623259999986,64,0.12720085900116526,0.18320111524329422,False
0.06272932714162058,2.510870058774182,0.8715941086829389,64,40,64,16,32,1.6681252113573812,43.3393794829999,3072,96,1.0,"[0.9677190933938042, 0.052504299446312894, 0.4812364694391525, 0.422533742714779, 0.33226557863319833, 0.4719715964566618, 0.4090528559267488, 0.41295642582821074, 0.548972837674217, 0.07811309422040609]",5.389721487421773,5.577656490842664,4.486096011674006,decision,0.3424069065208198,32,23.275756222999917,80,0.760810679265943,2,0,20.063623259999986,64,0.12047178810167364,0.18320111524329422,False
0.2529937144342116,,,0,16,,,,1.532717171861674,,,,,"[1.0, 0.0, 0.9051360967830938, 0.02049106022499898, 1.0, 0.9710748167095431, 0.07690306952346114, 0.5030856960962587, 0.45688384409835037, 1.0]",,,,map,0.3332692438684225,1,,,,0,1,,,0.5061333850172327,0.7591270994514443,
0.27660373799198473,2.979982240391274,0.3584714266799769,32,16,32,8,8,1.6474688949336254,16.110173195999778,448,56,0.0,"[0.8508970595979228, 0.0, 1.0, 0.0, 0.700068885224876, 0.10487889964447095, 0.6832519838318273, 0.05668688499334965, 1.0, 1.0]",0.9891788552644676,1.0925496901104066,0.8630373695475695,posterior,0.3643707861198242,8,5.992348003999723,40,0.5530779911583649,0,1,10.117825192000055,32,0.48252336145945957,0.7591270994514443,False
0.40545814831425675,2.9347769470350316,0.35079665494699663,32,16,32,8,8,1.3839756147058064,22.374211223999737,448,56,1.0,"[0.7239513604897353, 0.0, 0.8453758126575835, 0.25883818929115743, 0.678941125427462, 0.5265818080799232, 0.6526231234884464, 0.1710619429512783, 0.5749291301304084, 1.0]",0.9766347194692885,1.091784205454267,0.85146710656483,decision,0.5341110185728403,8,12.256386031999682,40,0.5501515091883107,0,1,10.117825192000055,32,0.35366895113718755,0.7591270994514443,False
0.22330386251199752,3.0191287566137355,0.2970852276324052,32,16,32,8,8,1.7221429728388757,15.945596053000372,448,56,0.0,"[0.9846621979901592, 0.0, 1.0, 0.0, 0.74365594339417, 0.08078348649966334, 0.6882686850776532, 0.0560290994383377, 1.0, 1.0]",0.9234553425248503,1.0418399541757994,0.7981813195463612,posterior,0.2941587287206055,8,5.8592574250001235,40,0.5212192841136424,1,1,10.086338628000249,32,0.5358232369394468,0.7591270994514443,False
0.3755805892195598,3.032962637340005,0.29053037666178183,32,16,32,8,8,1.3738266329861442,22.192126171000382,448,56,1.0,"[0.7273972678542734, 0.0, 0.897673902944754, 0.22672315659344508, 0.6835338713231874, 0.5263031986318579, 0.657092343203674, 0.13229149425285677, 0.5781514320047508, 1.0]",0.9129922153376568,1.0221586234404265,0.788499847602482,decision,0.4947532363038541,8,12.105787543000133,40,0.5185630757152133,1,1,10.086338628000249,32,0.3835465102318845,0.7591270994514443,False
0.28994915109339675,2.5253915645048917,0.38683602317757637,32,16,32,8,8,1.6493627149335095,15.808081680000214,448,56,0.0,"[0.827223134328172, 0.0, 1.0, 0.0, 0.759235556039546, 0.0, 0.6853836923114015, 0.059158020051908525, 1.0, 1.0]",1.2483948527044473,1.3731535968696937,1.0760830867990734,posterior,0.3819507317060845,8,5.852343092999945,40,0.6537310282758787,2,1,9.955738587000269,32,0.46917794835804755,0.7591270994514443,False
0.4557311670885192,2.5206005915759775,0.37394290453888457,32,16,32,8,8,1.4067641163324058,21.958074794000368,448,56,1.0,"[0.7025332143789655, 0.0075985356616941144, 0.8295399017577519, 0.3326436796488656, 0.6855171668614345, 0.08107982434340479, 0.6374476851280492, 0.1461653452575503, 0.6259089033194385, 1.0]",1.2315952239671561,1.355912499148793,1.0600647600815019,decision,0.600335790169837,8,12.002336207000099,40,0.6516716634618092,2,1,9.955738587000269,32,0.3033959323629251,0.7591270994514443,False
0.180927233493971,3.152640486909278,0.34267505395238307,64,16,64,16,8,1.720488377301282,19.647867160999795,768,96,0.0,"[0.9091662238374776, 0.0, 1.0, 0.0, 0.7123974158020546, 0.5390938869714867, 0.9537897468159138, 0.0, 0.8456814295017085, 1.0]",0.8576631547134911,0.9272101400883197,0.7546655345612695,posterior,0.23833589082080128,8,9.53004196899974,80,0.510321113395755,0,1,10.117825192000055,64,0.5781998659574733,0.7591270994514443,False
0.2245023559005911,3.1017499030827183,0.31922861844573946,64,16,64,16,8,1.541826719413844,32.95852820800019,768,96,1.0,"[0.8072576892360313, 0.0, 0.9663718444754744, 0.1539013347221744, 0.541720091682863, 0.8613911547634729, 0.8154173104170489, 0.1431305628940159, 0.43419859391322596, 1.0]",0.8320930892338696,0.9011689676906385,0.7295201950762435,decision,0.29573750701670326,8,22.840703016000134,80,0.5008253061840284,0,1,10.117825192000055,64,0.5346247435508532,0.7591270994514443,False
0.1509799328466933,2.9378967351538154,0.31293872708901027,64,16,64,16,8,1.816922652645806,19.619653530000505,768,96,0.0,"[1.0, 0.0, 1.0, 0.0, 0.8350689497767385, 0.5059540258920134, 0.9567321190639596, 0.0, 0.9547469822927194, 1.0]",0.7827351228758029,0.844621421685398,0.6887758437184444,posterior,0.1988862378326284,8,9.533314902000257,80,0.4671931264621453,1,1,10.086338628000249,64,0.608147166604751,0.7591270994514443,False
0.1970268470439972,2.819258231031328,0.28391436149117677,64,16,64,16,8,1.5417512533067523,32.618269600000076,768,96,1.0,"[0.8314388432194959, 0.006521189193208217, 0.9806436297070228, 0.12914904877902694, 0.5448446661165806, 0.8646145572956092, 0.81835411116186, 0.11002470668311963, 0.4089148841694714, 1.0]",0.7592857117606566,0.8206881399638097,0.6642114417067606,decision,0.25954395144946285,8,22.531930971999827,80,0.45802388304803104,1,1,10.086338628000249,64,0.5621002524074471,0.7591270994514443,False
0.38198254289884415,2.8918641858304577,0.3992479743893137,64,16,64,16,8,1.5926220181653077,19.44791249400032,768,96,0.0,"[0.4396080035818075, 0.0, 1.0, 0.0, 0.9821334032922342, 0.19704143540632413, 0.9315801138788062, 0.0, 1.0, 1.0]",1.126077126280601,1.217260248758594,0.9807112959023438,posterior,0.5031865456718249,8,9.492173907000051,80,0.6156659836466987,2,1,9.955738587000269,64,0.37714455655260015,0.7591270994514443,False
0.4437813597650409,2.7886293302024465,0.3595631496382202,64,16,64,16,8,1.2748138092902848,32.2199693270004,768,96,1.0,"[0.6003092895884801, 0.08734393403465067, 0.8369104421907814, 0.29621039284687434, 0.6562986525300225, 0.3972883887514857, 0.7360439432797434, 0.10138872023742426, 0.4663736652169486, 1.0]",1.1027168668956182,1.196274695819385,0.9540861234441387,decision,0.5845942795162015,8,22.26423074000013,80,0.6139219081116598,2,1,9.955738587000269,64,0.3153457396864034,0.7591270994514443,False
0.2716116517615804,1.6885058459951112,0.45479751560276216,32,16,32,8,16,1.5849161589859346,19.347623981000197,896,56,0.0,"[0.7944214123717089, 0.0, 1.0, 0.0005628275943022872, 0.8028054343216637, 0.4067976925714887, 0.7226507973371651, 0.030330782606057337, 0.9515932296854835, 1.0]",1.4553673595363308,1.5554634184187477,1.255253390749617,posterior,0.357794698618783,16,5.898913295000057,40,0.5972426851432742,0,1,13.44871068600014,32,0.4875154476898639,0.7591270994514443,False
0.3250508952781465,1.6869889722720908,0.45355298662638344,32,16,32,8,16,1.3788110715348956,26.63167225899997,896,56,1.0,"[0.7509508827324849, 0.0, 1.0, 0.001961136477167013, 0.6762440584282762, 0.45649318084452956, 0.5985709850428629, 0.15902404552201463, 0.6781420322346751, 0.9750502876014913]",1.4525104188286058,1.5552743126911182,1.2527189323881611,decision,0.42819034587624755,16,13.18296157299983,40,0.5966876720020653,0,1,13.44871068600014,32,0.4340762041732978,0.7591270994514443,False
0.2614853021996591,1.5967602852642633,0.4876807124552684,32,16,32,8,16,1.5550699521713771,19.299277340000117,896,56,0.0,"[0.7858958269256653, 0.0, 1.0, 0.006602396328377547, 0.8067326856874769, 0.5478903869316343, 0.7226548145079359, 0.0314708858083743, 0.8855831705642246, 1.0]",1.4977359027536017,1.6428097303115132,1.295724864693935,posterior,0.34445523337081757,16,5.976865948000068,40,0.6043869627368644,1,1,13.322411392000049,32,0.4976417972517852,0.7591270994514443,False
0.34138885143955155,1.5962851817446122,0.48620368335353076,32,16,32,8,16,1.380631861430366,26.40411383000037,896,56,1.0,"[0.7528207926755046, 0.0, 1.0, 0.0028533925310099675, 0.6731668039537226, 0.45574360262382607, 0.5977680514170193, 0.15934894150377088, 0.674755636899779, 0.9145211590597377]",1.4943810953662822,1.636550238174518,1.2927456129637318,decision,0.4497123758145953,16,13.08170243800032,40,0.603576834883599,1,1,13.322411392000049,32,0.41773824801189274,0.7591270994514443,False
0.26107292104910085,1.6092319781246986,0.48570613843812066,32,16,32,8,16,1.5546488081552043,19.268235148000258,896,56,0.0,"[0.7862897948781425, 0.0, 1.0, 0.005577702985550295, 0.8071214595287237, 0.54784642383336, 0.7227939847171175, 0.031235075948036407, 0.8844299035201653, 1.0]",1.4949487928231573,1.6298690427295421,1.2931002619461498,posterior,0.34391200266431765,16,5.898506200000156,40,0.6037663959658781,2,1,13.369728948000102,32,0.49805417840234345,0.7591270994514443,False
0.34063197222830954,1.6081599891553862,0.48436675552113717,32,16,32,8,16,1.3801950843230397,26.92511457799992,896,56,1.0,"[0.7522069686268996, 0.0, 1.0, 0.0023217776795825267, 0.6738999115496421, 0.4562963457925434, 0.5981643915556396, 0.15891032596167493, 0.6747124675850477, 0.9170026796032406]",1.491736663075242,1.6241100509927158,1.290262681564421,decision,0.4487153369632765,16,13.555385629999819,40,0.6030054389755074,2,1,13.369728948000102,32,0.41849512722313476,0.7591270994514443,False
0.31508696511550616,1.5414220684597515,0.6020015508532675,64,16,64,16,16,1.4894368414959256,22.829637669000476,1536,96,0.0,"[0.5682809298444554, 0.0, 0.9858478423242559, 0.13326773794604377, 0.8961859290859016, 0.7527608011392481, 0.9433519233398306, 0.0, 0.6044921210623703, 1.0]",1.5685095556814905,1.6713074910909158,1.375207954715846,posterior,0.4150648361034566,16,9.380926983000336,80,0.6324922808325468,0,1,13.44871068600014,64,0.44404013433593814,0.7591270994514443,False
0.3661272807451978,1.5395915810329739,0.5964088217088057,64,16,64,16,16,1.273759837075733,36.78994478699997,1536,96,1.0,"[0.6295494233701007, 0.056042152351814006, 1.0, 0.12765392995094238, 0.6749350917461168, 0.6528052659870281, 0.690991414726405, 0.10077460962132499, 0.44542750055793057, 0.8826650492887659]",1.560402355418252,1.6602709191162228,1.3676036486763625,decision,0.4823003697401481,16,23.341234100999827,80,0.6313509478023984,0,1,13.44871068600014,64,0.3929998187062465,0.7591270994514443,False
0.31548146565012175,1.4362438454732798,0.6479784936723436,64,16,64,16,16,1.4998726142978036,22.701963312000316,1536,96,0.0,"[0.5738821538940196, 0.0, 0.9784812062083166, 0.1795214908161834, 0.8418803954004153, 0.8440721376498781, 0.94552969018441, 0.0, 0.5344775780095395, 0.9667983228489687]",1.624204703308031,1.7050584680958096,1.4289594613808936,posterior,0.4155845126304844,16,9.379551920000267,80,0.640445023552669,1,1,13.322411392000049,64,0.44364563380132255,0.7591270994514443,False
0.38924368508806756,1.434152306421824,0.6433303389191383,64,16,64,16,16,1.296651096445145,36.61405777300024,1536,96,1.0,"[0.6426487813356176, 0.05613342669591731, 0.999977707304515, 0.13204728841821817, 0.6581207675031957, 0.6546175796567311, 0.6921625743038612, 0.09971088655112936, 0.4479597456687181, 0.7914046144595381]",1.6161954959960043,1.6952843406772948,1.4216224645806312,decision,0.5127516661825673,16,23.29164638100019,80,0.6392452534863176,1,1,13.322411392000049,64,0.36988341436337674,0.7591270994514443,False
0.3149853880435477,1.4454509572059069,0.6423285877635063,64,16,64,16,16,1.498023020581476,22.87256279100029,1536,96,0.0,"[0.573042722407938, 0.0, 0.981390674280649, 0.17259657202794088, 0.8492439864736433, 0.8431184460394546, 0.9464084758508956, 0.0, 0.5319385740245126, 0.9634584786511121]",1.6207064279298735,1.714898913723779,1.4250308598966002,posterior,0.4149310283760921,16,9.50283384300019,80,0.6396937477763497,2,1,13.369728948000102,64,0.4441417114078966,0.7591270994514443,False
0.3846837290793894,1.4424816105140017,0.6378823290720879,64,16,64,16,16,1.2935185271404581,36.87653361200046,1536,96,1.0,"[0.6409077625111175, 0.05611144107676895, 1.0, 0.12652308667455534, 0.6609557812842708, 0.6572957780582844, 0.6928407410361991, 0.09871921669845306, 0.4459445205405365, 0.8012600530201494]",1.6129737913998903,1.7051163241951135,1.41795549893433,decision,0.5067448248881737,16,23.506804664000356,80,0.6385692251834372,2,1,13.369728948000102,64,0.3744433703720549,0.7591270994514443,False
0.3418137557528209,1.864791779642449,0.5051613723571661,32,16,32,8,32,1.6032905518714469,26.28598681199992,1792,56,0.0,"[0.723835894149423, 0.0, 0.8911648900207447, 0.0, 0.7488628177585978, 0.0, 0.6826142220042101, 0.060943851167294394, 1.0, 1.0]",1.37830115534715,1.5321214040231574,1.2036731987491531,posterior,0.45027210331421474,32,5.914738081999985,40,0.6094554467732504,0,1,20.371248729999934,32,0.4173133436986234,0.7591270994514443,False
0.48716378183699494,1.8266718927939938,0.4967725166134347,32,16,32,8,32,1.3551827512474646,32.17435829700025,1792,56,1.0,"[0.7067055447968074, 0.03239544945978491, 0.7836299071177225, 0.20714384281825482, 0.6950540394846044, 0.14182882342694686, 0.6337202989047082, 0.165821984890734, 0.5760434047772374, 0.8512974183178428]",1.3679100471458172,1.5249451050892702,1.1936825410393408,decision,0.641742051086078,32,11.80310956700032,40,0.6085278944009549,0,1,20.371248729999934,32,0.27196331761444936,0.7591270994514443,False
0.31377156455826,1.9113548452381264,0.5009986263893784,32,16,32,8,32,1.6267717465175173,25.8722946959997,1792,56,0.0,"[0.7775773486566783, 0.0, 0.9583039493249815, 0.0, 0.749880728566425, 0.0, 0.6867026319559513, 0.06007072089801835, 1.0, 1.0]",1.3434417565132835,1.513710932759284,1.1749531304885026,posterior,0.41333205570581744,32,5.959470469999815,40,0.6029012119447391,1,1,19.912824225999884,32,0.4453555348931843,0.7591270994514443,False
0.4526915891339524,1.8696789441316257,0.49568417372840223,32,16,32,8,32,1.3376055812350278,32.47349639599997,1792,56,1.0,"[0.712838751367206, 0.008845611111201239, 0.8842567966917189, 0.16464387254215115, 0.6970036314409673, 0.29231173464960103, 0.6410971294452945, 0.15460582148456967, 0.5563448025841137, 0.8095083493551013]",1.3342957205698438,1.5070617596351237,1.1665734112015556,decision,0.5963317466351465,32,12.560672170000089,40,0.6020739188046407,1,1,19.912824225999884,32,0.3064355103174919,0.7591270994514443,False
0.3146074872440723,1.941557856130898,0.49354509885065,32,16,32,8,32,1.6254792468584531,25.98057481099977,1792,56,0.0,"[0.7745295214976365, 0.0, 0.958915334125368, 0.0, 0.7501894933003902, 0.0, 0.6872505720909834, 0.05917936550758596, 1.0, 1.0]",1.3397986567670686,1.5097653000535358,1.170547945183785,posterior,0.4144332187210969,32,5.735126773000047,40,0.6006068236768455,2,1,20.245448037999722,32,0.444519612207372,0.7591270994514443,False
0.45389410713893985,1.9006751422149186,0.48767079399606406,32,16,32,8,32,1.3388648008586377,32.34971078299941,1792,56,1.0,"[0.7130277325202434, 0.008571636898860256, 0.8845380677874791, 0.1674528171635607, 0.696249598379606, 0.29736683060379426, 0.6417400606064, 0.15411784915156623, 0.5559732232525022, 0.8050283433096749]",1.3303222956917424,1.502749066057224,1.161791995352607,decision,0.5979158265683441,32,12.104262744999687,40,0.5997047845155618,2,1,20.245448037999722,32,0.30523299231250445,0.7591270994514443,False
0.38612328668529405,2.2309283422259445,0.5032229999333613,64,16,64,16,32,1.5978903008997727,29.770887950000088,3072,96,0.0,"[0.5509163488145096, 0.0, 0.7848608480970444, 0.0, 0.8081395861558867, 0.1183203128267928, 0.8441052404975307, 0.0, 1.0, 1.0]",1.3509960882624732,1.4879261233182313,1.181441470596651,posterior,0.5086411576721632,32,9.399639220000154,80,0.6004964845040606,0,1,20.371248729999934,64,0.37300381276615024,0.7591270994514443,False
0.465226601470081,2.190978983297531,0.4785216709675917,64,16,64,16,32,1.2958143170278538,42.91439842999989,3072,96,1.0,"[0.623612110014982, 0.11271440714662775, 0.8389787061965498, 0.23808911126643081, 0.6680791522553241, 0.37374262512940937, 0.7567906194497047, 0.18483621760465863, 0.5002379040052034, 0.9253716707283335]",1.3312389416623718,1.4784092724469213,1.1606954875234157,decision,0.6128441492949733,32,22.543149699999958,80,0.5971074030010135,0,1,20.371248729999934,64,0.2939004979813633,0.7591270994514443,False
0.38724792846010286,2.2485557062497312,0.5136567651858904,64,16,64,16,32,1.6148727790197337,29.100764955999693,3072,96,0.0,"[0.5508250253004786, 0.0, 0.7726180962738531, 0.0, 0.8085857634012861, 0.09033985228463641, 0.8655241034529954, 0.0, 1.0, 1.0]",1.3149077551837602,1.4653084404043415,1.1546575571841864,posterior,0.5101226510553154,32,9.18794072999981,80,0.6015803929201704,1,1,19.912824225999884,64,0.37187917099134143,0.7591270994514443,False
0.40007604255478296,2.220651537903451,0.49352322667277226,64,16,64,16,32,1.3892493304873244,42.20153682699993,3072,96,1.0,"[0.7209423155089898, 0.07405051107646105, 0.8674098790617888, 0.2379927378795072, 0.6405437267916729, 0.6688794289800984, 0.7933854407854568, 0.14604149265241465, 0.37450880856471486, 0.8212718626602382]",1.2968582056606506,1.4546968005218355,1.1361912098630749,decision,0.5270211573844267,32,22.288712601000043,80,0.5983053027599198,1,1,19.912824225999884,64,0.35905105689666134,0.7591270994514443,False
0.38255881362758737,2.319914066348413,0.5076130683821055,64,16,64,16,32,1.6178424165804124,29.824256173999856,3072,96,0.0,"[0.5613289732522916, 0.0, 0.7786593450402596, 0.0, 0.8071577192571948, 0.10404287871048694, 0.8694879091555073, 0.0, 1.0, 1.0]",1.3111189084955943,1.4609353844072805,1.1504177404728968,posterior,0.5039456685237949,32,9.578808136000134,80,0.598518986057632,2,1,20.245448037999722,64,0.37656828582385693,0.7591270994514443,False
0.40047262575377585,2.300302163596159,0.4856530825974046,64,16,64,16,32,1.4003882667121061,42.66835945799994,3072,96,1.0,"[0.7274864466740387, 0.07083712214573859, 0.8689244601921741, 0.24374543042424138, 0.6324867798927285, 0.6759413035292379, 0.7945661780288169, 0.1453361042566021, 0.3755866244428215, 0.8091479203874615]",1.2920009744356173,1.4493501854602748,1.1307313960679748,decision,0.5275435774103742,32,22.42291142000022,80,0.5951341302416591,2,1,20.245448037999722,64,0.35865447369766845,0.7591270994514443,False
0.033869255787329744,,,0,40,,,,1.6577130464079037,,,,,"[1.0, 0.13957362629065012, 0.6029938529914877, 0.8772582749658372, 0.6501184026720913, 0.7307433254243975, 0.19319118268950874, 0.9300433929658181, 0.1131699950538335, 0.06260723013734718]",,,,map,0.14593179112155907,1,,,,0,1,,,0.19822037682135346,0.2320896326086832,
0.02572501512497724,1.7010965175518555,0.8524927830534981,32,40,32,8,8,1.6948435898360008,16.391048932000103,448,56,0.0,"[1.0, 0.0, 1.0, 0.3248447359382255, 0.853095393614891, 0.9076609813008268, 0.6362192618886701, 0.8982603278006236, 0.8224189186461727, 0.6531027919226249]",5.611283549241029,5.814977810232063,4.659525396003523,posterior,0.11084086279868921,8,6.053037898000184,40,0.7554348045114242,0,1,10.33801103399992,32,0.20636461748370596,0.2320896326086832,False
0.03119229702712359,1.6713639949298884,0.858262589441799,32,40,32,8,8,1.772870304174178,22.728694226999778,448,56,1.0,"[1.0, 0.0, 0.9964377789588502, 0.37601901511856944, 0.7108589071094548, 0.7464585079281983, 0.5857415098956635, 0.8369103795672327, 0.251108478493256, 0.5695772407235161]",5.609508481556374,5.814040812980384,4.659259303133458,decision,0.13439763196883353,8,12.390683192999859,40,0.75507806884578,0,1,10.33801103399992,32,0.20089733558155962,0.2320896326086832,False
0.025714382320142004,2.0469131460878183,0.7780370701700321,32,40,32,8,8,1.6809236582564189,16.266453981999803,448,56,0.0,"[1.0, 0.0, 1.0, 0.34606059645518267, 0.845043508395269, 0.8950155350349872, 0.6338762197874052, 0.8743708340415398, 0.8232636580793651, 0.6539455596504202]",5.352406944543791,5.553545933347461,4.437532969669038,posterior,0.11079504944323802,8,6.019270721999874,40,0.7583643697317238,1,1,10.247183259999929,32,0.2063752502885412,0.2320896326086832,False
0.03179102269458506,2.034896425849721,0.7776533315188856,32,40,32,8,8,1.8177242528529969,22.445065432999854,448,56,1.0,"[1.0, 0.0, 1.0, 0.39354974189188463, 0.6941141459372914, 0.8328512300463544, 0.5861800105765067, 0.743778567551788, 0.2538739896185344, 0.5769874155636777]",5.350978384240429,5.549832864300629,4.43631337369612,decision,0.13697734938547038,8,12.197882172999925,40,0.7574819819645158,1,1,10.247183259999929,32,0.20029860991409815,0.2320896326086832,False
0.025676653399167804,2.039718570079367,0.7838819229799842,32,40,32,8,8,1.6810726712927193,16.684510905000025,448,56,0.0,"[1.0, 0.0, 1.0, 0.3448842389090701, 0.8453446942556289, 0.8954554802195894, 0.6346977758889341, 0.8813870098485809, 0.8238681984434862, 0.6551738903793596]",5.354113086319438,5.552267962086993,4.440066853651547,posterior,0.11063248758922443,8,6.212368688999959,40,0.75853506746809,2,1,10.472142216000066,32,0.2064129792095154,0.2320896326086832,False
0.03176790118181447,2.0290297226587293,0.7835362785768514,32,40,32,8,8,1.8168068903821795,22.47011501199995,448,56,1.0,"[1.0, 0.0, 1.0, 0.3930197433808595, 0.6941625222216791, 0.8319099434693992, 0.5871209493840466, 0.7482193124005584, 0.2541437025743973, 0.577965323280277]",5.352342037917014,5.547598978815748,4.438580886048981,decision,0.13687772618166458,8,11.997972795999885,40,0.7577137935185978,2,1,10.472142216000066,32,0.20032173142686874,0.2320896326086832,False
0.11896733506941316,1.9083426981471636,0.8625850391672295,64,40,64,16,8,1.7765575612496678,19.89948297399951,768,96,0.0,"[0.9599820801972461, 0.0, 0.8688957058404042, 0.15882605450935267, 1.0, 1.0, 0.7648834808126808, 0.8526926014692932, 1.0, 0.7153534614558213]",5.570836450115977,5.796787250961297,4.629186167926227,posterior,0.5125921986786851,8,9.561471939999592,80,0.7734210392246014,0,1,10.33801103399992,64,0.11312229753927004,0.2320896326086832,False
0.03191159857058787,1.8240785634535057,0.8693663592893003,64,40,64,16,8,1.8476010208813518,33.156169599999885,768,96,1.0,"[1.0, 0.0, 1.0, 0.4144494887753506, 0.7029806821356289, 0.8175054250545303, 0.6486313932301746, 0.7913846726654449, 0.22567441166622723, 0.5038455274650298]",5.56282929194396,5.801122866748775,4.624136705413028,decision,0.13749687227258747,8,22.818158565999966,80,0.7735918203351716,0,1,10.33801103399992,64,0.20017803403809534,0.2320896326086832,False
0.1367165098011634,2.74199579785206,0.7569722843054304,64,40,64,16,8,1.7918446294872628,20.451886296999874,768,96,0.0,"[0.9523730830624241, 0.0, 0.9423992490723033, 0.1794934140748123, 1.0, 1.0, 0.7627909131492723, 0.9228763887986413, 1.0, 0.7653485506581329]",5.20851025191544,5.316900541631297,4.318202658393438,posterior,0.5890677160563889,8,10.204703036999945,80,0.7751662180470373,1,1,10.247183259999929,64,0.0953731228075198,0.2320896326086832,False
0.03359534889645177,2.7059139525372413,0.7546040533322571,64,40,64,16,8,1.939631242128417,32.77648665400011,768,96,1.0,"[1.0, 0.0, 1.0, 0.4495147878397333, 0.5792985070147654, 0.918313066720116, 0.6386380519921344, 0.5713934967250199, 0.21270155069284458, 0.5275450412996221]",5.197909557250574,5.297380534643564,4.309248456466911,decision,0.14475161392967306,8,22.52930339400018,80,0.7757792225958989,1,1,10.247183259999929,64,0.19849428371223143,0.2320896326086832,False
0.1404507442427091,2.7221996989294257,0.7593246477319482,64,40,64,16,8,1.796056046365974,20.169345599999815,768,96,0.0,"[0.9507755173381667, 0.0, 0.9439565052632581, 0.1767032887555825, 1.0, 1.0, 0.7687514055943399, 0.9336198642046927, 1.0, 0.7656802444358692]",5.21760498289524,5.3189255922732475,4.325948915862582,posterior,0.6051573379820775,8,9.69720338399975,80,0.7742230511541129,2,1,10.472142216000066,64,0.09163888836597413,0.2320896326086832,False
0.03356836461494475,2.687542129685652,0.7569197773231238,64,40,64,16,8,1.938095835086062,33.58447239100042,768,96,1.0,"[1.0, 0.0, 1.0, 0.4466889593378431, 0.5788317588914541, 0.9150249757714664, 0.6467252214620287, 0.5796621735895013, 0.21573277347976968, 0.5297188477790398]",5.20749065592579,5.300448941201923,4.317376480205257,decision,0.14463534729077274,8,23.112330175000352,80,0.7748881640401564,2,1,10.472142216000066,64,0.19852126799373845,0.2320896326086832,False
0.029030306461064415,1.2830374242785259,1.0112615335505213,32,40,32,8,16,1.5619818653769608,19.75360360400009,896,56,0.0,"[1.0, 0.0, 0.8473140419525126, 0.49525485559213234, 0.2356833240656011, 0.24768324126623564, 0.0, 0.764481254918377, 0.17670621922199073, 0.7101072890455905]",5.698749914657111,5.898010886346578,4.7612522384357945,posterior,0.12508230606754944,16,5.992044346000057,40,0.7353551027938027,0,1,13.761559258000034,32,0.2030593261476188,0.2320896326086832,False
0.026333190256398742,1.2801948105013166,1.0183559708619496,32,40,32,8,16,1.6371731995011267,38.49156194800025,896,56,1.0,"[1.0, 0.07265819158238769, 0.8929422820399012, 0.26616448854827485, 0.6015118356926448, 0.6616804491599082, 0.22777193995359107, 0.7425165799476763, 0.39710639179973417, 0.48410709360132465]",5.69580017574159,5.881961310837067,4.760311334765662,decision,0.1134612949334021,16,24.73000269000022,40,0.7354540155968624,0,1,13.761559258000034,32,0.20575644235228446,0.2320896326086832,False
0.03157751738649667,1.2850968956083704,0.985391274059031,32,40,32,8,16,1.9368256747466137,19.596371692000503,896,56,0.0,"[1.0, 0.0, 1.0, 0.2162620202429547, 0.8233199967027353, 0.9444603034013044, 0.16263028774801383, 0.8750968005659663, 0.15128514163829596, 0.3312482260871476]",5.674416142554113,5.894431777028728,4.736611168855097,posterior,0.13605742329618928,16,5.9197683840002355,40,0.7320939960940839,1,1,13.676603308000267,32,0.20051211522218654,0.2320896326086832,False
0.027678419257776615,1.283482005279284,0.9950520072355655,32,40,32,8,16,1.6497158619795347,38.78756702600049,896,56,1.0,"[1.0, 0.08729899354665718, 0.8779748918797385, 0.2507132681383357, 0.5867131858659485, 0.6665983771739902, 0.24485087749116077, 0.704536544078263, 0.4124438758118333, 0.46975014474208165]",5.671205726478363,5.885504577243142,4.735974982629804,decision,0.11925745646917396,16,25.11096371800022,40,0.7324887801400289,1,1,13.676603308000267,32,0.2044112133509066,0.2320896326086832,False
0.030972291648618533,1.5292090174817816,0.9109273215636355,32,40,32,8,16,1.8333128021999534,19.372907962000227,896,56,0.0,"[1.0, 0.0, 1.0, 0.46580893917447014, 0.3328991959775327, 0.9070013703222429, 0.029345297751660265, 0.8087258208654641, 0.17861884739080225, 0.6972547320856821]",5.583901383524533,5.733774801459472,4.649306571132354,posterior,0.13344969915497967,16,6.024422965000213,40,0.7201123173179389,2,1,13.348484997000014,32,0.20111734096006467,0.2320896326086832,False
0.02640549773038592,1.525373095013844,0.9124411350810258,32,40,32,8,16,1.6453029024776331,38.0253482600001,896,56,1.0,"[1.0, 0.07283846219657317, 0.8934807420372745, 0.26591939964758965, 0.6011102297611501, 0.6787773501076473, 0.22849278898216507, 0.7396714173335034, 0.39692619519590555, 0.48400657855473406]",5.579281810599807,5.7212213514706765,4.6459136754960495,decision,0.1137728447134351,16,24.676863263000087,40,0.7199942887673566,2,1,13.348484997000014,32,0.2056841348782973,0.2320896326086832,False
0.06096215986726919,1.2173678325327664,1.0836786916763677,64,40,64,16,16,1.5827260845925426,23.953536608000377,1536,96,0.0,"[0.9860173971151271, 0.0, 0.6727382892843731, 0.6528123027259713, 0.135518451450727, 0.043307165327330734, 0.0, 0.40366901481304573, 0.10450848355403475, 0.8559216711428111]",5.812251976662717,5.962837130559089,4.866537319665446,posterior,0.26266644994890825,16,10.191977350000343,80,0.7495838442672013,0,1,13.761559258000034,64,0.17112747274141402,0.2320896326086832,False
0.03630554886789658,1.2140936887958322,1.09339425756708,64,40,64,16,16,1.5502620891568335,50.45834535999984,1536,96,1.0,"[0.9967191377555125, 0.0, 1.0, 0.4241229749749507, 0.7239507715037996, 0.40106890822892205, 0.032496982232049436, 0.6875518554100782, 0.24333486780443694, 0.6010590913007172]",5.802615733236065,5.935365889222964,4.860771438102268,decision,0.15642899883042116,16,36.696786101999805,80,0.7501282519563968,0,1,13.761559258000034,64,0.19578408374078662,0.2320896326086832,False
0.03233302756822001,1.272029117530875,1.0624740073529713,64,40,64,16,16,1.9296983474524771,23.878660467000373,1536,96,0.0,"[1.0, 0.0, 1.0, 0.47055955030270674, 0.7072237580686569, 1.0, 0.24109911466064946, 0.7342851587409652, 0.0, 0.5259268884975604]",5.720224258827791,5.913917746375178,4.788674208532827,posterior,0.13931267504195416,16,10.202057159000105,80,0.7474625969961413,1,1,13.676603308000267,64,0.1997566050404632,0.2320896326086832,False
0.031317701216105276,1.26973328225005,1.0742641249059912,64,40,64,16,16,1.7586149704797431,52.59146778700051,1536,96,1.0,"[1.0, 0.0, 1.0, 0.4013593157536153, 0.7003357832169771, 0.7575029028078668, 0.10990292927787641, 0.4200047027656661, 0.2589167455620516, 0.5891022672839654]",5.709799508362166,5.892195125716018,4.782692431670931,decision,0.13493795851238546,16,38.914864479000244,80,0.7489343796846433,1,1,13.676603308000267,64,0.20077193139257793,0.2320896326086832,False
0.03265557009844958,1.5104489242597536,0.9829661363056732,64,40,64,16,16,1.994616444277065,23.252078430999973,1536,96,0.0,"[1.0, 0.0, 0.9999230915342965, 0.5726216517183064, 0.16463027155890816, 1.0, 0.0, 0.5657443984051796, 0.0673420764509068, 0.8116044437752865]",5.7374250178263235,5.8803891575882155,4.786533241522194,posterior,0.14070240764915506,16,9.903593433999959,80,0.730186817566877,2,1,13.348484997000014,64,0.19943406251023363,0.2320896326086832,False
0.03017317057017621,1.4957232135511895,0.9863159023119281,64,40,64,16,16,1.706381302329566,50.44280364899987,1536,96,1.0,"[1.0, 0.0, 1.0, 0.41657072759943414, 0.7200916224383358, 0.7535406830248819, 0.022937409473246552, 0.5828164016951315, 0.22917470698184061, 0.6098677904886988]",5.728237437308101,5.852768661301528,4.779853130308867,decision,0.13000654200289055,16,37.094318651999856,80,0.7301874450893789,2,1,13.348484997000014,64,0.201916462038507,0.2320896326086832,False
0.028697915930872536,1.8123313528212215,0.9064059188326878,32,40,32,8,32,1.6882740299210048,27.356108016999315,1792,56,0.0,"[1.0, 0.0, 1.0, 0.5197724136093164, 0.588963976601014, 0.7688854200408956, 0.0, 0.9396838871288714, 0.15015153521686603, 0.6402741355070523]",5.62502793772846,5.764347699806485,4.681303533949306,posterior,0.12365014157809846,32,6.253628062999724,40,0.7411457687824795,0,1,21.10247995399959,32,0.20339171667781067,0.2320896326086832,False
0.030583634509987245,1.7854778096360757,0.9121774212576738,32,40,32,8,32,1.6480803992175315,47.58966494099923,1792,56,1.0,"[1.0, 0.10736947505736277, 0.8578962479696862, 0.23031489027673233, 0.5671028050034493, 0.648214659106292, 0.2679835351396895, 0.7129249567544734, 0.4327016481919399, 0.450145088177771]",5.6311002809618085,5.763417749395024,4.6873157090209805,decision,0.1317750998449511,32,26.487184986999637,40,0.7413664330219417,0,1,21.10247995399959,32,0.20150599809869596,0.2320896326086832,False
0.02996231435366753,1.7914516416384474,0.8922034541100722,32,40,32,8,32,1.758374899760403,26.046428107999873,1792,56,0.0,"[1.0, 0.0, 1.0, 0.5167950039338648, 0.32466975001729337, 0.7456237853671904, 0.0, 0.916418734216645, 0.14568970752836502, 0.6754920329428409]",5.593063619890273,5.712780148152694,4.652891586734233,posterior,0.1290980300019939,32,6.038749581000047,40,0.7411230162714162,1,1,20.007678526999825,32,0.20212731825501568,0.2320896326086832,False
0.03057143767244061,1.7764072043364227,0.8961434796711811,32,40,32,8,32,1.6477459118753075,45.73721932199987,1792,56,1.0,"[1.0, 0.10734289955102029, 0.8578313031401683, 0.2303293425122504, 0.5670860663169531, 0.6482702333094542, 0.2654706693559293, 0.7125232892729647, 0.4327113901138692, 0.45008349318716095]",5.595239662613867,5.711352151882803,4.65542042602533,decision,0.13172254757275545,32,25.729540795000048,40,0.741257552287001,1,1,20.007678526999825,32,0.2015181949362426,0.2320896326086832,False
0.028852378601819634,1.79330445033781,0.9133095746396986,32,40,32,8,32,1.6616700427501274,27.17370691899987,1792,56,0.0,"[1.0, 0.0, 1.0, 0.5300378534042229, 0.5082884328247196, 0.6726983953645733, 0.0, 0.9278169878765121, 0.14905410601872748, 0.6646970115599777]",5.588366814882962,5.70102462016518,4.65335536683431,posterior,0.12431567182695508,32,6.066067073999875,40,0.741362668250946,2,1,21.107639844999994,32,0.20323725400686357,0.2320896326086832,False
0.03161169809309111,1.7730980599980657,0.9183417778394812,32,40,32,8,32,1.6490083445982473,47.01633242700018,1792,56,1.0,"[1.0, 0.11234787355242824, 0.8528537314504595, 0.2252907432409053, 0.5620747126904995, 0.6433958220016556, 0.2730219679258973, 0.7080471004535275, 0.4377342213253013, 0.44520190777205654]",5.592444558339716,5.698884039231419,4.65762400223967,decision,0.1362046970292305,32,25.908692582000185,40,0.7416337258671261,2,1,21.107639844999994,32,0.2004779345155921,0.2320896326086832,False
0.02797827234739192,1.6872534945581854,0.9988729217899366,64,40,64,16,32,1.6751650239060274,30.53518454199957,3072,96,0.0,"[1.0, 0.0, 1.0, 0.8557053865507017, 0.26700625969994163, 0.368345037522273, 0.0, 0.8917683374558613, 0.0, 0.6894314575757302]",5.756282977492075,5.9026802476211095,4.804800966351648,posterior,0.12054942753330536,32,9.432704587999979,80,0.7539004606398396,0,1,21.10247995399959,64,0.20411136026129129,0.2320896326086832,False
0.029327721388528738,1.6519435064965382,1.0158090882250366,64,40,64,16,32,1.6595458597813897,65.1327360639998,3072,96,1.0,"[1.0, 0.0010780116168464266, 0.9662551989284041, 0.34090071930562904, 0.680361211358037, 0.7487285201783855, 0.1256665137547296, 0.8035014199739205, 0.32102201848146966, 0.5486018927986799]",5.766835356395164,5.901639918552914,4.816630102761139,decision,0.12636377187074532,32,44.03025611000021,80,0.7544446265303447,0,1,21.10247995399959,64,0.20276191122015447,0.2320896326086832,False
0.028693251867626696,1.7042826892929146,0.9909078157785935,64,40,64,16,32,1.704228811051201,29.705920178999804,3072,96,0.0,"[1.0, 0.0, 0.9922851992257036, 0.805895399304721, 0.1928397448509415, 0.3918190877503561, 0.003386371301909123, 0.8452016491671714, 0.0, 0.7789720915497131]",5.726346784320295,5.850521177741038,4.779258990611955,posterior,0.12363004562123293,32,9.698241651999979,80,0.7542140449058523,1,1,20.007678526999825,64,0.2033963807410565,0.2320896326086832,False
0.02971332166613147,1.6845201559117382,1.0026014003249677,64,40,64,16,32,1.6745210900304623,63.09658746499963,3072,96,1.0,"[1.0, 0.0, 0.9767429055115744, 0.35553975091194046, 0.6950797789347267, 0.7603592808354775, 0.13098223209389337, 0.763233141857605, 0.3063855172882229, 0.5472367867629427]",5.729053811628328,5.84722105358687,4.783763329367656,decision,0.1280252001442472,32,43.088908937999804,80,0.7547875090791096,1,1,20.007678526999825,64,0.20237631094255173,0.2320896326086832,False
0.028304592634041364,1.6394769891970122,1.0173813020645222,64,40,64,16,32,1.6661180843654086,30.654268288000367,3072,96,0.0,"[1.0, 0.0, 0.9851228327139441, 0.8337359986694348, 0.23681757664341171, 0.2951914113443034, 0.0007581837504185679, 0.8141618923176337, 0.0, 0.7364001516036408]",5.738872536671508,5.8567650191876055,4.794574289750111,posterior,0.12195543728471739,32,9.546628443000372,80,0.7538601041879981,2,1,21.107639844999994,64,0.20378503997464184,0.2320896326086832,False
0.02785189608351113,1.6134535743026106,1.031827045764684,64,40,64,16,32,1.6499253399965015,66.8118936599999,3072,96,1.0,"[1.0, 0.015739202292349857, 0.9517591287532866, 0.3246439936717499, 0.6625915829906648, 0.7229931660076774, 0.15113997437029517, 0.7910885734646423, 0.3378110170427044, 0.5348921119878167]",5.747484980327748,5.866272187948759,4.804353393415135,decision,0.1200049126299022,32,45.7042538149999,80,0.7544617725761841,2,1,21.107639844999994,64,0.20423773652517208,0.2320896326086832,False
0.2825244991734863,,,0,16,,,,2.0792756285188143,,,,,"[0.06447614663574311, 1.0, 0.9977581650772213, 0.9195428476443567, 0.8087283067493165, 0.1901027544647661, 0.7368338931092797, 0.39093904664252077, 0.0, 0.24628234630183066]",,,,map,0.48903643915766726,1,,,,0,2,,,0.2951921627180406,0.5777166618915269,
0.3438076099131832,2.650171576484851,0.33974481346658025,32,16,32,8,8,2.1697765705262326,16.984847757000352,448,56,0.0,"[0.0, 1.0, 0.9249571500112952, 0.0, 1.0, 0.47390284702614344, 0.25808589354988726, 0.9620134330144731, 0.18667933131668815, 0.0]",1.3983464565583674,1.588626366190481,1.1866261279400099,posterior,0.5951145822720569,8,6.204990275000455,40,0.61468643459627,0,2,10.779857481999898,32,0.23390905197834372,0.5777166618915269,False
0.3720700094999906,2.509476217848276,0.33865922524054104,32,16,32,8,8,1.9417193148913294,23.13948849099961,448,56,1.0,"[0.26562013849062033, 0.9958487217579074, 0.8722618784265053, 0.0, 0.9672185141916192, 0.5276446487280808, 0.2764391420919195, 0.6069988147878885, 0.2047652038939976, 0.0]",1.3999842376331482,1.5903578499483169,1.1877192351546266,decision,0.6440354485913219,8,12.359631008999713,40,0.6147158251290582,0,2,10.779857481999898,32,0.20564665239153637,0.5777166618915269,False
0.39654927243675064,1.9893938721391922,0.3697268888354697,32,16,32,8,8,2.0369367384598798,16.23893890800082,448,56,0.0,"[0.34580417397262897, 1.0, 0.934698582910456, 0.0, 1.0, 0.4394079999701113, 0.2664086792174771, 0.8995431717185048, 0.19069345156003722, 0.0]",1.5730634055115615,1.7668679522714859,1.3323961021763433,posterior,0.6864078857244512,8,6.0485946170001625,40,0.6392962577730834,1,2,10.190344291000656,32,0.1811673894547763,0.5777166618915269,False
0.3956616227645029,1.9584652969821321,0.36320891895150553,32,16,32,8,8,2.0072046876570515,22.512094272000468,448,56,1.0,"[0.28570148200211937, 1.0, 0.8577666028651714, 0.0, 0.9392007992637309, 0.5448957424090912, 0.5928518423385831, 0.6377738179790646, 0.2039227332284866, 0.0]",1.574463333653171,1.773753098864911,1.332212450712838,decision,0.684871406459094,8,12.321749980999812,40,0.6393765896670902,1,2,10.190344291000656,32,0.18205503912702403,0.5777166618915269,False
0.3986361394287197,1.776694139312235,0.5009979403164424,32,16,32,8,8,2.0567745224146785,16.73190674699981,448,56,0.0,"[0.3477896430788284, 1.0, 0.9332954522834789, 0.0, 1.0, 0.5114041810130653, 0.26903493982421955, 0.9296022090024252, 0.1952708210374767, 0.0]",1.731646812053162,1.9617516159435573,1.485517037705818,posterior,0.6900201529994444,8,6.038105599000119,40,0.6331539834476168,2,2,10.693801147999693,32,0.1790805224628072,0.5777166618915269,False
0.3955240742122411,1.7508075462863364,0.5051522544095199,32,16,32,8,8,2.039070465723279,22.98326650600029,448,56,1.0,"[0.28480350342088273, 1.0, 0.8628346139913904, 0.0, 0.9813036491464391, 0.5372731591999399, 0.6331343448636392, 0.6400637550228373, 0.2035942450244127, 0.0]",1.7403308705115423,1.9733844627736963,1.4932951472911378,decision,0.68463331647254,8,12.289465358000598,40,0.6344614640698558,2,2,10.693801147999693,32,0.18219258767928578,0.5777166618915269,False
0.3168575882383485,3.2206552118585585,0.3440908425662334,64,16,64,16,8,1.866564230554673,20.35207802700006,768,96,0.0,"[0.1682256042357818, 0.8990979854209377, 1.0, 0.0, 0.9221099799162108, 0.3827600463900537, 0.08667905669166509, 0.6382834229475663, 0.0, 0.0]",1.2498746102292548,1.3966758862385014,1.0687178566966504,posterior,0.5484653795528615,8,9.572220545000164,80,0.5923567220034649,0,2,10.779857481999898,64,0.26085907365317845,0.5777166618915269,False
0.30449566923112376,3.0478715963495246,0.32677586755603194,64,16,64,16,8,1.627806060691001,33.414140275000136,768,96,1.0,"[0.26187241334330363, 0.8098094972797348, 1.0, 0.0, 0.7866119797797968, 0.48779531718944125, 0.21144698427262446, 0.39872772489339925, 0.014681331910624085, 0.08155200345013573]",1.2293557645565012,1.3696449074597439,1.0488397851564073,decision,0.5270674870864229,8,22.63428279300024,80,0.5863595270815265,0,2,10.779857481999898,64,0.2732209926604032,0.5777166618915269,False
0.33222824376701554,2.525121817331397,0.3557781786484203,64,16,64,16,8,1.5813083072710388,19.814014151000265,768,96,0.0,"[0.5761815923686427, 0.716437761226669, 1.0, 0.0, 0.7831192216360184, 0.3911858873132458, 0.11409917790787755, 0.574480757874966, 0.0, 0.014403525825266243]",1.4488428490820149,1.6445875344787901,1.2302299149952962,posterior,0.5750712515011299,8,9.623669859999609,80,0.6162311257532314,1,2,10.190344291000656,64,0.2454884181245114,0.5777166618915269,False
0.3439852525856391,2.4742211013312208,0.3432973276465554,64,16,64,16,8,1.7573000715800142,32.5251157900002,768,96,1.0,"[0.31912736612394255, 0.8980044794960615, 0.9313351820447194, 0.020928463816142828, 0.7702796653409631, 0.5088675572055652, 0.39468431786812425, 0.5601027597958752, 0.01330219331521268, 0.032317987430895895]",1.4349334437019279,1.624014969609017,1.2166062204908532,decision,0.5954220732692428,8,22.334771498999544,80,0.6095729977820828,1,2,10.190344291000656,64,0.23373140930588782,0.5777166618915269,False
0.3453162413852817,1.948850488308777,0.5039410610743633,64,16,64,16,8,1.6523004332953886,20.295088355999724,768,96,0.0,"[0.5730035207288547, 0.7896477489969167, 1.0, 0.0, 0.8028780973786503, 0.39051798978318814, 0.10653481966952644, 0.6272838295512397, 0.0, 0.0018853600439504362]",1.6554880700115877,1.8607106810073695,1.4251786682241427,posterior,0.5977259514286242,8,9.60128720800003,80,0.6227787965987899,2,2,10.693801147999693,64,0.23240042050624524,0.5777166618915269,False
0.3387289413793545,1.935526407530241,0.4884496284706063,64,16,64,16,8,1.852797623132257,33.91287146400009,768,96,1.0,"[0.31708469529549405, 0.969714270099366, 0.9494704423072008, 0.002675446613851357, 0.8473386776163572, 0.4995857543546995, 0.41176686346020835, 0.5745514414901086, 0.010928744683626684, 0.0016063478323164967]",1.651597745666535,1.8561279838351303,1.4189681222273491,decision,0.586323649157543,8,23.219070316000398,80,0.6196269122928081,2,2,10.693801147999693,64,0.2389877205121724,0.5777166618915269,False
0.4700880159892215,1.9041547049703151,0.2941680075172941,32,16,32,8,16,2.223749081488453,19.6458205859999,896,56,0.0,"[0.0, 0.6802389767487313, 0.8887306559799696, 0.0, 1.0, 1.0, 0.6661032621612754, 0.9011397819263963, 0.28854132836554286, 0.0]",1.3658870235269838,1.7683670825698974,1.1515432203250457,posterior,0.8136999449697125,16,6.158233295000173,40,0.6170949418998048,0,2,13.487587290999727,32,0.1076286459023054,0.5777166618915269,False
0.4658872195215338,1.902529143427733,0.2930676767078216,32,16,32,8,16,1.818422970848776,25.60832335499981,896,56,1.0,"[0.08688146714794913, 0.716597091210204, 0.840777717637247, 0.05238833362974363, 0.8287751442230815, 0.8748490262336159, 0.6798972191127037, 0.5932992684785815, 0.2994205345508378, 0.4220397532159868]",1.3650778179491683,1.773370743942563,1.150675789700899,decision,0.8064285665505171,16,12.120736064000084,40,0.6162590746875543,0,2,13.487587290999727,32,0.11182944236999318,0.5777166618915269,False
0.34139260677513206,2.3968226140230753,0.23182239871803278,32,16,32,8,16,2.2534160650715775,19.453266678000546,896,56,0.0,"[0.0, 1.0, 0.8825671060453225, 0.0, 1.0, 1.0, 0.6962160565557842, 0.5852181658492845, 0.3254917729947775, 0.0]",1.2626104809221275,1.5721697729307205,1.0564528644813085,posterior,0.5909343269715709,16,5.8220615660002295,40,0.5621054116289554,1,2,13.631205112000316,32,0.23632405511639487,0.5777166618915269,False
0.3988205582359919,2.3613262798564736,0.23089478528621443,32,16,32,8,16,1.9815824247840417,25.690400578000663,896,56,1.0,"[0.22340701976251684, 0.9604071328291404, 0.8707639618534923, 0.0, 0.9522874382192432, 0.7257728885590743, 0.7256285282079831, 0.62631149713317, 0.24167623525763032, 0.2328876532907933]",1.2661669070872363,1.5808167757135787,1.059112482727032,decision,0.6903393731629557,16,12.059195466000347,40,0.562135374188302,1,2,13.631205112000316,32,0.17889610365553504,0.5777166618915269,False
0.37529422585091554,1.6524505331378325,0.2362274813989147,32,16,32,8,16,2.3412719076207007,20.290431935000015,896,56,0.0,"[0.0, 1.0, 0.88057651605896, 0.0, 1.0, 0.9888165552908256, 0.6264430303551557, 0.9289628283249114, 0.3104526174000183, 0.0]",1.3348224914241547,1.7199302171100421,1.115103489419107,posterior,0.6496164133853238,16,6.075074287999996,40,0.5819026216469037,2,2,14.215357647000019,32,0.2024224360406114,0.5777166618915269,False
0.45508146568624575,1.6106069645054955,0.23532459526357272,32,16,32,8,16,2.011599929721608,26.77095531499981,896,56,1.0,"[0.09503155668508655, 0.7473498271004791, 0.8683511336312943, 0.0, 0.8810971579670059, 0.9656481714001938, 0.73299708339719, 0.61262571396733, 0.5645856502556438, 0.2771831412111609]",1.3372203600479247,1.7259194549634196,1.1168412070910543,decision,0.7877243218089711,16,12.555597667999791,40,0.5816732151387121,2,2,14.215357647000019,32,0.1226351962052812,0.5777166618915269,False
0.40641758142115264,2.0291845475380126,0.284651728301399,64,16,64,16,16,2.1659981663588193,23.493201481000142,1536,96,0.0,"[0.0, 0.6947316421721006, 1.0, 0.0, 1.0, 0.9781121985995249, 0.8729278308198042, 0.48951254619957446, 0.32605063258369055, 0.0]",1.3631936347376141,1.7263868115236782,1.147485253450371,posterior,0.7034894581203239,16,10.005614190000415,80,0.6176808098181369,0,2,13.487587290999727,64,0.1712990804703743,0.5777166618915269,False
0.4035570127291159,1.9540091148287264,0.28500389800614234,64,16,64,16,16,1.4802519865456558,36.44862356900012,1536,96,1.0,"[0.2140535940969632, 0.5992607167519951, 0.9585058846719378, 0.1581722768801446, 0.7240603471967897, 0.6979812015001056, 0.5416385284092647, 0.3360430709190666, 0.3347707890477864, 0.49076388227850015]",1.359425144247187,1.7235831479011607,1.144540894998978,decision,0.6985379500875266,16,22.961036278000392,80,0.6194953092764117,0,2,13.487587290999727,64,0.17415964916241097,0.5777166618915269,False
0.23850718520539932,2.43006227363503,0.2097903020126863,64,16,64,16,16,2.2041776330818754,23.329140663000544,1536,96,0.0,"[0.0, 1.0, 1.0, 0.0, 0.9881359193370096, 0.9001835517135974, 0.7479096756364514, 0.21103954375770767, 0.5651486529765756, 0.021878117649100883]",1.2629650256180502,1.515149750125724,1.052330080896977,posterior,0.4128445671351986,16,9.697935551000228,80,0.5733333395336383,1,2,13.631205112000316,64,0.3392094766861276,0.5777166618915269,False
0.3756213912680354,2.340981537681153,0.20813643022225425,64,16,64,16,16,1.5974658023453292,36.89186379799958,1536,96,1.0,"[0.31442041194783815, 0.7089993166471873, 1.0, 0.0, 0.8219090904740363, 0.6296721131855647, 0.6289677982002547, 0.4299409244927883, 0.19387432267387195, 0.3598219272865599]",1.2654281338758548,1.5178618181178507,1.0539697931451344,decision,0.6501827211252611,16,23.26065868599926,80,0.5734365596590107,1,2,13.631205112000316,64,0.20209527062349153,0.5777166618915269,False
0.31510428352621905,1.7955922644671447,0.2573825346079529,64,16,64,16,16,2.235213514464986,23.873461215000134,1536,96,0.0,"[0.0, 1.0, 1.0, 0.0, 0.9974444566695796, 0.9435250857711929, 0.6016285561716317, 0.5232698592740801, 0.5567685696230908, 0.0]",1.3697501035175055,1.7163138762294647,1.147276589735595,posterior,0.5454304926822131,16,9.658103568000115,80,0.5986877303927216,2,2,14.215357647000019,64,0.2626123783653079,0.5777166618915269,False
0.3986538379065498,1.6922293899240766,0.25424381521896955,64,16,64,16,16,1.8465347850027785,36.384935426000084,1536,96,1.0,"[0.0547796077666514, 0.7541117336656218, 0.9979132599620777, 0.006104075967517716, 0.7576799969510456, 0.8627042201229425, 0.6348998365749541, 0.3798952654275243, 0.6836832533729856, 0.38481146327511945]",1.3725085311771823,1.7228208503429627,1.1488555879855398,decision,0.6900507882208211,16,22.169577779000065,80,0.5984846711806132,2,2,14.215357647000019,64,0.17906282398497714,0.5777166618915269,False
0.33372720300033515,1.4231103698210215,0.5000276165359473,32,16,32,8,32,2.1572062961780896,26.639168782000525,1792,56,0.0,"[0.0, 1.0, 0.8882843141147576, 0.0, 1.0, 0.9664902493500686, 0.34191229723093064, 0.5963934149370872, 0.2881711937347153, 0.0]",1.5680344137087658,2.0387736214852596,1.3544330542742022,posterior,0.5776658784734797,32,6.136591903999943,40,0.6184229623721068,0,2,20.502576878000582,32,0.24398945889119178,0.5777166618915269,False
0.45011305986258154,1.4065204769716082,0.5008307913634109,32,16,32,8,32,2.212831426213381,32.66274406700086,1792,56,1.0,"[0.0, 0.7694570977606998, 0.847883096154279, 0.0, 1.0, 0.9135551355165383, 0.43083757447859444, 1.0, 0.35304103186578145, 0.02374579010767535]",1.5688619149858787,2.040811183682135,1.3552556902613853,decision,0.7791242481891505,32,12.160167189000276,40,0.6190041988180752,0,2,20.502576878000582,32,0.1276036020289454,0.5777166618915269,False
0.3466192762340964,1.4919306156173457,0.4918280107605101,32,16,32,8,32,2.193914311181616,26.093004778999784,1792,56,0.0,"[0.0, 1.0, 0.8990525231266544, 0.0, 1.0, 0.9602937099142187, 0.3172392114403772, 0.6879860235741138, 0.3896787622104213, 0.0]",1.5904486240787286,1.9649622047274105,1.370724501415085,posterior,0.5999814426317831,32,5.978306517000419,40,0.642568301449841,1,2,20.114698261999365,32,0.23109738565743052,0.5777166618915269,False
0.44512816007439493,1.4701141427576494,0.49410939909664553,32,16,32,8,32,2.2187380550332008,32.215525472999616,1792,56,1.0,"[0.0, 0.7712951710430446, 0.8566988754971023, 0.0009143279589952317, 1.0, 0.9177036405836615, 0.4195396693006967, 1.0, 0.49484297711791714, 0.07084966345604236]",1.5920651143056834,1.970930805070604,1.372473971263876,decision,0.7704956243030653,32,12.10082721100025,40,0.644323517275446,1,2,20.114698261999365,32,0.132588501817132,0.5777166618915269,False
0.34714572159943735,1.49268244902313,0.5423895347284056,32,16,32,8,32,2.1985697126589634,26.577365588000248,1792,56,0.0,"[0.0, 1.0, 0.8989277430196353, 0.0, 1.0, 0.9932531665951164, 0.2934209254019747, 0.685041402108747, 0.3827670336678859, 0.0]",1.590236999023873,1.9114417451819024,1.3806675061647793,posterior,0.6008926944617325,32,6.190123401999699,40,0.6573703401133459,2,2,20.38724218600055,32,0.23057094029208958,0.5777166618915269,False
0.4308813654332275,1.4798262201125203,0.5414614535055438,32,16,32,8,32,2.049276580203066,33.050940313000865,1792,56,1.0,"[0.0, 0.7390750765003977, 0.8563644796540286, 0.07166330111007377, 0.9996293338154439, 0.9197107268603082, 0.3972827411147563, 0.5760755154398366, 0.6553652900679764, 0.17329193451056213]",1.5881975584587833,1.9135392769742863,1.3788503374681353,decision,0.7458351019727566,32,12.663698127000316,40,0.6578107909952106,2,2,20.38724218600055,32,0.1468352964582994,0.5777166618915269,False
0.24362119646431613,1.5542836033212695,0.5254871797058227,64,16,64,16,32,2.010692179446102,29.810788566001065,3072,96,0.0,"[0.0, 1.0, 1.0, 0.0, 0.8980106306628987, 0.8091827121612644, 0.4448654644695054, 0.2430815872896971, 0.2788048570767969, 0.0]",1.610067110528265,2.0789792007743886,1.3931511243637762,posterior,0.4216966768219312,32,9.308211688000483,80,0.6356236345138704,0,2,20.502576878000582,64,0.3340954654272108,0.5777166618915269,False
0.43594992726002213,1.4963786963645225,0.5251793530169535,64,16,64,16,32,2.221182765152633,42.54693037300058,3072,96,1.0,"[0.0, 0.7908475444086207, 0.9418384917710725, 0.007815981403511783, 1.0, 0.8575001229259124, 0.4750603703966582, 1.0, 0.38906741933454814, 0.012668309897148036]",1.611013399291143,2.0820785012807566,1.393846590036305,decision,0.7546085408592159,32,22.044353494999996,80,0.6367713614649079,0,2,20.502576878000582,64,0.1417667346315048,0.5777166618915269,False
0.24817957762073722,1.677834610747637,0.48758641180099954,64,16,64,16,32,2.13827773370612,29.558955777999472,3072,96,0.0,"[0.0, 1.0, 1.0, 0.0, 0.9940665417077555, 0.8219771517729157, 0.333449890156034, 0.23952083396467047, 0.7075867086656125, 0.0]",1.5903437344600304,1.9542487928723495,1.3697922699282246,posterior,0.42958701729003596,32,9.444257516000107,80,0.6398500610693085,1,2,20.114698261999365,64,0.3295370842707897,0.5777166618915269,False
0.4318570794027668,1.6173407303993217,0.48904526928803105,64,16,64,16,32,2.217537046917275,42.66012626099928,3072,96,1.0,"[0.0, 0.7362976413502912, 0.9795444443555553, 0.1040049693470865, 0.9998175219113467, 0.8449555046399297, 0.4692980719651486, 1.0, 0.7394409393545474, 0.18864744419765503]",1.5927495419423032,1.9623974972723244,1.3720086874114488,decision,0.7475240163383985,32,22.545427998999912,80,0.6422275139574007,1,2,20.114698261999365,64,0.14585958248876013,0.5777166618915269,False
0.2513792106245734,1.751695309992408,0.5289955857938089,64,16,64,16,32,2.1535937828870773,29.74639161700088,3072,96,0.0,"[0.0, 1.0, 1.0, 0.0, 1.0, 0.8827790978534159, 0.20345180498311283, 0.23613615120285575, 0.747863231412596, 0.0]",1.5917705204024333,1.9235785836586308,1.3792155334807084,posterior,0.43512542948219973,32,9.359149431000333,80,0.6550489685819699,2,2,20.38724218600055,64,0.3263374512669535,0.5777166618915269,False
0.36410171720088075,1.6950045921665233,0.522204404751293,64,16,64,16,32,1.954753691326903,43.32179796000037,3072,96,1.0,"[0.0, 0.8074178460427562, 0.9509083938276778, 0.41927971610319187, 0.7941926512575201, 0.7847476719152491, 0.49748548564959194, 0.2543549564641223, 0.8643368520029274, 0.34939769534376686]",1.5883291605078513,1.9217494422214485,1.3751042093565398,decision,0.6302427144973796,32,22.93455577399982,80,0.6558418734953185,2,2,20.38724218600055,64,0.21361494469064618,0.5777166618915269,False
0.0020382361210415506,,,0,40,,,,1.4142140948319675,,,,,"[1.0, 0.1947855363602385, 1.0, 1.0, 0.0, 0.0, 0.0, 1.0, 0.0, 1.0]",,,,map,0.0231801308053431,1,,,,0,2,,,0.08589207532360871,0.08793031144465026,
0.05914556824069293,1.1381011397391774,1.0566244484043454,32,40,32,8,8,1.2118328152907525,16.340916074999768,448,56,0.0,"[1.0, 0.0, 0.521045184825577, 0.7641065581131272, 0.2811890721488271, 0.6797903005141139, 1.0, 0.0, 0.36084079622726095, 0.31105712516039563]",5.884595268592257,6.105072002967908,4.919001104554675,posterior,0.6726414050963923,8,5.948859402999915,40,0.7435504494356647,0,2,10.392056671999853,32,0.028784743203957325,0.08793031144465026,False
0.08793031139907209,1.137272557976732,1.055077253659017,32,40,32,8,8,1.2918720212097425,22.55588789400008,448,56,1.0,"[0.7259581479325691, 0.24076174645515025, 0.38610568487789615, 0.6745894147758099, 0.41646618287583975, 0.7007480152434302, 0.9539749231457606, 0.0390606100168219, 0.36278334025722486, 0.44403211591775654]",5.883562045002549,6.1031241895562465,4.917865086733842,decision,0.9999999994816559,8,12.163831222000226,40,0.7435951921721224,0,2,10.392056671999853,32,4.557817230492308e-11,0.08793031144465026,False
0.05933848846706116,1.7478978484705812,1.0027039003627212,32,40,32,8,8,1.1764062525329484,16.72695895400102,448,56,0.0,"[1.0, 0.0, 0.5244388924471682, 0.7561386853122669, 0.27620373077568233, 0.6670862361478135, 1.0, 0.0, 0.06664668974183986, 0.26849073468180695]",5.807163743265473,6.0867268648106965,4.846271774684924,posterior,0.6748354178685371,8,6.02476809000018,40,0.767700034854121,1,2,10.70219086400084,32,0.028591822977589092,0.08793031144465026,False
0.08703589771428155,1.7338083726946867,1.0022403967907452,32,40,32,8,8,1.2429324192325415,22.70237076400099,448,56,1.0,"[0.8718806146178447, 0.0, 0.4639644537146043, 0.6474589669409863, 0.42287685723502033, 0.7191178538119628, 0.9869722600669417, 0.0, 0.21277157447727443, 0.41863478200099974]",5.808529958510421,6.0859841269204455,4.847272046166486,decision,0.9898281523666419,8,12.000179900000148,40,0.7674617365344656,1,2,10.70219086400084,32,0.0008944137303686997,0.08793031144465026,False
0.05899405584563776,1.1512213438693681,1.0818215955621198,32,40,32,8,8,1.2707014178814977,16.343903103999764,448,56,0.0,"[1.0, 0.0, 0.571718411813199, 0.7024709037772716, 0.27107880761616865, 0.7075388223702761, 1.0, 0.0, 0.46577040910485357, 0.2829005626125735]",5.924779413268571,6.29281769896224,4.95618784972728,posterior,0.6709183087878964,8,6.02479934799976,40,0.7469476513072323,2,2,10.319103756000004,32,0.028936255599012504,0.08793031144465026,False
0.0879264439443147,1.1506063769948771,1.0822259879967542,32,40,32,8,8,1.2781910088567852,22.449597513999834,448,56,1.0,"[0.7508641594090368, 0.0, 0.4965203758926282, 0.6129959319715432, 0.4425459337162292, 0.7222500524853251, 0.9516817484950536, 0.001490245955489701, 0.46885906471372296, 0.5626018523409231]",5.9264241546368694,6.294408435626215,4.957584521308847,decision,0.999956016301182,8,12.13049375799983,40,0.7468939423186793,2,2,10.319103756000004,32,3.867500335559513e-06,0.08793031144465026,False
0.08751967183924786,1.1458231424437362,1.1291661239871793,64,40,64,16,8,1.189182274960619,19.90069401799974,768,96,0.0,"[0.8539690240057147, 0.0, 0.6636111624455286, 0.7943780808233164, 0.29549404345478153, 0.5910636935982484, 1.0, 0.0, 0.3483857414850773, 0.19882515038987209]",5.897331985142132,6.209904336227819,4.943698812911141,posterior,0.9953299425572842,8,9.508637345999887,80,0.7535696065679874,0,2,10.392056671999853,64,0.0004106396054024038,0.08793031144465026,False
0.08793031144054127,1.1436699572131097,1.1259744579619704,64,40,64,16,8,1.188514326298808,32.45023057200069,768,96,1.0,"[0.6878635363185102, 0.2250582736263716, 0.41155103586082575, 0.7716348714979704, 0.38150180363979685, 0.6058810287121404, 0.8966227813800273, 0.10144596698589677, 0.35534245245132673, 0.4941934843611229]",5.8976660974475665,6.210636060338171,4.943327769550447,decision,0.9999999999532699,8,22.05817390000084,80,0.7534933807780682,0,2,10.392056671999853,64,4.108989530514077e-12,0.08793031144465026,False
0.08665147540954829,1.9071335636102795,0.9678460259668693,64,40,64,16,8,1.2064849073927766,20.069250908000868,768,96,0.0,"[0.8811346553122538, 0.0, 0.5818862878076898, 0.7830857091528044, 0.2947814475239704, 0.5718853725262698, 1.0, 0.0, 0.0008378353893637933, 0.12353467650366956]",5.716780226200202,6.042379069815501,4.766993386153535,posterior,0.9854562549126537,8,9.367060044000027,80,0.7844619563180127,1,2,10.70219086400084,64,0.0012788360351019704,0.08793031144465026,False
0.08786930738197303,1.8319744325869514,0.9624211584525947,64,40,64,16,8,1.1438679030861243,33.112144627000816,768,96,1.0,"[0.6367671028224162, 0.0, 0.5221481441539201, 0.7383466313101791, 0.37555256324697256, 0.5557142389420666, 0.878772965741248, 0.041989412554032206, 0.35654980911363987, 0.5012204723498546]",5.71682227120008,6.043826478893424,4.765942048650583,decision,0.9993062226020247,8,22.409953762999976,80,0.785027201264972,1,2,10.70219086400084,64,6.1004062677230065e-05,0.08793031144465026,False
0.08490348489966705,1.1636257188065167,1.0404261653338795,64,40,64,16,8,1.1785784239070443,19.972644460000083,768,96,0.0,"[0.9313395985804991, 0.0, 0.7263053002023104, 0.7582250650616494, 0.25839857625015455, 0.6116247224129169, 1.0, 0.0, 0.28218804463041125, 0.16752213508173378]",5.82995232162214,6.286043034144539,4.872047090364488,posterior,0.9655769836902203,8,9.65354070400008,80,0.7557734385959001,2,2,10.319103756000004,64,0.0030268265449832042,0.08793031144465026,False
0.08714931862498894,1.1615250325098596,1.0383072287832813,64,40,64,16,8,1.176027958464764,32.70920664699952,768,96,1.0,"[0.6139842205293423, 0.0, 0.5828276535210019, 0.7187995198535504, 0.35556439704483267, 0.5777601737493788, 0.8036650179430203, 0.09023182090888046, 0.5171654255263713, 0.5888064589512048]",5.834220738439248,6.291778621045344,4.875038036508055,decision,0.9911180478400451,8,22.390102890999515,80,0.7557316041114227,2,2,10.319103756000004,64,0.0007809928196613245,0.08793031144465026,False
0.061051561594695554,2.4548219467541217,1.001958528906458,32,40,32,8,16,1.4453464410933599,19.673428735000016,896,56,0.0,"[1.0, 0.0, 0.36656948623047586, 0.6244548240649351, 0.2291143205827781, 0.6112256779923129, 1.0, 0.25590823204989516, 0.1330935233071319, 0.0]",5.746195944384771,5.940564974375319,4.7973484612891095,posterior,0.6943175861844394,16,6.07961878199967,40,0.7352182253755092,0,2,13.593809953000346,32,0.026878749849954704,0.08793031144465026,False
0.08793015608146049,2.3546933553516247,1.0000157258332811,32,40,32,8,16,1.4914274485693717,26.32892445900052,896,56,1.0,"[0.784552555420267, 0.08327759798105203, 0.4856571636645639, 0.4886731232758368, 0.4252954366425392, 0.7208202394744734, 1.0, 0.33654958009725144, 0.3736918332470634, 0.17150532196110999]",5.7418746292565785,5.936724762498798,4.793502848571919,decision,0.9999982331099797,16,12.735114506000173,40,0.7350487373579093,0,2,13.593809953000346,32,1.553631897660507e-07,0.08793031144465026,False
0.05874520916437391,2.7151668883706224,0.8093946625587639,32,40,32,8,16,1.4159167386036642,19.707310195999526,896,56,0.0,"[1.0, 0.005744716609224055, 0.42360972317697726, 0.6888702998333033, 0.2609579039918611, 0.6826570996082382, 1.0, 0.0, 0.07999418909932318, 0.0]",5.660186718900091,5.928957368669259,4.690028307631826,posterior,0.6680882644360064,16,6.188610231999519,40,0.7414294261375811,1,2,13.518699964000007,32,0.02918510228027635,0.08793031144465026,False
0.0433259430823129,2.6994773305751942,0.8080298155010448,32,40,32,8,16,1.625229001649069,25.686977459000445,896,56,1.0,"[1.0, 0.06179002944844455, 0.3503313068298829, 0.48498117843171934, 0.32976398290820724, 0.8777399116982527, 1.0, 0.3051381353975994, 0.0659039676950147, 0.020169212484075143]",5.65846801445125,5.926109869020461,4.688380374661209,decision,0.49273046314165964,16,12.168277495000439,40,0.7410582461344504,1,2,13.518699964000007,32,0.04460436836233736,0.08793031144465026,False
0.060546085727433675,3.1973300405489584,0.7808672139961557,32,40,32,8,16,1.5681144550598896,19.975304255000083,896,56,0.0,"[1.0, 0.0, 0.18778280943200953, 0.6444545401631463, 0.2519004908288486, 0.7543488922239836, 1.0, 0.0, 0.053969136506983456, 0.0]",5.645443212147853,5.960451601968719,4.672528012517514,posterior,0.6885689898362954,16,6.168038482000156,40,0.7404320452778546,2,2,13.807265772999926,32,0.027384225717216583,0.08793031144465026,False
0.04668483751686448,3.1667605999566826,0.7795384589167356,32,40,32,8,16,1.7169824241770288,26.185684066999784,896,56,1.0,"[1.0, 0.053570827047983396, 0.17811402143528487, 0.4727457942618567, 0.3309884205936986, 0.9074205343385324, 1.0, 0.3115828266981741, 0.04070536457677289, 0.02879845664624822]",5.643314036452251,5.956633574939575,4.670558920945148,decision,0.5309299688566589,16,12.378418293999857,40,0.7406610108978281,2,2,13.807265772999926,32,0.04124547392778578,0.08793031144465026,False
0.06066280953588425,2.598648002070134,0.9749801118174822,64,40,64,16,16,1.5404771540611897,23.078619518000778,1536,96,0.0,"[1.0, 0.0012737147413690903, 0.32015354221263187, 0.30344770515331104, 0.0, 0.3014764816299438, 0.9343616635696367, 0.5813643795160268, 0.0, 0.022483156595067395]",5.625942269129265,5.804709560462349,4.695749837666908,posterior,0.6898964479850597,16,9.484809565000432,80,0.750496761898548,0,2,13.593809953000346,64,0.027267501908766003,0.08793031144465026,False
0.08792939868385807,2.5009770824007544,0.9684441717694428,64,40,64,16,16,1.3985628001363248,35.7024664620003,1536,96,1.0,"[0.8066055985412763, 0.07123953930322569, 0.4678204015473624, 0.5564787995942478, 0.4677038636395706, 0.6495520257889249, 1.0, 0.3468294330586891, 0.42177355897092383, 0.3036953868597208]",5.616189281307015,5.794859754064384,4.686640259399502,decision,0.9999896194977911,16,22.108656508999957,80,0.7504446186984743,0,2,13.593809953000346,64,9.127607921790357e-07,0.08793031144465026,False
0.05989467821307413,3.806201092742947,0.8224855688370352,64,40,64,16,16,1.381354807747292,23.05783545400027,1536,96,0.0,"[1.0, 0.0, 0.36658357208965003, 0.5471135120728148, 0.12757219205784284, 0.5717881429667095, 0.9940396552038472, 0.0654793491079898, 0.022318043355485737, 0.04275592302077089]",5.604931533983626,5.869109254847361,4.648442340954308,posterior,0.6811607650312509,16,9.539135490000263,80,0.7575787610822394,1,2,13.518699964000007,64,0.02803563323157613,0.08793031144465026,False
0.05716171973963216,3.7852478016989344,0.8181064786210128,64,40,64,16,16,1.536092860460369,35.91000789200007,1536,96,1.0,"[1.0, 0.018484434715422986, 0.35882427432233616, 0.5200484209601064, 0.2585410111317778, 0.6861976234535916, 1.0, 0.3770515300429625, 0.08713258026460126, 0.0]",5.59828777005014,5.863510612818059,4.642251511764314,decision,0.6500798052513883,16,22.39130792800006,80,0.7574690876723287,1,2,13.518699964000007,64,0.030768591705018097,0.08793031144465026,False
0.059793850311654434,4.3972135068229985,0.7829514137908111,64,40,64,16,16,1.3626683377566882,23.48031393400015,1536,96,0.0,"[1.0, 0.0, 0.364362865365689, 0.4617344956029492, 0.10616540040503904, 0.57056722388603, 0.9945729372132617, 0.09056630451345134, 0.005976792898970882, 0.11651238296563399]",5.534996862563407,5.831679093571598,4.584587772808888,posterior,0.6800140853509092,16,9.673048161000224,80,0.7560660178648818,2,2,13.807265772999926,64,0.028136461132995824,0.08793031144465026,False
0.06187428313746139,4.3658958309498885,0.7766620422998324,64,40,64,16,16,1.5809294110351315,36.18224626099982,1536,96,1.0,"[1.0, 0.0, 0.33694778194437885, 0.454221724697977, 0.26324287646498185, 0.7033641411451899, 1.0, 0.3935810721667067, 0.07373476968876749, 0.0]",5.527563279046409,5.8256028128804855,4.577383031697093,decision,0.7036741041956797,16,22.374980487999892,80,0.7570126856539039,2,2,13.807265772999926,64,0.026056028307188867,0.08793031144465026,False
0.05980148020509918,2.0806752361668552,1.058899381959753,32,40,32,8,32,1.4056285649463947,26.989320943000166,1792,56,0.0,"[1.0, 0.0, 0.5037805610085385, 0.6385047404499289, 0.23430573082501246, 0.7111946872841314, 1.0, 0.004762609483856201, 0.026354084826356435, 0.0]",5.858234039067883,6.197189910173187,4.898367107646257,posterior,0.6801008574016321,32,6.55779601499944,40,0.760858803254442,0,2,20.431524928000727,32,0.02812883123955108,0.08793031144465026,False
0.08792295350005797,2.085313497711206,1.0562935688584083,32,40,32,8,32,1.3797135605473965,32.88210092300051,1792,56,1.0,"[0.7703431588032912, 0.016217934422122982, 0.4794491227986911, 0.5768147199810983, 0.42237210179662277, 0.5962780314768277, 0.9686647846058478, 0.387182866225691, 0.09859425865089069, 0.1785381013846337]",5.852355847615389,6.189299320835432,4.893143391863992,decision,0.9999163207263638,32,12.450575994999781,40,0.7608517248541283,0,2,20.431524928000727,32,7.357944592288229e-06,0.08793031144465026,False
0.05980842501804137,2.0779374343401282,1.0647458166408992,32,40,32,8,32,1.4047064966138088,26.278691909998997,1792,56,0.0,"[1.0, 0.0, 0.5030600389229422, 0.6372632793277159, 0.23395082884264545, 0.7083419936779157, 1.0, 0.005593264427705236, 0.026374304362891107, 0.0]",5.863813499176224,6.19998144709552,4.903999962669159,posterior,0.680179838276692,32,6.249245878999318,40,0.7613343587321086,1,2,20.02944603099968,32,0.02812188642660889,0.08793031144465026,False
0.08792362888899106,2.0825915937275687,1.0620555745193108,32,40,32,8,32,1.3788938471305732,32.239858441999786,1792,56,1.0,"[0.7688041463880582, 0.017348510369866604, 0.4796061796812434, 0.576877347964627, 0.422778389637779, 0.5962247624302025, 0.9666303072506396, 0.3852320357680831, 0.1038299777485738, 0.17995070065926114]",5.857830439102248,6.1920209953073355,4.898675466185661,decision,0.9999240016832717,32,12.210412411000107,40,0.7613927262141467,1,2,20.02944603099968,32,6.682555659196841e-06,0.08793031144465026,False
0.08599029085923576,2.0866041009533856,0.992742414392983,32,40,32,8,32,1.5828315050166126,26.335052851,1792,56,0.0,"[0.8979080220769039, 0.0, 0.4941857142612967, 0.5267281357178315, 0.2812280195834587, 0.9470278807225714, 1.0, 0.003049361173343844, 0.04090621397547084, 0.0]",5.856295969921453,6.164254328844206,4.883585258815758,posterior,0.9779368393726697,32,6.011366226000064,40,0.7597726574171083,2,2,20.323686624999937,32,0.0019400205854144894,0.08793031144465026,False
0.08792585605884418,2.0837188120801016,0.989882949014827,32,40,32,8,32,1.4148292580301203,32.54159563399935,1792,56,1.0,"[0.7570621074958811, 0.015623101655315792, 0.47852618461564456, 0.566239527521992, 0.5036097557196221, 0.5925801136071978, 0.9636123528998047, 0.40360917312033695, 0.10089829917219764, 0.1803658710974864]",5.849711697008148,6.15641008931282,4.877745947409485,decision,0.9999493304898746,32,12.217909008999413,40,0.7598601253538232,2,2,20.323686624999937,32,4.4553858060760095e-06,0.08793031144465026,False
0.0705357017417507,2.4151763001572366,1.1083279026838226,64,40,64,16,32,1.3269193506797785,30.09562410700073,3072,96,0.0,"[0.990353845369593, 0.0, 0.4766861852040455, 0.6533755160191751, 0.04801206597637906, 0.5331999127153274, 1.0, 0.20626172337768145, 0.0, 0.0]",5.817823116340648,6.178044046024943,4.8759240736092835,posterior,0.8021773218232146,32,9.664099179000004,80,0.7760115471462588,0,2,20.431524928000727,64,0.01739460970289957,0.08793031144465026,False
0.08788869276508698,2.3978857060187795,1.0990572303050343,64,40,64,16,32,1.4158274149400225,43.02717556100106,3072,96,1.0,"[0.8119757816154911, 0.007830864381374812, 0.43074842349755627, 0.5694897577681222, 0.5028834817300436, 0.5183551965897062, 0.8882349574464123, 0.4874037255746063, 0.04108779557305285, 0.19253042586509259]",5.805402987994999,6.163118278245624,4.864133836457006,decision,0.9995266856345725,32,22.595650633000332,80,0.7761781211693186,0,2,20.431524928000727,64,4.161867956328007e-05,0.08793031144465026,False
0.06901525394852359,2.4126200388553483,1.1149468156572897,64,40,64,16,32,1.3291449571103862,29.720294494999507,3072,96,0.0,"[0.9919135514567813, 0.0, 0.4730143508152567, 0.6516627544331716, 0.048178496346217514, 0.5318499914458621, 1.0, 0.21179661240608086, 0.0, 0.0]",5.821565474747368,6.179552479649569,4.8802417429293525,posterior,0.7848858125785989,32,9.690848463999828,80,0.7765969833897473,1,2,20.02944603099968,64,0.018915057496126673,0.08793031144465026,False
0.08789361598472391,2.3947881988185706,1.1050797786233,64,40,64,16,32,1.413055365710936,42.49284365099993,3072,96,1.0,"[0.8115184010383006, 0.011942977231701084, 0.429867721343281, 0.5697694355339868, 0.49947907867782215, 0.5169925917462591, 0.885089419821103, 0.48460217093895896, 0.04351301053835076, 0.19292560215887633]",5.808943578664494,6.164533529667225,4.868170818656255,decision,0.9995826756516216,32,22.46339762000025,80,0.7767855928097325,1,2,20.02944603099968,64,3.669545992634995e-05,0.08793031144465026,False
0.08791875174845487,2.4680449108031692,1.0574676750024745,64,40,64,16,32,1.3393671780499032,30.606357339999704,3072,96,0.0,"[0.7249290809685229, 0.0, 0.5727279779799915, 0.6024617054710389, 0.10177615997415854, 0.5615235867688742, 0.9993328266728041, 0.2167715533896815, 0.0, 0.0163740321249913]",5.828397659141872,6.162222805497939,4.874211662313992,posterior,0.9998685357073634,32,10.282670714999767,80,0.7759460598371489,2,2,20.323686624999937,64,1.1559696195386777e-05,0.08793031144465026,False
0.08789827159438666,2.4341880015828363,1.0475633975765883,64,40,64,16,32,1.4600918765504214,42.91328202300065,3072,96,1.0,"[0.8084707608792654, 0.009947825449237703, 0.4288447951652842, 0.5578101233301229, 0.5662031744685837, 0.5253043224267688, 0.881491383879299, 0.5090090296216264, 0.05451426902872752, 0.18324733963682183]",5.814059681425135,6.147060889627421,4.8607604246554255,decision,0.9996356222360959,32,22.58959539800071,80,0.7761763224736128,2,2,20.323686624999937,64,3.2039850263587025e-05,0.08793031144465026,False
