method,seed,bo_iteration,selected_action_index,selected_action_x,observed_scalar_outcome,incumbent_before_observation,incumbent,noise_free_best_value_observed,simple_regret,t_0_10_status,t_0_10,active_factor_indices,M_t,N,cumulative_factor_use_through_iteration,cumulative_final_active_factor_use,raw_factor_likelihood_evaluation_count,decision_factor_likelihood_evaluation_count,heldout_factor_likelihood_evaluation_count,inference_sample_count,inference_ess,inference_ess_fraction,inference_wall_time_seconds,heldout_full_target_sample_count,heldout_full_target_ess,heldout_full_target_ess_fraction,heldout_full_target_wall_time_seconds,selected_action_acquisition_estimate,structural_bound_at_worst_challenger,empirical_inference_allowance,adaptive_heldout_full_target_acquisition_regret,numerical_accuracy_reliable,config_sha256,starting_git_commit,preference_bank_sha256,scalar_noise_sha256,screened_factor_source,scalar_observation_count
standard,0,1,1,0.0625,0.06065523856522073,0.2497805845436931,0.2497805845436931,0.258984272217597,0.7292511583956854,not_reached,7,[],0,8,0,0,0,0,0,0,,,0.0,,,,,0.05207245762422279,,,,True,4eafe727b67864632d25d30b526cbdb5c0a83989bf31e7b0cf41f7129c8a89da,5f7f7cfa66f4d6ec33ebf5a5feb3d8f77ba2110a,9249a09a439ecf08c6fce04cb547485cd7acdee5abaffdcdfc288d690569f019,0a4c42f5c33a8e7818680b2539b41399f32a747d686f70041a5ea2aacc63f769,historical_preference_bank_only,4
standard,0,2,3,0.1875,0.5246475482787409,0.2497805845436931,0.5246475482787409,0.5220877718429023,0.4661476587703801,not_reached,7,[],0,8,0,0,0,0,0,0,,,0.0,,,,,0.0520712609271517,,,,True,4eafe727b67864632d25d30b526cbdb5c0a83989bf31e7b0cf41f7129c8a89da,5f7f7cfa66f4d6ec33ebf5a5feb3d8f77ba2110a,9249a09a439ecf08c6fce04cb547485cd7acdee5abaffdcdfc288d690569f019,0a4c42f5c33a8e7818680b2539b41399f32a747d686f70041a5ea2aacc63f769,historical_preference_bank_only,5
standard,0,3,4,0.25,0.5002980364555247,0.5246475482787409,0.5246475482787409,0.5220877718429023,0.4661476587703801,not_reached,7,[],0,8,0,0,0,0,0,0,,,0.0,,,,,0.015779404783736517,,,,True,4eafe727b67864632d25d30b526cbdb5c0a83989bf31e7b0cf41f7129c8a89da,5f7f7cfa66f4d6ec33ebf5a5feb3d8f77ba2110a,9249a09a439ecf08c6fce04cb547485cd7acdee5abaffdcdfc288d690569f019,0a4c42f5c33a8e7818680b2539b41399f32a747d686f70041a5ea2aacc63f769,historical_preference_bank_only,6
standard,0,4,5,0.3125,0.18906972650135637,0.5246475482787409,0.5246475482787409,0.5220877718429023,0.4661476587703801,not_reached,7,[],0,8,0,0,0,0,0,0,,,0.0,,,,,0.015020663590336915,,,,True,4eafe727b67864632d25d30b526cbdb5c0a83989bf31e7b0cf41f7129c8a89da,5f7f7cfa66f4d6ec33ebf5a5feb3d8f77ba2110a,9249a09a439ecf08c6fce04cb547485cd7acdee5abaffdcdfc288d690569f019,0a4c42f5c33a8e7818680b2539b41399f32a747d686f70041a5ea2aacc63f769,historical_preference_bank_only,7
standard,0,5,6,0.375,-0.010684780871453123,0.5246475482787409,0.5246475482787409,0.5220877718429023,0.4661476587703801,not_reached,7,[],0,8,0,0,0,0,0,0,,,0.0,,,,,0.00772509472963831,,,,True,4eafe727b67864632d25d30b526cbdb5c0a83989bf31e7b0cf41f7129c8a89da,5f7f7cfa66f4d6ec33ebf5a5feb3d8f77ba2110a,9249a09a439ecf08c6fce04cb547485cd7acdee5abaffdcdfc288d690569f019,0a4c42f5c33a8e7818680b2539b41399f32a747d686f70041a5ea2aacc63f769,historical_preference_bank_only,8
standard,0,6,15,0.9375,0.003044720181691608,0.5246475482787409,0.5246475482787409,0.5220877718429023,0.4661476587703801,not_reached,7,[],0,8,0,0,0,0,0,0,,,0.0,,,,,0.0074271378489185365,,,,True,4eafe727b67864632d25d30b526cbdb5c0a83989bf31e7b0cf41f7129c8a89da,5f7f7cfa66f4d6ec33ebf5a5feb3d8f77ba2110a,9249a09a439ecf08c6fce04cb547485cd7acdee5abaffdcdfc288d690569f019,0a4c42f5c33a8e7818680b2539b41399f32a747d686f70041a5ea2aacc63f769,historical_preference_bank_only,9
full,0,1,3,0.1875,0.5246475482787409,0.2497805845436931,0.5246475482787409,0.5220877718429023,0.4661476587703801,not_reached,5,"[0, 1, 2, 3, 4, 5, 6, 7]",8,8,8,48,524344,524344,0,65536,65489.54137874895,0.9992910976981957,0.045522459084168077,,,,,0.06514806281114961,0.0,,0.0,True,4eafe727b67864632d25d30b526cbdb5c0a83989bf31e7b0cf41f7129c8a89da,5f7f7cfa66f4d6ec33ebf5a5feb3d8f77ba2110a,9249a09a439ecf08c6fce04cb547485cd7acdee5abaffdcdfc288d690569f019,0a4c42f5c33a8e7818680b2539b41399f32a747d686f70041a5ea2aacc63f769,historical_preference_bank_only,4
full,0,2,15,0.9375,0.003044720181691608,0.5246475482787409,0.5246475482787409,0.5220877718429023,0.4661476587703801,not_reached,5,"[0, 1, 2, 3, 4, 5, 6, 7]",8,8,16,48,524344,524344,0,65536,65494.57584470391,0.9993679175522447,0.04099591705016792,,,,,0.010019477656748044,0.0,,0.0,True,4eafe727b67864632d25d30b526cbdb5c0a83989bf31e7b0cf41f7129c8a89da,5f7f7cfa66f4d6ec33ebf5a5feb3d8f77ba2110a,9249a09a439ecf08c6fce04cb547485cd7acdee5abaffdcdfc288d690569f019,0a4c42f5c33a8e7818680b2539b41399f32a747d686f70041a5ea2aacc63f769,historical_preference_bank_only,5
full,0,3,10,0.625,0.15660596729376428,0.5246475482787409,0.5246475482787409,0.5220877718429023,0.4661476587703801,not_reached,5,"[0, 1, 2, 3, 4, 5, 6, 7]",8,8,24,48,524344,524344,0,65536,65500.76021172628,0.9994622835041241,0.04015116696245968,,,,,0.009675311777584312,0.0,,0.0,True,4eafe727b67864632d25d30b526cbdb5c0a83989bf31e7b0cf41f7129c8a89da,5f7f7cfa66f4d6ec33ebf5a5feb3d8f77ba2110a,9249a09a439ecf08c6fce04cb547485cd7acdee5abaffdcdfc288d690569f019,0a4c42f5c33a8e7818680b2539b41399f32a747d686f70041a5ea2aacc63f769,historical_preference_bank_only,6
full,0,4,5,0.3125,0.18906972650135637,0.5246475482787409,0.5246475482787409,0.5220877718429023,0.4661476587703801,not_reached,5,"[0, 1, 2, 3, 4, 5, 6, 7]",8,8,32,48,524344,524344,0,65536,65507.45346155319,0.9995644143913756,0.03824820788577199,,,,,0.009641877882054397,0.0,,0.0,True,4eafe727b67864632d25d30b526cbdb5c0a83989bf31e7b0cf41f7129c8a89da,5f7f7cfa66f4d6ec33ebf5a5feb3d8f77ba2110a,9249a09a439ecf08c6fce04cb547485cd7acdee5abaffdcdfc288d690569f019,0a4c42f5c33a8e7818680b2539b41399f32a747d686f70041a5ea2aacc63f769,historical_preference_bank_only,7
full,0,5,12,0.75,0.9953544694200632,0.5246475482787409,0.9953544694200632,0.9882354306132825,0.0,reached,5,"[0, 1, 2, 3, 4, 5, 6, 7]",8,8,40,48,524344,524344,0,65536,65513.93223074245,0.9996632725638191,0.039386583026498556,,,,,0.009878266583699592,0.0,,0.0,True,4eafe727b67864632d25d30b526cbdb5c0a83989bf31e7b0cf41f7129c8a89da,5f7f7cfa66f4d6ec33ebf5a5feb3d8f77ba2110a,9249a09a439ecf08c6fce04cb547485cd7acdee5abaffdcdfc288d690569f019,0a4c42f5c33a8e7818680b2539b41399f32a747d686f70041a5ea2aacc63f769,historical_preference_bank_only,8
full,0,6,13,0.8125,0.7059402861962635,0.9953544694200632,0.9953544694200632,0.9882354306132825,0.0,reached,5,"[0, 1, 2, 3, 4, 5, 6, 7]",8,8,48,48,524344,524344,0,65536,65517.35230315949,0.9997154587274092,0.038944165920838714,,,,,0.00040276222816125495,0.0,,0.0,True,4eafe727b67864632d25d30b526cbdb5c0a83989bf31e7b0cf41f7129c8a89da,5f7f7cfa66f4d6ec33ebf5a5feb3d8f77ba2110a,9249a09a439ecf08c6fce04cb547485cd7acdee5abaffdcdfc288d690569f019,0a4c42f5c33a8e7818680b2539b41399f32a747d686f70041a5ea2aacc63f769,historical_preference_bank_only,9
adaptive,0,1,3,0.1875,0.5246475482787409,0.2497805845436931,0.5246475482787409,0.5220877718429023,0.4661476587703801,not_reached,6,"[0, 1, 3, 4, 5, 6, 7]",7,8,7,42,983250,458906,524344,16384,16373.278487060838,0.9993456107825218,0.13738349988125265,65536,65489.86574044627,0.999296047064915,0.04495016601867974,0.06649708696742507,0.0,0.0,0.0,True,4eafe727b67864632d25d30b526cbdb5c0a83989bf31e7b0cf41f7129c8a89da,5f7f7cfa66f4d6ec33ebf5a5feb3d8f77ba2110a,9249a09a439ecf08c6fce04cb547485cd7acdee5abaffdcdfc288d690569f019,0a4c42f5c33a8e7818680b2539b41399f32a747d686f70041a5ea2aacc63f769,historical_preference_bank_only,4
adaptive,0,2,0,0.0,0.002098736133679174,0.5246475482787409,0.5246475482787409,0.5220877718429023,0.4661476587703801,not_reached,6,"[0, 1, 3, 4, 5, 6, 7]",7,8,14,42,983252,458908,524344,16384,16373.150756947687,0.9993378147551079,0.1679289573803544,65536,65494.21219676951,0.9993623687251207,0.04723874991759658,0.010518383634344824,2.0904185861954237e-05,0.0011263291520166596,9.25303677724431e-05,True,4eafe727b67864632d25d30b526cbdb5c0a83989bf31e7b0cf41f7129c8a89da,5f7f7cfa66f4d6ec33ebf5a5feb3d8f77ba2110a,9249a09a439ecf08c6fce04cb547485cd7acdee5abaffdcdfc288d690569f019,0a4c42f5c33a8e7818680b2539b41399f32a747d686f70041a5ea2aacc63f769,historical_preference_bank_only,5
adaptive,0,3,10,0.625,0.15660596729376428,0.5246475482787409,0.5246475482787409,0.5220877718429023,0.4661476587703801,not_reached,6,"[0, 1, 3, 4, 5, 6, 7]",7,8,21,42,983252,458908,524344,16384,16375.187020292627,0.9994620984065324,0.14000354218296707,65536,65502.42068201305,0.9994876202699745,0.040179249830543995,0.0096835855672326,6.903826028672369e-05,0.0010465763334218724,0.0,True,4eafe727b67864632d25d30b526cbdb5c0a83989bf31e7b0cf41f7129c8a89da,5f7f7cfa66f4d6ec33ebf5a5feb3d8f77ba2110a,9249a09a439ecf08c6fce04cb547485cd7acdee5abaffdcdfc288d690569f019,0a4c42f5c33a8e7818680b2539b41399f32a747d686f70041a5ea2aacc63f769,historical_preference_bank_only,6
adaptive,0,4,15,0.9375,0.003044720181691608,0.5246475482787409,0.5246475482787409,0.5220877718429023,0.4661476587703801,not_reached,6,"[0, 1, 3, 4, 5, 6, 7]",7,8,28,42,983250,458906,524344,16384,16377.213820739918,0.9995858044885204,0.12851520883850753,65536,65509.004628377326,0.9995880833187458,0.03940124996006489,0.009610645862734163,8.678978742122386e-05,0.0010294690355801856,0.0,True,4eafe727b67864632d25d30b526cbdb5c0a83989bf31e7b0cf41f7129c8a89da,5f7f7cfa66f4d6ec33ebf5a5feb3d8f77ba2110a,9249a09a439ecf08c6fce04cb547485cd7acdee5abaffdcdfc288d690569f019,0a4c42f5c33a8e7818680b2539b41399f32a747d686f70041a5ea2aacc63f769,historical_preference_bank_only,7
adaptive,0,5,5,0.3125,0.18906972650135637,0.5246475482787409,0.5246475482787409,0.5220877718429023,0.4661476587703801,not_reached,6,"[0, 1, 3, 4, 5, 6, 7]",7,8,35,42,983250,458906,524344,16384,16378.75081293206,0.9996796150471228,0.12436612392775714,65536,65513.75687790435,0.999660596891851,0.038905165856704116,0.009381373647721049,2.4862014803777555e-05,0.0012062962657083294,0.0,True,4eafe727b67864632d25d30b526cbdb5c0a83989bf31e7b0cf41f7129c8a89da,5f7f7cfa66f4d6ec33ebf5a5feb3d8f77ba2110a,9249a09a439ecf08c6fce04cb547485cd7acdee5abaffdcdfc288d690569f019,0a4c42f5c33a8e7818680b2539b41399f32a747d686f70041a5ea2aacc63f769,historical_preference_bank_only,8
adaptive,0,6,12,0.75,0.9953544694200632,0.5246475482787409,0.9953544694200632,0.9882354306132825,0.0,reached,6,"[0, 1, 3, 4, 5, 6, 7]",7,8,42,42,983250,458906,524344,16384,16380.10378154868,0.9997621936980395,0.1240530819632113,65536,65520.253801947314,0.9997597320853777,0.039665790973231196,0.009361983113806349,2.733310171503414e-05,0.001845509038565521,0.00021906121642699915,True,4eafe727b67864632d25d30b526cbdb5c0a83989bf31e7b0cf41f7129c8a89da,5f7f7cfa66f4d6ec33ebf5a5feb3d8f77ba2110a,9249a09a439ecf08c6fce04cb547485cd7acdee5abaffdcdfc288d690569f019,0a4c42f5c33a8e7818680b2539b41399f32a747d686f70041a5ea2aacc63f769,historical_preference_bank_only,9
standard,1,1,1,0.0625,0.08429369470254913,0.2558262790720216,0.2558262790720216,0.258984272217597,0.7292511583956854,not_reached,7,[],0,8,0,0,0,0,0,0,,,0.0,,,,,0.05088257564993116,,,,True,4eafe727b67864632d25d30b526cbdb5c0a83989bf31e7b0cf41f7129c8a89da,5f7f7cfa66f4d6ec33ebf5a5feb3d8f77ba2110a,b2690863797b18ac3184a86a1e0d2e018f9eee0ea21c513336015f95dd166e40,6314cf07d75088169d437aa1a128d20d0f90c118eee523f4db454709ee2129c6,historical_preference_bank_only,4
standard,1,2,3,0.1875,0.5159708189063935,0.2558262790720216,0.5159708189063935,0.5220877718429023,0.4661476587703801,not_reached,7,[],0,8,0,0,0,0,0,0,,,0.0,,,,,0.05088169531284139,,,,True,4eafe727b67864632d25d30b526cbdb5c0a83989bf31e7b0cf41f7129c8a89da,5f7f7cfa66f4d6ec33ebf5a5feb3d8f77ba2110a,b2690863797b18ac3184a86a1e0d2e018f9eee0ea21c513336015f95dd166e40,6314cf07d75088169d437aa1a128d20d0f90c118eee523f4db454709ee2129c6,historical_preference_bank_only,5
standard,1,3,4,0.25,0.5088409045192842,0.5159708189063935,0.5159708189063935,0.5220877718429023,0.4661476587703801,not_reached,7,[],0,8,0,0,0,0,0,0,,,0.0,,,,,0.016461291546281613,,,,True,4eafe727b67864632d25d30b526cbdb5c0a83989bf31e7b0cf41f7129c8a89da,5f7f7cfa66f4d6ec33ebf5a5feb3d8f77ba2110a,b2690863797b18ac3184a86a1e0d2e018f9eee0ea21c513336015f95dd166e40,6314cf07d75088169d437aa1a128d20d0f90c118eee523f4db454709ee2129c6,historical_preference_bank_only,6
standard,1,4,5,0.3125,0.20661293096808891,0.5159708189063935,0.5159708189063935,0.5220877718429023,0.4661476587703801,not_reached,7,[],0,8,0,0,0,0,0,0,,,0.0,,,,,0.016212452329834308,,,,True,4eafe727b67864632d25d30b526cbdb5c0a83989bf31e7b0cf41f7129c8a89da,5f7f7cfa66f4d6ec33ebf5a5feb3d8f77ba2110a,b2690863797b18ac3184a86a1e0d2e018f9eee0ea21c513336015f95dd166e40,6314cf07d75088169d437aa1a128d20d0f90c118eee523f4db454709ee2129c6,historical_preference_bank_only,7
standard,1,5,6,0.375,-0.011895335081644406,0.5159708189063935,0.5159708189063935,0.5220877718429023,0.4661476587703801,not_reached,7,[],0,8,0,0,0,0,0,0,,,0.0,,,,,0.008573117001419793,,,,True,4eafe727b67864632d25d30b526cbdb5c0a83989bf31e7b0cf41f7129c8a89da,5f7f7cfa66f4d6ec33ebf5a5feb3d8f77ba2110a,b2690863797b18ac3184a86a1e0d2e018f9eee0ea21c513336015f95dd166e40,6314cf07d75088169d437aa1a128d20d0f90c118eee523f4db454709ee2129c6,historical_preference_bank_only,8
standard,1,6,15,0.9375,0.0064420507900116945,0.5159708189063935,0.5159708189063935,0.5220877718429023,0.4661476587703801,not_reached,7,[],0,8,0,0,0,0,0,0,,,0.0,,,,,0.007897218156828024,,,,True,4eafe727b67864632d25d30b526cbdb5c0a83989bf31e7b0cf41f7129c8a89da,5f7f7cfa66f4d6ec33ebf5a5feb3d8f77ba2110a,b2690863797b18ac3184a86a1e0d2e018f9eee0ea21c513336015f95dd166e40,6314cf07d75088169d437aa1a128d20d0f90c118eee523f4db454709ee2129c6,historical_preference_bank_only,9
full,1,1,15,0.9375,0.0064420507900116945,0.2558262790720216,0.2558262790720216,0.258984272217597,0.7292511583956854,not_reached,6,"[0, 1, 2, 3, 4, 5, 6, 7]",8,8,8,48,524344,524344,0,65536,65485.19546714912,0.9992247843498095,0.04505799990147352,,,,,0.06636689661371788,0.0,,0.0,True,4eafe727b67864632d25d30b526cbdb5c0a83989bf31e7b0cf41f7129c8a89da,5f7f7cfa66f4d6ec33ebf5a5feb3d8f77ba2110a,b2690863797b18ac3184a86a1e0d2e018f9eee0ea21c513336015f95dd166e40,6314cf07d75088169d437aa1a128d20d0f90c118eee523f4db454709ee2129c6,historical_preference_bank_only,4
full,1,2,5,0.3125,0.20661293096808891,0.2558262790720216,0.2558262790720216,0.258984272217597,0.7292511583956854,not_reached,6,"[0, 1, 2, 3, 4, 5, 6, 7]",8,8,16,48,524344,524344,0,65536,65492.098213029036,0.9993301118931432,0.04270679200999439,,,,,0.0617165499241721,0.0,,0.0,True,4eafe727b67864632d25d30b526cbdb5c0a83989bf31e7b0cf41f7129c8a89da,5f7f7cfa66f4d6ec33ebf5a5feb3d8f77ba2110a,b2690863797b18ac3184a86a1e0d2e018f9eee0ea21c513336015f95dd166e40,6314cf07d75088169d437aa1a128d20d0f90c118eee523f4db454709ee2129c6,historical_preference_bank_only,5
full,1,3,4,0.25,0.5088409045192842,0.2558262790720216,0.5088409045192842,0.5017397422557428,0.48649568835753965,not_reached,6,"[0, 1, 2, 3, 4, 5, 6, 7]",8,8,24,48,524344,524344,0,65536,65501.42167622811,0.9994723766514299,0.04029895877465606,,,,,0.06243031224721356,0.0,,0.0,True,4eafe727b67864632d25d30b526cbdb5c0a83989bf31e7b0cf41f7129c8a89da,5f7f7cfa66f4d6ec33ebf5a5feb3d8f77ba2110a,b2690863797b18ac3184a86a1e0d2e018f9eee0ea21c513336015f95dd166e40,6314cf07d75088169d437aa1a128d20d0f90c118eee523f4db454709ee2129c6,historical_preference_bank_only,6
full,1,4,3,0.1875,0.5159708189063935,0.5088409045192842,0.5159708189063935,0.5220877718429023,0.4661476587703801,not_reached,6,"[0, 1, 2, 3, 4, 5, 6, 7]",8,8,32,48,524344,524344,0,65536,65506.209667558745,0.9995454356011771,0.03980754199437797,,,,,0.012126214742689745,0.0,,0.0,True,4eafe727b67864632d25d30b526cbdb5c0a83989bf31e7b0cf41f7129c8a89da,5f7f7cfa66f4d6ec33ebf5a5feb3d8f77ba2110a,b2690863797b18ac3184a86a1e0d2e018f9eee0ea21c513336015f95dd166e40,6314cf07d75088169d437aa1a128d20d0f90c118eee523f4db454709ee2129c6,historical_preference_bank_only,7
full,1,5,13,0.8125,0.6884586551441864,0.5159708189063935,0.6884586551441864,0.69338852619193,0.2948469044213524,not_reached,6,"[0, 1, 2, 3, 4, 5, 6, 7]",8,8,40,48,524344,524344,0,65536,65509.05625603865,0.9995888710943398,0.040534624829888344,,,,,0.012673018742106332,0.0,,0.0,True,4eafe727b67864632d25d30b526cbdb5c0a83989bf31e7b0cf41f7129c8a89da,5f7f7cfa66f4d6ec33ebf5a5feb3d8f77ba2110a,b2690863797b18ac3184a86a1e0d2e018f9eee0ea21c513336015f95dd166e40,6314cf07d75088169d437aa1a128d20d0f90c118eee523f4db454709ee2129c6,historical_preference_bank_only,8
full,1,6,12,0.75,0.9933240422968641,0.6884586551441864,0.9933240422968641,0.9882354306132825,0.0,reached,6,"[0, 1, 2, 3, 4, 5, 6, 7]",8,8,48,48,524344,524344,0,65536,65513.06384051861,0.9996500219805696,0.03882716689258814,,,,,0.0031181636953212274,0.0,,0.0,True,4eafe727b67864632d25d30b526cbdb5c0a83989bf31e7b0cf41f7129c8a89da,5f7f7cfa66f4d6ec33ebf5a5feb3d8f77ba2110a,b2690863797b18ac3184a86a1e0d2e018f9eee0ea21c513336015f95dd166e40,6314cf07d75088169d437aa1a128d20d0f90c118eee523f4db454709ee2129c6,historical_preference_bank_only,9
adaptive,1,1,15,0.9375,0.0064420507900116945,0.2558262790720216,0.2558262790720216,0.258984272217597,0.7292511583956854,not_reached,6,"[0, 1, 3, 4, 5, 6, 7]",7,8,7,41,983290,458946,524344,16384,16370.779290952594,0.9991930719575558,0.129882542649284,65536,65483.29670842899,0.9991958115910186,0.040079624857753515,0.06650234205076623,0.0,0.0,0.0,True,4eafe727b67864632d25d30b526cbdb5c0a83989bf31e7b0cf41f7129c8a89da,5f7f7cfa66f4d6ec33ebf5a5feb3d8f77ba2110a,b2690863797b18ac3184a86a1e0d2e018f9eee0ea21c513336015f95dd166e40,6314cf07d75088169d437aa1a128d20d0f90c118eee523f4db454709ee2129c6,historical_preference_bank_only,4
adaptive,1,2,5,0.3125,0.20661293096808891,0.2558262790720216,0.2558262790720216,0.258984272217597,0.7292511583956854,not_reached,6,"[0, 1, 3, 4, 5, 6, 7]",7,8,14,41,983290,458946,524344,16384,16372.572430191301,0.9993025164911683,0.12894108286127448,65536,65491.208290754774,0.9993165327568783,0.03999754087999463,0.06425919461498153,0.0,0.0,0.0,True,4eafe727b67864632d25d30b526cbdb5c0a83989bf31e7b0cf41f7129c8a89da,5f7f7cfa66f4d6ec33ebf5a5feb3d8f77ba2110a,b2690863797b18ac3184a86a1e0d2e018f9eee0ea21c513336015f95dd166e40,6314cf07d75088169d437aa1a128d20d0f90c118eee523f4db454709ee2129c6,historical_preference_bank_only,5
adaptive,1,3,4,0.25,0.5088409045192842,0.2558262790720216,0.5088409045192842,0.5017397422557428,0.48649568835753965,not_reached,6,"[0, 1, 3, 4, 5, 6, 7]",7,8,21,41,983290,458946,524344,16384,16374.835822881074,0.9994406630176437,0.12913491833023727,65536,65502.262913748775,0.9994852129173092,0.040124000050127506,0.06237153098678843,2.0903316012624417e-05,0.00667122420636581,0.0,True,4eafe727b67864632d25d30b526cbdb5c0a83989bf31e7b0cf41f7129c8a89da,5f7f7cfa66f4d6ec33ebf5a5feb3d8f77ba2110a,b2690863797b18ac3184a86a1e0d2e018f9eee0ea21c513336015f95dd166e40,6314cf07d75088169d437aa1a128d20d0f90c118eee523f4db454709ee2129c6,historical_preference_bank_only,6
adaptive,1,4,3,0.1875,0.5159708189063935,0.5088409045192842,0.5159708189063935,0.5220877718429023,0.4661476587703801,not_reached,6,"[0, 1, 3, 4, 5, 6, 7]",7,8,28,41,983290,458946,524344,16384,16376.743609209634,0.999557105054299,0.12595466617494822,65536,65506.21815531644,0.9995455651140814,0.03918554214760661,0.013055247257756324,6.903802997579077e-05,0.0022846560237021855,9.163175842765228e-06,True,4eafe727b67864632d25d30b526cbdb5c0a83989bf31e7b0cf41f7129c8a89da,5f7f7cfa66f4d6ec33ebf5a5feb3d8f77ba2110a,b2690863797b18ac3184a86a1e0d2e018f9eee0ea21c513336015f95dd166e40,6314cf07d75088169d437aa1a128d20d0f90c118eee523f4db454709ee2129c6,historical_preference_bank_only,7
adaptive,1,5,13,0.8125,0.6884586551441864,0.5159708189063935,0.6884586551441864,0.69338852619193,0.2948469044213524,not_reached,6,"[0, 1, 3, 4, 5, 6, 7]",7,8,35,41,983290,458946,524344,16384,16377.870070602261,0.9996258588014075,0.12592912348918617,65536,65507.68230989055,0.9995679063398827,0.03879950009286404,0.012771476434800135,6.903802997579077e-05,0.0023142432732242736,0.0,True,4eafe727b67864632d25d30b526cbdb5c0a83989bf31e7b0cf41f7129c8a89da,5f7f7cfa66f4d6ec33ebf5a5feb3d8f77ba2110a,b2690863797b18ac3184a86a1e0d2e018f9eee0ea21c513336015f95dd166e40,6314cf07d75088169d437aa1a128d20d0f90c118eee523f4db454709ee2129c6,historical_preference_bank_only,8
adaptive,1,6,12,0.75,0.9933240422968641,0.6884586551441864,0.9933240422968641,0.9882354306132825,0.0,reached,6,"[0, 1, 4, 5, 6, 7]",6,8,41,41,868535,344191,524344,16384,16378.00298588249,0.9996339713063043,0.11575350211933255,65536,65513.57268866355,0.9996577863870781,0.039920083014294505,0.002982604738249393,7.297622624296063e-05,0.001541191676584265,0.0,True,4eafe727b67864632d25d30b526cbdb5c0a83989bf31e7b0cf41f7129c8a89da,5f7f7cfa66f4d6ec33ebf5a5feb3d8f77ba2110a,b2690863797b18ac3184a86a1e0d2e018f9eee0ea21c513336015f95dd166e40,6314cf07d75088169d437aa1a128d20d0f90c118eee523f4db454709ee2129c6,historical_preference_bank_only,9
standard,2,1,1,0.0625,0.0809465418652847,0.2412559451178716,0.2412559451178716,0.258984272217597,0.7292511583956854,not_reached,7,[],0,8,0,0,0,0,0,0,,,0.0,,,,,0.05378531048573165,,,,True,4eafe727b67864632d25d30b526cbdb5c0a83989bf31e7b0cf41f7129c8a89da,5f7f7cfa66f4d6ec33ebf5a5feb3d8f77ba2110a,09fad27b0fc96f07a4be65975cc685fe6fbe3552ca86ca355418e54ef4673920,bbac455606db9b9c451cb8d931439b4c38bc529e8a199fbe2915fa841dba5401,historical_preference_bank_only,4
standard,2,2,3,0.1875,0.5039232162018262,0.2412559451178716,0.5039232162018262,0.5220877718429023,0.4661476587703801,not_reached,7,[],0,8,0,0,0,0,0,0,,,0.0,,,,,0.05378402636609069,,,,True,4eafe727b67864632d25d30b526cbdb5c0a83989bf31e7b0cf41f7129c8a89da,5f7f7cfa66f4d6ec33ebf5a5feb3d8f77ba2110a,09fad27b0fc96f07a4be65975cc685fe6fbe3552ca86ca355418e54ef4673920,bbac455606db9b9c451cb8d931439b4c38bc529e8a199fbe2915fa841dba5401,historical_preference_bank_only,5
standard,2,3,4,0.25,0.4844756929429248,0.5039232162018262,0.5039232162018262,0.5220877718429023,0.4661476587703801,not_reached,7,[],0,8,0,0,0,0,0,0,,,0.0,,,,,0.017447874982035247,,,,True,4eafe727b67864632d25d30b526cbdb5c0a83989bf31e7b0cf41f7129c8a89da,5f7f7cfa66f4d6ec33ebf5a5feb3d8f77ba2110a,09fad27b0fc96f07a4be65975cc685fe6fbe3552ca86ca355418e54ef4673920,bbac455606db9b9c451cb8d931439b4c38bc529e8a199fbe2915fa841dba5401,historical_preference_bank_only,6
standard,2,4,5,0.3125,0.21168718677081638,0.5039232162018262,0.5039232162018262,0.5220877718429023,0.4661476587703801,not_reached,7,[],0,8,0,0,0,0,0,0,,,0.0,,,,,0.016780591863131286,,,,True,4eafe727b67864632d25d30b526cbdb5c0a83989bf31e7b0cf41f7129c8a89da,5f7f7cfa66f4d6ec33ebf5a5feb3d8f77ba2110a,09fad27b0fc96f07a4be65975cc685fe6fbe3552ca86ca355418e54ef4673920,bbac455606db9b9c451cb8d931439b4c38bc529e8a199fbe2915fa841dba5401,historical_preference_bank_only,7
standard,2,5,6,0.375,-0.0007693388963831531,0.5039232162018262,0.5039232162018262,0.5220877718429023,0.4661476587703801,not_reached,7,[],0,8,0,0,0,0,0,0,,,0.0,,,,,0.009484916530667346,,,,True,4eafe727b67864632d25d30b526cbdb5c0a83989bf31e7b0cf41f7129c8a89da,5f7f7cfa66f4d6ec33ebf5a5feb3d8f77ba2110a,09fad27b0fc96f07a4be65975cc685fe6fbe3552ca86ca355418e54ef4673920,bbac455606db9b9c451cb8d931439b4c38bc529e8a199fbe2915fa841dba5401,historical_preference_bank_only,8
standard,2,6,15,0.9375,-0.0030388744007595146,0.5039232162018262,0.5039232162018262,0.5220877718429023,0.4661476587703801,not_reached,7,[],0,8,0,0,0,0,0,0,,,0.0,,,,,0.008714641845015112,,,,True,4eafe727b67864632d25d30b526cbdb5c0a83989bf31e7b0cf41f7129c8a89da,5f7f7cfa66f4d6ec33ebf5a5feb3d8f77ba2110a,09fad27b0fc96f07a4be65975cc685fe6fbe3552ca86ca355418e54ef4673920,bbac455606db9b9c451cb8d931439b4c38bc529e8a199fbe2915fa841dba5401,historical_preference_bank_only,9
full,2,1,13,0.8125,0.6813436947711698,0.2412559451178716,0.6813436947711698,0.69338852619193,0.2948469044213524,not_reached,2,"[0, 1, 2, 3, 4, 5, 6, 7]",8,8,8,48,1048632,1048632,0,131072,130964.28799651373,0.9991782226296518,0.0835145409218967,,,,,0.07388739593455859,0.0,,0.0,True,4eafe727b67864632d25d30b526cbdb5c0a83989bf31e7b0cf41f7129c8a89da,5f7f7cfa66f4d6ec33ebf5a5feb3d8f77ba2110a,09fad27b0fc96f07a4be65975cc685fe6fbe3552ca86ca355418e54ef4673920,bbac455606db9b9c451cb8d931439b4c38bc529e8a199fbe2915fa841dba5401,historical_preference_bank_only,4
full,2,2,12,0.75,0.9985076449491379,0.6813436947711698,0.9985076449491379,0.9882354306132825,0.0,reached,2,"[0, 1, 2, 3, 4, 5, 6, 7]",8,8,16,48,524344,524344,0,65536,65481.640451476655,0.9991705391155495,0.038808415876701474,,,,,0.011381210019432403,0.0,,0.0,True,4eafe727b67864632d25d30b526cbdb5c0a83989bf31e7b0cf41f7129c8a89da,5f7f7cfa66f4d6ec33ebf5a5feb3d8f77ba2110a,09fad27b0fc96f07a4be65975cc685fe6fbe3552ca86ca355418e54ef4673920,bbac455606db9b9c451cb8d931439b4c38bc529e8a199fbe2915fa841dba5401,historical_preference_bank_only,5
full,2,3,11,0.6875,0.5567171244799051,0.9985076449491379,0.9985076449491379,0.9882354306132825,0.0,reached,2,"[0, 1, 2, 3, 4, 5, 6, 7]",8,8,24,48,524344,524344,0,65536,65483.846235135854,0.9992041967031228,0.03827204112894833,,,,,0.0014671568584281958,0.0,,0.0,True,4eafe727b67864632d25d30b526cbdb5c0a83989bf31e7b0cf41f7129c8a89da,5f7f7cfa66f4d6ec33ebf5a5feb3d8f77ba2110a,09fad27b0fc96f07a4be65975cc685fe6fbe3552ca86ca355418e54ef4673920,bbac455606db9b9c451cb8d931439b4c38bc529e8a199fbe2915fa841dba5401,historical_preference_bank_only,6
full,2,4,10,0.625,0.17154903203339567,0.9985076449491379,0.9985076449491379,0.9882354306132825,0.0,reached,2,"[0, 1, 2, 3, 4, 5, 6, 7]",8,8,32,48,524344,524344,0,65536,65496.449802129246,0.99939651187331,0.038442624965682626,,,,,0.00031023189645734,0.0,,0.0,True,4eafe727b67864632d25d30b526cbdb5c0a83989bf31e7b0cf41f7129c8a89da,5f7f7cfa66f4d6ec33ebf5a5feb3d8f77ba2110a,09fad27b0fc96f07a4be65975cc685fe6fbe3552ca86ca355418e54ef4673920,bbac455606db9b9c451cb8d931439b4c38bc529e8a199fbe2915fa841dba5401,historical_preference_bank_only,7
full,2,5,0,0.0,0.007052953115615909,0.9985076449491379,0.9985076449491379,0.9882354306132825,0.0,reached,2,"[0, 1, 2, 3, 4, 5, 6, 7]",8,8,40,48,524344,524344,0,65536,65504.53424278966,0.9995198706480356,0.03769441694021225,,,,,0.00015123499490733014,0.0,,0.0,True,4eafe727b67864632d25d30b526cbdb5c0a83989bf31e7b0cf41f7129c8a89da,5f7f7cfa66f4d6ec33ebf5a5feb3d8f77ba2110a,09fad27b0fc96f07a4be65975cc685fe6fbe3552ca86ca355418e54ef4673920,bbac455606db9b9c451cb8d931439b4c38bc529e8a199fbe2915fa841dba5401,historical_preference_bank_only,8
full,2,6,15,0.9375,-0.0030388744007595146,0.9985076449491379,0.9985076449491379,0.9882354306132825,0.0,reached,2,"[0, 1, 2, 3, 4, 5, 6, 7]",8,8,48,48,524344,524344,0,65536,65511.43379138208,0.9996251494046338,0.03788008284755051,,,,,8.411850966513625e-05,0.0,,0.0,True,4eafe727b67864632d25d30b526cbdb5c0a83989bf31e7b0cf41f7129c8a89da,5f7f7cfa66f4d6ec33ebf5a5feb3d8f77ba2110a,09fad27b0fc96f07a4be65975cc685fe6fbe3552ca86ca355418e54ef4673920,bbac455606db9b9c451cb8d931439b4c38bc529e8a199fbe2915fa841dba5401,historical_preference_bank_only,9
adaptive,2,1,13,0.8125,0.6813436947711698,0.2412559451178716,0.6813436947711698,0.69338852619193,0.2948469044213524,not_reached,2,"[0, 1, 3, 4, 5, 6, 7]",7,8,7,42,983290,458946,524344,16384,16370.935213445682,0.9992025887112843,0.12534458097070456,65536,65480.919446167194,0.9991595374476195,0.039620874915272,0.07471555193268388,8.678955711029094e-05,0.0027837853800318766,0.0,True,4eafe727b67864632d25d30b526cbdb5c0a83989bf31e7b0cf41f7129c8a89da,5f7f7cfa66f4d6ec33ebf5a5feb3d8f77ba2110a,09fad27b0fc96f07a4be65975cc685fe6fbe3552ca86ca355418e54ef4673920,bbac455606db9b9c451cb8d931439b4c38bc529e8a199fbe2915fa841dba5401,historical_preference_bank_only,4
adaptive,2,2,12,0.75,0.9985076449491379,0.6813436947711698,0.9985076449491379,0.9882354306132825,0.0,reached,2,"[0, 1, 3, 4, 5, 6, 7]",7,8,14,42,983292,458948,524344,16384,16370.651933312074,0.999185298664067,0.12790495972149074,65536,65481.52194551564,0.9991687308580878,0.03990241698920727,0.010958332597741613,0.0,0.0,0.0,True,4eafe727b67864632d25d30b526cbdb5c0a83989bf31e7b0cf41f7129c8a89da,5f7f7cfa66f4d6ec33ebf5a5feb3d8f77ba2110a,09fad27b0fc96f07a4be65975cc685fe6fbe3552ca86ca355418e54ef4673920,bbac455606db9b9c451cb8d931439b4c38bc529e8a199fbe2915fa841dba5401,historical_preference_bank_only,5
adaptive,2,3,11,0.6875,0.5567171244799051,0.9985076449491379,0.9985076449491379,0.9882354306132825,0.0,reached,2,"[0, 1, 3, 4, 5, 6, 7]",7,8,21,42,983292,458948,524344,16384,16371.640581741674,0.999245640975444,0.12736445968039334,65536,65483.450792768635,0.999198162731455,0.03932900005020201,0.001311917208694546,0.0,0.0,0.0,True,4eafe727b67864632d25d30b526cbdb5c0a83989bf31e7b0cf41f7129c8a89da,5f7f7cfa66f4d6ec33ebf5a5feb3d8f77ba2110a,09fad27b0fc96f07a4be65975cc685fe6fbe3552ca86ca355418e54ef4673920,bbac455606db9b9c451cb8d931439b4c38bc529e8a199fbe2915fa841dba5401,historical_preference_bank_only,6
adaptive,2,4,10,0.625,0.17154903203339567,0.9985076449491379,0.9985076449491379,0.9882354306132825,0.0,reached,2,"[0, 1, 3, 4, 5, 6, 7]",7,8,28,42,983290,458946,524344,16384,16373.930212770296,0.9993853889630308,0.12407145882025361,65536,65495.14898870152,0.9993766630356067,0.038693416863679886,0.0003547784639171648,0.0,0.0,0.0,True,4eafe727b67864632d25d30b526cbdb5c0a83989bf31e7b0cf41f7129c8a89da,5f7f7cfa66f4d6ec33ebf5a5feb3d8f77ba2110a,09fad27b0fc96f07a4be65975cc685fe6fbe3552ca86ca355418e54ef4673920,bbac455606db9b9c451cb8d931439b4c38bc529e8a199fbe2915fa841dba5401,historical_preference_bank_only,7
adaptive,2,5,15,0.9375,-0.0030388744007595146,0.9985076449491379,0.9985076449491379,0.9882354306132825,0.0,reached,2,"[0, 1, 3, 4, 5, 6, 7]",7,8,35,42,983280,458936,524344,16384,16375.994643860371,0.9995113918371809,0.12485958286561072,65536,65505.16767464318,0.9995295360510739,0.04005266702733934,0.00013763164085744652,8.679065727055369e-05,8.908626726530962e-05,8.897072725605262e-06,True,4eafe727b67864632d25d30b526cbdb5c0a83989bf31e7b0cf41f7129c8a89da,5f7f7cfa66f4d6ec33ebf5a5feb3d8f77ba2110a,09fad27b0fc96f07a4be65975cc685fe6fbe3552ca86ca355418e54ef4673920,bbac455606db9b9c451cb8d931439b4c38bc529e8a199fbe2915fa841dba5401,historical_preference_bank_only,8
adaptive,2,6,0,0.0,0.007052953115615909,0.9985076449491379,0.9985076449491379,0.9882354306132825,0.0,reached,2,"[0, 1, 3, 4, 5, 6, 7]",7,8,42,42,983286,458942,524344,16384,16377.463512817963,0.9996010444835183,0.12715366599150002,65536,65509.93697393646,0.999602309782966,0.03879120899364352,0.00012915590848124322,8.679042695962076e-05,0.0001800054330918657,1.7019397073977276e-08,True,4eafe727b67864632d25d30b526cbdb5c0a83989bf31e7b0cf41f7129c8a89da,5f7f7cfa66f4d6ec33ebf5a5feb3d8f77ba2110a,09fad27b0fc96f07a4be65975cc685fe6fbe3552ca86ca355418e54ef4673920,bbac455606db9b9c451cb8d931439b4c38bc529e8a199fbe2915fa841dba5401,historical_preference_bank_only,9
standard,3,1,1,0.0625,0.05969919099343821,0.26951274834133376,0.26951274834133376,0.258984272217597,0.7292511583956854,not_reached,7,[],0,8,0,0,0,0,0,0,,,0.0,,,,,0.048264140977683605,,,,True,4eafe727b67864632d25d30b526cbdb5c0a83989bf31e7b0cf41f7129c8a89da,5f7f7cfa66f4d6ec33ebf5a5feb3d8f77ba2110a,a8a176ac33ae440520fcc681f416bac964539a1a97136c57c3b7d76b7f411dde,07329ba0683ead78dea75ce3b6b6f744c49e3dcbb600bac59fbe78418d927f95,historical_preference_bank_only,4
standard,3,2,3,0.1875,0.5249561609007699,0.26951274834133376,0.5249561609007699,0.5220877718429023,0.4661476587703801,not_reached,7,[],0,8,0,0,0,0,0,0,,,0.0,,,,,0.048262091714797804,,,,True,4eafe727b67864632d25d30b526cbdb5c0a83989bf31e7b0cf41f7129c8a89da,5f7f7cfa66f4d6ec33ebf5a5feb3d8f77ba2110a,a8a176ac33ae440520fcc681f416bac964539a1a97136c57c3b7d76b7f411dde,07329ba0683ead78dea75ce3b6b6f744c49e3dcbb600bac59fbe78418d927f95,historical_preference_bank_only,5
standard,3,3,4,0.25,0.4921415299639533,0.5249561609007699,0.5249561609007699,0.5220877718429023,0.4661476587703801,not_reached,7,[],0,8,0,0,0,0,0,0,,,0.0,,,,,0.015754685940488435,,,,True,4eafe727b67864632d25d30b526cbdb5c0a83989bf31e7b0cf41f7129c8a89da,5f7f7cfa66f4d6ec33ebf5a5feb3d8f77ba2110a,a8a176ac33ae440520fcc681f416bac964539a1a97136c57c3b7d76b7f411dde,07329ba0683ead78dea75ce3b6b6f744c49e3dcbb600bac59fbe78418d927f95,historical_preference_bank_only,6
standard,3,4,5,0.3125,0.19705442211489543,0.5249561609007699,0.5249561609007699,0.5220877718429023,0.4661476587703801,not_reached,7,[],0,8,0,0,0,0,0,0,,,0.0,,,,,0.014744628309897985,,,,True,4eafe727b67864632d25d30b526cbdb5c0a83989bf31e7b0cf41f7129c8a89da,5f7f7cfa66f4d6ec33ebf5a5feb3d8f77ba2110a,a8a176ac33ae440520fcc681f416bac964539a1a97136c57c3b7d76b7f411dde,07329ba0683ead78dea75ce3b6b6f744c49e3dcbb600bac59fbe78418d927f95,historical_preference_bank_only,7
standard,3,5,6,0.375,0.0033968850857575275,0.5249561609007699,0.5249561609007699,0.5220877718429023,0.4661476587703801,not_reached,7,[],0,8,0,0,0,0,0,0,,,0.0,,,,,0.007835181055437252,,,,True,4eafe727b67864632d25d30b526cbdb5c0a83989bf31e7b0cf41f7129c8a89da,5f7f7cfa66f4d6ec33ebf5a5feb3d8f77ba2110a,a8a176ac33ae440520fcc681f416bac964539a1a97136c57c3b7d76b7f411dde,07329ba0683ead78dea75ce3b6b6f744c49e3dcbb600bac59fbe78418d927f95,historical_preference_bank_only,8
standard,3,6,15,0.9375,-0.02308611026499585,0.5249561609007699,0.5249561609007699,0.5220877718429023,0.4661476587703801,not_reached,7,[],0,8,0,0,0,0,0,0,,,0.0,,,,,0.0074608659706779795,,,,True,4eafe727b67864632d25d30b526cbdb5c0a83989bf31e7b0cf41f7129c8a89da,5f7f7cfa66f4d6ec33ebf5a5feb3d8f77ba2110a,a8a176ac33ae440520fcc681f416bac964539a1a97136c57c3b7d76b7f411dde,07329ba0683ead78dea75ce3b6b6f744c49e3dcbb600bac59fbe78418d927f95,historical_preference_bank_only,9
full,3,1,13,0.8125,0.6893286186777717,0.26951274834133376,0.6893286186777717,0.69338852619193,0.2948469044213524,not_reached,2,"[0, 1, 2, 3, 4, 5, 6, 7]",8,8,8,48,524344,524344,0,65536,65480.760998862555,0.9991571197336205,0.03941016597673297,,,,,0.06415285698905927,0.0,,0.0,True,4eafe727b67864632d25d30b526cbdb5c0a83989bf31e7b0cf41f7129c8a89da,5f7f7cfa66f4d6ec33ebf5a5feb3d8f77ba2110a,a8a176ac33ae440520fcc681f416bac964539a1a97136c57c3b7d76b7f411dde,07329ba0683ead78dea75ce3b6b6f744c49e3dcbb600bac59fbe78418d927f95,historical_preference_bank_only,4
full,3,2,12,0.75,0.9957998213543857,0.6893286186777717,0.9957998213543857,0.9882354306132825,0.0,reached,2,"[0, 1, 2, 3, 4, 5, 6, 7]",8,8,16,48,524344,524344,0,65536,65479.9987011761,0.99914548799402,0.03913583420217037,,,,,0.011021427031973306,0.0,,0.0,True,4eafe727b67864632d25d30b526cbdb5c0a83989bf31e7b0cf41f7129c8a89da,5f7f7cfa66f4d6ec33ebf5a5feb3d8f77ba2110a,a8a176ac33ae440520fcc681f416bac964539a1a97136c57c3b7d76b7f411dde,07329ba0683ead78dea75ce3b6b6f744c49e3dcbb600bac59fbe78418d927f95,historical_preference_bank_only,5
full,3,3,11,0.6875,0.5635090352996593,0.9957998213543857,0.9957998213543857,0.9882354306132825,0.0,reached,2,"[0, 1, 2, 3, 4, 5, 6, 7]",8,8,24,48,524344,524344,0,65536,65483.17248396488,0.9991939160761243,0.0378156250808388,,,,,0.0016044735474668812,0.0,,0.0,True,4eafe727b67864632d25d30b526cbdb5c0a83989bf31e7b0cf41f7129c8a89da,5f7f7cfa66f4d6ec33ebf5a5feb3d8f77ba2110a,a8a176ac33ae440520fcc681f416bac964539a1a97136c57c3b7d76b7f411dde,07329ba0683ead78dea75ce3b6b6f744c49e3dcbb600bac59fbe78418d927f95,historical_preference_bank_only,6
full,3,4,10,0.625,0.15509374944283777,0.9957998213543857,0.9957998213543857,0.9882354306132825,0.0,reached,2,"[0, 1, 2, 3, 4, 5, 6, 7]",8,8,32,48,524344,524344,0,65536,65496.393212636154,0.9993956483861718,0.03921120800077915,,,,,0.00028226653191380053,0.0,,0.0,True,4eafe727b67864632d25d30b526cbdb5c0a83989bf31e7b0cf41f7129c8a89da,5f7f7cfa66f4d6ec33ebf5a5feb3d8f77ba2110a,a8a176ac33ae440520fcc681f416bac964539a1a97136c57c3b7d76b7f411dde,07329ba0683ead78dea75ce3b6b6f744c49e3dcbb600bac59fbe78418d927f95,historical_preference_bank_only,7
full,3,5,1,0.0625,0.05969919099343821,0.9957998213543857,0.9957998213543857,0.9882354306132825,0.0,reached,2,"[0, 1, 2, 3, 4, 5, 6, 7]",8,8,40,48,524344,524344,0,65536,65505.25842079626,0.999530920727482,0.03771554189734161,,,,,0.0001556022397457592,0.0,,0.0,True,4eafe727b67864632d25d30b526cbdb5c0a83989bf31e7b0cf41f7129c8a89da,5f7f7cfa66f4d6ec33ebf5a5feb3d8f77ba2110a,a8a176ac33ae440520fcc681f416bac964539a1a97136c57c3b7d76b7f411dde,07329ba0683ead78dea75ce3b6b6f744c49e3dcbb600bac59fbe78418d927f95,historical_preference_bank_only,8
full,3,6,16,1.0,-0.0008032415028033351,0.9957998213543857,0.9957998213543857,0.9882354306132825,0.0,reached,2,"[0, 1, 2, 3, 4, 5, 6, 7]",8,8,48,48,524344,524344,0,65536,65510.91735117382,0.9996172691524325,0.0379895840305835,,,,,0.00012319695576049926,0.0,,0.0,True,4eafe727b67864632d25d30b526cbdb5c0a83989bf31e7b0cf41f7129c8a89da,5f7f7cfa66f4d6ec33ebf5a5feb3d8f77ba2110a,a8a176ac33ae440520fcc681f416bac964539a1a97136c57c3b7d76b7f411dde,07329ba0683ead78dea75ce3b6b6f744c49e3dcbb600bac59fbe78418d927f95,historical_preference_bank_only,9
adaptive,3,1,13,0.8125,0.6893286186777717,0.26951274834133376,0.6893286186777717,0.69338852619193,0.2948469044213524,not_reached,2,"[0, 1, 3, 4, 5, 6, 7]",7,8,7,42,983290,458946,524344,16384,16370.213713611662,0.9991585518561805,0.12633166508749127,65536,65482.22251786932,0.9991794207438556,0.03932083398103714,0.06484093618693916,8.678955711029094e-05,0.002887116820766103,0.00038901991802202385,True,4eafe727b67864632d25d30b526cbdb5c0a83989bf31e7b0cf41f7129c8a89da,5f7f7cfa66f4d6ec33ebf5a5feb3d8f77ba2110a,a8a176ac33ae440520fcc681f416bac964539a1a97136c57c3b7d76b7f411dde,07329ba0683ead78dea75ce3b6b6f744c49e3dcbb600bac59fbe78418d927f95,historical_preference_bank_only,4
adaptive,3,2,12,0.75,0.9957998213543857,0.6893286186777717,0.9957998213543857,0.9882354306132825,0.0,reached,2,"[0, 1, 3, 4, 5, 6, 7]",7,8,14,42,983292,458948,524344,16384,16370.736612492763,0.9991904670710915,0.1264325415249914,65536,65480.32933768916,0.9991505331068292,0.038976583862677217,0.010122837935439001,0.0,0.0,0.0,True,4eafe727b67864632d25d30b526cbdb5c0a83989bf31e7b0cf41f7129c8a89da,5f7f7cfa66f4d6ec33ebf5a5feb3d8f77ba2110a,a8a176ac33ae440520fcc681f416bac964539a1a97136c57c3b7d76b7f411dde,07329ba0683ead78dea75ce3b6b6f744c49e3dcbb600bac59fbe78418d927f95,historical_preference_bank_only,5
adaptive,3,3,11,0.6875,0.5635090352996593,0.9957998213543857,0.9957998213543857,0.9882354306132825,0.0,reached,2,"[0, 1, 3, 4, 5, 6, 7]",7,8,21,42,983292,458948,524344,16384,16370.102659641188,0.9991517736597405,0.12984787579625845,65536,65483.803535638224,0.9992035451604954,0.040479417191818357,0.0015150321615004978,0.0,0.0,0.0,True,4eafe727b67864632d25d30b526cbdb5c0a83989bf31e7b0cf41f7129c8a89da,5f7f7cfa66f4d6ec33ebf5a5feb3d8f77ba2110a,a8a176ac33ae440520fcc681f416bac964539a1a97136c57c3b7d76b7f411dde,07329ba0683ead78dea75ce3b6b6f744c49e3dcbb600bac59fbe78418d927f95,historical_preference_bank_only,6
adaptive,3,4,10,0.625,0.15509374944283777,0.9957998213543857,0.9957998213543857,0.9882354306132825,0.0,reached,2,"[0, 1, 3, 4, 5, 6, 7]",7,8,28,42,983290,458946,524344,16384,16374.62181348555,0.9994276009207489,0.12483674939721823,65536,65496.2011914778,0.9993927183758209,0.0382596249692142,0.00026576337689930465,6.903826028672369e-05,0.00013939372547242709,0.0,True,4eafe727b67864632d25d30b526cbdb5c0a83989bf31e7b0cf41f7129c8a89da,5f7f7cfa66f4d6ec33ebf5a5feb3d8f77ba2110a,a8a176ac33ae440520fcc681f416bac964539a1a97136c57c3b7d76b7f411dde,07329ba0683ead78dea75ce3b6b6f744c49e3dcbb600bac59fbe78418d927f95,historical_preference_bank_only,7
adaptive,3,5,16,1.0,-0.0008032415028033351,0.9957998213543857,0.9957998213543857,0.9882354306132825,0.0,reached,2,"[0, 1, 3, 4, 5, 6, 7]",7,8,35,42,983286,458942,524344,16384,16376.231825168668,0.9995258682353924,0.12862308486364782,65536,65503.71217890567,0.9995073269486339,0.03985487506724894,0.00014360406445765235,8.679065727055369e-05,0.00010464543782705784,2.0561056565352942e-05,True,4eafe727b67864632d25d30b526cbdb5c0a83989bf31e7b0cf41f7129c8a89da,5f7f7cfa66f4d6ec33ebf5a5feb3d8f77ba2110a,a8a176ac33ae440520fcc681f416bac964539a1a97136c57c3b7d76b7f411dde,07329ba0683ead78dea75ce3b6b6f744c49e3dcbb600bac59fbe78418d927f95,historical_preference_bank_only,8
adaptive,3,6,1,0.0625,0.05969919099343821,0.9957998213543857,0.9957998213543857,0.9882354306132825,0.0,reached,2,"[0, 1, 3, 4, 5, 6, 7]",7,8,42,42,983290,458946,524344,16384,16378.056657095143,0.9996372471371547,0.1267760011833161,65536,65511.943177194444,0.9996329220152961,0.038015250116586685,0.00010482407341942191,8.679065727055369e-05,0.000133114968905786,0.0,True,4eafe727b67864632d25d30b526cbdb5c0a83989bf31e7b0cf41f7129c8a89da,5f7f7cfa66f4d6ec33ebf5a5feb3d8f77ba2110a,a8a176ac33ae440520fcc681f416bac964539a1a97136c57c3b7d76b7f411dde,07329ba0683ead78dea75ce3b6b6f744c49e3dcbb600bac59fbe78418d927f95,historical_preference_bank_only,9
standard,4,1,3,0.1875,0.5406736556519364,0.258723419299929,0.5406736556519364,0.5220877718429023,0.4661476587703801,not_reached,7,[],0,8,0,0,0,0,0,0,,,0.0,,,,,0.050327030199256446,,,,True,4eafe727b67864632d25d30b526cbdb5c0a83989bf31e7b0cf41f7129c8a89da,5f7f7cfa66f4d6ec33ebf5a5feb3d8f77ba2110a,76eeded96d3fc50eb5c4fc20756f7c1ad178e24240f97c98c578007af4716a5f,b309ce17719d9d31e6046d7583df39e6fd732266bdcadc6920b4464dd837bdc1,historical_preference_bank_only,4
standard,4,2,4,0.25,0.5127530776174689,0.5406736556519364,0.5406736556519364,0.5220877718429023,0.4661476587703801,not_reached,7,[],0,8,0,0,0,0,0,0,,,0.0,,,,,0.014591788223313133,,,,True,4eafe727b67864632d25d30b526cbdb5c0a83989bf31e7b0cf41f7129c8a89da,5f7f7cfa66f4d6ec33ebf5a5feb3d8f77ba2110a,76eeded96d3fc50eb5c4fc20756f7c1ad178e24240f97c98c578007af4716a5f,b309ce17719d9d31e6046d7583df39e6fd732266bdcadc6920b4464dd837bdc1,historical_preference_bank_only,5
standard,4,3,5,0.3125,0.2079859400525307,0.5406736556519364,0.5406736556519364,0.5220877718429023,0.4661476587703801,not_reached,7,[],0,8,0,0,0,0,0,0,,,0.0,,,,,0.013807220971133273,,,,True,4eafe727b67864632d25d30b526cbdb5c0a83989bf31e7b0cf41f7129c8a89da,5f7f7cfa66f4d6ec33ebf5a5feb3d8f77ba2110a,76eeded96d3fc50eb5c4fc20756f7c1ad178e24240f97c98c578007af4716a5f,b309ce17719d9d31e6046d7583df39e6fd732266bdcadc6920b4464dd837bdc1,historical_preference_bank_only,6
standard,4,4,1,0.0625,0.06475967933713221,0.5406736556519364,0.5406736556519364,0.5220877718429023,0.4661476587703801,not_reached,7,[],0,8,0,0,0,0,0,0,,,0.0,,,,,0.008101593862791762,,,,True,4eafe727b67864632d25d30b526cbdb5c0a83989bf31e7b0cf41f7129c8a89da,5f7f7cfa66f4d6ec33ebf5a5feb3d8f77ba2110a,76eeded96d3fc50eb5c4fc20756f7c1ad178e24240f97c98c578007af4716a5f,b309ce17719d9d31e6046d7583df39e6fd732266bdcadc6920b4464dd837bdc1,historical_preference_bank_only,7
standard,4,5,6,0.375,0.020318095261007196,0.5406736556519364,0.5406736556519364,0.5220877718429023,0.4661476587703801,not_reached,7,[],0,8,0,0,0,0,0,0,,,0.0,,,,,0.007186265821538029,,,,True,4eafe727b67864632d25d30b526cbdb5c0a83989bf31e7b0cf41f7129c8a89da,5f7f7cfa66f4d6ec33ebf5a5feb3d8f77ba2110a,76eeded96d3fc50eb5c4fc20756f7c1ad178e24240f97c98c578007af4716a5f,b309ce17719d9d31e6046d7583df39e6fd732266bdcadc6920b4464dd837bdc1,historical_preference_bank_only,8
standard,4,6,13,0.8125,0.6880910609541406,0.5406736556519364,0.6880910609541406,0.69338852619193,0.2948469044213524,not_reached,7,[],0,8,0,0,0,0,0,0,,,0.0,,,,,0.006755473949894477,,,,True,4eafe727b67864632d25d30b526cbdb5c0a83989bf31e7b0cf41f7129c8a89da,5f7f7cfa66f4d6ec33ebf5a5feb3d8f77ba2110a,76eeded96d3fc50eb5c4fc20756f7c1ad178e24240f97c98c578007af4716a5f,b309ce17719d9d31e6046d7583df39e6fd732266bdcadc6920b4464dd837bdc1,historical_preference_bank_only,9
full,4,1,1,0.0625,0.06475967933713221,0.258723419299929,0.258723419299929,0.258984272217597,0.7292511583956854,not_reached,3,"[0, 1, 2, 3, 4, 5, 6, 7]",8,8,8,48,524344,524344,0,65536,65478.29742686149,0.999119528608116,0.039256042102351785,,,,,0.07463954142009786,0.0,,0.0,True,4eafe727b67864632d25d30b526cbdb5c0a83989bf31e7b0cf41f7129c8a89da,5f7f7cfa66f4d6ec33ebf5a5feb3d8f77ba2110a,76eeded96d3fc50eb5c4fc20756f7c1ad178e24240f97c98c578007af4716a5f,b309ce17719d9d31e6046d7583df39e6fd732266bdcadc6920b4464dd837bdc1,historical_preference_bank_only,4
full,4,2,13,0.8125,0.6880910609541406,0.258723419299929,0.6880910609541406,0.69338852619193,0.2948469044213524,not_reached,3,"[0, 1, 2, 3, 4, 5, 6, 7]",8,8,16,48,524344,524344,0,65536,65488.35476820007,0.999272991458131,0.038711790926754475,,,,,0.06950624764690408,0.0,,0.0,True,4eafe727b67864632d25d30b526cbdb5c0a83989bf31e7b0cf41f7129c8a89da,5f7f7cfa66f4d6ec33ebf5a5feb3d8f77ba2110a,76eeded96d3fc50eb5c4fc20756f7c1ad178e24240f97c98c578007af4716a5f,b309ce17719d9d31e6046d7583df39e6fd732266bdcadc6920b4464dd837bdc1,historical_preference_bank_only,5
full,4,3,12,0.75,1.0020418634355293,0.6880910609541406,1.0020418634355293,0.9882354306132825,0.0,reached,3,"[0, 1, 2, 3, 4, 5, 6, 7]",8,8,24,48,524344,524344,0,65536,65485.93600131904,0.9992360840045019,0.03980154194869101,,,,,0.010759935132842647,0.0,,0.0,True,4eafe727b67864632d25d30b526cbdb5c0a83989bf31e7b0cf41f7129c8a89da,5f7f7cfa66f4d6ec33ebf5a5feb3d8f77ba2110a,76eeded96d3fc50eb5c4fc20756f7c1ad178e24240f97c98c578007af4716a5f,b309ce17719d9d31e6046d7583df39e6fd732266bdcadc6920b4464dd837bdc1,historical_preference_bank_only,6
full,4,4,11,0.6875,0.5782350168073841,1.0020418634355293,1.0020418634355293,0.9882354306132825,0.0,reached,3,"[0, 1, 2, 3, 4, 5, 6, 7]",8,8,32,48,524344,524344,0,65536,65488.945815671825,0.9992820101268284,0.03837674995884299,,,,,0.0014569127293152973,0.0,,0.0,True,4eafe727b67864632d25d30b526cbdb5c0a83989bf31e7b0cf41f7129c8a89da,5f7f7cfa66f4d6ec33ebf5a5feb3d8f77ba2110a,76eeded96d3fc50eb5c4fc20756f7c1ad178e24240f97c98c578007af4716a5f,b309ce17719d9d31e6046d7583df39e6fd732266bdcadc6920b4464dd837bdc1,historical_preference_bank_only,7
full,4,5,10,0.625,0.15589289552882818,1.0020418634355293,1.0020418634355293,0.9882354306132825,0.0,reached,3,"[0, 1, 2, 3, 4, 5, 6, 7]",8,8,40,48,524344,524344,0,65536,65500.858453145025,0.99946378254921,0.037658957997336984,,,,,0.0003422729829008545,0.0,,0.0,True,4eafe727b67864632d25d30b526cbdb5c0a83989bf31e7b0cf41f7129c8a89da,5f7f7cfa66f4d6ec33ebf5a5feb3d8f77ba2110a,76eeded96d3fc50eb5c4fc20756f7c1ad178e24240f97c98c578007af4716a5f,b309ce17719d9d31e6046d7583df39e6fd732266bdcadc6920b4464dd837bdc1,historical_preference_bank_only,8
full,4,6,0,0.0,0.016179416979761715,1.0020418634355293,1.0020418634355293,0.9882354306132825,0.0,reached,3,"[0, 1, 2, 3, 4, 5, 6, 7]",8,8,48,48,524344,524344,0,65536,65509.35123469119,0.9995933721113768,0.037582625169306993,,,,,8.608647115804154e-05,0.0,,0.0,True,4eafe727b67864632d25d30b526cbdb5c0a83989bf31e7b0cf41f7129c8a89da,5f7f7cfa66f4d6ec33ebf5a5feb3d8f77ba2110a,76eeded96d3fc50eb5c4fc20756f7c1ad178e24240f97c98c578007af4716a5f,b309ce17719d9d31e6046d7583df39e6fd732266bdcadc6920b4464dd837bdc1,historical_preference_bank_only,9
adaptive,4,1,1,0.0625,0.06475967933713221,0.258723419299929,0.258723419299929,0.258984272217597,0.7292511583956854,not_reached,3,"[0, 1, 3, 4, 5, 6, 7]",7,8,7,42,983290,458946,524344,16384,16369.594754709076,0.9991207736028489,0.1306377500295639,65536,65476.74446860123,0.9990958323455998,0.039881124859675765,0.07460258490900883,0.0,0.0,0.0,True,4eafe727b67864632d25d30b526cbdb5c0a83989bf31e7b0cf41f7129c8a89da,5f7f7cfa66f4d6ec33ebf5a5feb3d8f77ba2110a,76eeded96d3fc50eb5c4fc20756f7c1ad178e24240f97c98c578007af4716a5f,b309ce17719d9d31e6046d7583df39e6fd732266bdcadc6920b4464dd837bdc1,historical_preference_bank_only,4
adaptive,4,2,13,0.8125,0.6880910609541406,0.258723419299929,0.6880910609541406,0.69338852619193,0.2948469044213524,not_reached,3,"[0, 1, 3, 4, 5, 6, 7]",7,8,14,42,983290,458946,524344,16384,16371.452173604313,0.9992341414553414,0.12629633280448616,65536,65486.56912772493,0.9992457447467793,0.03927316702902317,0.06831530043435552,8.678955711029094e-05,0.002667111143579435,0.0,True,4eafe727b67864632d25d30b526cbdb5c0a83989bf31e7b0cf41f7129c8a89da,5f7f7cfa66f4d6ec33ebf5a5feb3d8f77ba2110a,76eeded96d3fc50eb5c4fc20756f7c1ad178e24240f97c98c578007af4716a5f,b309ce17719d9d31e6046d7583df39e6fd732266bdcadc6920b4464dd837bdc1,historical_preference_bank_only,5
adaptive,4,3,12,0.75,1.0020418634355293,0.6880910609541406,1.0020418634355293,0.9882354306132825,0.0,reached,3,"[0, 1, 3, 4, 5, 6, 7]",7,8,21,42,983292,458948,524344,16384,16371.3058181154,0.9992252086252075,0.12618637480773032,65536,65485.20917883751,0.9992249935735704,0.03917029104195535,0.010944996437626264,0.0,0.0,0.0,True,4eafe727b67864632d25d30b526cbdb5c0a83989bf31e7b0cf41f7129c8a89da,5f7f7cfa66f4d6ec33ebf5a5feb3d8f77ba2110a,76eeded96d3fc50eb5c4fc20756f7c1ad178e24240f97c98c578007af4716a5f,b309ce17719d9d31e6046d7583df39e6fd732266bdcadc6920b4464dd837bdc1,historical_preference_bank_only,6
adaptive,4,4,11,0.6875,0.5782350168073841,1.0020418634355293,1.0020418634355293,0.9882354306132825,0.0,reached,3,"[0, 1, 3, 4, 5, 6, 7]",7,8,28,42,983292,458948,524344,16384,16370.766095921339,0.9991922665967614,0.126137251034379,65536,65486.94765345487,0.9992515205910472,0.03875354211777449,0.0017112705953871536,0.0,0.0,0.0,True,4eafe727b67864632d25d30b526cbdb5c0a83989bf31e7b0cf41f7129c8a89da,5f7f7cfa66f4d6ec33ebf5a5feb3d8f77ba2110a,76eeded96d3fc50eb5c4fc20756f7c1ad178e24240f97c98c578007af4716a5f,b309ce17719d9d31e6046d7583df39e6fd732266bdcadc6920b4464dd837bdc1,historical_preference_bank_only,7
adaptive,4,5,10,0.625,0.15589289552882818,1.0020418634355293,1.0020418634355293,0.9882354306132825,0.0,reached,3,"[0, 1, 3, 4, 5, 6, 7]",7,8,35,42,983290,458946,524344,16384,16375.735190820795,0.9994955560803708,0.12977116624824703,65536,65500.05276340591,0.999451488699431,0.03930079215206206,0.00031714362536470835,0.0,0.0,0.0,True,4eafe727b67864632d25d30b526cbdb5c0a83989bf31e7b0cf41f7129c8a89da,5f7f7cfa66f4d6ec33ebf5a5feb3d8f77ba2110a,76eeded96d3fc50eb5c4fc20756f7c1ad178e24240f97c98c578007af4716a5f,b309ce17719d9d31e6046d7583df39e6fd732266bdcadc6920b4464dd837bdc1,historical_preference_bank_only,8
adaptive,4,6,0,0.0,0.016179416979761715,1.0020418634355293,1.0020418634355293,0.9882354306132825,0.0,reached,3,"[0, 1, 3, 4, 5, 6, 7]",7,8,42,42,983286,458942,524344,16384,16377.430970435664,0.9995990582541299,0.12340583303011954,65536,65509.08034387029,0.9995892386454818,0.0381916668266058,5.683557029854065e-05,8.679042695962076e-05,4.620726832280849e-05,0.0,True,4eafe727b67864632d25d30b526cbdb5c0a83989bf31e7b0cf41f7129c8a89da,5f7f7cfa66f4d6ec33ebf5a5feb3d8f77ba2110a,76eeded96d3fc50eb5c4fc20756f7c1ad178e24240f97c98c578007af4716a5f,b309ce17719d9d31e6046d7583df39e6fd732266bdcadc6920b4464dd837bdc1,historical_preference_bank_only,9
standard,5,1,1,0.0625,0.054154661688545866,0.267910909433048,0.267910909433048,0.258984272217597,0.7292511583956854,not_reached,7,[],0,8,0,0,0,0,0,0,,,0.0,,,,,0.04856524981884751,,,,True,4eafe727b67864632d25d30b526cbdb5c0a83989bf31e7b0cf41f7129c8a89da,5f7f7cfa66f4d6ec33ebf5a5feb3d8f77ba2110a,0d91a030c4bd0be28c03a86d75b8ccfe974dbdb6c0c587c2cd81315b907e8f28,dde027e4e5a22adf1f1783e4e8b0aeaa7f52e21ac22aa7cabba7c1492729ba3d,historical_preference_bank_only,4
standard,5,2,3,0.1875,0.5158678404512123,0.267910909433048,0.5158678404512123,0.5220877718429023,0.4661476587703801,not_reached,7,[],0,8,0,0,0,0,0,0,,,0.0,,,,,0.04856222589324046,,,,True,4eafe727b67864632d25d30b526cbdb5c0a83989bf31e7b0cf41f7129c8a89da,5f7f7cfa66f4d6ec33ebf5a5feb3d8f77ba2110a,0d91a030c4bd0be28c03a86d75b8ccfe974dbdb6c0c587c2cd81315b907e8f28,dde027e4e5a22adf1f1783e4e8b0aeaa7f52e21ac22aa7cabba7c1492729ba3d,historical_preference_bank_only,5
standard,5,3,4,0.25,0.5044558771807451,0.5158678404512123,0.5158678404512123,0.5220877718429023,0.4661476587703801,not_reached,7,[],0,8,0,0,0,0,0,0,,,0.0,,,,,0.016467611409004212,,,,True,4eafe727b67864632d25d30b526cbdb5c0a83989bf31e7b0cf41f7129c8a89da,5f7f7cfa66f4d6ec33ebf5a5feb3d8f77ba2110a,0d91a030c4bd0be28c03a86d75b8ccfe974dbdb6c0c587c2cd81315b907e8f28,dde027e4e5a22adf1f1783e4e8b0aeaa7f52e21ac22aa7cabba7c1492729ba3d,historical_preference_bank_only,6
standard,5,4,5,0.3125,0.19191920504397217,0.5158678404512123,0.5158678404512123,0.5220877718429023,0.4661476587703801,not_reached,7,[],0,8,0,0,0,0,0,0,,,0.0,,,,,0.016078432737130034,,,,True,4eafe727b67864632d25d30b526cbdb5c0a83989bf31e7b0cf41f7129c8a89da,5f7f7cfa66f4d6ec33ebf5a5feb3d8f77ba2110a,0d91a030c4bd0be28c03a86d75b8ccfe974dbdb6c0c587c2cd81315b907e8f28,dde027e4e5a22adf1f1783e4e8b0aeaa7f52e21ac22aa7cabba7c1492729ba3d,historical_preference_bank_only,7
standard,5,5,6,0.375,-0.006844431785916531,0.5158678404512123,0.5158678404512123,0.5220877718429023,0.4661476587703801,not_reached,7,[],0,8,0,0,0,0,0,0,,,0.0,,,,,0.008297514186937239,,,,True,4eafe727b67864632d25d30b526cbdb5c0a83989bf31e7b0cf41f7129c8a89da,5f7f7cfa66f4d6ec33ebf5a5feb3d8f77ba2110a,0d91a030c4bd0be28c03a86d75b8ccfe974dbdb6c0c587c2cd81315b907e8f28,dde027e4e5a22adf1f1783e4e8b0aeaa7f52e21ac22aa7cabba7c1492729ba3d,historical_preference_bank_only,8
standard,5,6,15,0.9375,0.013234328157832133,0.5158678404512123,0.5158678404512123,0.5220877718429023,0.4661476587703801,not_reached,7,[],0,8,0,0,0,0,0,0,,,0.0,,,,,0.008030963332127442,,,,True,4eafe727b67864632d25d30b526cbdb5c0a83989bf31e7b0cf41f7129c8a89da,5f7f7cfa66f4d6ec33ebf5a5feb3d8f77ba2110a,0d91a030c4bd0be28c03a86d75b8ccfe974dbdb6c0c587c2cd81315b907e8f28,dde027e4e5a22adf1f1783e4e8b0aeaa7f52e21ac22aa7cabba7c1492729ba3d,historical_preference_bank_only,9
full,5,1,3,0.1875,0.5158678404512123,0.267910909433048,0.5158678404512123,0.5220877718429023,0.4661476587703801,not_reached,7,"[0, 1, 2, 3, 4, 5, 6, 7]",8,8,8,48,524344,524344,0,65536,65482.992591053204,0.9991911711281312,0.039174958830699325,,,,,0.07220980142165807,0.0,,0.0,True,4eafe727b67864632d25d30b526cbdb5c0a83989bf31e7b0cf41f7129c8a89da,5f7f7cfa66f4d6ec33ebf5a5feb3d8f77ba2110a,0d91a030c4bd0be28c03a86d75b8ccfe974dbdb6c0c587c2cd81315b907e8f28,dde027e4e5a22adf1f1783e4e8b0aeaa7f52e21ac22aa7cabba7c1492729ba3d,historical_preference_bank_only,4
full,5,2,4,0.25,0.5044558771807451,0.5158678404512123,0.5158678404512123,0.5220877718429023,0.4661476587703801,not_reached,7,"[0, 1, 2, 3, 4, 5, 6, 7]",8,8,16,48,524344,524344,0,65536,65484.89820624956,0.9992202485084467,0.03968295897357166,,,,,0.024042178956187488,0.0,,0.0,True,4eafe727b67864632d25d30b526cbdb5c0a83989bf31e7b0cf41f7129c8a89da,5f7f7cfa66f4d6ec33ebf5a5feb3d8f77ba2110a,0d91a030c4bd0be28c03a86d75b8ccfe974dbdb6c0c587c2cd81315b907e8f28,dde027e4e5a22adf1f1783e4e8b0aeaa7f52e21ac22aa7cabba7c1492729ba3d,historical_preference_bank_only,5
full,5,3,5,0.3125,0.19191920504397217,0.5158678404512123,0.5158678404512123,0.5220877718429023,0.4661476587703801,not_reached,7,"[0, 1, 2, 3, 4, 5, 6, 7]",8,8,24,48,524344,524344,0,65536,65491.20010393402,0.9993164078359072,0.03946479200385511,,,,,0.01911026525594361,0.0,,0.0,True,4eafe727b67864632d25d30b526cbdb5c0a83989bf31e7b0cf41f7129c8a89da,5f7f7cfa66f4d6ec33ebf5a5feb3d8f77ba2110a,0d91a030c4bd0be28c03a86d75b8ccfe974dbdb6c0c587c2cd81315b907e8f28,dde027e4e5a22adf1f1783e4e8b0aeaa7f52e21ac22aa7cabba7c1492729ba3d,historical_preference_bank_only,6
full,5,4,15,0.9375,0.013234328157832133,0.5158678404512123,0.5158678404512123,0.5220877718429023,0.4661476587703801,not_reached,7,"[0, 1, 2, 3, 4, 5, 6, 7]",8,8,32,48,524344,524344,0,65536,65498.838304261204,0.9994329575235169,0.03868870809674263,,,,,0.013163992224644963,0.0,,0.0,True,4eafe727b67864632d25d30b526cbdb5c0a83989bf31e7b0cf41f7129c8a89da,5f7f7cfa66f4d6ec33ebf5a5feb3d8f77ba2110a,0d91a030c4bd0be28c03a86d75b8ccfe974dbdb6c0c587c2cd81315b907e8f28,dde027e4e5a22adf1f1783e4e8b0aeaa7f52e21ac22aa7cabba7c1492729ba3d,historical_preference_bank_only,7
full,5,5,10,0.625,0.15418817782039376,0.5158678404512123,0.5158678404512123,0.5220877718429023,0.4661476587703801,not_reached,7,"[0, 1, 2, 3, 4, 5, 6, 7]",8,8,40,48,524344,524344,0,65536,65507.67959958714,0.9995678649839347,0.03884691605344415,,,,,0.01020193550095977,0.0,,0.0,True,4eafe727b67864632d25d30b526cbdb5c0a83989bf31e7b0cf41f7129c8a89da,5f7f7cfa66f4d6ec33ebf5a5feb3d8f77ba2110a,0d91a030c4bd0be28c03a86d75b8ccfe974dbdb6c0c587c2cd81315b907e8f28,dde027e4e5a22adf1f1783e4e8b0aeaa7f52e21ac22aa7cabba7c1492729ba3d,historical_preference_bank_only,8
full,5,6,9,0.5625,0.04012963249354698,0.5158678404512123,0.5158678404512123,0.5220877718429023,0.4661476587703801,not_reached,7,"[0, 1, 2, 3, 4, 5, 6, 7]",8,8,48,48,524344,524344,0,65536,65514.2186621831,0.9996676431607529,0.03945125010795891,,,,,0.009174464562007571,0.0,,0.0,True,4eafe727b67864632d25d30b526cbdb5c0a83989bf31e7b0cf41f7129c8a89da,5f7f7cfa66f4d6ec33ebf5a5feb3d8f77ba2110a,0d91a030c4bd0be28c03a86d75b8ccfe974dbdb6c0c587c2cd81315b907e8f28,dde027e4e5a22adf1f1783e4e8b0aeaa7f52e21ac22aa7cabba7c1492729ba3d,historical_preference_bank_only,9
adaptive,5,1,3,0.1875,0.5158678404512123,0.267910909433048,0.5158678404512123,0.5220877718429023,0.4661476587703801,not_reached,7,"[0, 1, 3, 4, 5, 6, 7]",7,8,7,42,983290,458946,524344,16384,16370.47173313307,0.9991743001179852,0.12963308417238295,65536,65482.480132939585,0.9991833516378721,0.03957874979823828,0.07327185556393845,0.0,0.0,0.0,True,4eafe727b67864632d25d30b526cbdb5c0a83989bf31e7b0cf41f7129c8a89da,5f7f7cfa66f4d6ec33ebf5a5feb3d8f77ba2110a,0d91a030c4bd0be28c03a86d75b8ccfe974dbdb6c0c587c2cd81315b907e8f28,dde027e4e5a22adf1f1783e4e8b0aeaa7f52e21ac22aa7cabba7c1492729ba3d,historical_preference_bank_only,4
adaptive,5,2,4,0.25,0.5044558771807451,0.5158678404512123,0.5158678404512123,0.5220877718429023,0.4661476587703801,not_reached,7,"[0, 1, 3, 4, 5, 6, 7]",7,8,14,42,983282,458938,524344,16384,16372.378640954037,0.9992906885347923,0.12339533516205847,65536,65483.603320453876,0.9992004901192303,0.03888820903375745,0.024261519490644364,0.0,0.0,0.0,True,4eafe727b67864632d25d30b526cbdb5c0a83989bf31e7b0cf41f7129c8a89da,5f7f7cfa66f4d6ec33ebf5a5feb3d8f77ba2110a,0d91a030c4bd0be28c03a86d75b8ccfe974dbdb6c0c587c2cd81315b907e8f28,dde027e4e5a22adf1f1783e4e8b0aeaa7f52e21ac22aa7cabba7c1492729ba3d,historical_preference_bank_only,5
adaptive,5,3,5,0.3125,0.19191920504397217,0.5158678404512123,0.5158678404512123,0.5220877718429023,0.4661476587703801,not_reached,7,"[0, 1, 3, 4, 5, 6, 7]",7,8,21,42,983292,458948,524344,16384,16373.4909324227,0.9993585774183776,0.12601333623751998,65536,65492.38652773052,0.9993345112263569,0.038410916924476624,0.020050194989881604,0.0,0.0,0.0,True,4eafe727b67864632d25d30b526cbdb5c0a83989bf31e7b0cf41f7129c8a89da,5f7f7cfa66f4d6ec33ebf5a5feb3d8f77ba2110a,0d91a030c4bd0be28c03a86d75b8ccfe974dbdb6c0c587c2cd81315b907e8f28,dde027e4e5a22adf1f1783e4e8b0aeaa7f52e21ac22aa7cabba7c1492729ba3d,historical_preference_bank_only,6
adaptive,5,4,15,0.9375,0.013234328157832133,0.5158678404512123,0.5158678404512123,0.5220877718429023,0.4661476587703801,not_reached,7,"[0, 1, 3, 4, 5, 6, 7]",7,8,28,42,983286,458942,524344,16384,16375.176940282146,0.9994614831715177,0.12635375000536442,65536,65500.475051742804,0.9994579323080872,0.04022624995559454,0.013248670245953026,8.679065727055369e-05,0.001663986192547387,0.0,True,4eafe727b67864632d25d30b526cbdb5c0a83989bf31e7b0cf41f7129c8a89da,5f7f7cfa66f4d6ec33ebf5a5feb3d8f77ba2110a,0d91a030c4bd0be28c03a86d75b8ccfe974dbdb6c0c587c2cd81315b907e8f28,dde027e4e5a22adf1f1783e4e8b0aeaa7f52e21ac22aa7cabba7c1492729ba3d,historical_preference_bank_only,7
adaptive,5,5,10,0.625,0.15418817782039376,0.5158678404512123,0.5158678404512123,0.5220877718429023,0.4661476587703801,not_reached,7,"[0, 1, 3, 4, 5, 6, 7]",7,8,35,42,983286,458942,524344,16384,16377.113254257152,0.9995796663975313,0.1267372479196638,65536,65508.77165886254,0.9995845284860617,0.03923383308574557,0.00998582454509361,1.9932145820672222e-06,0.0009847229751583579,0.0,True,4eafe727b67864632d25d30b526cbdb5c0a83989bf31e7b0cf41f7129c8a89da,5f7f7cfa66f4d6ec33ebf5a5feb3d8f77ba2110a,0d91a030c4bd0be28c03a86d75b8ccfe974dbdb6c0c587c2cd81315b907e8f28,dde027e4e5a22adf1f1783e4e8b0aeaa7f52e21ac22aa7cabba7c1492729ba3d,historical_preference_bank_only,8
adaptive,5,6,9,0.5625,0.04012963249354698,0.5158678404512123,0.5158678404512123,0.5220877718429023,0.4661476587703801,not_reached,7,"[0, 1, 3, 4, 5, 6, 7]",7,8,42,42,983286,458942,524344,16384,16378.707897354834,0.9996769956881613,0.1297443355433643,65536,65514.8198439738,0.9996768164668853,0.039204416098073125,0.009576033750596617,0.0,0.0,0.0,True,4eafe727b67864632d25d30b526cbdb5c0a83989bf31e7b0cf41f7129c8a89da,5f7f7cfa66f4d6ec33ebf5a5feb3d8f77ba2110a,0d91a030c4bd0be28c03a86d75b8ccfe974dbdb6c0c587c2cd81315b907e8f28,dde027e4e5a22adf1f1783e4e8b0aeaa7f52e21ac22aa7cabba7c1492729ba3d,historical_preference_bank_only,9
standard,6,1,1,0.0625,0.07880537087116123,0.25532233738702925,0.25532233738702925,0.258984272217597,0.7292511583956854,not_reached,7,[],0,8,0,0,0,0,0,0,,,0.0,,,,,0.05098097503734613,,,,True,4eafe727b67864632d25d30b526cbdb5c0a83989bf31e7b0cf41f7129c8a89da,5f7f7cfa66f4d6ec33ebf5a5feb3d8f77ba2110a,49f3fe734b2f6f1834db25fee67d1edf56e4d30cf8979923aebaa83316be3c01,2090958931f040896507f37b4e1377e519231a6acea3a0349478c8cb0b654e0a,historical_preference_bank_only,4
standard,6,2,3,0.1875,0.5292374417546638,0.25532233738702925,0.5292374417546638,0.5220877718429023,0.4661476587703801,not_reached,7,[],0,8,0,0,0,0,0,0,,,0.0,,,,,0.050977735043415705,,,,True,4eafe727b67864632d25d30b526cbdb5c0a83989bf31e7b0cf41f7129c8a89da,5f7f7cfa66f4d6ec33ebf5a5feb3d8f77ba2110a,49f3fe734b2f6f1834db25fee67d1edf56e4d30cf8979923aebaa83316be3c01,2090958931f040896507f37b4e1377e519231a6acea3a0349478c8cb0b654e0a,historical_preference_bank_only,5
standard,6,3,4,0.25,0.480215422980201,0.5292374417546638,0.5292374417546638,0.5220877718429023,0.4661476587703801,not_reached,7,[],0,8,0,0,0,0,0,0,,,0.0,,,,,0.015424817536017973,,,,True,4eafe727b67864632d25d30b526cbdb5c0a83989bf31e7b0cf41f7129c8a89da,5f7f7cfa66f4d6ec33ebf5a5feb3d8f77ba2110a,49f3fe734b2f6f1834db25fee67d1edf56e4d30cf8979923aebaa83316be3c01,2090958931f040896507f37b4e1377e519231a6acea3a0349478c8cb0b654e0a,historical_preference_bank_only,6
standard,6,4,5,0.3125,0.2005567674758909,0.5292374417546638,0.5292374417546638,0.5220877718429023,0.4661476587703801,not_reached,7,[],0,8,0,0,0,0,0,0,,,0.0,,,,,0.01396738206469042,,,,True,4eafe727b67864632d25d30b526cbdb5c0a83989bf31e7b0cf41f7129c8a89da,5f7f7cfa66f4d6ec33ebf5a5feb3d8f77ba2110a,49f3fe734b2f6f1834db25fee67d1edf56e4d30cf8979923aebaa83316be3c01,2090958931f040896507f37b4e1377e519231a6acea3a0349478c8cb0b654e0a,historical_preference_bank_only,7
standard,6,5,6,0.375,-0.001127244633324866,0.5292374417546638,0.5292374417546638,0.5220877718429023,0.4661476587703801,not_reached,7,[],0,8,0,0,0,0,0,0,,,0.0,,,,,0.007624102398829567,,,,True,4eafe727b67864632d25d30b526cbdb5c0a83989bf31e7b0cf41f7129c8a89da,5f7f7cfa66f4d6ec33ebf5a5feb3d8f77ba2110a,49f3fe734b2f6f1834db25fee67d1edf56e4d30cf8979923aebaa83316be3c01,2090958931f040896507f37b4e1377e519231a6acea3a0349478c8cb0b654e0a,historical_preference_bank_only,8
standard,6,6,15,0.9375,-0.016502110532983814,0.5292374417546638,0.5292374417546638,0.5220877718429023,0.4661476587703801,not_reached,7,[],0,8,0,0,0,0,0,0,,,0.0,,,,,0.0071819111026987965,,,,True,4eafe727b67864632d25d30b526cbdb5c0a83989bf31e7b0cf41f7129c8a89da,5f7f7cfa66f4d6ec33ebf5a5feb3d8f77ba2110a,49f3fe734b2f6f1834db25fee67d1edf56e4d30cf8979923aebaa83316be3c01,2090958931f040896507f37b4e1377e519231a6acea3a0349478c8cb0b654e0a,historical_preference_bank_only,9
full,6,1,13,0.8125,0.6902548136048274,0.25532233738702925,0.6902548136048274,0.69338852619193,0.2948469044213524,not_reached,2,"[0, 1, 2, 3, 4, 5, 6, 7]",8,8,8,48,524328,524328,0,65536,65491.57860723819,0.9993221833379851,0.03926404193043709,,,,,0.06563136406310545,0.0,,0.0,True,4eafe727b67864632d25d30b526cbdb5c0a83989bf31e7b0cf41f7129c8a89da,5f7f7cfa66f4d6ec33ebf5a5feb3d8f77ba2110a,49f3fe734b2f6f1834db25fee67d1edf56e4d30cf8979923aebaa83316be3c01,2090958931f040896507f37b4e1377e519231a6acea3a0349478c8cb0b654e0a,historical_preference_bank_only,4
full,6,2,12,0.75,0.9945315460059745,0.6902548136048274,0.9945315460059745,0.9882354306132825,0.0,reached,2,"[0, 1, 2, 3, 4, 5, 6, 7]",8,8,16,48,524344,524344,0,65536,65491.27746404671,0.9993175882575487,0.039423958165571094,,,,,0.008501953776734815,0.0,,0.0,True,4eafe727b67864632d25d30b526cbdb5c0a83989bf31e7b0cf41f7129c8a89da,5f7f7cfa66f4d6ec33ebf5a5feb3d8f77ba2110a,49f3fe734b2f6f1834db25fee67d1edf56e4d30cf8979923aebaa83316be3c01,2090958931f040896507f37b4e1377e519231a6acea3a0349478c8cb0b654e0a,historical_preference_bank_only,5
full,6,3,11,0.6875,0.5670356243322285,0.9945315460059745,0.9945315460059745,0.9882354306132825,0.0,reached,2,"[0, 1, 2, 3, 4, 5, 6, 7]",8,8,24,48,524344,524344,0,65536,65494.928583415116,0.9993732999178332,0.03914570901542902,,,,,0.00036412514611847016,0.0,,0.0,True,4eafe727b67864632d25d30b526cbdb5c0a83989bf31e7b0cf41f7129c8a89da,5f7f7cfa66f4d6ec33ebf5a5feb3d8f77ba2110a,49f3fe734b2f6f1834db25fee67d1edf56e4d30cf8979923aebaa83316be3c01,2090958931f040896507f37b4e1377e519231a6acea3a0349478c8cb0b654e0a,historical_preference_bank_only,6
full,6,4,10,0.625,0.16711377180467887,0.9945315460059745,0.9945315460059745,0.9882354306132825,0.0,reached,2,"[0, 1, 2, 3, 4, 5, 6, 7]",8,8,32,48,524344,524344,0,65536,65497.97224016572,0.9994197424341693,0.040814457926899195,,,,,0.0003532784183455987,0.0,,0.0,True,4eafe727b67864632d25d30b526cbdb5c0a83989bf31e7b0cf41f7129c8a89da,5f7f7cfa66f4d6ec33ebf5a5feb3d8f77ba2110a,49f3fe734b2f6f1834db25fee67d1edf56e4d30cf8979923aebaa83316be3c01,2090958931f040896507f37b4e1377e519231a6acea3a0349478c8cb0b654e0a,historical_preference_bank_only,7
full,6,5,0,0.0,0.0029407920431149133,0.9945315460059745,0.9945315460059745,0.9882354306132825,0.0,reached,2,"[0, 1, 2, 3, 4, 5, 6, 7]",8,8,40,48,524344,524344,0,65536,65506.61098506068,0.9995515592202863,0.03970395913347602,,,,,0.00014662310797032343,0.0,,0.0,True,4eafe727b67864632d25d30b526cbdb5c0a83989bf31e7b0cf41f7129c8a89da,5f7f7cfa66f4d6ec33ebf5a5feb3d8f77ba2110a,49f3fe734b2f6f1834db25fee67d1edf56e4d30cf8979923aebaa83316be3c01,2090958931f040896507f37b4e1377e519231a6acea3a0349478c8cb0b654e0a,historical_preference_bank_only,8
full,6,6,5,0.3125,0.2005567674758909,0.9945315460059745,0.9945315460059745,0.9882354306132825,0.0,reached,2,"[0, 1, 2, 3, 4, 5, 6, 7]",8,8,48,48,524344,524344,0,65536,65513.10831054798,0.9996507005393673,0.03899808297865093,,,,,0.00011453675910138347,0.0,,0.0,True,4eafe727b67864632d25d30b526cbdb5c0a83989bf31e7b0cf41f7129c8a89da,5f7f7cfa66f4d6ec33ebf5a5feb3d8f77ba2110a,49f3fe734b2f6f1834db25fee67d1edf56e4d30cf8979923aebaa83316be3c01,2090958931f040896507f37b4e1377e519231a6acea3a0349478c8cb0b654e0a,historical_preference_bank_only,9
adaptive,6,1,13,0.8125,0.6902548136048274,0.25532233738702925,0.6902548136048274,0.69338852619193,0.2948469044213524,not_reached,2,"[0, 1, 3, 4, 5, 6, 7]",7,8,7,42,983220,458892,524328,16384,16371.612643611017,0.999243935767274,0.1264625822659582,65536,65490.69486320156,0.9993086984741449,0.03922662488184869,0.06586946135055871,0.0,0.0,0.0,True,4eafe727b67864632d25d30b526cbdb5c0a83989bf31e7b0cf41f7129c8a89da,5f7f7cfa66f4d6ec33ebf5a5feb3d8f77ba2110a,49f3fe734b2f6f1834db25fee67d1edf56e4d30cf8979923aebaa83316be3c01,2090958931f040896507f37b4e1377e519231a6acea3a0349478c8cb0b654e0a,historical_preference_bank_only,4
adaptive,6,2,12,0.75,0.9945315460059745,0.6902548136048274,0.9945315460059745,0.9882354306132825,0.0,reached,2,"[0, 1, 3, 4, 5, 6, 7]",7,8,14,42,983280,458936,524344,16384,16372.650268846643,0.9993072673856593,0.12794379307888448,65536,65492.337086838015,0.999333756818207,0.038820874877274036,0.008136940472680664,0.0,0.0,0.0,True,4eafe727b67864632d25d30b526cbdb5c0a83989bf31e7b0cf41f7129c8a89da,5f7f7cfa66f4d6ec33ebf5a5feb3d8f77ba2110a,49f3fe734b2f6f1834db25fee67d1edf56e4d30cf8979923aebaa83316be3c01,2090958931f040896507f37b4e1377e519231a6acea3a0349478c8cb0b654e0a,historical_preference_bank_only,5
adaptive,6,3,11,0.6875,0.5670356243322285,0.9945315460059745,0.9945315460059745,0.9882354306132825,0.0,reached,2,"[0, 1, 3, 4, 5, 6, 7]",7,8,21,42,983292,458948,524344,16384,16373.81152170704,0.9993781446354395,0.12706329231150448,65536,65495.089601402266,0.9993757568573344,0.039449084084481,0.00040274465255639864,2.4862884653107375e-05,0.00021676216003110573,0.0,True,4eafe727b67864632d25d30b526cbdb5c0a83989bf31e7b0cf41f7129c8a89da,5f7f7cfa66f4d6ec33ebf5a5feb3d8f77ba2110a,49f3fe734b2f6f1834db25fee67d1edf56e4d30cf8979923aebaa83316be3c01,2090958931f040896507f37b4e1377e519231a6acea3a0349478c8cb0b654e0a,historical_preference_bank_only,6
adaptive,6,4,10,0.625,0.16711377180467887,0.9945315460059745,0.9945315460059745,0.9882354306132825,0.0,reached,2,"[0, 1, 3, 4, 5, 6, 7]",7,8,28,42,983292,458948,524344,16384,16374.460808242451,0.9994177739405793,0.12694950308650732,65536,65497.87000143003,0.9994181823948673,0.03995699994266033,0.0003129882168802572,0.0,0.0,0.0,True,4eafe727b67864632d25d30b526cbdb5c0a83989bf31e7b0cf41f7129c8a89da,5f7f7cfa66f4d6ec33ebf5a5feb3d8f77ba2110a,49f3fe734b2f6f1834db25fee67d1edf56e4d30cf8979923aebaa83316be3c01,2090958931f040896507f37b4e1377e519231a6acea3a0349478c8cb0b654e0a,historical_preference_bank_only,7
adaptive,6,5,15,0.9375,-0.016502110532983814,0.9945315460059745,0.9945315460059745,0.9882354306132825,0.0,reached,2,"[0, 1, 3, 4, 5, 6, 7]",7,8,35,42,983292,458948,524344,16384,16376.545480365916,0.999545012229365,0.12364045809954405,65536,65506.998212930484,0.9995574678486707,0.03825891716405749,0.00012413674936121344,0.00013492450138439022,0.0001408861135876722,2.806563166375461e-05,True,4eafe727b67864632d25d30b526cbdb5c0a83989bf31e7b0cf41f7129c8a89da,5f7f7cfa66f4d6ec33ebf5a5feb3d8f77ba2110a,49f3fe734b2f6f1834db25fee67d1edf56e4d30cf8979923aebaa83316be3c01,2090958931f040896507f37b4e1377e519231a6acea3a0349478c8cb0b654e0a,historical_preference_bank_only,8
adaptive,6,6,5,0.3125,0.2005567674758909,0.9945315460059745,0.9945315460059745,0.9882354306132825,0.0,reached,2,"[0, 1, 3, 4, 5, 6, 7]",7,8,42,42,983292,458948,524344,16384,16377.584335591606,0.9996084189203861,0.12380221020430326,65536,65510.81782406322,0.9996157504892459,0.037765208864584565,0.00015150714610485572,2.4862884653107375e-05,0.00011245788680185813,0.0,True,4eafe727b67864632d25d30b526cbdb5c0a83989bf31e7b0cf41f7129c8a89da,5f7f7cfa66f4d6ec33ebf5a5feb3d8f77ba2110a,49f3fe734b2f6f1834db25fee67d1edf56e4d30cf8979923aebaa83316be3c01,2090958931f040896507f37b4e1377e519231a6acea3a0349478c8cb0b654e0a,historical_preference_bank_only,9
standard,7,1,3,0.1875,0.5282595323292082,0.25971205802071967,0.5282595323292082,0.5220877718429023,0.4661476587703801,not_reached,7,[],0,8,0,0,0,0,0,0,,,0.0,,,,,0.050134204463803636,,,,True,4eafe727b67864632d25d30b526cbdb5c0a83989bf31e7b0cf41f7129c8a89da,5f7f7cfa66f4d6ec33ebf5a5feb3d8f77ba2110a,49f59da5e795efa4b2173cfe4490b604c90f246953f1b4d385c89829571be9b5,78888e272a4585fcd21304843a337a61fd75214ed65a0c37caf753b3ce8ffcff,historical_preference_bank_only,4
standard,7,2,4,0.25,0.501606408653959,0.5282595323292082,0.5282595323292082,0.5220877718429023,0.4661476587703801,not_reached,7,[],0,8,0,0,0,0,0,0,,,0.0,,,,,0.015511460741881491,,,,True,4eafe727b67864632d25d30b526cbdb5c0a83989bf31e7b0cf41f7129c8a89da,5f7f7cfa66f4d6ec33ebf5a5feb3d8f77ba2110a,49f59da5e795efa4b2173cfe4490b604c90f246953f1b4d385c89829571be9b5,78888e272a4585fcd21304843a337a61fd75214ed65a0c37caf753b3ce8ffcff,historical_preference_bank_only,5
standard,7,3,5,0.3125,0.19567059267549397,0.5282595323292082,0.5282595323292082,0.5220877718429023,0.4661476587703801,not_reached,7,[],0,8,0,0,0,0,0,0,,,0.0,,,,,0.014717286821345849,,,,True,4eafe727b67864632d25d30b526cbdb5c0a83989bf31e7b0cf41f7129c8a89da,5f7f7cfa66f4d6ec33ebf5a5feb3d8f77ba2110a,49f59da5e795efa4b2173cfe4490b604c90f246953f1b4d385c89829571be9b5,78888e272a4585fcd21304843a337a61fd75214ed65a0c37caf753b3ce8ffcff,historical_preference_bank_only,6
standard,7,4,1,0.0625,0.06281402857058671,0.5282595323292082,0.5282595323292082,0.5220877718429023,0.4661476587703801,not_reached,7,[],0,8,0,0,0,0,0,0,,,0.0,,,,,0.008919158817831088,,,,True,4eafe727b67864632d25d30b526cbdb5c0a83989bf31e7b0cf41f7129c8a89da,5f7f7cfa66f4d6ec33ebf5a5feb3d8f77ba2110a,49f59da5e795efa4b2173cfe4490b604c90f246953f1b4d385c89829571be9b5,78888e272a4585fcd21304843a337a61fd75214ed65a0c37caf753b3ce8ffcff,historical_preference_bank_only,7
standard,7,5,6,0.375,0.01453659019518411,0.5282595323292082,0.5282595323292082,0.5220877718429023,0.4661476587703801,not_reached,7,[],0,8,0,0,0,0,0,0,,,0.0,,,,,0.007682952244989213,,,,True,4eafe727b67864632d25d30b526cbdb5c0a83989bf31e7b0cf41f7129c8a89da,5f7f7cfa66f4d6ec33ebf5a5feb3d8f77ba2110a,49f59da5e795efa4b2173cfe4490b604c90f246953f1b4d385c89829571be9b5,78888e272a4585fcd21304843a337a61fd75214ed65a0c37caf753b3ce8ffcff,historical_preference_bank_only,8
standard,7,6,13,0.8125,0.6844577394889417,0.5282595323292082,0.6844577394889417,0.69338852619193,0.2948469044213524,not_reached,7,[],0,8,0,0,0,0,0,0,,,0.0,,,,,0.007265748908527107,,,,True,4eafe727b67864632d25d30b526cbdb5c0a83989bf31e7b0cf41f7129c8a89da,5f7f7cfa66f4d6ec33ebf5a5feb3d8f77ba2110a,49f59da5e795efa4b2173cfe4490b604c90f246953f1b4d385c89829571be9b5,78888e272a4585fcd21304843a337a61fd75214ed65a0c37caf753b3ce8ffcff,historical_preference_bank_only,9
full,7,1,1,0.0625,0.06281402857058671,0.25971205802071967,0.25971205802071967,0.258984272217597,0.7292511583956854,not_reached,3,"[0, 1, 2, 3, 4, 5, 6, 7]",8,8,8,48,524328,524328,0,65536,65492.906999063096,0.9993424529886337,0.03965216688811779,,,,,0.06165671716500076,0.0,,0.0,True,4eafe727b67864632d25d30b526cbdb5c0a83989bf31e7b0cf41f7129c8a89da,5f7f7cfa66f4d6ec33ebf5a5feb3d8f77ba2110a,49f59da5e795efa4b2173cfe4490b604c90f246953f1b4d385c89829571be9b5,78888e272a4585fcd21304843a337a61fd75214ed65a0c37caf753b3ce8ffcff,historical_preference_bank_only,4
full,7,2,13,0.8125,0.6844577394889417,0.25971205802071967,0.6844577394889417,0.69338852619193,0.2948469044213524,not_reached,3,"[0, 1, 2, 3, 4, 5, 6, 7]",8,8,16,48,524328,524328,0,65536,65498.871397974915,0.9994334624935137,0.04030624986626208,,,,,0.054827852919286484,0.0,,0.0,True,4eafe727b67864632d25d30b526cbdb5c0a83989bf31e7b0cf41f7129c8a89da,5f7f7cfa66f4d6ec33ebf5a5feb3d8f77ba2110a,49f59da5e795efa4b2173cfe4490b604c90f246953f1b4d385c89829571be9b5,78888e272a4585fcd21304843a337a61fd75214ed65a0c37caf753b3ce8ffcff,historical_preference_bank_only,5
full,7,3,12,0.75,0.980753559756491,0.6844577394889417,0.980753559756491,0.9882354306132825,0.0,reached,3,"[0, 1, 2, 3, 4, 5, 6, 7]",8,8,24,48,524328,524328,0,65536,65500.344132674916,0.9994559346416461,0.039873583940789104,,,,,0.003635263193192131,0.0,,0.0,True,4eafe727b67864632d25d30b526cbdb5c0a83989bf31e7b0cf41f7129c8a89da,5f7f7cfa66f4d6ec33ebf5a5feb3d8f77ba2110a,49f59da5e795efa4b2173cfe4490b604c90f246953f1b4d385c89829571be9b5,78888e272a4585fcd21304843a337a61fd75214ed65a0c37caf753b3ce8ffcff,historical_preference_bank_only,6
full,7,4,11,0.6875,0.5577828902456112,0.980753559756491,0.980753559756491,0.9882354306132825,0.0,reached,3,"[0, 1, 2, 3, 4, 5, 6, 7]",8,8,32,48,524344,524344,0,65536,65496.82128955429,0.9994021803215681,0.04074995801784098,,,,,0.0012745122647594607,0.0,,0.0,True,4eafe727b67864632d25d30b526cbdb5c0a83989bf31e7b0cf41f7129c8a89da,5f7f7cfa66f4d6ec33ebf5a5feb3d8f77ba2110a,49f59da5e795efa4b2173cfe4490b604c90f246953f1b4d385c89829571be9b5,78888e272a4585fcd21304843a337a61fd75214ed65a0c37caf753b3ce8ffcff,historical_preference_bank_only,7
full,7,5,4,0.25,0.501606408653959,0.980753559756491,0.980753559756491,0.9882354306132825,0.0,reached,3,"[0, 1, 2, 3, 4, 5, 6, 7]",8,8,40,48,524344,524344,0,65536,65504.741060987064,0.9995230264432841,0.049410958075895905,,,,,0.00023222568127321988,0.0,,0.0,True,4eafe727b67864632d25d30b526cbdb5c0a83989bf31e7b0cf41f7129c8a89da,5f7f7cfa66f4d6ec33ebf5a5feb3d8f77ba2110a,49f59da5e795efa4b2173cfe4490b604c90f246953f1b4d385c89829571be9b5,78888e272a4585fcd21304843a337a61fd75214ed65a0c37caf753b3ce8ffcff,historical_preference_bank_only,8
full,7,6,6,0.375,0.01453659019518411,0.980753559756491,0.980753559756491,0.9882354306132825,0.0,reached,3,"[0, 1, 2, 3, 4, 5, 6, 7]",8,8,48,48,524328,524328,0,65536,65513.904877862224,0.9996628551919895,0.03988429205492139,,,,,0.00015870153439736734,0.0,,0.0,True,4eafe727b67864632d25d30b526cbdb5c0a83989bf31e7b0cf41f7129c8a89da,5f7f7cfa66f4d6ec33ebf5a5feb3d8f77ba2110a,49f59da5e795efa4b2173cfe4490b604c90f246953f1b4d385c89829571be9b5,78888e272a4585fcd21304843a337a61fd75214ed65a0c37caf753b3ce8ffcff,historical_preference_bank_only,9
adaptive,7,1,1,0.0625,0.06281402857058671,0.25971205802071967,0.25971205802071967,0.258984272217597,0.7292511583956854,not_reached,3,"[0, 1, 3, 4, 5, 6, 7]",7,8,7,41,983220,458892,524328,16384,16372.70134417222,0.9993103847761364,0.12396025029011071,65536,65491.138622141734,0.9993154696982076,0.039265166968107224,0.06158480066418327,0.0,0.0,0.0,True,4eafe727b67864632d25d30b526cbdb5c0a83989bf31e7b0cf41f7129c8a89da,5f7f7cfa66f4d6ec33ebf5a5feb3d8f77ba2110a,49f59da5e795efa4b2173cfe4490b604c90f246953f1b4d385c89829571be9b5,78888e272a4585fcd21304843a337a61fd75214ed65a0c37caf753b3ce8ffcff,historical_preference_bank_only,4
adaptive,7,2,13,0.8125,0.6844577394889417,0.25971205802071967,0.6844577394889417,0.69338852619193,0.2948469044213524,not_reached,3,"[0, 1, 3, 4, 5, 6, 7]",7,8,14,41,983220,458892,524328,16384,16374.46122417027,0.9994177993267988,0.12645641807466745,65536,65497.8745198599,0.9994182513406357,0.03855541720986366,0.05682311106304457,0.0,0.0,0.0,True,4eafe727b67864632d25d30b526cbdb5c0a83989bf31e7b0cf41f7129c8a89da,5f7f7cfa66f4d6ec33ebf5a5feb3d8f77ba2110a,49f59da5e795efa4b2173cfe4490b604c90f246953f1b4d385c89829571be9b5,78888e272a4585fcd21304843a337a61fd75214ed65a0c37caf753b3ce8ffcff,historical_preference_bank_only,5
adaptive,7,3,12,0.75,0.980753559756491,0.6844577394889417,0.980753559756491,0.9882354306132825,0.0,reached,3,"[0, 1, 3, 4, 5, 6, 7]",7,8,21,41,983222,458894,524328,16384,16375.334156763192,0.9994710789040034,0.12894471012987196,65536,65500.502680736965,0.9994583538930811,0.039905874989926815,0.003530700029541884,2.4862014803777555e-05,0.0005678751664999231,0.0,True,4eafe727b67864632d25d30b526cbdb5c0a83989bf31e7b0cf41f7129c8a89da,5f7f7cfa66f4d6ec33ebf5a5feb3d8f77ba2110a,49f59da5e795efa4b2173cfe4490b604c90f246953f1b4d385c89829571be9b5,78888e272a4585fcd21304843a337a61fd75214ed65a0c37caf753b3ce8ffcff,historical_preference_bank_only,6
adaptive,7,4,11,0.6875,0.5577828902456112,0.980753559756491,0.980753559756491,0.9882354306132825,0.0,reached,3,"[0, 1, 3, 4, 5, 6, 7]",7,8,28,41,983292,458948,524344,16384,16371.910146713164,0.9992620939155984,0.12560716760344803,65536,65496.58025139253,0.9993985023711018,0.03855774994008243,0.0014854100604169552,0.0,0.0,0.0,True,4eafe727b67864632d25d30b526cbdb5c0a83989bf31e7b0cf41f7129c8a89da,5f7f7cfa66f4d6ec33ebf5a5feb3d8f77ba2110a,49f59da5e795efa4b2173cfe4490b604c90f246953f1b4d385c89829571be9b5,78888e272a4585fcd21304843a337a61fd75214ed65a0c37caf753b3ce8ffcff,historical_preference_bank_only,7
adaptive,7,5,4,0.25,0.501606408653959,0.980753559756491,0.980753559756491,0.9882354306132825,0.0,reached,3,"[0, 1, 3, 4, 5, 6, 7]",7,8,35,41,983286,458942,524344,16384,16376.222082650766,0.9995252735992899,0.1222125836648047,65536,65505.90608632855,0.9995408033192222,0.038701165933161974,0.0003842446521722076,0.0,0.0,0.0,True,4eafe727b67864632d25d30b526cbdb5c0a83989bf31e7b0cf41f7129c8a89da,5f7f7cfa66f4d6ec33ebf5a5feb3d8f77ba2110a,49f59da5e795efa4b2173cfe4490b604c90f246953f1b4d385c89829571be9b5,78888e272a4585fcd21304843a337a61fd75214ed65a0c37caf753b3ce8ffcff,historical_preference_bank_only,8
adaptive,7,6,3,0.1875,0.5282595323292082,0.980753559756491,0.980753559756491,0.9882354306132825,0.0,reached,3,"[0, 1, 3, 5, 6, 7]",6,8,41,41,868497,344169,524328,16384,16378.374328669317,0.9996566362713206,0.11588150192983449,65536,65514.41336093666,0.9996706140279642,0.03787045809440315,0.0002145389539604338,0.0001921323246775554,0.00013008590001755392,2.583270292296657e-05,True,4eafe727b67864632d25d30b526cbdb5c0a83989bf31e7b0cf41f7129c8a89da,5f7f7cfa66f4d6ec33ebf5a5feb3d8f77ba2110a,49f59da5e795efa4b2173cfe4490b604c90f246953f1b4d385c89829571be9b5,78888e272a4585fcd21304843a337a61fd75214ed65a0c37caf753b3ce8ffcff,historical_preference_bank_only,9
standard,8,1,3,0.1875,0.5130379857765214,0.2555429603005696,0.5130379857765214,0.5220877718429023,0.4661476587703801,not_reached,7,[],0,8,0,0,0,0,0,0,,,0.0,,,,,0.05093791860101462,,,,True,4eafe727b67864632d25d30b526cbdb5c0a83989bf31e7b0cf41f7129c8a89da,5f7f7cfa66f4d6ec33ebf5a5feb3d8f77ba2110a,b0f5cb3c8a45e323df7fddacc18f48ef54577bf67472d6a3f448c099f7ce7db5,8b4a80c0c9a76714865fbd242e6a8d860f342d6803dbedb9beecf2d9c1efb1ed,historical_preference_bank_only,4
standard,8,2,4,0.25,0.5049088256603058,0.5130379857765214,0.5130379857765214,0.5220877718429023,0.4661476587703801,not_reached,7,[],0,8,0,0,0,0,0,0,,,0.0,,,,,0.016699012719823964,,,,True,4eafe727b67864632d25d30b526cbdb5c0a83989bf31e7b0cf41f7129c8a89da,5f7f7cfa66f4d6ec33ebf5a5feb3d8f77ba2110a,b0f5cb3c8a45e323df7fddacc18f48ef54577bf67472d6a3f448c099f7ce7db5,8b4a80c0c9a76714865fbd242e6a8d860f342d6803dbedb9beecf2d9c1efb1ed,historical_preference_bank_only,5
standard,8,3,5,0.3125,0.20778769889769472,0.5130379857765214,0.5130379857765214,0.5220877718429023,0.4661476587703801,not_reached,7,[],0,8,0,0,0,0,0,0,,,0.0,,,,,0.016419512889546524,,,,True,4eafe727b67864632d25d30b526cbdb5c0a83989bf31e7b0cf41f7129c8a89da,5f7f7cfa66f4d6ec33ebf5a5feb3d8f77ba2110a,b0f5cb3c8a45e323df7fddacc18f48ef54577bf67472d6a3f448c099f7ce7db5,8b4a80c0c9a76714865fbd242e6a8d860f342d6803dbedb9beecf2d9c1efb1ed,historical_preference_bank_only,6
standard,8,4,1,0.0625,0.0630411854572416,0.5130379857765214,0.5130379857765214,0.5220877718429023,0.4661476587703801,not_reached,7,[],0,8,0,0,0,0,0,0,,,0.0,,,,,0.009902984038089854,,,,True,4eafe727b67864632d25d30b526cbdb5c0a83989bf31e7b0cf41f7129c8a89da,5f7f7cfa66f4d6ec33ebf5a5feb3d8f77ba2110a,b0f5cb3c8a45e323df7fddacc18f48ef54577bf67472d6a3f448c099f7ce7db5,8b4a80c0c9a76714865fbd242e6a8d860f342d6803dbedb9beecf2d9c1efb1ed,historical_preference_bank_only,7
standard,8,5,6,0.375,0.012873823223311709,0.5130379857765214,0.5130379857765214,0.5220877718429023,0.4661476587703801,not_reached,7,[],0,8,0,0,0,0,0,0,,,0.0,,,,,0.008800035805068922,,,,True,4eafe727b67864632d25d30b526cbdb5c0a83989bf31e7b0cf41f7129c8a89da,5f7f7cfa66f4d6ec33ebf5a5feb3d8f77ba2110a,b0f5cb3c8a45e323df7fddacc18f48ef54577bf67472d6a3f448c099f7ce7db5,8b4a80c0c9a76714865fbd242e6a8d860f342d6803dbedb9beecf2d9c1efb1ed,historical_preference_bank_only,8
standard,8,6,15,0.9375,0.00454583909407617,0.5130379857765214,0.5130379857765214,0.5220877718429023,0.4661476587703801,not_reached,7,[],0,8,0,0,0,0,0,0,,,0.0,,,,,0.007996691058804687,,,,True,4eafe727b67864632d25d30b526cbdb5c0a83989bf31e7b0cf41f7129c8a89da,5f7f7cfa66f4d6ec33ebf5a5feb3d8f77ba2110a,b0f5cb3c8a45e323df7fddacc18f48ef54577bf67472d6a3f448c099f7ce7db5,8b4a80c0c9a76714865fbd242e6a8d860f342d6803dbedb9beecf2d9c1efb1ed,historical_preference_bank_only,9
full,8,1,3,0.1875,0.5130379857765214,0.2555429603005696,0.5130379857765214,0.5220877718429023,0.4661476587703801,not_reached,6,"[0, 1, 2, 3, 4, 5, 6, 7]",8,8,8,48,524344,524344,0,65536,65488.66577849808,0.9992777370986645,0.039564458187669516,,,,,0.07248654118063799,0.0,,0.0,True,4eafe727b67864632d25d30b526cbdb5c0a83989bf31e7b0cf41f7129c8a89da,5f7f7cfa66f4d6ec33ebf5a5feb3d8f77ba2110a,b0f5cb3c8a45e323df7fddacc18f48ef54577bf67472d6a3f448c099f7ce7db5,8b4a80c0c9a76714865fbd242e6a8d860f342d6803dbedb9beecf2d9c1efb1ed,historical_preference_bank_only,4
full,8,2,4,0.25,0.5049088256603058,0.5130379857765214,0.5130379857765214,0.5220877718429023,0.4661476587703801,not_reached,6,"[0, 1, 2, 3, 4, 5, 6, 7]",8,8,16,48,524344,524344,0,65536,65493.4213476655,0.9993503013254623,0.04015445802360773,,,,,0.019734442209149803,0.0,,0.0,True,4eafe727b67864632d25d30b526cbdb5c0a83989bf31e7b0cf41f7129c8a89da,5f7f7cfa66f4d6ec33ebf5a5feb3d8f77ba2110a,b0f5cb3c8a45e323df7fddacc18f48ef54577bf67472d6a3f448c099f7ce7db5,8b4a80c0c9a76714865fbd242e6a8d860f342d6803dbedb9beecf2d9c1efb1ed,historical_preference_bank_only,5
full,8,3,1,0.0625,0.0630411854572416,0.5130379857765214,0.5130379857765214,0.5220877718429023,0.4661476587703801,not_reached,6,"[0, 1, 2, 3, 4, 5, 6, 7]",8,8,24,48,524328,524328,0,65536,65499.77739287832,0.9994472868786365,0.03955862484872341,,,,,0.01218375961368037,0.0,,0.0,True,4eafe727b67864632d25d30b526cbdb5c0a83989bf31e7b0cf41f7129c8a89da,5f7f7cfa66f4d6ec33ebf5a5feb3d8f77ba2110a,b0f5cb3c8a45e323df7fddacc18f48ef54577bf67472d6a3f448c099f7ce7db5,8b4a80c0c9a76714865fbd242e6a8d860f342d6803dbedb9beecf2d9c1efb1ed,historical_preference_bank_only,6
full,8,4,11,0.6875,0.5652813422601267,0.5130379857765214,0.5652813422601267,0.565131658509561,0.4231037721037214,not_reached,6,"[0, 1, 2, 3, 4, 5, 6, 7]",8,8,32,48,524328,524328,0,65536,65505.424972216904,0.9995334621004777,0.040135791990906,,,,,0.010990168545188313,0.0,,0.0,True,4eafe727b67864632d25d30b526cbdb5c0a83989bf31e7b0cf41f7129c8a89da,5f7f7cfa66f4d6ec33ebf5a5feb3d8f77ba2110a,b0f5cb3c8a45e323df7fddacc18f48ef54577bf67472d6a3f448c099f7ce7db5,8b4a80c0c9a76714865fbd242e6a8d860f342d6803dbedb9beecf2d9c1efb1ed,historical_preference_bank_only,7
full,8,5,10,0.625,0.16829212170753846,0.5652813422601267,0.5652813422601267,0.565131658509561,0.4231037721037214,not_reached,6,"[0, 1, 2, 3, 4, 5, 6, 7]",8,8,40,48,524344,524344,0,65536,65508.728676800965,0.9995838726318507,0.03913749987259507,,,,,0.01568339244203638,0.0,,0.0,True,4eafe727b67864632d25d30b526cbdb5c0a83989bf31e7b0cf41f7129c8a89da,5f7f7cfa66f4d6ec33ebf5a5feb3d8f77ba2110a,b0f5cb3c8a45e323df7fddacc18f48ef54577bf67472d6a3f448c099f7ce7db5,8b4a80c0c9a76714865fbd242e6a8d860f342d6803dbedb9beecf2d9c1efb1ed,historical_preference_bank_only,8
full,8,6,12,0.75,0.9827574695667048,0.5652813422601267,0.9827574695667048,0.9882354306132825,0.0,reached,6,"[0, 1, 2, 3, 4, 5, 6, 7]",8,8,48,48,524328,524328,0,65536,65516.532766791664,0.9997029535948435,0.038993290858343244,,,,,0.007475998232721471,0.0,,0.0,True,4eafe727b67864632d25d30b526cbdb5c0a83989bf31e7b0cf41f7129c8a89da,5f7f7cfa66f4d6ec33ebf5a5feb3d8f77ba2110a,b0f5cb3c8a45e323df7fddacc18f48ef54577bf67472d6a3f448c099f7ce7db5,8b4a80c0c9a76714865fbd242e6a8d860f342d6803dbedb9beecf2d9c1efb1ed,historical_preference_bank_only,9
adaptive,8,1,3,0.1875,0.5130379857765214,0.2555429603005696,0.5130379857765214,0.5220877718429023,0.4661476587703801,not_reached,6,"[0, 1, 3, 4, 5, 6, 7]",7,8,7,42,983286,458942,524344,16384,16372.055274118817,0.9992709517894786,0.12722387490794063,65536,65488.18052718446,0.9992703327512277,0.03950612503103912,0.07318616408442306,0.0,0.0,0.0,True,4eafe727b67864632d25d30b526cbdb5c0a83989bf31e7b0cf41f7129c8a89da,5f7f7cfa66f4d6ec33ebf5a5feb3d8f77ba2110a,b0f5cb3c8a45e323df7fddacc18f48ef54577bf67472d6a3f448c099f7ce7db5,8b4a80c0c9a76714865fbd242e6a8d860f342d6803dbedb9beecf2d9c1efb1ed,historical_preference_bank_only,4
adaptive,8,2,4,0.25,0.5049088256603058,0.5130379857765214,0.5130379857765214,0.5220877718429023,0.4661476587703801,not_reached,6,"[0, 1, 3, 4, 5, 6, 7]",7,8,14,42,983290,458946,524344,16384,16373.282618035102,0.9993458629171815,0.1264600397553295,65536,65492.23079573032,0.9993321349446155,0.03954775002785027,0.01848958591804524,0.0,0.0,0.0,True,4eafe727b67864632d25d30b526cbdb5c0a83989bf31e7b0cf41f7129c8a89da,5f7f7cfa66f4d6ec33ebf5a5feb3d8f77ba2110a,b0f5cb3c8a45e323df7fddacc18f48ef54577bf67472d6a3f448c099f7ce7db5,8b4a80c0c9a76714865fbd242e6a8d860f342d6803dbedb9beecf2d9c1efb1ed,historical_preference_bank_only,5
adaptive,8,3,1,0.0625,0.0630411854572416,0.5130379857765214,0.5130379857765214,0.5220877718429023,0.4661476587703801,not_reached,6,"[0, 1, 3, 4, 5, 6, 7]",7,8,21,42,983220,458892,524328,16384,16374.831019999336,0.9994403698730063,0.13285133335739374,65536,65500.68305430956,0.9994611061753778,0.04030949994921684,0.012118141631965028,0.0,0.0,0.0,True,4eafe727b67864632d25d30b526cbdb5c0a83989bf31e7b0cf41f7129c8a89da,5f7f7cfa66f4d6ec33ebf5a5feb3d8f77ba2110a,b0f5cb3c8a45e323df7fddacc18f48ef54577bf67472d6a3f448c099f7ce7db5,8b4a80c0c9a76714865fbd242e6a8d860f342d6803dbedb9beecf2d9c1efb1ed,historical_preference_bank_only,6
adaptive,8,4,11,0.6875,0.5652813422601267,0.5130379857765214,0.5652813422601267,0.565131658509561,0.4231037721037214,not_reached,6,"[0, 1, 3, 4, 5, 6, 7]",7,8,28,42,983220,458892,524328,16384,16376.401892035725,0.9995362482931961,0.12669608113355935,65536,65503.944720593296,0.9995108752531936,0.039298916002735496,0.011622536489552047,0.0,0.0,0.0,True,4eafe727b67864632d25d30b526cbdb5c0a83989bf31e7b0cf41f7129c8a89da,5f7f7cfa66f4d6ec33ebf5a5feb3d8f77ba2110a,b0f5cb3c8a45e323df7fddacc18f48ef54577bf67472d6a3f448c099f7ce7db5,8b4a80c0c9a76714865fbd242e6a8d860f342d6803dbedb9beecf2d9c1efb1ed,historical_preference_bank_only,7
adaptive,8,5,10,0.625,0.16829212170753846,0.5652813422601267,0.5652813422601267,0.565131658509561,0.4231037721037214,not_reached,6,"[0, 1, 3, 4, 5, 6, 7]",7,8,35,42,983290,458946,524344,16384,16377.19629412066,0.9995847347485755,0.12490158365108073,65536,65508.83424067874,0.9995854834087943,0.03844704199582338,0.015456160073333678,0.0,0.0,0.0,True,4eafe727b67864632d25d30b526cbdb5c0a83989bf31e7b0cf41f7129c8a89da,5f7f7cfa66f4d6ec33ebf5a5feb3d8f77ba2110a,b0f5cb3c8a45e323df7fddacc18f48ef54577bf67472d6a3f448c099f7ce7db5,8b4a80c0c9a76714865fbd242e6a8d860f342d6803dbedb9beecf2d9c1efb1ed,historical_preference_bank_only,8
adaptive,8,6,12,0.75,0.9827574695667048,0.5652813422601267,0.9827574695667048,0.9882354306132825,0.0,reached,6,"[0, 1, 3, 4, 5, 6, 7]",7,8,42,42,983260,458932,524328,16384,16378.995171890154,0.9996945295343111,0.1243441675323993,65536,65516.849156723285,0.9997077813220716,0.038996499963104725,0.00725978458234284,3.86557129964544e-05,0.0015072819413913877,0.0,True,4eafe727b67864632d25d30b526cbdb5c0a83989bf31e7b0cf41f7129c8a89da,5f7f7cfa66f4d6ec33ebf5a5feb3d8f77ba2110a,b0f5cb3c8a45e323df7fddacc18f48ef54577bf67472d6a3f448c099f7ce7db5,8b4a80c0c9a76714865fbd242e6a8d860f342d6803dbedb9beecf2d9c1efb1ed,historical_preference_bank_only,9
standard,9,1,3,0.1875,0.5350772410743112,0.27095067981880133,0.5350772410743112,0.5220877718429023,0.4661476587703801,not_reached,7,[],0,8,0,0,0,0,0,0,,,0.0,,,,,0.04799624850458451,,,,True,4eafe727b67864632d25d30b526cbdb5c0a83989bf31e7b0cf41f7129c8a89da,5f7f7cfa66f4d6ec33ebf5a5feb3d8f77ba2110a,8ef8ba3883616095e6ec0ecc389e38d151a4fe90fadb8518776153ddc580fda0,954613a24b7351d2493c27f25db41c23153267cecbe19e7f9a587f9a7978da3a,historical_preference_bank_only,4
standard,9,2,4,0.25,0.5048243089256131,0.5350772410743112,0.5350772410743112,0.5220877718429023,0.4661476587703801,not_reached,7,[],0,8,0,0,0,0,0,0,,,0.0,,,,,0.014993601761957673,,,,True,4eafe727b67864632d25d30b526cbdb5c0a83989bf31e7b0cf41f7129c8a89da,5f7f7cfa66f4d6ec33ebf5a5feb3d8f77ba2110a,8ef8ba3883616095e6ec0ecc389e38d151a4fe90fadb8518776153ddc580fda0,954613a24b7351d2493c27f25db41c23153267cecbe19e7f9a587f9a7978da3a,historical_preference_bank_only,5
standard,9,3,5,0.3125,0.19687989242208348,0.5350772410743112,0.5350772410743112,0.5220877718429023,0.4661476587703801,not_reached,7,[],0,8,0,0,0,0,0,0,,,0.0,,,,,0.01410559767083265,,,,True,4eafe727b67864632d25d30b526cbdb5c0a83989bf31e7b0cf41f7129c8a89da,5f7f7cfa66f4d6ec33ebf5a5feb3d8f77ba2110a,8ef8ba3883616095e6ec0ecc389e38d151a4fe90fadb8518776153ddc580fda0,954613a24b7351d2493c27f25db41c23153267cecbe19e7f9a587f9a7978da3a,historical_preference_bank_only,6
standard,9,4,1,0.0625,0.07867798565211633,0.5350772410743112,0.5350772410743112,0.5220877718429023,0.4661476587703801,not_reached,7,[],0,8,0,0,0,0,0,0,,,0.0,,,,,0.008680456765461395,,,,True,4eafe727b67864632d25d30b526cbdb5c0a83989bf31e7b0cf41f7129c8a89da,5f7f7cfa66f4d6ec33ebf5a5feb3d8f77ba2110a,8ef8ba3883616095e6ec0ecc389e38d151a4fe90fadb8518776153ddc580fda0,954613a24b7351d2493c27f25db41c23153267cecbe19e7f9a587f9a7978da3a,historical_preference_bank_only,7
standard,9,5,6,0.375,0.014358191811662997,0.5350772410743112,0.5350772410743112,0.5220877718429023,0.4661476587703801,not_reached,7,[],0,8,0,0,0,0,0,0,,,0.0,,,,,0.0072690489668361565,,,,True,4eafe727b67864632d25d30b526cbdb5c0a83989bf31e7b0cf41f7129c8a89da,5f7f7cfa66f4d6ec33ebf5a5feb3d8f77ba2110a,8ef8ba3883616095e6ec0ecc389e38d151a4fe90fadb8518776153ddc580fda0,954613a24b7351d2493c27f25db41c23153267cecbe19e7f9a587f9a7978da3a,historical_preference_bank_only,8
standard,9,6,13,0.8125,0.693259146082851,0.5350772410743112,0.693259146082851,0.69338852619193,0.2948469044213524,not_reached,7,[],0,8,0,0,0,0,0,0,,,0.0,,,,,0.007111132252007969,,,,True,4eafe727b67864632d25d30b526cbdb5c0a83989bf31e7b0cf41f7129c8a89da,5f7f7cfa66f4d6ec33ebf5a5feb3d8f77ba2110a,8ef8ba3883616095e6ec0ecc389e38d151a4fe90fadb8518776153ddc580fda0,954613a24b7351d2493c27f25db41c23153267cecbe19e7f9a587f9a7978da3a,historical_preference_bank_only,9
full,9,1,3,0.1875,0.5350772410743112,0.27095067981880133,0.5350772410743112,0.5220877718429023,0.4661476587703801,not_reached,2,"[0, 1, 2, 3, 4, 5, 6, 7]",8,8,8,48,524328,524328,0,65536,65490.92358861337,0.9993121885469569,0.039410166908055544,,,,,0.05829811839960427,0.0,,0.0,True,4eafe727b67864632d25d30b526cbdb5c0a83989bf31e7b0cf41f7129c8a89da,5f7f7cfa66f4d6ec33ebf5a5feb3d8f77ba2110a,8ef8ba3883616095e6ec0ecc389e38d151a4fe90fadb8518776153ddc580fda0,954613a24b7351d2493c27f25db41c23153267cecbe19e7f9a587f9a7978da3a,historical_preference_bank_only,4
full,9,2,12,0.75,0.9794179395464871,0.5350772410743112,0.9794179395464871,0.9882354306132825,0.0,reached,2,"[0, 1, 2, 3, 4, 5, 6, 7]",8,8,16,48,524328,524328,0,65536,65496.09413114222,0.9993910847647434,0.039875041926279664,,,,,0.010451358322493533,0.0,,0.0,True,4eafe727b67864632d25d30b526cbdb5c0a83989bf31e7b0cf41f7129c8a89da,5f7f7cfa66f4d6ec33ebf5a5feb3d8f77ba2110a,8ef8ba3883616095e6ec0ecc389e38d151a4fe90fadb8518776153ddc580fda0,954613a24b7351d2493c27f25db41c23153267cecbe19e7f9a587f9a7978da3a,historical_preference_bank_only,5
full,9,3,11,0.6875,0.5783797745797119,0.9794179395464871,0.9794179395464871,0.9882354306132825,0.0,reached,2,"[0, 1, 2, 3, 4, 5, 6, 7]",8,8,24,48,524344,524344,0,65536,65497.053842927315,0.9994057288044329,0.03908604197204113,,,,,0.0012874769204913286,0.0,,0.0,True,4eafe727b67864632d25d30b526cbdb5c0a83989bf31e7b0cf41f7129c8a89da,5f7f7cfa66f4d6ec33ebf5a5feb3d8f77ba2110a,8ef8ba3883616095e6ec0ecc389e38d151a4fe90fadb8518776153ddc580fda0,954613a24b7351d2493c27f25db41c23153267cecbe19e7f9a587f9a7978da3a,historical_preference_bank_only,6
full,9,4,13,0.8125,0.693259146082851,0.9794179395464871,0.9794179395464871,0.9882354306132825,0.0,reached,2,"[0, 1, 2, 3, 4, 5, 6, 7]",8,8,32,48,524328,524328,0,65536,65503.31991893565,0.9995013415364937,0.038176249945536256,,,,,0.0004811026778089409,0.0,,0.0,True,4eafe727b67864632d25d30b526cbdb5c0a83989bf31e7b0cf41f7129c8a89da,5f7f7cfa66f4d6ec33ebf5a5feb3d8f77ba2110a,8ef8ba3883616095e6ec0ecc389e38d151a4fe90fadb8518776153ddc580fda0,954613a24b7351d2493c27f25db41c23153267cecbe19e7f9a587f9a7978da3a,historical_preference_bank_only,7
full,9,5,9,0.5625,0.036841245555437246,0.9794179395464871,0.9794179395464871,0.9882354306132825,0.0,reached,2,"[0, 1, 2, 3, 4, 5, 6, 7]",8,8,40,48,524328,524328,0,65536,65504.94909696056,0.9995262008203211,0.038039834005758166,,,,,0.00015448356613792817,0.0,,0.0,True,4eafe727b67864632d25d30b526cbdb5c0a83989bf31e7b0cf41f7129c8a89da,5f7f7cfa66f4d6ec33ebf5a5feb3d8f77ba2110a,8ef8ba3883616095e6ec0ecc389e38d151a4fe90fadb8518776153ddc580fda0,954613a24b7351d2493c27f25db41c23153267cecbe19e7f9a587f9a7978da3a,historical_preference_bank_only,8
full,9,6,0,0.0,0.011374918992269029,0.9794179395464871,0.9794179395464871,0.9882354306132825,0.0,reached,2,"[0, 1, 2, 3, 4, 5, 6, 7]",8,8,48,48,524328,524328,0,65536,65510.58707197592,0.99961222949182,0.03783045802265406,,,,,0.0001561439610415612,0.0,,0.0,True,4eafe727b67864632d25d30b526cbdb5c0a83989bf31e7b0cf41f7129c8a89da,5f7f7cfa66f4d6ec33ebf5a5feb3d8f77ba2110a,8ef8ba3883616095e6ec0ecc389e38d151a4fe90fadb8518776153ddc580fda0,954613a24b7351d2493c27f25db41c23153267cecbe19e7f9a587f9a7978da3a,historical_preference_bank_only,9
adaptive,9,1,3,0.1875,0.5350772410743112,0.27095067981880133,0.5350772410743112,0.5220877718429023,0.4661476587703801,not_reached,2,"[0, 1, 3, 4, 5, 6, 7]",7,8,7,40,983248,458920,524328,16384,16372.958165576612,0.9993260599106819,0.12417195714078844,65536,65490.0524547398,0.999298896098935,0.03880754089914262,0.05803740309674233,0.0,0.0,0.0,True,4eafe727b67864632d25d30b526cbdb5c0a83989bf31e7b0cf41f7129c8a89da,5f7f7cfa66f4d6ec33ebf5a5feb3d8f77ba2110a,8ef8ba3883616095e6ec0ecc389e38d151a4fe90fadb8518776153ddc580fda0,954613a24b7351d2493c27f25db41c23153267cecbe19e7f9a587f9a7978da3a,historical_preference_bank_only,4
adaptive,9,2,12,0.75,0.9794179395464871,0.5350772410743112,0.9794179395464871,0.9882354306132825,0.0,reached,2,"[0, 1, 3, 4, 5, 6, 7]",7,8,14,40,983220,458892,524328,16384,16374.123213039229,0.9993971687646014,0.12810166645795107,65536,65495.5130941973,0.9993822188445632,0.03996133292093873,0.01067237187264651,8.678978742122386e-05,0.001748141206419732,0.0,True,4eafe727b67864632d25d30b526cbdb5c0a83989bf31e7b0cf41f7129c8a89da,5f7f7cfa66f4d6ec33ebf5a5feb3d8f77ba2110a,8ef8ba3883616095e6ec0ecc389e38d151a4fe90fadb8518776153ddc580fda0,954613a24b7351d2493c27f25db41c23153267cecbe19e7f9a587f9a7978da3a,historical_preference_bank_only,5
adaptive,9,3,11,0.6875,0.5783797745797119,0.9794179395464871,0.9794179395464871,0.9882354306132825,0.0,reached,2,"[0, 1, 3, 4, 5, 6, 7]",7,8,21,40,983292,458948,524344,16384,16373.965092530172,0.9993875178546248,0.12712962599471211,65536,65495.487152201815,0.9993818230011263,0.038686792133376,0.0012583838855890921,0.0,0.0,0.0,True,4eafe727b67864632d25d30b526cbdb5c0a83989bf31e7b0cf41f7129c8a89da,5f7f7cfa66f4d6ec33ebf5a5feb3d8f77ba2110a,8ef8ba3883616095e6ec0ecc389e38d151a4fe90fadb8518776153ddc580fda0,954613a24b7351d2493c27f25db41c23153267cecbe19e7f9a587f9a7978da3a,historical_preference_bank_only,6
adaptive,9,4,13,0.8125,0.693259146082851,0.9794179395464871,0.9794179395464871,0.9882354306132825,0.0,reached,2,"[0, 1, 3, 4, 5, 6, 7]",7,8,28,40,983220,458892,524328,16384,16375.668001049347,0.9994914551421721,0.12463962426409125,65536,65503.97474670177,0.9995113334152492,0.03821400017477572,0.0004981980432057426,0.0,0.0,0.0,True,4eafe727b67864632d25d30b526cbdb5c0a83989bf31e7b0cf41f7129c8a89da,5f7f7cfa66f4d6ec33ebf5a5feb3d8f77ba2110a,8ef8ba3883616095e6ec0ecc389e38d151a4fe90fadb8518776153ddc580fda0,954613a24b7351d2493c27f25db41c23153267cecbe19e7f9a587f9a7978da3a,historical_preference_bank_only,7
adaptive,9,5,9,0.5625,0.036841245555437246,0.9794179395464871,0.9794179395464871,0.9882354306132825,0.0,reached,2,"[0, 1, 4, 5, 6, 7]",6,8,34,40,868497,344169,524328,16384,16376.068935458237,0.9995159262364647,0.11274587572552264,65536,65503.94940949554,0.9995109468001638,0.03804983291774988,0.0001777560624509623,6.893149095324516e-05,0.00011892661068190399,7.852602843453591e-05,True,4eafe727b67864632d25d30b526cbdb5c0a83989bf31e7b0cf41f7129c8a89da,5f7f7cfa66f4d6ec33ebf5a5feb3d8f77ba2110a,8ef8ba3883616095e6ec0ecc389e38d151a4fe90fadb8518776153ddc580fda0,954613a24b7351d2493c27f25db41c23153267cecbe19e7f9a587f9a7978da3a,historical_preference_bank_only,8
adaptive,9,6,0,0.0,0.011374918992269029,0.9794179395464871,0.9794179395464871,0.9882354306132825,0.0,reached,2,"[0, 1, 4, 5, 6, 7]",6,8,40,40,868497,344169,524328,16384,16377.36118722598,0.9995947990250232,0.11547383200377226,65536,65510.46231029098,0.9996103257795865,0.03961475007236004,0.00016444215516239703,8.680716393005171e-05,0.00012534322035784526,0.0,True,4eafe727b67864632d25d30b526cbdb5c0a83989bf31e7b0cf41f7129c8a89da,5f7f7cfa66f4d6ec33ebf5a5feb3d8f77ba2110a,8ef8ba3883616095e6ec0ecc389e38d151a4fe90fadb8518776153ddc580fda0,954613a24b7351d2493c27f25db41c23153267cecbe19e7f9a587f9a7978da3a,historical_preference_bank_only,9
standard,10,1,3,0.1875,0.5311514498523968,0.26751055755746544,0.5311514498523968,0.5220877718429023,0.4661476587703801,not_reached,7,[],0,8,0,0,0,0,0,0,,,0.0,,,,,0.04864141592618472,,,,True,4eafe727b67864632d25d30b526cbdb5c0a83989bf31e7b0cf41f7129c8a89da,5f7f7cfa66f4d6ec33ebf5a5feb3d8f77ba2110a,07cd010f4c03298d5dd924ac0c0882359d38e44324cce9573944c2da07617648,3e77667225bbf0a993fd271052a0206d2ee8e7d16ad3b8ea70e12c6744e22c01,historical_preference_bank_only,4
standard,10,2,4,0.25,0.49620197163368435,0.5311514498523968,0.5311514498523968,0.5220877718429023,0.4661476587703801,not_reached,7,[],0,8,0,0,0,0,0,0,,,0.0,,,,,0.015285896480761486,,,,True,4eafe727b67864632d25d30b526cbdb5c0a83989bf31e7b0cf41f7129c8a89da,5f7f7cfa66f4d6ec33ebf5a5feb3d8f77ba2110a,07cd010f4c03298d5dd924ac0c0882359d38e44324cce9573944c2da07617648,3e77667225bbf0a993fd271052a0206d2ee8e7d16ad3b8ea70e12c6744e22c01,historical_preference_bank_only,5
standard,10,3,5,0.3125,0.2022922747475235,0.5311514498523968,0.5311514498523968,0.5220877718429023,0.4661476587703801,not_reached,7,[],0,8,0,0,0,0,0,0,,,0.0,,,,,0.014247683386880358,,,,True,4eafe727b67864632d25d30b526cbdb5c0a83989bf31e7b0cf41f7129c8a89da,5f7f7cfa66f4d6ec33ebf5a5feb3d8f77ba2110a,07cd010f4c03298d5dd924ac0c0882359d38e44324cce9573944c2da07617648,3e77667225bbf0a993fd271052a0206d2ee8e7d16ad3b8ea70e12c6744e22c01,historical_preference_bank_only,6
standard,10,4,1,0.0625,0.0812155631894364,0.5311514498523968,0.5311514498523968,0.5220877718429023,0.4661476587703801,not_reached,7,[],0,8,0,0,0,0,0,0,,,0.0,,,,,0.008875006433101393,,,,True,4eafe727b67864632d25d30b526cbdb5c0a83989bf31e7b0cf41f7129c8a89da,5f7f7cfa66f4d6ec33ebf5a5feb3d8f77ba2110a,07cd010f4c03298d5dd924ac0c0882359d38e44324cce9573944c2da07617648,3e77667225bbf0a993fd271052a0206d2ee8e7d16ad3b8ea70e12c6744e22c01,historical_preference_bank_only,7
standard,10,5,6,0.375,0.009527734881349711,0.5311514498523968,0.5311514498523968,0.5220877718429023,0.4661476587703801,not_reached,7,[],0,8,0,0,0,0,0,0,,,0.0,,,,,0.007578236027652931,,,,True,4eafe727b67864632d25d30b526cbdb5c0a83989bf31e7b0cf41f7129c8a89da,5f7f7cfa66f4d6ec33ebf5a5feb3d8f77ba2110a,07cd010f4c03298d5dd924ac0c0882359d38e44324cce9573944c2da07617648,3e77667225bbf0a993fd271052a0206d2ee8e7d16ad3b8ea70e12c6744e22c01,historical_preference_bank_only,8
standard,10,6,13,0.8125,0.7164014370679033,0.5311514498523968,0.7164014370679033,0.69338852619193,0.2948469044213524,not_reached,7,[],0,8,0,0,0,0,0,0,,,0.0,,,,,0.007044881716244976,,,,True,4eafe727b67864632d25d30b526cbdb5c0a83989bf31e7b0cf41f7129c8a89da,5f7f7cfa66f4d6ec33ebf5a5feb3d8f77ba2110a,07cd010f4c03298d5dd924ac0c0882359d38e44324cce9573944c2da07617648,3e77667225bbf0a993fd271052a0206d2ee8e7d16ad3b8ea70e12c6744e22c01,historical_preference_bank_only,9
full,10,1,3,0.1875,0.5311514498523968,0.26751055755746544,0.5311514498523968,0.5220877718429023,0.4661476587703801,not_reached,6,"[0, 1, 2, 3, 4, 5, 6, 7]",8,8,8,48,1048616,1048616,0,131072,130981.78503152022,0.9993117144128435,0.0817147078923881,,,,,0.061850935818572685,0.0,,0.0,True,4eafe727b67864632d25d30b526cbdb5c0a83989bf31e7b0cf41f7129c8a89da,5f7f7cfa66f4d6ec33ebf5a5feb3d8f77ba2110a,07cd010f4c03298d5dd924ac0c0882359d38e44324cce9573944c2da07617648,3e77667225bbf0a993fd271052a0206d2ee8e7d16ad3b8ea70e12c6744e22c01,historical_preference_bank_only,4
full,10,2,5,0.3125,0.2022922747475235,0.5311514498523968,0.5311514498523968,0.5220877718429023,0.4661476587703801,not_reached,6,"[0, 1, 2, 3, 4, 5, 6, 7]",8,8,16,48,524344,524344,0,65536,65492.486906044345,0.9993360428778739,0.03970516589470208,,,,,0.011685346742355444,0.0,,0.0,True,4eafe727b67864632d25d30b526cbdb5c0a83989bf31e7b0cf41f7129c8a89da,5f7f7cfa66f4d6ec33ebf5a5feb3d8f77ba2110a,07cd010f4c03298d5dd924ac0c0882359d38e44324cce9573944c2da07617648,3e77667225bbf0a993fd271052a0206d2ee8e7d16ad3b8ea70e12c6744e22c01,historical_preference_bank_only,5
full,10,3,6,0.375,0.009527734881349711,0.5311514498523968,0.5311514498523968,0.5220877718429023,0.4661476587703801,not_reached,6,"[0, 1, 2, 3, 4, 5, 6, 7]",8,8,24,48,524328,524328,0,65536,65501.83438964748,0.9994786741584394,0.03894791705533862,,,,,0.009899218279982205,0.0,,0.0,True,4eafe727b67864632d25d30b526cbdb5c0a83989bf31e7b0cf41f7129c8a89da,5f7f7cfa66f4d6ec33ebf5a5feb3d8f77ba2110a,07cd010f4c03298d5dd924ac0c0882359d38e44324cce9573944c2da07617648,3e77667225bbf0a993fd271052a0206d2ee8e7d16ad3b8ea70e12c6744e22c01,historical_preference_bank_only,6
full,10,4,15,0.9375,0.008503864989852594,0.5311514498523968,0.5311514498523968,0.5220877718429023,0.4661476587703801,not_reached,6,"[0, 1, 2, 3, 4, 5, 6, 7]",8,8,32,48,524328,524328,0,65536,65508.82813037266,0.9995853901729227,0.039596499875187874,,,,,0.009484399182086913,0.0,,0.0,True,4eafe727b67864632d25d30b526cbdb5c0a83989bf31e7b0cf41f7129c8a89da,5f7f7cfa66f4d6ec33ebf5a5feb3d8f77ba2110a,07cd010f4c03298d5dd924ac0c0882359d38e44324cce9573944c2da07617648,3e77667225bbf0a993fd271052a0206d2ee8e7d16ad3b8ea70e12c6744e22c01,historical_preference_bank_only,7
full,10,5,4,0.25,0.49620197163368435,0.5311514498523968,0.5311514498523968,0.5220877718429023,0.4661476587703801,not_reached,6,"[0, 1, 2, 3, 4, 5, 6, 7]",8,8,40,48,524328,524328,0,65536,65513.313411369556,0.9996538301295403,0.05837954208254814,,,,,0.009467451305530492,0.0,,0.0,True,4eafe727b67864632d25d30b526cbdb5c0a83989bf31e7b0cf41f7129c8a89da,5f7f7cfa66f4d6ec33ebf5a5feb3d8f77ba2110a,07cd010f4c03298d5dd924ac0c0882359d38e44324cce9573944c2da07617648,3e77667225bbf0a993fd271052a0206d2ee8e7d16ad3b8ea70e12c6744e22c01,historical_preference_bank_only,8
full,10,6,12,0.75,0.9900424783259543,0.5311514498523968,0.9900424783259543,0.9882354306132825,0.0,reached,6,"[0, 1, 2, 3, 4, 5, 6, 7]",8,8,48,48,524344,524344,0,65536,65516.649037170566,0.9997047277400294,0.03970837499946356,,,,,0.00989326667481526,0.0,,0.0,True,4eafe727b67864632d25d30b526cbdb5c0a83989bf31e7b0cf41f7129c8a89da,5f7f7cfa66f4d6ec33ebf5a5feb3d8f77ba2110a,07cd010f4c03298d5dd924ac0c0882359d38e44324cce9573944c2da07617648,3e77667225bbf0a993fd271052a0206d2ee8e7d16ad3b8ea70e12c6744e22c01,historical_preference_bank_only,9
adaptive,10,1,3,0.1875,0.5311514498523968,0.26751055755746544,0.5311514498523968,0.5220877718429023,0.4661476587703801,not_reached,7,"[0, 1, 3, 4, 5, 6, 7]",7,8,7,42,983256,458928,524328,16384,16372.620837836987,0.9993054710593864,0.1268599161412567,65536,65490.92407320545,0.9993121959412453,0.04077200009487569,0.060858380348419956,0.0,0.0,0.0,True,4eafe727b67864632d25d30b526cbdb5c0a83989bf31e7b0cf41f7129c8a89da,5f7f7cfa66f4d6ec33ebf5a5feb3d8f77ba2110a,07cd010f4c03298d5dd924ac0c0882359d38e44324cce9573944c2da07617648,3e77667225bbf0a993fd271052a0206d2ee8e7d16ad3b8ea70e12c6744e22c01,historical_preference_bank_only,4
adaptive,10,2,5,0.3125,0.2022922747475235,0.5311514498523968,0.5311514498523968,0.5220877718429023,0.4661476587703801,not_reached,7,"[0, 1, 3, 4, 5, 6, 7]",7,8,14,42,983292,458948,524344,16384,16373.764132748543,0.9993752522429531,0.1307605025358498,65536,65494.305407877764,0.9993637910137598,0.040793292224407196,0.010485474414844608,7.11048766927739e-06,0.001477948185882351,0.0,True,4eafe727b67864632d25d30b526cbdb5c0a83989bf31e7b0cf41f7129c8a89da,5f7f7cfa66f4d6ec33ebf5a5feb3d8f77ba2110a,07cd010f4c03298d5dd924ac0c0882359d38e44324cce9573944c2da07617648,3e77667225bbf0a993fd271052a0206d2ee8e7d16ad3b8ea70e12c6744e22c01,historical_preference_bank_only,5
adaptive,10,3,6,0.375,0.009527734881349711,0.5311514498523968,0.5311514498523968,0.5220877718429023,0.4661476587703801,not_reached,7,"[0, 1, 3, 4, 5, 6, 7]",7,8,21,42,983260,458932,524328,16384,16375.138395459358,0.9994591305822362,0.1293755832593888,65536,65502.37697172166,0.9994869533038583,0.04128645802848041,0.010016027005394182,2.0904185861954237e-05,0.0028074498751177596,0.0,True,4eafe727b67864632d25d30b526cbdb5c0a83989bf31e7b0cf41f7129c8a89da,5f7f7cfa66f4d6ec33ebf5a5feb3d8f77ba2110a,07cd010f4c03298d5dd924ac0c0882359d38e44324cce9573944c2da07617648,3e77667225bbf0a993fd271052a0206d2ee8e7d16ad3b8ea70e12c6744e22c01,historical_preference_bank_only,6
adaptive,10,4,0,0.0,0.0006821466924187575,0.5311514498523968,0.5311514498523968,0.5220877718429023,0.4661476587703801,not_reached,7,"[0, 1, 3, 4, 5, 6, 7]",7,8,28,42,983220,458892,524328,16384,16377.192969716998,0.9995845318430785,0.1267801655922085,65536,65509.66789358436,0.9995982039426324,0.03894050000235438,0.009396021837087607,3.86557129964544e-05,0.0010223806374112744,0.00013886359187777544,True,4eafe727b67864632d25d30b526cbdb5c0a83989bf31e7b0cf41f7129c8a89da,5f7f7cfa66f4d6ec33ebf5a5feb3d8f77ba2110a,07cd010f4c03298d5dd924ac0c0882359d38e44324cce9573944c2da07617648,3e77667225bbf0a993fd271052a0206d2ee8e7d16ad3b8ea70e12c6744e22c01,historical_preference_bank_only,7
adaptive,10,5,4,0.25,0.49620197163368435,0.5311514498523968,0.5311514498523968,0.5220877718429023,0.4661476587703801,not_reached,7,"[0, 1, 3, 4, 5, 6, 7]",7,8,35,42,983220,458892,524328,16384,16378.83686091566,0.9996848669992469,0.12665312318131328,65536,65515.767858906656,0.9996912820267739,0.03896883316338062,0.009426571804295864,8.678978742122386e-05,0.0010194334954700813,0.0,True,4eafe727b67864632d25d30b526cbdb5c0a83989bf31e7b0cf41f7129c8a89da,5f7f7cfa66f4d6ec33ebf5a5feb3d8f77ba2110a,07cd010f4c03298d5dd924ac0c0882359d38e44324cce9573944c2da07617648,3e77667225bbf0a993fd271052a0206d2ee8e7d16ad3b8ea70e12c6744e22c01,historical_preference_bank_only,8
adaptive,10,6,15,0.9375,0.008503864989852594,0.5311514498523968,0.5311514498523968,0.5220877718429023,0.4661476587703801,not_reached,7,"[0, 1, 3, 4, 5, 6, 7]",7,8,42,42,983290,458946,524344,16384,16379.539224755561,0.9997277358859595,0.12527991621755064,65536,65518.24680190237,0.9997291076950435,0.03884383291006088,0.009312025561802238,8.678978742122386e-05,0.0010152703545702995,0.0009247555771351203,True,4eafe727b67864632d25d30b526cbdb5c0a83989bf31e7b0cf41f7129c8a89da,5f7f7cfa66f4d6ec33ebf5a5feb3d8f77ba2110a,07cd010f4c03298d5dd924ac0c0882359d38e44324cce9573944c2da07617648,3e77667225bbf0a993fd271052a0206d2ee8e7d16ad3b8ea70e12c6744e22c01,historical_preference_bank_only,9
standard,11,1,1,0.0625,0.0618499889858727,0.2569797062719178,0.2569797062719178,0.258984272217597,0.7292511583956854,not_reached,7,[],0,8,0,0,0,0,0,0,,,0.0,,,,,0.05065789182837887,,,,True,4eafe727b67864632d25d30b526cbdb5c0a83989bf31e7b0cf41f7129c8a89da,5f7f7cfa66f4d6ec33ebf5a5feb3d8f77ba2110a,1ba049c4e6c48680712f2692817228fd64305db9ff48e8600ee5961fa9223d4f,ea14a3ef8f995b4a519047914132cbe81505aaebb375b1f0f6d1805624c32711,historical_preference_bank_only,4
standard,11,2,3,0.1875,0.5269331918988971,0.2569797062719178,0.5269331918988971,0.5220877718429023,0.4661476587703801,not_reached,7,[],0,8,0,0,0,0,0,0,,,0.0,,,,,0.0506527239480384,,,,True,4eafe727b67864632d25d30b526cbdb5c0a83989bf31e7b0cf41f7129c8a89da,5f7f7cfa66f4d6ec33ebf5a5feb3d8f77ba2110a,1ba049c4e6c48680712f2692817228fd64305db9ff48e8600ee5961fa9223d4f,ea14a3ef8f995b4a519047914132cbe81505aaebb375b1f0f6d1805624c32711,historical_preference_bank_only,5
standard,11,3,4,0.25,0.4992692609206388,0.5269331918988971,0.5269331918988971,0.5220877718429023,0.4661476587703801,not_reached,7,[],0,8,0,0,0,0,0,0,,,0.0,,,,,0.015598262321647433,,,,True,4eafe727b67864632d25d30b526cbdb5c0a83989bf31e7b0cf41f7129c8a89da,5f7f7cfa66f4d6ec33ebf5a5feb3d8f77ba2110a,1ba049c4e6c48680712f2692817228fd64305db9ff48e8600ee5961fa9223d4f,ea14a3ef8f995b4a519047914132cbe81505aaebb375b1f0f6d1805624c32711,historical_preference_bank_only,6
standard,11,4,5,0.3125,0.20122776820059193,0.5269331918988971,0.5269331918988971,0.5220877718429023,0.4661476587703801,not_reached,7,[],0,8,0,0,0,0,0,0,,,0.0,,,,,0.014736383035230734,,,,True,4eafe727b67864632d25d30b526cbdb5c0a83989bf31e7b0cf41f7129c8a89da,5f7f7cfa66f4d6ec33ebf5a5feb3d8f77ba2110a,1ba049c4e6c48680712f2692817228fd64305db9ff48e8600ee5961fa9223d4f,ea14a3ef8f995b4a519047914132cbe81505aaebb375b1f0f6d1805624c32711,historical_preference_bank_only,7
standard,11,5,6,0.375,0.020562048541142026,0.5269331918988971,0.5269331918988971,0.5220877718429023,0.4661476587703801,not_reached,7,[],0,8,0,0,0,0,0,0,,,0.0,,,,,0.007757998584748967,,,,True,4eafe727b67864632d25d30b526cbdb5c0a83989bf31e7b0cf41f7129c8a89da,5f7f7cfa66f4d6ec33ebf5a5feb3d8f77ba2110a,1ba049c4e6c48680712f2692817228fd64305db9ff48e8600ee5961fa9223d4f,ea14a3ef8f995b4a519047914132cbe81505aaebb375b1f0f6d1805624c32711,historical_preference_bank_only,8
standard,11,6,15,0.9375,-0.015349331432358023,0.5269331918988971,0.5269331918988971,0.5220877718429023,0.4661476587703801,not_reached,7,[],0,8,0,0,0,0,0,0,,,0.0,,,,,0.0072828880968948025,,,,True,4eafe727b67864632d25d30b526cbdb5c0a83989bf31e7b0cf41f7129c8a89da,5f7f7cfa66f4d6ec33ebf5a5feb3d8f77ba2110a,1ba049c4e6c48680712f2692817228fd64305db9ff48e8600ee5961fa9223d4f,ea14a3ef8f995b4a519047914132cbe81505aaebb375b1f0f6d1805624c32711,historical_preference_bank_only,9
full,11,1,1,0.0625,0.0618499889858727,0.2569797062719178,0.2569797062719178,0.258984272217597,0.7292511583956854,not_reached,3,"[0, 1, 2, 3, 4, 5, 6, 7]",8,8,8,48,524344,524344,0,65536,65482.16524259546,0.9991785467925333,0.039655499858781695,,,,,0.07582315464550048,0.0,,0.0,True,4eafe727b67864632d25d30b526cbdb5c0a83989bf31e7b0cf41f7129c8a89da,5f7f7cfa66f4d6ec33ebf5a5feb3d8f77ba2110a,1ba049c4e6c48680712f2692817228fd64305db9ff48e8600ee5961fa9223d4f,ea14a3ef8f995b4a519047914132cbe81505aaebb375b1f0f6d1805624c32711,historical_preference_bank_only,4
full,11,2,13,0.8125,0.7123332699933747,0.2569797062719178,0.7123332699933747,0.69338852619193,0.2948469044213524,not_reached,3,"[0, 1, 2, 3, 4, 5, 6, 7]",8,8,16,48,1048632,1048632,0,131072,130981.4445757285,0.999309116941288,0.08029358391650021,,,,,0.06685315592322733,0.0,,0.0,True,4eafe727b67864632d25d30b526cbdb5c0a83989bf31e7b0cf41f7129c8a89da,5f7f7cfa66f4d6ec33ebf5a5feb3d8f77ba2110a,1ba049c4e6c48680712f2692817228fd64305db9ff48e8600ee5961fa9223d4f,ea14a3ef8f995b4a519047914132cbe81505aaebb375b1f0f6d1805624c32711,historical_preference_bank_only,5
full,11,3,12,0.75,0.9974987112096825,0.7123332699933747,0.9974987112096825,0.9882354306132825,0.0,reached,3,"[0, 1, 2, 3, 4, 5, 6, 7]",8,8,24,48,524344,524344,0,65536,65490.439042443904,0.999304794959166,0.040963334031403065,,,,,0.008960431696582893,0.0,,0.0,True,4eafe727b67864632d25d30b526cbdb5c0a83989bf31e7b0cf41f7129c8a89da,5f7f7cfa66f4d6ec33ebf5a5feb3d8f77ba2110a,1ba049c4e6c48680712f2692817228fd64305db9ff48e8600ee5961fa9223d4f,ea14a3ef8f995b4a519047914132cbe81505aaebb375b1f0f6d1805624c32711,historical_preference_bank_only,6
full,11,4,11,0.6875,0.5613962748535355,0.9974987112096825,0.9974987112096825,0.9882354306132825,0.0,reached,3,"[0, 1, 2, 3, 4, 5, 6, 7]",8,8,32,48,524344,524344,0,65536,65494.860284553564,0.9993722577599116,0.037927249912172556,,,,,0.0010703775839185164,0.0,,0.0,True,4eafe727b67864632d25d30b526cbdb5c0a83989bf31e7b0cf41f7129c8a89da,5f7f7cfa66f4d6ec33ebf5a5feb3d8f77ba2110a,1ba049c4e6c48680712f2692817228fd64305db9ff48e8600ee5961fa9223d4f,ea14a3ef8f995b4a519047914132cbe81505aaebb375b1f0f6d1805624c32711,historical_preference_bank_only,7
full,11,5,6,0.375,0.020562048541142026,0.9974987112096825,0.9974987112096825,0.9882354306132825,0.0,reached,3,"[0, 1, 2, 3, 4, 5, 6, 7]",8,8,40,48,524344,524344,0,65536,65504.48853412888,0.9995191731892225,0.03803091705776751,,,,,0.0001141965199468993,0.0,,0.0,True,4eafe727b67864632d25d30b526cbdb5c0a83989bf31e7b0cf41f7129c8a89da,5f7f7cfa66f4d6ec33ebf5a5feb3d8f77ba2110a,1ba049c4e6c48680712f2692817228fd64305db9ff48e8600ee5961fa9223d4f,ea14a3ef8f995b4a519047914132cbe81505aaebb375b1f0f6d1805624c32711,historical_preference_bank_only,8
full,11,6,0,0.0,0.021640637970482927,0.9974987112096825,0.9974987112096825,0.9882354306132825,0.0,reached,3,"[0, 1, 2, 3, 4, 5, 6, 7]",8,8,48,48,524344,524344,0,65536,65511.55996970641,0.999627074733069,0.03816454205662012,,,,,8.714376423458308e-05,0.0,,0.0,True,4eafe727b67864632d25d30b526cbdb5c0a83989bf31e7b0cf41f7129c8a89da,5f7f7cfa66f4d6ec33ebf5a5feb3d8f77ba2110a,1ba049c4e6c48680712f2692817228fd64305db9ff48e8600ee5961fa9223d4f,ea14a3ef8f995b4a519047914132cbe81505aaebb375b1f0f6d1805624c32711,historical_preference_bank_only,9
adaptive,11,1,1,0.0625,0.0618499889858727,0.2569797062719178,0.2569797062719178,0.258984272217597,0.7292511583956854,not_reached,3,"[0, 1, 3, 4, 5, 6, 7]",7,8,7,42,983290,458946,524344,16384,16370.060679928827,0.9991492114214372,0.13045408460311592,65536,65482.45598319059,0.9991829831419463,0.04088516696356237,0.07377828538955489,0.0,0.0,0.0,True,4eafe727b67864632d25d30b526cbdb5c0a83989bf31e7b0cf41f7129c8a89da,5f7f7cfa66f4d6ec33ebf5a5feb3d8f77ba2110a,1ba049c4e6c48680712f2692817228fd64305db9ff48e8600ee5961fa9223d4f,ea14a3ef8f995b4a519047914132cbe81505aaebb375b1f0f6d1805624c32711,historical_preference_bank_only,4
adaptive,11,2,13,0.8125,0.7123332699933747,0.2569797062719178,0.7123332699933747,0.69338852619193,0.2948469044213524,not_reached,3,"[0, 1, 3, 4, 5, 6, 7]",7,8,14,42,983290,458946,524344,16384,16372.656715356525,0.9993076608493973,0.12574266665615141,65536,65493.17611430606,0.9993465593613595,0.038913457887247205,0.06649887012433359,0.0,0.0,0.0,True,4eafe727b67864632d25d30b526cbdb5c0a83989bf31e7b0cf41f7129c8a89da,5f7f7cfa66f4d6ec33ebf5a5feb3d8f77ba2110a,1ba049c4e6c48680712f2692817228fd64305db9ff48e8600ee5961fa9223d4f,ea14a3ef8f995b4a519047914132cbe81505aaebb375b1f0f6d1805624c32711,historical_preference_bank_only,5
adaptive,11,3,12,0.75,0.9974987112096825,0.7123332699933747,0.9974987112096825,0.9882354306132825,0.0,reached,3,"[0, 1, 3, 4, 5, 6, 7]",7,8,21,42,983282,458938,524344,16384,16372.229060262574,0.9992815588539169,0.12487674923613667,65536,65488.91277450771,0.9992815059586748,0.038596333004534245,0.009417904204617963,0.0,0.0,0.0,True,4eafe727b67864632d25d30b526cbdb5c0a83989bf31e7b0cf41f7129c8a89da,5f7f7cfa66f4d6ec33ebf5a5feb3d8f77ba2110a,1ba049c4e6c48680712f2692817228fd64305db9ff48e8600ee5961fa9223d4f,ea14a3ef8f995b4a519047914132cbe81505aaebb375b1f0f6d1805624c32711,historical_preference_bank_only,6
adaptive,11,4,11,0.6875,0.5613962748535355,0.9974987112096825,0.9974987112096825,0.9882354306132825,0.0,reached,3,"[0, 1, 3, 4, 5, 6, 7]",7,8,28,42,983292,458948,524344,16384,16374.05924358926,0.9993932643792273,0.1265195431187749,65536,65496.66424557354,0.9993997840205924,0.03959370916709304,0.0010200355701336346,0.0,0.0,0.0,True,4eafe727b67864632d25d30b526cbdb5c0a83989bf31e7b0cf41f7129c8a89da,5f7f7cfa66f4d6ec33ebf5a5feb3d8f77ba2110a,1ba049c4e6c48680712f2692817228fd64305db9ff48e8600ee5961fa9223d4f,ea14a3ef8f995b4a519047914132cbe81505aaebb375b1f0f6d1805624c32711,historical_preference_bank_only,7
adaptive,11,5,0,0.0,0.021640637970482927,0.9974987112096825,0.9974987112096825,0.9882354306132825,0.0,reached,3,"[0, 1, 3, 4, 5, 6, 7]",7,8,35,42,983250,458906,524344,16384,16376.10404962284,0.9995180694349878,0.12814995693042874,65536,65504.58318759177,0.9995206174864467,0.03921962506137788,0.000130999353319268,2.0904185861954237e-05,0.00011145193490828841,6.609987587386633e-05,True,4eafe727b67864632d25d30b526cbdb5c0a83989bf31e7b0cf41f7129c8a89da,5f7f7cfa66f4d6ec33ebf5a5feb3d8f77ba2110a,1ba049c4e6c48680712f2692817228fd64305db9ff48e8600ee5961fa9223d4f,ea14a3ef8f995b4a519047914132cbe81505aaebb375b1f0f6d1805624c32711,historical_preference_bank_only,8
adaptive,11,6,6,0.375,0.020562048541142026,0.9974987112096825,0.9974987112096825,0.9882354306132825,0.0,reached,3,"[0, 1, 3, 4, 5, 6, 7]",7,8,42,42,983220,458892,524328,16384,16377.803442729608,0.9996217921587895,0.12275275029242039,65536,65510.2411212623,0.9996069507028549,0.03782745893113315,0.00011183375461044737,7.11048766927739e-06,0.0001884723200672278,0.0,True,4eafe727b67864632d25d30b526cbdb5c0a83989bf31e7b0cf41f7129c8a89da,5f7f7cfa66f4d6ec33ebf5a5feb3d8f77ba2110a,1ba049c4e6c48680712f2692817228fd64305db9ff48e8600ee5961fa9223d4f,ea14a3ef8f995b4a519047914132cbe81505aaebb375b1f0f6d1805624c32711,historical_preference_bank_only,9
