action_key,composition_key,normalized_formula,gw_mident,gw_family_mident,gw_parent_ids,gw_wave_parent_mident,gw_icsd_id,gw_icsd_space_group,gw_final_space_group,wave_parent_family_mident,wave_parent_parent_ids,wave_parent_icsd_space_group,wave_parent_final_space_group,wave_parent_total_energy_per_atom_ev,strict_pbe_family_anchor_mident,canonical_pbe_mident,selection_rule,source_query
current-nlr-pbe-gw-v1:gw:matdb:000286913,current-nlr-pbe-gw-v1:composition:200e7dadb9f07b12e1d820065e9ad2de9ecc0c5bcf2e909f9320acf1815a2e53,Ag2 O,286913,286914,[286915],286915,,,224,286914,[286914],,224,-2.263,286914,130596,"For a single-row GW composition, use that row. For a multi-row composition, select the GW row whose sole authoritative wave parent has the lowest finite GGA(+U) total energy per atom; break an exact displayed-energy tie by smaller stable GW MatDB ID. Never use GW band-gap magnitude.",gw_metadata + wave_metadata
current-nlr-pbe-gw-v1:gw:matdb:000289692,current-nlr-pbe-gw-v1:composition:dff2d24c4076c82e94af1420dba81afecc62a472a5a7aec8241ab76e9642204b,Al Bi O3,289692,289713,[289703],289703,,,161,289713,[289713],,161,-6.624,289713,289713,"For a single-row GW composition, use that row. For a multi-row composition, select the GW row whose sole authoritative wave parent has the lowest finite GGA(+U) total energy per atom; break an exact displayed-energy tie by smaller stable GW MatDB ID. Never use GW band-gap magnitude.",gw_metadata + wave_metadata
current-nlr-pbe-gw-v1:gw:matdb:000289828,current-nlr-pbe-gw-v1:composition:fdb5210930a780a827fc45d51a8d28d2fef71cbcf01d520c4d33e71423aacea3,Al Ce O3,289828,289832,[289847],289847,,,72,289832,[289832],,72,-8.012,289832,289832,"For a single-row GW composition, use that row. For a multi-row composition, select the GW row whose sole authoritative wave parent has the lowest finite GGA(+U) total energy per atom; break an exact displayed-energy tie by smaller stable GW MatDB ID. Never use GW band-gap magnitude.",gw_metadata + wave_metadata
current-nlr-pbe-gw-v1:gw:matdb:000009744,current-nlr-pbe-gw-v1:composition:06053993505aacc47eaba12b91e7851de84ac27cd3c67dabd2628cb244e7b25c,Al Cu O2,9744,9593,[10138],10138,,,166,9593,[9593],,166,-6.041,9593,9593,"For a single-row GW composition, use that row. For a multi-row composition, select the GW row whose sole authoritative wave parent has the lowest finite GGA(+U) total energy per atom; break an exact displayed-energy tie by smaller stable GW MatDB ID. Never use GW band-gap magnitude.",gw_metadata + wave_metadata
current-nlr-pbe-gw-v1:gw:matdb:000289861,current-nlr-pbe-gw-v1:composition:65ab19f031d981b671bc9b7db66928370376af77aaafe43481e621c03e41b78c,Al La O3,289861,289874,[289848],289848,,,167,289874,[289874],,167,-7.904,289874,107082,"For a single-row GW composition, use that row. For a multi-row composition, select the GW row whose sole authoritative wave parent has the lowest finite GGA(+U) total energy per atom; break an exact displayed-energy tie by smaller stable GW MatDB ID. Never use GW band-gap magnitude.",gw_metadata + wave_metadata
current-nlr-pbe-gw-v1:gw:matdb:000011924,current-nlr-pbe-gw-v1:composition:5a1e77718cf88a9edd3f8d69315187137624f2d76386da326e33aebba3acf18a,Al Li O2,11924,11471,[11338],11338,,,166,11471,[11471],,166,-6.618,11471,11471,"For a single-row GW composition, use that row. For a multi-row composition, select the GW row whose sole authoritative wave parent has the lowest finite GGA(+U) total energy per atom; break an exact displayed-energy tie by smaller stable GW MatDB ID. Never use GW band-gap magnitude.",gw_metadata + wave_metadata
current-nlr-pbe-gw-v1:gw:matdb:000009985,current-nlr-pbe-gw-v1:composition:92553ca81a375b56cf17c50d42728c8881d2720a3b900845f319b13b73f72194,Al2 Cd O4,9985,9556,[9690],9690,,,227,9556,[9556],,227,-6.382,9556,9556,"For a single-row GW composition, use that row. For a multi-row composition, select the GW row whose sole authoritative wave parent has the lowest finite GGA(+U) total energy per atom; break an exact displayed-energy tie by smaller stable GW MatDB ID. Never use GW band-gap magnitude.",gw_metadata + wave_metadata
current-nlr-pbe-gw-v1:gw:matdb:000009577,current-nlr-pbe-gw-v1:composition:70328d58b819ee144ab22569fc1f7a4f949c480e8d8f6da122c20cad81eb38d1,Al2 Co O4,9577,9491,[9861],9861,,,227,9491,[9491],,227,-7.176,9491,9491,"For a single-row GW composition, use that row. For a multi-row composition, select the GW row whose sole authoritative wave parent has the lowest finite GGA(+U) total energy per atom; break an exact displayed-energy tie by smaller stable GW MatDB ID. Never use GW band-gap magnitude.",gw_metadata + wave_metadata
current-nlr-pbe-gw-v1:gw:matdb:000009995,current-nlr-pbe-gw-v1:composition:6d0a4afe846be473dbe687d67865665ee72de713e79dbbb16b6e3d7a40f0af40,Al2 Cu O4,9995,9560,[9714],9714,,,141,9560,[9560],,141,-6.534,9560,9560,"For a single-row GW composition, use that row. For a multi-row composition, select the GW row whose sole authoritative wave parent has the lowest finite GGA(+U) total energy per atom; break an exact displayed-energy tie by smaller stable GW MatDB ID. Never use GW band-gap magnitude.",gw_metadata + wave_metadata
current-nlr-pbe-gw-v1:gw:matdb:000289592,current-nlr-pbe-gw-v1:composition:10efa4483e7a59d484167ad4a212b11e31fb683a49b09e069e2aeb7d0f58d4d3,Al2 Fe O4,289592,289591,[289595],289595,,,141,289591,[289591],,141,-7.38,289591,131150,"For a single-row GW composition, use that row. For a multi-row composition, select the GW row whose sole authoritative wave parent has the lowest finite GGA(+U) total energy per atom; break an exact displayed-energy tie by smaller stable GW MatDB ID. Never use GW band-gap magnitude.",gw_metadata + wave_metadata
current-nlr-pbe-gw-v1:gw:matdb:000009582,current-nlr-pbe-gw-v1:composition:4ec54278782bdfe004c88db9f618f418ed76f0af4025461281ef31ef6dce5654,Al2 Mg O4,9582,9494,[9872],9872,,,227,9494,[9494],,227,-7.116,9494,107374,"For a single-row GW composition, use that row. For a multi-row composition, select the GW row whose sole authoritative wave parent has the lowest finite GGA(+U) total energy per atom; break an exact displayed-energy tie by smaller stable GW MatDB ID. Never use GW band-gap magnitude.",gw_metadata + wave_metadata
current-nlr-pbe-gw-v1:gw:matdb:000010003,current-nlr-pbe-gw-v1:composition:b13cd6e1d68c6c857da983e7873d5138af4a7e7510d83191bdc211768ab942d6,Al2 Mn O4,10003,9572,[9731],9731,,,227,9572,[9572],,227,-7.651,9572,9572,"For a single-row GW composition, use that row. For a multi-row composition, select the GW row whose sole authoritative wave parent has the lowest finite GGA(+U) total energy per atom; break an exact displayed-energy tie by smaller stable GW MatDB ID. Never use GW band-gap magnitude.",gw_metadata + wave_metadata
current-nlr-pbe-gw-v1:gw:matdb:000009592,current-nlr-pbe-gw-v1:composition:9b2366b9cb19bfd31d7ab51903592335881c053f280d990d0595fda6e7a050ad,Al2 Ni O4,9592,9499,[9901],9901,,,74,9499,[9499],,74,-6.925,9499,9499,"For a single-row GW composition, use that row. For a multi-row composition, select the GW row whose sole authoritative wave parent has the lowest finite GGA(+U) total energy per atom; break an exact displayed-energy tie by smaller stable GW MatDB ID. Never use GW band-gap magnitude.",gw_metadata + wave_metadata
current-nlr-pbe-gw-v1:gw:matdb:000010014,current-nlr-pbe-gw-v1:composition:db68d5cd81e192a0b7bda51f8348e653b27678732839f6c996f3fc30f1a5b3e6,Al2 O3,10014,9576,[9749],9749,,,167,9576,[9576],,167,-7.493,9576,9418,"For a single-row GW composition, use that row. For a multi-row composition, select the GW row whose sole authoritative wave parent has the lowest finite GGA(+U) total energy per atom; break an exact displayed-energy tie by smaller stable GW MatDB ID. Never use GW band-gap magnitude.",gw_metadata + wave_metadata
current-nlr-pbe-gw-v1:gw:matdb:000009613,current-nlr-pbe-gw-v1:composition:622826bb7225cac133db84cdb310697e81ea1bc273e3e1c108d95749c2d90eff,Al2 O4 Zn,9613,9508,[9934],9934,,,227,9508,[9508],,227,-6.699,9508,9508,"For a single-row GW composition, use that row. For a multi-row composition, select the GW row whose sole authoritative wave parent has the lowest finite GGA(+U) total energy per atom; break an exact displayed-energy tie by smaller stable GW MatDB ID. Never use GW band-gap magnitude.",gw_metadata + wave_metadata
current-nlr-pbe-gw-v1:gw:matdb:000010786,current-nlr-pbe-gw-v1:composition:131114703113be5d5aba5a77d23d6726379a9d8867dfd1463ca47f2fefc8388d,B2 O3,10786,10257,[10985],10985,,,144,10257,[10257],,144,-7.96,10257,10257,"For a single-row GW composition, use that row. For a multi-row composition, select the GW row whose sole authoritative wave parent has the lowest finite GGA(+U) total energy per atom; break an exact displayed-energy tie by smaller stable GW MatDB ID. Never use GW band-gap magnitude.",gw_metadata + wave_metadata
current-nlr-pbe-gw-v1:gw:matdb:000289615,current-nlr-pbe-gw-v1:composition:cedd1d613edf7f124052eb855c5a1e1e22457cccc3cf4bf24c2a76dfa852ff27,Ba Ce O3,289615,289614,[289622],289622,,,62,289614,[289614],,62,-7.465,289614,289614,"For a single-row GW composition, use that row. For a multi-row composition, select the GW row whose sole authoritative wave parent has the lowest finite GGA(+U) total energy per atom; break an exact displayed-energy tie by smaller stable GW MatDB ID. Never use GW band-gap magnitude.",gw_metadata + wave_metadata
current-nlr-pbe-gw-v1:gw:matdb:000012394,current-nlr-pbe-gw-v1:composition:805421279fde474cdb9a2f1b27411c4d07debcb73f67c7543411247d1e67ddc1,Ba Mn O2,12394,12370,[12234],12234,,,152,12370,[12370],,152,-6.971,12370,12370,"For a single-row GW composition, use that row. For a multi-row composition, select the GW row whose sole authoritative wave parent has the lowest finite GGA(+U) total energy per atom; break an exact displayed-energy tie by smaller stable GW MatDB ID. Never use GW band-gap magnitude.",gw_metadata + wave_metadata
current-nlr-pbe-gw-v1:gw:matdb:000289620,current-nlr-pbe-gw-v1:composition:00a377c841078b910be1cee88418bce664145efcb4f8efd13f9b637c450380d4,Ba Mn O3,289620,289618,[289628],289628,,,194,289618,[289618],,194,-7.007,289618,289618,"For a single-row GW composition, use that row. For a multi-row composition, select the GW row whose sole authoritative wave parent has the lowest finite GGA(+U) total energy per atom; break an exact displayed-energy tie by smaller stable GW MatDB ID. Never use GW band-gap magnitude.",gw_metadata + wave_metadata
current-nlr-pbe-gw-v1:gw:matdb:000012301,current-nlr-pbe-gw-v1:composition:9e0ad51dc7e098c85c45d5b3f79bdc75c26aa9ecfd9cafa5880f494ee6f77070,Ba Ni O2,12301,11855,[11678],11678,,,63,11855,[11855],,63,-5.774,11855,11855,"For a single-row GW composition, use that row. For a multi-row composition, select the GW row whose sole authoritative wave parent has the lowest finite GGA(+U) total energy per atom; break an exact displayed-energy tie by smaller stable GW MatDB ID. Never use GW band-gap magnitude.",gw_metadata + wave_metadata
current-nlr-pbe-gw-v1:gw:matdb:000286928,current-nlr-pbe-gw-v1:composition:30b61fa5dfd7feaaada8b343ccc9af15cf888eb019bf67b5f0dad6e299504731,Ba Ni O3,286928,286929,[286930],286930,,,194,286929,[286929],,194,-5.815,286929,286929,"For a single-row GW composition, use that row. For a multi-row composition, select the GW row whose sole authoritative wave parent has the lowest finite GGA(+U) total energy per atom; break an exact displayed-energy tie by smaller stable GW MatDB ID. Never use GW band-gap magnitude.",gw_metadata + wave_metadata
current-nlr-pbe-gw-v1:gw:matdb:000010038,current-nlr-pbe-gw-v1:composition:190d0f6b1b7d60984c823cbcccbff6f27477d38d1acbbaadac1ab09bf4709cba,Ba O,10038,9594,[9785],9785,,,225,9594,[9594],,225,-5.921,9594,9594,"For a single-row GW composition, use that row. For a multi-row composition, select the GW row whose sole authoritative wave parent has the lowest finite GGA(+U) total energy per atom; break an exact displayed-energy tie by smaller stable GW MatDB ID. Never use GW band-gap magnitude.",gw_metadata + wave_metadata
current-nlr-pbe-gw-v1:gw:matdb:000011844,current-nlr-pbe-gw-v1:composition:318cf3095b5b9f55bc8f0b11e5983b6b8b69acf2d65eb086f697fc6a433bd08b,Ba O2 Zn,11844,11658,[12388],12388,,,152,11658,[11658],,152,-5.258,11658,11658,"For a single-row GW composition, use that row. For a multi-row composition, select the GW row whose sole authoritative wave parent has the lowest finite GGA(+U) total energy per atom; break an exact displayed-energy tie by smaller stable GW MatDB ID. Never use GW band-gap magnitude.",gw_metadata + wave_metadata
current-nlr-pbe-gw-v1:gw:matdb:000010465,current-nlr-pbe-gw-v1:composition:edc981c9299daf03ef149e162220d52662328a3e13acd0a0b3457a0ddcfcf535,Ba O3 Sn,10465,10225,[11098],11098,,,221,10225,[10225],,221,-6.332,10225,10225,"For a single-row GW composition, use that row. For a multi-row composition, select the GW row whose sole authoritative wave parent has the lowest finite GGA(+U) total energy per atom; break an exact displayed-energy tie by smaller stable GW MatDB ID. Never use GW band-gap magnitude.",gw_metadata + wave_metadata
current-nlr-pbe-gw-v1:gw:matdb:000286938,current-nlr-pbe-gw-v1:composition:260ca2612db2289785338c96231a0d8cc0fd503fa6261f716099cb8fbc6e24ce,Ba O3 Ti,286938,286939,[286940],286940,,,221,286939,[286939],,221,-7.58,286939,10375,"For a single-row GW composition, use that row. For a multi-row composition, select the GW row whose sole authoritative wave parent has the lowest finite GGA(+U) total energy per atom; break an exact displayed-energy tie by smaller stable GW MatDB ID. Never use GW band-gap magnitude.",gw_metadata + wave_metadata
current-nlr-pbe-gw-v1:gw:matdb:000286943,current-nlr-pbe-gw-v1:composition:61ef3c9e7df65ecf9ee295f77a6d29a95ea825593b61d46416633c9947c51822,Ba O3 Zr,286943,286944,[286945],286945,,,99,286944,[286944],,99,-7.936,286944,109418,"For a single-row GW composition, use that row. For a multi-row composition, select the GW row whose sole authoritative wave parent has the lowest finite GGA(+U) total energy per atom; break an exact displayed-energy tie by smaller stable GW MatDB ID. Never use GW band-gap magnitude.",gw_metadata + wave_metadata
current-nlr-pbe-gw-v1:gw:matdb:000289616,current-nlr-pbe-gw-v1:composition:d4c9a5fe9e4547716f005ba2d0671f923578b329e17e394f2cb02d6d94675ccb,Ba O6 Sb2,289616,289613,[289623],289623,,,162,289613,[289613],,162,-6.325,289613,289613,"For a single-row GW composition, use that row. For a multi-row composition, select the GW row whose sole authoritative wave parent has the lowest finite GGA(+U) total energy per atom; break an exact displayed-energy tie by smaller stable GW MatDB ID. Never use GW band-gap magnitude.",gw_metadata + wave_metadata
current-nlr-pbe-gw-v1:gw:matdb:000289674,current-nlr-pbe-gw-v1:composition:7c9eddd5d6779d708a77b0d928271f7ffa59bd8a9a58a11ce34d1626e531f8c2,Ba2 O3 Zn,289674,289673,[289690],289690,,,15,289673,[289673],,15,-5.489,289673,289673,"For a single-row GW composition, use that row. For a multi-row composition, select the GW row whose sole authoritative wave parent has the lowest finite GGA(+U) total energy per atom; break an exact displayed-energy tie by smaller stable GW MatDB ID. Never use GW band-gap magnitude.",gw_metadata + wave_metadata
current-nlr-pbe-gw-v1:gw:matdb:000012353,current-nlr-pbe-gw-v1:composition:64a15ba39d2aedbe6c0cb34ee4395726b7dbe03899311e4785fb992eeda797f2,Ba2 O4 Sn,12353,12195,[11838],11838,,,139,12195,[12195],,139,-6.285,12195,12195,"For a single-row GW composition, use that row. For a multi-row composition, select the GW row whose sole authoritative wave parent has the lowest finite GGA(+U) total energy per atom; break an exact displayed-energy tie by smaller stable GW MatDB ID. Never use GW band-gap magnitude.",gw_metadata + wave_metadata
current-nlr-pbe-gw-v1:gw:matdb:000289656,current-nlr-pbe-gw-v1:composition:bac270a8fba04d7bcdcb13c6f88f6bbce3636865d769170ba297e4b04bc6564d,Ba2 O4 Ti,289656,289663,[289665],289665,,,14,289663,[289663],,14,-7.145,289663,289663,"For a single-row GW composition, use that row. For a multi-row composition, select the GW row whose sole authoritative wave parent has the lowest finite GGA(+U) total energy per atom; break an exact displayed-energy tie by smaller stable GW MatDB ID. Never use GW band-gap magnitude.",gw_metadata + wave_metadata
current-nlr-pbe-gw-v1:gw:matdb:000289701,current-nlr-pbe-gw-v1:composition:af9dc86b3427c8c22ac334891dd34e9b3871288975477a8c21735364d81993da,Ba5 Nb4 O15,289701,289691,[289695],289695,,,164,289691,[289691],,164,-7.542,289691,117469,"For a single-row GW composition, use that row. For a multi-row composition, select the GW row whose sole authoritative wave parent has the lowest finite GGA(+U) total energy per atom; break an exact displayed-energy tie by smaller stable GW MatDB ID. Never use GW band-gap magnitude.",gw_metadata + wave_metadata
current-nlr-pbe-gw-v1:gw:matdb:000286958,current-nlr-pbe-gw-v1:composition:9a6f79e2d9c1d224aa8887f12e2a32225b3f0ca84cde603126bd2dc7aed8e92d,Bi Cl O,286958,286959,[286960],286960,,,129,286959,[286959],,129,-4.845,286959,286959,"For a single-row GW composition, use that row. For a multi-row composition, select the GW row whose sole authoritative wave parent has the lowest finite GGA(+U) total energy per atom; break an exact displayed-energy tie by smaller stable GW MatDB ID. Never use GW band-gap magnitude.",gw_metadata + wave_metadata
current-nlr-pbe-gw-v1:gw:matdb:000012401,current-nlr-pbe-gw-v1:composition:508487e74049c737f1b83faf1d041e0a7996c6c0423c5eb7344c95e57e8b73d0,Bi Co O3,12401,12282,[11832],11832,,,99,12282,[12282],,99,-5.96,12282,12282,"For a single-row GW composition, use that row. For a multi-row composition, select the GW row whose sole authoritative wave parent has the lowest finite GGA(+U) total energy per atom; break an exact displayed-energy tie by smaller stable GW MatDB ID. Never use GW band-gap magnitude.",gw_metadata + wave_metadata
current-nlr-pbe-gw-v1:gw:matdb:000289702,current-nlr-pbe-gw-v1:composition:9ded9597d95c16717b4c54e367b356d1391e2b11d997c38bc2db75dec6803445,Bi Cr O3,289702,289700,[289716],289716,,,15,289700,[289700],,15,-6.944,289700,289700,"For a single-row GW composition, use that row. For a multi-row composition, select the GW row whose sole authoritative wave parent has the lowest finite GGA(+U) total energy per atom; break an exact displayed-energy tie by smaller stable GW MatDB ID. Never use GW band-gap magnitude.",gw_metadata + wave_metadata
current-nlr-pbe-gw-v1:gw:matdb:000289708,current-nlr-pbe-gw-v1:composition:87e4d897747d83b520e6dbd88cc326aa09611bdcf7ae747f5eff27000a015ec7,Bi Fe O3,289708,289711,[289704],289704,,,161,289711,[289711],,161,-6.43,289711,289711,"For a single-row GW composition, use that row. For a multi-row composition, select the GW row whose sole authoritative wave parent has the lowest finite GGA(+U) total energy per atom; break an exact displayed-energy tie by smaller stable GW MatDB ID. Never use GW band-gap magnitude.",gw_metadata + wave_metadata
current-nlr-pbe-gw-v1:gw:matdb:000289723,current-nlr-pbe-gw-v1:composition:8d3f1533bb35d42e0c3dcede4434aefb2ea0272d22f1c6b969b92ccf2dcb71ff,Bi Ga O3,289723,289715,[289746],289746,,,54,289715,[289715],,54,-5.937,289715,289715,"For a single-row GW composition, use that row. For a multi-row composition, select the GW row whose sole authoritative wave parent has the lowest finite GGA(+U) total energy per atom; break an exact displayed-energy tie by smaller stable GW MatDB ID. Never use GW band-gap magnitude.",gw_metadata + wave_metadata
current-nlr-pbe-gw-v1:gw:matdb:000286963,current-nlr-pbe-gw-v1:composition:c1a44fddae1f65cc59092a1f53ed4de1a860e0ea1bbf5785e6cdd8e65e06b5f0,Bi I O,286963,286964,[286965],286965,,,129,286964,[286964],,129,-4.445,286964,286964,"For a single-row GW composition, use that row. For a multi-row composition, select the GW row whose sole authoritative wave parent has the lowest finite GGA(+U) total energy per atom; break an exact displayed-energy tie by smaller stable GW MatDB ID. Never use GW band-gap magnitude.",gw_metadata + wave_metadata
current-nlr-pbe-gw-v1:gw:matdb:000011636,current-nlr-pbe-gw-v1:composition:16875af382ac8f537e38a231d465af418ca874db6e445f6f73cfa4b358cafec7,Bi In O3,11636,12379,[12349],12349,,,33,12379,[12379],,33,-5.71,12379,12379,"For a single-row GW composition, use that row. For a multi-row composition, select the GW row whose sole authoritative wave parent has the lowest finite GGA(+U) total energy per atom; break an exact displayed-energy tie by smaller stable GW MatDB ID. Never use GW band-gap magnitude.",gw_metadata + wave_metadata
current-nlr-pbe-gw-v1:gw:matdb:000286953,current-nlr-pbe-gw-v1:composition:72a9f8931ab3b30a889009c573f644ed3819d7b07ca39986ebfe9e6bf982879e,Bi Nb O4,286953,286954,[286955],286955,,,52,286954,[286954],,52,-7.235,286954,286954,"For a single-row GW composition, use that row. For a multi-row composition, select the GW row whose sole authoritative wave parent has the lowest finite GGA(+U) total energy per atom; break an exact displayed-energy tie by smaller stable GW MatDB ID. Never use GW band-gap magnitude.",gw_metadata + wave_metadata
current-nlr-pbe-gw-v1:gw:matdb:000289712,current-nlr-pbe-gw-v1:composition:b77ed67802fc13261ffaccd375f027539aa0f19004405437768d9d0868f41c36,Bi O4 Sb,289712,289714,[289717],289717,,,15,289714,[289714],,15,-6.003,289714,289714,"For a single-row GW composition, use that row. For a multi-row composition, select the GW row whose sole authoritative wave parent has the lowest finite GGA(+U) total energy per atom; break an exact displayed-energy tie by smaller stable GW MatDB ID. Never use GW band-gap magnitude.",gw_metadata + wave_metadata
current-nlr-pbe-gw-v1:gw:matdb:000286968,current-nlr-pbe-gw-v1:composition:f7c088c99118e08133f32a540923a4e1ec4ed751ce438e8f4279a0fa82180880,Bi O4 Ta,286968,286969,[286970],286970,,,52,286969,[286969],,52,-7.799,286969,286969,"For a single-row GW composition, use that row. For a multi-row composition, select the GW row whose sole authoritative wave parent has the lowest finite GGA(+U) total energy per atom; break an exact displayed-energy tie by smaller stable GW MatDB ID. Never use GW band-gap magnitude.",gw_metadata + wave_metadata
current-nlr-pbe-gw-v1:gw:matdb:000010975,current-nlr-pbe-gw-v1:composition:1afe14e7b30d7a9f52edd2afe8d8bfe8271ad7c275664e3cee60e3176483963a,Bi2 Cd O4,10975,10468,[11198],11198,,,135,10468,[10468],,135,-5.157,10468,10468,"For a single-row GW composition, use that row. For a multi-row composition, select the GW row whose sole authoritative wave parent has the lowest finite GGA(+U) total energy per atom; break an exact displayed-energy tie by smaller stable GW MatDB ID. Never use GW band-gap magnitude.",gw_metadata + wave_metadata
current-nlr-pbe-gw-v1:gw:matdb:000012174,current-nlr-pbe-gw-v1:composition:66a5fbfa7bf7d6d11e6b2be939d95f4b068300b3d3102dec3611baa884807110,Bi2 Cu O4,12174,11801,[12398],12398,,,130,11801,[11801],,130,-5.387,11801,11801,"For a single-row GW composition, use that row. For a multi-row composition, select the GW row whose sole authoritative wave parent has the lowest finite GGA(+U) total energy per atom; break an exact displayed-energy tie by smaller stable GW MatDB ID. Never use GW band-gap magnitude.",gw_metadata + wave_metadata
current-nlr-pbe-gw-v1:gw:matdb:000010575,current-nlr-pbe-gw-v1:composition:c535fc5fb215ba09797678d99ca6e0148fec6347da136e2fde2c70a15b9ee0b0,Bi2 O3,10575,10317,[11200],11200,,,14,10317,[10317],,14,-5.822,10317,10317,"For a single-row GW composition, use that row. For a multi-row composition, select the GW row whose sole authoritative wave parent has the lowest finite GGA(+U) total energy per atom; break an exact displayed-energy tie by smaller stable GW MatDB ID. Never use GW band-gap magnitude.",gw_metadata + wave_metadata
current-nlr-pbe-gw-v1:gw:matdb:000011802,current-nlr-pbe-gw-v1:composition:65be4e207640811ebf752ee8bc0fcd2fee75d5e6dfc7c2037a72d1ba7c26c59f,Bi2 O4 Sr,11802,11605,[11224],11224,,,12,11605,[11605],,12,-5.941,11605,11605,"For a single-row GW composition, use that row. For a multi-row composition, select the GW row whose sole authoritative wave parent has the lowest finite GGA(+U) total energy per atom; break an exact displayed-energy tie by smaller stable GW MatDB ID. Never use GW band-gap magnitude.",gw_metadata + wave_metadata
current-nlr-pbe-gw-v1:gw:matdb:000011201,current-nlr-pbe-gw-v1:composition:48a28b53751d8308a768aed52d5e1789883fb7048d68f3ce065d37b64b600694,Bi2 O4 Zn,11201,10757,[11464],11464,,,135,10757,[10757],,135,-5.363,10757,10757,"For a single-row GW composition, use that row. For a multi-row composition, select the GW row whose sole authoritative wave parent has the lowest finite GGA(+U) total energy per atom; break an exact displayed-energy tie by smaller stable GW MatDB ID. Never use GW band-gap magnitude.",gw_metadata + wave_metadata
current-nlr-pbe-gw-v1:gw:matdb:000289999,current-nlr-pbe-gw-v1:composition:e7b9b30195728e1d94e3e2197a7a27b1a8c003f6895c98b13e2f05adac167a6a,Br Li3 O,289999,289947,[289985],289985,,,221,289947,[289947],,221,-4.159,289947,289947,"For a single-row GW composition, use that row. For a multi-row composition, select the GW row whose sole authoritative wave parent has the lowest finite GGA(+U) total energy per atom; break an exact displayed-energy tie by smaller stable GW MatDB ID. Never use GW band-gap magnitude.",gw_metadata + wave_metadata
current-nlr-pbe-gw-v1:gw:matdb:000290087,current-nlr-pbe-gw-v1:composition:09ce9e8c582ad0062585d056e15000f2fce96831c5016e49ca8bc1a0cf82a2cb,Br Na3 O,290087,290110,[290148],290148,,,221,290110,[290110],,221,-3.501,290110,290110,"For a single-row GW composition, use that row. For a multi-row composition, select the GW row whose sole authoritative wave parent has the lowest finite GGA(+U) total energy per atom; break an exact displayed-energy tie by smaller stable GW MatDB ID. Never use GW band-gap magnitude.",gw_metadata + wave_metadata
current-nlr-pbe-gw-v1:gw:matdb:000289757,current-nlr-pbe-gw-v1:composition:bed4fa4057f3f358e802ae0dbfd0aad6262e5ae9610147c79ccebab6a6b6fb48,Ca Ce O3,289757,289729,[289735],289735,,,62,289729,[289729],,62,-7.522,289729,289729,"For a single-row GW composition, use that row. For a multi-row composition, select the GW row whose sole authoritative wave parent has the lowest finite GGA(+U) total energy per atom; break an exact displayed-energy tie by smaller stable GW MatDB ID. Never use GW band-gap magnitude.",gw_metadata + wave_metadata
current-nlr-pbe-gw-v1:gw:matdb:000010042,current-nlr-pbe-gw-v1:composition:26283c9bad04e871494193a57cb7d6a349493bbdb99909cd31ecf48fbc05c86e,Ca O,10042,9596,[9789],9789,,,225,9596,[9596],,225,-6.471,9596,9596,"For a single-row GW composition, use that row. For a multi-row composition, select the GW row whose sole authoritative wave parent has the lowest finite GGA(+U) total energy per atom; break an exact displayed-energy tie by smaller stable GW MatDB ID. Never use GW band-gap magnitude.",gw_metadata + wave_metadata
current-nlr-pbe-gw-v1:gw:matdb:000289749,current-nlr-pbe-gw-v1:composition:942d9c8ef0ebbfdd36034d8f75f285b76cec34c2a78e95d7416922f78bc94d79,Ca O3 Sn,289749,289752,[289753],289753,,,62,289752,[289752],,62,-6.441,289752,109884,"For a single-row GW composition, use that row. For a multi-row composition, select the GW row whose sole authoritative wave parent has the lowest finite GGA(+U) total energy per atom; break an exact displayed-energy tie by smaller stable GW MatDB ID. Never use GW band-gap magnitude.",gw_metadata + wave_metadata
current-nlr-pbe-gw-v1:gw:matdb:000289780,current-nlr-pbe-gw-v1:composition:065008d77b6a9db58faa0cd51a22d9c78583a7ec171f591165bd89e314ca2afd,Ca O3 Ti,289780,289774,[289798],289798,,,62,289774,[289774],,62,-7.68,289774,289774,"For a single-row GW composition, use that row. For a multi-row composition, select the GW row whose sole authoritative wave parent has the lowest finite GGA(+U) total energy per atom; break an exact displayed-energy tie by smaller stable GW MatDB ID. Never use GW band-gap magnitude.",gw_metadata + wave_metadata
current-nlr-pbe-gw-v1:gw:matdb:000289740,current-nlr-pbe-gw-v1:composition:02175999c8cd8d0dbc5fe4f71e18b98569b4618020138c500145aa4d5aae237d,Ca O6 Sb2,289740,289730,[289755],289755,,,162,289730,[289730],,162,-6.337,289730,289730,"For a single-row GW composition, use that row. For a multi-row composition, select the GW row whose sole authoritative wave parent has the lowest finite GGA(+U) total energy per atom; break an exact displayed-energy tie by smaller stable GW MatDB ID. Never use GW band-gap magnitude.",gw_metadata + wave_metadata
current-nlr-pbe-gw-v1:gw:matdb:000289794,current-nlr-pbe-gw-v1:composition:541d0b4d14926315378a30196a2d9199c48e78fdc5072a66712b66912df9df3b,Ca2 Nb2 O7,289794,289796,[289795],289795,,,4,289796,[289796],,4,-7.706,289796,289796,"For a single-row GW composition, use that row. For a multi-row composition, select the GW row whose sole authoritative wave parent has the lowest finite GGA(+U) total energy per atom; break an exact displayed-energy tie by smaller stable GW MatDB ID. Never use GW band-gap magnitude.",gw_metadata + wave_metadata
current-nlr-pbe-gw-v1:gw:matdb:000289808,current-nlr-pbe-gw-v1:composition:5c7f82fa056058c1edf8ea33ce0d68eda3a11fab85451c75ba6f03bf5e4afe23,Ca2 O7 Ta2,289808,289817,[289813],289813,,,4,289817,[289817],,4,-8.299,289817,289817,"For a single-row GW composition, use that row. For a multi-row composition, select the GW row whose sole authoritative wave parent has the lowest finite GGA(+U) total energy per atom; break an exact displayed-energy tie by smaller stable GW MatDB ID. Never use GW band-gap magnitude.",gw_metadata + wave_metadata
current-nlr-pbe-gw-v1:gw:matdb:000009667,current-nlr-pbe-gw-v1:composition:29ec3f7da6c5cdea7efb8a8217a4ca5b9319ca4f44b26e36ad760794a92e3fdb,Cd Co2 O4,9667,9538,[10001],10001,,,227,9538,[9538],,227,-5.429,9538,9538,"For a single-row GW composition, use that row. For a multi-row composition, select the GW row whose sole authoritative wave parent has the lowest finite GGA(+U) total energy per atom; break an exact displayed-energy tie by smaller stable GW MatDB ID. Never use GW band-gap magnitude.",gw_metadata + wave_metadata
current-nlr-pbe-gw-v1:gw:matdb:000009691,current-nlr-pbe-gw-v1:composition:f2f392a417364ab9ce8465d7289eb32f7f2cb18d93d86d8f20a5c88cf91fa071,Cd Cr2 O4,9691,9557,[10034],10034,,,141,9557,[9557],,141,-6.9,9557,9557,"For a single-row GW composition, use that row. For a multi-row composition, select the GW row whose sole authoritative wave parent has the lowest finite GGA(+U) total energy per atom; break an exact displayed-energy tie by smaller stable GW MatDB ID. Never use GW band-gap magnitude.",gw_metadata + wave_metadata
current-nlr-pbe-gw-v1:gw:matdb:000010286,current-nlr-pbe-gw-v1:composition:3d87705b843a355d26d3cf2d43b77b446e83e475b726f8396410f1af9abc130b,Cd Fe2 O4,10286,9798,[10237],10237,,,141,9798,[9798],,141,-6.056,9798,169437,"For a single-row GW composition, use that row. For a multi-row composition, select the GW row whose sole authoritative wave parent has the lowest finite GGA(+U) total energy per atom; break an exact displayed-energy tie by smaller stable GW MatDB ID. Never use GW band-gap magnitude.",gw_metadata + wave_metadata
current-nlr-pbe-gw-v1:gw:matdb:000009900,current-nlr-pbe-gw-v1:composition:9744f268cf9148d6f48c473dd0083d67b8ff2131d8582ee4a639a091db33ef03,Cd Ga2 O4,9900,9721,[10402],10402,,,227,9721,[9721],,227,-5.378,9721,9721,"For a single-row GW composition, use that row. For a multi-row composition, select the GW row whose sole authoritative wave parent has the lowest finite GGA(+U) total energy per atom; break an exact displayed-energy tie by smaller stable GW MatDB ID. Never use GW band-gap magnitude.",gw_metadata + wave_metadata
current-nlr-pbe-gw-v1:gw:matdb:000010018,current-nlr-pbe-gw-v1:composition:2a3f1a541fc3990b3f0577ab61fc22e506d1abdd1514a2fd218f50a057495259,Cd In2 O4,10018,9829,[10574],10574,,,227,9829,[9829],,227,-5.104,9829,9829,"For a single-row GW composition, use that row. For a multi-row composition, select the GW row whose sole authoritative wave parent has the lowest finite GGA(+U) total energy per atom; break an exact displayed-energy tie by smaller stable GW MatDB ID. Never use GW band-gap magnitude.",gw_metadata + wave_metadata
current-nlr-pbe-gw-v1:gw:matdb:000011892,current-nlr-pbe-gw-v1:composition:200c37b94c03a0afdbd7c93c0230e6bc3d516017b374e9e92f8d665d9ef8ca3a,Cd Mn2 O4,11892,11592,[11309],11309,,,70,11592,[11592],,70,-6.553,11592,11592,"For a single-row GW composition, use that row. For a multi-row composition, select the GW row whose sole authoritative wave parent has the lowest finite GGA(+U) total energy per atom; break an exact displayed-energy tie by smaller stable GW MatDB ID. Never use GW band-gap magnitude.",gw_metadata + wave_metadata
current-nlr-pbe-gw-v1:gw:matdb:000011004,current-nlr-pbe-gw-v1:composition:2e51526b13ce06c1fb34d6a2f65bd87d80ce86346b173ed90e5a33bfec790c00,Cd O4 Sb2,11004,10507,[11221],11221,,,135,10507,[10507],,135,-5.293,10507,10507,"For a single-row GW composition, use that row. For a multi-row composition, select the GW row whose sole authoritative wave parent has the lowest finite GGA(+U) total energy per atom; break an exact displayed-energy tie by smaller stable GW MatDB ID. Never use GW band-gap magnitude.",gw_metadata + wave_metadata
current-nlr-pbe-gw-v1:gw:matdb:000010085,current-nlr-pbe-gw-v1:composition:d34ce30b7a9cc6c5f912e4d12461effb7f2c00667d371945bb88cc0c75cdca63,Cd2 O4 Sn,10085,9623,[9844],9844,,,74,9623,[9623],,74,-4.804,9623,9528,"For a single-row GW composition, use that row. For a multi-row composition, select the GW row whose sole authoritative wave parent has the lowest finite GGA(+U) total energy per atom; break an exact displayed-energy tie by smaller stable GW MatDB ID. Never use GW band-gap magnitude.",gw_metadata + wave_metadata
current-nlr-pbe-gw-v1:gw:matdb:000286978,current-nlr-pbe-gw-v1:composition:5a326213be9b6cba8e620bc7c20801a5b85e1127964bfcd201c571b1f117883d,Cd3 Cl2 O2,286978,286979,[286980],286980,,,14,286979,[286979],,14,-3.088,286979,286979,"For a single-row GW composition, use that row. For a multi-row composition, select the GW row whose sole authoritative wave parent has the lowest finite GGA(+U) total energy per atom; break an exact displayed-energy tie by smaller stable GW MatDB ID. Never use GW band-gap magnitude.",gw_metadata + wave_metadata
current-nlr-pbe-gw-v1:gw:matdb:000289994,current-nlr-pbe-gw-v1:composition:f5d9c456c6404b3e8859381ea4b5a0c65310e8f8207b3c56a1b3d3d2dbcd06e2,Ce Mg O3,289994,289952,[289951],289951,,,62,289952,[289952],,62,-7.189,289952,289952,"For a single-row GW composition, use that row. For a multi-row composition, select the GW row whose sole authoritative wave parent has the lowest finite GGA(+U) total energy per atom; break an exact displayed-energy tie by smaller stable GW MatDB ID. Never use GW band-gap magnitude.",gw_metadata + wave_metadata
current-nlr-pbe-gw-v1:gw:matdb:000289867,current-nlr-pbe-gw-v1:composition:b1479ec6d7ef0d7af2b32be4aba0984a1a0fc36420ea62e4aade03c03f54d5e3,Ce O2,289867,289838,[289854],289854,,,225,289838,[289838],,225,-8.341,289838,289838,"For a single-row GW composition, use that row. For a multi-row composition, select the GW row whose sole authoritative wave parent has the lowest finite GGA(+U) total energy per atom; break an exact displayed-energy tie by smaller stable GW MatDB ID. Never use GW band-gap magnitude.",gw_metadata + wave_metadata
current-nlr-pbe-gw-v1:gw:matdb:000290176,current-nlr-pbe-gw-v1:composition:e13982c3d9009c90d2e4612dc36bdef6794951d3b8b4d20cdf40ee9c9322c133,Ce O3 Sr,290176,290130,[290128],290128,,,62,290130,[290130],,62,-7.449,290130,290130,"For a single-row GW composition, use that row. For a multi-row composition, select the GW row whose sole authoritative wave parent has the lowest finite GGA(+U) total energy per atom; break an exact displayed-energy tie by smaller stable GW MatDB ID. Never use GW band-gap magnitude.",gw_metadata + wave_metadata
current-nlr-pbe-gw-v1:gw:matdb:000290178,current-nlr-pbe-gw-v1:composition:6b38e4c490d3df652e4c376695845ac78e2e9d138f1464ee640f7082df971695,Ce O4 Sr2,290178,290198,[290219],290219,,,55,290198,[290198],,55,-7.086,290198,290198,"For a single-row GW composition, use that row. For a multi-row composition, select the GW row whose sole authoritative wave parent has the lowest finite GGA(+U) total energy per atom; break an exact displayed-energy tie by smaller stable GW MatDB ID. Never use GW band-gap magnitude.",gw_metadata + wave_metadata
current-nlr-pbe-gw-v1:gw:matdb:000289894,current-nlr-pbe-gw-v1:composition:5741f78015c95a8e66ff696129c5be7e62619662563fad8d23eaf3f2630e87a3,Ce2 La2 O7,289894,289949,[289901],289901,,,227,289949,[289949],,227,-8.236,289949,289949,"For a single-row GW composition, use that row. For a multi-row composition, select the GW row whose sole authoritative wave parent has the lowest finite GGA(+U) total energy per atom; break an exact displayed-energy tie by smaller stable GW MatDB ID. Never use GW band-gap magnitude.",gw_metadata + wave_metadata
current-nlr-pbe-gw-v1:gw:matdb:000289849,current-nlr-pbe-gw-v1:composition:ac2a6ccbdebd52d0c53f14a9305762f6da0387029fbd5ed13dd9221308376ad1,Ce2 O3,289849,289862,[289852],289852,,,164,289862,[289862],,164,-8.372,289862,289862,"For a single-row GW composition, use that row. For a multi-row composition, select the GW row whose sole authoritative wave parent has the lowest finite GGA(+U) total energy per atom; break an exact displayed-energy tie by smaller stable GW MatDB ID. Never use GW band-gap magnitude.",gw_metadata + wave_metadata
current-nlr-pbe-gw-v1:gw:matdb:000286988,current-nlr-pbe-gw-v1:composition:e906dbf95fbd861d46bdbb2239333ad604a628609cba71bc51579f1c1c675f6a,Cl In O,286988,286989,[286990],286990,,,59,286989,[286989],,59,-4.511,286989,286989,"For a single-row GW composition, use that row. For a multi-row composition, select the GW row whose sole authoritative wave parent has the lowest finite GGA(+U) total energy per atom; break an exact displayed-energy tie by smaller stable GW MatDB ID. Never use GW band-gap magnitude.",gw_metadata + wave_metadata
current-nlr-pbe-gw-v1:gw:matdb:000289958,current-nlr-pbe-gw-v1:composition:bace706d22c33cedfaeeb0ac34dee033580cb10bf1996090188149b6ca75e26e,Cl Li3 O,289958,289975,[289954],289954,,,221,289975,[289975],,221,-4.315,289975,289975,"For a single-row GW composition, use that row. For a multi-row composition, select the GW row whose sole authoritative wave parent has the lowest finite GGA(+U) total energy per atom; break an exact displayed-energy tie by smaller stable GW MatDB ID. Never use GW band-gap magnitude.",gw_metadata + wave_metadata
current-nlr-pbe-gw-v1:gw:matdb:000290106,current-nlr-pbe-gw-v1:composition:88467e1077156c34db2b1b418028de1715e5644916dcf99900ba10a7a12883ad,Cl Na3 O,290106,290143,[290096],290096,,,221,290143,[290143],,221,-3.608,290143,290143,"For a single-row GW composition, use that row. For a multi-row composition, select the GW row whose sole authoritative wave parent has the lowest finite GGA(+U) total energy per atom; break an exact displayed-energy tie by smaller stable GW MatDB ID. Never use GW band-gap magnitude.",gw_metadata + wave_metadata
current-nlr-pbe-gw-v1:gw:matdb:000011744,current-nlr-pbe-gw-v1:composition:27da5ac79a0bc52eb148d6dc0f4af2dc351cb4a16c185bed68cd16a05e4f2e8c,Co Cr2 O4,11744,12377,[12247],12247,,,141,12377,[12377],,141,-7.649,12377,12377,"For a single-row GW composition, use that row. For a multi-row composition, select the GW row whose sole authoritative wave parent has the lowest finite GGA(+U) total energy per atom; break an exact displayed-energy tie by smaller stable GW MatDB ID. Never use GW band-gap magnitude.",gw_metadata + wave_metadata
current-nlr-pbe-gw-v1:gw:matdb:000011596,current-nlr-pbe-gw-v1:composition:2e7a74218960ad8f281338db47363ffe9337e8cce8339b618630ae99b8fc372d,Co Fe2 O4,11596,12299,[12109],12109,,,109,12299,[12299],,109,-6.797,12299,12299,"For a single-row GW composition, use that row. For a multi-row composition, select the GW row whose sole authoritative wave parent has the lowest finite GGA(+U) total energy per atom; break an exact displayed-energy tie by smaller stable GW MatDB ID. Never use GW band-gap magnitude.",gw_metadata + wave_metadata
current-nlr-pbe-gw-v1:gw:matdb:000010320,current-nlr-pbe-gw-v1:composition:26e620c9df6375349421aba763591551b1851f72bef17afcbbb1c550bfe200fb,Co Ga2 O4,10320,9830,[10294],10294,,,227,9830,[9830],,227,-6.126,9830,9830,"For a single-row GW composition, use that row. For a multi-row composition, select the GW row whose sole authoritative wave parent has the lowest finite GGA(+U) total energy per atom; break an exact displayed-energy tie by smaller stable GW MatDB ID. Never use GW band-gap magnitude.",gw_metadata + wave_metadata
current-nlr-pbe-gw-v1:gw:matdb:000010421,current-nlr-pbe-gw-v1:composition:b2a547348bdee31ae0509d32cd341a31cdc15e4dc50fabfba6360d198cf61ceb,Co In2 O4,10421,9921,[10457],10457,,,227,9921,[9921],,227,-5.781,9921,9921,"For a single-row GW composition, use that row. For a multi-row composition, select the GW row whose sole authoritative wave parent has the lowest finite GGA(+U) total energy per atom; break an exact displayed-energy tie by smaller stable GW MatDB ID. Never use GW band-gap magnitude.",gw_metadata + wave_metadata
current-nlr-pbe-gw-v1:gw:matdb:000011455,current-nlr-pbe-gw-v1:composition:93fc348e1dfe7f5023ae208be1b6652ac876c1734d84af8669cd57c591692c0e,Co Li O2,11455,11311,[12029],12029,,,166,11311,[11311],,166,-5.783,11311,11311,"For a single-row GW composition, use that row. For a multi-row composition, select the GW row whose sole authoritative wave parent has the lowest finite GGA(+U) total energy per atom; break an exact displayed-energy tie by smaller stable GW MatDB ID. Never use GW band-gap magnitude.",gw_metadata + wave_metadata
current-nlr-pbe-gw-v1:gw:matdb:000011269,current-nlr-pbe-gw-v1:composition:cc03880303e4d6164d01b8f157ff95d1d5f4ac63807ce8ea13723bb9eb6b122a,Co Ni O4 Sn,11269,11913,[11717],11717,,,46,11913,[11913],,46,-6.05,11913,11913,"For a single-row GW composition, use that row. For a multi-row composition, select the GW row whose sole authoritative wave parent has the lowest finite GGA(+U) total energy per atom; break an exact displayed-energy tie by smaller stable GW MatDB ID. Never use GW band-gap magnitude.",gw_metadata + wave_metadata
current-nlr-pbe-gw-v1:gw:matdb:000011024,current-nlr-pbe-gw-v1:composition:d9370cdc9701ddebc40908ade300ef0b1b82e19b20257a299c2a519823ad97da,Co O,11024,10528,[11248],11248,,,119,10528,[10528],,119,-6.21,10528,10528,"For a single-row GW composition, use that row. For a multi-row composition, select the GW row whose sole authoritative wave parent has the lowest finite GGA(+U) total energy per atom; break an exact displayed-energy tie by smaller stable GW MatDB ID. Never use GW band-gap magnitude.",gw_metadata + wave_metadata
current-nlr-pbe-gw-v1:gw:matdb:000012255,current-nlr-pbe-gw-v1:composition:5e10c7b001b2628ed97a087604278ff93a88b1a723b05637b6a986e2f941d5f9,Co2 Cu O4,12255,11787,[11619],11619,,,141,11787,[11787],,141,-5.596,11787,11787,"For a single-row GW composition, use that row. For a multi-row composition, select the GW row whose sole authoritative wave parent has the lowest finite GGA(+U) total energy per atom; break an exact displayed-energy tie by smaller stable GW MatDB ID. Never use GW band-gap magnitude.",gw_metadata + wave_metadata
current-nlr-pbe-gw-v1:gw:matdb:000010113,current-nlr-pbe-gw-v1:composition:8835f014a0784ca4299ca953a6aa515f2c4ec943fb72f2949e5f4ef6405256ed,Co2 Mg O4,10113,9639,[9891],9891,,,227,9639,[9639],,227,-6.137,9639,9639,"For a single-row GW composition, use that row. For a multi-row composition, select the GW row whose sole authoritative wave parent has the lowest finite GGA(+U) total energy per atom; break an exact displayed-energy tie by smaller stable GW MatDB ID. Never use GW band-gap magnitude.",gw_metadata + wave_metadata
current-nlr-pbe-gw-v1:gw:matdb:000009677,current-nlr-pbe-gw-v1:composition:3d77b7404a022890db7e958c049df033ead24f07421037f19e8f4b984d31e20c,Co2 O4 Zn,9677,9546,[10013],10013,,,227,9546,[9546],,227,-5.73,9546,9546,"For a single-row GW composition, use that row. For a multi-row composition, select the GW row whose sole authoritative wave parent has the lowest finite GGA(+U) total energy per atom; break an exact displayed-energy tie by smaller stable GW MatDB ID. Never use GW band-gap magnitude.",gw_metadata + wave_metadata
current-nlr-pbe-gw-v1:gw:matdb:000010126,current-nlr-pbe-gw-v1:composition:8fb4e424596e12e84ae5077700dffd966b3ba2868c75d19d3fe53ff4aa9b3451,Co3 O4,10126,9648,[9911],9911,,,227,9648,[9648],,227,-6.231,9648,9648,"For a single-row GW composition, use that row. For a multi-row composition, select the GW row whose sole authoritative wave parent has the lowest finite GGA(+U) total energy per atom; break an exact displayed-energy tie by smaller stable GW MatDB ID. Never use GW band-gap magnitude.",gw_metadata + wave_metadata
current-nlr-pbe-gw-v1:gw:matdb:000010806,current-nlr-pbe-gw-v1:composition:23dae1a0b26ebe02c60201c9521e57481521b5be8569d95d008d076bef4ed436,Cr Cu O2,10806,10272,[11019],11019,,,194,10272,[10272],,194,-6.456,10272,10272,"For a single-row GW composition, use that row. For a multi-row composition, select the GW row whose sole authoritative wave parent has the lowest finite GGA(+U) total energy per atom; break an exact displayed-energy tie by smaller stable GW MatDB ID. Never use GW band-gap magnitude.",gw_metadata + wave_metadata
current-nlr-pbe-gw-v1:gw:matdb:000011426,current-nlr-pbe-gw-v1:composition:19d80399e9537940686106341cb2549e08a566be021a567c76884a301df7139f,Cr Li O2,11426,12099,[11921],11921,,,12,12099,[12099],,12,-7.018,12099,12099,"For a single-row GW composition, use that row. For a multi-row composition, select the GW row whose sole authoritative wave parent has the lowest finite GGA(+U) total energy per atom; break an exact displayed-energy tie by smaller stable GW MatDB ID. Never use GW band-gap magnitude.",gw_metadata + wave_metadata
current-nlr-pbe-gw-v1:gw:matdb:000012300,current-nlr-pbe-gw-v1:composition:0b94e76aa884cb1721d9ca69613a4184b1ca50f21d41e2a6aa1c7b9d4a212d34,Cr2 Cu O4,12300,12087,[11736],11736,,,109,12087,[12087],,109,-7.012,12087,12087,"For a single-row GW composition, use that row. For a multi-row composition, select the GW row whose sole authoritative wave parent has the lowest finite GGA(+U) total energy per atom; break an exact displayed-energy tie by smaller stable GW MatDB ID. Never use GW band-gap magnitude.",gw_metadata + wave_metadata
current-nlr-pbe-gw-v1:gw:matdb:000009700,current-nlr-pbe-gw-v1:composition:63398fda16887e832d9c742d4301da19ac23815f828ae08d633d6815c8ca451a,Cr2 Mg O4,9700,9565,[10066],10066,,,141,9565,[9565],,141,-7.587,9565,9565,"For a single-row GW composition, use that row. For a multi-row composition, select the GW row whose sole authoritative wave parent has the lowest finite GGA(+U) total energy per atom; break an exact displayed-energy tie by smaller stable GW MatDB ID. Never use GW band-gap magnitude.",gw_metadata + wave_metadata
current-nlr-pbe-gw-v1:gw:matdb:000010152,current-nlr-pbe-gw-v1:composition:3a6f16f15cfe05c00e0e4858a0ff8d4bc45dfeeea1f75644a3d33d58867b89dd,Cr2 Mn O4,10152,9680,[9961],9961,,,141,9680,[9680],,141,-8.146,9680,9680,"For a single-row GW composition, use that row. For a multi-row composition, select the GW row whose sole authoritative wave parent has the lowest finite GGA(+U) total energy per atom; break an exact displayed-energy tie by smaller stable GW MatDB ID. Never use GW band-gap magnitude.",gw_metadata + wave_metadata
current-nlr-pbe-gw-v1:gw:matdb:000012367,current-nlr-pbe-gw-v1:composition:30ff1092b71608599e3821d185496cef81424627ef43b49d7cb90c7eeeaef869,Cr2 Ni O4,12367,12227,[11747],11747,,,109,12227,[12227],,109,-7.364,12227,12227,"For a single-row GW composition, use that row. For a multi-row composition, select the GW row whose sole authoritative wave parent has the lowest finite GGA(+U) total energy per atom; break an exact displayed-energy tie by smaller stable GW MatDB ID. Never use GW band-gap magnitude.",gw_metadata + wave_metadata
current-nlr-pbe-gw-v1:gw:matdb:000010163,current-nlr-pbe-gw-v1:composition:14d099e47ad18278b65ff2ff1de6f0c5529ad08e95358e562e956ade0f63d887,Cr2 O3,10163,9686,[9990],9990,,,167,9686,[9686],,167,-8.123,9686,9686,"For a single-row GW composition, use that row. For a multi-row composition, select the GW row whose sole authoritative wave parent has the lowest finite GGA(+U) total energy per atom; break an exact displayed-energy tie by smaller stable GW MatDB ID. Never use GW band-gap magnitude.",gw_metadata + wave_metadata
current-nlr-pbe-gw-v1:gw:matdb:000009737,current-nlr-pbe-gw-v1:composition:e7871bcca8853801aac75ab3bb073a7f84c8891cd29eedfabc68105654c49d85,Cr2 O4 Zn,9737,9589,[10129],10129,,,141,9589,[9589],,141,-7.155,9589,9589,"For a single-row GW composition, use that row. For a multi-row composition, select the GW row whose sole authoritative wave parent has the lowest finite GGA(+U) total energy per atom; break an exact displayed-energy tie by smaller stable GW MatDB ID. Never use GW band-gap magnitude.",gw_metadata + wave_metadata
current-nlr-pbe-gw-v1:gw:matdb:000012050,current-nlr-pbe-gw-v1:composition:1562483fbca6e3f758dbf40f9c004b1b01656af2f8f7bcbba1506bf847e2b1ab,Cu Fe O2,12050,11701,[12362],12362,,,63,11701,[11701],,63,-5.721,11701,11701,"For a single-row GW composition, use that row. For a multi-row composition, select the GW row whose sole authoritative wave parent has the lowest finite GGA(+U) total energy per atom; break an exact displayed-energy tie by smaller stable GW MatDB ID. Never use GW band-gap magnitude.",gw_metadata + wave_metadata
current-nlr-pbe-gw-v1:gw:matdb:000010188,current-nlr-pbe-gw-v1:composition:5eab7424f98d1f6c970a7bd477418be6dca168d7038052bae51d765d2223f37f,Cu Ga O2,10188,9715,[10041],10041,,,194,9715,[9715],,194,-5.122,9715,9715,"For a single-row GW composition, use that row. For a multi-row composition, select the GW row whose sole authoritative wave parent has the lowest finite GGA(+U) total energy per atom; break an exact displayed-energy tie by smaller stable GW MatDB ID. Never use GW band-gap magnitude.",gw_metadata + wave_metadata
current-nlr-pbe-gw-v1:gw:matdb:000009916,current-nlr-pbe-gw-v1:composition:0669176192869438017ecacf659cca193a2b4a74d2b958818435ec0d352d32ef,Cu Ga2 O4,9916,9735,[10424],10424,,,141,9735,[9735],,141,-5.474,9735,9735,"For a single-row GW composition, use that row. For a multi-row composition, select the GW row whose sole authoritative wave parent has the lowest finite GGA(+U) total energy per atom; break an exact displayed-energy tie by smaller stable GW MatDB ID. Never use GW band-gap magnitude.",gw_metadata + wave_metadata
current-nlr-pbe-gw-v1:gw:matdb:000009772,current-nlr-pbe-gw-v1:composition:013b2f365e173f61de380a2ab9cc316f47d427186d77e3816fa2e8f0446d7854,Cu In O2,9772,9621,[10187],10187,,,166,9621,[9621],,166,-4.863,9621,9621,"For a single-row GW composition, use that row. For a multi-row composition, select the GW row whose sole authoritative wave parent has the lowest finite GGA(+U) total energy per atom; break an exact displayed-energy tie by smaller stable GW MatDB ID. Never use GW band-gap magnitude.",gw_metadata + wave_metadata
current-nlr-pbe-gw-v1:gw:matdb:000010033,current-nlr-pbe-gw-v1:composition:f402332060ff87ffe8c2252fac44647f2f09752f8a2338d50f17b151f3c1474a,Cu In2 O4,10033,9849,[10599],10599,,,141,9849,[9849],,141,-5.11,9849,9849,"For a single-row GW composition, use that row. For a multi-row composition, select the GW row whose sole authoritative wave parent has the lowest finite GGA(+U) total energy per atom; break an exact displayed-energy tie by smaller stable GW MatDB ID. Never use GW band-gap magnitude.",gw_metadata + wave_metadata
current-nlr-pbe-gw-v1:gw:matdb:000012095,current-nlr-pbe-gw-v1:composition:05bf42098602ca51710b0a0caa06f5bf437b7b3297f9b10cff7bd5a8746bc361,Cu K O,12095,11814,[11523],11523,,,119,11814,[11814],,119,-3.735,11814,11814,"For a single-row GW composition, use that row. For a multi-row composition, select the GW row whose sole authoritative wave parent has the lowest finite GGA(+U) total energy per atom; break an exact displayed-energy tie by smaller stable GW MatDB ID. Never use GW band-gap magnitude.",gw_metadata + wave_metadata
current-nlr-pbe-gw-v1:gw:matdb:000289909,current-nlr-pbe-gw-v1:composition:ff90d32ab3e0dd95face9e6043204bc3259275d656893b5ce21cbc2ed759982a,Cu La2 O4,289909,289925,[289898],289898,,,139,289925,[289925],,139,-7.02,289925,289925,"For a single-row GW composition, use that row. For a multi-row composition, select the GW row whose sole authoritative wave parent has the lowest finite GGA(+U) total energy per atom; break an exact displayed-energy tie by smaller stable GW MatDB ID. Never use GW band-gap magnitude.",gw_metadata + wave_metadata
current-nlr-pbe-gw-v1:gw:matdb:000012289,current-nlr-pbe-gw-v1:composition:3d96862037347b8da76c0e5dd752aa1a8dff0009bc4b433f857d08a953a01f10,Cu Mn O2,12289,12253,[12040],12040,,,2,12253,[12253],,2,-6.148,12253,12253,"For a single-row GW composition, use that row. For a multi-row composition, select the GW row whose sole authoritative wave parent has the lowest finite GGA(+U) total energy per atom; break an exact displayed-energy tie by smaller stable GW MatDB ID. Never use GW band-gap magnitude.",gw_metadata + wave_metadata
current-nlr-pbe-gw-v1:gw:matdb:000011879,current-nlr-pbe-gw-v1:composition:25e96d1a1cc7fc5491c78601167b3bc7b37be33a40a23913d1e38e61ee50c720,Cu Na O,11879,11854,[11563],11563,,,139,11854,[11854],,139,-3.818,11854,11854,"For a single-row GW composition, use that row. For a multi-row composition, select the GW row whose sole authoritative wave parent has the lowest finite GGA(+U) total energy per atom; break an exact displayed-energy tie by smaller stable GW MatDB ID. Never use GW band-gap magnitude.",gw_metadata + wave_metadata
current-nlr-pbe-gw-v1:gw:matdb:000010236,current-nlr-pbe-gw-v1:composition:1d322f57e54423a870f637708518e6a6c35eaff759e03f1a605294ac9f8f0357,Cu O,10236,9759,[10167],10167,,,14,9759,[9759],,14,-4.197,9759,9759,"For a single-row GW composition, use that row. For a multi-row composition, select the GW row whose sole authoritative wave parent has the lowest finite GGA(+U) total energy per atom; break an exact displayed-energy tie by smaller stable GW MatDB ID. Never use GW band-gap magnitude.",gw_metadata + wave_metadata
current-nlr-pbe-gw-v1:gw:matdb:000011827,current-nlr-pbe-gw-v1:composition:b5b293df2818c04313ea1605f97c0adf5de344959b55017d9008bb4ea39a4a8f,Cu O4 Sb2,11827,11526,[11259],11259,,,130,11526,[11526],,130,-5.445,11526,11526,"For a single-row GW composition, use that row. For a multi-row composition, select the GW row whose sole authoritative wave parent has the lowest finite GGA(+U) total energy per atom; break an exact displayed-energy tie by smaller stable GW MatDB ID. Never use GW band-gap magnitude.",gw_metadata + wave_metadata
current-nlr-pbe-gw-v1:gw:matdb:000010244,current-nlr-pbe-gw-v1:composition:e407429e01b4f19c475f4f97d1790d656eff5ed2c20bb3c493b1c2a62d04fc36,Cu2 O,10244,9762,[10172],10172,,,224,9762,[9762],,224,-3.526,9762,9762,"For a single-row GW composition, use that row. For a multi-row composition, select the GW row whose sole authoritative wave parent has the lowest finite GGA(+U) total energy per atom; break an exact displayed-energy tie by smaller stable GW MatDB ID. Never use GW band-gap magnitude.",gw_metadata + wave_metadata
current-nlr-pbe-gw-v1:gw:matdb:000012241,current-nlr-pbe-gw-v1:composition:be128386b55e62723a62d0ef527ed94a01fcedeecc4142c2c35b7e45a71d8273,Cu4 O3,12241,12196,[11943],11943,,,70,12196,[12196],,70,-3.919,12196,12196,"For a single-row GW composition, use that row. For a multi-row composition, select the GW row whose sole authoritative wave parent has the lowest finite GGA(+U) total energy per atom; break an exact displayed-energy tie by smaller stable GW MatDB ID. Never use GW band-gap magnitude.",gw_metadata + wave_metadata
current-nlr-pbe-gw-v1:gw:matdb:000012079,current-nlr-pbe-gw-v1:composition:09e93bf4a2525036ace387a2dc7840d15779c413c743b37295455fa983b16c31,Fe Li O2,12079,11874,[11452],11452,,,12,11874,[11874],,12,-6.284,11874,11874,"For a single-row GW composition, use that row. For a multi-row composition, select the GW row whose sole authoritative wave parent has the lowest finite GGA(+U) total energy per atom; break an exact displayed-energy tie by smaller stable GW MatDB ID. Never use GW band-gap magnitude.",gw_metadata + wave_metadata
current-nlr-pbe-gw-v1:gw:matdb:000009856,current-nlr-pbe-gw-v1:composition:38a8774d44e7e1e67e9b9f6c37677a573d03eac891287a66fa2296ddf50aa2b8,Fe O,9856,9684,[10331],10331,,,2,9684,[9684],,2,-6.968,9684,9684,"For a single-row GW composition, use that row. For a multi-row composition, select the GW row whose sole authoritative wave parent has the lowest finite GGA(+U) total energy per atom; break an exact displayed-energy tie by smaller stable GW MatDB ID. Never use GW band-gap magnitude.",gw_metadata + wave_metadata
current-nlr-pbe-gw-v1:gw:matdb:000012176,current-nlr-pbe-gw-v1:composition:bbd76372cf99b7e25b4287e3a456637a8a26d185dcbf40254d64e27f57c02f9d,Fe2 Mg O4,12176,11911,[11588],11588,,,74,11911,[11911],,74,-6.764,11911,11911,"For a single-row GW composition, use that row. For a multi-row composition, select the GW row whose sole authoritative wave parent has the lowest finite GGA(+U) total energy per atom; break an exact displayed-energy tie by smaller stable GW MatDB ID. Never use GW band-gap magnitude.",gw_metadata + wave_metadata
current-nlr-pbe-gw-v1:gw:matdb:000011437,current-nlr-pbe-gw-v1:composition:39b32f8ab8171be564751d059e91152ac2487867e19b2f27d33c82ec6830554f,Fe2 Mn O4,11437,12201,[12169],12169,,,109,12201,[12201],,109,-7.307,12201,159320,"For a single-row GW composition, use that row. For a multi-row composition, select the GW row whose sole authoritative wave parent has the lowest finite GGA(+U) total energy per atom; break an exact displayed-energy tie by smaller stable GW MatDB ID. Never use GW band-gap magnitude.",gw_metadata + wave_metadata
current-nlr-pbe-gw-v1:gw:matdb:000011890,current-nlr-pbe-gw-v1:composition:16057c3caaa38159fec10ed64a78cc8f601c7f4d2137a431e2876d346a8fa7ac,Fe2 Ni O4,11890,11562,[12270],12270,,,12,11562,[11562],,12,-6.624,11562,11562,"For a single-row GW composition, use that row. For a multi-row composition, select the GW row whose sole authoritative wave parent has the lowest finite GGA(+U) total energy per atom; break an exact displayed-energy tie by smaller stable GW MatDB ID. Never use GW band-gap magnitude.",gw_metadata + wave_metadata
current-nlr-pbe-gw-v1:gw:matdb:000010295,current-nlr-pbe-gw-v1:composition:84937305913bcfa31ac846d2ee7466d51e9f6da6d5937dd66b003cc34a109f22,Fe2 O3,10295,9808,[10267],10267,,,167,9808,[9808],,167,-7.049,9808,191095,"For a single-row GW composition, use that row. For a multi-row composition, select the GW row whose sole authoritative wave parent has the lowest finite GGA(+U) total energy per atom; break an exact displayed-energy tie by smaller stable GW MatDB ID. Never use GW band-gap magnitude.",gw_metadata + wave_metadata
current-nlr-pbe-gw-v1:gw:matdb:000009877,current-nlr-pbe-gw-v1:composition:2f5368b04dc2c8d9618755c26279a796c63928344b71614ba78966b96bbc5cad,Fe2 O4 Zn,9877,9705,[10380],10380,,,141,9705,[9705],,141,-6.3,9705,189187,"For a single-row GW composition, use that row. For a multi-row composition, select the GW row whose sole authoritative wave parent has the lowest finite GGA(+U) total energy per atom; break an exact displayed-energy tie by smaller stable GW MatDB ID. Never use GW band-gap magnitude.",gw_metadata + wave_metadata
current-nlr-pbe-gw-v1:gw:matdb:000010334,current-nlr-pbe-gw-v1:composition:b721576214ab474f8b5c6867340375213420300cd15575a8dd6f5735f6b3e263,Ga2 Mg O4,10334,9841,[10306],10306,,,227,9841,[9841],,227,-6.059,9841,110904,"For a single-row GW composition, use that row. For a multi-row composition, select the GW row whose sole authoritative wave parent has the lowest finite GGA(+U) total energy per atom; break an exact displayed-energy tie by smaller stable GW MatDB ID. Never use GW band-gap magnitude.",gw_metadata + wave_metadata
current-nlr-pbe-gw-v1:gw:matdb:000009927,current-nlr-pbe-gw-v1:composition:94894f2df6e0179a966025cfee3288aed464ea528e5256654e8dbfedcc5eea9c,Ga2 Mn O4,9927,9747,[10443],10443,,,227,9747,[9747],,227,-6.624,9747,9747,"For a single-row GW composition, use that row. For a multi-row composition, select the GW row whose sole authoritative wave parent has the lowest finite GGA(+U) total energy per atom; break an exact displayed-energy tie by smaller stable GW MatDB ID. Never use GW band-gap magnitude.",gw_metadata + wave_metadata
current-nlr-pbe-gw-v1:gw:matdb:000010348,current-nlr-pbe-gw-v1:composition:1367b243719419b65b13aefc7c73028c68a9d5898ef6569e11cbcd9877db47f6,Ga2 Ni O4,10348,9854,[10342],10342,,,74,9854,[9854],,74,-5.922,9854,9854,"For a single-row GW composition, use that row. For a multi-row composition, select the GW row whose sole authoritative wave parent has the lowest finite GGA(+U) total energy per atom; break an exact displayed-energy tie by smaller stable GW MatDB ID. Never use GW band-gap magnitude.",gw_metadata + wave_metadata
current-nlr-pbe-gw-v1:gw:matdb:000010393,current-nlr-pbe-gw-v1:composition:e80a318a7592d966440b34fc114d715a880d0daa52c11ecab50c1cdb1bc3b62f,Ga2 O4 Zn,10393,9894,[10415],10415,,,227,9894,[9894],,227,-5.641,9894,9894,"For a single-row GW composition, use that row. For a multi-row composition, select the GW row whose sole authoritative wave parent has the lowest finite GGA(+U) total energy per atom; break an exact displayed-energy tie by smaller stable GW MatDB ID. Never use GW band-gap magnitude.",gw_metadata + wave_metadata
current-nlr-pbe-gw-v1:gw:matdb:000010518,current-nlr-pbe-gw-v1:composition:2d6443c822c4ca65927d79b94dc5bfd6be04b307667cf78e0a360bfab6179468,Ge Ni2 O4,10518,10266,[11152],11152,,,227,10266,[10266],,227,-5.962,10266,10266,"For a single-row GW composition, use that row. For a multi-row composition, select the GW row whose sole authoritative wave parent has the lowest finite GGA(+U) total energy per atom; break an exact displayed-energy tie by smaller stable GW MatDB ID. Never use GW band-gap magnitude.",gw_metadata + wave_metadata
current-nlr-pbe-gw-v1:gw:matdb:000010399,current-nlr-pbe-gw-v1:composition:9a0e81d93236f722f2c252add9dcee4dad1c8dd63b68c944d058ccf7ad00e70e,Ge O2,10399,9896,[10430],10430,,,136,9896,[9896],,136,-6.449,9896,9896,"For a single-row GW composition, use that row. For a multi-row composition, select the GW row whose sole authoritative wave parent has the lowest finite GGA(+U) total energy per atom; break an exact displayed-energy tie by smaller stable GW MatDB ID. Never use GW band-gap magnitude.",gw_metadata + wave_metadata
current-nlr-pbe-gw-v1:gw:matdb:000289858,current-nlr-pbe-gw-v1:composition:6f3bed2cacf402bc3b8d32bdfd7910be2365859abad717c22c3b3a791606b5e8,Hf O2,289858,289878,[289856],289856,,,14,289878,[289878],,14,-9.602,289878,110389,"For a single-row GW composition, use that row. For a multi-row composition, select the GW row whose sole authoritative wave parent has the lowest finite GGA(+U) total energy per atom; break an exact displayed-energy tie by smaller stable GW MatDB ID. Never use GW band-gap magnitude.",gw_metadata + wave_metadata
current-nlr-pbe-gw-v1:gw:matdb:000289924,current-nlr-pbe-gw-v1:composition:df3181e5959b538f09f4e09ca2af2caec22bdc8c27c2a6656c8e1501e63ed21d,Hf2 La2 O7,289924,289911,[289968],289968,,,227,289911,[289911],,227,-9.022,289911,111245,"For a single-row GW composition, use that row. For a multi-row composition, select the GW row whose sole authoritative wave parent has the lowest finite GGA(+U) total energy per atom; break an exact displayed-energy tie by smaller stable GW MatDB ID. Never use GW band-gap magnitude.",gw_metadata + wave_metadata
current-nlr-pbe-gw-v1:gw:matdb:000290331,current-nlr-pbe-gw-v1:composition:480d4b9f5e81de56519753a92ee932882c56233bd133432391a4e4ee3ba50083,Hf2 O7 Y2,290331,290275,[290301],290301,,,227,290275,[290275],,227,-9.161,290275,110077,"For a single-row GW composition, use that row. For a multi-row composition, select the GW row whose sole authoritative wave parent has the lowest finite GGA(+U) total energy per atom; break an exact displayed-energy tie by smaller stable GW MatDB ID. Never use GW band-gap magnitude.",gw_metadata + wave_metadata
current-nlr-pbe-gw-v1:gw:matdb:000010436,current-nlr-pbe-gw-v1:composition:2e199015572e4fc74af6c01997229bedb39cf7fdac5607abc54d91a852da9a37,In2 Mg O4,10436,9931,[10472],10472,,,227,9931,[9931],,227,-5.718,9931,9931,"For a single-row GW composition, use that row. For a multi-row composition, select the GW row whose sole authoritative wave parent has the lowest finite GGA(+U) total energy per atom; break an exact displayed-energy tie by smaller stable GW MatDB ID. Never use GW band-gap magnitude.",gw_metadata + wave_metadata
current-nlr-pbe-gw-v1:gw:matdb:000010046,current-nlr-pbe-gw-v1:composition:2ee0b96165e9fd58531128693d60cb68b3038e34d7f58a9d9073b00dc68857f4,In2 Mn O4,10046,9859,[10612],10612,,,227,9859,[9859],,227,-6.31,9859,9859,"For a single-row GW composition, use that row. For a multi-row composition, select the GW row whose sole authoritative wave parent has the lowest finite GGA(+U) total energy per atom; break an exact displayed-energy tie by smaller stable GW MatDB ID. Never use GW band-gap magnitude.",gw_metadata + wave_metadata
current-nlr-pbe-gw-v1:gw:matdb:000010448,current-nlr-pbe-gw-v1:composition:49a5f8d538b56be7b01f633482286551c1228112cf7831bbff2d3387576e655e,In2 Ni O4,10448,9944,[10500],10500,,,74,9944,[9944],,74,-5.572,9944,9944,"For a single-row GW composition, use that row. For a multi-row composition, select the GW row whose sole authoritative wave parent has the lowest finite GGA(+U) total energy per atom; break an exact displayed-energy tie by smaller stable GW MatDB ID. Never use GW band-gap magnitude.",gw_metadata + wave_metadata
current-nlr-pbe-gw-v1:gw:matdb:000010087,current-nlr-pbe-gw-v1:composition:6693e36c0af5bf0efbd870f8534018e9d51201456a911b08658672b93221a853,In2 O3,10087,9889,[10642],10642,,,206,9889,[9889],,206,-5.657,9889,9889,"For a single-row GW composition, use that row. For a multi-row composition, select the GW row whose sole authoritative wave parent has the lowest finite GGA(+U) total energy per atom; break an exact displayed-energy tie by smaller stable GW MatDB ID. Never use GW band-gap magnitude.",gw_metadata + wave_metadata
current-nlr-pbe-gw-v1:gw:matdb:000010478,current-nlr-pbe-gw-v1:composition:eb5d6bbbb0249185ce851b4fcac35d4958ca05120d15cc2d1cbafc3258c3f9cc,In2 O4 Zn,10478,9972,[10542],10542,,,227,9972,[9972],,227,-5.277,9972,6555,"For a single-row GW composition, use that row. For a multi-row composition, select the GW row whose sole authoritative wave parent has the lowest finite GGA(+U) total energy per atom; break an exact displayed-energy tie by smaller stable GW MatDB ID. Never use GW band-gap magnitude.",gw_metadata + wave_metadata
current-nlr-pbe-gw-v1:gw:matdb:000289890,current-nlr-pbe-gw-v1:composition:6237d509ccd037d3bd2033c596fafbd6ce9943da1a5f8d847638148ba3ea0381,La Mn O3,289890,289876,[289912],289912,,,15,289876,[289876],,15,-7.94,289876,126218,"For a single-row GW composition, use that row. For a multi-row composition, select the GW row whose sole authoritative wave parent has the lowest finite GGA(+U) total energy per atom; break an exact displayed-energy tie by smaller stable GW MatDB ID. Never use GW band-gap magnitude.",gw_metadata + wave_metadata
current-nlr-pbe-gw-v1:gw:matdb:000289918,current-nlr-pbe-gw-v1:composition:8b08595a4ef867bb90e73c8a6014f2f426c3d72b32f84458c7a18c56f9d402a8,La Nb O4,289918,289885,[289899],289899,,,15,289885,[289885],,15,-8.323,289885,289885,"For a single-row GW composition, use that row. For a multi-row composition, select the GW row whose sole authoritative wave parent has the lowest finite GGA(+U) total energy per atom; break an exact displayed-energy tie by smaller stable GW MatDB ID. Never use GW band-gap magnitude.",gw_metadata + wave_metadata
current-nlr-pbe-gw-v1:gw:matdb:000289881,current-nlr-pbe-gw-v1:composition:6cd81f7261a9a25482f12b38e359c62b527133c61bb78937869813c49051da30,La O4 Ta,289881,289897,[289889],289889,,,14,289897,[289897],,14,-8.863,289897,289897,"For a single-row GW composition, use that row. For a multi-row composition, select the GW row whose sole authoritative wave parent has the lowest finite GGA(+U) total energy per atom; break an exact displayed-energy tie by smaller stable GW MatDB ID. Never use GW band-gap magnitude.",gw_metadata + wave_metadata
current-nlr-pbe-gw-v1:gw:matdb:000289900,current-nlr-pbe-gw-v1:composition:7bf97e148f3de984b97fb8d7ad846f9dc96ab02bb9db2f19d26da4d7fddd5f66,La2 O2 S,289900,289896,[289908],289908,,,164,289896,[289896],,164,-7.71,289896,289896,"For a single-row GW composition, use that row. For a multi-row composition, select the GW row whose sole authoritative wave parent has the lowest finite GGA(+U) total energy per atom; break an exact displayed-energy tie by smaller stable GW MatDB ID. Never use GW band-gap magnitude.",gw_metadata + wave_metadata
current-nlr-pbe-gw-v1:gw:matdb:000289977,current-nlr-pbe-gw-v1:composition:d1214ef62b1581612d1675ed55e13170dbdde7d8c41ee33e4e67f4c799067fb5,La2 O2 Se,289977,289922,[289944],289944,,,164,289922,[289922],,164,-7.519,289922,289922,"For a single-row GW composition, use that row. For a multi-row composition, select the GW row whose sole authoritative wave parent has the lowest finite GGA(+U) total energy per atom; break an exact displayed-energy tie by smaller stable GW MatDB ID. Never use GW band-gap magnitude.",gw_metadata + wave_metadata
current-nlr-pbe-gw-v1:gw:matdb:000289910,current-nlr-pbe-gw-v1:composition:f21a49b5dab18babe09d3646ac1ab8f3874c0dde4040f65e995db1be470d0a4f,La2 O3,289910,289934,[289921],289921,,,164,289934,[289934],,164,-8.128,289934,111542,"For a single-row GW composition, use that row. For a multi-row composition, select the GW row whose sole authoritative wave parent has the lowest finite GGA(+U) total energy per atom; break an exact displayed-energy tie by smaller stable GW MatDB ID. Never use GW band-gap magnitude.",gw_metadata + wave_metadata
current-nlr-pbe-gw-v1:gw:matdb:000289932,current-nlr-pbe-gw-v1:composition:b43a041f7b92562e3edae51cab0116d55f73253f82b6635fee9db7cb50816375,La2 O7 Zr2,289932,289993,[289942],289942,,,227,289993,[289993],,227,-8.653,289993,110476,"For a single-row GW composition, use that row. For a multi-row composition, select the GW row whose sole authoritative wave parent has the lowest finite GGA(+U) total energy per atom; break an exact displayed-energy tie by smaller stable GW MatDB ID. Never use GW band-gap magnitude.",gw_metadata + wave_metadata
current-nlr-pbe-gw-v1:gw:matdb:000286998,current-nlr-pbe-gw-v1:composition:b95ff1693d6212f4974a3c5c4806be3c601e56ff8dd07a90d927e96e8734ab66,Li O,286998,286999,[287000],287000,,,194,286999,[286999],,194,-4.853,286999,286999,"For a single-row GW composition, use that row. For a multi-row composition, select the GW row whose sole authoritative wave parent has the lowest finite GGA(+U) total energy per atom; break an exact displayed-energy tie by smaller stable GW MatDB ID. Never use GW band-gap magnitude.",gw_metadata + wave_metadata
current-nlr-pbe-gw-v1:gw:matdb:000286993,current-nlr-pbe-gw-v1:composition:ea1680e7ed0859f7f86b133cc7f569b158dbcd3d4b95c66aecdc9ec576d65801,Li2 O,286993,286994,[286995],286995,,,225,286994,[286994],,225,-4.765,286994,286994,"For a single-row GW composition, use that row. For a multi-row composition, select the GW row whose sole authoritative wave parent has the lowest finite GGA(+U) total energy per atom; break an exact displayed-energy tie by smaller stable GW MatDB ID. Never use GW band-gap magnitude.",gw_metadata + wave_metadata
current-nlr-pbe-gw-v1:gw:matdb:000289941,current-nlr-pbe-gw-v1:composition:e82b2a3d133dae3cb9281b5fd80cc93d9a094df5b8d9f7dce608cf043fa61644,Li2 O3 Sn,289941,289933,[289956],289956,,,15,289933,[289933],,15,-5.665,289933,289933,"For a single-row GW composition, use that row. For a multi-row composition, select the GW row whose sole authoritative wave parent has the lowest finite GGA(+U) total energy per atom; break an exact displayed-energy tie by smaller stable GW MatDB ID. Never use GW band-gap magnitude.",gw_metadata + wave_metadata
current-nlr-pbe-gw-v1:gw:matdb:000011348,current-nlr-pbe-gw-v1:composition:fb997c528c1f4dc4b782b80a92cd06111f1a6d1dba682891bcc561c3620772af,Mg Mn2 O4,11348,11233,[11941],11941,,,70,11233,[11233],,70,-7.221,11233,11233,"For a single-row GW composition, use that row. For a multi-row composition, select the GW row whose sole authoritative wave parent has the lowest finite GGA(+U) total energy per atom; break an exact displayed-energy tie by smaller stable GW MatDB ID. Never use GW band-gap magnitude.",gw_metadata + wave_metadata
current-nlr-pbe-gw-v1:gw:matdb:000010484,current-nlr-pbe-gw-v1:composition:f5528085e7f1259f6f2025127ebae6ff9e70e6765c501e2d2aab9d0be2a67153,Mg O,10484,9973,[10545],10545,,,225,9973,[9973],,225,-5.993,9973,9973,"For a single-row GW composition, use that row. For a multi-row composition, select the GW row whose sole authoritative wave parent has the lowest finite GGA(+U) total energy per atom; break an exact displayed-energy tie by smaller stable GW MatDB ID. Never use GW band-gap magnitude.",gw_metadata + wave_metadata
current-nlr-pbe-gw-v1:gw:matdb:000290046,current-nlr-pbe-gw-v1:composition:3c5ff93660dc57332917f7482e44b90b03c2716f833695572a524439675ffb8c,Mg O3 Ti,290046,290005,[290013],290013,,,148,290005,[290005],,148,-7.387,290005,290005,"For a single-row GW composition, use that row. For a multi-row composition, select the GW row whose sole authoritative wave parent has the lowest finite GGA(+U) total energy per atom; break an exact displayed-energy tie by smaller stable GW MatDB ID. Never use GW band-gap magnitude.",gw_metadata + wave_metadata
current-nlr-pbe-gw-v1:gw:matdb:000290025,current-nlr-pbe-gw-v1:composition:6a06915f556185f18f20f52ffbb13227db9f17a54d27214bb72b66013223e8f8,Mg O5 Ti2,290025,290080,[290023],290023,,,63,290080,[290080],,63,-7.716,290080,290080,"For a single-row GW composition, use that row. For a multi-row composition, select the GW row whose sole authoritative wave parent has the lowest finite GGA(+U) total energy per atom; break an exact displayed-energy tie by smaller stable GW MatDB ID. Never use GW band-gap magnitude.",gw_metadata + wave_metadata
current-nlr-pbe-gw-v1:gw:matdb:000289987,current-nlr-pbe-gw-v1:composition:86ae630f155319e2ffa9150ff15eaf5901897b45f3ab3177fe65a460f8a0116f,Mg O6 Sb2,289987,289982,[290009],290009,,,136,289982,[289982],,136,-6.149,289982,289982,"For a single-row GW composition, use that row. For a multi-row composition, select the GW row whose sole authoritative wave parent has the lowest finite GGA(+U) total energy per atom; break an exact displayed-energy tie by smaller stable GW MatDB ID. Never use GW band-gap magnitude.",gw_metadata + wave_metadata
current-nlr-pbe-gw-v1:gw:matdb:000010136,current-nlr-pbe-gw-v1:composition:21ee7a9bf7f15a7231cf0b1c71d6f053e3f7ed2a8b47d213bc40ea071954ccd7,Mg2 O4 Sn,10136,9923,[10688],10688,,,74,9923,[9923],,74,-6.144,9923,9923,"For a single-row GW composition, use that row. For a multi-row composition, select the GW row whose sole authoritative wave parent has the lowest finite GGA(+U) total energy per atom; break an exact displayed-energy tie by smaller stable GW MatDB ID. Never use GW band-gap magnitude.",gw_metadata + wave_metadata
current-nlr-pbe-gw-v1:gw:matdb:000290107,current-nlr-pbe-gw-v1:composition:2516cf0e4ce0e0b2e122a48cee7a103036602ea8cb2224e9b8462da16cb7afea,Mg2 O4 Ti,290107,290062,[290056],290056,,,74,290062,[290062],,74,-6.987,290062,290062,"For a single-row GW composition, use that row. For a multi-row composition, select the GW row whose sole authoritative wave parent has the lowest finite GGA(+U) total energy per atom; break an exact displayed-energy tie by smaller stable GW MatDB ID. Never use GW band-gap magnitude.",gw_metadata + wave_metadata
current-nlr-pbe-gw-v1:gw:matdb:000011392,current-nlr-pbe-gw-v1:composition:6269044c8608d9d3ef8712f5ec51fa3280b911b4337b537b16bdd5d05a83b913,Mn Ni O3,11392,12072,[11867],11867,,,148,12072,[12072],,148,-6.625,12072,12072,"For a single-row GW composition, use that row. For a multi-row composition, select the GW row whose sole authoritative wave parent has the lowest finite GGA(+U) total energy per atom; break an exact displayed-energy tie by smaller stable GW MatDB ID. Never use GW band-gap magnitude.",gw_metadata + wave_metadata
current-nlr-pbe-gw-v1:gw:matdb:000011288,current-nlr-pbe-gw-v1:composition:af0fb650417ab17bb035dadc58a5e3efacf379effdd7519d5d2ccf4ae7a71299,Mn Ni O4 Sn,11288,11184,[11866],11866,,,46,11184,[11184],,46,-6.56,11184,11184,"For a single-row GW composition, use that row. For a multi-row composition, select the GW row whose sole authoritative wave parent has the lowest finite GGA(+U) total energy per atom; break an exact displayed-energy tie by smaller stable GW MatDB ID. Never use GW band-gap magnitude.",gw_metadata + wave_metadata
current-nlr-pbe-gw-v1:gw:matdb:000011066,current-nlr-pbe-gw-v1:composition:b4e944674726ab28d9a04d7e5575696e5657a7b4e3a6d1eecf566be75b252df0,Mn O,11066,10576,[11292],11292,,,36,10576,[10576],,36,-7.925,10576,10576,"For a single-row GW composition, use that row. For a multi-row composition, select the GW row whose sole authoritative wave parent has the lowest finite GGA(+U) total energy per atom; break an exact displayed-energy tie by smaller stable GW MatDB ID. Never use GW band-gap magnitude.",gw_metadata + wave_metadata
current-nlr-pbe-gw-v1:gw:matdb:000011962,current-nlr-pbe-gw-v1:composition:221acb7dd81344f6c0ff320bfbd824eb830d5710083eea7cd8c2a1c25050d098,Mn O2,11962,11671,[11384],11384,,,136,11671,[11671],,136,-7.261,11671,126640,"For a single-row GW composition, use that row. For a multi-row composition, select the GW row whose sole authoritative wave parent has the lowest finite GGA(+U) total energy per atom; break an exact displayed-energy tie by smaller stable GW MatDB ID. Never use GW band-gap magnitude.",gw_metadata + wave_metadata
current-nlr-pbe-gw-v1:gw:matdb:000011961,current-nlr-pbe-gw-v1:composition:268ab60b93b3f19bdc5011f074857c2f19000fc09f061e7155f392440b74f9cd,Mn2 Ni O4,11961,11752,[11343],11343,,,9,11752,[11752],,9,-7.027,11752,11752,"For a single-row GW composition, use that row. For a multi-row composition, select the GW row whose sole authoritative wave parent has the lowest finite GGA(+U) total energy per atom; break an exact displayed-energy tie by smaller stable GW MatDB ID. Never use GW band-gap magnitude.",gw_metadata + wave_metadata
current-nlr-pbe-gw-v1:gw:matdb:000010195,current-nlr-pbe-gw-v1:composition:b131adad3ee902c0d41a0eb1e2f1e624ea84641f0a4879cb7133c17322fc25f0,Mn2 O4 Sn,10195,9989,[10772],10772,,,46,9989,[9989],,46,-7.25,9989,9989,"For a single-row GW composition, use that row. For a multi-row composition, select the GW row whose sole authoritative wave parent has the lowest finite GGA(+U) total energy per atom; break an exact displayed-energy tie by smaller stable GW MatDB ID. Never use GW band-gap magnitude.",gw_metadata + wave_metadata
current-nlr-pbe-gw-v1:gw:matdb:000011568,current-nlr-pbe-gw-v1:composition:4c4e90b9edcff5efcce24afd5be6ccaeca1472e69472066d08e8d4b117cc2bb2,Mn2 O4 Zn,11568,11285,[11947],11947,,,70,11285,[11285],,70,-6.79,11285,11285,"For a single-row GW composition, use that row. For a multi-row composition, select the GW row whose sole authoritative wave parent has the lowest finite GGA(+U) total energy per atom; break an exact displayed-energy tie by smaller stable GW MatDB ID. Never use GW band-gap magnitude.",gw_metadata + wave_metadata
current-nlr-pbe-gw-v1:gw:matdb:000011727,current-nlr-pbe-gw-v1:composition:e8d70f827b0541218641cc882e122c09a707ede9dcc257f750ec40959acf38c6,Mn3 O4,11727,11304,[11205],11205,,,43,11304,[11304],,43,-7.794,11304,11304,"For a single-row GW composition, use that row. For a multi-row composition, select the GW row whose sole authoritative wave parent has the lowest finite GGA(+U) total energy per atom; break an exact displayed-energy tie by smaller stable GW MatDB ID. Never use GW band-gap magnitude.",gw_metadata + wave_metadata
current-nlr-pbe-gw-v1:gw:matdb:000290117,current-nlr-pbe-gw-v1:composition:ca0db7e34795e775eb3e2843b651448636c1b51afb754d031de0d9be193c8c95,Na O,290117,290172,[290099],290099,,,189,290172,[290172],,189,-4.218,290172,290172,"For a single-row GW composition, use that row. For a multi-row composition, select the GW row whose sole authoritative wave parent has the lowest finite GGA(+U) total energy per atom; break an exact displayed-energy tie by smaller stable GW MatDB ID. Never use GW band-gap magnitude.",gw_metadata + wave_metadata
current-nlr-pbe-gw-v1:gw:matdb:000290129,current-nlr-pbe-gw-v1:composition:41f23ca406a1edb6e60887dd69b6783e1373c7cef38f141bbe5eed69d37425b4,Na2 O,290129,290084,[290083],290083,,,225,290084,[290084],,225,-3.753,290084,110254,"For a single-row GW composition, use that row. For a multi-row composition, select the GW row whose sole authoritative wave parent has the lowest finite GGA(+U) total energy per atom; break an exact displayed-energy tie by smaller stable GW MatDB ID. Never use GW band-gap magnitude.",gw_metadata + wave_metadata
current-nlr-pbe-gw-v1:gw:matdb:000287048,current-nlr-pbe-gw-v1:composition:56b66de969f5425f01d3fda9d6ff0bbe65d71a831a23a553a07da483e9164e3e,Nb O4 Sb,287048,287049,[287050],287050,,,33,287049,[287049],,33,-7.256,287049,287049,"For a single-row GW composition, use that row. For a multi-row composition, select the GW row whose sole authoritative wave parent has the lowest finite GGA(+U) total energy per atom; break an exact displayed-energy tie by smaller stable GW MatDB ID. Never use GW band-gap magnitude.",gw_metadata + wave_metadata
current-nlr-pbe-gw-v1:gw:matdb:000290272,current-nlr-pbe-gw-v1:composition:445a6d2f821f332ca85329eac4cc2282c242e15fda1c7903dd0be20166bd8526,Nb O4 Y,290272,290270,[290324],290324,,,13,290270,[290270],,13,-8.513,290270,290270,"For a single-row GW composition, use that row. For a multi-row composition, select the GW row whose sole authoritative wave parent has the lowest finite GGA(+U) total energy per atom; break an exact displayed-energy tie by smaller stable GW MatDB ID. Never use GW band-gap magnitude.",gw_metadata + wave_metadata
current-nlr-pbe-gw-v1:gw:matdb:000290153,current-nlr-pbe-gw-v1:composition:cd7fd14df01a62f71d5f19833c1124151add66c2f0b724a9c63da65423d587af,Nb2 O5,290153,290125,[290196],290196,,,12,290125,[290125],,12,-8.136,290125,290125,"For a single-row GW composition, use that row. For a multi-row composition, select the GW row whose sole authoritative wave parent has the lowest finite GGA(+U) total energy per atom; break an exact displayed-energy tie by smaller stable GW MatDB ID. Never use GW band-gap magnitude.",gw_metadata + wave_metadata
current-nlr-pbe-gw-v1:gw:matdb:000290207,current-nlr-pbe-gw-v1:composition:dffd4d6571406db75c12791cf040ef05aaf604e17653d91f003841a9fca899a9,Nb2 O7 Sr2,290207,290243,[290212],290212,,,4,290243,[290243],,4,-7.648,290243,129682,"For a single-row GW composition, use that row. For a multi-row composition, select the GW row whose sole authoritative wave parent has the lowest finite GGA(+U) total energy per atom; break an exact displayed-energy tie by smaller stable GW MatDB ID. Never use GW band-gap magnitude.",gw_metadata + wave_metadata
current-nlr-pbe-gw-v1:gw:matdb:000010543,current-nlr-pbe-gw-v1:composition:7a3eabfe8b7ca6f397d3929015ae41c47c511b789d7e5e71db6d2458a25c4e51,Ni O,10543,10021,[10626],10626,,,225,10021,[10021],,225,-5.486,10021,10021,"For a single-row GW composition, use that row. For a multi-row composition, select the GW row whose sole authoritative wave parent has the lowest finite GGA(+U) total energy per atom; break an exact displayed-energy tie by smaller stable GW MatDB ID. Never use GW band-gap magnitude.",gw_metadata + wave_metadata
current-nlr-pbe-gw-v1:gw:matdb:000290197,current-nlr-pbe-gw-v1:composition:807cc57aee20386a0ef7a332b177eba0accfb93c611963a86dd3297585e7d4d9,Ni O3 Sn,290197,290120,[290159],290159,,,161,290120,[290120],,161,-5.96,290120,290120,"For a single-row GW composition, use that row. For a multi-row composition, select the GW row whose sole authoritative wave parent has the lowest finite GGA(+U) total energy per atom; break an exact displayed-energy tie by smaller stable GW MatDB ID. Never use GW band-gap magnitude.",gw_metadata + wave_metadata
current-nlr-pbe-gw-v1:gw:matdb:000290146,current-nlr-pbe-gw-v1:composition:e847d0b70ebd40c24bc832c65fe0e3cebb15abe36414cf756fbf685411b119c0,Ni2 O4 Sn,290146,290171,[290167],290167,,,55,290171,[290171],,55,-5.783,290171,290171,"For a single-row GW composition, use that row. For a multi-row composition, select the GW row whose sole authoritative wave parent has the lowest finite GGA(+U) total energy per atom; break an exact displayed-energy tie by smaller stable GW MatDB ID. Never use GW band-gap magnitude.",gw_metadata + wave_metadata
current-nlr-pbe-gw-v1:gw:matdb:000010765,current-nlr-pbe-gw-v1:composition:9cd038ca976f4fbe652e141cc0b6514052d980836a420a8ece0ada117fbf2742,O Pb,10765,10485,[11394],11394,,,129,10485,[10485],,129,-5.436,10485,110893,"For a single-row GW composition, use that row. For a multi-row composition, select the GW row whose sole authoritative wave parent has the lowest finite GGA(+U) total energy per atom; break an exact displayed-energy tie by smaller stable GW MatDB ID. Never use GW band-gap magnitude.",gw_metadata + wave_metadata
current-nlr-pbe-gw-v1:gw:matdb:000010256,current-nlr-pbe-gw-v1:composition:9e0a98f1ad78301737ece547c76bca46f0acd1e75860d9ab7a1f86f77ab2262d,O Sn,10256,10055,[10873],10873,,,129,10055,[10055],,129,-5.766,10055,10055,"For a single-row GW composition, use that row. For a multi-row composition, select the GW row whose sole authoritative wave parent has the lowest finite GGA(+U) total energy per atom; break an exact displayed-energy tie by smaller stable GW MatDB ID. Never use GW band-gap magnitude.",gw_metadata + wave_metadata
current-nlr-pbe-gw-v1:gw:matdb:000010290,current-nlr-pbe-gw-v1:composition:e9fac0e23e5ce1ebd3bc10bf3b11f3bd7fb2a80c11a0fb84602f0b96e4d11dd7,O Sr,10290,10079,[10906],10906,,,225,10079,[10079],,225,-6.069,10079,10079,"For a single-row GW composition, use that row. For a multi-row composition, select the GW row whose sole authoritative wave parent has the lowest finite GGA(+U) total energy per atom; break an exact displayed-energy tie by smaller stable GW MatDB ID. Never use GW band-gap magnitude.",gw_metadata + wave_metadata
current-nlr-pbe-gw-v1:gw:matdb:000010337,current-nlr-pbe-gw-v1:composition:d656df65544a911e926cbde008ed17c82762e94b97ba1cbb1c6c338e99b22aea,O Zn,10337,10116,[10964],10964,,,186,10116,[10116],,186,-4.488,10116,10116,"For a single-row GW composition, use that row. For a multi-row composition, select the GW row whose sole authoritative wave parent has the lowest finite GGA(+U) total energy per atom; break an exact displayed-energy tie by smaller stable GW MatDB ID. Never use GW band-gap magnitude.",gw_metadata + wave_metadata
current-nlr-pbe-gw-v1:gw:matdb:000011873,current-nlr-pbe-gw-v1:composition:6523928fd5485073bec2572e48b522da25bd00f3652e39046494f288b07c5947,O2 Sb,11873,11672,[11282],11282,,,33,11672,[11672],,33,-6.046,11672,11672,"For a single-row GW composition, use that row. For a multi-row composition, select the GW row whose sole authoritative wave parent has the lowest finite GGA(+U) total energy per atom; break an exact displayed-energy tie by smaller stable GW MatDB ID. Never use GW band-gap magnitude.",gw_metadata + wave_metadata
current-nlr-pbe-gw-v1:gw:matdb:000010579,current-nlr-pbe-gw-v1:composition:c6b7c80f6a092448302c44b2537d521ef887cdfbf3e1273379b1d5b8c6059c38,O2 Si,10579,10065,[10680],10680,,,152,10065,[10065],,152,-7.869,10065,111369,"For a single-row GW composition, use that row. For a multi-row composition, select the GW row whose sole authoritative wave parent has the lowest finite GGA(+U) total energy per atom; break an exact displayed-energy tie by smaller stable GW MatDB ID. Never use GW band-gap magnitude.",gw_metadata + wave_metadata
current-nlr-pbe-gw-v1:gw:matdb:000010269,current-nlr-pbe-gw-v1:composition:db5b698b45b68b29f6dd2ae7bffb551404d870e3f7a5487f11c8d94ec5de96ab,O2 Sn,10269,10063,[10884],10884,,,136,10063,[10063],,136,-6.28,10063,10063,"For a single-row GW composition, use that row. For a multi-row composition, select the GW row whose sole authoritative wave parent has the lowest finite GGA(+U) total energy per atom; break an exact displayed-energy tie by smaller stable GW MatDB ID. Never use GW band-gap magnitude.",gw_metadata + wave_metadata
current-nlr-pbe-gw-v1:gw:matdb:000010851,current-nlr-pbe-gw-v1:composition:8818fb90b5fd735e55c087b0ff3ce1e6d7d6532a6edde721fffc7f10f450116f,O2 Ti,10851,10549,[11487],11487,,,141,10549,[10549],,141,-8.236,10549,10549,"For a single-row GW composition, use that row. For a multi-row composition, select the GW row whose sole authoritative wave parent has the lowest finite GGA(+U) total energy per atom; break an exact displayed-energy tie by smaller stable GW MatDB ID. Never use GW band-gap magnitude.",gw_metadata + wave_metadata
current-nlr-pbe-gw-v1:gw:matdb:000010666,current-nlr-pbe-gw-v1:composition:a1c685c1453f513ce471dcab834bdb02bff03664fe3832750539876a25e4c4a5,O2 V,10666,10156,[10826],10826,,,14,10156,[10156],,14,-7.689,10156,196968,"For a single-row GW composition, use that row. For a multi-row composition, select the GW row whose sole authoritative wave parent has the lowest finite GGA(+U) total energy per atom; break an exact displayed-energy tie by smaller stable GW MatDB ID. Never use GW band-gap magnitude.",gw_metadata + wave_metadata
current-nlr-pbe-gw-v1:gw:matdb:000290368,current-nlr-pbe-gw-v1:composition:5d0ea1f6172ad9cbd6e4a01437ad059705a6dc20ae42dc21832c71c062cbd8f3,O2 Zr,290368,290349,[290363],290363,,,14,290349,[290349],,14,-8.935,290349,111725,"For a single-row GW composition, use that row. For a multi-row composition, select the GW row whose sole authoritative wave parent has the lowest finite GGA(+U) total energy per atom; break an exact displayed-energy tie by smaller stable GW MatDB ID. Never use GW band-gap magnitude.",gw_metadata + wave_metadata
current-nlr-pbe-gw-v1:gw:matdb:000011153,current-nlr-pbe-gw-v1:composition:ce6436ee93264c9a54289bd2877d5561d1cb1f2e6c30314e08f0686c4cea7278,O3 Sc2,11153,10681,[11397],11397,,,206,10681,[10681],,206,-8.565,10681,10681,"For a single-row GW composition, use that row. For a multi-row composition, select the GW row whose sole authoritative wave parent has the lowest finite GGA(+U) total energy per atom; break an exact displayed-energy tie by smaller stable GW MatDB ID. Never use GW band-gap magnitude.",gw_metadata + wave_metadata
current-nlr-pbe-gw-v1:gw:matdb:000290229,current-nlr-pbe-gw-v1:composition:944c8f8cd67b95c3b5199346f1943c850061573da22345b2299747a28c5220a0,O3 Sn Sr,290229,290158,[290200],290200,,,62,290158,[290158],,62,-6.34,290158,290158,"For a single-row GW composition, use that row. For a multi-row composition, select the GW row whose sole authoritative wave parent has the lowest finite GGA(+U) total energy per atom; break an exact displayed-energy tie by smaller stable GW MatDB ID. Never use GW band-gap magnitude.",gw_metadata + wave_metadata
current-nlr-pbe-gw-v1:gw:matdb:000010842,current-nlr-pbe-gw-v1:composition:db3c48da7555b77beb14417148c475775893564b81530a1b419ae81574e473a1,O3 Sr Ti,10842,10541,[11465],11465,,,221,10541,[10541],,221,-7.599,10541,111173,"For a single-row GW composition, use that row. For a multi-row composition, select the GW row whose sole authoritative wave parent has the lowest finite GGA(+U) total energy per atom; break an exact displayed-energy tie by smaller stable GW MatDB ID. Never use GW band-gap magnitude.",gw_metadata + wave_metadata
current-nlr-pbe-gw-v1:gw:matdb:000010309,current-nlr-pbe-gw-v1:composition:e5c547362e6df680ab02207e9e7e2d24a8cf7d03858bb2692f48982dd3fc1d49,O3 V2,10309,10093,[10932],10932,,,167,10093,[10093],,167,-8.075,10093,10093,"For a single-row GW composition, use that row. For a multi-row composition, select the GW row whose sole authoritative wave parent has the lowest finite GGA(+U) total energy per atom; break an exact displayed-energy tie by smaller stable GW MatDB ID. Never use GW band-gap magnitude.",gw_metadata + wave_metadata
current-nlr-pbe-gw-v1:gw:matdb:000287088,current-nlr-pbe-gw-v1:composition:f510081ca74621711b1e5951e887198ea25fb01f19f3a4599d2747f79fb8b133,O3 W,287088,287089,[287090],287090,,,2,287089,[287089],,2,-8.252,287089,148998,"For a single-row GW composition, use that row. For a multi-row composition, select the GW row whose sole authoritative wave parent has the lowest finite GGA(+U) total energy per atom; break an exact displayed-energy tie by smaller stable GW MatDB ID. Never use GW band-gap magnitude.",gw_metadata + wave_metadata
current-nlr-pbe-gw-v1:gw:matdb:000290273,current-nlr-pbe-gw-v1:composition:0b46b8eb4c17a67610c210cd2bc9981f146910d74b9a54439cabadda691905bd,O3 Y2,290273,290296,[290293],290293,,,206,290296,[290296],,206,-8.696,290296,112403,"For a single-row GW composition, use that row. For a multi-row composition, select the GW row whose sole authoritative wave parent has the lowest finite GGA(+U) total energy per atom; break an exact displayed-energy tie by smaller stable GW MatDB ID. Never use GW band-gap magnitude.",gw_metadata + wave_metadata
current-nlr-pbe-gw-v1:gw:matdb:000287053,current-nlr-pbe-gw-v1:composition:9667c15ce567055fdafbd690b9ba55da86fb9ae013fef0f61dc4bd3a5ab8c7be,O4 Sb Ta,287053,287054,[287055],287055,,,33,287054,[287054],,33,-7.816,287054,287054,"For a single-row GW composition, use that row. For a multi-row composition, select the GW row whose sole authoritative wave parent has the lowest finite GGA(+U) total energy per atom; break an exact displayed-energy tie by smaller stable GW MatDB ID. Never use GW band-gap magnitude.",gw_metadata + wave_metadata
current-nlr-pbe-gw-v1:gw:matdb:000010890,current-nlr-pbe-gw-v1:composition:c407ea9a95e387a787573e935bf9c128cc811abbb967096e5854c5c1decfd13e,O4 Sb2 Zn,10890,10589,[11519],11519,,,135,10589,[10589],,135,-5.52,10589,10589,"For a single-row GW composition, use that row. For a multi-row composition, select the GW row whose sole authoritative wave parent has the lowest finite GGA(+U) total energy per atom; break an exact displayed-energy tie by smaller stable GW MatDB ID. Never use GW band-gap magnitude.",gw_metadata + wave_metadata
current-nlr-pbe-gw-v1:gw:matdb:000287083,current-nlr-pbe-gw-v1:composition:9ebb877b86f2d8fc73c4a77d41570fba1b9d4e08f2bb29c67d8d23fb8a0d47c4,O4 Sn W,287083,287084,[287085],287085,,,52,287084,[287084],,52,-7.473,287084,181332,"For a single-row GW composition, use that row. For a multi-row composition, select the GW row whose sole authoritative wave parent has the lowest finite GGA(+U) total energy per atom; break an exact displayed-energy tie by smaller stable GW MatDB ID. Never use GW band-gap magnitude.",gw_metadata + wave_metadata
current-nlr-pbe-gw-v1:gw:matdb:000010746,current-nlr-pbe-gw-v1:composition:80b7cc6422cf634046c330ceb728b05bb6f0cd7a785f925a96c8cd52bc682828,O4 Sn Zn2,10746,10223,[10939],10939,,,74,10223,[10223],,74,-5.237,10223,10223,"For a single-row GW composition, use that row. For a multi-row composition, select the GW row whose sole authoritative wave parent has the lowest finite GGA(+U) total energy per atom; break an exact displayed-energy tie by smaller stable GW MatDB ID. Never use GW band-gap magnitude.",gw_metadata + wave_metadata
current-nlr-pbe-gw-v1:gw:matdb:000011761,current-nlr-pbe-gw-v1:composition:24757342d3b731ecdd8b2cf0b36462ddd67bec8b1ad8d7fc28f9682a91b0aaa5,O4 Sn2 Ti,11761,11469,[11197],11197,,,135,11469,[11469],,135,-6.838,11469,11469,"For a single-row GW composition, use that row. For a multi-row composition, select the GW row whose sole authoritative wave parent has the lowest finite GGA(+U) total energy per atom; break an exact displayed-energy tie by smaller stable GW MatDB ID. Never use GW band-gap magnitude.",gw_metadata + wave_metadata
current-nlr-pbe-gw-v1:gw:matdb:000290216,current-nlr-pbe-gw-v1:composition:3d0b667c635dafe3a01ab8909d158c99d890de7eee2f2d9cbb6185a8cfa64d30,O4 Sr2 Ti,290216,290206,[290223],290223,,,139,290206,[290206],,139,-7.186,290206,111978,"For a single-row GW composition, use that row. For a multi-row composition, select the GW row whose sole authoritative wave parent has the lowest finite GGA(+U) total energy per atom; break an exact displayed-energy tie by smaller stable GW MatDB ID. Never use GW band-gap magnitude.",gw_metadata + wave_metadata
current-nlr-pbe-gw-v1:gw:matdb:000290238,current-nlr-pbe-gw-v1:composition:bedd57af60c5499a507c3979375b2d6b7167771f356f8a51729c6317ffc8a93e,O4 Ta Y,290238,290235,[290259],290259,,,13,290235,[290235],,13,-9.033,290235,290235,"For a single-row GW composition, use that row. For a multi-row composition, select the GW row whose sole authoritative wave parent has the lowest finite GGA(+U) total energy per atom; break an exact displayed-energy tie by smaller stable GW MatDB ID. Never use GW band-gap magnitude.",gw_metadata + wave_metadata
current-nlr-pbe-gw-v1:gw:matdb:000010902,current-nlr-pbe-gw-v1:composition:0804a5015e09a262534668d8e3b353feb22bcd75e0580f6c1ad59becfd43f428,O4 Ti Zn2,10902,10604,[11534],11534,,,74,10604,[10604],,74,-6.071,10604,112400,"For a single-row GW composition, use that row. For a multi-row composition, select the GW row whose sole authoritative wave parent has the lowest finite GGA(+U) total energy per atom; break an exact displayed-energy tie by smaller stable GW MatDB ID. Never use GW band-gap magnitude.",gw_metadata + wave_metadata
current-nlr-pbe-gw-v1:gw:matdb:000010790,current-nlr-pbe-gw-v1:composition:64ad867f1a1df0fe15fd01b303015da90c0b0a4a46214d321f46b6a441d8745b,O5 Sb2,10790,10496,[11414],11414,,,15,10496,[10496],,15,-5.944,10496,10496,"For a single-row GW composition, use that row. For a multi-row composition, select the GW row whose sole authoritative wave parent has the lowest finite GGA(+U) total energy per atom; break an exact displayed-energy tie by smaller stable GW MatDB ID. Never use GW band-gap magnitude.",gw_metadata + wave_metadata
current-nlr-pbe-gw-v1:gw:matdb:000290276,current-nlr-pbe-gw-v1:composition:272b230cf078617ce2d25967a55809d51db6826418828942d6d94ac5c659ef47,O5 Ta2,290276,290225,[290224],290224,,,15,290225,[290225],,15,-9.069,290225,290225,"For a single-row GW composition, use that row. For a multi-row composition, select the GW row whose sole authoritative wave parent has the lowest finite GGA(+U) total energy per atom; break an exact displayed-energy tie by smaller stable GW MatDB ID. Never use GW band-gap magnitude.",gw_metadata + wave_metadata
current-nlr-pbe-gw-v1:gw:matdb:000010678,current-nlr-pbe-gw-v1:composition:7fb433cc270031b27c46fcbe64875fa65a34cbb5645b45b7534b5ade767795de,O5 V2,10678,10169,[10855],10855,,,59,10169,[10169],,59,-7.487,10169,10169,"For a single-row GW composition, use that row. For a multi-row composition, select the GW row whose sole authoritative wave parent has the lowest finite GGA(+U) total energy per atom; break an exact displayed-energy tie by smaller stable GW MatDB ID. Never use GW band-gap magnitude.",gw_metadata + wave_metadata
current-nlr-pbe-gw-v1:gw:matdb:000290154,current-nlr-pbe-gw-v1:composition:710310030e1a7b9e355494bfc330f9376d969e6ae71b76886675c7b12bce6dbe,O6 Sb2 Sr,290154,290147,[290181],290181,,,162,290147,[290147],,162,-6.313,290147,290147,"For a single-row GW composition, use that row. For a multi-row composition, select the GW row whose sole authoritative wave parent has the lowest finite GGA(+U) total energy per atom; break an exact displayed-energy tie by smaller stable GW MatDB ID. Never use GW band-gap magnitude.",gw_metadata + wave_metadata
current-nlr-pbe-gw-v1:gw:matdb:000011210,current-nlr-pbe-gw-v1:composition:102b8e62de719f1a8339acfed01ad117664f9e2374a557fabf9c86b3f71fea13,O6 Sb2 Zn,11210,10768,[11478],11478,,,136,10768,[10768],,136,-5.758,10768,10768,"For a single-row GW composition, use that row. For a multi-row composition, select the GW row whose sole authoritative wave parent has the lowest finite GGA(+U) total energy per atom; break an exact displayed-energy tie by smaller stable GW MatDB ID. Never use GW band-gap magnitude.",gw_metadata + wave_metadata
current-nlr-pbe-gw-v1:gw:matdb:000290236,current-nlr-pbe-gw-v1:composition:d887f58cd09bbcad3a926842eb6afd7ad03508335f956512244e5600fc29a0b3,O7 Sr2 Ta2,290236,290240,[290287],290287,,,4,290240,[290240],,4,-8.243,290240,290240,"For a single-row GW composition, use that row. For a multi-row composition, select the GW row whose sole authoritative wave parent has the lowest finite GGA(+U) total energy per atom; break an exact displayed-energy tie by smaller stable GW MatDB ID. Never use GW band-gap magnitude.",gw_metadata + wave_metadata
current-nlr-pbe-gw-v1:gw:matdb:000290308,current-nlr-pbe-gw-v1:composition:25d66f188a2f1cd5cfa180a38337a398e7a86e6428f5dd42b5d6a28a2168c022,O7 Y2 Zr2,290308,290258,[290250],290250,,,227,290258,[290258],,227,-8.744,290258,112048,"For a single-row GW composition, use that row. For a multi-row composition, select the GW row whose sole authoritative wave parent has the lowest finite GGA(+U) total energy per atom; break an exact displayed-energy tie by smaller stable GW MatDB ID. Never use GW band-gap magnitude.",gw_metadata + wave_metadata
