composition_key,normalized_formula,pbe_mident,pbe_family_mident,pbe_parent_ids,pbe_icsd_space_group,pbe_final_space_group,pbe_total_energy_per_atom_ev,pbe_band_gap_ev,selection_rule,source_query
current-nlr-pbe-gw-v1:composition:89a91c1e346bf870bb4aa5e0b313826c96befa495479cf705819df63d76220a8,Ag Al O2,131058,,[],33,33,-5.596,1.45,"Within each normalized composition in the finite PBE/FERE source domain, select the row with the lowest finite total energy per atom; break an exact displayed-energy tie by smaller stable MatDB ID. Do not use PBE or GW gap values.",pbe_metadata + source_recovery:pbe
current-nlr-pbe-gw-v1:composition:8bd158e09b8a4812d983f8e61370c0bb11fe518cb6a69f34c682d2aa660fad93,Ag Au Ba4 O6,182147,,[],63,63,-5.184,2.012,"Within each normalized composition in the finite PBE/FERE source domain, select the row with the lowest finite total energy per atom; break an exact displayed-energy tie by smaller stable MatDB ID. Do not use PBE or GW gap values.",pbe_metadata + source_recovery:pbe
current-nlr-pbe-gw-v1:composition:4e65549ffe5b7462a01bf8909ca57a094baff0f21905f824b1b554081478f25c,Ag Cd O4 V,182653,,[],62,62,-5.53,2.522,"Within each normalized composition in the finite PBE/FERE source domain, select the row with the lowest finite total energy per atom; break an exact displayed-energy tie by smaller stable MatDB ID. Do not use PBE or GW gap values.",pbe_metadata + source_recovery:pbe
current-nlr-pbe-gw-v1:composition:4ea783a88969b1d5165c4142ede2939f1885b297a424313ede2e3633d96e2321,Ag Co O2,166106,,[],194,194,-4.725,1.45,"Within each normalized composition in the finite PBE/FERE source domain, select the row with the lowest finite total energy per atom; break an exact displayed-energy tie by smaller stable MatDB ID. Do not use PBE or GW gap values.",pbe_metadata + source_recovery:pbe
current-nlr-pbe-gw-v1:composition:170316842876b41e1949571ffbae2fc2b398b220acb6b5e0c154a6bb408762fd,Ag Cr O2,112595,,[],166,166,-6.004,1.493,"Within each normalized composition in the finite PBE/FERE source domain, select the row with the lowest finite total energy per atom; break an exact displayed-energy tie by smaller stable MatDB ID. Do not use PBE or GW gap values.",pbe_metadata + source_recovery:pbe
current-nlr-pbe-gw-v1:composition:dede21a1d9cd2f4d3bd82ccba3064654f8a0d0cbe7e0f43a2b205115fb1841da,Ag Cr2 K O7,150752,,[],62,62,-6.058,2.268,"Within each normalized composition in the finite PBE/FERE source domain, select the row with the lowest finite total energy per atom; break an exact displayed-energy tie by smaller stable MatDB ID. Do not use PBE or GW gap values.",pbe_metadata + source_recovery:pbe
current-nlr-pbe-gw-v1:composition:7fab9c6e5566bcbd13bcc37e6b39f4c53a65c1208fe76ac9a92403423ad6aa1c,Ag Cr3 O8,150820,,[],12,12,-6.646,1.421,"Within each normalized composition in the finite PBE/FERE source domain, select the row with the lowest finite total energy per atom; break an exact displayed-energy tie by smaller stable MatDB ID. Do not use PBE or GW gap values.",pbe_metadata + source_recovery:pbe
current-nlr-pbe-gw-v1:composition:e1c2b46de9d5d0f1d29762a169721a14c32c44cc674196557f95d8c22f34df5f,Ag Cu O2,167277,,[],14,12,-3.558,0.238,"Within each normalized composition in the finite PBE/FERE source domain, select the row with the lowest finite total energy per atom; break an exact displayed-energy tie by smaller stable MatDB ID. Do not use PBE or GW gap values.",pbe_metadata + source_recovery:pbe
current-nlr-pbe-gw-v1:composition:a28b5b5256b515e135dce5737a733f8a775d7f1eff590ce754214275df26c895,Ag Cu O4 V,111603,,[],62,62,-5.507,1.441,"Within each normalized composition in the finite PBE/FERE source domain, select the row with the lowest finite total energy per atom; break an exact displayed-energy tie by smaller stable MatDB ID. Do not use PBE or GW gap values.",pbe_metadata + source_recovery:pbe
current-nlr-pbe-gw-v1:composition:c9a8ca7b23208a22be1754e9827b58297087b4e84de4ae6895333989dfa28508,Ag Cu3 K Mo4 O16,111736,,[],14,1,-6.228,1.66,"Within each normalized composition in the finite PBE/FERE source domain, select the row with the lowest finite total energy per atom; break an exact displayed-energy tie by smaller stable MatDB ID. Do not use PBE or GW gap values.",pbe_metadata + source_recovery:pbe
current-nlr-pbe-gw-v1:composition:e7dc6c0dd2f13197d0e733616b59fe6e14cfec4494cf4637e77fe7d785adfd6c,Ag Fe O2,130598,,[],194,194,-5.271,1.19,"Within each normalized composition in the finite PBE/FERE source domain, select the row with the lowest finite total energy per atom; break an exact displayed-energy tie by smaller stable MatDB ID. Do not use PBE or GW gap values.",pbe_metadata + source_recovery:pbe
current-nlr-pbe-gw-v1:composition:8cdc408ec48cf87dfadada8dc36f32a57a216359bf3e4221733ca64196027175,Ag Fe O7 V2,183904,,[],2,2,-6.761,1.907,"Within each normalized composition in the finite PBE/FERE source domain, select the row with the lowest finite total energy per atom; break an exact displayed-energy tie by smaller stable MatDB ID. Do not use PBE or GW gap values.",pbe_metadata + source_recovery:pbe
current-nlr-pbe-gw-v1:composition:ad45f43d2f73c9dfadb5f4bba1ac4af61e77719dff1982a55db5ab15abfad0a6,Ag Fe2 Mo3 O12,150017,,[],2,1,-6.975,0.299,"Within each normalized composition in the finite PBE/FERE source domain, select the row with the lowest finite total energy per atom; break an exact displayed-energy tie by smaller stable MatDB ID. Do not use PBE or GW gap values.",pbe_metadata + source_recovery:pbe
current-nlr-pbe-gw-v1:composition:66b9bf0bc715dcc786a799dfca280716904c224f98d6a48872318d33aeb7ad2c,Ag Ga O2,166833,,[],194,194,-4.688,0.924,"Within each normalized composition in the finite PBE/FERE source domain, select the row with the lowest finite total energy per atom; break an exact displayed-energy tie by smaller stable MatDB ID. Do not use PBE or GW gap values.",pbe_metadata + source_recovery:pbe
current-nlr-pbe-gw-v1:composition:a200c3fc765f54bc1726270362316264362878e675e74da31822f1715da4ad34,Ag Hg O4 V,183331,,[],5,5,-5.145,1.787,"Within each normalized composition in the finite PBE/FERE source domain, select the row with the lowest finite total energy per atom; break an exact displayed-energy tie by smaller stable MatDB ID. Do not use PBE or GW gap values.",pbe_metadata + source_recovery:pbe
current-nlr-pbe-gw-v1:composition:ffabb19d5ccc98cd43e970cfd7e89ce2c310e89b10a3fda0cc3c97524028e07b,Ag In O2,151362,,[],194,194,-4.436,0.551,"Within each normalized composition in the finite PBE/FERE source domain, select the row with the lowest finite total energy per atom; break an exact displayed-energy tie by smaller stable MatDB ID. Do not use PBE or GW gap values.",pbe_metadata + source_recovery:pbe
current-nlr-pbe-gw-v1:composition:d7ca90fa4be53113c02f99a840a004e8f307b819f09d9b479058ad456d5e5351,Ag In O8 W2,184174,,[],13,13,-7.036,2.897,"Within each normalized composition in the finite PBE/FERE source domain, select the row with the lowest finite total energy per atom; break an exact displayed-energy tie by smaller stable MatDB ID. Do not use PBE or GW gap values.",pbe_metadata + source_recovery:pbe
current-nlr-pbe-gw-v1:composition:3eb5d0fc4d16c58136715388eef3d9b85b8f0b0c548ed9f09f7da4581fff8f53,Ag K O,150680,,[],119,139,-3.081,1.545,"Within each normalized composition in the finite PBE/FERE source domain, select the row with the lowest finite total energy per atom; break an exact displayed-energy tie by smaller stable MatDB ID. Do not use PBE or GW gap values.",pbe_metadata + source_recovery:pbe
current-nlr-pbe-gw-v1:composition:3b339f95cefa7e9b5e6c2ba9ccf49c66aac02d2d5001a2f8270da75fbf8d3716,Ag K3 O2,151381,,[],19,19,-3.288,1.828,"Within each normalized composition in the finite PBE/FERE source domain, select the row with the lowest finite total energy per atom; break an exact displayed-energy tie by smaller stable MatDB ID. Do not use PBE or GW gap values.",pbe_metadata + source_recovery:pbe
current-nlr-pbe-gw-v1:composition:63f75e5e4389d37db60421bf1dde840e417f7e14fe99ecc1e71eee3fd6b3c8ae,Ag Mn O4,150294,,[],14,14,-5.282,1.232,"Within each normalized composition in the finite PBE/FERE source domain, select the row with the lowest finite total energy per atom; break an exact displayed-energy tie by smaller stable MatDB ID. Do not use PBE or GW gap values.",pbe_metadata + source_recovery:pbe
current-nlr-pbe-gw-v1:composition:6917b4a589ab1da0277d757f4a9ad36c08fa444c58bc2ac1ae58b123a48bd11c,Ag Mn O4 V,130586,,[],62,62,-6.662,2.109,"Within each normalized composition in the finite PBE/FERE source domain, select the row with the lowest finite total energy per atom; break an exact displayed-energy tie by smaller stable MatDB ID. Do not use PBE or GW gap values.",pbe_metadata + source_recovery:pbe
current-nlr-pbe-gw-v1:composition:e7594a9d435bcca3983f1548c68a2f4fdd4f818ad95cabc5031dfd11c2c24f23,Ag Na O,150354,,[],139,139,-3.167,1.362,"Within each normalized composition in the finite PBE/FERE source domain, select the row with the lowest finite total energy per atom; break an exact displayed-energy tie by smaller stable MatDB ID. Do not use PBE or GW gap values.",pbe_metadata + source_recovery:pbe
current-nlr-pbe-gw-v1:composition:1b1bc60f2af9aecf6c88a6c4d8e6263e776cc84f86716837a5009c4d10849191,Ag Na3 O2,131118,,[],72,72,-3.487,1.305,"Within each normalized composition in the finite PBE/FERE source domain, select the row with the lowest finite total energy per atom; break an exact displayed-energy tie by smaller stable MatDB ID. Do not use PBE or GW gap values.",pbe_metadata + source_recovery:pbe
current-nlr-pbe-gw-v1:composition:18eb3d03d4b5cb02232e3ad97cdc560f193cf8f7e00d499f32e7da331f9606f4,Ag Nb O3,112538,,[],26,26,-6.468,1.975,"Within each normalized composition in the finite PBE/FERE source domain, select the row with the lowest finite total energy per atom; break an exact displayed-energy tie by smaller stable MatDB ID. Do not use PBE or GW gap values.",pbe_metadata + source_recovery:pbe
current-nlr-pbe-gw-v1:composition:ddb65f8ea7a9709193bb8b994b7e10ed73400664d26912659afa14946372b74a,Ag Nb3 O8,113460,,[],72,72,-7.459,2.425,"Within each normalized composition in the finite PBE/FERE source domain, select the row with the lowest finite total energy per atom; break an exact displayed-energy tie by smaller stable MatDB ID. Do not use PBE or GW gap values.",pbe_metadata + source_recovery:pbe
current-nlr-pbe-gw-v1:composition:6a1b03159e3d68d7e9cc6358366a023609861eb824ce7dada9d0bb6f2f976fa2,Ag O,113402,,[],14,14,-2.894,0.228,"Within each normalized composition in the finite PBE/FERE source domain, select the row with the lowest finite total energy per atom; break an exact displayed-energy tie by smaller stable MatDB ID. Do not use PBE or GW gap values.",pbe_metadata + source_recovery:pbe
current-nlr-pbe-gw-v1:composition:a9ed3a0b0b4d7c1b12bd86e240762a837636c8e0d814b6429acaae05c6fb63f4,Ag O Rb,151549,,[],139,139,-3.002,1.471,"Within each normalized composition in the finite PBE/FERE source domain, select the row with the lowest finite total energy per atom; break an exact displayed-energy tie by smaller stable MatDB ID. Do not use PBE or GW gap values.",pbe_metadata + source_recovery:pbe
current-nlr-pbe-gw-v1:composition:0b0cd85941294e523d970ac91043e96150bec86f367151ee1d47a82f19eabae8,Ag O2 Rb3,166946,,[],19,19,-3.163,1.591,"Within each normalized composition in the finite PBE/FERE source domain, select the row with the lowest finite total energy per atom; break an exact displayed-energy tie by smaller stable MatDB ID. Do not use PBE or GW gap values.",pbe_metadata + source_recovery:pbe
current-nlr-pbe-gw-v1:composition:4805a27a8d0f1131844a9aac72bd8da5a57192edd54ee3dff150c3c511f3cb6e,Ag O2 Rh,113113,,[],166,166,-4.495,1.354,"Within each normalized composition in the finite PBE/FERE source domain, select the row with the lowest finite total energy per atom; break an exact displayed-energy tie by smaller stable MatDB ID. Do not use PBE or GW gap values.",pbe_metadata + source_recovery:pbe
current-nlr-pbe-gw-v1:composition:db89ce6407628ee35fa2a6890af4115f19d72ef4c873de8fa1fd145f6f2a24fc,Ag O2 Sc,181984,,[],194,194,-6.257,2.484,"Within each normalized composition in the finite PBE/FERE source domain, select the row with the lowest finite total energy per atom; break an exact displayed-energy tie by smaller stable MatDB ID. Do not use PBE or GW gap values.",pbe_metadata + source_recovery:pbe
current-nlr-pbe-gw-v1:composition:e513edc1464aa11b17a327f38304bc387a0c82aa9765cc4bd2c5031370c35311,Ag O2 Y,166620,,[],194,194,-6.332,2.582,"Within each normalized composition in the finite PBE/FERE source domain, select the row with the lowest finite total energy per atom; break an exact displayed-energy tie by smaller stable MatDB ID. Do not use PBE or GW gap values.",pbe_metadata + source_recovery:pbe
current-nlr-pbe-gw-v1:composition:f84ed8242bc450f68642c16e37e32026484e19d86e1ba412729725eaf8cc32bf,Ag O3 V,113626,,[],15,15,-6.054,2.591,"Within each normalized composition in the finite PBE/FERE source domain, select the row with the lowest finite total energy per atom; break an exact displayed-energy tie by smaller stable MatDB ID. Do not use PBE or GW gap values.",pbe_metadata + source_recovery:pbe
current-nlr-pbe-gw-v1:composition:a15c4c31c5b8eba196ca97439d584ccac3a88ff1027b7363412ceac3f02526dd,Ag11 K O16 V4,149934,,[],61,61,-4.798,1.327,"Within each normalized composition in the finite PBE/FERE source domain, select the row with the lowest finite total energy per atom; break an exact displayed-energy tie by smaller stable MatDB ID. Do not use PBE or GW gap values.",pbe_metadata + source_recovery:pbe
current-nlr-pbe-gw-v1:composition:9c8310db62bb8a94341b13460060c221a5a8ac1e34bbf6fc4c91596aa6762086,Ag2 Ba Cu O8 V2,168011,,[],2,2,-5.917,1.586,"Within each normalized composition in the finite PBE/FERE source domain, select the row with the lowest finite total energy per atom; break an exact displayed-energy tie by smaller stable MatDB ID. Do not use PBE or GW gap values.",pbe_metadata + source_recovery:pbe
current-nlr-pbe-gw-v1:composition:8b0d63d94af6824fc02191f80070254e04b93b27629e6e513d48831229e93b17,Ag2 Ba Hg2 O4,130676,,[],125,125,-3.481,1.798,"Within each normalized composition in the finite PBE/FERE source domain, select the row with the lowest finite total energy per atom; break an exact displayed-energy tie by smaller stable MatDB ID. Do not use PBE or GW gap values.",pbe_metadata + source_recovery:pbe
current-nlr-pbe-gw-v1:composition:b66e7411285f1d68d401230da7b63515ebf7e56c164f56a042e14aa546f03495,Ag2 Ba Mn O8 V2,113174,,[],147,147,-6.496,2.387,"Within each normalized composition in the finite PBE/FERE source domain, select the row with the lowest finite total energy per atom; break an exact displayed-energy tie by smaller stable MatDB ID. Do not use PBE or GW gap values.",pbe_metadata + source_recovery:pbe
current-nlr-pbe-gw-v1:composition:ffe2b5da8c34a1288981bb2c503b69d51dbf29a04f1cfff7992fdcab9359aed9,Ag2 Ca O12 V4,131525,,[],125,125,-6.734,2.436,"Within each normalized composition in the finite PBE/FERE source domain, select the row with the lowest finite total energy per atom; break an exact displayed-energy tie by smaller stable MatDB ID. Do not use PBE or GW gap values.",pbe_metadata + source_recovery:pbe
current-nlr-pbe-gw-v1:composition:2428041b11c4c1a5a4035904dc8a8ad6306181f6c5b40fd123a53c73f0dc31a3,Ag2 Cr O4,184295,,[],62,62,-5.069,1.958,"Within each normalized composition in the finite PBE/FERE source domain, select the row with the lowest finite total energy per atom; break an exact displayed-energy tie by smaller stable MatDB ID. Do not use PBE or GW gap values.",pbe_metadata + source_recovery:pbe
current-nlr-pbe-gw-v1:composition:09ff851bb23af1a6b7da6c3af799d1566aa74409d7ad57a91d58952289243d54,Ag2 Cr2 O7,182983,,[],2,2,-5.726,1.858,"Within each normalized composition in the finite PBE/FERE source domain, select the row with the lowest finite total energy per atom; break an exact displayed-energy tie by smaller stable MatDB ID. Do not use PBE or GW gap values.",pbe_metadata + source_recovery:pbe
current-nlr-pbe-gw-v1:composition:48a91b9de100938047f409f472708ae45770b3f9219e15063de3020d5dee65d4,Ag2 Cu2 O3,166452,,[],141,70,-3.365,0.497,"Within each normalized composition in the finite PBE/FERE source domain, select the row with the lowest finite total energy per atom; break an exact displayed-energy tie by smaller stable MatDB ID. Do not use PBE or GW gap values.",pbe_metadata + source_recovery:pbe
current-nlr-pbe-gw-v1:composition:2c4ec2f81c8f7f74584645c8c0367ffb6536a19b753455145b82ebc8bd439f66,Ag2 Ge2 O5,151995,,[],14,14,-5.123,1.19,"Within each normalized composition in the finite PBE/FERE source domain, select the row with the lowest finite total energy per atom; break an exact displayed-energy tie by smaller stable MatDB ID. Do not use PBE or GW gap values.",pbe_metadata + source_recovery:pbe
current-nlr-pbe-gw-v1:composition:c684ab97a562614ebc263f23bf1c97052d93f873d152924bc27cc3423fbfe054,Ag2 Hg O2,183625,,[],96,96,-2.557,0.742,"Within each normalized composition in the finite PBE/FERE source domain, select the row with the lowest finite total energy per atom; break an exact displayed-energy tie by smaller stable MatDB ID. Do not use PBE or GW gap values.",pbe_metadata + source_recovery:pbe
current-nlr-pbe-gw-v1:composition:f183523e094377afb7535eab7311305dc0ccf255c0ef474e92c7a75b03708c03,Ag2 Mn O4,112854,,[],62,62,-4.717,0.309,"Within each normalized composition in the finite PBE/FERE source domain, select the row with the lowest finite total energy per atom; break an exact displayed-energy tie by smaller stable MatDB ID. Do not use PBE or GW gap values.",pbe_metadata + source_recovery:pbe
current-nlr-pbe-gw-v1:composition:98858ed43d6aaadf8069f2d8126b5b3f9ff9e483c4cc7dc659140301b6fc4d78,Ag2 Mn O8 Sr V2,184419,,[],15,15,-6.474,1.869,"Within each normalized composition in the finite PBE/FERE source domain, select the row with the lowest finite total energy per atom; break an exact displayed-energy tie by smaller stable MatDB ID. Do not use PBE or GW gap values.",pbe_metadata + source_recovery:pbe
current-nlr-pbe-gw-v1:composition:8e7f987d54a3377d4e07ec9181c5cdd6f7269815fd7d95805ac89b9c921375ba,Ag2 Mo O4,151117,,[],227,227,-5.346,2.658,"Within each normalized composition in the finite PBE/FERE source domain, select the row with the lowest finite total energy per atom; break an exact displayed-energy tie by smaller stable MatDB ID. Do not use PBE or GW gap values.",pbe_metadata + source_recovery:pbe
current-nlr-pbe-gw-v1:composition:102b1f967da39812d13deeaba1b2a0bc446fabc4a8e2f7e220b88c016626ec57,Ag2 Mo2 O7,167321,,[],14,14,-6.109,2.646,"Within each normalized composition in the finite PBE/FERE source domain, select the row with the lowest finite total energy per atom; break an exact displayed-energy tie by smaller stable MatDB ID. Do not use PBE or GW gap values.",pbe_metadata + source_recovery:pbe
current-nlr-pbe-gw-v1:composition:c58a0e22e88023002a9ddc64e84844fcbe5c234835b74cd85f942d243c26f160,Ag2 Nb4 O11,150305,,[],9,9,-7.182,2.784,"Within each normalized composition in the finite PBE/FERE source domain, select the row with the lowest finite total energy per atom; break an exact displayed-energy tie by smaller stable MatDB ID. Do not use PBE or GW gap values.",pbe_metadata + source_recovery:pbe
current-nlr-pbe-gw-v1:composition:3ff5c8a68e3811bc49c57fd035fa806f8050a130739f5f590c6653c7feb20c3a,Ag2 Ni O2,184225,,[],12,2,-3.549,0.054,"Within each normalized composition in the finite PBE/FERE source domain, select the row with the lowest finite total energy per atom; break an exact displayed-energy tie by smaller stable MatDB ID. Do not use PBE or GW gap values.",pbe_metadata + source_recovery:pbe
current-nlr-pbe-gw-v1:composition:200e7dadb9f07b12e1d820065e9ad2de9ecc0c5bcf2e909f9320acf1815a2e53,Ag2 O,130596,,[],224,224,-2.291,0.082,"Within each normalized composition in the finite PBE/FERE source domain, select the row with the lowest finite total energy per atom; break an exact displayed-energy tie by smaller stable MatDB ID. Do not use PBE or GW gap values.",pbe_metadata + source_recovery:pbe
current-nlr-pbe-gw-v1:composition:44fd36d097163f6f996fcff2e067555a4111440a26093874d7917f4c22e9f284,Ag2 O11 V4,112887,,[],12,12,-6.661,1.428,"Within each normalized composition in the finite PBE/FERE source domain, select the row with the lowest finite total energy per atom; break an exact displayed-energy tie by smaller stable MatDB ID. Do not use PBE or GW gap values.",pbe_metadata + source_recovery:pbe
current-nlr-pbe-gw-v1:composition:8aa81e584336a1792890d52770b7212da85e13bdb0778e05df2e1fc49e7f77c0,Ag2 O12 Sr V4,113358,,[],125,125,-6.724,2.625,"Within each normalized composition in the finite PBE/FERE source domain, select the row with the lowest finite total energy per atom; break an exact displayed-energy tie by smaller stable MatDB ID. Do not use PBE or GW gap values.",pbe_metadata + source_recovery:pbe
current-nlr-pbe-gw-v1:composition:73fdfda690a0a713e950af61f1400c679b44630ecf9ecb64b136f2916ad63a53,Ag2 O2 Pd,167387,,[],71,71,-3.196,0.359,"Within each normalized composition in the finite PBE/FERE source domain, select the row with the lowest finite total energy per atom; break an exact displayed-energy tie by smaller stable MatDB ID. Do not use PBE or GW gap values.",pbe_metadata + source_recovery:pbe
current-nlr-pbe-gw-v1:composition:a83999eacc33f26ba88adaccb0a9b019e08d5b36915e8b33da798c4e8c219a46,Ag2 O3,130607,,[],43,43,-3.132,0.501,"Within each normalized composition in the finite PBE/FERE source domain, select the row with the lowest finite total energy per atom; break an exact displayed-energy tie by smaller stable MatDB ID. Do not use PBE or GW gap values.",pbe_metadata + source_recovery:pbe
current-nlr-pbe-gw-v1:composition:c628417bda568712d70c03fd4622c3f1bda1a3c302358c090afed80c313bd2f9,Ag2 O3 Si,166942,,[],19,19,-5.121,1.236,"Within each normalized composition in the finite PBE/FERE source domain, select the row with the lowest finite total energy per atom; break an exact displayed-energy tie by smaller stable MatDB ID. Do not use PBE or GW gap values.",pbe_metadata + source_recovery:pbe
current-nlr-pbe-gw-v1:composition:7c6d68b2a3250aaa062a0a9aa443940219edffba0c2b39a8d8e185f212fb92bd,Ag2 O3 Sn,114023,,[],19,19,-4.321,0.173,"Within each normalized composition in the finite PBE/FERE source domain, select the row with the lowest finite total energy per atom; break an exact displayed-energy tie by smaller stable MatDB ID. Do not use PBE or GW gap values.",pbe_metadata + source_recovery:pbe
current-nlr-pbe-gw-v1:composition:88ce341b547a29545e1db21ecacfc88b3a8f08dc00b8a605627acbf1a83abc56,Ag2 O3 Ti,113589,,[],15,15,-5.284,1.651,"Within each normalized composition in the finite PBE/FERE source domain, select the row with the lowest finite total energy per atom; break an exact displayed-energy tie by smaller stable MatDB ID. Do not use PBE or GW gap values.",pbe_metadata + source_recovery:pbe
current-nlr-pbe-gw-v1:composition:d4aa083060d4a0c634c5ecd8162db261ac3a6ac931ce0161f153809940775131,Ag2 O4 W,131451,,[],34,34,-5.79,2.461,"Within each normalized composition in the finite PBE/FERE source domain, select the row with the lowest finite total energy per atom; break an exact displayed-energy tie by smaller stable MatDB ID. Do not use PBE or GW gap values.",pbe_metadata + source_recovery:pbe
current-nlr-pbe-gw-v1:composition:9065b524bb00273e1848f7b002b5e5d7d83cbd622474b408e6d8b3b9604af0b8,Ag2 O7 W2,113211,,[],2,2,-6.709,2.762,"Within each normalized composition in the finite PBE/FERE source domain, select the row with the lowest finite total energy per atom; break an exact displayed-energy tie by smaller stable MatDB ID. Do not use PBE or GW gap values.",pbe_metadata + source_recovery:pbe
current-nlr-pbe-gw-v1:composition:a96263f9b59c30e57594284410ba446859979005013a19139e1de9d831d48cab,Ag3 Fe O8 V2,184231,,[],15,15,-5.855,1.691,"Within each normalized composition in the finite PBE/FERE source domain, select the row with the lowest finite total energy per atom; break an exact displayed-energy tie by smaller stable MatDB ID. Do not use PBE or GW gap values.",pbe_metadata + source_recovery:pbe
current-nlr-pbe-gw-v1:composition:ca272d370b88579238e44d187118b2dbac2ead4dc58b0faa01c7bb9803e2f81d,Ag3 Na O2,168242,,[],72,72,-2.76,0.807,"Within each normalized composition in the finite PBE/FERE source domain, select the row with the lowest finite total energy per atom; break an exact displayed-energy tie by smaller stable MatDB ID. Do not use PBE or GW gap values.",pbe_metadata + source_recovery:pbe
current-nlr-pbe-gw-v1:composition:e7c4e27e4fe82435cbfb0140ff3b28bc1017b711532215e9c5f5144b6bcaf516,Ag3 Ni2 O4,113901,,[],194,63,-3.87,0.083,"Within each normalized composition in the finite PBE/FERE source domain, select the row with the lowest finite total energy per atom; break an exact displayed-energy tie by smaller stable MatDB ID. Do not use PBE or GW gap values.",pbe_metadata + source_recovery:pbe
current-nlr-pbe-gw-v1:composition:17af1a3b62c89e6869c2c9c8f0b9ff3a531fe350ea1b283159c9edd3bb9bde4a,Ag3 O4,130999,,[],14,1,-3.085,0.036,"Within each normalized composition in the finite PBE/FERE source domain, select the row with the lowest finite total energy per atom; break an exact displayed-energy tie by smaller stable MatDB ID. Do not use PBE or GW gap values.",pbe_metadata + source_recovery:pbe
current-nlr-pbe-gw-v1:composition:38f6d699133a769941e942621c2edb3542e5a600d786cdb9526616431a0a78f6,Ag3 O4 Ru,130714,,[],91,91,-4.028,0.851,"Within each normalized composition in the finite PBE/FERE source domain, select the row with the lowest finite total energy per atom; break an exact displayed-energy tie by smaller stable MatDB ID. Do not use PBE or GW gap values.",pbe_metadata + source_recovery:pbe
current-nlr-pbe-gw-v1:composition:34a4290499f4dd94af04956c32000c1cce2e397bed4405c6fb90330a04a0ed4f,Ag3 O4 V,182350,,[],121,121,-4.713,1.355,"Within each normalized composition in the finite PBE/FERE source domain, select the row with the lowest finite total energy per atom; break an exact displayed-energy tie by smaller stable MatDB ID. Do not use PBE or GW gap values.",pbe_metadata + source_recovery:pbe
current-nlr-pbe-gw-v1:composition:4462e4ebd1d4569ac507a2db33ea19e0e5ef164957bcb7b44f10c4f2327cdb8e,Ag4 Mn2 Mo6 O24 Zr,130856,,[],19,19,-6.891,2.316,"Within each normalized composition in the finite PBE/FERE source domain, select the row with the lowest finite total energy per atom; break an exact displayed-energy tie by smaller stable MatDB ID. Do not use PBE or GW gap values.",pbe_metadata + source_recovery:pbe
current-nlr-pbe-gw-v1:composition:bc0452a2c4c7a48688016fad5dbbdd2879fe3197d92160320d6aef5909e7d65f,Ag4 O4 Si,131129,,[],86,86,-4.181,0.764,"Within each normalized composition in the finite PBE/FERE source domain, select the row with the lowest finite total energy per atom; break an exact displayed-energy tie by smaller stable MatDB ID. Do not use PBE or GW gap values.",pbe_metadata + source_recovery:pbe
current-nlr-pbe-gw-v1:composition:638376af057daf70068468493e7c600b9e2b87dc3540189cfa4ecef7bd229120,Ag5 Ge O4,166611,,[],14,14,-3.449,0.935,"Within each normalized composition in the finite PBE/FERE source domain, select the row with the lowest finite total energy per atom; break an exact displayed-energy tie by smaller stable MatDB ID. Do not use PBE or GW gap values.",pbe_metadata + source_recovery:pbe
current-nlr-pbe-gw-v1:composition:b5feb9f3267cc64d24fb5c04a93922a035a92a51c6c51426759f4923d2b3b437,Ag5 O4 Si,168855,,[],58,58,-3.848,0.949,"Within each normalized composition in the finite PBE/FERE source domain, select the row with the lowest finite total energy per atom; break an exact displayed-energy tie by smaller stable MatDB ID. Do not use PBE or GW gap values.",pbe_metadata + source_recovery:pbe
current-nlr-pbe-gw-v1:composition:bd551de622981d701ff0302d1c71bce86437b0e81c344048abb61ebb54ef7977,Ag6 Ba O4,131822,,[],52,52,-3.01,1.091,"Within each normalized composition in the finite PBE/FERE source domain, select the row with the lowest finite total energy per atom; break an exact displayed-energy tie by smaller stable MatDB ID. Do not use PBE or GW gap values.",pbe_metadata + source_recovery:pbe
current-nlr-pbe-gw-v1:composition:d934517f6dbbbd1c9e84f7a09065d52681b7d6ec96b15a98322f5f3279d52343,Ag6 Mo10 O33,167451,,[],2,2,-6.525,2.411,"Within each normalized composition in the finite PBE/FERE source domain, select the row with the lowest finite total energy per atom; break an exact displayed-energy tie by smaller stable MatDB ID. Do not use PBE or GW gap values.",pbe_metadata + source_recovery:pbe
current-nlr-pbe-gw-v1:composition:e4fad44b46b336fd986ad5e24d15238d2b9de0d3f4d8f2831761ce87e56d2466,Ag6 O4 Sr,131894,,[],52,52,-3.015,0.976,"Within each normalized composition in the finite PBE/FERE source domain, select the row with the lowest finite total energy per atom; break an exact displayed-energy tie by smaller stable MatDB ID. Do not use PBE or GW gap values.",pbe_metadata + source_recovery:pbe
current-nlr-pbe-gw-v1:composition:2219ea7f752992f82c385b938f58300c4ee3af1187bde92c159248d518bc2292,Ag6 O7 Si2,167914,,[],12,12,-4.562,0.644,"Within each normalized composition in the finite PBE/FERE source domain, select the row with the lowest finite total energy per atom; break an exact displayed-energy tie by smaller stable MatDB ID. Do not use PBE or GW gap values.",pbe_metadata + source_recovery:pbe
current-nlr-pbe-gw-v1:composition:7b48fa90245d19a70f4eafaffb3881c446186807edf22406bc88d9240ece3426,Al Au O2,109352,,[],194,194,-5.757,0.878,"Within each normalized composition in the finite PBE/FERE source domain, select the row with the lowest finite total energy per atom; break an exact displayed-energy tie by smaller stable MatDB ID. Do not use PBE or GW gap values.",pbe_metadata + source_recovery:pbe
current-nlr-pbe-gw-v1:composition:531078b082c052abf2d5ce8f8c2c0b641e715c29bcf839ac13b987aad5d3e3d8,Al Au3 O4 Rb8,108060,,[],19,19,-3.45,1.319,"Within each normalized composition in the finite PBE/FERE source domain, select the row with the lowest finite total energy per atom; break an exact displayed-energy tie by smaller stable MatDB ID. Do not use PBE or GW gap values.",pbe_metadata + source_recovery:pbe
current-nlr-pbe-gw-v1:composition:154a3b8fc75cce95ae46f8a4ff6bc0239479098f4c47518ac353d7019234a4e6,Al Ba La O4,107984,,[],19,19,-7.382,4.315,"Within each normalized composition in the finite PBE/FERE source domain, select the row with the lowest finite total energy per atom; break an exact displayed-energy tie by smaller stable MatDB ID. Do not use PBE or GW gap values.",pbe_metadata + source_recovery:pbe
current-nlr-pbe-gw-v1:composition:49d1d2d18092d5cb263e53a68448d526b185c7cdb3464cdb3c172237e9ca051c,Al Ba2 In O5,108449,,[],194,194,-6.407,2.025,"Within each normalized composition in the finite PBE/FERE source domain, select the row with the lowest finite total energy per atom; break an exact displayed-energy tie by smaller stable MatDB ID. Do not use PBE or GW gap values.",pbe_metadata + source_recovery:pbe
current-nlr-pbe-gw-v1:composition:dff2d24c4076c82e94af1420dba81afecc62a472a5a7aec8241ab76e9642204b,Al Bi O3,289713,289713,[],,161,-6.627,2.857,"Within each normalized composition in the finite PBE/FERE source domain, select the row with the lowest finite total energy per atom; break an exact displayed-energy tie by smaller stable MatDB ID. Do not use PBE or GW gap values.",pbe_metadata + source_recovery:pbe
current-nlr-pbe-gw-v1:composition:fdb5210930a780a827fc45d51a8d28d2fef71cbcf01d520c4d33e71423aacea3,Al Ce O3,289832,289832,[],,72,-8.018,1.956,"Within each normalized composition in the finite PBE/FERE source domain, select the row with the lowest finite total energy per atom; break an exact displayed-energy tie by smaller stable MatDB ID. Do not use PBE or GW gap values.",pbe_metadata + source_recovery:pbe
current-nlr-pbe-gw-v1:composition:06053993505aacc47eaba12b91e7851de84ac27cd3c67dabd2628cb244e7b25c,Al Cu O2,9593,9593,[],,166,-6.044,2.209,"Within each normalized composition in the finite PBE/FERE source domain, select the row with the lowest finite total energy per atom; break an exact displayed-energy tie by smaller stable MatDB ID. Do not use PBE or GW gap values.",pbe_metadata + source_recovery:pbe
current-nlr-pbe-gw-v1:composition:9e5506ed1f12e98fcffadcb09790637ba2c8759b2eec4cf1e799540900395fd0,Al Fe O3,113386,,[],33,33,-7.261,1.982,"Within each normalized composition in the finite PBE/FERE source domain, select the row with the lowest finite total energy per atom; break an exact displayed-energy tie by smaller stable MatDB ID. Do not use PBE or GW gap values.",pbe_metadata + source_recovery:pbe
current-nlr-pbe-gw-v1:composition:45e19b41b66ec8e1e71bc639276e6be2fab4f239edbd56986d8d0b372076227b,Al Ge Na O4,107036,,[],14,14,-6.468,3.738,"Within each normalized composition in the finite PBE/FERE source domain, select the row with the lowest finite total energy per atom; break an exact displayed-energy tie by smaller stable MatDB ID. Do not use PBE or GW gap values.",pbe_metadata + source_recovery:pbe
current-nlr-pbe-gw-v1:composition:a73bbc9d813c95abc7aff8a31ed5677f26567e892f3f19c7d813e9e9b7eb70c9,Al Ge O5 Y,108583,,[],55,55,-7.593,3.693,"Within each normalized composition in the finite PBE/FERE source domain, select the row with the lowest finite total energy per atom; break an exact displayed-energy tie by smaller stable MatDB ID. Do not use PBE or GW gap values.",pbe_metadata + source_recovery:pbe
current-nlr-pbe-gw-v1:composition:0e40b6133b9ca63a37b8a88a1d7c49a5dc985b8595818a70f489be42c8c0030c,Al K Mo2 O8,113840,,[],164,164,-7.172,3.785,"Within each normalized composition in the finite PBE/FERE source domain, select the row with the lowest finite total energy per atom; break an exact displayed-energy tie by smaller stable MatDB ID. Do not use PBE or GW gap values.",pbe_metadata + source_recovery:pbe
current-nlr-pbe-gw-v1:composition:0cdc1152675aa1425a837115208f600bfc46928b93e06e0259bbb2ebd12c9f06,Al K O2,108527,,[],92,92,-6.27,3.776,"Within each normalized composition in the finite PBE/FERE source domain, select the row with the lowest finite total energy per atom; break an exact displayed-energy tie by smaller stable MatDB ID. Do not use PBE or GW gap values.",pbe_metadata + source_recovery:pbe
current-nlr-pbe-gw-v1:composition:2f5aa942dfaea8de17685be56c05433ae8822f3bc453a251f5ca6e4061e00bda,Al K O4 Si,108098,,[],4,4,-7.095,4.536,"Within each normalized composition in the finite PBE/FERE source domain, select the row with the lowest finite total energy per atom; break an exact displayed-energy tie by smaller stable MatDB ID. Do not use PBE or GW gap values.",pbe_metadata + source_recovery:pbe
current-nlr-pbe-gw-v1:composition:f779bbd68923961740748943933a3971250b308656246099c2f0bb0332c82acf,Al K O6 Si2,108017,,[],88,88,-7.348,4.74,"Within each normalized composition in the finite PBE/FERE source domain, select the row with the lowest finite total energy per atom; break an exact displayed-energy tie by smaller stable MatDB ID. Do not use PBE or GW gap values.",pbe_metadata + source_recovery:pbe
current-nlr-pbe-gw-v1:composition:e98bfa76ec353f33c84741820b3d2a4d692bd3c03a2fbd6a63021fd6e6b8c9e1,Al K O8 Si3,108537,,[],2,2,-7.491,4.919,"Within each normalized composition in the finite PBE/FERE source domain, select the row with the lowest finite total energy per atom; break an exact displayed-energy tie by smaller stable MatDB ID. Do not use PBE or GW gap values.",pbe_metadata + source_recovery:pbe
current-nlr-pbe-gw-v1:composition:970040560e9e366ee65ccdbe8021ab68e392aad2332c989f7a2069a072f45286,Al K3 O3,108105,,[],12,12,-5.114,2.977,"Within each normalized composition in the finite PBE/FERE source domain, select the row with the lowest finite total energy per atom; break an exact displayed-energy tie by smaller stable MatDB ID. Do not use PBE or GW gap values.",pbe_metadata + source_recovery:pbe
current-nlr-pbe-gw-v1:composition:65ab19f031d981b671bc9b7db66928370376af77aaafe43481e621c03e41b78c,Al La O3,107082,,[],15,15,-7.893,3.954,"Within each normalized composition in the finite PBE/FERE source domain, select the row with the lowest finite total energy per atom; break an exact displayed-energy tie by smaller stable MatDB ID. Do not use PBE or GW gap values.",pbe_metadata + source_recovery:pbe
current-nlr-pbe-gw-v1:composition:5a1e77718cf88a9edd3f8d69315187137624f2d76386da326e33aebba3acf18a,Al Li O2,11471,11471,[],,166,-6.624,6.132,"Within each normalized composition in the finite PBE/FERE source domain, select the row with the lowest finite total energy per atom; break an exact displayed-energy tie by smaller stable MatDB ID. Do not use PBE or GW gap values.",pbe_metadata + source_recovery:pbe
current-nlr-pbe-gw-v1:composition:4a5998f646524098c7dd9c7645f6588c60e9ad2454b2b4824d16130f449df740,Al Mg3 Mo5 Na O20,167083,,[],2,2,-7.106,3.499,"Within each normalized composition in the finite PBE/FERE source domain, select the row with the lowest finite total energy per atom; break an exact displayed-energy tie by smaller stable MatDB ID. Do not use PBE or GW gap values.",pbe_metadata + source_recovery:pbe
current-nlr-pbe-gw-v1:composition:1fe87eb4c06409cec9b8906f58d61a63fd7b8e9ca2db70a50657f19b08e7af02,Al Mo O7 V,131810,,[],62,62,-7.519,2.275,"Within each normalized composition in the finite PBE/FERE source domain, select the row with the lowest finite total energy per atom; break an exact displayed-energy tie by smaller stable MatDB ID. Do not use PBE or GW gap values.",pbe_metadata + source_recovery:pbe
current-nlr-pbe-gw-v1:composition:a9353542499cc75e6fa47e10695bd49af5d88551381589d020b54bdb9a987342,Al Na O2,108568,,[],33,33,-6.345,3.85,"Within each normalized composition in the finite PBE/FERE source domain, select the row with the lowest finite total energy per atom; break an exact displayed-energy tie by smaller stable MatDB ID. Do not use PBE or GW gap values.",pbe_metadata + source_recovery:pbe
current-nlr-pbe-gw-v1:composition:0679d2117aa5eb9c1bbe8eae5a260bbe873a7062cc698d8e8aeae3f77686f6c9,Al Na O4 Si,108145,,[],29,29,-7.086,4.585,"Within each normalized composition in the finite PBE/FERE source domain, select the row with the lowest finite total energy per atom; break an exact displayed-energy tie by smaller stable MatDB ID. Do not use PBE or GW gap values.",pbe_metadata + source_recovery:pbe
current-nlr-pbe-gw-v1:composition:c3f08cd47cb55de098d9949a622bd85b75ee32db15bcd6443452d45cfd7ed80b,Al Na O6 Si2,108640,,[],15,15,-7.309,5.214,"Within each normalized composition in the finite PBE/FERE source domain, select the row with the lowest finite total energy per atom; break an exact displayed-energy tie by smaller stable MatDB ID. Do not use PBE or GW gap values.",pbe_metadata + source_recovery:pbe
current-nlr-pbe-gw-v1:composition:22708e55d3802df7dd77cde2536e8d8d70b29edd0114fbce641d0e8dc69fe9a6,Al Na O8 Si3,108676,,[],2,2,-7.474,4.887,"Within each normalized composition in the finite PBE/FERE source domain, select the row with the lowest finite total energy per atom; break an exact displayed-energy tie by smaller stable MatDB ID. Do not use PBE or GW gap values.",pbe_metadata + source_recovery:pbe
current-nlr-pbe-gw-v1:composition:bc1a2ace200e784c00beaa3cf1c9fd6ed734dfd79466118796b1f366a04d09f7,Al Nb O4,151582,,[],12,12,-7.919,3.569,"Within each normalized composition in the finite PBE/FERE source domain, select the row with the lowest finite total energy per atom; break an exact displayed-energy tie by smaller stable MatDB ID. Do not use PBE or GW gap values.",pbe_metadata + source_recovery:pbe
current-nlr-pbe-gw-v1:composition:8b4163872c7ee4d3e6a6774e518cd7381b79b332589d946583a8ff3c16421bda,Al Nb O8 Sr4,131147,,[],14,14,-7.024,3.17,"Within each normalized composition in the finite PBE/FERE source domain, select the row with the lowest finite total energy per atom; break an exact displayed-energy tie by smaller stable MatDB ID. Do not use PBE or GW gap values.",pbe_metadata + source_recovery:pbe
current-nlr-pbe-gw-v1:composition:3694ce7ecc4498c425a72c8948f8e0f553cb1fcdc075029a35380467e5d62fda,Al O2 Rb,109470,,[],227,227,-6.189,3.371,"Within each normalized composition in the finite PBE/FERE source domain, select the row with the lowest finite total energy per atom; break an exact displayed-energy tie by smaller stable MatDB ID. Do not use PBE or GW gap values.",pbe_metadata + source_recovery:pbe
current-nlr-pbe-gw-v1:composition:3fe6c005bddcde53b69930b60d6c1cdf0491afa8e61583bc30dfe97d4a4e98f8,Al O3 Rb3,108726,,[],12,12,-4.985,2.688,"Within each normalized composition in the finite PBE/FERE source domain, select the row with the lowest finite total energy per atom; break an exact displayed-energy tie by smaller stable MatDB ID. Do not use PBE or GW gap values.",pbe_metadata + source_recovery:pbe
current-nlr-pbe-gw-v1:composition:8652d3f4316964f9f75f7e83be834312dae9c088af64c4905a6da813c01a97a7,Al O3 Sc,107150,,[],62,62,-8.02,4.967,"Within each normalized composition in the finite PBE/FERE source domain, select the row with the lowest finite total energy per atom; break an exact displayed-energy tie by smaller stable MatDB ID. Do not use PBE or GW gap values.",pbe_metadata + source_recovery:pbe
current-nlr-pbe-gw-v1:composition:cb7a3414286c2c4673ef7c28de6dfa84ec7a972814392ab486c9fccff388d2bc,Al O3 Y,107157,,[],62,62,-8.142,5.776,"Within each normalized composition in the finite PBE/FERE source domain, select the row with the lowest finite total energy per atom; break an exact displayed-energy tie by smaller stable MatDB ID. Do not use PBE or GW gap values.",pbe_metadata + source_recovery:pbe
current-nlr-pbe-gw-v1:composition:7f231dbda5658033a5d4ae87278c8d592b1b3b911da500d22f6857ffca263749,Al O36 Zn35,9369,9402,[9626],,156,-4.61,1.571,"Within each normalized composition in the finite PBE/FERE source domain, select the row with the lowest finite total energy per atom; break an exact displayed-energy tie by smaller stable MatDB ID. Do not use PBE or GW gap values.",pbe_metadata + source_recovery:pbe
current-nlr-pbe-gw-v1:composition:64ede4e001d6d0856579365120571fb990aadbf2e0d8d44d757a88437df5a83b,Al O4 Rb Si,107179,,[],33,33,-7.074,4.388,"Within each normalized composition in the finite PBE/FERE source domain, select the row with the lowest finite total energy per atom; break an exact displayed-energy tie by smaller stable MatDB ID. Do not use PBE or GW gap values.",pbe_metadata + source_recovery:pbe
current-nlr-pbe-gw-v1:composition:98b4139e0250ea7889a94569dcc994e6b0e321f017c4dd852ab03beaf06d8227,Al O4 V,114251,,[],2,2,-7.55,3.012,"Within each normalized composition in the finite PBE/FERE source domain, select the row with the lowest finite total energy per atom; break an exact displayed-energy tie by smaller stable MatDB ID. Do not use PBE or GW gap values.",pbe_metadata + source_recovery:pbe
current-nlr-pbe-gw-v1:composition:e3d9e5ba5ab595cd2a394720fbb6d1c5fe946eb5e9c27cd7ef6ac6047e051111,Al O4 V2,151552,,[],166,12,-7.458,0.043,"Within each normalized composition in the finite PBE/FERE source domain, select the row with the lowest finite total energy per atom; break an exact displayed-energy tie by smaller stable MatDB ID. Do not use PBE or GW gap values.",pbe_metadata + source_recovery:pbe
current-nlr-pbe-gw-v1:composition:897692b8c4d79462a995ad184b769ba5c1f2d2789a4ec5a0f373f261df2f4d64,Al O4 W,131077,,[],12,12,-8.05,1.605,"Within each normalized composition in the finite PBE/FERE source domain, select the row with the lowest finite total energy per atom; break an exact displayed-energy tie by smaller stable MatDB ID. Do not use PBE or GW gap values.",pbe_metadata + source_recovery:pbe
current-nlr-pbe-gw-v1:composition:1760344ef32580633940616fe4776bb6d0dedb83ad940ddfeb14b2ef5af79757,Al11 Na O17,107971,,[],194,194,-7.34,4.494,"Within each normalized composition in the finite PBE/FERE source domain, select the row with the lowest finite total energy per atom; break an exact displayed-energy tie by smaller stable MatDB ID. Do not use PBE or GW gap values.",pbe_metadata + source_recovery:pbe
current-nlr-pbe-gw-v1:composition:0312622c3f09a2681ee686ecc883bea668332f6ddacba973ded9f8353b78d899,Al12 Ca O27 Si4,108430,,[],147,147,-7.552,5.234,"Within each normalized composition in the finite PBE/FERE source domain, select the row with the lowest finite total energy per atom; break an exact displayed-energy tie by smaller stable MatDB ID. Do not use PBE or GW gap values.",pbe_metadata + source_recovery:pbe
current-nlr-pbe-gw-v1:composition:45284f45330d62af5fe2e1b75a6353fb8a0c19c5ce618859303a34cc49cb7ef5,Al14 O25 Sr4,108515,,[],51,51,-7.33,3.945,"Within each normalized composition in the finite PBE/FERE source domain, select the row with the lowest finite total energy per atom; break an exact displayed-energy tie by smaller stable MatDB ID. Do not use PBE or GW gap values.",pbe_metadata + source_recovery:pbe
current-nlr-pbe-gw-v1:composition:4bbfbf16d584deb58462ccdfd77fc3e5d630dfab0fe021dc7aa3e1bdc22c24d9,Al2 Ba Ge2 O8,108235,,[],15,15,-6.968,3.911,"Within each normalized composition in the finite PBE/FERE source domain, select the row with the lowest finite total energy per atom; break an exact displayed-energy tie by smaller stable MatDB ID. Do not use PBE or GW gap values.",pbe_metadata + source_recovery:pbe
current-nlr-pbe-gw-v1:composition:c3adef683a742d4cbeb0ab5ee56eb633e67c371472478ad20ffd56ea30804208,Al2 Ba O4,108143,,[],173,173,-7.242,4.117,"Within each normalized composition in the finite PBE/FERE source domain, select the row with the lowest finite total energy per atom; break an exact displayed-energy tie by smaller stable MatDB ID. Do not use PBE or GW gap values.",pbe_metadata + source_recovery:pbe
current-nlr-pbe-gw-v1:composition:c8a3687130abb28158a6facefdce7269db11eea7125dbf45df24c7a20344e83b,Al2 Ba O8 Si2,108261,,[],14,14,-7.637,4.811,"Within each normalized composition in the finite PBE/FERE source domain, select the row with the lowest finite total energy per atom; break an exact displayed-energy tie by smaller stable MatDB ID. Do not use PBE or GW gap values.",pbe_metadata + source_recovery:pbe
current-nlr-pbe-gw-v1:composition:99363083116fb09d303c9ccf416d2ec9cab1a451be5fc5ff8306fe4130f0f0e4,Al2 Ba3 O12 Si3,107226,,[],230,230,-7.196,3.313,"Within each normalized composition in the finite PBE/FERE source domain, select the row with the lowest finite total energy per atom; break an exact displayed-energy tie by smaller stable MatDB ID. Do not use PBE or GW gap values.",pbe_metadata + source_recovery:pbe
current-nlr-pbe-gw-v1:composition:10b3beb12c0bf41452e154ec2c85f07e44e419160dfc45e23ddefad337b9b8da,Al2 Ca O4,107269,,[],14,14,-7.262,4.353,"Within each normalized composition in the finite PBE/FERE source domain, select the row with the lowest finite total energy per atom; break an exact displayed-energy tie by smaller stable MatDB ID. Do not use PBE or GW gap values.",pbe_metadata + source_recovery:pbe
current-nlr-pbe-gw-v1:composition:6520fc4474b6fe56282bc56ec0fe3b080819cf9ef4114688fb93a8a9cf7f4afe,Al2 Ca O8 Si2,108711,,[],2,2,-7.615,4.813,"Within each normalized composition in the finite PBE/FERE source domain, select the row with the lowest finite total energy per atom; break an exact displayed-energy tie by smaller stable MatDB ID. Do not use PBE or GW gap values.",pbe_metadata + source_recovery:pbe
current-nlr-pbe-gw-v1:composition:766b403fe7c049252e85c14f28f22e592adaf288de53ccd4738198b55b6f30a8,Al2 Ca2 O5,107847,,[],46,46,-7.081,3.573,"Within each normalized composition in the finite PBE/FERE source domain, select the row with the lowest finite total energy per atom; break an exact displayed-energy tie by smaller stable MatDB ID. Do not use PBE or GW gap values.",pbe_metadata + source_recovery:pbe
current-nlr-pbe-gw-v1:composition:6286d8387cbaaab19a78f92a0aea8afd66e6ec35012e1cef6871b28fd036e54b,Al2 Ca2 O7 Si,109527,,[],113,113,-7.347,4.269,"Within each normalized composition in the finite PBE/FERE source domain, select the row with the lowest finite total energy per atom; break an exact displayed-energy tie by smaller stable MatDB ID. Do not use PBE or GW gap values.",pbe_metadata + source_recovery:pbe
current-nlr-pbe-gw-v1:composition:dca868b7c8e8e9f51b9decdae49c8623916ffb4aee077b1d8ed662b776d22794,Al2 Ca2 O9 Sn2,108290,,[],60,60,-6.833,2.825,"Within each normalized composition in the finite PBE/FERE source domain, select the row with the lowest finite total energy per atom; break an exact displayed-energy tie by smaller stable MatDB ID. Do not use PBE or GW gap values.",pbe_metadata + source_recovery:pbe
current-nlr-pbe-gw-v1:composition:adca9a121b933679e8a09877a8caae69a3eacd28e094e19e4fb2ae3bea042934,Al2 Ca3 O12 Si3,108342,,[],230,230,-7.503,5.007,"Within each normalized composition in the finite PBE/FERE source domain, select the row with the lowest finite total energy per atom; break an exact displayed-energy tie by smaller stable MatDB ID. Do not use PBE or GW gap values.",pbe_metadata + source_recovery:pbe
current-nlr-pbe-gw-v1:composition:92553ca81a375b56cf17c50d42728c8881d2720a3b900845f319b13b73f72194,Al2 Cd O4,9556,9556,[],,227,-6.48,2.71,"Within each normalized composition in the finite PBE/FERE source domain, select the row with the lowest finite total energy per atom; break an exact displayed-energy tie by smaller stable MatDB ID. Do not use PBE or GW gap values.",pbe_metadata + source_recovery:pbe
current-nlr-pbe-gw-v1:composition:424c344676937370c3c7306789430014840354a5fa1984340890782ddc063d1f,Al2 Cd3 O12 Si3,108861,,[],230,230,-6.647,2.974,"Within each normalized composition in the finite PBE/FERE source domain, select the row with the lowest finite total energy per atom; break an exact displayed-energy tie by smaller stable MatDB ID. Do not use PBE or GW gap values.",pbe_metadata + source_recovery:pbe
current-nlr-pbe-gw-v1:composition:70328d58b819ee144ab22569fc1f7a4f949c480e8d8f6da122c20cad81eb38d1,Al2 Co O4,9491,9491,[],,227,-7.182,3.195,"Within each normalized composition in the finite PBE/FERE source domain, select the row with the lowest finite total energy per atom; break an exact displayed-energy tie by smaller stable MatDB ID. Do not use PBE or GW gap values.",pbe_metadata + source_recovery:pbe
current-nlr-pbe-gw-v1:composition:bcfe753471aa1bfff03ad201249eeb0df22dc0ba7138e57828fef3198f2de0f6,Al2 Co3 O12 Si3,150902,,[],230,5,-7.247,2.902,"Within each normalized composition in the finite PBE/FERE source domain, select the row with the lowest finite total energy per atom; break an exact displayed-energy tie by smaller stable MatDB ID. Do not use PBE or GW gap values.",pbe_metadata + source_recovery:pbe
current-nlr-pbe-gw-v1:composition:c30a26ea7fa9cce315a114bada8b0cd780b2e52f20fb835e64e7ddf7c5c2747b,Al2 Cr O4,214,,[],,12,-7.554,1.087,"Within each normalized composition in the finite PBE/FERE source domain, select the row with the lowest finite total energy per atom; break an exact displayed-energy tie by smaller stable MatDB ID. Do not use PBE or GW gap values.",pbe_metadata + source_recovery:pbe
current-nlr-pbe-gw-v1:composition:6d0a4afe846be473dbe687d67865665ee72de713e79dbbb16b6e3d7a40f0af40,Al2 Cu O4,9560,9560,[],,141,-6.536,1.16,"Within each normalized composition in the finite PBE/FERE source domain, select the row with the lowest finite total energy per atom; break an exact displayed-energy tie by smaller stable MatDB ID. Do not use PBE or GW gap values.",pbe_metadata + source_recovery:pbe
current-nlr-pbe-gw-v1:composition:10efa4483e7a59d484167ad4a212b11e31fb683a49b09e069e2aeb7d0f58d4d3,Al2 Fe O4,131150,,[],227,141,-7.389,2.235,"Within each normalized composition in the finite PBE/FERE source domain, select the row with the lowest finite total energy per atom; break an exact displayed-energy tie by smaller stable MatDB ID. Do not use PBE or GW gap values.",pbe_metadata + source_recovery:pbe
current-nlr-pbe-gw-v1:composition:502669a15ddb6d505900fd3597d51826115acc582b7da510cb8e50b9a9031ab4,Al2 Fe3 O12 Si3,114208,,[],230,9,-7.531,2.68,"Within each normalized composition in the finite PBE/FERE source domain, select the row with the lowest finite total energy per atom; break an exact displayed-energy tie by smaller stable MatDB ID. Do not use PBE or GW gap values.",pbe_metadata + source_recovery:pbe
current-nlr-pbe-gw-v1:composition:f09668066f2267ab712c987994e9910eb121920603337969d060d1a75ef708b1,Al2 Ge2 O7,108790,,[],15,15,-6.946,3.406,"Within each normalized composition in the finite PBE/FERE source domain, select the row with the lowest finite total energy per atom; break an exact displayed-energy tie by smaller stable MatDB ID. Do not use PBE or GW gap values.",pbe_metadata + source_recovery:pbe
current-nlr-pbe-gw-v1:composition:f09f13d4c48f34e10aa22e83906161b150fda82c153f9b3cc8c3e18e709dcf1e,Al2 Hg O4,405,,[],,227,-6.117,1.36,"Within each normalized composition in the finite PBE/FERE source domain, select the row with the lowest finite total energy per atom; break an exact displayed-energy tie by smaller stable MatDB ID. Do not use PBE or GW gap values.",pbe_metadata + source_recovery:pbe
current-nlr-pbe-gw-v1:composition:c1b0fa58889999828ea5c30d45d7fb24d6c94dcca4fc0abd0f2eccae7942db32,Al2 K2 O10 Si3,107995,,[],43,5,-7.231,4.481,"Within each normalized composition in the finite PBE/FERE source domain, select the row with the lowest finite total energy per atom; break an exact displayed-energy tie by smaller stable MatDB ID. Do not use PBE or GW gap values.",pbe_metadata + source_recovery:pbe
current-nlr-pbe-gw-v1:composition:4ec54278782bdfe004c88db9f618f418ed76f0af4025461281ef31ef6dce5654,Al2 Mg O4,107374,,[],227,227,-7.128,5.178,"Within each normalized composition in the finite PBE/FERE source domain, select the row with the lowest finite total energy per atom; break an exact displayed-energy tie by smaller stable MatDB ID. Do not use PBE or GW gap values.",pbe_metadata + source_recovery:pbe
current-nlr-pbe-gw-v1:composition:fcd935f8bf6a90ee341367d1bbdcddc684f8769ce2a298a9396b7a0db4cb40af,Al2 Mg3 O12 Si3,109728,,[],230,230,-7.242,4.927,"Within each normalized composition in the finite PBE/FERE source domain, select the row with the lowest finite total energy per atom; break an exact displayed-energy tie by smaller stable MatDB ID. Do not use PBE or GW gap values.",pbe_metadata + source_recovery:pbe
current-nlr-pbe-gw-v1:composition:b13cd6e1d68c6c857da983e7873d5138af4a7e7510d83191bdc211768ab942d6,Al2 Mn O4,9572,9572,[],,227,-7.657,3.048,"Within each normalized composition in the finite PBE/FERE source domain, select the row with the lowest finite total energy per atom; break an exact displayed-energy tie by smaller stable MatDB ID. Do not use PBE or GW gap values.",pbe_metadata + source_recovery:pbe
current-nlr-pbe-gw-v1:composition:09c1622667c122301d29b149f7e7b495f12793242d67504784a33f83aec2c9e6,Al2 Mn3 O12 Si3,132403,,[],230,230,-7.837,3.683,"Within each normalized composition in the finite PBE/FERE source domain, select the row with the lowest finite total energy per atom; break an exact displayed-energy tie by smaller stable MatDB ID. Do not use PBE or GW gap values.",pbe_metadata + source_recovery:pbe
current-nlr-pbe-gw-v1:composition:c6be7c84db1b86a8bf712e9a2cd7e4c70222207943eed24f36d8606e3085edf8,Al2 Mo3 O12,168468,,[],60,60,-7.504,3.616,"Within each normalized composition in the finite PBE/FERE source domain, select the row with the lowest finite total energy per atom; break an exact displayed-energy tie by smaller stable MatDB ID. Do not use PBE or GW gap values.",pbe_metadata + source_recovery:pbe
current-nlr-pbe-gw-v1:composition:0f66bc389a8084879fe0efdb4307a3e5f9f5d193345706734d60370c3883bbcb,Al2 Na2 O10 Si3,109039,,[],5,5,-7.188,4.454,"Within each normalized composition in the finite PBE/FERE source domain, select the row with the lowest finite total energy per atom; break an exact displayed-energy tie by smaller stable MatDB ID. Do not use PBE or GW gap values.",pbe_metadata + source_recovery:pbe
current-nlr-pbe-gw-v1:composition:ef82788faf8a525181cb644f095c91663e42bc7f8572f4d76b57fb740218a731,Al2 Na3 Nb34 O64,133227,,[],148,1,-8.009,0.54,"Within each normalized composition in the finite PBE/FERE source domain, select the row with the lowest finite total energy per atom; break an exact displayed-energy tie by smaller stable MatDB ID. Do not use PBE or GW gap values.",pbe_metadata + source_recovery:pbe
current-nlr-pbe-gw-v1:composition:9b2366b9cb19bfd31d7ab51903592335881c053f280d990d0595fda6e7a050ad,Al2 Ni O4,9499,9499,[],,74,-6.929,2.606,"Within each normalized composition in the finite PBE/FERE source domain, select the row with the lowest finite total energy per atom; break an exact displayed-energy tie by smaller stable MatDB ID. Do not use PBE or GW gap values.",pbe_metadata + source_recovery:pbe
current-nlr-pbe-gw-v1:composition:ecc5d3341820a5bb560012b372ffcce252edfb0686886eba5741f0b9b22f80ab,Al2 O10 Rb2 Si3,108167,,[],43,43,-7.222,4.525,"Within each normalized composition in the finite PBE/FERE source domain, select the row with the lowest finite total energy per atom; break an exact displayed-energy tie by smaller stable MatDB ID. Do not use PBE or GW gap values.",pbe_metadata + source_recovery:pbe
current-nlr-pbe-gw-v1:composition:66f241f084aee6d28e5cdbbfd84b7761802069995ffc550ae7962e944b1347dc,Al2 O11 Si4,109790,,[],2,2,-7.761,4.162,"Within each normalized composition in the finite PBE/FERE source domain, select the row with the lowest finite total energy per atom; break an exact displayed-energy tie by smaller stable MatDB ID. Do not use PBE or GW gap values.",pbe_metadata + source_recovery:pbe
current-nlr-pbe-gw-v1:composition:8375c2f569a07a05dee896549dc50d22567f00cb10a66a7d1a2ffe8c263baea3,Al2 O12 Si3 Sr3,108589,,[],230,230,-7.352,4.439,"Within each normalized composition in the finite PBE/FERE source domain, select the row with the lowest finite total energy per atom; break an exact displayed-energy tie by smaller stable MatDB ID. Do not use PBE or GW gap values.",pbe_metadata + source_recovery:pbe
current-nlr-pbe-gw-v1:composition:23c1effb0e186d7c2d1ee27192d8c893c6e5507464585b0727c933846bbf564a,Al2 O12 W3,133005,,[],60,60,-8.064,4.392,"Within each normalized composition in the finite PBE/FERE source domain, select the row with the lowest finite total energy per atom; break an exact displayed-energy tie by smaller stable MatDB ID. Do not use PBE or GW gap values.",pbe_metadata + source_recovery:pbe
current-nlr-pbe-gw-v1:composition:db68d5cd81e192a0b7bda51f8348e653b27678732839f6c996f3fc30f1a5b3e6,Al2 O3,9418,9540,[9540],,167,-7.5,6.189,"Within each normalized composition in the finite PBE/FERE source domain, select the row with the lowest finite total energy per atom; break an exact displayed-energy tie by smaller stable MatDB ID. Do not use PBE or GW gap values.",pbe_metadata + source_recovery:pbe
current-nlr-pbe-gw-v1:composition:a5150c6e4c121b6f132e846222b5586358148b83947423bd3babff51e7cb3df1,Al2 O4 Pb,108211,,[],40,40,-6.943,3.958,"Within each normalized composition in the finite PBE/FERE source domain, select the row with the lowest finite total energy per atom; break an exact displayed-energy tie by smaller stable MatDB ID. Do not use PBE or GW gap values.",pbe_metadata + source_recovery:pbe
current-nlr-pbe-gw-v1:composition:1553a4f25a985862bf98c7569b100d971afe5f5af0db3fc6293d1ea3e7d397fb,Al2 O4 Sr,108933,,[],4,4,-7.219,4.147,"Within each normalized composition in the finite PBE/FERE source domain, select the row with the lowest finite total energy per atom; break an exact displayed-energy tie by smaller stable MatDB ID. Do not use PBE or GW gap values.",pbe_metadata + source_recovery:pbe
current-nlr-pbe-gw-v1:composition:b0669b32a85874077f9a5c07f2db8e4afd679a83e37d05235d106db002a3b6cd,Al2 O4 Ti,521,,[],,14,-7.401,0.087,"Within each normalized composition in the finite PBE/FERE source domain, select the row with the lowest finite total energy per atom; break an exact displayed-energy tie by smaller stable MatDB ID. Do not use PBE or GW gap values.",pbe_metadata + source_recovery:pbe
current-nlr-pbe-gw-v1:composition:a7f48b71ede222024de4c807d7ce3071996f0aaf5ad86f1314e197ccb5816133,Al2 O4 V,876,,[],,74,-7.596,1.167,"Within each normalized composition in the finite PBE/FERE source domain, select the row with the lowest finite total energy per atom; break an exact displayed-energy tie by smaller stable MatDB ID. Do not use PBE or GW gap values.",pbe_metadata + source_recovery:pbe
current-nlr-pbe-gw-v1:composition:622826bb7225cac133db84cdb310697e81ea1bc273e3e1c108d95749c2d90eff,Al2 O4 Zn,9508,9508,[],,227,-6.723,3.874,"Within each normalized composition in the finite PBE/FERE source domain, select the row with the lowest finite total energy per atom; break an exact displayed-energy tie by smaller stable MatDB ID. Do not use PBE or GW gap values.",pbe_metadata + source_recovery:pbe
current-nlr-pbe-gw-v1:composition:8c9dec7dd416969f39f411dfe31a3263622033bc76807c06ecfe3bd548bbdc3a,Al2 O5 Si,109140,,[],58,58,-7.66,4.811,"Within each normalized composition in the finite PBE/FERE source domain, select the row with the lowest finite total energy per atom; break an exact displayed-energy tie by smaller stable MatDB ID. Do not use PBE or GW gap values.",pbe_metadata + source_recovery:pbe
current-nlr-pbe-gw-v1:composition:6e25b91b23172dfcca58ac6ace7979b11b2c5ccf34475742918da1d68172eacd,Al2 O5 Ti,108321,,[],63,63,-7.768,3.245,"Within each normalized composition in the finite PBE/FERE source domain, select the row with the lowest finite total energy per atom; break an exact displayed-energy tie by smaller stable MatDB ID. Do not use PBE or GW gap values.",pbe_metadata + source_recovery:pbe
current-nlr-pbe-gw-v1:composition:6f07902990b08b8858ff11137be90e9bc3e97a9b97558326f21a15a35d341668,Al2 O8 Si2 Sr,108647,,[],15,15,-7.425,3.982,"Within each normalized composition in the finite PBE/FERE source domain, select the row with the lowest finite total energy per atom; break an exact displayed-energy tie by smaller stable MatDB ID. Do not use PBE or GW gap values.",pbe_metadata + source_recovery:pbe
current-nlr-pbe-gw-v1:composition:67dc0848c6cd7678ffeb7d18e1f5d8d347d1898adbd983c900f5748044668e5c,Al2 O9 Pb2 Si2,109071,,[],60,60,-7.153,2.759,"Within each normalized composition in the finite PBE/FERE source domain, select the row with the lowest finite total energy per atom; break an exact displayed-energy tie by smaller stable MatDB ID. Do not use PBE or GW gap values.",pbe_metadata + source_recovery:pbe
current-nlr-pbe-gw-v1:composition:a396f773ae855dddbb3a1fe31469ed07c3f81a081af5781e2a79c4b7ea8562b2,Al2 O9 Y4,109092,,[],14,14,-8.355,4.136,"Within each normalized composition in the finite PBE/FERE source domain, select the row with the lowest finite total energy per atom; break an exact displayed-energy tie by smaller stable MatDB ID. Do not use PBE or GW gap values.",pbe_metadata + source_recovery:pbe
current-nlr-pbe-gw-v1:composition:895f84d7ca5325ac5824faeed6e851a4a4ee340b45baa21ab9c2bd9b67e94f0b,Al3 Na7 O8,109129,,[],2,2,-5.522,2.799,"Within each normalized composition in the finite PBE/FERE source domain, select the row with the lowest finite total energy per atom; break an exact displayed-energy tie by smaller stable MatDB ID. Do not use PBE or GW gap values.",pbe_metadata + source_recovery:pbe
current-nlr-pbe-gw-v1:composition:9a1e59049bdfbebc9c6abb8248c4443cec26fafc29d29ed690147ca6cef8b011,Al3 O12 Sc2 Y3,108370,,[],230,230,-8.292,4.436,"Within each normalized composition in the finite PBE/FERE source domain, select the row with the lowest finite total energy per atom; break an exact displayed-energy tie by smaller stable MatDB ID. Do not use PBE or GW gap values.",pbe_metadata + source_recovery:pbe
current-nlr-pbe-gw-v1:composition:1091ce0d05bab471e404e46d139e76b5a4041e5f7cde7c88e4b7d8a6acad657c,Al31 O48,9361,9540,[9418],,146,-7.154,5.35,"Within each normalized composition in the finite PBE/FERE source domain, select the row with the lowest finite total energy per atom; break an exact displayed-energy tie by smaller stable MatDB ID. Do not use PBE or GW gap values.",pbe_metadata + source_recovery:pbe
current-nlr-pbe-gw-v1:composition:53313d7158b67d86eaeb55f529c406d7bdc4bb2b6b3acc6fdf18662f128113ba,Al31 O48 Zn,9337,9540,[9418],,146,-7.311,5.789,"Within each normalized composition in the finite PBE/FERE source domain, select the row with the lowest finite total energy per atom; break an exact displayed-energy tie by smaller stable MatDB ID. Do not use PBE or GW gap values.",pbe_metadata + source_recovery:pbe
current-nlr-pbe-gw-v1:composition:5c70682537ae5a2735cfd589d69699da58777b10505b6a614f59cf72bdd8c678,Al32 N O47,9349,9540,[9418],,5,-7.377,4.659,"Within each normalized composition in the finite PBE/FERE source domain, select the row with the lowest finite total energy per atom; break an exact displayed-energy tie by smaller stable MatDB ID. Do not use PBE or GW gap values.",pbe_metadata + source_recovery:pbe
current-nlr-pbe-gw-v1:composition:475c2f202d3bc7b51c69925c2e332da52927f2489b7fd66701585e30f4aa3caa,Al32 O47,9309,9540,[9418],,5,-7.676,3.802,"Within each normalized composition in the finite PBE/FERE source domain, select the row with the lowest finite total energy per atom; break an exact displayed-energy tie by smaller stable MatDB ID. Do not use PBE or GW gap values.",pbe_metadata + source_recovery:pbe
current-nlr-pbe-gw-v1:composition:847ded9d1963871957cb297f9149bd0b69e715be837b5cce71954cde3883bdb3,Al36 N35 O,9296,9331,[9460],,156,-7.551,3.902,"Within each normalized composition in the finite PBE/FERE source domain, select the row with the lowest finite total energy per atom; break an exact displayed-energy tie by smaller stable MatDB ID. Do not use PBE or GW gap values.",pbe_metadata + source_recovery:pbe
current-nlr-pbe-gw-v1:composition:1309a50a738efe50ac1fffed3fba6f9aa34b6c862dcae18e8f9a58620da77f4f,Al4 Ba Na2 O16 Si4,109974,,[],45,45,-7.355,4.728,"Within each normalized composition in the finite PBE/FERE source domain, select the row with the lowest finite total energy per atom; break an exact displayed-energy tie by smaller stable MatDB ID. Do not use PBE or GW gap values.",pbe_metadata + source_recovery:pbe
current-nlr-pbe-gw-v1:composition:ec0f0b4ca4cb649b6b6eeb4d1b3424e685b9d22ab1b6722f765e25d361f5fbc4,Al4 Ca O7,107702,,[],15,15,-7.381,4.021,"Within each normalized composition in the finite PBE/FERE source domain, select the row with the lowest finite total energy per atom; break an exact displayed-energy tie by smaller stable MatDB ID. Do not use PBE or GW gap values.",pbe_metadata + source_recovery:pbe
current-nlr-pbe-gw-v1:composition:4afc9db52a2e157d9bd798661395d2c9cf0bf88a93b782588f1742b03ae9aac6,Al4 K Na3 O16 Si4,108390,,[],173,173,-7.086,4.533,"Within each normalized composition in the finite PBE/FERE source domain, select the row with the lowest finite total energy per atom; break an exact displayed-energy tie by smaller stable MatDB ID. Do not use PBE or GW gap values.",pbe_metadata + source_recovery:pbe
current-nlr-pbe-gw-v1:composition:d9ae1ce9c5702c157fb7cc054c5351c1c05c7e04f4d37933bbe08bc541035fde,Al4 Mg2 O18 Si5,109126,,[],66,66,-7.543,4.813,"Within each normalized composition in the finite PBE/FERE source domain, select the row with the lowest finite total energy per atom; break an exact displayed-energy tie by smaller stable MatDB ID. Do not use PBE or GW gap values.",pbe_metadata + source_recovery:pbe
current-nlr-pbe-gw-v1:composition:052ce3e8a18a55c076bc1521826b2edb2feb9a7e8553fe900b9d444a51435a9a,Al4 Mn2 O18 Si5,152132,,[],66,66,-7.8,3.874,"Within each normalized composition in the finite PBE/FERE source domain, select the row with the lowest finite total energy per atom; break an exact displayed-energy tie by smaller stable MatDB ID. Do not use PBE or GW gap values.",pbe_metadata + source_recovery:pbe
current-nlr-pbe-gw-v1:composition:7b77de27c5c2a193d680e57d30ceaf34767459980a734c18b8b145d659c383a6,Al4 Na14 O13,107765,,[],14,14,-5.14,2.484,"Within each normalized composition in the finite PBE/FERE source domain, select the row with the lowest finite total energy per atom; break an exact displayed-energy tie by smaller stable MatDB ID. Do not use PBE or GW gap values.",pbe_metadata + source_recovery:pbe
current-nlr-pbe-gw-v1:composition:2e302b9f51f6ebe8e3958ba8ca4f495af3115200a7f175a2bb353c8ec016fec5,Al4 Na2 O16 Si4 Sr,109363,,[],45,45,-7.343,4.721,"Within each normalized composition in the finite PBE/FERE source domain, select the row with the lowest finite total energy per atom; break an exact displayed-energy tie by smaller stable MatDB ID. Do not use PBE or GW gap values.",pbe_metadata + source_recovery:pbe
current-nlr-pbe-gw-v1:composition:d9b45de921fa293016a2aae0206d4b4d1ae86dd14682faf38cabd5ffedd27147,Al4 O Si6 Sr10,109176,,[],71,71,-3.915,0.103,"Within each normalized composition in the finite PBE/FERE source domain, select the row with the lowest finite total energy per atom; break an exact displayed-energy tie by smaller stable MatDB ID. Do not use PBE or GW gap values.",pbe_metadata + source_recovery:pbe
current-nlr-pbe-gw-v1:composition:437d91745324bc6924d6d217763eacf42f758e36af8e6571f294c4e37122d447,Al4 O7 Sr,108427,,[],15,15,-7.354,3.76,"Within each normalized composition in the finite PBE/FERE source domain, select the row with the lowest finite total energy per atom; break an exact displayed-energy tie by smaller stable MatDB ID. Do not use PBE or GW gap values.",pbe_metadata + source_recovery:pbe
current-nlr-pbe-gw-v1:composition:a5b9c094652b90ae9a81a993ecd2f5f182b7b9dedbb1f4929ea12a4da19e0697,Al5 Na O12 Ti2,109135,,[],55,55,-7.51,2.927,"Within each normalized composition in the finite PBE/FERE source domain, select the row with the lowest finite total energy per atom; break an exact displayed-energy tie by smaller stable MatDB ID. Do not use PBE or GW gap values.",pbe_metadata + source_recovery:pbe
current-nlr-pbe-gw-v1:composition:801b5bf89aa78c08bf434860a12ba2b7f0af3b08eb66e3c7ff0a8e5b72456d65,Al5 Na17 O16,108715,,[],8,8,-5.166,2.459,"Within each normalized composition in the finite PBE/FERE source domain, select the row with the lowest finite total energy per atom; break an exact displayed-energy tie by smaller stable MatDB ID. Do not use PBE or GW gap values.",pbe_metadata + source_recovery:pbe
current-nlr-pbe-gw-v1:composition:83222e14eb90282adfd6d6db74a7bab2901d8b0a5f4db4da1e899d43d2bd4d4b,Al5 O12 Y3,108446,,[],230,230,-8.018,4.844,"Within each normalized composition in the finite PBE/FERE source domain, select the row with the lowest finite total energy per atom; break an exact displayed-energy tie by smaller stable MatDB ID. Do not use PBE or GW gap values.",pbe_metadata + source_recovery:pbe
current-nlr-pbe-gw-v1:composition:08028c005fdc59ec29aa7da73b23d9e6f94eee944ecc226ae24cd1d52e28baaa,Al6 Ca4 O13,109158,,[],217,217,-7.188,3.953,"Within each normalized composition in the finite PBE/FERE source domain, select the row with the lowest finite total energy per atom; break an exact displayed-energy tie by smaller stable MatDB ID. Do not use PBE or GW gap values.",pbe_metadata + source_recovery:pbe
current-nlr-pbe-gw-v1:composition:e4caf42f3704335c72f2f6e14541b7ccc02429891b33bac420a70ba47f55cfc9,Al6 Ca4 O16 W,133534,,[],41,41,-7.404,4,"Within each normalized composition in the finite PBE/FERE source domain, select the row with the lowest finite total energy per atom; break an exact displayed-energy tie by smaller stable MatDB ID. Do not use PBE or GW gap values.",pbe_metadata + source_recovery:pbe
current-nlr-pbe-gw-v1:composition:e0c9b8ab9ba0a2646573d3ea1a846b45ad9646591fcd310134cd755a700b730b,Al6 Ca5 O14,107855,,[],36,36,-7.145,4.237,"Within each normalized composition in the finite PBE/FERE source domain, select the row with the lowest finite total energy per atom; break an exact displayed-energy tie by smaller stable MatDB ID. Do not use PBE or GW gap values.",pbe_metadata + source_recovery:pbe
current-nlr-pbe-gw-v1:composition:7c077a7d006a30e92cea71dd1ca16388eef8ae97e0c42f07084a9f3473c24b44,Al6 O Si8 Sr13,108507,,[],12,2,-3.874,0.067,"Within each normalized composition in the finite PBE/FERE source domain, select the row with the lowest finite total energy per atom; break an exact displayed-energy tie by smaller stable MatDB ID. Do not use PBE or GW gap values.",pbe_metadata + source_recovery:pbe
current-nlr-pbe-gw-v1:composition:9e43dbea00c748b36c05a31937743311a1ef54006acd9a442239ab52f4f82508,Al6 O11 Sr2,109243,,[],58,58,-7.3,4.135,"Within each normalized composition in the finite PBE/FERE source domain, select the row with the lowest finite total energy per atom; break an exact displayed-energy tie by smaller stable MatDB ID. Do not use PBE or GW gap values.",pbe_metadata + source_recovery:pbe
current-nlr-pbe-gw-v1:composition:1e72953e3e6739c9246dfcd794b8b173e33d46cb031680efc70cfc73773c7bb5,Al6 O16 Sr4 W,115921,,[],197,217,-7.362,3.577,"Within each normalized composition in the finite PBE/FERE source domain, select the row with the lowest finite total energy per atom; break an exact displayed-energy tie by smaller stable MatDB ID. Do not use PBE or GW gap values.",pbe_metadata + source_recovery:pbe
current-nlr-pbe-gw-v1:composition:3fbf410bb2d859522a17e613fb9c75bfa78b72be9ae70c564ba8e0d07ea4a4e1,Au Ba4 Na O8,110055,,[],139,12,-5.329,1.982,"Within each normalized composition in the finite PBE/FERE source domain, select the row with the lowest finite total energy per atom; break an exact displayed-energy tie by smaller stable MatDB ID. Do not use PBE or GW gap values.",pbe_metadata + source_recovery:pbe
current-nlr-pbe-gw-v1:composition:7ad1291c3e6bbe092e90e7588c03cb33512017ef87affdf76d4d47c2c5d70a2b,Au Co Na4 O5,183214,,[],11,63,-4.529,1.973,"Within each normalized composition in the finite PBE/FERE source domain, select the row with the lowest finite total energy per atom; break an exact displayed-energy tie by smaller stable MatDB ID. Do not use PBE or GW gap values.",pbe_metadata + source_recovery:pbe
current-nlr-pbe-gw-v1:composition:57d97638fe558993afa565ecbda71c049ec56fc5b90610379a0e9b6471a38648,Au Cr3 O8,152285,,[],12,12,-6.64,1.159,"Within each normalized composition in the finite PBE/FERE source domain, select the row with the lowest finite total energy per atom; break an exact displayed-energy tie by smaller stable MatDB ID. Do not use PBE or GW gap values.",pbe_metadata + source_recovery:pbe
current-nlr-pbe-gw-v1:composition:d6cd0372bed6641954ad8f896c809a1c6adebf9bd653d3d5af698ebf1629f865,Au Ga O2,108848,,[],194,194,-4.861,0.052,"Within each normalized composition in the finite PBE/FERE source domain, select the row with the lowest finite total energy per atom; break an exact displayed-energy tie by smaller stable MatDB ID. Do not use PBE or GW gap values.",pbe_metadata + source_recovery:pbe
current-nlr-pbe-gw-v1:composition:2123e93f678b5e1ec5a4b40092ce8669c72a8ac91577841b730e29bcb658e12a,Au K Na2 O2,109165,,[],58,58,-3.67,2.14,"Within each normalized composition in the finite PBE/FERE source domain, select the row with the lowest finite total energy per atom; break an exact displayed-energy tie by smaller stable MatDB ID. Do not use PBE or GW gap values.",pbe_metadata + source_recovery:pbe
current-nlr-pbe-gw-v1:composition:ff38dd7f7dec1e2ac3de70a6a9caf4e9e7c489a23fce6e13e7ba381ca2a3313f,Au K O2,107858,,[],47,47,-3.959,1.5,"Within each normalized composition in the finite PBE/FERE source domain, select the row with the lowest finite total energy per atom; break an exact displayed-energy tie by smaller stable MatDB ID. Do not use PBE or GW gap values.",pbe_metadata + source_recovery:pbe
current-nlr-pbe-gw-v1:composition:20fa093bf873f5cda6ec346e9ff2fa2cb6185308b4bdffee3a22f24704accb65,Au K3 O,109447,,[],221,221,-2.791,0.609,"Within each normalized composition in the finite PBE/FERE source domain, select the row with the lowest finite total energy per atom; break an exact displayed-energy tie by smaller stable MatDB ID. Do not use PBE or GW gap values.",pbe_metadata + source_recovery:pbe
current-nlr-pbe-gw-v1:composition:9e1974c3ed8db1a1d76330d308e50bbcfa2b902672003999f304b43f02c1794e,Au La O3,109253,,[],57,57,-6.073,1.92,"Within each normalized composition in the finite PBE/FERE source domain, select the row with the lowest finite total energy per atom; break an exact displayed-energy tie by smaller stable MatDB ID. Do not use PBE or GW gap values.",pbe_metadata + source_recovery:pbe
current-nlr-pbe-gw-v1:composition:3148ffd525b79094ab5cef1034dde25597d2bae9003468e2a3093f2085896575,Au Na O2,108510,,[],63,63,-3.982,1.322,"Within each normalized composition in the finite PBE/FERE source domain, select the row with the lowest finite total energy per atom; break an exact displayed-energy tie by smaller stable MatDB ID. Do not use PBE or GW gap values.",pbe_metadata + source_recovery:pbe
current-nlr-pbe-gw-v1:composition:c7490a724392abe8fd1c64aaa58cbe7253b846e76a07c64425d9fbfb9ced9bea,Au Na2 O2 Rb,110058,,[],58,58,-3.625,2.163,"Within each normalized composition in the finite PBE/FERE source domain, select the row with the lowest finite total energy per atom; break an exact displayed-energy tie by smaller stable MatDB ID. Do not use PBE or GW gap values.",pbe_metadata + source_recovery:pbe
current-nlr-pbe-gw-v1:composition:f0511849c7914d2a1b3b2e3dcd7ff08f63cb7f775967b3dc50745496edeeb797,Au Na3 O2,108866,,[],136,136,-3.707,2.066,"Within each normalized composition in the finite PBE/FERE source domain, select the row with the lowest finite total energy per atom; break an exact displayed-energy tie by smaller stable MatDB ID. Do not use PBE or GW gap values.",pbe_metadata + source_recovery:pbe
current-nlr-pbe-gw-v1:composition:d47229db4c4792a55e7e4fc3d94d7564989f50123dd1cfa797aae9586e623128,Au O Rb,108750,,[],139,12,-3.409,1.649,"Within each normalized composition in the finite PBE/FERE source domain, select the row with the lowest finite total energy per atom; break an exact displayed-energy tie by smaller stable MatDB ID. Do not use PBE or GW gap values.",pbe_metadata + source_recovery:pbe
current-nlr-pbe-gw-v1:composition:706ee8d2697a446a8e76e391cfb7ca3560ffe2a6ad4983a9cfcf33b16676015e,Au O Rb3,107870,,[],221,221,-2.637,0.23,"Within each normalized composition in the finite PBE/FERE source domain, select the row with the lowest finite total energy per atom; break an exact displayed-energy tie by smaller stable MatDB ID. Do not use PBE or GW gap values.",pbe_metadata + source_recovery:pbe
current-nlr-pbe-gw-v1:composition:94f1a922e0afadc13954f97e0a6079f3e3ad4676331b60a4e95d57ba126c3bd4,Au O2 Rb,109453,,[],63,63,-3.94,1.759,"Within each normalized composition in the finite PBE/FERE source domain, select the row with the lowest finite total energy per atom; break an exact displayed-energy tie by smaller stable MatDB ID. Do not use PBE or GW gap values.",pbe_metadata + source_recovery:pbe
current-nlr-pbe-gw-v1:composition:c3788abf5201bb1571d7077f6714eb1a080d97deb6dd3dc41c671b69a8180555,Au O2 Sc,109257,,[],194,194,-6.446,2.192,"Within each normalized composition in the finite PBE/FERE source domain, select the row with the lowest finite total energy per atom; break an exact displayed-energy tie by smaller stable MatDB ID. Do not use PBE or GW gap values.",pbe_metadata + source_recovery:pbe
current-nlr-pbe-gw-v1:composition:fdef50d391758d1e6997e6ab80309ee76f212dc138d113fb6c83f258d3fa05cb,Au O2 Y,108513,,[],194,194,-6.547,2.792,"Within each normalized composition in the finite PBE/FERE source domain, select the row with the lowest finite total energy per atom; break an exact displayed-energy tie by smaller stable MatDB ID. Do not use PBE or GW gap values.",pbe_metadata + source_recovery:pbe
current-nlr-pbe-gw-v1:composition:879ee7688feb047abb8ad8e3330d8f4eb35cccf0cea7c990d36d68cdf3559efe,Au2 Ba O4,110061,,[],88,88,-4.642,1.61,"Within each normalized composition in the finite PBE/FERE source domain, select the row with the lowest finite total energy per atom; break an exact displayed-energy tie by smaller stable MatDB ID. Do not use PBE or GW gap values.",pbe_metadata + source_recovery:pbe
current-nlr-pbe-gw-v1:composition:142b1f23754856f8de3e25f436e578351ca602822f9e1fc3f29ad231e34c7a83,Au2 Ca O4,109173,,[],88,88,-4.681,1.76,"Within each normalized composition in the finite PBE/FERE source domain, select the row with the lowest finite total energy per atom; break an exact displayed-energy tie by smaller stable MatDB ID. Do not use PBE or GW gap values.",pbe_metadata + source_recovery:pbe
current-nlr-pbe-gw-v1:composition:6ffe25daa7a43f6ad761435dafcb80e999544fcce23dd3b4ab5fb6b6d352a44b,Au2 La4 O9,107919,,[],60,60,-6.76,2.08,"Within each normalized composition in the finite PBE/FERE source domain, select the row with the lowest finite total energy per atom; break an exact displayed-energy tie by smaller stable MatDB ID. Do not use PBE or GW gap values.",pbe_metadata + source_recovery:pbe
current-nlr-pbe-gw-v1:composition:3a41f44093bc95fa968f09eb97e4a9439842637b6cee6ced97186ea65a9d67d9,Au2 O3,109456,,[],43,43,-3.697,1.108,"Within each normalized composition in the finite PBE/FERE source domain, select the row with the lowest finite total energy per atom; break an exact displayed-energy tie by smaller stable MatDB ID. Do not use PBE or GW gap values.",pbe_metadata + source_recovery:pbe
current-nlr-pbe-gw-v1:composition:78389fc673627f30826a90b219bfa53fc3e0a628211aee2b7e69c97916058e13,Au2 O4 Sr,109260,,[],88,88,-4.643,1.701,"Within each normalized composition in the finite PBE/FERE source domain, select the row with the lowest finite total energy per atom; break an exact displayed-energy tie by smaller stable MatDB ID. Do not use PBE or GW gap values.",pbe_metadata + source_recovery:pbe
current-nlr-pbe-gw-v1:composition:60397408d836e6e5be9669ed8554962eb58cdeb79d27d85c425faf1445930d23,Au2 O8 Sr5,108521,,[],22,139,-5.416,1.556,"Within each normalized composition in the finite PBE/FERE source domain, select the row with the lowest finite total energy per atom; break an exact displayed-energy tie by smaller stable MatDB ID. Do not use PBE or GW gap values.",pbe_metadata + source_recovery:pbe
current-nlr-pbe-gw-v1:composition:9bdcac94d4e3f12b3798a26f56384ec196e2ae2ad89c22e52dd850d548d00b87,Au3 O2 Rb5,110078,,[],55,55,-2.751,1.145,"Within each normalized composition in the finite PBE/FERE source domain, select the row with the lowest finite total energy per atom; break an exact displayed-energy tie by smaller stable MatDB ID. Do not use PBE or GW gap values.",pbe_metadata + source_recovery:pbe
current-nlr-pbe-gw-v1:composition:1753c0d3351fd661a44069b8ad0b045bb88454769a8434d6aeb6628d4af4e734,Au5 O2 Rb7,108759,,[],71,12,-2.45,0.827,"Within each normalized composition in the finite PBE/FERE source domain, select the row with the lowest finite total energy per atom; break an exact displayed-energy tie by smaller stable MatDB ID. Do not use PBE or GW gap values.",pbe_metadata + source_recovery:pbe
current-nlr-pbe-gw-v1:composition:131114703113be5d5aba5a77d23d6726379a9d8867dfd1463ca47f2fefc8388d,B2 O3,10257,10257,[],,144,-7.985,6.283,"Within each normalized composition in the finite PBE/FERE source domain, select the row with the lowest finite total energy per atom; break an exact displayed-energy tie by smaller stable MatDB ID. Do not use PBE or GW gap values.",pbe_metadata + source_recovery:pbe
current-nlr-pbe-gw-v1:composition:4cca5577b9124c9735a79c8375776aff30b7c51b3f05fa770e999f7cc7745004,Ba Ca Ga4 O8,109462,,[],44,44,-6.229,3.056,"Within each normalized composition in the finite PBE/FERE source domain, select the row with the lowest finite total energy per atom; break an exact displayed-energy tie by smaller stable MatDB ID. Do not use PBE or GW gap values.",pbe_metadata + source_recovery:pbe
current-nlr-pbe-gw-v1:composition:36239bb6d7c26f0f8eca5e98c2e00eef252047bc834129403459eaf335201ecd,Ba Ca O4 Si,109286,,[],186,186,-7.122,4.404,"Within each normalized composition in the finite PBE/FERE source domain, select the row with the lowest finite total energy per atom; break an exact displayed-energy tie by smaller stable MatDB ID. Do not use PBE or GW gap values.",pbe_metadata + source_recovery:pbe
current-nlr-pbe-gw-v1:composition:fd71955ec6826ef53f672f5fc8d361471f918474582ce9d5f9c80426ac0d8da8,Ba Ca O7 V2,153175,,[],62,62,-7.382,3.176,"Within each normalized composition in the finite PBE/FERE source domain, select the row with the lowest finite total energy per atom; break an exact displayed-energy tie by smaller stable MatDB ID. Do not use PBE or GW gap values.",pbe_metadata + source_recovery:pbe
current-nlr-pbe-gw-v1:composition:7b133497e73119e9b0b89e80820878c41cb00b8c2466d2924590bc37bc8a4525,Ba Ca2 Mg O8 Si2,108528,,[],147,147,-7.138,5.032,"Within each normalized composition in the finite PBE/FERE source domain, select the row with the lowest finite total energy per atom; break an exact displayed-energy tie by smaller stable MatDB ID. Do not use PBE or GW gap values.",pbe_metadata + source_recovery:pbe
current-nlr-pbe-gw-v1:composition:5a4bd7e17878fd1d28b1d85d92b7f5f1cd4771aa4bbdf81ed366958dfc61e43b,Ba Ca2 O9 Si3,110088,,[],2,2,-7.463,4.571,"Within each normalized composition in the finite PBE/FERE source domain, select the row with the lowest finite total energy per atom; break an exact displayed-energy tie by smaller stable MatDB ID. Do not use PBE or GW gap values.",pbe_metadata + source_recovery:pbe
current-nlr-pbe-gw-v1:composition:4c2612a55a2a6c413e6cf9038412dc53b9775ef09c677b52cdf6a7c37b38049f,Ba Cd O2,108768,,[],62,62,-5.005,0.971,"Within each normalized composition in the finite PBE/FERE source domain, select the row with the lowest finite total energy per atom; break an exact displayed-energy tie by smaller stable MatDB ID. Do not use PBE or GW gap values.",pbe_metadata + source_recovery:pbe
current-nlr-pbe-gw-v1:composition:617b04e2a215115318f3498620a90a6d25837d3888aeea36ad65b99f55c543e8,Ba Cd O7 V2,114929,,[],62,62,-6.86,3.022,"Within each normalized composition in the finite PBE/FERE source domain, select the row with the lowest finite total energy per atom; break an exact displayed-energy tie by smaller stable MatDB ID. Do not use PBE or GW gap values.",pbe_metadata + source_recovery:pbe
current-nlr-pbe-gw-v1:composition:cedd1d613edf7f124052eb855c5a1e1e22457cccc3cf4bf24c2a76dfa852ff27,Ba Ce O3,289614,289614,[],,62,-7.476,2.455,"Within each normalized composition in the finite PBE/FERE source domain, select the row with the lowest finite total energy per atom; break an exact displayed-energy tie by smaller stable MatDB ID. Do not use PBE or GW gap values.",pbe_metadata + source_recovery:pbe
current-nlr-pbe-gw-v1:composition:1679276f23a2dcda1ba811a7a53ea9f21554e3b83d37c651eaa0acc0dea4fa6b,Ba Co O2,182355,,[],152,5,-6.087,1.156,"Within each normalized composition in the finite PBE/FERE source domain, select the row with the lowest finite total energy per atom; break an exact displayed-energy tie by smaller stable MatDB ID. Do not use PBE or GW gap values.",pbe_metadata + source_recovery:pbe
current-nlr-pbe-gw-v1:composition:7641079f3ba917e8982e28a0b1f3b25b293b4a06e5cf32f8e19e77a2554dbefd,Ba Co O3,114984,,[],194,194,-6.093,0.756,"Within each normalized composition in the finite PBE/FERE source domain, select the row with the lowest finite total energy per atom; break an exact displayed-energy tie by smaller stable MatDB ID. Do not use PBE or GW gap values.",pbe_metadata + source_recovery:pbe
current-nlr-pbe-gw-v1:composition:4765256f8b2215c69d020347abc1c79cba8424b1ef438b8c716c977461c21572,Ba Co O4 Si,153286,,[],173,173,-7.049,2.819,"Within each normalized composition in the finite PBE/FERE source domain, select the row with the lowest finite total energy per atom; break an exact displayed-energy tie by smaller stable MatDB ID. Do not use PBE or GW gap values.",pbe_metadata + source_recovery:pbe
current-nlr-pbe-gw-v1:composition:59743eb4be991ac01f880957a4cd0bd926152136002610b1e84aec32f520cad2,Ba Co O5 Y2,133378,,[],62,62,-7.549,2.159,"Within each normalized composition in the finite PBE/FERE source domain, select the row with the lowest finite total energy per atom; break an exact displayed-energy tie by smaller stable MatDB ID. Do not use PBE or GW gap values.",pbe_metadata + source_recovery:pbe
current-nlr-pbe-gw-v1:composition:9af542ed38673a699cca6393cd452f7b315a940da23c42794ea7b030fe72c474,Ba Co2 La O6,133080,,[],123,6,-6.561,0.205,"Within each normalized composition in the finite PBE/FERE source domain, select the row with the lowest finite total energy per atom; break an exact displayed-energy tie by smaller stable MatDB ID. Do not use PBE or GW gap values.",pbe_metadata + source_recovery:pbe
current-nlr-pbe-gw-v1:composition:e5e187b4c866fc1f6d79e374850f5e200375e50745ce2cda4d138c827539d30c,Ba Co2 O5 Y,152762,,[],51,4,-6.834,0.701,"Within each normalized composition in the finite PBE/FERE source domain, select the row with the lowest finite total energy per atom; break an exact displayed-energy tie by smaller stable MatDB ID. Do not use PBE or GW gap values.",pbe_metadata + source_recovery:pbe
current-nlr-pbe-gw-v1:composition:c21647943ab991782dc5832aa334c1b1abb204e11ffd22a32e56928a5789cf70,Ba Co2 O7 Si2,133171,,[],15,5,-7.131,2.687,"Within each normalized composition in the finite PBE/FERE source domain, select the row with the lowest finite total energy per atom; break an exact displayed-energy tie by smaller stable MatDB ID. Do not use PBE or GW gap values.",pbe_metadata + source_recovery:pbe
current-nlr-pbe-gw-v1:composition:b16f58f5d1e31cc550cb5d4fd38f7e3cf28d5b9573db06581117bd721642adb2,Ba Co2 O8 V2,116104,,[],142,142,-7.085,2.294,"Within each normalized composition in the finite PBE/FERE source domain, select the row with the lowest finite total energy per atom; break an exact displayed-energy tie by smaller stable MatDB ID. Do not use PBE or GW gap values.",pbe_metadata + source_recovery:pbe
current-nlr-pbe-gw-v1:composition:428e1b531203692fa46fabcbd2e308da12a320a98f87a58fe85b902976e7480a,Ba Co4 O7 Y,115352,,[],186,1,-6.655,0.548,"Within each normalized composition in the finite PBE/FERE source domain, select the row with the lowest finite total energy per atom; break an exact displayed-energy tie by smaller stable MatDB ID. Do not use PBE or GW gap values.",pbe_metadata + source_recovery:pbe
current-nlr-pbe-gw-v1:composition:00204b517bbd9e7ee624fd5453c8c6d110ef7128c049015ced28e60735560902,Ba Co4 O8 Y,152807,,[],29,1,-6.549,0.497,"Within each normalized composition in the finite PBE/FERE source domain, select the row with the lowest finite total energy per atom; break an exact displayed-energy tie by smaller stable MatDB ID. Do not use PBE or GW gap values.",pbe_metadata + source_recovery:pbe
current-nlr-pbe-gw-v1:composition:7dbef071f6d187428187d5b67107563a0606c0f2ab9ae64b593f016d9108a46f,Ba Cr O10 Si4,182804,,[],130,116,-7.795,3.021,"Within each normalized composition in the finite PBE/FERE source domain, select the row with the lowest finite total energy per atom; break an exact displayed-energy tie by smaller stable MatDB ID. Do not use PBE or GW gap values.",pbe_metadata + source_recovery:pbe
current-nlr-pbe-gw-v1:composition:a93cced2cd94f81b7f8c773e182bfe73e1cb7fee38ea5d52c9fff112c932010f,Ba Cr O3,152295,,[],194,1,-7.132,0.552,"Within each normalized composition in the finite PBE/FERE source domain, select the row with the lowest finite total energy per atom; break an exact displayed-energy tie by smaller stable MatDB ID. Do not use PBE or GW gap values.",pbe_metadata + source_recovery:pbe
current-nlr-pbe-gw-v1:composition:c0493b31690f7cbf1e04f67292dc5c7ccea6dcc99523ebe999e05938ddf7b1c9,Ba Cr10 O15,152954,,[],64,1,-7.933,0.305,"Within each normalized composition in the finite PBE/FERE source domain, select the row with the lowest finite total energy per atom; break an exact displayed-energy tie by smaller stable MatDB ID. Do not use PBE or GW gap values.",pbe_metadata + source_recovery:pbe
current-nlr-pbe-gw-v1:composition:84385cabdb3216ef676ae4844db17c0216211313a503288878c2a74f4fec695f,Ba Cr2 O4,133207,,[],59,31,-7.589,2.675,"Within each normalized composition in the finite PBE/FERE source domain, select the row with the lowest finite total energy per atom; break an exact displayed-energy tie by smaller stable MatDB ID. Do not use PBE or GW gap values.",pbe_metadata + source_recovery:pbe
current-nlr-pbe-gw-v1:composition:114380f6b436c4929edd9b1ccf634f71020ae7729883e1bb4abb40a80252a6f5,Ba Cr2 O7,153150,,[],15,15,-6.973,2.509,"Within each normalized composition in the finite PBE/FERE source domain, select the row with the lowest finite total energy per atom; break an exact displayed-energy tie by smaller stable MatDB ID. Do not use PBE or GW gap values.",pbe_metadata + source_recovery:pbe
current-nlr-pbe-gw-v1:composition:b897e55e0e0dacff0d55dbd46694d1482409499cae72763cafd95febb1ccaed6,Ba Cu Na2 O8 V2,152299,,[],15,15,-6.374,1.849,"Within each normalized composition in the finite PBE/FERE source domain, select the row with the lowest finite total energy per atom; break an exact displayed-energy tie by smaller stable MatDB ID. Do not use PBE or GW gap values.",pbe_metadata + source_recovery:pbe
current-nlr-pbe-gw-v1:composition:c18a5a3ea5ec1b4e020e6aa86a979baf26638ed238c60d92a7319b1e6df224b9,Ba Cu O10 Si4,168379,,[],130,130,-7.3,2.559,"Within each normalized composition in the finite PBE/FERE source domain, select the row with the lowest finite total energy per atom; break an exact displayed-energy tie by smaller stable MatDB ID. Do not use PBE or GW gap values.",pbe_metadata + source_recovery:pbe
current-nlr-pbe-gw-v1:composition:99bd908ccf39b41f33e748b875e4aeddc44858b6a35512efc6e9f1bcd356c22c,Ba Cu O5 Y2,184459,,[],62,62,-7.123,1.649,"Within each normalized composition in the finite PBE/FERE source domain, select the row with the lowest finite total energy per atom; break an exact displayed-energy tie by smaller stable MatDB ID. Do not use PBE or GW gap values.",pbe_metadata + source_recovery:pbe
current-nlr-pbe-gw-v1:composition:e1fc9fd1943e5aa4493b8f2986b224d262b3b38e6008855c8c07f54861d9e7a1,Ba Cu O6 Si2,133388,,[],110,110,-6.932,1.992,"Within each normalized composition in the finite PBE/FERE source domain, select the row with the lowest finite total energy per atom; break an exact displayed-energy tie by smaller stable MatDB ID. Do not use PBE or GW gap values.",pbe_metadata + source_recovery:pbe
current-nlr-pbe-gw-v1:composition:b21d5093ed41f271372703fec87409f42bf8ec5f2fbdfbae14cdfb8bce5c73fa,Ba Cu O7 V2,168403,,[],62,62,-6.865,1.799,"Within each normalized composition in the finite PBE/FERE source domain, select the row with the lowest finite total energy per atom; break an exact displayed-energy tie by smaller stable MatDB ID. Do not use PBE or GW gap values.",pbe_metadata + source_recovery:pbe
current-nlr-pbe-gw-v1:composition:62521e3354b6cba05e616c83150ca5385ef8997374b57be98b722b4c44f698bd,Ba Cu2 Ge2 O7,184509,,[],62,62,-5.789,2.017,"Within each normalized composition in the finite PBE/FERE source domain, select the row with the lowest finite total energy per atom; break an exact displayed-energy tie by smaller stable MatDB ID. Do not use PBE or GW gap values.",pbe_metadata + source_recovery:pbe
current-nlr-pbe-gw-v1:composition:020dd911f1bd5498de1d7cd7db0a06f838be1f8677f889ca65d3b15fac517995,Ba Cu2 O2,134299,,[],141,141,-4.575,1.967,"Within each normalized composition in the finite PBE/FERE source domain, select the row with the lowest finite total energy per atom; break an exact displayed-energy tie by smaller stable MatDB ID. Do not use PBE or GW gap values.",pbe_metadata + source_recovery:pbe
current-nlr-pbe-gw-v1:composition:5d3a3b415191adb8c37b69280421a6284ff23d640555f7bd285b8b57c8204946,Ba Cu2 O7 Si2,167057,,[],62,62,-6.473,2.177,"Within each normalized composition in the finite PBE/FERE source domain, select the row with the lowest finite total energy per atom; break an exact displayed-energy tie by smaller stable MatDB ID. Do not use PBE or GW gap values.",pbe_metadata + source_recovery:pbe
current-nlr-pbe-gw-v1:composition:7cd5d7a5fab4983dcd917e52616db5b7fa7833e7a39c9cd4fa90ed7040871052,Ba Cu2 O8 V2,133636,,[],122,1,-6.448,1.577,"Within each normalized composition in the finite PBE/FERE source domain, select the row with the lowest finite total energy per atom; break an exact displayed-energy tie by smaller stable MatDB ID. Do not use PBE or GW gap values.",pbe_metadata + source_recovery:pbe
current-nlr-pbe-gw-v1:composition:cb344d72b41b94f90e7a729bac201b7c6050a9c6ad33e1d530dfd64bbb75db52,Ba Cu3 O4,184475,,[],65,65,-4.679,0.751,"Within each normalized composition in the finite PBE/FERE source domain, select the row with the lowest finite total energy per atom; break an exact displayed-energy tie by smaller stable MatDB ID. Do not use PBE or GW gap values.",pbe_metadata + source_recovery:pbe
current-nlr-pbe-gw-v1:composition:eab9e8b818c46186694800d28581eb14d06a24a7121a39603c7f773e9b2de92f,Ba Cu5 La4 O12,133901,,[],10,83,-6.113,0.524,"Within each normalized composition in the finite PBE/FERE source domain, select the row with the lowest finite total energy per atom; break an exact displayed-energy tie by smaller stable MatDB ID. Do not use PBE or GW gap values.",pbe_metadata + source_recovery:pbe
current-nlr-pbe-gw-v1:composition:13d3aa42f9cbe2299acfd5a50912238ed622f5f425d2ab537a152ffe7bc72cc7,Ba Fe K O3,134550,,[],64,64,-6.025,2.724,"Within each normalized composition in the finite PBE/FERE source domain, select the row with the lowest finite total energy per atom; break an exact displayed-energy tie by smaller stable MatDB ID. Do not use PBE or GW gap values.",pbe_metadata + source_recovery:pbe
current-nlr-pbe-gw-v1:composition:4297a578212557c399732a583d85c14a7424d141302d8b7e00c33db3e552d961,Ba Fe O10 Si4,115581,,[],130,130,-7.662,3.124,"Within each normalized composition in the finite PBE/FERE source domain, select the row with the lowest finite total energy per atom; break an exact displayed-energy tie by smaller stable MatDB ID. Do not use PBE or GW gap values.",pbe_metadata + source_recovery:pbe
current-nlr-pbe-gw-v1:composition:b7560f5b363f769a0fa972f215f3a4c922f3b4b7b54398141042eb3a691a988e,Ba Fe O3,115344,,[],194,5,-6.578,0.554,"Within each normalized composition in the finite PBE/FERE source domain, select the row with the lowest finite total energy per atom; break an exact displayed-energy tie by smaller stable MatDB ID. Do not use PBE or GW gap values.",pbe_metadata + source_recovery:pbe
current-nlr-pbe-gw-v1:composition:9647929417377defc60c47d680956aee1664e607c059d32b5bb705bcb611448d,Ba Fe11 O4,168382,,[],194,1,-6.135,0.033,"Within each normalized composition in the finite PBE/FERE source domain, select the row with the lowest finite total energy per atom; break an exact displayed-energy tie by smaller stable MatDB ID. Do not use PBE or GW gap values.",pbe_metadata + source_recovery:pbe
current-nlr-pbe-gw-v1:composition:cd0a2fb37212312d7ac36f6729969026b121b2401252cd42a242029182e0a709,Ba Fe12 O19,167571,,[],194,1,-7,1.166,"Within each normalized composition in the finite PBE/FERE source domain, select the row with the lowest finite total energy per atom; break an exact displayed-energy tie by smaller stable MatDB ID. Do not use PBE or GW gap values.",pbe_metadata + source_recovery:pbe
current-nlr-pbe-gw-v1:composition:6da689aeae2d7a2354604a41d4882005e800534de0e7af08bce62094cbd788e2,Ba Fe18 O27,153176,,[],194,1,-7.006,0.317,"Within each normalized composition in the finite PBE/FERE source domain, select the row with the lowest finite total energy per atom; break an exact displayed-energy tie by smaller stable MatDB ID. Do not use PBE or GW gap values.",pbe_metadata + source_recovery:pbe
current-nlr-pbe-gw-v1:composition:b0d1a5355ff08dde5e3a9eff6493e1671117ac46ffc1022918f71d057a9c1157,Ba Fe2 O4,115470,,[],36,8,-6.906,2.597,"Within each normalized composition in the finite PBE/FERE source domain, select the row with the lowest finite total energy per atom; break an exact displayed-energy tie by smaller stable MatDB ID. Do not use PBE or GW gap values.",pbe_metadata + source_recovery:pbe
current-nlr-pbe-gw-v1:composition:b37f56ff0e1517706a113b8b2d546a981346ab47dfe71a9c547466d5b8f1a454,Ba Fe2 O5 Y,134451,,[],51,51,-7.334,0.626,"Within each normalized composition in the finite PBE/FERE source domain, select the row with the lowest finite total energy per atom; break an exact displayed-energy tie by smaller stable MatDB ID. Do not use PBE or GW gap values.",pbe_metadata + source_recovery:pbe
current-nlr-pbe-gw-v1:composition:fd261027234c6c3078b9deff399821eb3d4617117510d46d3cbdc578c95e2b76,Ba Fe4 O7,152643,,[],176,176,-6.98,1.774,"Within each normalized composition in the finite PBE/FERE source domain, select the row with the lowest finite total energy per atom; break an exact displayed-energy tie by smaller stable MatDB ID. Do not use PBE or GW gap values.",pbe_metadata + source_recovery:pbe
current-nlr-pbe-gw-v1:composition:5fa23493da9f8298b02ca966ab89e15d33967176fa60d4d3eeeb5da513a907cb,Ba Fe4 O7 Y,116755,,[],216,1,-7.243,0.894,"Within each normalized composition in the finite PBE/FERE source domain, select the row with the lowest finite total energy per atom; break an exact displayed-energy tie by smaller stable MatDB ID. Do not use PBE or GW gap values.",pbe_metadata + source_recovery:pbe
current-nlr-pbe-gw-v1:composition:837a5ebcb09266736b6d01e827ac1f6d460f1c48830c83cde335214c7b387598,Ba Fe4 O8 Sr,168479,,[],162,162,-6.909,2.94,"Within each normalized composition in the finite PBE/FERE source domain, select the row with the lowest finite total energy per atom; break an exact displayed-energy tie by smaller stable MatDB ID. Do not use PBE or GW gap values.",pbe_metadata + source_recovery:pbe
current-nlr-pbe-gw-v1:composition:c9c70982f9f202604412ee92b5998832f33420f0cba5232fd2eb37db1ffab643,Ba Ga La O4,109303,,[],19,19,-6.879,3.893,"Within each normalized composition in the finite PBE/FERE source domain, select the row with the lowest finite total energy per atom; break an exact displayed-energy tie by smaller stable MatDB ID. Do not use PBE or GW gap values.",pbe_metadata + source_recovery:pbe
current-nlr-pbe-gw-v1:composition:aeabb1b1b4ab19f30ac5431921862514265155ee4dc8a9f14e4b7030f1ff98c0,Ba Ga2 Ge2 O8,108552,,[],14,14,-6.411,3.259,"Within each normalized composition in the finite PBE/FERE source domain, select the row with the lowest finite total energy per atom; break an exact displayed-energy tie by smaller stable MatDB ID. Do not use PBE or GW gap values.",pbe_metadata + source_recovery:pbe
current-nlr-pbe-gw-v1:composition:8700f208665db3c82c5ea21735dea3ebd986a9b5590587a077209b43b9d2a031,Ba Ga2 O8 Si2,109211,,[],15,15,-7.051,4.01,"Within each normalized composition in the finite PBE/FERE source domain, select the row with the lowest finite total energy per atom; break an exact displayed-energy tie by smaller stable MatDB ID. Do not use PBE or GW gap values.",pbe_metadata + source_recovery:pbe
current-nlr-pbe-gw-v1:composition:df4a3c5104c03a6327075be9e8da4952fc265c58dbef8af9edbe17a13a2b776e,Ba Ge O3,107987,,[],19,19,-6.566,3.511,"Within each normalized composition in the finite PBE/FERE source domain, select the row with the lowest finite total energy per atom; break an exact displayed-energy tie by smaller stable MatDB ID. Do not use PBE or GW gap values.",pbe_metadata + source_recovery:pbe
current-nlr-pbe-gw-v1:composition:1e986bc3ebafcc351665635d40a3af229958dc5ad78883a5d61cc4404fa06b3e,Ba Ge2 O5,109504,,[],14,14,-6.528,2.426,"Within each normalized composition in the finite PBE/FERE source domain, select the row with the lowest finite total energy per atom; break an exact displayed-energy tie by smaller stable MatDB ID. Do not use PBE or GW gap values.",pbe_metadata + source_recovery:pbe
current-nlr-pbe-gw-v1:composition:2a270978f9ee421ab77704d5718c6bd0fbe9a098f4c8e1c59439f6350cf14f70,Ba Ge3 K4 O9,108570,,[],5,5,-5.739,3.225,"Within each normalized composition in the finite PBE/FERE source domain, select the row with the lowest finite total energy per atom; break an exact displayed-energy tie by smaller stable MatDB ID. Do not use PBE or GW gap values.",pbe_metadata + source_recovery:pbe
current-nlr-pbe-gw-v1:composition:3521eddd44b132487af647c77511a9ea9bf6cf9a8e16d4523e1e612bfbf85240,Ba Ge3 O9 Sn,110124,,[],188,188,-6.512,2.758,"Within each normalized composition in the finite PBE/FERE source domain, select the row with the lowest finite total energy per atom; break an exact displayed-energy tie by smaller stable MatDB ID. Do not use PBE or GW gap values.",pbe_metadata + source_recovery:pbe
current-nlr-pbe-gw-v1:composition:3d16c290b1757cf8b4f94229e3215eace100cd07eedc2935b7ec607c4716bcf7,Ba Ge4 O9,109230,,[],150,150,-6.556,3.042,"Within each normalized composition in the finite PBE/FERE source domain, select the row with the lowest finite total energy per atom; break an exact displayed-energy tie by smaller stable MatDB ID. Do not use PBE or GW gap values.",pbe_metadata + source_recovery:pbe
current-nlr-pbe-gw-v1:composition:65a6ffae146ed30106c1e7585dc774cefb1ef8c42bfb72daa125069c6e7a0f00,Ba Hf O9 Si3,107991,,[],188,188,-8.15,4.678,"Within each normalized composition in the finite PBE/FERE source domain, select the row with the lowest finite total energy per atom; break an exact displayed-energy tie by smaller stable MatDB ID. Do not use PBE or GW gap values.",pbe_metadata + source_recovery:pbe
current-nlr-pbe-gw-v1:composition:6cfa68b1c15c7cd66abe813450fb46448f4e7cc7b83e46fbe3abf82a2fe6f7cb,Ba Hg O2,108573,,[],166,166,-4.659,2.231,"Within each normalized composition in the finite PBE/FERE source domain, select the row with the lowest finite total energy per atom; break an exact displayed-energy tie by smaller stable MatDB ID. Do not use PBE or GW gap values.",pbe_metadata + source_recovery:pbe
current-nlr-pbe-gw-v1:composition:79e4d15a9d63ccb8e806e36150f04fc1beeef75f4d2d17eb58d866cc87039a12,Ba Hg O5 Ru,116297,,[],176,11,-5.449,1.103,"Within each normalized composition in the finite PBE/FERE source domain, select the row with the lowest finite total energy per atom; break an exact displayed-energy tie by smaller stable MatDB ID. Do not use PBE or GW gap values.",pbe_metadata + source_recovery:pbe
current-nlr-pbe-gw-v1:composition:6d331f3d6c6ac0156ab45a011b1a83e9ac02df196a1d2b99aff87bab1e0cee2b,Ba In2 La2 O7,110155,,[],136,136,-6.755,2.441,"Within each normalized composition in the finite PBE/FERE source domain, select the row with the lowest finite total energy per atom; break an exact displayed-energy tie by smaller stable MatDB ID. Do not use PBE or GW gap values.",pbe_metadata + source_recovery:pbe
current-nlr-pbe-gw-v1:composition:ee2750b28c2bcbb4cec40c12033796754b061267bf445f5a16fcba792ab84752,Ba In2 O4,108838,,[],14,14,-5.772,1.202,"Within each normalized composition in the finite PBE/FERE source domain, select the row with the lowest finite total energy per atom; break an exact displayed-energy tie by smaller stable MatDB ID. Do not use PBE or GW gap values.",pbe_metadata + source_recovery:pbe
current-nlr-pbe-gw-v1:composition:22f9ec4fa323bebdb915050aefdf84720cb068990be94d4dcf0c10fe30a81283,Ba Ir O3,116418,,[],12,2,-6.198,0.227,"Within each normalized composition in the finite PBE/FERE source domain, select the row with the lowest finite total energy per atom; break an exact displayed-energy tie by smaller stable MatDB ID. Do not use PBE or GW gap values.",pbe_metadata + source_recovery:pbe
current-nlr-pbe-gw-v1:composition:b34f87e9d5dd662131e7e99cd6f5c662ad826b9e1077cbc38ca346ba512e9a9a,Ba K O4 V,184537,,[],62,62,-6.747,3.922,"Within each normalized composition in the finite PBE/FERE source domain, select the row with the lowest finite total energy per atom; break an exact displayed-energy tie by smaller stable MatDB ID. Do not use PBE or GW gap values.",pbe_metadata + source_recovery:pbe
current-nlr-pbe-gw-v1:composition:73f35d3a13779969da5e0d1c6040d2117fcc6fbb280e8bda7c5f14ef4b12a57e,Ba K O7 Si2 Y,109250,,[],14,14,-7.489,4.605,"Within each normalized composition in the finite PBE/FERE source domain, select the row with the lowest finite total energy per atom; break an exact displayed-energy tie by smaller stable MatDB ID. Do not use PBE or GW gap values.",pbe_metadata + source_recovery:pbe
current-nlr-pbe-gw-v1:composition:22acedf6120bb081020ff62a03bf20f83a5ee6d98101d1b27f969c48c0ced42a,Ba K4 O18 V6,152699,,[],161,161,-6.958,3.015,"Within each normalized composition in the finite PBE/FERE source domain, select the row with the lowest finite total energy per atom; break an exact displayed-energy tie by smaller stable MatDB ID. Do not use PBE or GW gap values.",pbe_metadata + source_recovery:pbe
current-nlr-pbe-gw-v1:composition:071841b6359898e09823fa45fd4eb3f018f72714da7ca53f2cc11efdf8445867,Ba K4 O9 Si3,108010,,[],40,40,-6.474,4.223,"Within each normalized composition in the finite PBE/FERE source domain, select the row with the lowest finite total energy per atom; break an exact displayed-energy tie by smaller stable MatDB ID. Do not use PBE or GW gap values.",pbe_metadata + source_recovery:pbe
current-nlr-pbe-gw-v1:composition:b616bc20c663a13aea6e1c144b2db66ba3aea5c8f921c95d4ded9746512631f9,Ba La2 O10 Ti3,109518,,[],63,11,-8.088,2.428,"Within each normalized composition in the finite PBE/FERE source domain, select the row with the lowest finite total energy per atom; break an exact displayed-energy tie by smaller stable MatDB ID. Do not use PBE or GW gap values.",pbe_metadata + source_recovery:pbe
current-nlr-pbe-gw-v1:composition:59d330647f942b8b90acaec85a1ec3c444fc2eee53534cdc15c4fb8fdbd56fa7,Ba La2 O5 Pt,168513,,[],127,127,-6.988,3.153,"Within each normalized composition in the finite PBE/FERE source domain, select the row with the lowest finite total energy per atom; break an exact displayed-energy tie by smaller stable MatDB ID. Do not use PBE or GW gap values.",pbe_metadata + source_recovery:pbe
current-nlr-pbe-gw-v1:composition:560231a518de00d2ef47f3dd08afff00c986fac80ecf6d603c902dd453802106,Ba La2 O5 Zn,110162,,[],140,140,-6.851,3.354,"Within each normalized composition in the finite PBE/FERE source domain, select the row with the lowest finite total energy per atom; break an exact displayed-energy tie by smaller stable MatDB ID. Do not use PBE or GW gap values.",pbe_metadata + source_recovery:pbe
current-nlr-pbe-gw-v1:composition:a0cd5386931a34d5dadd468c2c03855fc90b40f6920550e34ce91c97f0a2e839,Ba La2 O7 Sc2,108029,,[],136,136,-8.002,3.709,"Within each normalized composition in the finite PBE/FERE source domain, select the row with the lowest finite total energy per atom; break an exact displayed-energy tie by smaller stable MatDB ID. Do not use PBE or GW gap values.",pbe_metadata + source_recovery:pbe
current-nlr-pbe-gw-v1:composition:31fb15e1b9a9cdb75690cd026592f821c6fa0b4414b838229595d01ece59b1b9,Ba Mg O4 Si,109535,,[],173,173,-7.023,4.189,"Within each normalized composition in the finite PBE/FERE source domain, select the row with the lowest finite total energy per atom; break an exact displayed-energy tie by smaller stable MatDB ID. Do not use PBE or GW gap values.",pbe_metadata + source_recovery:pbe
current-nlr-pbe-gw-v1:composition:f282f6428f0e5ceb463ec94585441e1eca8c9e48fcc3c33f8d436ee586abadd7,Ba Mg2 O7 Si2,109337,,[],15,15,-7.117,4.558,"Within each normalized composition in the finite PBE/FERE source domain, select the row with the lowest finite total energy per atom; break an exact displayed-energy tie by smaller stable MatDB ID. Do not use PBE or GW gap values.",pbe_metadata + source_recovery:pbe
current-nlr-pbe-gw-v1:composition:805421279fde474cdb9a2f1b27411c4d07debcb73f67c7543411247d1e67ddc1,Ba Mn O2,12370,12370,[],,152,-6.978,1.694,"Within each normalized composition in the finite PBE/FERE source domain, select the row with the lowest finite total energy per atom; break an exact displayed-energy tie by smaller stable MatDB ID. Do not use PBE or GW gap values.",pbe_metadata + source_recovery:pbe
current-nlr-pbe-gw-v1:composition:00a377c841078b910be1cee88418bce664145efcb4f8efd13f9b637c450380d4,Ba Mn O3,289618,289618,[],,194,-7.027,2.308,"Within each normalized composition in the finite PBE/FERE source domain, select the row with the lowest finite total energy per atom; break an exact displayed-energy tie by smaller stable MatDB ID. Do not use PBE or GW gap values.",pbe_metadata + source_recovery:pbe
current-nlr-pbe-gw-v1:composition:e135a97b79a15f03b9b44fa53a81485de9ac610823ae0c6810b633ed840e007f,Ba Mn O4 Rb,168529,,[],62,62,-6.232,1.704,"Within each normalized composition in the finite PBE/FERE source domain, select the row with the lowest finite total energy per atom; break an exact displayed-energy tie by smaller stable MatDB ID. Do not use PBE or GW gap values.",pbe_metadata + source_recovery:pbe
current-nlr-pbe-gw-v1:composition:48efaa8239e6f53c8c57c1faf475e057985049810239a66cb92e36f90c66762c,Ba Mn2 O14 Si4 Sr2,115933,,[],5,5,-7.541,1.579,"Within each normalized composition in the finite PBE/FERE source domain, select the row with the lowest finite total energy per atom; break an exact displayed-energy tie by smaller stable MatDB ID. Do not use PBE or GW gap values.",pbe_metadata + source_recovery:pbe
current-nlr-pbe-gw-v1:composition:9c73074d63ba1def9efbbd2e7caa30ca3d0078f8effeb5f940de8033bb32a5ea,Ba Mn2 O3,134600,,[],71,71,-7.281,0.896,"Within each normalized composition in the finite PBE/FERE source domain, select the row with the lowest finite total energy per atom; break an exact displayed-energy tie by smaller stable MatDB ID. Do not use PBE or GW gap values.",pbe_metadata + source_recovery:pbe
current-nlr-pbe-gw-v1:composition:9cd50cb92068e8f1a818efac86a71c8408b28ed55403adca8bf8b00ec6fb2bf2,Ba Mn2 O6 Y,135157,,[],3,3,-7.559,0.034,"Within each normalized composition in the finite PBE/FERE source domain, select the row with the lowest finite total energy per atom; break an exact displayed-energy tie by smaller stable MatDB ID. Do not use PBE or GW gap values.",pbe_metadata + source_recovery:pbe
current-nlr-pbe-gw-v1:composition:85238e36b2a873d8794f3d54efa168ef5a4a17843bbc336f6512b7485121a1ba,Ba Mn2 O8,185408,,[],70,70,-6.337,1.779,"Within each normalized composition in the finite PBE/FERE source domain, select the row with the lowest finite total energy per atom; break an exact displayed-energy tie by smaller stable MatDB ID. Do not use PBE or GW gap values.",pbe_metadata + source_recovery:pbe
current-nlr-pbe-gw-v1:composition:0cc0e735fdb067849a724d612002fe07a5b3bc7c98da80c09624d0ef59af896b,Ba Mn2 O8 V2,116002,,[],142,5,-7.677,2.139,"Within each normalized composition in the finite PBE/FERE source domain, select the row with the lowest finite total energy per atom; break an exact displayed-energy tie by smaller stable MatDB ID. Do not use PBE or GW gap values.",pbe_metadata + source_recovery:pbe
current-nlr-pbe-gw-v1:composition:eef68ab4bf74030cb77e1d3402b7d2a63dc104e1c874c34dc60274274eadac96,Ba Mn3 O38 Ti18,116450,,[],148,1,-8.188,0.789,"Within each normalized composition in the finite PBE/FERE source domain, select the row with the lowest finite total energy per atom; break an exact displayed-energy tie by smaller stable MatDB ID. Do not use PBE or GW gap values.",pbe_metadata + source_recovery:pbe
current-nlr-pbe-gw-v1:composition:7bea02300010859d7d7a9b654bc54caf38d645ec19a005bb0052f70973b61195,Ba Mn3 O6,117270,,[],12,1,-7.273,0.118,"Within each normalized composition in the finite PBE/FERE source domain, select the row with the lowest finite total energy per atom; break an exact displayed-energy tie by smaller stable MatDB ID. Do not use PBE or GW gap values.",pbe_metadata + source_recovery:pbe
current-nlr-pbe-gw-v1:composition:9b0ec9fd9617dc0239e58056813f66affb8411094efbda2e6e5da09e8d87ef0d,Ba Mo O4,116078,,[],88,88,-7.368,3.968,"Within each normalized composition in the finite PBE/FERE source domain, select the row with the lowest finite total energy per atom; break an exact displayed-energy tie by smaller stable MatDB ID. Do not use PBE or GW gap values.",pbe_metadata + source_recovery:pbe
current-nlr-pbe-gw-v1:composition:887c218b2abac2943bdc17064cdb5c033f826fd9ad2f0871e5f0d8238b347bad,Ba Mo6 O10,169133,,[],62,14,-7.588,0.667,"Within each normalized composition in the finite PBE/FERE source domain, select the row with the lowest finite total energy per atom; break an exact displayed-energy tie by smaller stable MatDB ID. Do not use PBE or GW gap values.",pbe_metadata + source_recovery:pbe
current-nlr-pbe-gw-v1:composition:437fd8af971958a59bedea525d3c00ea463f5aa7b414163f21daa2defff69a36,Ba Na O7 Sc Si2,108588,,[],11,11,-7.434,4.532,"Within each normalized composition in the finite PBE/FERE source domain, select the row with the lowest finite total energy per atom; break an exact displayed-energy tie by smaller stable MatDB ID. Do not use PBE or GW gap values.",pbe_metadata + source_recovery:pbe
current-nlr-pbe-gw-v1:composition:3161ce52c1b4778f363be83cf7f2cf0c0fa9fe7b76bd27b2bf0860047f2468fc,Ba Na2 O14 Si4 Ti2,110179,,[],46,46,-7.452,3.494,"Within each normalized composition in the finite PBE/FERE source domain, select the row with the lowest finite total energy per atom; break an exact displayed-energy tie by smaller stable MatDB ID. Do not use PBE or GW gap values.",pbe_metadata + source_recovery:pbe
current-nlr-pbe-gw-v1:composition:cb76f23ba7f8260a8b9ee76df6edbd3abf8d5305c0aba30d43f8dc49f2dd5b71,Ba Na2 O6 Si2,108992,,[],4,4,-6.727,4.19,"Within each normalized composition in the finite PBE/FERE source domain, select the row with the lowest finite total energy per atom; break an exact displayed-energy tie by smaller stable MatDB ID. Do not use PBE or GW gap values.",pbe_metadata + source_recovery:pbe
current-nlr-pbe-gw-v1:composition:b248f15105c1d191f28be64d65562f305b055dd9f9d52e9a69f5441023522585,Ba Nb10 O19 Si,183618,,[],173,4,-8.078,0.893,"Within each normalized composition in the finite PBE/FERE source domain, select the row with the lowest finite total energy per atom; break an exact displayed-energy tie by smaller stable MatDB ID. Do not use PBE or GW gap values.",pbe_metadata + source_recovery:pbe
current-nlr-pbe-gw-v1:composition:5d8bfc4c709a00f344e9c6597870eda1edcdab012e08531bb6621eec7f8b6364,Ba Nb2 O11 V2,153814,,[],166,166,-7.811,2.334,"Within each normalized composition in the finite PBE/FERE source domain, select the row with the lowest finite total energy per atom; break an exact displayed-energy tie by smaller stable MatDB ID. Do not use PBE or GW gap values.",pbe_metadata + source_recovery:pbe
current-nlr-pbe-gw-v1:composition:4c30adc5f0dcd16e53435fa5a232b5af0c15e3e09def1798694970b612102603,Ba Nb2 O6,133995,,[],14,14,-7.92,2.643,"Within each normalized composition in the finite PBE/FERE source domain, select the row with the lowest finite total energy per atom; break an exact displayed-energy tie by smaller stable MatDB ID. Do not use PBE or GW gap values.",pbe_metadata + source_recovery:pbe
current-nlr-pbe-gw-v1:composition:385c6df29d377f59d3b1117f6412f48b403f850f81d21e2344198708b0c57eae,Ba Nb4 O6,167740,,[],123,123,-7.868,0.046,"Within each normalized composition in the finite PBE/FERE source domain, select the row with the lowest finite total energy per atom; break an exact displayed-energy tie by smaller stable MatDB ID. Do not use PBE or GW gap values.",pbe_metadata + source_recovery:pbe
current-nlr-pbe-gw-v1:composition:30dcf4244483903ef50f4fb37c52f6eb9faf6a255239363e443012611cab90a4,Ba Nb7 O9,167775,,[],123,123,-7.928,0.044,"Within each normalized composition in the finite PBE/FERE source domain, select the row with the lowest finite total energy per atom; break an exact displayed-energy tie by smaller stable MatDB ID. Do not use PBE or GW gap values.",pbe_metadata + source_recovery:pbe
current-nlr-pbe-gw-v1:composition:19921e620e145fe714742239c0a080246b4d4f4467f8619a75efde3f05db5c96,Ba Nb8 O14,133698,,[],55,55,-8.076,0.479,"Within each normalized composition in the finite PBE/FERE source domain, select the row with the lowest finite total energy per atom; break an exact displayed-energy tie by smaller stable MatDB ID. Do not use PBE or GW gap values.",pbe_metadata + source_recovery:pbe
current-nlr-pbe-gw-v1:composition:9e0ad51dc7e098c85c45d5b3f79bdc75c26aa9ecfd9cafa5880f494ee6f77070,Ba Ni O2,11855,11855,[],,63,-5.783,1.248,"Within each normalized composition in the finite PBE/FERE source domain, select the row with the lowest finite total energy per atom; break an exact displayed-energy tie by smaller stable MatDB ID. Do not use PBE or GW gap values.",pbe_metadata + source_recovery:pbe
current-nlr-pbe-gw-v1:composition:30b61fa5dfd7feaaada8b343ccc9af15cf888eb019bf67b5f0dad6e299504731,Ba Ni O3,286929,286929,[],,194,-5.824,1.378,"Within each normalized composition in the finite PBE/FERE source domain, select the row with the lowest finite total energy per atom; break an exact displayed-energy tie by smaller stable MatDB ID. Do not use PBE or GW gap values.",pbe_metadata + source_recovery:pbe
current-nlr-pbe-gw-v1:composition:4e802b8d7261d374e4aea2899035ea36ce8046d4f4aaf15cc9896ec189dad88d,Ba Ni O5 Y2,134754,,[],71,71,-7.37,1.372,"Within each normalized composition in the finite PBE/FERE source domain, select the row with the lowest finite total energy per atom; break an exact displayed-energy tie by smaller stable MatDB ID. Do not use PBE or GW gap values.",pbe_metadata + source_recovery:pbe
current-nlr-pbe-gw-v1:composition:3455997febd8abc720313478de11cfef45351be76142c51c37b4b8de648deba9,Ba Ni2 O8 V2,114888,,[],148,148,-6.855,2.386,"Within each normalized composition in the finite PBE/FERE source domain, select the row with the lowest finite total energy per atom; break an exact displayed-energy tie by smaller stable MatDB ID. Do not use PBE or GW gap values.",pbe_metadata + source_recovery:pbe
current-nlr-pbe-gw-v1:composition:85a6b8bd25709d6cf9b803d96f0547bfd46f99ecf51a30df6c98428718cca783,Ba Ni4 O8,153101,,[],166,12,-5.543,0.108,"Within each normalized composition in the finite PBE/FERE source domain, select the row with the lowest finite total energy per atom; break an exact displayed-energy tie by smaller stable MatDB ID. Do not use PBE or GW gap values.",pbe_metadata + source_recovery:pbe
current-nlr-pbe-gw-v1:composition:190d0f6b1b7d60984c823cbcccbff6f27477d38d1acbbaadac1ab09bf4709cba,Ba O,9594,9594,[],,225,-5.935,2.077,"Within each normalized composition in the finite PBE/FERE source domain, select the row with the lowest finite total energy per atom; break an exact displayed-energy tie by smaller stable MatDB ID. Do not use PBE or GW gap values.",pbe_metadata + source_recovery:pbe
current-nlr-pbe-gw-v1:composition:5da1ca17b78421c2dafb30880820fcf869439272019e13880ac0c00f2c96365c,Ba O10 Sc2 Si3,108044,,[],11,11,-8.002,4.996,"Within each normalized composition in the finite PBE/FERE source domain, select the row with the lowest finite total energy per atom; break an exact displayed-energy tie by smaller stable MatDB ID. Do not use PBE or GW gap values.",pbe_metadata + source_recovery:pbe
current-nlr-pbe-gw-v1:composition:2a10c190d61b1799bce0cdfd67fa1dfff89bb0f8f6c6053990d6db976307828f,Ba O10 Si3 Y2,109540,,[],11,11,-8.087,4.653,"Within each normalized composition in the finite PBE/FERE source domain, select the row with the lowest finite total energy per atom; break an exact displayed-energy tie by smaller stable MatDB ID. Do not use PBE or GW gap values.",pbe_metadata + source_recovery:pbe
current-nlr-pbe-gw-v1:composition:d643489421fb59c77c70e41370f2fcc67c12815c06bf9cc2d871d709f102118c,Ba O11 Ru5 Zn,167886,,[],176,1,-6.201,0.604,"Within each normalized composition in the finite PBE/FERE source domain, select the row with the lowest finite total energy per atom; break an exact displayed-energy tie by smaller stable MatDB ID. Do not use PBE or GW gap values.",pbe_metadata + source_recovery:pbe
current-nlr-pbe-gw-v1:composition:eed5e79801a03df9adecf4206cb99064da3ad34e170b6c6a3d967aec9f48d3e6,Ba O11 Ti5,109361,,[],14,14,-8.079,2.921,"Within each normalized composition in the finite PBE/FERE source domain, select the row with the lowest finite total energy per atom; break an exact displayed-energy tie by smaller stable MatDB ID. Do not use PBE or GW gap values.",pbe_metadata + source_recovery:pbe
current-nlr-pbe-gw-v1:composition:aad4989f4f59a0c1ac81960a03538eb4cbb4e6c0598ef828d367f472d82a729a,Ba O11 V6,183231,,[],186,9,-7.576,0.041,"Within each normalized composition in the finite PBE/FERE source domain, select the row with the lowest finite total energy per atom; break an exact displayed-energy tie by smaller stable MatDB ID. Do not use PBE or GW gap values.",pbe_metadata + source_recovery:pbe
current-nlr-pbe-gw-v1:composition:8c3ec9e78fee96cd72edb9379ab7e8814ee3b6883077a7bf87f2b5838844ff1a,Ba O13 Ti6,108606,,[],2,2,-8.101,2.789,"Within each normalized composition in the finite PBE/FERE source domain, select the row with the lowest finite total energy per atom; break an exact displayed-energy tie by smaller stable MatDB ID. Do not use PBE or GW gap values.",pbe_metadata + source_recovery:pbe
current-nlr-pbe-gw-v1:composition:da325898ec28415cd2de9acc516b3df36c23569024220a2d35fa26ea9e3dd234,Ba O15 V10,167952,,[],64,1,-7.97,0.992,"Within each normalized composition in the finite PBE/FERE source domain, select the row with the lowest finite total energy per atom; break an exact displayed-energy tie by smaller stable MatDB ID. Do not use PBE or GW gap values.",pbe_metadata + source_recovery:pbe
current-nlr-pbe-gw-v1:composition:aeed7e4e70c02ebc0df2ff6ee8c5f7d9457a3ccbdb0c4ad4a35e599764fa4d13,Ba O18 Rb4 V6,116987,,[],161,161,-6.946,2.979,"Within each normalized composition in the finite PBE/FERE source domain, select the row with the lowest finite total energy per atom; break an exact displayed-energy tie by smaller stable MatDB ID. Do not use PBE or GW gap values.",pbe_metadata + source_recovery:pbe
current-nlr-pbe-gw-v1:composition:98bcf3ad2acf2af08e3dbd2492d6a4877d04cb8867c34d379504fe05753f8ee3,Ba O18 V13,117077,,[],148,1,-7.961,0.744,"Within each normalized composition in the finite PBE/FERE source domain, select the row with the lowest finite total energy per atom; break an exact displayed-energy tie by smaller stable MatDB ID. Do not use PBE or GW gap values.",pbe_metadata + source_recovery:pbe
current-nlr-pbe-gw-v1:composition:6a664935901e30f78387ba32df3186e56c1c182c75b5247414eeea6e8222ad13,Ba O2,110183,,[],139,139,-5.793,2.316,"Within each normalized composition in the finite PBE/FERE source domain, select the row with the lowest finite total energy per atom; break an exact displayed-energy tie by smaller stable MatDB ID. Do not use PBE or GW gap values.",pbe_metadata + source_recovery:pbe
current-nlr-pbe-gw-v1:composition:318cf3095b5b9f55bc8f0b11e5983b6b8b69acf2d65eb086f697fc6a433bd08b,Ba O2 Zn,11658,11658,[],,152,-5.31,2.276,"Within each normalized composition in the finite PBE/FERE source domain, select the row with the lowest finite total energy per atom; break an exact displayed-energy tie by smaller stable MatDB ID. Do not use PBE or GW gap values.",pbe_metadata + source_recovery:pbe
current-nlr-pbe-gw-v1:composition:c1205ba35ce9919011e1b20a40aac475fafc2fa407fab24b54a412efab3d4433,Ba O3 Pb,109549,,[],12,74,-5.811,0.235,"Within each normalized composition in the finite PBE/FERE source domain, select the row with the lowest finite total energy per atom; break an exact displayed-energy tie by smaller stable MatDB ID. Do not use PBE or GW gap values.",pbe_metadata + source_recovery:pbe
current-nlr-pbe-gw-v1:composition:ad3f1f064a98729576e0af7afa4993af10981d1f439981b702b642750fe624d6,Ba O3 Rh,117397,,[],194,1,-5.897,0.196,"Within each normalized composition in the finite PBE/FERE source domain, select the row with the lowest finite total energy per atom; break an exact displayed-energy tie by smaller stable MatDB ID. Do not use PBE or GW gap values.",pbe_metadata + source_recovery:pbe
current-nlr-pbe-gw-v1:composition:10077c5690c412a27cdec57d0c294346199f8b832c9e271983329ac774face41,Ba O3 Ru,185665,,[],194,20,-6.402,0.913,"Within each normalized composition in the finite PBE/FERE source domain, select the row with the lowest finite total energy per atom; break an exact displayed-energy tie by smaller stable MatDB ID. Do not use PBE or GW gap values.",pbe_metadata + source_recovery:pbe
current-nlr-pbe-gw-v1:composition:2cf3c686170c107e92d5c167fe19f13457f3ca1fa7764a9fda261cae6f138062,Ba O3 Si,108064,,[],19,19,-7.402,4.551,"Within each normalized composition in the finite PBE/FERE source domain, select the row with the lowest finite total energy per atom; break an exact displayed-energy tie by smaller stable MatDB ID. Do not use PBE or GW gap values.",pbe_metadata + source_recovery:pbe
current-nlr-pbe-gw-v1:composition:edc981c9299daf03ef149e162220d52662328a3e13acd0a0b3457a0ddcfcf535,Ba O3 Sn,10225,10225,[],,221,-6.351,0.395,"Within each normalized composition in the finite PBE/FERE source domain, select the row with the lowest finite total energy per atom; break an exact displayed-energy tie by smaller stable MatDB ID. Do not use PBE or GW gap values.",pbe_metadata + source_recovery:pbe
current-nlr-pbe-gw-v1:composition:260ca2612db2289785338c96231a0d8cc0fd503fa6261f716099cb8fbc6e24ce,Ba O3 Ti,10375,10375,[],,99,-7.593,1.991,"Within each normalized composition in the finite PBE/FERE source domain, select the row with the lowest finite total energy per atom; break an exact displayed-energy tie by smaller stable MatDB ID. Do not use PBE or GW gap values.",pbe_metadata + source_recovery:pbe
current-nlr-pbe-gw-v1:composition:622cf5d2ef6962b95badd1280d9da8329d2f00c161f6707adb4697303e0db315,Ba O3 V,116934,,[],164,1,-7.327,0.92,"Within each normalized composition in the finite PBE/FERE source domain, select the row with the lowest finite total energy per atom; break an exact displayed-energy tie by smaller stable MatDB ID. Do not use PBE or GW gap values.",pbe_metadata + source_recovery:pbe
current-nlr-pbe-gw-v1:composition:61ef3c9e7df65ecf9ee295f77a6d29a95ea825593b61d46416633c9947c51822,Ba O3 Zr,109418,,[],221,221,-7.97,3.509,"Within each normalized composition in the finite PBE/FERE source domain, select the row with the lowest finite total energy per atom; break an exact displayed-energy tie by smaller stable MatDB ID. Do not use PBE or GW gap values.",pbe_metadata + source_recovery:pbe
current-nlr-pbe-gw-v1:composition:e488009b75f04f8c609ad4301e5e40a832732a51ac1603455c5724b8b79a1a65,Ba O4 Sc2,110257,,[],15,15,-7.866,4.086,"Within each normalized composition in the finite PBE/FERE source domain, select the row with the lowest finite total energy per atom; break an exact displayed-energy tie by smaller stable MatDB ID. Do not use PBE or GW gap values.",pbe_metadata + source_recovery:pbe
current-nlr-pbe-gw-v1:composition:964e0fe5c14eacc50617b9b09481a24414a121371019499244c61b0551cf171e,Ba O4 Si Zn,107371,,[],173,173,-6.608,3.627,"Within each normalized composition in the finite PBE/FERE source domain, select the row with the lowest finite total energy per atom; break an exact displayed-energy tie by smaller stable MatDB ID. Do not use PBE or GW gap values.",pbe_metadata + source_recovery:pbe
current-nlr-pbe-gw-v1:composition:c61329877ea123797cc4265a4245157a0c655c9e0359a4c62800a7a6da17c78a,Ba O4 W,183100,,[],88,88,-7.885,4.695,"Within each normalized composition in the finite PBE/FERE source domain, select the row with the lowest finite total energy per atom; break an exact displayed-energy tie by smaller stable MatDB ID. Do not use PBE or GW gap values.",pbe_metadata + source_recovery:pbe
current-nlr-pbe-gw-v1:composition:8541008306b97c4ef6de8001fd711638dc3847e0ae31aae510681603053a5375,Ba O4 Y2,108927,,[],62,62,-7.949,3.428,"Within each normalized composition in the finite PBE/FERE source domain, select the row with the lowest finite total energy per atom; break an exact displayed-energy tie by smaller stable MatDB ID. Do not use PBE or GW gap values.",pbe_metadata + source_recovery:pbe
current-nlr-pbe-gw-v1:composition:a16c28a79ff4a12f8835aa85d0d46e171aeaeda347ea0e65ebd0e02edfada401,Ba O5 Si2,109480,,[],62,62,-7.613,4.762,"Within each normalized composition in the finite PBE/FERE source domain, select the row with the lowest finite total energy per atom; break an exact displayed-energy tie by smaller stable MatDB ID. Do not use PBE or GW gap values.",pbe_metadata + source_recovery:pbe
current-nlr-pbe-gw-v1:composition:caa95b63dfa0e80526f6d7a34b01de8c7452f2ae1c88fad09e13e4275ef386df,Ba O5 Ti2,109333,,[],62,62,-7.85,3.037,"Within each normalized composition in the finite PBE/FERE source domain, select the row with the lowest finite total energy per atom; break an exact displayed-energy tie by smaller stable MatDB ID. Do not use PBE or GW gap values.",pbe_metadata + source_recovery:pbe
current-nlr-pbe-gw-v1:composition:56a0ba4892a6db3158868f14a594ced7220bf0f49550882d03d9fc800ed69989,Ba O5 Y2 Zn,108690,,[],62,62,-7.187,3.02,"Within each normalized composition in the finite PBE/FERE source domain, select the row with the lowest finite total energy per atom; break an exact displayed-energy tie by smaller stable MatDB ID. Do not use PBE or GW gap values.",pbe_metadata + source_recovery:pbe
current-nlr-pbe-gw-v1:composition:d4c9a5fe9e4547716f005ba2d0671f923578b329e17e394f2cb02d6d94675ccb,Ba O6 Sb2,289613,289613,[],,162,-6.358,2.822,"Within each normalized composition in the finite PBE/FERE source domain, select the row with the lowest finite total energy per atom; break an exact displayed-energy tie by smaller stable MatDB ID. Do not use PBE or GW gap values.",pbe_metadata + source_recovery:pbe
current-nlr-pbe-gw-v1:composition:99771ba2b6ea52b451f52bfa39fcb41271fba552c3fcf94dacb3267b5e2ef2db,Ba O6 V2,135308,,[],21,21,-7.451,2.8,"Within each normalized composition in the finite PBE/FERE source domain, select the row with the lowest finite total energy per atom; break an exact displayed-energy tie by smaller stable MatDB ID. Do not use PBE or GW gap values.",pbe_metadata + source_recovery:pbe
current-nlr-pbe-gw-v1:composition:d5161f405a1f7ac2d83af76715ed69a136de13a6030fb12c8942f0cb1365fe06,Ba O7 Si2 V,134810,,[],87,87,-7.672,2.387,"Within each normalized composition in the finite PBE/FERE source domain, select the row with the lowest finite total energy per atom; break an exact displayed-energy tie by smaller stable MatDB ID. Do not use PBE or GW gap values.",pbe_metadata + source_recovery:pbe
current-nlr-pbe-gw-v1:composition:4fd0c5c3f0fadc20b73c58e5e632b28e109e91b119aff4f1de9f88e05986269f,Ba O7 Si2 Zn2,110272,,[],36,63,-6.615,3.348,"Within each normalized composition in the finite PBE/FERE source domain, select the row with the lowest finite total energy per atom; break an exact displayed-energy tie by smaller stable MatDB ID. Do not use PBE or GW gap values.",pbe_metadata + source_recovery:pbe
current-nlr-pbe-gw-v1:composition:fc0f1a136444205b10ae2d0873bffb5eb475b69ea87321da5d43cd75a966fc2e,Ba O7 V2 Zn,183998,,[],14,14,-6.94,3.138,"Within each normalized composition in the finite PBE/FERE source domain, select the row with the lowest finite total energy per atom; break an exact displayed-energy tie by smaller stable MatDB ID. Do not use PBE or GW gap values.",pbe_metadata + source_recovery:pbe
current-nlr-pbe-gw-v1:composition:9ff2d6f16032bddc91b349294df3100b1880fb103afe6320090e0b099b733afd,Ba O8 V3,134718,,[],4,4,-7.55,1.742,"Within each normalized composition in the finite PBE/FERE source domain, select the row with the lowest finite total energy per atom; break an exact displayed-energy tie by smaller stable MatDB ID. Do not use PBE or GW gap values.",pbe_metadata + source_recovery:pbe
current-nlr-pbe-gw-v1:composition:746538daf764133c14e7086fda04e337f5e8cf12f20a09071c315f610bd6c4d2,Ba O9 Rb Sc Si3,109098,,[],14,14,-7.526,4.625,"Within each normalized composition in the finite PBE/FERE source domain, select the row with the lowest finite total energy per atom; break an exact displayed-energy tie by smaller stable MatDB ID. Do not use PBE or GW gap values.",pbe_metadata + source_recovery:pbe
current-nlr-pbe-gw-v1:composition:11d42cf31ec5775a95f9756b043e7edc95a060c02537570782bff06dc8a8d9f6,Ba O9 Si3 Sn,108944,,[],188,188,-7.415,3.743,"Within each normalized composition in the finite PBE/FERE source domain, select the row with the lowest finite total energy per atom; break an exact displayed-energy tie by smaller stable MatDB ID. Do not use PBE or GW gap values.",pbe_metadata + source_recovery:pbe
current-nlr-pbe-gw-v1:composition:facc0c6a20c62da25fe6ccf09b659f7bc3e953521fc7f5289594602e55a88975,Ba O9 Si3 Ti,109339,,[],188,188,-7.839,3.386,"Within each normalized composition in the finite PBE/FERE source domain, select the row with the lowest finite total energy per atom; break an exact displayed-energy tie by smaller stable MatDB ID. Do not use PBE or GW gap values.",pbe_metadata + source_recovery:pbe
current-nlr-pbe-gw-v1:composition:e0141e105547c6f9298be049516a4f998c1c0889f0d24423a3367815a9045190,Ba O9 Si4,109625,,[],188,188,-7.712,4.353,"Within each normalized composition in the finite PBE/FERE source domain, select the row with the lowest finite total energy per atom; break an exact displayed-energy tie by smaller stable MatDB ID. Do not use PBE or GW gap values.",pbe_metadata + source_recovery:pbe
current-nlr-pbe-gw-v1:composition:b9145f39ebfb282d5dc784dc5692fc2e56db37314dd2314840c36e582ddc5105,Ba O9 Ti4,108699,,[],59,59,-8.028,3.046,"Within each normalized composition in the finite PBE/FERE source domain, select the row with the lowest finite total energy per atom; break an exact displayed-energy tie by smaller stable MatDB ID. Do not use PBE or GW gap values.",pbe_metadata + source_recovery:pbe
current-nlr-pbe-gw-v1:composition:ecab51d1c1a57d6ecc77d5640d6842082d28e3d0e7343776195593ee3bd3a00d,Ba O9 V4,134831,,[],13,13,-7.7,1.138,"Within each normalized composition in the finite PBE/FERE source domain, select the row with the lowest finite total energy per atom; break an exact displayed-energy tie by smaller stable MatDB ID. Do not use PBE or GW gap values.",pbe_metadata + source_recovery:pbe
current-nlr-pbe-gw-v1:composition:a61e8045c87909931537c33b8209fbc461b7f33eb8c7ef526ef233b38c7879e5,Ba17 O57 Pt4 Y16 Zn8,152675,,[],87,87,-6.796,2.527,"Within each normalized composition in the finite PBE/FERE source domain, select the row with the lowest finite total energy per atom; break an exact displayed-energy tie by smaller stable MatDB ID. Do not use PBE or GW gap values.",pbe_metadata + source_recovery:pbe
current-nlr-pbe-gw-v1:composition:b9d665f7dd588c62d45de07cc5d2fb7bfe81973352ad4e6cdc733c8bf9209b39,Ba2 Ca Ir O6,117440,,[],225,225,-6.308,0.448,"Within each normalized composition in the finite PBE/FERE source domain, select the row with the lowest finite total energy per atom; break an exact displayed-energy tie by smaller stable MatDB ID. Do not use PBE or GW gap values.",pbe_metadata + source_recovery:pbe
current-nlr-pbe-gw-v1:composition:97003e39fc559c1f94598e5da032d4136808232a8c6605da9f890e0270e1e640,Ba2 Ca Mo O6,153759,,[],225,225,-6.979,2.143,"Within each normalized composition in the finite PBE/FERE source domain, select the row with the lowest finite total energy per atom; break an exact displayed-energy tie by smaller stable MatDB ID. Do not use PBE or GW gap values.",pbe_metadata + source_recovery:pbe
current-nlr-pbe-gw-v1:composition:68d79cbc5faf9d55e5508346794116488ba537ffaf9311341d691196d366828d,Ba2 Ca O6 Pd3,153833,,[],69,69,-5.444,1.968,"Within each normalized composition in the finite PBE/FERE source domain, select the row with the lowest finite total energy per atom; break an exact displayed-energy tie by smaller stable MatDB ID. Do not use PBE or GW gap values.",pbe_metadata + source_recovery:pbe
current-nlr-pbe-gw-v1:composition:573a9b5205e4b729c2e5ba2fbb9b68a14cd45b560608e228338b1792ea963862,Ba2 Ca O6 W,168826,,[],12,12,-7.353,2.987,"Within each normalized composition in the finite PBE/FERE source domain, select the row with the lowest finite total energy per atom; break an exact displayed-energy tie by smaller stable MatDB ID. Do not use PBE or GW gap values.",pbe_metadata + source_recovery:pbe
current-nlr-pbe-gw-v1:composition:5c0cbff3e0fda9a86330f28c072599c2320379c04976e88fae679a899ea1d950,Ba2 Cd3 O15 V4,153821,,[],19,19,-6.63,2.844,"Within each normalized composition in the finite PBE/FERE source domain, select the row with the lowest finite total energy per atom; break an exact displayed-energy tie by smaller stable MatDB ID. Do not use PBE or GW gap values.",pbe_metadata + source_recovery:pbe
current-nlr-pbe-gw-v1:composition:99e11aef6544368f95e1157bf0df7d6517db1e6cf83ac6bd43bcd07083f514b4,Ba2 Co Mo O6,134139,,[],225,166,-6.881,1.215,"Within each normalized composition in the finite PBE/FERE source domain, select the row with the lowest finite total energy per atom; break an exact displayed-energy tie by smaller stable MatDB ID. Do not use PBE or GW gap values.",pbe_metadata + source_recovery:pbe
current-nlr-pbe-gw-v1:composition:91c3b09269fa628b0f6235d6a5e1383cf2b154fc6b26f9244f7295f7389ec4c9,Ba2 Co O4,169188,,[],14,14,-6.143,1.384,"Within each normalized composition in the finite PBE/FERE source domain, select the row with the lowest finite total energy per atom; break an exact displayed-energy tie by smaller stable MatDB ID. Do not use PBE or GW gap values.",pbe_metadata + source_recovery:pbe
current-nlr-pbe-gw-v1:composition:e0d0696554bad473c9170c605970c0870eec915f82efaa2dcc713a00b9f429f9,Ba2 Co O6 W,134043,,[],225,166,-7.24,1.589,"Within each normalized composition in the finite PBE/FERE source domain, select the row with the lowest finite total energy per atom; break an exact displayed-energy tie by smaller stable MatDB ID. Do not use PBE or GW gap values.",pbe_metadata + source_recovery:pbe
current-nlr-pbe-gw-v1:composition:e0e3302150ba1f25010a63207cdd9793ed966a5b63fe5e81660cd34726e8096c,Ba2 Co O7 Si2,183117,,[],113,113,-7.22,2.873,"Within each normalized composition in the finite PBE/FERE source domain, select the row with the lowest finite total energy per atom; break an exact displayed-energy tie by smaller stable MatDB ID. Do not use PBE or GW gap values.",pbe_metadata + source_recovery:pbe
current-nlr-pbe-gw-v1:composition:c0efb802ab3c9d7f51fc350851500c5fe4941bf5eff08e4dc4dd956699147d33,Ba2 Cr Nb O6,116722,,[],194,194,-7.547,2.143,"Within each normalized composition in the finite PBE/FERE source domain, select the row with the lowest finite total energy per atom; break an exact displayed-energy tie by smaller stable MatDB ID. Do not use PBE or GW gap values.",pbe_metadata + source_recovery:pbe
current-nlr-pbe-gw-v1:composition:58e5d00fc68a523833500b4511ab8826525fbb8f7ba7d0b1749b025ff05e0301,Ba2 Cr O4,168887,,[],62,62,-6.889,1.596,"Within each normalized composition in the finite PBE/FERE source domain, select the row with the lowest finite total energy per atom; break an exact displayed-energy tie by smaller stable MatDB ID. Do not use PBE or GW gap values.",pbe_metadata + source_recovery:pbe
current-nlr-pbe-gw-v1:composition:59d1a172c8f7e9fd5d2dee7f447caae0aecfaa99de6bd15913a7e8dbefe8c829,Ba2 Cr7 O14,169321,,[],166,166,-7.635,0.132,"Within each normalized composition in the finite PBE/FERE source domain, select the row with the lowest finite total energy per atom; break an exact displayed-energy tie by smaller stable MatDB ID. Do not use PBE or GW gap values.",pbe_metadata + source_recovery:pbe
current-nlr-pbe-gw-v1:composition:be616fccfbb0830d3a5132dbef7353fadb9b771c224fbef370db42fd3cb89925,Ba2 Cu Ge2 O7,153889,,[],113,113,-6.174,1.967,"Within each normalized composition in the finite PBE/FERE source domain, select the row with the lowest finite total energy per atom; break an exact displayed-energy tie by smaller stable MatDB ID. Do not use PBE or GW gap values.",pbe_metadata + source_recovery:pbe
current-nlr-pbe-gw-v1:composition:3929808d4a97ab77f2ac8a9f6ef1a03461023c476d25ce8ef23d0651d078b5f8,Ba2 Cu O6 W,116332,,[],87,139,-6.81,0.903,"Within each normalized composition in the finite PBE/FERE source domain, select the row with the lowest finite total energy per atom; break an exact displayed-energy tie by smaller stable MatDB ID. Do not use PBE or GW gap values.",pbe_metadata + source_recovery:pbe
current-nlr-pbe-gw-v1:composition:00bac98397698c69442959bcc3b9329bbcedbfefa7914b5de395d3b0111a625d,Ba2 Cu O7 Si2,117513,,[],113,113,-6.873,1.899,"Within each normalized composition in the finite PBE/FERE source domain, select the row with the lowest finite total energy per atom; break an exact displayed-energy tie by smaller stable MatDB ID. Do not use PBE or GW gap values.",pbe_metadata + source_recovery:pbe
current-nlr-pbe-gw-v1:composition:55e5484ad6fc1c4f944949d12f2263d35593988457ca306e4688a8659e7f571f,Ba2 Cu O8 Pt Y2,152996,,[],62,62,-6.605,1.017,"Within each normalized composition in the finite PBE/FERE source domain, select the row with the lowest finite total energy per atom; break an exact displayed-energy tie by smaller stable MatDB ID. Do not use PBE or GW gap values.",pbe_metadata + source_recovery:pbe
current-nlr-pbe-gw-v1:composition:02d500273c00e8d59dd0aa99823ee08ab569452bad7b557fd7358d6b7705146b,Ba2 Cu3 La O7,134654,,[],47,25,-5.556,0.037,"Within each normalized composition in the finite PBE/FERE source domain, select the row with the lowest finite total energy per atom; break an exact displayed-energy tie by smaller stable MatDB ID. Do not use PBE or GW gap values.",pbe_metadata + source_recovery:pbe
current-nlr-pbe-gw-v1:composition:d356bc4f7db8597a1ebb3071dabb2d7684b95c89a6c6f311a80d66dde1ccaa23,Ba2 Cu3 Na O6,153690,,[],69,69,-4.896,0.51,"Within each normalized composition in the finite PBE/FERE source domain, select the row with the lowest finite total energy per atom; break an exact displayed-energy tie by smaller stable MatDB ID. Do not use PBE or GW gap values.",pbe_metadata + source_recovery:pbe
current-nlr-pbe-gw-v1:composition:e46f881e09b99b748af4b48a63c01e58e7a1e935f6c27e68bfdba372c2d8e9d4,Ba2 Cu3 O6,134676,,[],10,2,-5.033,0.288,"Within each normalized composition in the finite PBE/FERE source domain, select the row with the lowest finite total energy per atom; break an exact displayed-energy tie by smaller stable MatDB ID. Do not use PBE or GW gap values.",pbe_metadata + source_recovery:pbe
current-nlr-pbe-gw-v1:composition:22cbd5068557eba41d14319953259fb00abbff82dbfe4530abdd3712d7696785,Ba2 Cu3 O7 Y,169032,,[],47,25,-5.676,0.043,"Within each normalized composition in the finite PBE/FERE source domain, select the row with the lowest finite total energy per atom; break an exact displayed-energy tie by smaller stable MatDB ID. Do not use PBE or GW gap values.",pbe_metadata + source_recovery:pbe
current-nlr-pbe-gw-v1:composition:195fe9aae58c5e3aeb9940229cbb620fb3f7187ad2d9f4d75574ae42439eedab,Ba2 Cu3 O8 Pb2 Y,116772,,[],17,4,-5.647,0.413,"Within each normalized composition in the finite PBE/FERE source domain, select the row with the lowest finite total energy per atom; break an exact displayed-energy tie by smaller stable MatDB ID. Do not use PBE or GW gap values.",pbe_metadata + source_recovery:pbe
current-nlr-pbe-gw-v1:composition:5af090d76d75198cc19df7ce3577bbac135b040d47a9ef8130c3f32fac3bb33e,Ba2 Cu4 O8 Y,153159,,[],65,1,-5.487,0.075,"Within each normalized composition in the finite PBE/FERE source domain, select the row with the lowest finite total energy per atom; break an exact displayed-energy tie by smaller stable MatDB ID. Do not use PBE or GW gap values.",pbe_metadata + source_recovery:pbe
current-nlr-pbe-gw-v1:composition:84ab52ffb67fc9923496ddcc307e1e5aac79244f13647aee09f1f43e9b99de4c,Ba2 Fe Ge2 O7,169425,,[],113,113,-6.679,1.369,"Within each normalized composition in the finite PBE/FERE source domain, select the row with the lowest finite total energy per atom; break an exact displayed-energy tie by smaller stable MatDB ID. Do not use PBE or GW gap values.",pbe_metadata + source_recovery:pbe
current-nlr-pbe-gw-v1:composition:d0688763ad0254c6846601cefed28cab7d32f9d7616a5561a631b71c371db5d4,Ba2 Fe Mo O6,116813,,[],139,12,-7.071,0.305,"Within each normalized composition in the finite PBE/FERE source domain, select the row with the lowest finite total energy per atom; break an exact displayed-energy tie by smaller stable MatDB ID. Do not use PBE or GW gap values.",pbe_metadata + source_recovery:pbe
current-nlr-pbe-gw-v1:composition:a2eb751e130bc4e52c916be7fa7b6d9cb88fbf0ce7f61189030be5a5e0661b96,Ba2 Fe O4,169441,,[],14,14,-6.461,0.722,"Within each normalized composition in the finite PBE/FERE source domain, select the row with the lowest finite total energy per atom; break an exact displayed-energy tie by smaller stable MatDB ID. Do not use PBE or GW gap values.",pbe_metadata + source_recovery:pbe
current-nlr-pbe-gw-v1:composition:2ae4cca69be34b69318d83e7bae5d95b2f2ddcb6051f58238e5f0443184a6666,Ba2 Fe O6 W,116860,,[],87,87,-7.431,0.995,"Within each normalized composition in the finite PBE/FERE source domain, select the row with the lowest finite total energy per atom; break an exact displayed-energy tie by smaller stable MatDB ID. Do not use PBE or GW gap values.",pbe_metadata + source_recovery:pbe
current-nlr-pbe-gw-v1:composition:12a388b5e6e77efe0c94d2ede40c2389549426e5cdee64cdd1fce44577b179d9,Ba2 Fe2 O5,185027,,[],14,1,-6.665,0.414,"Within each normalized composition in the finite PBE/FERE source domain, select the row with the lowest finite total energy per atom; break an exact displayed-energy tie by smaller stable MatDB ID. Do not use PBE or GW gap values.",pbe_metadata + source_recovery:pbe
current-nlr-pbe-gw-v1:composition:5ac299ba47a770ff7e37c5bcadad5521c05a45070fce931013e1f6967ca00593,Ba2 Fe3 O8 Y,134222,,[],123,123,-7.124,0.097,"Within each normalized composition in the finite PBE/FERE source domain, select the row with the lowest finite total energy per atom; break an exact displayed-energy tie by smaller stable MatDB ID. Do not use PBE or GW gap values.",pbe_metadata + source_recovery:pbe
current-nlr-pbe-gw-v1:composition:9de141f2882e64da79d7880b29c6d43b83a9405304bf9f6245af19dd601a9378,Ba2 Fe6 O11,116531,,[],58,1,-6.923,1.468,"Within each normalized composition in the finite PBE/FERE source domain, select the row with the lowest finite total energy per atom; break an exact displayed-energy tie by smaller stable MatDB ID. Do not use PBE or GW gap values.",pbe_metadata + source_recovery:pbe
current-nlr-pbe-gw-v1:composition:6d261da182094648222cc95b74e8a12c437cd821c8f67b39261625a4f28c5c5a,Ba2 Ge2 Mg O7,109348,,[],113,113,-6.512,3.592,"Within each normalized composition in the finite PBE/FERE source domain, select the row with the lowest finite total energy per atom; break an exact displayed-energy tie by smaller stable MatDB ID. Do not use PBE or GW gap values.",pbe_metadata + source_recovery:pbe
current-nlr-pbe-gw-v1:composition:de1260961501bb643c56ff10487f6fbdc078e999691d9fe34a3d8dbb4ec0107e,Ba2 Ge2 O7 Zn,108142,,[],113,113,-6.27,3.073,"Within each normalized composition in the finite PBE/FERE source domain, select the row with the lowest finite total energy per atom; break an exact displayed-energy tie by smaller stable MatDB ID. Do not use PBE or GW gap values.",pbe_metadata + source_recovery:pbe
current-nlr-pbe-gw-v1:composition:ff1bbf517b23eeeaed448fd766d4db2d70fbfeee8c1c678a48c68d551e0f8840,Ba2 Ge2 O8 Ti,109469,,[],35,100,-6.958,3.763,"Within each normalized composition in the finite PBE/FERE source domain, select the row with the lowest finite total energy per atom; break an exact displayed-energy tie by smaller stable MatDB ID. Do not use PBE or GW gap values.",pbe_metadata + source_recovery:pbe
current-nlr-pbe-gw-v1:composition:4749d805008ca6bec4b04535c648bc95ac22d0c615b72ca2e66365815842f8d1,Ba2 In Nb O6,116732,,[],225,225,-6.933,3.587,"Within each normalized composition in the finite PBE/FERE source domain, select the row with the lowest finite total energy per atom; break an exact displayed-energy tie by smaller stable MatDB ID. Do not use PBE or GW gap values.",pbe_metadata + source_recovery:pbe
current-nlr-pbe-gw-v1:composition:b845adf392479f798d4a4935ac01c4bfc50d43fec77b4477e5e3d0faeb0adad9,Ba2 In2 O5,110289,,[],46,46,-5.848,0.923,"Within each normalized composition in the finite PBE/FERE source domain, select the row with the lowest finite total energy per atom; break an exact displayed-energy tie by smaller stable MatDB ID. Do not use PBE or GW gap values.",pbe_metadata + source_recovery:pbe
current-nlr-pbe-gw-v1:composition:6b70d3376e0d9c4c046026f835d535a254a11fe87bd161fd1916159d0197c250,Ba2 Ir La O6,170759,,[],14,14,-6.688,0.752,"Within each normalized composition in the finite PBE/FERE source domain, select the row with the lowest finite total energy per atom; break an exact displayed-energy tie by smaller stable MatDB ID. Do not use PBE or GW gap values.",pbe_metadata + source_recovery:pbe
current-nlr-pbe-gw-v1:composition:f3a91c68347914522e5a0626e8c4ce86044f27a10372b3e551fc75161002aadd,Ba2 Ir O6 Sc,183124,,[],14,14,-6.852,0.401,"Within each normalized composition in the finite PBE/FERE source domain, select the row with the lowest finite total energy per atom; break an exact displayed-energy tie by smaller stable MatDB ID. Do not use PBE or GW gap values.",pbe_metadata + source_recovery:pbe
current-nlr-pbe-gw-v1:composition:6a4a5a579ee35ddb3a2fdeb17ae70a99bb5c516abcb9851b5d65326187b3d99b,Ba2 Ir O6 Sr,168563,,[],166,225,-6.193,0.55,"Within each normalized composition in the finite PBE/FERE source domain, select the row with the lowest finite total energy per atom; break an exact displayed-energy tie by smaller stable MatDB ID. Do not use PBE or GW gap values.",pbe_metadata + source_recovery:pbe
current-nlr-pbe-gw-v1:composition:1fbe98e5629a3a99f1172ac04670f904e0fd5bbda73744da8ad09e86e8770c61,Ba2 Ir O6 Y,183512,,[],14,14,-6.867,0.568,"Within each normalized composition in the finite PBE/FERE source domain, select the row with the lowest finite total energy per atom; break an exact displayed-energy tie by smaller stable MatDB ID. Do not use PBE or GW gap values.",pbe_metadata + source_recovery:pbe
current-nlr-pbe-gw-v1:composition:2867465d9776f3ce0825c85bd612e06b4126208af7b3bbee7937377d93dcf5f8,Ba2 Ir3 O9,117128,,[],197,1,-6.185,0.241,"Within each normalized composition in the finite PBE/FERE source domain, select the row with the lowest finite total energy per atom; break an exact displayed-energy tie by smaller stable MatDB ID. Do not use PBE or GW gap values.",pbe_metadata + source_recovery:pbe
current-nlr-pbe-gw-v1:composition:2829decc0efa60acf595af887a8b8e5590bc3d4b67b6313e7315bd6f03c8bdb1,Ba2 La Nb O6,134584,,[],12,12,-7.505,3.419,"Within each normalized composition in the finite PBE/FERE source domain, select the row with the lowest finite total energy per atom; break an exact displayed-energy tie by smaller stable MatDB ID. Do not use PBE or GW gap values.",pbe_metadata + source_recovery:pbe
current-nlr-pbe-gw-v1:composition:822d67b30a6745cdf6cec2caa31a280e7fcdb4609e8c1692040c609e6e89a6f9,Ba2 La O6 Ru,135831,,[],14,14,-6.798,1.599,"Within each normalized composition in the finite PBE/FERE source domain, select the row with the lowest finite total energy per atom; break an exact displayed-energy tie by smaller stable MatDB ID. Do not use PBE or GW gap values.",pbe_metadata + source_recovery:pbe
current-nlr-pbe-gw-v1:composition:23ffab2ee41665c22e50f241467f3756fdfaadd6a2ed04426a6f8bdba822a747,Ba2 La2 Mn O12 W2,135269,,[],166,166,-7.932,1.533,"Within each normalized composition in the finite PBE/FERE source domain, select the row with the lowest finite total energy per atom; break an exact displayed-energy tie by smaller stable MatDB ID. Do not use PBE or GW gap values.",pbe_metadata + source_recovery:pbe
current-nlr-pbe-gw-v1:composition:7e022e65a8e3259737aec126fc36850c04f46fa418174a7bbef7f59845d8e07b,Ba2 Mg O6 W,135271,,[],225,225,-7.235,2.942,"Within each normalized composition in the finite PBE/FERE source domain, select the row with the lowest finite total energy per atom; break an exact displayed-energy tie by smaller stable MatDB ID. Do not use PBE or GW gap values.",pbe_metadata + source_recovery:pbe
current-nlr-pbe-gw-v1:composition:04fbfed0bde0b472e60c992821007e4c30b856a1d855bce392c4a50f6f8457fa,Ba2 Mg O7 Si2,109357,,[],113,113,-7.211,4.485,"Within each normalized composition in the finite PBE/FERE source domain, select the row with the lowest finite total energy per atom; break an exact displayed-energy tie by smaller stable MatDB ID. Do not use PBE or GW gap values.",pbe_metadata + source_recovery:pbe
current-nlr-pbe-gw-v1:composition:5aefd9b80e38761296bfde5fb27661081b091994f7a26835edb110a871b2cb27,Ba2 Mn Mo O6,116752,,[],225,225,-7.259,0.891,"Within each normalized composition in the finite PBE/FERE source domain, select the row with the lowest finite total energy per atom; break an exact displayed-energy tie by smaller stable MatDB ID. Do not use PBE or GW gap values.",pbe_metadata + source_recovery:pbe
current-nlr-pbe-gw-v1:composition:1a42af74c8229ab182ece6d0201e62cac36e55db910c766f0bf18bff98954f43,Ba2 Mn O3,185165,,[],9,15,-6.638,2.227,"Within each normalized composition in the finite PBE/FERE source domain, select the row with the lowest finite total energy per atom; break an exact displayed-energy tie by smaller stable MatDB ID. Do not use PBE or GW gap values.",pbe_metadata + source_recovery:pbe
current-nlr-pbe-gw-v1:composition:91c729fe7b88d3daa24dcf57a7cb56713ceeb16aafec457ddc1447a7c05e67fc,Ba2 Mn O6 W,153871,,[],225,225,-7.622,1.656,"Within each normalized composition in the finite PBE/FERE source domain, select the row with the lowest finite total energy per atom; break an exact displayed-energy tie by smaller stable MatDB ID. Do not use PBE or GW gap values.",pbe_metadata + source_recovery:pbe
current-nlr-pbe-gw-v1:composition:5bb6c3f91eada0c8be5aaf6a78a0aecedcf19aff2089e0648bfa2c8fb7edce75,Ba2 Mn2 O9 Si2,117353,,[],61,61,-7.511,2.062,"Within each normalized composition in the finite PBE/FERE source domain, select the row with the lowest finite total energy per atom; break an exact displayed-energy tie by smaller stable MatDB ID. Do not use PBE or GW gap values.",pbe_metadata + source_recovery:pbe
current-nlr-pbe-gw-v1:composition:992204937b3d277c2e48f72522c5be8bed856ca0ff4535e5d9d155409122f7ba,Ba2 Mo Ni O6,134143,,[],225,225,-6.726,2.056,"Within each normalized composition in the finite PBE/FERE source domain, select the row with the lowest finite total energy per atom; break an exact displayed-energy tie by smaller stable MatDB ID. Do not use PBE or GW gap values.",pbe_metadata + source_recovery:pbe
current-nlr-pbe-gw-v1:composition:5cf4c30419824541fdde8b456ebe77346fd979fcdf399ee5a424df89abb6efa5,Ba2 Na Nb5 O15,169071,,[],100,100,-7.742,2.297,"Within each normalized composition in the finite PBE/FERE source domain, select the row with the lowest finite total energy per atom; break an exact displayed-energy tie by smaller stable MatDB ID. Do not use PBE or GW gap values.",pbe_metadata + source_recovery:pbe
current-nlr-pbe-gw-v1:composition:bf42d879ef3b6c83549ae32f786151323c0f986eb28d514d46696cd3d8622ed5,Ba2 Na Ni3 O6,134312,,[],69,12,-5.543,0.374,"Within each normalized composition in the finite PBE/FERE source domain, select the row with the lowest finite total energy per atom; break an exact displayed-energy tie by smaller stable MatDB ID. Do not use PBE or GW gap values.",pbe_metadata + source_recovery:pbe
current-nlr-pbe-gw-v1:composition:710593df7f90a97ad7268fd86dac1bae1b84d9ab80b0fd23e4f4461140af7f4c,Ba2 Nb O6 Y,135330,,[],225,225,-7.691,3.184,"Within each normalized composition in the finite PBE/FERE source domain, select the row with the lowest finite total energy per atom; break an exact displayed-energy tie by smaller stable MatDB ID. Do not use PBE or GW gap values.",pbe_metadata + source_recovery:pbe
current-nlr-pbe-gw-v1:composition:cea019b88d02bc9ea00e49d149681f3d8c95efddde970b10492989e174165fa6,Ba2 Nb5 O9,134352,,[],123,123,-7.786,0.041,"Within each normalized composition in the finite PBE/FERE source domain, select the row with the lowest finite total energy per atom; break an exact displayed-energy tie by smaller stable MatDB ID. Do not use PBE or GW gap values.",pbe_metadata + source_recovery:pbe
current-nlr-pbe-gw-v1:composition:3f27917c9e78085082ffeb7cb9e0ff6bed5afb6e052bdf8fd9fbf6db243c4040,Ba2 Ni O6 W,117194,,[],225,225,-7.085,2.269,"Within each normalized composition in the finite PBE/FERE source domain, select the row with the lowest finite total energy per atom; break an exact displayed-energy tie by smaller stable MatDB ID. Do not use PBE or GW gap values.",pbe_metadata + source_recovery:pbe
current-nlr-pbe-gw-v1:composition:5275b6575bd527cbab182b9fdc0d34a45ce9b81d1c6d35afe949e3d8118b8189,Ba2 O20 Ti9,109191,,[],2,2,-8.06,2.838,"Within each normalized composition in the finite PBE/FERE source domain, select the row with the lowest finite total energy per atom; break an exact displayed-energy tie by smaller stable MatDB ID. Do not use PBE or GW gap values.",pbe_metadata + source_recovery:pbe
current-nlr-pbe-gw-v1:composition:c3f405c87b175ca9fbbbd0bd6f54366d60cbd100275ac85984dadf246a1b42fb,Ba2 O3 Pd,168753,,[],71,71,-5.597,0.648,"Within each normalized composition in the finite PBE/FERE source domain, select the row with the lowest finite total energy per atom; break an exact displayed-energy tie by smaller stable MatDB ID. Do not use PBE or GW gap values.",pbe_metadata + source_recovery:pbe
current-nlr-pbe-gw-v1:composition:7c9eddd5d6779d708a77b0d928271f7ffa59bd8a9a58a11ce34d1626e531f8c2,Ba2 O3 Zn,289673,289673,[],,15,-5.534,2.673,"Within each normalized composition in the finite PBE/FERE source domain, select the row with the lowest finite total energy per atom; break an exact displayed-energy tie by smaller stable MatDB ID. Do not use PBE or GW gap values.",pbe_metadata + source_recovery:pbe
current-nlr-pbe-gw-v1:composition:94be7ecd4ca2aa38aa52e22bd24ea935ba1bea127ec9619be40e9b75d4f5fadb,Ba2 O4 Pb,108149,,[],139,139,-5.902,1.271,"Within each normalized composition in the finite PBE/FERE source domain, select the row with the lowest finite total energy per atom; break an exact displayed-energy tie by smaller stable MatDB ID. Do not use PBE or GW gap values.",pbe_metadata + source_recovery:pbe
current-nlr-pbe-gw-v1:composition:ca27fdb88b3c48a3e90b5d234622fea03f3492c0768cacec7ab3b92a3523265d,Ba2 O4 Si,110311,,[],62,62,-7.121,4.632,"Within each normalized composition in the finite PBE/FERE source domain, select the row with the lowest finite total energy per atom; break an exact displayed-energy tie by smaller stable MatDB ID. Do not use PBE or GW gap values.",pbe_metadata + source_recovery:pbe
current-nlr-pbe-gw-v1:composition:64a15ba39d2aedbe6c0cb34ee4395726b7dbe03899311e4785fb992eeda797f2,Ba2 O4 Sn,12195,12195,[],,139,-6.301,2.445,"Within each normalized composition in the finite PBE/FERE source domain, select the row with the lowest finite total energy per atom; break an exact displayed-energy tie by smaller stable MatDB ID. Do not use PBE or GW gap values.",pbe_metadata + source_recovery:pbe
current-nlr-pbe-gw-v1:composition:bac270a8fba04d7bcdcb13c6f88f6bbce3636865d769170ba297e4b04bc6564d,Ba2 O4 Ti,289663,289663,[],,14,-7.167,4.061,"Within each normalized composition in the finite PBE/FERE source domain, select the row with the lowest finite total energy per atom; break an exact displayed-energy tie by smaller stable MatDB ID. Do not use PBE or GW gap values.",pbe_metadata + source_recovery:pbe
current-nlr-pbe-gw-v1:composition:de8428a9730fc3e733ea3c63923470d2bf63111dcf6de0796dc4dfa8d2cd95e3,Ba2 O4 V,183150,,[],14,14,-7.011,1.524,"Within each normalized composition in the finite PBE/FERE source domain, select the row with the lowest finite total energy per atom; break an exact displayed-energy tie by smaller stable MatDB ID. Do not use PBE or GW gap values.",pbe_metadata + source_recovery:pbe
current-nlr-pbe-gw-v1:composition:d59c8ed381f9dc9047ded932e06d81d3e6003d446e197f6248c595be17a73ac9,Ba2 O4 Zr,110315,,[],139,139,-7.409,3.438,"Within each normalized composition in the finite PBE/FERE source domain, select the row with the lowest finite total energy per atom; break an exact displayed-energy tie by smaller stable MatDB ID. Do not use PBE or GW gap values.",pbe_metadata + source_recovery:pbe
current-nlr-pbe-gw-v1:composition:d3edc413d32936223ea85bc87d75d72b7ec70ecdd1786383890275728ff5de2d,Ba2 O5 W,170189,,[],62,62,-7.485,2.933,"Within each normalized composition in the finite PBE/FERE source domain, select the row with the lowest finite total energy per atom; break an exact displayed-energy tie by smaller stable MatDB ID. Do not use PBE or GW gap values.",pbe_metadata + source_recovery:pbe
current-nlr-pbe-gw-v1:composition:d5059e80ce7aaf72b53170fbea999c21d3351a5d79b24426889d2df074c4cf8f,Ba2 O6 Ru Y,135402,,[],225,225,-6.979,1.177,"Within each normalized composition in the finite PBE/FERE source domain, select the row with the lowest finite total energy per atom; break an exact displayed-energy tie by smaller stable MatDB ID. Do not use PBE or GW gap values.",pbe_metadata + source_recovery:pbe
current-nlr-pbe-gw-v1:composition:7603417fd2d5f1c1c8f4257ffc34bd36f9d4d64efd310aaad3adc442d600a7e4,Ba2 O6 Sr W,134787,,[],12,12,-7.252,2.978,"Within each normalized composition in the finite PBE/FERE source domain, select the row with the lowest finite total energy per atom; break an exact displayed-energy tie by smaller stable MatDB ID. Do not use PBE or GW gap values.",pbe_metadata + source_recovery:pbe
current-nlr-pbe-gw-v1:composition:f497b1a0539ce4c83bd17499f61b678261230aa39ab1516046fa41364f759a1e,Ba2 O6 W Zn,117195,,[],225,225,-6.902,3.1,"Within each normalized composition in the finite PBE/FERE source domain, select the row with the lowest finite total energy per atom; break an exact displayed-energy tie by smaller stable MatDB ID. Do not use PBE or GW gap values.",pbe_metadata + source_recovery:pbe
current-nlr-pbe-gw-v1:composition:3a7bb7de70e39db83f592cbe75b643b3f2258ce06fe88a7bde520d9b9d7d5224,Ba2 O7 Si2 Zn,109209,,[],15,15,-6.96,4.016,"Within each normalized composition in the finite PBE/FERE source domain, select the row with the lowest finite total energy per atom; break an exact displayed-energy tie by smaller stable MatDB ID. Do not use PBE or GW gap values.",pbe_metadata + source_recovery:pbe
current-nlr-pbe-gw-v1:composition:e96095cb375bf4911ccd4746ae36732a3ef72835eed0397de167c8aa49ec830b,Ba2 O8 Si2 Ti,109677,,[],100,100,-7.625,4.205,"Within each normalized composition in the finite PBE/FERE source domain, select the row with the lowest finite total energy per atom; break an exact displayed-energy tie by smaller stable MatDB ID. Do not use PBE or GW gap values.",pbe_metadata + source_recovery:pbe
current-nlr-pbe-gw-v1:composition:6148adbbc6ae974e216bfcee1f0325476c497e97f64ed3ee4641eb3d8581b9ab,Ba2 O8 Si3,110344,,[],14,14,-7.541,4.499,"Within each normalized composition in the finite PBE/FERE source domain, select the row with the lowest finite total energy per atom; break an exact displayed-energy tie by smaller stable MatDB ID. Do not use PBE or GW gap values.",pbe_metadata + source_recovery:pbe
current-nlr-pbe-gw-v1:composition:bfb2057956583fd4aebabfa1dd954f6404a0a51e4711452639a8f4ef10f7b919,Ba2 O8 V2 Zn,168571,,[],14,14,-6.946,3.383,"Within each normalized composition in the finite PBE/FERE source domain, select the row with the lowest finite total energy per atom; break an exact displayed-energy tie by smaller stable MatDB ID. Do not use PBE or GW gap values.",pbe_metadata + source_recovery:pbe
current-nlr-pbe-gw-v1:composition:fb1e970b79cab35dc719e2c6fda7e9a87d32f0a9ef8c8c7088fe0d55f0ed4fe4,Ba2 O9 V3,153645,,[],4,4,-7.476,1.712,"Within each normalized composition in the finite PBE/FERE source domain, select the row with the lowest finite total energy per atom; break an exact displayed-energy tie by smaller stable MatDB ID. Do not use PBE or GW gap values.",pbe_metadata + source_recovery:pbe
current-nlr-pbe-gw-v1:composition:d1d3ffc6ecc7513dc3c11f729fd449c544842941bc2f73b378306876794d4411,Ba3 Ca Ir2 O9,118417,,[],164,5,-6.254,0.378,"Within each normalized composition in the finite PBE/FERE source domain, select the row with the lowest finite total energy per atom; break an exact displayed-energy tie by smaller stable MatDB ID. Do not use PBE or GW gap values.",pbe_metadata + source_recovery:pbe
current-nlr-pbe-gw-v1:composition:82148df6ee9fcb428722a12fd850b749e6060b306028c6c57769fc8ff638568f,Ba3 Co Nb2 O9,169565,,[],164,12,-7.319,1.755,"Within each normalized composition in the finite PBE/FERE source domain, select the row with the lowest finite total energy per atom; break an exact displayed-energy tie by smaller stable MatDB ID. Do not use PBE or GW gap values.",pbe_metadata + source_recovery:pbe
current-nlr-pbe-gw-v1:composition:2c900dd79d0c321818f10bb583ded76eaf97ef833f12630ea34765e6c42adf5a,Ba3 Co O9 Ru2,134295,,[],194,36,-6.372,1.14,"Within each normalized composition in the finite PBE/FERE source domain, select the row with the lowest finite total energy per atom; break an exact displayed-energy tie by smaller stable MatDB ID. Do not use PBE or GW gap values.",pbe_metadata + source_recovery:pbe
current-nlr-pbe-gw-v1:composition:e0d329104f26ea3ab3e84c08b883f480e1967d3e305d93d1a7373967a89c7afc,Ba3 Co10 O17,170876,,[],166,1,-6.134,0.443,"Within each normalized composition in the finite PBE/FERE source domain, select the row with the lowest finite total energy per atom; break an exact displayed-energy tie by smaller stable MatDB ID. Do not use PBE or GW gap values.",pbe_metadata + source_recovery:pbe
current-nlr-pbe-gw-v1:composition:be7dabb7acf5006d1b65e05acdbbbb36031d57fb0655207b7db0f2544e51d71b,Ba3 Cr O5,135696,,[],140,140,-6.675,1.813,"Within each normalized composition in the finite PBE/FERE source domain, select the row with the lowest finite total energy per atom; break an exact displayed-energy tie by smaller stable MatDB ID. Do not use PBE or GW gap values.",pbe_metadata + source_recovery:pbe
current-nlr-pbe-gw-v1:composition:cfb6108dddb3c417f2c237cf24bb571da4476f01f748ba1e6b10c7bbbddb83a9,Ba3 Cr2 Mo O9,153391,,[],194,194,-7.319,1.605,"Within each normalized composition in the finite PBE/FERE source domain, select the row with the lowest finite total energy per atom; break an exact displayed-energy tie by smaller stable MatDB ID. Do not use PBE or GW gap values.",pbe_metadata + source_recovery:pbe
current-nlr-pbe-gw-v1:composition:c51bdb8d90938defed8de0504632063af86399b4e6ed1dee63d44ae6a492965e,Ba3 Cr2 O8,168663,,[],166,1,-6.983,0.844,"Within each normalized composition in the finite PBE/FERE source domain, select the row with the lowest finite total energy per atom; break an exact displayed-energy tie by smaller stable MatDB ID. Do not use PBE or GW gap values.",pbe_metadata + source_recovery:pbe
current-nlr-pbe-gw-v1:composition:3b3f434e2e6e9b705e7d3202c70c89e2133c4ffc9c2d1f9c0a284b363c917b49,Ba3 Cr2 O9 W,117527,,[],190,194,-7.56,2.33,"Within each normalized composition in the finite PBE/FERE source domain, select the row with the lowest finite total energy per atom; break an exact displayed-energy tie by smaller stable MatDB ID. Do not use PBE or GW gap values.",pbe_metadata + source_recovery:pbe
current-nlr-pbe-gw-v1:composition:fc0428be6f950c1b58b2c7eacbec26bf7e11a9e2713fd0a59643058ee4732f08,Ba3 Cu O9 Ru2,135788,,[],63,36,-6.081,0.941,"Within each normalized composition in the finite PBE/FERE source domain, select the row with the lowest finite total energy per atom; break an exact displayed-energy tie by smaller stable MatDB ID. Do not use PBE or GW gap values.",pbe_metadata + source_recovery:pbe
current-nlr-pbe-gw-v1:composition:25b10a7710321a0becab3b4d61e05fe9262e99ae1ee6fbc9f69c9d6b56285638,Ba3 Cu2 O10 Pt Y2,184070,,[],12,12,-6.299,1.673,"Within each normalized composition in the finite PBE/FERE source domain, select the row with the lowest finite total energy per atom; break an exact displayed-energy tie by smaller stable MatDB ID. Do not use PBE or GW gap values.",pbe_metadata + source_recovery:pbe
current-nlr-pbe-gw-v1:composition:e7a645c773468ecd39e8422494645c5f5077807e3c27f232e85c79b771bab325,Ba3 Cu3 O12 Sc4,168875,,[],140,140,-6.726,1.313,"Within each normalized composition in the finite PBE/FERE source domain, select the row with the lowest finite total energy per atom; break an exact displayed-energy tie by smaller stable MatDB ID. Do not use PBE or GW gap values.",pbe_metadata + source_recovery:pbe
current-nlr-pbe-gw-v1:composition:2f4d8e9c42bc2f4d99e8925b97b08e37a21434fafc6eed4d6eb3e4486af71d31,Ba3 Fe O5,185205,,[],62,62,-6.335,0.228,"Within each normalized composition in the finite PBE/FERE source domain, select the row with the lowest finite total energy per atom; break an exact displayed-energy tie by smaller stable MatDB ID. Do not use PBE or GW gap values.",pbe_metadata + source_recovery:pbe
current-nlr-pbe-gw-v1:composition:308e60b4fa1e5839038e9036f7db8b9efeb9b9ae042d6a3a382884763a3b02b0,Ba3 Fe3 Nb O14 Si2,183652,,[],150,5,-7.369,2.325,"Within each normalized composition in the finite PBE/FERE source domain, select the row with the lowest finite total energy per atom; break an exact displayed-energy tie by smaller stable MatDB ID. Do not use PBE or GW gap values.",pbe_metadata + source_recovery:pbe
current-nlr-pbe-gw-v1:composition:6424bd2413dbfeb99734e7fb8a71274bfb7d9dcef0ca42dbae909bef138d0984,Ba3 Ga2 Ge4 O14,109088,,[],150,150,-6.45,2.246,"Within each normalized composition in the finite PBE/FERE source domain, select the row with the lowest finite total energy per atom; break an exact displayed-energy tie by smaller stable MatDB ID. Do not use PBE or GW gap values.",pbe_metadata + source_recovery:pbe
current-nlr-pbe-gw-v1:composition:918ba008350805c9a15a8b0f7dd5cec766e9328d9a42ad647da866463300c001,Ba3 Ge O,109409,,[],62,62,-4.376,0.382,"Within each normalized composition in the finite PBE/FERE source domain, select the row with the lowest finite total energy per atom; break an exact displayed-energy tie by smaller stable MatDB ID. Do not use PBE or GW gap values.",pbe_metadata + source_recovery:pbe
current-nlr-pbe-gw-v1:composition:e97da69c03789e9bf56cb97d0fedb7194bc981b80e1f49ffd817076f208da738,Ba3 In2 O11 Zn5,108179,,[],216,216,-5.269,1.627,"Within each normalized composition in the finite PBE/FERE source domain, select the row with the lowest finite total energy per atom; break an exact displayed-energy tie by smaller stable MatDB ID. Do not use PBE or GW gap values.",pbe_metadata + source_recovery:pbe
current-nlr-pbe-gw-v1:composition:762f27f656a7f5ca65713536f19600349ba1e6aa618a4169f5c0e071b6231ba9,Ba3 In2 O6,109684,,[],139,139,-5.87,0.95,"Within each normalized composition in the finite PBE/FERE source domain, select the row with the lowest finite total energy per atom; break an exact displayed-energy tie by smaller stable MatDB ID. Do not use PBE or GW gap values.",pbe_metadata + source_recovery:pbe
current-nlr-pbe-gw-v1:composition:ccf038adf90dbd57bdd9bebd9623920c8d570b63becbfd85945880e7f3da013e,Ba3 Ir Na O6,153395,,[],167,15,-5.921,0.723,"Within each normalized composition in the finite PBE/FERE source domain, select the row with the lowest finite total energy per atom; break an exact displayed-energy tie by smaller stable MatDB ID. Do not use PBE or GW gap values.",pbe_metadata + source_recovery:pbe
current-nlr-pbe-gw-v1:composition:73d41c3b1ebad0587f00cce0461b2a97a4d997bc460576701873f889b873fd0b,Ba3 Ir2 La O9,184664,,[],15,9,-6.531,0.66,"Within each normalized composition in the finite PBE/FERE source domain, select the row with the lowest finite total energy per atom; break an exact displayed-energy tie by smaller stable MatDB ID. Do not use PBE or GW gap values.",pbe_metadata + source_recovery:pbe
current-nlr-pbe-gw-v1:composition:90b561822f90e1b68f7c316c49c176a3a1b87b8bd38e415493e9617dbcece6e6,Ba3 Ir2 Mg O9,117849,,[],194,1,-6.194,0.118,"Within each normalized composition in the finite PBE/FERE source domain, select the row with the lowest finite total energy per atom; break an exact displayed-energy tie by smaller stable MatDB ID. Do not use PBE or GW gap values.",pbe_metadata + source_recovery:pbe
current-nlr-pbe-gw-v1:composition:7cab3afb31f98b40e311d19d5197aa9600f1f9c5af6fa4f549c4e2b409f60846,Ba3 Ir2 Na O9,117314,,[],15,9,-6.002,0.239,"Within each normalized composition in the finite PBE/FERE source domain, select the row with the lowest finite total energy per atom; break an exact displayed-energy tie by smaller stable MatDB ID. Do not use PBE or GW gap values.",pbe_metadata + source_recovery:pbe
current-nlr-pbe-gw-v1:composition:86fd914123590777dd4b06676678b3d446f4ae64bef88f3d5f71ebe0279ef5a2,Ba3 Ir2 Ni O9,169632,,[],194,1,-6.083,0.48,"Within each normalized composition in the finite PBE/FERE source domain, select the row with the lowest finite total energy per atom; break an exact displayed-energy tie by smaller stable MatDB ID. Do not use PBE or GW gap values.",pbe_metadata + source_recovery:pbe
current-nlr-pbe-gw-v1:composition:b6442b243bef52e7f77f1c1b02e82484566424659aebc884e706ccdc09a15de7,Ba3 Ir2 O9 Sr,154492,,[],15,1,-6.203,0.459,"Within each normalized composition in the finite PBE/FERE source domain, select the row with the lowest finite total energy per atom; break an exact displayed-energy tie by smaller stable MatDB ID. Do not use PBE or GW gap values.",pbe_metadata + source_recovery:pbe
current-nlr-pbe-gw-v1:composition:1e044796c2651b47de63df1129b3347bad23d2966af94215b5749d347ceca7a3,Ba3 Ir2 O9 Y,135837,,[],194,4,-6.651,0.485,"Within each normalized composition in the finite PBE/FERE source domain, select the row with the lowest finite total energy per atom; break an exact displayed-energy tie by smaller stable MatDB ID. Do not use PBE or GW gap values.",pbe_metadata + source_recovery:pbe
current-nlr-pbe-gw-v1:composition:460d1b6612203d40b987990210d73d955c6f42fb838df768696bbeea4361ed60,Ba3 La O9 Ru2,117663,,[],194,194,-6.674,1.027,"Within each normalized composition in the finite PBE/FERE source domain, select the row with the lowest finite total energy per atom; break an exact displayed-energy tie by smaller stable MatDB ID. Do not use PBE or GW gap values.",pbe_metadata + source_recovery:pbe
current-nlr-pbe-gw-v1:composition:bf9aa062aa2a2cc6fefdd805998526a4e50716bb35c68b432a996465d7ef12c1,Ba3 Mg Nb2 O9,168772,,[],164,164,-7.313,2.876,"Within each normalized composition in the finite PBE/FERE source domain, select the row with the lowest finite total energy per atom; break an exact displayed-energy tie by smaller stable MatDB ID. Do not use PBE or GW gap values.",pbe_metadata + source_recovery:pbe
current-nlr-pbe-gw-v1:composition:5a7cc97411307604ada6d60dca492e3d829ad18589a9ea93cbf07cd034e01f72,Ba3 Mg O8 Si2,108751,,[],147,147,-7.061,4.723,"Within each normalized composition in the finite PBE/FERE source domain, select the row with the lowest finite total energy per atom; break an exact displayed-energy tie by smaller stable MatDB ID. Do not use PBE or GW gap values.",pbe_metadata + source_recovery:pbe
current-nlr-pbe-gw-v1:composition:3f67e9710cec61d27e24e253614284f67f2db307f7a30cfb9c4e0a1952e05b14,Ba3 Mg O9 Ru2,135398,,[],194,194,-6.368,1.533,"Within each normalized composition in the finite PBE/FERE source domain, select the row with the lowest finite total energy per atom; break an exact displayed-energy tie by smaller stable MatDB ID. Do not use PBE or GW gap values.",pbe_metadata + source_recovery:pbe
current-nlr-pbe-gw-v1:composition:ea011aee19b79c637a25268d44c4f791ada69a162690a583aa75f56f3bdbdce6,Ba3 Mn Nb2 O9,135243,,[],164,164,-7.571,1.764,"Within each normalized composition in the finite PBE/FERE source domain, select the row with the lowest finite total energy per atom; break an exact displayed-energy tie by smaller stable MatDB ID. Do not use PBE or GW gap values.",pbe_metadata + source_recovery:pbe
current-nlr-pbe-gw-v1:composition:9c3bd681c0225524161cca9287e1349581f066a7d3e34132af0b7d54682b9a7f,Ba3 Mn2 O8,184694,,[],166,166,-6.744,1.598,"Within each normalized composition in the finite PBE/FERE source domain, select the row with the lowest finite total energy per atom; break an exact displayed-energy tie by smaller stable MatDB ID. Do not use PBE or GW gap values.",pbe_metadata + source_recovery:pbe
current-nlr-pbe-gw-v1:composition:45e6fc79ae6a307139be444ed179f4172638b986b31c31b143f3f1a140620924,Ba3 Na Nb O6,154497,,[],167,167,-6.637,3.33,"Within each normalized composition in the finite PBE/FERE source domain, select the row with the lowest finite total energy per atom; break an exact displayed-energy tie by smaller stable MatDB ID. Do not use PBE or GW gap values.",pbe_metadata + source_recovery:pbe
current-nlr-pbe-gw-v1:composition:b65f2b012348e408f1350acb10c66d7ec4272dd7e7add0067a478d21e061f780,Ba3 Na O6 Ru,184152,,[],167,167,-6.022,1.838,"Within each normalized composition in the finite PBE/FERE source domain, select the row with the lowest finite total energy per atom; break an exact displayed-energy tie by smaller stable MatDB ID. Do not use PBE or GW gap values.",pbe_metadata + source_recovery:pbe
current-nlr-pbe-gw-v1:composition:adc38f91c67ad8bc07198e3655f8b9a8c6a25337deda17f39840d5895d779157,Ba3 Na O9 Ru2,184736,,[],63,1,-6.127,0.051,"Within each normalized composition in the finite PBE/FERE source domain, select the row with the lowest finite total energy per atom; break an exact displayed-energy tie by smaller stable MatDB ID. Do not use PBE or GW gap values.",pbe_metadata + source_recovery:pbe
current-nlr-pbe-gw-v1:composition:68afda7864c7cd3ad4301db22ead756e4e8f34faef3aa880920bee4707d619b4,Ba3 Nb2 O8,169280,,[],166,166,-7.42,4.416,"Within each normalized composition in the finite PBE/FERE source domain, select the row with the lowest finite total energy per atom; break an exact displayed-energy tie by smaller stable MatDB ID. Do not use PBE or GW gap values.",pbe_metadata + source_recovery:pbe
current-nlr-pbe-gw-v1:composition:db788d35e2bd1ed28261d15c1ff8a2aa5cd49fee4e7290a271fbae3f114861bd,Ba3 Nb2 O9 Sr,135891,,[],176,176,-7.307,3.627,"Within each normalized composition in the finite PBE/FERE source domain, select the row with the lowest finite total energy per atom; break an exact displayed-energy tie by smaller stable MatDB ID. Do not use PBE or GW gap values.",pbe_metadata + source_recovery:pbe
current-nlr-pbe-gw-v1:composition:9ee8b73d481c9d69ffccc06179e46d07b0929c0b13d3980e537a6be3c1aa8814,Ba3 Nb2 O9 Zn,118216,,[],164,164,-7.093,2.973,"Within each normalized composition in the finite PBE/FERE source domain, select the row with the lowest finite total energy per atom; break an exact displayed-energy tie by smaller stable MatDB ID. Do not use PBE or GW gap values.",pbe_metadata + source_recovery:pbe
current-nlr-pbe-gw-v1:composition:c3ae1308dc65135a90cac92aa7eb7b467c9271fa83789846b546c5b6676a4350,Ba3 Nb4 O15 Ti,169011,,[],100,100,-7.843,2.16,"Within each normalized composition in the finite PBE/FERE source domain, select the row with the lowest finite total energy per atom; break an exact displayed-energy tie by smaller stable MatDB ID. Do not use PBE or GW gap values.",pbe_metadata + source_recovery:pbe
current-nlr-pbe-gw-v1:composition:6449d8e072c87816eb15551647656cd1f7d479fb048660296f230ac2a4ebf3bb,Ba3 Nb5 O15,170272,,[],127,127,-7.857,0.106,"Within each normalized composition in the finite PBE/FERE source domain, select the row with the lowest finite total energy per atom; break an exact displayed-energy tie by smaller stable MatDB ID. Do not use PBE or GW gap values.",pbe_metadata + source_recovery:pbe
current-nlr-pbe-gw-v1:composition:93c12116470f780b17d601209b82c44e9342312ebe25f654e1fa3b61e5650ed5,Ba3 Nb6 O26 Si4,118652,,[],189,189,-7.94,2.557,"Within each normalized composition in the finite PBE/FERE source domain, select the row with the lowest finite total energy per atom; break an exact displayed-energy tie by smaller stable MatDB ID. Do not use PBE or GW gap values.",pbe_metadata + source_recovery:pbe
current-nlr-pbe-gw-v1:composition:010ece8be7a3096928aa89a5b7e1f94d4ac2cb253288b175eaef423322316a32,Ba3 Ni O4,154647,,[],167,167,-5.834,1.604,"Within each normalized composition in the finite PBE/FERE source domain, select the row with the lowest finite total energy per atom; break an exact displayed-energy tie by smaller stable MatDB ID. Do not use PBE or GW gap values.",pbe_metadata + source_recovery:pbe
current-nlr-pbe-gw-v1:composition:39318d1cd4a0928250d0ce4bebbef679216305734c6687d885f8d5a3339e2b8c,Ba3 O13 Si5,109538,,[],14,14,-7.565,4.507,"Within each normalized composition in the finite PBE/FERE source domain, select the row with the lowest finite total energy per atom; break an exact displayed-energy tie by smaller stable MatDB ID. Do not use PBE or GW gap values.",pbe_metadata + source_recovery:pbe
current-nlr-pbe-gw-v1:composition:ed23f40e40e0b62c63185e96211314747333aa9016465fcc9e48c69e9af3bb35,Ba3 O13 V4,153938,,[],15,15,-7.417,2.888,"Within each normalized composition in the finite PBE/FERE source domain, select the row with the lowest finite total energy per atom; break an exact displayed-energy tie by smaller stable MatDB ID. Do not use PBE or GW gap values.",pbe_metadata + source_recovery:pbe
current-nlr-pbe-gw-v1:composition:401dab42afcd309f45cf8ab93f1d925518e46e3a9d92cc631b1336bc85883737,Ba3 O14 Pb V4,155291,,[],2,2,-7.274,3.095,"Within each normalized composition in the finite PBE/FERE source domain, select the row with the lowest finite total energy per atom; break an exact displayed-energy tie by smaller stable MatDB ID. Do not use PBE or GW gap values.",pbe_metadata + source_recovery:pbe
current-nlr-pbe-gw-v1:composition:08b2de649d882253ae4e746a2e0c2f0d5c4c4bfef7b3524cd40cfb6fbaa19cb7,Ba3 O5 Si,109419,,[],140,140,-6.854,3.522,"Within each normalized composition in the finite PBE/FERE source domain, select the row with the lowest finite total energy per atom; break an exact displayed-energy tie by smaller stable MatDB ID. Do not use PBE or GW gap values.",pbe_metadata + source_recovery:pbe
current-nlr-pbe-gw-v1:composition:993c649beef37ad9f7582be3afe9510605c5334cdcf4c333efff31dd8a90832e,Ba3 O6 W,117691,,[],225,225,-7.11,2.77,"Within each normalized composition in the finite PBE/FERE source domain, select the row with the lowest finite total energy per atom; break an exact displayed-energy tie by smaller stable MatDB ID. Do not use PBE or GW gap values.",pbe_metadata + source_recovery:pbe
current-nlr-pbe-gw-v1:composition:abc6bad7a8cef7065cc65eb422877c67a03068f492298371ef2e656923d8b82b,Ba3 O8 V2,169284,,[],166,166,-7.27,3.738,"Within each normalized composition in the finite PBE/FERE source domain, select the row with the lowest finite total energy per atom; break an exact displayed-energy tie by smaller stable MatDB ID. Do not use PBE or GW gap values.",pbe_metadata + source_recovery:pbe
current-nlr-pbe-gw-v1:composition:098b8fc76eb933b6c4453bf1b3b7ef073860ee266a6d9a2b2bfc93613d138cff,Ba3 O9 Ru2 Sr,151877,,[],15,15,-6.37,1.735,"Within each normalized composition in the finite PBE/FERE source domain, select the row with the lowest finite total energy per atom; break an exact displayed-energy tie by smaller stable MatDB ID. Do not use PBE or GW gap values.",pbe_metadata + source_recovery:pbe
current-nlr-pbe-gw-v1:composition:26903e4e573415a170955570b3b8a037a74d8e1b0664cb93b7a9dd17e46ee1df,Ba3 O9 Ru2 Y,117366,,[],194,194,-6.797,0.971,"Within each normalized composition in the finite PBE/FERE source domain, select the row with the lowest finite total energy per atom; break an exact displayed-energy tie by smaller stable MatDB ID. Do not use PBE or GW gap values.",pbe_metadata + source_recovery:pbe
current-nlr-pbe-gw-v1:composition:afa389c3b4be35a04814046252bd727246364772f85c1f0f1d5406028379e40d,Ba3 O9 Ru2 Zn,117379,,[],194,194,-6.144,1.562,"Within each normalized composition in the finite PBE/FERE source domain, select the row with the lowest finite total energy per atom; break an exact displayed-energy tie by smaller stable MatDB ID. Do not use PBE or GW gap values.",pbe_metadata + source_recovery:pbe
current-nlr-pbe-gw-v1:composition:47d6fd046e4e9af5484597e436e7a9b3a24dfc0e04187aff7be43dd30850be40,Ba3 O9 Ru2 Zr,118266,,[],194,4,-6.943,0.775,"Within each normalized composition in the finite PBE/FERE source domain, select the row with the lowest finite total energy per atom; break an exact displayed-energy tie by smaller stable MatDB ID. Do not use PBE or GW gap values.",pbe_metadata + source_recovery:pbe
current-nlr-pbe-gw-v1:composition:073b7037dbbae2049c307c0f1919f01f2a518b5ec9bd993a21b5646cecad9860,Ba3 O9 W2,154283,,[],167,167,-7.644,3.469,"Within each normalized composition in the finite PBE/FERE source domain, select the row with the lowest finite total energy per atom; break an exact displayed-energy tie by smaller stable MatDB ID. Do not use PBE or GW gap values.",pbe_metadata + source_recovery:pbe
current-nlr-pbe-gw-v1:composition:6258596cc82e47318732240d75d51e870ab6cd381ff7092b03d0f082496692c3,Ba3 O9 Y4,108190,,[],146,146,-7.666,3.242,"Within each normalized composition in the finite PBE/FERE source domain, select the row with the lowest finite total energy per atom; break an exact displayed-energy tie by smaller stable MatDB ID. Do not use PBE or GW gap values.",pbe_metadata + source_recovery:pbe
current-nlr-pbe-gw-v1:composition:fe336b17fbea1db7fe8e3ca08fd130a3a869cf8666856e8dc902b088474680b8,Ba4 Cu6 O13 Y2,135862,,[],47,47,-5.686,0.063,"Within each normalized composition in the finite PBE/FERE source domain, select the row with the lowest finite total energy per atom; break an exact displayed-energy tie by smaller stable MatDB ID. Do not use PBE or GW gap values.",pbe_metadata + source_recovery:pbe
current-nlr-pbe-gw-v1:composition:8914646a6568ce7904f3e8ac7a030289a3d65920b2970caf5acf5a08a7fcd320,Ba4 Ga2 O7,109726,,[],14,14,-6.131,3.203,"Within each normalized composition in the finite PBE/FERE source domain, select the row with the lowest finite total energy per atom; break an exact displayed-energy tie by smaller stable MatDB ID. Do not use PBE or GW gap values.",pbe_metadata + source_recovery:pbe
current-nlr-pbe-gw-v1:composition:8874ab2e7d7dd6873160f74db17839a337436d8580beee9f8669c4065e678041,Ba4 In6 O13,109508,,[],45,45,-5.788,0.458,"Within each normalized composition in the finite PBE/FERE source domain, select the row with the lowest finite total energy per atom; break an exact displayed-energy tie by smaller stable MatDB ID. Do not use PBE or GW gap values.",pbe_metadata + source_recovery:pbe
current-nlr-pbe-gw-v1:composition:bc317f76ed5d09430760ca1ecc764237432f481c1e58b2a36378d4c02ea28988,Ba4 Ir3 O10,185310,,[],14,4,-6.206,0.502,"Within each normalized composition in the finite PBE/FERE source domain, select the row with the lowest finite total energy per atom; break an exact displayed-energy tie by smaller stable MatDB ID. Do not use PBE or GW gap values.",pbe_metadata + source_recovery:pbe
current-nlr-pbe-gw-v1:composition:7258c42e7aef1cb12d4fca6b15a5f348593d4174524b4ffb5b722bd9a32cd0d9,Ba4 Mn3 O10,183598,,[],64,12,-6.911,1.791,"Within each normalized composition in the finite PBE/FERE source domain, select the row with the lowest finite total energy per atom; break an exact displayed-energy tie by smaller stable MatDB ID. Do not use PBE or GW gap values.",pbe_metadata + source_recovery:pbe
current-nlr-pbe-gw-v1:composition:481787abe5aa9743d60107ca48a6ce8b02363a9e4bad6fd5429111893d0c38dd,Ba4 Na O12 Ru3,169005,,[],186,186,-6.236,1.32,"Within each normalized composition in the finite PBE/FERE source domain, select the row with the lowest finite total energy per atom; break an exact displayed-energy tie by smaller stable MatDB ID. Do not use PBE or GW gap values.",pbe_metadata + source_recovery:pbe
current-nlr-pbe-gw-v1:composition:092a5907e089843ad71e69bfcdaedad2ec2dbb166b7c2b953d790839e198c619,Ba4 Nb14 O23,134927,,[],65,65,-7.869,0.054,"Within each normalized composition in the finite PBE/FERE source domain, select the row with the lowest finite total energy per atom; break an exact displayed-energy tie by smaller stable MatDB ID. Do not use PBE or GW gap values.",pbe_metadata + source_recovery:pbe
current-nlr-pbe-gw-v1:composition:e0b50281667f3f765d329afc0db02a8440f139d38abdf017eb7182268be374bf,Ba4 O10 Pt Ti2,155296,,[],64,64,-6.871,2.495,"Within each normalized composition in the finite PBE/FERE source domain, select the row with the lowest finite total energy per atom; break an exact displayed-energy tie by smaller stable MatDB ID. Do not use PBE or GW gap values.",pbe_metadata + source_recovery:pbe
current-nlr-pbe-gw-v1:composition:fd936407ad4aee8dcd1e11440df5b613c26a216a22e423314a12b00d04956cfa,Ba4 O10 Ru3,183721,,[],14,4,-6.384,0.838,"Within each normalized composition in the finite PBE/FERE source domain, select the row with the lowest finite total energy per atom; break an exact displayed-energy tie by smaller stable MatDB ID. Do not use PBE or GW gap values.",pbe_metadata + source_recovery:pbe
current-nlr-pbe-gw-v1:composition:9ab666ec8ab0fb020f5b5efbb646310aada7afa8be8ce402df1bd465f5eab35a,Ba4 O12 Ru3 Zr,154801,,[],166,1,-6.807,0.8,"Within each normalized composition in the finite PBE/FERE source domain, select the row with the lowest finite total energy per atom; break an exact displayed-energy tie by smaller stable MatDB ID. Do not use PBE or GW gap values.",pbe_metadata + source_recovery:pbe
current-nlr-pbe-gw-v1:composition:e328ada23a84eee6ddbefefdf73e9eeb5eaee5a59946c9d12290f797f9fceb53,Ba4 O27 Ti12,109112,,[],12,8,-7.959,0.038,"Within each normalized composition in the finite PBE/FERE source domain, select the row with the lowest finite total energy per atom; break an exact displayed-energy tie by smaller stable MatDB ID. Do not use PBE or GW gap values.",pbe_metadata + source_recovery:pbe
current-nlr-pbe-gw-v1:composition:aafb1d7383080401acd7aabc83b851717326687fd84ad5d66fa656b893bff572,Ba4 O30 Ti13,109458,,[],64,64,-8.001,2.812,"Within each normalized composition in the finite PBE/FERE source domain, select the row with the lowest finite total energy per atom; break an exact displayed-energy tie by smaller stable MatDB ID. Do not use PBE or GW gap values.",pbe_metadata + source_recovery:pbe
current-nlr-pbe-gw-v1:composition:0be32b9d6e48a457d847c374e4bee854b158a25185ac07f717793ea044a0d97a,Ba4 O6 Pt,154289,,[],167,167,-5.856,1.988,"Within each normalized composition in the finite PBE/FERE source domain, select the row with the lowest finite total energy per atom; break an exact displayed-energy tie by smaller stable MatDB ID. Do not use PBE or GW gap values.",pbe_metadata + source_recovery:pbe
current-nlr-pbe-gw-v1:composition:dbc99bb21d3485f6b1e4ec86b7fd9dfd0f4f3615d295493c98db5312dd88aceb,Ba5 Co5 O14,185107,,[],164,1,-6.138,0.97,"Within each normalized composition in the finite PBE/FERE source domain, select the row with the lowest finite total energy per atom; break an exact displayed-energy tie by smaller stable MatDB ID. Do not use PBE or GW gap values.",pbe_metadata + source_recovery:pbe
current-nlr-pbe-gw-v1:composition:d40741d169b95066ed22265985765bc1ed3a42262839acccdefb61932d11c817,Ba5 Fe5 O14,169107,,[],63,8,-6.6,0.122,"Within each normalized composition in the finite PBE/FERE source domain, select the row with the lowest finite total energy per atom; break an exact displayed-energy tie by smaller stable MatDB ID. Do not use PBE or GW gap values.",pbe_metadata + source_recovery:pbe
current-nlr-pbe-gw-v1:composition:429298da7c6ea416795d5fb7664f9e2e83f97da25915d117c962074149867c0e,Ba5 Na2 O14 Ru3,135494,,[],36,9,-6.085,1.223,"Within each normalized composition in the finite PBE/FERE source domain, select the row with the lowest finite total energy per atom; break an exact displayed-energy tie by smaller stable MatDB ID. Do not use PBE or GW gap values.",pbe_metadata + source_recovery:pbe
current-nlr-pbe-gw-v1:composition:af9dc86b3427c8c22ac334891dd34e9b3871288975477a8c21735364d81993da,Ba5 Nb4 O15,117469,,[],164,164,-7.569,2.703,"Within each normalized composition in the finite PBE/FERE source domain, select the row with the lowest finite total energy per atom; break an exact displayed-energy tie by smaller stable MatDB ID. Do not use PBE or GW gap values.",pbe_metadata + source_recovery:pbe
current-nlr-pbe-gw-v1:composition:a08a2ca653f3dd22ab71c6ae7947eeac9dba73ccaec2e0390a2aa1c771e03d80,Ba5 O9 Pt2,133028,,[],150,150,-5.805,2.163,"Within each normalized composition in the finite PBE/FERE source domain, select the row with the lowest finite total energy per atom; break an exact displayed-energy tie by smaller stable MatDB ID. Do not use PBE or GW gap values.",pbe_metadata + source_recovery:pbe
current-nlr-pbe-gw-v1:composition:cb36541bff1534cdc5bb86b35547b9fe96e908ec3e04e317fe1443a7b77da385,Ba6 Cr2 Na2 O17 Ru2,136150,,[],194,1,-6.449,0.903,"Within each normalized composition in the finite PBE/FERE source domain, select the row with the lowest finite total energy per atom; break an exact displayed-energy tie by smaller stable MatDB ID. Do not use PBE or GW gap values.",pbe_metadata + source_recovery:pbe
current-nlr-pbe-gw-v1:composition:23cf771aff98d1dd66b054f46aea16ce34b336f62ca476f7ddfc9d583b0429dc,Ba6 Mn2 Na2 O17 Ru2,135785,,[],194,194,-6.34,1.632,"Within each normalized composition in the finite PBE/FERE source domain, select the row with the lowest finite total energy per atom; break an exact displayed-energy tie by smaller stable MatDB ID. Do not use PBE or GW gap values.",pbe_metadata + source_recovery:pbe
current-nlr-pbe-gw-v1:composition:bd493a8ee9895f42af57f4585c55d8e7a7335f15e99c798b8df0f9d93d0e2e9e,Ba6 Mn5 O16,135701,,[],64,8,-6.954,1.373,"Within each normalized composition in the finite PBE/FERE source domain, select the row with the lowest finite total energy per atom; break an exact displayed-energy tie by smaller stable MatDB ID. Do not use PBE or GW gap values.",pbe_metadata + source_recovery:pbe
current-nlr-pbe-gw-v1:composition:0cf09cc5bafa68976cc954f59deadba332a7aea8629faf2e7fdd49def41c7c71,Ba6 Na2 O15 Si4,108221,,[],14,14,-6.913,4.177,"Within each normalized composition in the finite PBE/FERE source domain, select the row with the lowest finite total energy per atom; break an exact displayed-energy tie by smaller stable MatDB ID. Do not use PBE or GW gap values.",pbe_metadata + source_recovery:pbe
current-nlr-pbe-gw-v1:composition:626e3e738df346ab5638e05c153718056d211036c3f0d1b64e094d6448c51de6,Ba6 Na2 O17 Ru2 V2,154162,,[],194,187,-6.574,1.228,"Within each normalized composition in the finite PBE/FERE source domain, select the row with the lowest finite total energy per atom; break an exact displayed-energy tie by smaller stable MatDB ID. Do not use PBE or GW gap values.",pbe_metadata + source_recovery:pbe
current-nlr-pbe-gw-v1:composition:a6acbccb66e6dbe20f815600d5f94ba026fe0703e1430d46d34fd035b5c33e75,Ba6 O17 Ti4 Y2,109749,,[],194,194,-7.586,2.924,"Within each normalized composition in the finite PBE/FERE source domain, select the row with the lowest finite total energy per atom; break an exact displayed-energy tie by smaller stable MatDB ID. Do not use PBE or GW gap values.",pbe_metadata + source_recovery:pbe
current-nlr-pbe-gw-v1:composition:5eca39bd28525d479a1455d7446e6a5f90216dca67cfab3c89f0995f7b074fae,Ba7 Ir6 O19,184302,,[],12,1,-6.201,0.402,"Within each normalized composition in the finite PBE/FERE source domain, select the row with the lowest finite total energy per atom; break an exact displayed-energy tie by smaller stable MatDB ID. Do not use PBE or GW gap values.",pbe_metadata + source_recovery:pbe
current-nlr-pbe-gw-v1:composition:5b60fe8d72edc1d6321d1a07f6c8ce4108aa704ebada8d56cee10798d97f3d08,Ba8 Co Nb6 O24,185749,,[],164,2,-7.451,1.856,"Within each normalized composition in the finite PBE/FERE source domain, select the row with the lowest finite total energy per atom; break an exact displayed-energy tie by smaller stable MatDB ID. Do not use PBE or GW gap values.",pbe_metadata + source_recovery:pbe
current-nlr-pbe-gw-v1:composition:3e9057ef3e9c36a6c0bae419ca186cb11fb0592a6d499185ed3363beeccafc8e,Ba8 Co7 O21,169055,,[],43,1,-6.128,0.738,"Within each normalized composition in the finite PBE/FERE source domain, select the row with the lowest finite total energy per atom; break an exact displayed-energy tie by smaller stable MatDB ID. Do not use PBE or GW gap values.",pbe_metadata + source_recovery:pbe
current-nlr-pbe-gw-v1:composition:7c33bd2fbe1f9bc9a536aa1d0bededa3876ddf6519b531e4bd91b5ba81386d17,Ba8 O22 V7,155075,,[],166,2,-7.312,1.128,"Within each normalized composition in the finite PBE/FERE source domain, select the row with the lowest finite total energy per atom; break an exact displayed-energy tie by smaller stable MatDB ID. Do not use PBE or GW gap values.",pbe_metadata + source_recovery:pbe
current-nlr-pbe-gw-v1:composition:96bb10344e94ad46212736147b956e08fb94f84ddf285bf0b94226115d74edea,Ba9 O24 Rh8,116880,,[],167,5,-5.959,0.448,"Within each normalized composition in the finite PBE/FERE source domain, select the row with the lowest finite total energy per atom; break an exact displayed-energy tie by smaller stable MatDB ID. Do not use PBE or GW gap values.",pbe_metadata + source_recovery:pbe
current-nlr-pbe-gw-v1:composition:480bebfbb34dd4078d01c630b1230dfa27603b8418f5d596339e577582eaaf20,Ba9 O24 Sc2 Si6,108782,,[],148,148,-7.409,4.532,"Within each normalized composition in the finite PBE/FERE source domain, select the row with the lowest finite total energy per atom; break an exact displayed-energy tie by smaller stable MatDB ID. Do not use PBE or GW gap values.",pbe_metadata + source_recovery:pbe
current-nlr-pbe-gw-v1:composition:04717629ffa440b622cc500632b1b12dc971d8decd9bed759af478745e139261,Be Fe2 O4,1577,,[],,26,-6.943,0.664,"Within each normalized composition in the finite PBE/FERE source domain, select the row with the lowest finite total energy per atom; break an exact displayed-energy tie by smaller stable MatDB ID. Do not use PBE or GW gap values.",pbe_metadata + source_recovery:pbe
current-nlr-pbe-gw-v1:composition:95f7cff33395ed868a55699c42fe90a1d906fabeb00e7321b6a9b5af3706a9c1,Be In2 O4,3726,,[],,62,-6.061,1.8,"Within each normalized composition in the finite PBE/FERE source domain, select the row with the lowest finite total energy per atom; break an exact displayed-energy tie by smaller stable MatDB ID. Do not use PBE or GW gap values.",pbe_metadata + source_recovery:pbe
current-nlr-pbe-gw-v1:composition:8225b37083acfa18c9e0c7a507d68c22eede235114c3eaf8e3387fae786dabc6,Be2 O4 Sn,1156,,[],,14,-6.658,2.707,"Within each normalized composition in the finite PBE/FERE source domain, select the row with the lowest finite total energy per atom; break an exact displayed-energy tie by smaller stable MatDB ID. Do not use PBE or GW gap values.",pbe_metadata + source_recovery:pbe
current-nlr-pbe-gw-v1:composition:5fa03dbb434b66300be75c37483f79bdde23190ab912e5062a08fe9cca4bc399,Be2 O4 Ti,1192,,[],,43,-7.489,3.005,"Within each normalized composition in the finite PBE/FERE source domain, select the row with the lowest finite total energy per atom; break an exact displayed-energy tie by smaller stable MatDB ID. Do not use PBE or GW gap values.",pbe_metadata + source_recovery:pbe
current-nlr-pbe-gw-v1:composition:9a6f79e2d9c1d224aa8887f12e2a32225b3f0ca84cde603126bd2dc7aed8e92d,Bi Cl O,286959,286959,[],,129,-4.882,2.579,"Within each normalized composition in the finite PBE/FERE source domain, select the row with the lowest finite total energy per atom; break an exact displayed-energy tie by smaller stable MatDB ID. Do not use PBE or GW gap values.",pbe_metadata + source_recovery:pbe
current-nlr-pbe-gw-v1:composition:508487e74049c737f1b83faf1d041e0a7996c6c0423c5eb7344c95e57e8b73d0,Bi Co O3,12282,12282,[],,99,-5.968,1.687,"Within each normalized composition in the finite PBE/FERE source domain, select the row with the lowest finite total energy per atom; break an exact displayed-energy tie by smaller stable MatDB ID. Do not use PBE or GW gap values.",pbe_metadata + source_recovery:pbe
current-nlr-pbe-gw-v1:composition:9ded9597d95c16717b4c54e367b356d1391e2b11d997c38bc2db75dec6803445,Bi Cr O3,289700,289700,[],,15,-6.962,1.675,"Within each normalized composition in the finite PBE/FERE source domain, select the row with the lowest finite total energy per atom; break an exact displayed-energy tie by smaller stable MatDB ID. Do not use PBE or GW gap values.",pbe_metadata + source_recovery:pbe
current-nlr-pbe-gw-v1:composition:87e4d897747d83b520e6dbd88cc326aa09611bdcf7ae747f5eff27000a015ec7,Bi Fe O3,289711,289711,[],,161,-6.437,1.978,"Within each normalized composition in the finite PBE/FERE source domain, select the row with the lowest finite total energy per atom; break an exact displayed-energy tie by smaller stable MatDB ID. Do not use PBE or GW gap values.",pbe_metadata + source_recovery:pbe
current-nlr-pbe-gw-v1:composition:8d3f1533bb35d42e0c3dcede4434aefb2ea0272d22f1c6b969b92ccf2dcb71ff,Bi Ga O3,289715,289715,[],,54,-5.952,1.892,"Within each normalized composition in the finite PBE/FERE source domain, select the row with the lowest finite total energy per atom; break an exact displayed-energy tie by smaller stable MatDB ID. Do not use PBE or GW gap values.",pbe_metadata + source_recovery:pbe
current-nlr-pbe-gw-v1:composition:c1a44fddae1f65cc59092a1f53ed4de1a860e0ea1bbf5785e6cdd8e65e06b5f0,Bi I O,286964,286964,[],,129,-4.492,1.519,"Within each normalized composition in the finite PBE/FERE source domain, select the row with the lowest finite total energy per atom; break an exact displayed-energy tie by smaller stable MatDB ID. Do not use PBE or GW gap values.",pbe_metadata + source_recovery:pbe
current-nlr-pbe-gw-v1:composition:16875af382ac8f537e38a231d465af418ca874db6e445f6f73cfa4b358cafec7,Bi In O3,12379,12379,[],,33,-5.722,2.799,"Within each normalized composition in the finite PBE/FERE source domain, select the row with the lowest finite total energy per atom; break an exact displayed-energy tie by smaller stable MatDB ID. Do not use PBE or GW gap values.",pbe_metadata + source_recovery:pbe
current-nlr-pbe-gw-v1:composition:72a9f8931ab3b30a889009c573f644ed3819d7b07ca39986ebfe9e6bf982879e,Bi Nb O4,286954,286954,[],,52,-7.273,2.92,"Within each normalized composition in the finite PBE/FERE source domain, select the row with the lowest finite total energy per atom; break an exact displayed-energy tie by smaller stable MatDB ID. Do not use PBE or GW gap values.",pbe_metadata + source_recovery:pbe
current-nlr-pbe-gw-v1:composition:b77ed67802fc13261ffaccd375f027539aa0f19004405437768d9d0868f41c36,Bi O4 Sb,289714,289714,[],,15,-6.062,2.294,"Within each normalized composition in the finite PBE/FERE source domain, select the row with the lowest finite total energy per atom; break an exact displayed-energy tie by smaller stable MatDB ID. Do not use PBE or GW gap values.",pbe_metadata + source_recovery:pbe
current-nlr-pbe-gw-v1:composition:f7c088c99118e08133f32a540923a4e1ec4ed751ce438e8f4279a0fa82180880,Bi O4 Ta,286969,286969,[],,52,-7.825,3.023,"Within each normalized composition in the finite PBE/FERE source domain, select the row with the lowest finite total energy per atom; break an exact displayed-energy tie by smaller stable MatDB ID. Do not use PBE or GW gap values.",pbe_metadata + source_recovery:pbe
current-nlr-pbe-gw-v1:composition:1afe14e7b30d7a9f52edd2afe8d8bfe8271ad7c275664e3cee60e3176483963a,Bi2 Cd O4,10468,10468,[],,135,-5.259,2.34,"Within each normalized composition in the finite PBE/FERE source domain, select the row with the lowest finite total energy per atom; break an exact displayed-energy tie by smaller stable MatDB ID. Do not use PBE or GW gap values.",pbe_metadata + source_recovery:pbe
current-nlr-pbe-gw-v1:composition:66a5fbfa7bf7d6d11e6b2be939d95f4b068300b3d3102dec3611baa884807110,Bi2 Cu O4,11801,11801,[],,130,-5.393,1.548,"Within each normalized composition in the finite PBE/FERE source domain, select the row with the lowest finite total energy per atom; break an exact displayed-energy tie by smaller stable MatDB ID. Do not use PBE or GW gap values.",pbe_metadata + source_recovery:pbe
current-nlr-pbe-gw-v1:composition:c535fc5fb215ba09797678d99ca6e0148fec6347da136e2fde2c70a15b9ee0b0,Bi2 O3,10317,10317,[],,14,-5.832,2.212,"Within each normalized composition in the finite PBE/FERE source domain, select the row with the lowest finite total energy per atom; break an exact displayed-energy tie by smaller stable MatDB ID. Do not use PBE or GW gap values.",pbe_metadata + source_recovery:pbe
current-nlr-pbe-gw-v1:composition:65be4e207640811ebf752ee8bc0fcd2fee75d5e6dfc7c2037a72d1ba7c26c59f,Bi2 O4 Sr,11605,11605,[],,12,-5.972,2.637,"Within each normalized composition in the finite PBE/FERE source domain, select the row with the lowest finite total energy per atom; break an exact displayed-energy tie by smaller stable MatDB ID. Do not use PBE or GW gap values.",pbe_metadata + source_recovery:pbe
current-nlr-pbe-gw-v1:composition:48a28b53751d8308a768aed52d5e1789883fb7048d68f3ce065d37b64b600694,Bi2 O4 Zn,10757,10757,[],,135,-5.395,2.169,"Within each normalized composition in the finite PBE/FERE source domain, select the row with the lowest finite total energy per atom; break an exact displayed-energy tie by smaller stable MatDB ID. Do not use PBE or GW gap values.",pbe_metadata + source_recovery:pbe
current-nlr-pbe-gw-v1:composition:5ec46deb5528b5e263c8c8cd143fa21ec56766642cd2fdaf21eb01edbaeb1bd4,Bi7 N O12,280272,,[],,1,-5.812,2.028,"Within each normalized composition in the finite PBE/FERE source domain, select the row with the lowest finite total energy per atom; break an exact displayed-energy tie by smaller stable MatDB ID. Do not use PBE or GW gap values.",pbe_metadata + source_recovery:pbe
current-nlr-pbe-gw-v1:composition:e7b9b30195728e1d94e3e2197a7a27b1a8c003f6895c98b13e2f05adac167a6a,Br Li3 O,289947,289947,[],,221,-4.16,4.297,"Within each normalized composition in the finite PBE/FERE source domain, select the row with the lowest finite total energy per atom; break an exact displayed-energy tie by smaller stable MatDB ID. Do not use PBE or GW gap values.",pbe_metadata + source_recovery:pbe
current-nlr-pbe-gw-v1:composition:09ce9e8c582ad0062585d056e15000f2fce96831c5016e49ca8bc1a0cf82a2cb,Br Na3 O,290110,290110,[],,221,-3.502,1.88,"Within each normalized composition in the finite PBE/FERE source domain, select the row with the lowest finite total energy per atom; break an exact displayed-energy tie by smaller stable MatDB ID. Do not use PBE or GW gap values.",pbe_metadata + source_recovery:pbe
current-nlr-pbe-gw-v1:composition:90b939ac72e9285c95e62268f2a9c11374d68d32a28599b1d0f8b3156f707a9b,C2 N2 O,281711,,[],,36,-7.968,5.229,"Within each normalized composition in the finite PBE/FERE source domain, select the row with the lowest finite total energy per atom; break an exact displayed-energy tie by smaller stable MatDB ID. Do not use PBE or GW gap values.",pbe_metadata + source_recovery:pbe
current-nlr-pbe-gw-v1:composition:94ba91843486278d592b382f2fbd7b2548b1cbdf15a529b17d807de4f2643d0b,C3 N2 O2,273582,,[],,63,-7.642,1.108,"Within each normalized composition in the finite PBE/FERE source domain, select the row with the lowest finite total energy per atom; break an exact displayed-energy tie by smaller stable MatDB ID. Do not use PBE or GW gap values.",pbe_metadata + source_recovery:pbe
current-nlr-pbe-gw-v1:composition:5f439c013ddf10c1018281575b8e2704d21d6bfe888b45088177d30986059a18,C4 N4 O,274467,,[],,15,-7.398,2.432,"Within each normalized composition in the finite PBE/FERE source domain, select the row with the lowest finite total energy per atom; break an exact displayed-energy tie by smaller stable MatDB ID. Do not use PBE or GW gap values.",pbe_metadata + source_recovery:pbe
current-nlr-pbe-gw-v1:composition:c90a2b076dfcceefd8f225cd92ae2a8de7a3cc5dea15cc4eb555f84164433057,C7 N4 O8,273660,,[],,1,-7.835,3.407,"Within each normalized composition in the finite PBE/FERE source domain, select the row with the lowest finite total energy per atom; break an exact displayed-energy tie by smaller stable MatDB ID. Do not use PBE or GW gap values.",pbe_metadata + source_recovery:pbe
current-nlr-pbe-gw-v1:composition:bed4fa4057f3f358e802ae0dbfd0aad6262e5ae9610147c79ccebab6a6b6fb48,Ca Ce O3,289729,289729,[],,62,-7.526,2.483,"Within each normalized composition in the finite PBE/FERE source domain, select the row with the lowest finite total energy per atom; break an exact displayed-energy tie by smaller stable MatDB ID. Do not use PBE or GW gap values.",pbe_metadata + source_recovery:pbe
current-nlr-pbe-gw-v1:composition:01aa4930f92759194259e3dffe3b71c0145416d24b34324ab075bbc5f34b8c26,Ca Co O6 Si2,185904,,[],15,15,-7.334,2.668,"Within each normalized composition in the finite PBE/FERE source domain, select the row with the lowest finite total energy per atom; break an exact displayed-energy tie by smaller stable MatDB ID. Do not use PBE or GW gap values.",pbe_metadata + source_recovery:pbe
current-nlr-pbe-gw-v1:composition:50fcfc588edaa1685aa7e734af688646b7fc4db60eade0d20977cb8fb3fefc06,Ca Co2 O4,155087,,[],62,62,-6.203,1.349,"Within each normalized composition in the finite PBE/FERE source domain, select the row with the lowest finite total energy per atom; break an exact displayed-energy tie by smaller stable MatDB ID. Do not use PBE or GW gap values.",pbe_metadata + source_recovery:pbe
current-nlr-pbe-gw-v1:composition:62f8bd9d0cd79c54ab117bb5f5989d8aa4a9a0c03e9f4dce4df894b5d3bf4211,Ca Cu Ge2 O6,168584,,[],15,15,-6.085,1.727,"Within each normalized composition in the finite PBE/FERE source domain, select the row with the lowest finite total energy per atom; break an exact displayed-energy tie by smaller stable MatDB ID. Do not use PBE or GW gap values.",pbe_metadata + source_recovery:pbe
current-nlr-pbe-gw-v1:composition:fc0d0ab727f1bc6c556e24c4c3da1340c6071656d99511febb2f5729ae999c47,Ca Cu O10 Si4,134753,,[],130,130,-7.302,2.525,"Within each normalized composition in the finite PBE/FERE source domain, select the row with the lowest finite total energy per atom; break an exact displayed-energy tie by smaller stable MatDB ID. Do not use PBE or GW gap values.",pbe_metadata + source_recovery:pbe
current-nlr-pbe-gw-v1:composition:a70e13133c8933117329f8beb00f5cab922493344ba4292b24e54aa84e85fd66,Ca Cu2 O3,184192,,[],59,59,-4.902,0.312,"Within each normalized composition in the finite PBE/FERE source domain, select the row with the lowest finite total energy per atom; break an exact displayed-energy tie by smaller stable MatDB ID. Do not use PBE or GW gap values.",pbe_metadata + source_recovery:pbe
current-nlr-pbe-gw-v1:composition:58c3d18b31266490ab56ebaa69e275bb1251c04d9f7ae905cb2d294ac1864277,Ca Cu3 Ge4 O12,118145,,[],204,204,-5.793,1.925,"Within each normalized composition in the finite PBE/FERE source domain, select the row with the lowest finite total energy per atom; break an exact displayed-energy tie by smaller stable MatDB ID. Do not use PBE or GW gap values.",pbe_metadata + source_recovery:pbe
current-nlr-pbe-gw-v1:composition:bc8ee5b2fd0f608223aee9dc9f519c6118ddf3542d222ab7ae87ac455e8120cf,Ca Cu3 O12 Pt4,169151,,[],204,8,-4.934,0.633,"Within each normalized composition in the finite PBE/FERE source domain, select the row with the lowest finite total energy per atom; break an exact displayed-energy tie by smaller stable MatDB ID. Do not use PBE or GW gap values.",pbe_metadata + source_recovery:pbe
current-nlr-pbe-gw-v1:composition:0d55f175ae70303c1a38cb2f07a638ae9a3d5633aa30791c0523b49423941d12,Ca Cu3 O12 Sn4,117524,,[],204,204,-5.675,1.447,"Within each normalized composition in the finite PBE/FERE source domain, select the row with the lowest finite total energy per atom; break an exact displayed-energy tie by smaller stable MatDB ID. Do not use PBE or GW gap values.",pbe_metadata + source_recovery:pbe
current-nlr-pbe-gw-v1:composition:bbe293ff6c50dcb7e48c4c89cb0503f2f3322cdaa5c4d6db86300434b5020eb8,Ca Cu3 O12 Ti4,155612,,[],204,204,-6.889,1.244,"Within each normalized composition in the finite PBE/FERE source domain, select the row with the lowest finite total energy per atom; break an exact displayed-energy tie by smaller stable MatDB ID. Do not use PBE or GW gap values.",pbe_metadata + source_recovery:pbe
current-nlr-pbe-gw-v1:composition:367e83d82588b0734a88236330d8d1703552e165f79d882fa7bfbd11380caa29,Ca Fe O2,170770,,[],113,113,-6.736,1.358,"Within each normalized composition in the finite PBE/FERE source domain, select the row with the lowest finite total energy per atom; break an exact displayed-energy tie by smaller stable MatDB ID. Do not use PBE or GW gap values.",pbe_metadata + source_recovery:pbe
current-nlr-pbe-gw-v1:composition:17938088809d8ad17418202ddd9a02cdf7c13d97113c4b9af2e0183301cdc189,Ca Fe O6 Si2,135612,,[],15,15,-7.339,2.712,"Within each normalized composition in the finite PBE/FERE source domain, select the row with the lowest finite total energy per atom; break an exact displayed-energy tie by smaller stable MatDB ID. Do not use PBE or GW gap values.",pbe_metadata + source_recovery:pbe
current-nlr-pbe-gw-v1:composition:01f30ad070bcaa054d2274c74990388d445f8edab820b48af16b2b0a391422de,Ca Fe O6 Ti2,117531,,[],137,31,-7.728,1.161,"Within each normalized composition in the finite PBE/FERE source domain, select the row with the lowest finite total energy per atom; break an exact displayed-energy tie by smaller stable MatDB ID. Do not use PBE or GW gap values.",pbe_metadata + source_recovery:pbe
current-nlr-pbe-gw-v1:composition:7a131f34ae5c5ba0344284427abaf86e3729d1cb10d484f83cf615c7cacf530e,Ca Fe3 O12 Ti4,184195,,[],204,8,-7.737,1.407,"Within each normalized composition in the finite PBE/FERE source domain, select the row with the lowest finite total energy per atom; break an exact displayed-energy tie by smaller stable MatDB ID. Do not use PBE or GW gap values.",pbe_metadata + source_recovery:pbe
current-nlr-pbe-gw-v1:composition:1c9901d6d7ba3205f84d61f2d02e971dbd1dbd79396a1180cfcf0d0005437522,Ca Ga La O4,110358,,[],33,62,-7.002,3.411,"Within each normalized composition in the finite PBE/FERE source domain, select the row with the lowest finite total energy per atom; break an exact displayed-energy tie by smaller stable MatDB ID. Do not use PBE or GW gap values.",pbe_metadata + source_recovery:pbe
current-nlr-pbe-gw-v1:composition:1bed9efd402d87b7b28709528f2e020b498b5978b07b024328fec06f45051c38,Ca Ga2 O4,109124,,[],33,33,-6.239,2.982,"Within each normalized composition in the finite PBE/FERE source domain, select the row with the lowest finite total energy per atom; break an exact displayed-energy tie by smaller stable MatDB ID. Do not use PBE or GW gap values.",pbe_metadata + source_recovery:pbe
current-nlr-pbe-gw-v1:composition:7726471a097e1f9c20b7a5212e752bd17e6d92d428f5a8e50b0848c71c07a5ae,Ca Ga4 O7,109751,,[],15,15,-6.184,2.544,"Within each normalized composition in the finite PBE/FERE source domain, select the row with the lowest finite total energy per atom; break an exact displayed-energy tie by smaller stable MatDB ID. Do not use PBE or GW gap values.",pbe_metadata + source_recovery:pbe
current-nlr-pbe-gw-v1:composition:269d7fb45abef9ef8d97c921ac31e4607679a842531511dbbb90efac8280e895,Ca Ge Mg O4,109541,,[],62,62,-6.492,3.62,"Within each normalized composition in the finite PBE/FERE source domain, select the row with the lowest finite total energy per atom; break an exact displayed-energy tie by smaller stable MatDB ID. Do not use PBE or GW gap values.",pbe_metadata + source_recovery:pbe
current-nlr-pbe-gw-v1:composition:3c1d65e65eb6b0c5e58671c3d2a68f7c333cbaca9c120324949ebbae45174dbe,Ca Ge O3,110371,,[],88,88,-6.634,2.49,"Within each normalized composition in the finite PBE/FERE source domain, select the row with the lowest finite total energy per atom; break an exact displayed-energy tie by smaller stable MatDB ID. Do not use PBE or GW gap values.",pbe_metadata + source_recovery:pbe
current-nlr-pbe-gw-v1:composition:0d21c2e73bfab445a2af8d64ce5503d3bd58fd8218e814e05cdfbdae62369b7e,Ca Ge O5 Ti,109279,,[],14,15,-7.277,2.936,"Within each normalized composition in the finite PBE/FERE source domain, select the row with the lowest finite total energy per atom; break an exact displayed-energy tie by smaller stable MatDB ID. Do not use PBE or GW gap values.",pbe_metadata + source_recovery:pbe
current-nlr-pbe-gw-v1:composition:710b521b3128ffd10565476248b64c876baf35babf38a75f35c83b67e9564455,Ca Ge O5 Zr,109128,,[],2,2,-7.509,3.689,"Within each normalized composition in the finite PBE/FERE source domain, select the row with the lowest finite total energy per atom; break an exact displayed-energy tie by smaller stable MatDB ID. Do not use PBE or GW gap values.",pbe_metadata + source_recovery:pbe
current-nlr-pbe-gw-v1:composition:5acfa65adc332fdc5bee9f65471959f83a744c2035b658cfc68d891e1cfbeeda,Ca Ge2 O5,109306,,[],55,55,-6.594,2.707,"Within each normalized composition in the finite PBE/FERE source domain, select the row with the lowest finite total energy per atom; break an exact displayed-energy tie by smaller stable MatDB ID. Do not use PBE or GW gap values.",pbe_metadata + source_recovery:pbe
current-nlr-pbe-gw-v1:composition:a6bf2e8a2e9d3913cec75130df01db4b963c61e337b4041ef7708870a2f4fdda,Ca Hf4 O9,109500,,[],15,15,-9.201,4.556,"Within each normalized composition in the finite PBE/FERE source domain, select the row with the lowest finite total energy per atom; break an exact displayed-energy tie by smaller stable MatDB ID. Do not use PBE or GW gap values.",pbe_metadata + source_recovery:pbe
current-nlr-pbe-gw-v1:composition:3eebeb3cd5c45e4871f928f9520b2c9f1cc7fd54c00f76fe9eed1cf56ff11440,Ca Hg O2,108243,,[],166,166,-4.819,2.188,"Within each normalized composition in the finite PBE/FERE source domain, select the row with the lowest finite total energy per atom; break an exact displayed-energy tie by smaller stable MatDB ID. Do not use PBE or GW gap values.",pbe_metadata + source_recovery:pbe
current-nlr-pbe-gw-v1:composition:05f44f4a3e68a91a3559401b292c5f019405a833d32805a599fb5156213ceb54,Ca In2 O4,109770,,[],141,227,-5.925,2.027,"Within each normalized composition in the finite PBE/FERE source domain, select the row with the lowest finite total energy per atom; break an exact displayed-energy tie by smaller stable MatDB ID. Do not use PBE or GW gap values.",pbe_metadata + source_recovery:pbe
current-nlr-pbe-gw-v1:composition:d56686f93fb46340da8b180aff7ef42f00df1d0f82c4801f964eeb3fd5145385,Ca Ir O3,184922,,[],36,11,-6.343,0.738,"Within each normalized composition in the finite PBE/FERE source domain, select the row with the lowest finite total energy per atom; break an exact displayed-energy tie by smaller stable MatDB ID. Do not use PBE or GW gap values.",pbe_metadata + source_recovery:pbe
current-nlr-pbe-gw-v1:composition:4ee4d11a0ad44f115340bf72a0d0131b6c0508129b7f833470b483e38e352cf9,Ca Ir O6 Sr3,170997,,[],167,15,-6.278,0.682,"Within each normalized composition in the finite PBE/FERE source domain, select the row with the lowest finite total energy per atom; break an exact displayed-energy tie by smaller stable MatDB ID. Do not use PBE or GW gap values.",pbe_metadata + source_recovery:pbe
current-nlr-pbe-gw-v1:composition:30a7912caf93dccccba19ebd6f3f150636d6d3b041486db433a7bd906aa85ccd,Ca K3 O15 V5,184822,,[],67,35,-7.01,2.686,"Within each normalized composition in the finite PBE/FERE source domain, select the row with the lowest finite total energy per atom; break an exact displayed-energy tie by smaller stable MatDB ID. Do not use PBE or GW gap values.",pbe_metadata + source_recovery:pbe
current-nlr-pbe-gw-v1:composition:a677996022e5a5141737f60eb7be6e6816d6033f66001de2d4436d3c07bbb2e3,Ca Mg O4 Si,108808,,[],62,62,-7.093,4.656,"Within each normalized composition in the finite PBE/FERE source domain, select the row with the lowest finite total energy per atom; break an exact displayed-energy tie by smaller stable MatDB ID. Do not use PBE or GW gap values.",pbe_metadata + source_recovery:pbe
current-nlr-pbe-gw-v1:composition:d58bd920be776473eb804750589fa89220d4f7b2bd97f70b73475e96d46c2a7b,Ca Mg O6 Si2,109521,,[],15,15,-7.35,4.944,"Within each normalized composition in the finite PBE/FERE source domain, select the row with the lowest finite total energy per atom; break an exact displayed-energy tie by smaller stable MatDB ID. Do not use PBE or GW gap values.",pbe_metadata + source_recovery:pbe
current-nlr-pbe-gw-v1:composition:e4010b8e06ef4b718e4c67cfcf093b52598075435b9e8e239da0fea85a62762b,Ca Mg O7 V2,154719,,[],14,14,-7.229,2.686,"Within each normalized composition in the finite PBE/FERE source domain, select the row with the lowest finite total energy per atom; break an exact displayed-energy tie by smaller stable MatDB ID. Do not use PBE or GW gap values.",pbe_metadata + source_recovery:pbe
current-nlr-pbe-gw-v1:composition:48e62eda3ce712256788b6bfcfc3d97410db9ff891a8a56d461e0a744cba2240,Ca Mg3 O10 Si3,109245,,[],2,2,-7.104,3.416,"Within each normalized composition in the finite PBE/FERE source domain, select the row with the lowest finite total energy per atom; break an exact displayed-energy tie by smaller stable MatDB ID. Do not use PBE or GW gap values.",pbe_metadata + source_recovery:pbe
current-nlr-pbe-gw-v1:composition:c3ef3b0e2085b5cc69a861963fde7c71307681739490832c2225c708f28d016a,Ca Mo O4,155078,,[],88,88,-7.371,3.338,"Within each normalized composition in the finite PBE/FERE source domain, select the row with the lowest finite total energy per atom; break an exact displayed-energy tie by smaller stable MatDB ID. Do not use PBE or GW gap values.",pbe_metadata + source_recovery:pbe
current-nlr-pbe-gw-v1:composition:4592a46127823d214c81916de61eecab12c3b3bee7a14ef393096cac477e8fc7,Ca Mo O6 Sr2,136601,,[],14,14,-6.949,2.441,"Within each normalized composition in the finite PBE/FERE source domain, select the row with the lowest finite total energy per atom; break an exact displayed-energy tie by smaller stable MatDB ID. Do not use PBE or GW gap values.",pbe_metadata + source_recovery:pbe
current-nlr-pbe-gw-v1:composition:e01ab0fb36e904c5bdba73010876ecd8ec9cbb87b05e92862eefaf147b539c58,Ca Mo5 O8,186067,,[],14,14,-7.54,0.397,"Within each normalized composition in the finite PBE/FERE source domain, select the row with the lowest finite total energy per atom; break an exact displayed-energy tie by smaller stable MatDB ID. Do not use PBE or GW gap values.",pbe_metadata + source_recovery:pbe
current-nlr-pbe-gw-v1:composition:2c3308b818028c98043c506bae7bbbdd5b37819cf78d76ca271092e6c9bf7e2b,Ca Na O4 V,137021,,[],63,63,-6.788,3.637,"Within each normalized composition in the finite PBE/FERE source domain, select the row with the lowest finite total energy per atom; break an exact displayed-energy tie by smaller stable MatDB ID. Do not use PBE or GW gap values.",pbe_metadata + source_recovery:pbe
current-nlr-pbe-gw-v1:composition:7c1b8ed7abdad4220b6a250d4e0d126bb4275b45c141e1942d9aba10cc50cd60,Ca Na2 O12 V4,186259,,[],125,125,-7.082,2.828,"Within each normalized composition in the finite PBE/FERE source domain, select the row with the lowest finite total energy per atom; break an exact displayed-energy tie by smaller stable MatDB ID. Do not use PBE or GW gap values.",pbe_metadata + source_recovery:pbe
current-nlr-pbe-gw-v1:composition:6555c51ab3ca062581bcf496a86c2aff4ae1a7a3f457d7e8429018095be4c2e8,Ca Na2 O4 Si,109832,,[],198,198,-6.192,3.394,"Within each normalized composition in the finite PBE/FERE source domain, select the row with the lowest finite total energy per atom; break an exact displayed-energy tie by smaller stable MatDB ID. Do not use PBE or GW gap values.",pbe_metadata + source_recovery:pbe
current-nlr-pbe-gw-v1:composition:a0717975dab2d63de72c541a3c2c1f633d9fb77cdadea57eb45a0e4983bf01d3,Ca Ni O6 Si2,136606,,[],15,15,-7.189,3.091,"Within each normalized composition in the finite PBE/FERE source domain, select the row with the lowest finite total energy per atom; break an exact displayed-energy tie by smaller stable MatDB ID. Do not use PBE or GW gap values.",pbe_metadata + source_recovery:pbe
current-nlr-pbe-gw-v1:composition:c6287b65f122bfbf3e0b65c9ca5c448bd39e42b1cd57000f88d901cfa3460c26,Ca Ni2 O4,7363,,[],,11,-5.689,0.064,"Within each normalized composition in the finite PBE/FERE source domain, select the row with the lowest finite total energy per atom; break an exact displayed-energy tie by smaller stable MatDB ID. Do not use PBE or GW gap values.",pbe_metadata + source_recovery:pbe
current-nlr-pbe-gw-v1:composition:26283c9bad04e871494193a57cb7d6a349493bbdb99909cd31ecf48fbc05c86e,Ca O,9596,9596,[],,225,-6.472,3.641,"Within each normalized composition in the finite PBE/FERE source domain, select the row with the lowest finite total energy per atom; break an exact displayed-energy tie by smaller stable MatDB ID. Do not use PBE or GW gap values.",pbe_metadata + source_recovery:pbe
current-nlr-pbe-gw-v1:composition:d50afcd9588c6cfe885230834bbf357fb92a0089f0e6501398f5389fa8645682,Ca O2,109612,,[],139,139,-5.866,2.587,"Within each normalized composition in the finite PBE/FERE source domain, select the row with the lowest finite total energy per atom; break an exact displayed-energy tie by smaller stable MatDB ID. Do not use PBE or GW gap values.",pbe_metadata + source_recovery:pbe
current-nlr-pbe-gw-v1:composition:b41feb5113ad8c9cc0d9577d0be506142902aa1e51f9f95e7d8dbdd61e5093b1,Ca O3 Pb,108841,,[],62,62,-5.897,0.973,"Within each normalized composition in the finite PBE/FERE source domain, select the row with the lowest finite total energy per atom; break an exact displayed-energy tie by smaller stable MatDB ID. Do not use PBE or GW gap values.",pbe_metadata + source_recovery:pbe
current-nlr-pbe-gw-v1:composition:c404429b6a7da17f490c23522e7349216a1cae5070196ddb86efc7c60e9e42b4,Ca O3 Pt,136612,,[],63,63,-5.744,1.701,"Within each normalized composition in the finite PBE/FERE source domain, select the row with the lowest finite total energy per atom; break an exact displayed-energy tie by smaller stable MatDB ID. Do not use PBE or GW gap values.",pbe_metadata + source_recovery:pbe
current-nlr-pbe-gw-v1:composition:4f71b30443f21f935a34651ba9629e5694bdbce10d7f7ac99904b480490a4eab,Ca O3 Rh,184999,,[],63,11,-6.023,0.138,"Within each normalized composition in the finite PBE/FERE source domain, select the row with the lowest finite total energy per atom; break an exact displayed-energy tie by smaller stable MatDB ID. Do not use PBE or GW gap values.",pbe_metadata + source_recovery:pbe
current-nlr-pbe-gw-v1:composition:7741f8c6ba9e09548a145b758152bbf69478f69be8321f80c361ee3b5c2b0a19,Ca O3 Ru,117496,,[],62,62,-6.497,0.567,"Within each normalized composition in the finite PBE/FERE source domain, select the row with the lowest finite total energy per atom; break an exact displayed-energy tie by smaller stable MatDB ID. Do not use PBE or GW gap values.",pbe_metadata + source_recovery:pbe
current-nlr-pbe-gw-v1:composition:a85ce10521eb3916da62188134f705a87eabd1c19e16db0a80f6678f12074068,Ca O3 Si,109577,,[],14,14,-7.494,4.878,"Within each normalized composition in the finite PBE/FERE source domain, select the row with the lowest finite total energy per atom; break an exact displayed-energy tie by smaller stable MatDB ID. Do not use PBE or GW gap values.",pbe_metadata + source_recovery:pbe
current-nlr-pbe-gw-v1:composition:942d9c8ef0ebbfdd36034d8f75f285b76cec34c2a78e95d7416922f78bc94d79,Ca O3 Sn,109884,,[],148,148,-6.462,2.943,"Within each normalized composition in the finite PBE/FERE source domain, select the row with the lowest finite total energy per atom; break an exact displayed-energy tie by smaller stable MatDB ID. Do not use PBE or GW gap values.",pbe_metadata + source_recovery:pbe
current-nlr-pbe-gw-v1:composition:065008d77b6a9db58faa0cd51a22d9c78583a7ec171f591165bd89e314ca2afd,Ca O3 Ti,289774,289774,[],,62,-7.687,2.702,"Within each normalized composition in the finite PBE/FERE source domain, select the row with the lowest finite total energy per atom; break an exact displayed-energy tie by smaller stable MatDB ID. Do not use PBE or GW gap values.",pbe_metadata + source_recovery:pbe
current-nlr-pbe-gw-v1:composition:d4d97ffe4df1bffc0d19fe168f5c2ab3adf42200261e182ac6b216fdcff34138,Ca O3 V,136052,,[],62,14,-7.433,0.981,"Within each normalized composition in the finite PBE/FERE source domain, select the row with the lowest finite total energy per atom; break an exact displayed-energy tie by smaller stable MatDB ID. Do not use PBE or GW gap values.",pbe_metadata + source_recovery:pbe
current-nlr-pbe-gw-v1:composition:31012610b041274ec59697f1fe6cfa8b508a620c569675b29cf617d0556928dc,Ca O3 Zr,109293,,[],62,62,-8.023,4.274,"Within each normalized composition in the finite PBE/FERE source domain, select the row with the lowest finite total energy per atom; break an exact displayed-energy tie by smaller stable MatDB ID. Do not use PBE or GW gap values.",pbe_metadata + source_recovery:pbe
current-nlr-pbe-gw-v1:composition:d4bda94bfeb80a816eeb6383242b112d9fac50b6ca5b4c26b0c06dc1f1c214e1,Ca O4 Rh2,136610,,[],62,62,-5.986,1.587,"Within each normalized composition in the finite PBE/FERE source domain, select the row with the lowest finite total energy per atom; break an exact displayed-energy tie by smaller stable MatDB ID. Do not use PBE or GW gap values.",pbe_metadata + source_recovery:pbe
current-nlr-pbe-gw-v1:composition:7375c8df3b347d5e35dacb446b9746ca2f669b27e1d7b0fef2be0f52240ea9e2,Ca O4 Sc2,110576,,[],62,62,-7.986,3.744,"Within each normalized composition in the finite PBE/FERE source domain, select the row with the lowest finite total energy per atom; break an exact displayed-energy tie by smaller stable MatDB ID. Do not use PBE or GW gap values.",pbe_metadata + source_recovery:pbe
current-nlr-pbe-gw-v1:composition:3e1b67c053ef5fb658b078b4e3b67870340f0de1541ac4102f3b466b4b43df52,Ca O4 Si Sr,109490,,[],33,33,-7.174,4.509,"Within each normalized composition in the finite PBE/FERE source domain, select the row with the lowest finite total energy per atom; break an exact displayed-energy tie by smaller stable MatDB ID. Do not use PBE or GW gap values.",pbe_metadata + source_recovery:pbe
current-nlr-pbe-gw-v1:composition:bddf29b8be02e2c08c1506b82c6eb495afc2aa0f2ab7c74ae4ebf5e498ddc1da,Ca O4 Ti2,109671,,[],63,38,-7.692,0.26,"Within each normalized composition in the finite PBE/FERE source domain, select the row with the lowest finite total energy per atom; break an exact displayed-energy tie by smaller stable MatDB ID. Do not use PBE or GW gap values.",pbe_metadata + source_recovery:pbe
current-nlr-pbe-gw-v1:composition:2797c7acd9134c4a08445b9ca93a8cf63834f04033cf67c6221c5b27f3c8cd82,Ca O4 V2,136618,,[],62,62,-7.277,0.41,"Within each normalized composition in the finite PBE/FERE source domain, select the row with the lowest finite total energy per atom; break an exact displayed-energy tie by smaller stable MatDB ID. Do not use PBE or GW gap values.",pbe_metadata + source_recovery:pbe
current-nlr-pbe-gw-v1:composition:a230d54cc2e0907308ba5e7a69b653c10cd2f6abd1a4d644e22de4c1a84bfb9c,Ca O4 W,117674,,[],15,15,-7.897,4.065,"Within each normalized composition in the finite PBE/FERE source domain, select the row with the lowest finite total energy per atom; break an exact displayed-energy tie by smaller stable MatDB ID. Do not use PBE or GW gap values.",pbe_metadata + source_recovery:pbe
current-nlr-pbe-gw-v1:composition:bcb0007288453c4e661a7f5898c6be1397024d6b818ff2e821b308a1dfc2688e,Ca O5 Si Sn,108435,,[],15,15,-7.038,3.233,"Within each normalized composition in the finite PBE/FERE source domain, select the row with the lowest finite total energy per atom; break an exact displayed-energy tie by smaller stable MatDB ID. Do not use PBE or GW gap values.",pbe_metadata + source_recovery:pbe
current-nlr-pbe-gw-v1:composition:0bd6b3accd8d0248a82bdc961dff1e9561436b81464f8c6c9a0c30622feb1ef8,Ca O5 Si Ti,108455,,[],14,15,-7.799,3.215,"Within each normalized composition in the finite PBE/FERE source domain, select the row with the lowest finite total energy per atom; break an exact displayed-energy tie by smaller stable MatDB ID. Do not use PBE or GW gap values.",pbe_metadata + source_recovery:pbe
current-nlr-pbe-gw-v1:composition:9ccd14ee0e21e9e0aab661c6eac0ab9d78fd2e1b38cb7fb9413b0edabca1b366,Ca O5 Si2,109738,,[],2,2,-7.563,4.729,"Within each normalized composition in the finite PBE/FERE source domain, select the row with the lowest finite total energy per atom; break an exact displayed-energy tie by smaller stable MatDB ID. Do not use PBE or GW gap values.",pbe_metadata + source_recovery:pbe
current-nlr-pbe-gw-v1:composition:a4b10fa8bb9d2e92b2cabcc83954c1d7805b5145f1adcbbdab900e35d8e25564,Ca O5 V2,117680,,[],59,59,-7.621,1.965,"Within each normalized composition in the finite PBE/FERE source domain, select the row with the lowest finite total energy per atom; break an exact displayed-energy tie by smaller stable MatDB ID. Do not use PBE or GW gap values.",pbe_metadata + source_recovery:pbe
current-nlr-pbe-gw-v1:composition:02175999c8cd8d0dbc5fe4f71e18b98569b4618020138c500145aa4d5aae237d,Ca O6 Sb2,289730,289730,[],,162,-6.364,2.644,"Within each normalized composition in the finite PBE/FERE source domain, select the row with the lowest finite total energy per atom; break an exact displayed-energy tie by smaller stable MatDB ID. Do not use PBE or GW gap values.",pbe_metadata + source_recovery:pbe
current-nlr-pbe-gw-v1:composition:1e080169630523e9782b4d1616bc8f6bf113798df24aba5444256abeb040caae,Ca O6 Si2 Zn,110011,,[],15,15,-7.002,4.042,"Within each normalized composition in the finite PBE/FERE source domain, select the row with the lowest finite total energy per atom; break an exact displayed-energy tie by smaller stable MatDB ID. Do not use PBE or GW gap values.",pbe_metadata + source_recovery:pbe
current-nlr-pbe-gw-v1:composition:15d936db0a8e4731ba99e53c892ffcff0e18e59a9cf980be5506d889ad4cab9d,Ca O6 V2,154076,,[],12,12,-7.471,2.814,"Within each normalized composition in the finite PBE/FERE source domain, select the row with the lowest finite total energy per atom; break an exact displayed-energy tie by smaller stable MatDB ID. Do not use PBE or GW gap values.",pbe_metadata + source_recovery:pbe
current-nlr-pbe-gw-v1:composition:9db170006274018d40b7e1fb2ebede7ae5ff66056543626fae9c83d11786cb03,Ca O7 Rb2 V2,118026,,[],14,14,-6.742,3.416,"Within each normalized composition in the finite PBE/FERE source domain, select the row with the lowest finite total energy per atom; break an exact displayed-energy tie by smaller stable MatDB ID. Do not use PBE or GW gap values.",pbe_metadata + source_recovery:pbe
current-nlr-pbe-gw-v1:composition:ff3817a064b605969938c4d10efbbdff13c9f0d4b3e9f2a0f4c721454abbbba4,Ca O7 Si2 Zr,108535,,[],5,5,-8.021,4.878,"Within each normalized composition in the finite PBE/FERE source domain, select the row with the lowest finite total energy per atom; break an exact displayed-energy tie by smaller stable MatDB ID. Do not use PBE or GW gap values.",pbe_metadata + source_recovery:pbe
current-nlr-pbe-gw-v1:composition:b6d099d4676f3dfaa077f7885ca09f57fee0c48685d3c0c10c2e60879f077084,Ca O8 Si3 Zn,110021,,[],2,2,-7.235,4.081,"Within each normalized composition in the finite PBE/FERE source domain, select the row with the lowest finite total energy per atom; break an exact displayed-energy tie by smaller stable MatDB ID. Do not use PBE or GW gap values.",pbe_metadata + source_recovery:pbe
current-nlr-pbe-gw-v1:composition:d3f0dcb3e9ade0b31c3ba9475f6c7d295efde383d591ba7963013e7f1646fb19,Ca O9 V4,117643,,[],85,13,-7.694,2.509,"Within each normalized composition in the finite PBE/FERE source domain, select the row with the lowest finite total energy per atom; break an exact displayed-energy tie by smaller stable MatDB ID. Do not use PBE or GW gap values.",pbe_metadata + source_recovery:pbe
current-nlr-pbe-gw-v1:composition:d862db20a3bd5b48d025d279ecc372052107721c338c4dea33fd7421f1bea78c,Ca O9 Zr4,109871,,[],15,15,-8.631,4.162,"Within each normalized composition in the finite PBE/FERE source domain, select the row with the lowest finite total energy per atom; break an exact displayed-energy tie by smaller stable MatDB ID. Do not use PBE or GW gap values.",pbe_metadata + source_recovery:pbe
current-nlr-pbe-gw-v1:composition:5a5c7125d5e9be57a0be6556ca551311e2b628eca39e7b21d8321dfc7a6d0950,Ca10 K O28 V7,137012,,[],161,161,-7.222,3.742,"Within each normalized composition in the finite PBE/FERE source domain, select the row with the lowest finite total energy per atom; break an exact displayed-energy tie by smaller stable MatDB ID. Do not use PBE or GW gap values.",pbe_metadata + source_recovery:pbe
current-nlr-pbe-gw-v1:composition:968dc684c1ae9e80481b967ac6bc0a4d680cb0a9d1a3f3e2c3b27bc4ef2b480d,Ca2 Co O3,118684,,[],8,71,-6.267,0.588,"Within each normalized composition in the finite PBE/FERE source domain, select the row with the lowest finite total energy per atom; break an exact displayed-energy tie by smaller stable MatDB ID. Do not use PBE or GW gap values.",pbe_metadata + source_recovery:pbe
current-nlr-pbe-gw-v1:composition:e27de5c60bcfeeb8a02eb3a76cb23e0903446156b0cd8636194f2c15f92fdaef,Ca2 Co O7 Si2,169434,,[],113,1,-7.025,0.171,"Within each normalized composition in the finite PBE/FERE source domain, select the row with the lowest finite total energy per atom; break an exact displayed-energy tie by smaller stable MatDB ID. Do not use PBE or GW gap values.",pbe_metadata + source_recovery:pbe
current-nlr-pbe-gw-v1:composition:e338c9161cc0c8128a1cd333a85f346a8d867dfa49e3431deacf20255a903faa,Ca2 Cu O3,136097,,[],71,71,-5.69,0.67,"Within each normalized composition in the finite PBE/FERE source domain, select the row with the lowest finite total energy per atom; break an exact displayed-energy tie by smaller stable MatDB ID. Do not use PBE or GW gap values.",pbe_metadata + source_recovery:pbe
current-nlr-pbe-gw-v1:composition:adfc60927dbcec7beb160872b5610ea8a9310b5672f5de04ca6908ec487f0be9,Ca2 Fe Mo O6,155081,,[],14,14,-6.978,1.063,"Within each normalized composition in the finite PBE/FERE source domain, select the row with the lowest finite total energy per atom; break an exact displayed-energy tie by smaller stable MatDB ID. Do not use PBE or GW gap values.",pbe_metadata + source_recovery:pbe
current-nlr-pbe-gw-v1:composition:0a74e9e4000eebc6aa63892f763febc3e5c1f4775a235ca8b9205a02c4a5fa85,Ca2 Fe O6 W,119121,,[],25,2,-7.487,1.346,"Within each normalized composition in the finite PBE/FERE source domain, select the row with the lowest finite total energy per atom; break an exact displayed-energy tie by smaller stable MatDB ID. Do not use PBE or GW gap values.",pbe_metadata + source_recovery:pbe
current-nlr-pbe-gw-v1:composition:99bb3500b218694910b73a8bbb0aaf83dc4eb102aa82d19aa95e9cbb1968571d,Ca2 Ga2 O5,109047,,[],46,46,-6.277,2.183,"Within each normalized composition in the finite PBE/FERE source domain, select the row with the lowest finite total energy per atom; break an exact displayed-energy tie by smaller stable MatDB ID. Do not use PBE or GW gap values.",pbe_metadata + source_recovery:pbe
current-nlr-pbe-gw-v1:composition:8313b7a0a0a0167c7d8d1b87e95224a3a16a152bdcd73771186833e4c20785c0,Ca2 Ge O4,109553,,[],62,62,-6.675,3.593,"Within each normalized composition in the finite PBE/FERE source domain, select the row with the lowest finite total energy per atom; break an exact displayed-energy tie by smaller stable MatDB ID. Do not use PBE or GW gap values.",pbe_metadata + source_recovery:pbe
current-nlr-pbe-gw-v1:composition:9da86d1d30a3a8c65f045f6d47ffd6fd33a792f03f81543c9febc08f1a261f59,Ca2 Ge7 O16,108551,,[],117,117,-6.562,2.842,"Within each normalized composition in the finite PBE/FERE source domain, select the row with the lowest finite total energy per atom; break an exact displayed-energy tie by smaller stable MatDB ID. Do not use PBE or GW gap values.",pbe_metadata + source_recovery:pbe
current-nlr-pbe-gw-v1:composition:eb9951a7168404c9f0b790d3e643df5ed81931947bb9ce4e385d83e0ab19f817,Ca2 Hf7 O16,110028,,[],148,148,-9.151,4.211,"Within each normalized composition in the finite PBE/FERE source domain, select the row with the lowest finite total energy per atom; break an exact displayed-energy tie by smaller stable MatDB ID. Do not use PBE or GW gap values.",pbe_metadata + source_recovery:pbe
current-nlr-pbe-gw-v1:composition:aa3725b674aacf4a91b38392b03c9a206b2c90fca244a95392f890aa006648f8,Ca2 Ir O4,118105,,[],189,1,-6.356,0.819,"Within each normalized composition in the finite PBE/FERE source domain, select the row with the lowest finite total energy per atom; break an exact displayed-energy tie by smaller stable MatDB ID. Do not use PBE or GW gap values.",pbe_metadata + source_recovery:pbe
current-nlr-pbe-gw-v1:composition:7fea51190f1c76423c11391eb2769b5c782ab92c93044abab6f909c69061945a,Ca2 Mg O6 W,155101,,[],14,14,-7.296,3.471,"Within each normalized composition in the finite PBE/FERE source domain, select the row with the lowest finite total energy per atom; break an exact displayed-energy tie by smaller stable MatDB ID. Do not use PBE or GW gap values.",pbe_metadata + source_recovery:pbe
current-nlr-pbe-gw-v1:composition:a6af5e0063259c5e478a338d1517f0891cfdfc414886f52c70ee9ea1d87256ee,Ca2 Mg O7 Si2,109424,,[],113,113,-7.237,4.476,"Within each normalized composition in the finite PBE/FERE source domain, select the row with the lowest finite total energy per atom; break an exact displayed-energy tie by smaller stable MatDB ID. Do not use PBE or GW gap values.",pbe_metadata + source_recovery:pbe
current-nlr-pbe-gw-v1:composition:541d0b4d14926315378a30196a2d9199c48e78fdc5072a66712b66912df9df3b,Ca2 Nb2 O7,289796,289796,[],,4,-7.727,3.02,"Within each normalized composition in the finite PBE/FERE source domain, select the row with the lowest finite total energy per atom; break an exact displayed-energy tie by smaller stable MatDB ID. Do not use PBE or GW gap values.",pbe_metadata + source_recovery:pbe
current-nlr-pbe-gw-v1:composition:36795f2daf01bedd7514dcc4adc6df9880a87f8866addaa457963bb7d72b6da1,Ca2 Ni O6 W,186320,,[],14,7,-6.954,1.236,"Within each normalized composition in the finite PBE/FERE source domain, select the row with the lowest finite total energy per atom; break an exact displayed-energy tie by smaller stable MatDB ID. Do not use PBE or GW gap values.",pbe_metadata + source_recovery:pbe
current-nlr-pbe-gw-v1:composition:8477de3a9650370cdb12aa3444568ffecaa6ae334ff73fc3d566927b8b223268,Ca2 O12 Pb Si3 Zn3,109933,,[],14,14,-6.543,3.704,"Within each normalized composition in the finite PBE/FERE source domain, select the row with the lowest finite total energy per atom; break an exact displayed-energy tie by smaller stable MatDB ID. Do not use PBE or GW gap values.",pbe_metadata + source_recovery:pbe
current-nlr-pbe-gw-v1:composition:ced9cec203e5a7c9f980f8c1e085b91e9bd3feccaadea3269a157d334ac1430a,Ca2 O12 Si4 Zr,109099,,[],11,11,-7.861,4.914,"Within each normalized composition in the finite PBE/FERE source domain, select the row with the lowest finite total energy per atom; break an exact displayed-energy tie by smaller stable MatDB ID. Do not use PBE or GW gap values.",pbe_metadata + source_recovery:pbe
current-nlr-pbe-gw-v1:composition:460557559ce94bb8311a55146a63ec4cb21ceae63a5bb2761e70f4aa75ce8f0a,Ca2 O4 Pb,110685,,[],55,55,-6.115,1.496,"Within each normalized composition in the finite PBE/FERE source domain, select the row with the lowest finite total energy per atom; break an exact displayed-energy tie by smaller stable MatDB ID. Do not use PBE or GW gap values.",pbe_metadata + source_recovery:pbe
current-nlr-pbe-gw-v1:composition:554b1b4abeea821c4e225ecc2c277c146c1fd57acca6425b044450f9656c2e04,Ca2 O4 Ru,118106,,[],64,14,-6.495,1.301,"Within each normalized composition in the finite PBE/FERE source domain, select the row with the lowest finite total energy per atom; break an exact displayed-energy tie by smaller stable MatDB ID. Do not use PBE or GW gap values.",pbe_metadata + source_recovery:pbe
current-nlr-pbe-gw-v1:composition:c412df1a309453bd3f0612351e68cc15cfa1156bfda56ea0a35f7743e2e4d3ae,Ca2 O4 Si,109614,,[],62,62,-7.268,4.225,"Within each normalized composition in the finite PBE/FERE source domain, select the row with the lowest finite total energy per atom; break an exact displayed-energy tie by smaller stable MatDB ID. Do not use PBE or GW gap values.",pbe_metadata + source_recovery:pbe
current-nlr-pbe-gw-v1:composition:3392ef1d10cae2da82668819ec69d4c481ab9e70d9b9e0f9e29bad5a95908191,Ca2 O4 Sn,109976,,[],55,55,-6.492,2.725,"Within each normalized composition in the finite PBE/FERE source domain, select the row with the lowest finite total energy per atom; break an exact displayed-energy tie by smaller stable MatDB ID. Do not use PBE or GW gap values.",pbe_metadata + source_recovery:pbe
current-nlr-pbe-gw-v1:composition:d4b845e554f86e80d4bc091a3cea9d73b3d388a37b470681335c0301d5bd931e,Ca2 O4 Ti,1482,,[],,55,-7.271,2.978,"Within each normalized composition in the finite PBE/FERE source domain, select the row with the lowest finite total energy per atom; break an exact displayed-energy tie by smaller stable MatDB ID. Do not use PBE or GW gap values.",pbe_metadata + source_recovery:pbe
current-nlr-pbe-gw-v1:composition:4abc729916faa0e3ed5fafc47c13933066c24ce6ad0b3159775c9f57df3de2af,Ca2 O6 Pd W,153996,,[],25,5,-6.919,1.907,"Within each normalized composition in the finite PBE/FERE source domain, select the row with the lowest finite total energy per atom; break an exact displayed-energy tie by smaller stable MatDB ID. Do not use PBE or GW gap values.",pbe_metadata + source_recovery:pbe
current-nlr-pbe-gw-v1:composition:4692de37dc2d7cc4a61e56d7ae96797b3f3bf32cd4a55aea9692f3f6da9f837f,Ca2 O6 Si Ti,109118,,[],225,225,-7.485,2.614,"Within each normalized composition in the finite PBE/FERE source domain, select the row with the lowest finite total energy per atom; break an exact displayed-energy tie by smaller stable MatDB ID. Do not use PBE or GW gap values.",pbe_metadata + source_recovery:pbe
current-nlr-pbe-gw-v1:composition:9a8372668e0a23acb0b7454e2533ca6552a3f38fac2b2553c0994ea331f92e97,Ca2 O7 Ru2,184665,,[],227,1,-6.045,0.306,"Within each normalized composition in the finite PBE/FERE source domain, select the row with the lowest finite total energy per atom; break an exact displayed-energy tie by smaller stable MatDB ID. Do not use PBE or GW gap values.",pbe_metadata + source_recovery:pbe
current-nlr-pbe-gw-v1:composition:1120372c274cf8d7d6c741204e4cc55c378124a996fd5757e59381bfef5b310b,Ca2 O7 Si2 Zn,110718,,[],113,113,-6.985,4.051,"Within each normalized composition in the finite PBE/FERE source domain, select the row with the lowest finite total energy per atom; break an exact displayed-energy tie by smaller stable MatDB ID. Do not use PBE or GW gap values.",pbe_metadata + source_recovery:pbe
current-nlr-pbe-gw-v1:composition:5c7f82fa056058c1edf8ea33ce0d68eda3a11fab85451c75ba6f03bf5e4afe23,Ca2 O7 Ta2,289817,289817,[],,4,-8.321,3.372,"Within each normalized composition in the finite PBE/FERE source domain, select the row with the lowest finite total energy per atom; break an exact displayed-energy tie by smaller stable MatDB ID. Do not use PBE or GW gap values.",pbe_metadata + source_recovery:pbe
current-nlr-pbe-gw-v1:composition:fa1f8019238b0c8a8248eeb96d4266701e3c365eb04a9c1b0b969793feecb991,Ca2 O7 V2,118111,,[],2,2,-7.39,2.894,"Within each normalized composition in the finite PBE/FERE source domain, select the row with the lowest finite total energy per atom; break an exact displayed-energy tie by smaller stable MatDB ID. Do not use PBE or GW gap values.",pbe_metadata + source_recovery:pbe
current-nlr-pbe-gw-v1:composition:10386b398085508857ee9c65c99ee3f24069808f556483db5f1f852aa7743c24,Ca2 O8 Pt3,118485,,[],166,166,-5.648,1.623,"Within each normalized composition in the finite PBE/FERE source domain, select the row with the lowest finite total energy per atom; break an exact displayed-energy tie by smaller stable MatDB ID. Do not use PBE or GW gap values.",pbe_metadata + source_recovery:pbe
current-nlr-pbe-gw-v1:composition:be2f9cec95cefb3480d6322ca71ea02cc11c0ba0c09dc699b7e41d33beefc127,Ca2 O9 Pb Si3,109489,,[],2,2,-7.316,4.551,"Within each normalized composition in the finite PBE/FERE source domain, select the row with the lowest finite total energy per atom; break an exact displayed-energy tie by smaller stable MatDB ID. Do not use PBE or GW gap values.",pbe_metadata + source_recovery:pbe
current-nlr-pbe-gw-v1:composition:532a366c3c384c149f50835556d105a2c6b97e100c6e297abe0a2a871f077f9a,Ca3 Co O6 Rh,153999,,[],167,1,-6.203,0.536,"Within each normalized composition in the finite PBE/FERE source domain, select the row with the lowest finite total energy per atom; break an exact displayed-energy tie by smaller stable MatDB ID. Do not use PBE or GW gap values.",pbe_metadata + source_recovery:pbe
current-nlr-pbe-gw-v1:composition:5a66c4bae6a9347040453e050a5650652fc1cc81098d9ef7cab2dc64c873c237,Ca3 Co2 O6,118499,,[],167,1,-6.307,0.894,"Within each normalized composition in the finite PBE/FERE source domain, select the row with the lowest finite total energy per atom; break an exact displayed-energy tie by smaller stable MatDB ID. Do not use PBE or GW gap values.",pbe_metadata + source_recovery:pbe
current-nlr-pbe-gw-v1:composition:86ef8892235ca301960b6fe6d78e88e658cb2612171ec0372c71e5b673aaacf1,Ca3 Cu Ir O6,135707,,[],15,1,-5.984,0.88,"Within each normalized composition in the finite PBE/FERE source domain, select the row with the lowest finite total energy per atom; break an exact displayed-energy tie by smaller stable MatDB ID. Do not use PBE or GW gap values.",pbe_metadata + source_recovery:pbe
current-nlr-pbe-gw-v1:composition:471d1f205765bce766f74354ae8da7f8c02208bb32a420f1ef674c12ba8c0096,Ca3 Ga2 O12 Si3,109868,,[],230,230,-7.126,4.264,"Within each normalized composition in the finite PBE/FERE source domain, select the row with the lowest finite total energy per atom; break an exact displayed-energy tie by smaller stable MatDB ID. Do not use PBE or GW gap values.",pbe_metadata + source_recovery:pbe
current-nlr-pbe-gw-v1:composition:1319a46484c1a533397f27158c89107050e4f0659b1e819ff884190dc2e1b170,Ca3 Ga4 O9,108684,,[],35,35,-6.286,2.634,"Within each normalized composition in the finite PBE/FERE source domain, select the row with the lowest finite total energy per atom; break an exact displayed-energy tie by smaller stable MatDB ID. Do not use PBE or GW gap values.",pbe_metadata + source_recovery:pbe
current-nlr-pbe-gw-v1:composition:541550a98039b5b1ea145b73ee19e66ba00c698a5a61a134df05af458f744e5c,Ca3 Ge O,109123,,[],62,62,-4.69,0.232,"Within each normalized composition in the finite PBE/FERE source domain, select the row with the lowest finite total energy per atom; break an exact displayed-energy tie by smaller stable MatDB ID. Do not use PBE or GW gap values.",pbe_metadata + source_recovery:pbe
current-nlr-pbe-gw-v1:composition:ce9114c8e99c882bb467ff85c1999fc130f1962367816166b72e1042e664c10b,Ca3 Ge O2,110732,,[],11,4,-5.232,0.397,"Within each normalized composition in the finite PBE/FERE source domain, select the row with the lowest finite total energy per atom; break an exact displayed-energy tie by smaller stable MatDB ID. Do not use PBE or GW gap values.",pbe_metadata + source_recovery:pbe
current-nlr-pbe-gw-v1:composition:f58f585dc42e7628430211e15bb66068103eb27b5e72d928767a7c4761704edc,Ca3 Ge3 O12 Y2,109679,,[],230,230,-7.195,3.239,"Within each normalized composition in the finite PBE/FERE source domain, select the row with the lowest finite total energy per atom; break an exact displayed-energy tie by smaller stable MatDB ID. Do not use PBE or GW gap values.",pbe_metadata + source_recovery:pbe
current-nlr-pbe-gw-v1:composition:ee9399be9df54e90259b741d2c65d1e1ae56b2b223c8ad0638a08216f976e29f,Ca3 Hf O9 Si2,109503,,[],14,14,-7.822,4.659,"Within each normalized composition in the finite PBE/FERE source domain, select the row with the lowest finite total energy per atom; break an exact displayed-energy tie by smaller stable MatDB ID. Do not use PBE or GW gap values.",pbe_metadata + source_recovery:pbe
current-nlr-pbe-gw-v1:composition:773b3dc0b019d9a08bae7373b7cc8fc725a56484759d8b43b9f66497616532bf,Ca3 In2 O12 Si3,109891,,[],230,230,-7.032,3.691,"Within each normalized composition in the finite PBE/FERE source domain, select the row with the lowest finite total energy per atom; break an exact displayed-energy tie by smaller stable MatDB ID. Do not use PBE or GW gap values.",pbe_metadata + source_recovery:pbe
current-nlr-pbe-gw-v1:composition:cc475d4fbf38fe1b3ada7972356b42bef893b290f8f8c57629ffd3e4a39780c1,Ca3 K2 O10 Si3,108691,,[],15,15,-6.931,4.738,"Within each normalized composition in the finite PBE/FERE source domain, select the row with the lowest finite total energy per atom; break an exact displayed-energy tie by smaller stable MatDB ID. Do not use PBE or GW gap values.",pbe_metadata + source_recovery:pbe
current-nlr-pbe-gw-v1:composition:7681eb2a1ec20b6b56af77281c142cda9a534cceb2e9d19171fe19f5adaec071,Ca3 Mg O8 Si2,110136,,[],14,14,-7.144,4.91,"Within each normalized composition in the finite PBE/FERE source domain, select the row with the lowest finite total energy per atom; break an exact displayed-energy tie by smaller stable MatDB ID. Do not use PBE or GW gap values.",pbe_metadata + source_recovery:pbe
current-nlr-pbe-gw-v1:composition:cdf808db590ff69cc3fa37bd09523fa4b7042d3f07621f74bf20de67e9519e54,Ca3 Na2 O10 Si3,109130,,[],15,15,-6.975,4.385,"Within each normalized composition in the finite PBE/FERE source domain, select the row with the lowest finite total energy per atom; break an exact displayed-energy tie by smaller stable MatDB ID. Do not use PBE or GW gap values.",pbe_metadata + source_recovery:pbe
current-nlr-pbe-gw-v1:composition:34ab63d0c6580eae79c8c9ab40994c15bed072fc6d674ee6825d267058f95255,Ca3 Na2 O16 Si6,109514,,[],2,2,-7.295,4.323,"Within each normalized composition in the finite PBE/FERE source domain, select the row with the lowest finite total energy per atom; break an exact displayed-energy tie by smaller stable MatDB ID. Do not use PBE or GW gap values.",pbe_metadata + source_recovery:pbe
current-nlr-pbe-gw-v1:composition:36728caab778a44b8b885b804e29c606a7fb9a92f64c6fea38504e455c707425,Ca3 O Si,110745,,[],62,62,-4.759,0.231,"Within each normalized composition in the finite PBE/FERE source domain, select the row with the lowest finite total energy per atom; break an exact displayed-energy tie by smaller stable MatDB ID. Do not use PBE or GW gap values.",pbe_metadata + source_recovery:pbe
current-nlr-pbe-gw-v1:composition:b3ecb5c37294f8bf10479539d6d5a76efae33c34d8ab9c24ecc1da00f4963fe2,Ca3 O12 Sc2 Si3,108710,,[],230,230,-7.793,4.264,"Within each normalized composition in the finite PBE/FERE source domain, select the row with the lowest finite total energy per atom; break an exact displayed-energy tie by smaller stable MatDB ID. Do not use PBE or GW gap values.",pbe_metadata + source_recovery:pbe
current-nlr-pbe-gw-v1:composition:bfed195dd28dee140e18b23a4c50d60687bbc4564593eb6bf031829c3cfb0e34,Ca3 O12 Si3 V2,185806,,[],230,2,-7.666,1.953,"Within each normalized composition in the finite PBE/FERE source domain, select the row with the lowest finite total energy per atom; break an exact displayed-energy tie by smaller stable MatDB ID. Do not use PBE or GW gap values.",pbe_metadata + source_recovery:pbe
current-nlr-pbe-gw-v1:composition:f9184b433d9b5eefd574f2ef14d0c5a566b55d0dfb45f1a24dfc1da775a0ea3a,Ca3 O5 Si,110017,,[],8,1,-7.044,3.694,"Within each normalized composition in the finite PBE/FERE source domain, select the row with the lowest finite total energy per atom; break an exact displayed-energy tie by smaller stable MatDB ID. Do not use PBE or GW gap values.",pbe_metadata + source_recovery:pbe
current-nlr-pbe-gw-v1:composition:2f06e1de1fa9e5473f818abcc17f79fd039f6d6e94ed3cf7abaa03a2981192ef,Ca3 O6 W,155116,,[],14,14,-7.396,3.273,"Within each normalized composition in the finite PBE/FERE source domain, select the row with the lowest finite total energy per atom; break an exact displayed-energy tie by smaller stable MatDB ID. Do not use PBE or GW gap values.",pbe_metadata + source_recovery:pbe
current-nlr-pbe-gw-v1:composition:2a11ba7b49319503248ea02a17ade2652046e950a84f98e858954504ad29f765,Ca3 O7 Ru2,135710,,[],36,9,-6.387,0.247,"Within each normalized composition in the finite PBE/FERE source domain, select the row with the lowest finite total energy per atom; break an exact displayed-energy tie by smaller stable MatDB ID. Do not use PBE or GW gap values.",pbe_metadata + source_recovery:pbe
current-nlr-pbe-gw-v1:composition:d27b1ad90c8fa5f271ff6b4eaae3242a237fb3211186c63f6cb37db67f4323e2,Ca3 O7 Si2,110039,,[],46,46,-7.358,4.646,"Within each normalized composition in the finite PBE/FERE source domain, select the row with the lowest finite total energy per atom; break an exact displayed-energy tie by smaller stable MatDB ID. Do not use PBE or GW gap values.",pbe_metadata + source_recovery:pbe
current-nlr-pbe-gw-v1:composition:d3c007f8a2512f0977a508165031815871aee8125698793c296684dd7f352453,Ca3 O7 Ti2,109710,,[],36,36,-7.479,2.756,"Within each normalized composition in the finite PBE/FERE source domain, select the row with the lowest finite total energy per atom; break an exact displayed-energy tie by smaller stable MatDB ID. Do not use PBE or GW gap values.",pbe_metadata + source_recovery:pbe
current-nlr-pbe-gw-v1:composition:d5be512eed757706e42638f43309f1dc81ccc448f555f1c446cf32042b73e631,Ca3 O8 V2,171008,,[],12,12,-7.259,3.372,"Within each normalized composition in the finite PBE/FERE source domain, select the row with the lowest finite total energy per atom; break an exact displayed-energy tie by smaller stable MatDB ID. Do not use PBE or GW gap values.",pbe_metadata + source_recovery:pbe
current-nlr-pbe-gw-v1:composition:58e380a263d1f7aac7c65cf8ddddc02ba70056811d52b6a02d733c76edde58d2,Ca3 O9 Si2 Sn,109936,,[],14,14,-7.155,3.461,"Within each normalized composition in the finite PBE/FERE source domain, select the row with the lowest finite total energy per atom; break an exact displayed-energy tie by smaller stable MatDB ID. Do not use PBE or GW gap values.",pbe_metadata + source_recovery:pbe
current-nlr-pbe-gw-v1:composition:25fc522318bf7dd59cfe4fbe1ccdbdc845fc39caea854f0ba85382bf4de3409a,Ca3 O9 Si2 Zr,108728,,[],14,14,-7.687,4.626,"Within each normalized composition in the finite PBE/FERE source domain, select the row with the lowest finite total energy per atom; break an exact displayed-energy tie by smaller stable MatDB ID. Do not use PBE or GW gap values.",pbe_metadata + source_recovery:pbe
current-nlr-pbe-gw-v1:composition:775f4a0c029ed3f704bc080a4c285da1e1d6ea78126fa362bb4296a5a89feebe,Ca4 K2 O21 Si8,109533,,[],2,2,-7.375,4.551,"Within each normalized composition in the finite PBE/FERE source domain, select the row with the lowest finite total energy per atom; break an exact displayed-energy tie by smaller stable MatDB ID. Do not use PBE or GW gap values.",pbe_metadata + source_recovery:pbe
current-nlr-pbe-gw-v1:composition:665825cc406b26178f1a3f8e7ba282c7a4f40cc040c02d9bfc30ccda23cd41d7,Ca4 O6 Pd,186953,,[],167,167,-6.029,1.957,"Within each normalized composition in the finite PBE/FERE source domain, select the row with the lowest finite total energy per atom; break an exact displayed-energy tie by smaller stable MatDB ID. Do not use PBE or GW gap values.",pbe_metadata + source_recovery:pbe
current-nlr-pbe-gw-v1:composition:8e125e54773bfe71453fe78ca8c33f688e7e01065a17e8c0d78dd2dea2a0915f,Ca4 O6 Pt,184798,,[],167,167,-6.143,2.645,"Within each normalized composition in the finite PBE/FERE source domain, select the row with the lowest finite total energy per atom; break an exact displayed-energy tie by smaller stable MatDB ID. Do not use PBE or GW gap values.",pbe_metadata + source_recovery:pbe
current-nlr-pbe-gw-v1:composition:f1e0f1f0585437d5d339449265b5222432df3da60b994d6152130581cd7a03f2,Ca5 Ga6 O14,108748,,[],36,36,-6.293,3.066,"Within each normalized composition in the finite PBE/FERE source domain, select the row with the lowest finite total energy per atom; break an exact displayed-energy tie by smaller stable MatDB ID. Do not use PBE or GW gap values.",pbe_metadata + source_recovery:pbe
current-nlr-pbe-gw-v1:composition:1fae627e0f96700d511639df0566fb1d9a177728e00d2acd16776d06dda50c74,Ca5 Ge3 O11,110207,,[],2,2,-6.651,3.34,"Within each normalized composition in the finite PBE/FERE source domain, select the row with the lowest finite total energy per atom; break an exact displayed-energy tie by smaller stable MatDB ID. Do not use PBE or GW gap values.",pbe_metadata + source_recovery:pbe
current-nlr-pbe-gw-v1:composition:29ec3f7da6c5cdea7efb8a8217a4ca5b9319ca4f44b26e36ad760794a92e3fdb,Cd Co2 O4,9538,9538,[],,227,-5.534,1.853,"Within each normalized composition in the finite PBE/FERE source domain, select the row with the lowest finite total energy per atom; break an exact displayed-energy tie by smaller stable MatDB ID. Do not use PBE or GW gap values.",pbe_metadata + source_recovery:pbe
current-nlr-pbe-gw-v1:composition:faa3f01de5e840bf43efac1afd55f4ab466a154908d1500644560130bd169c17,Cd Cr O4,154088,,[],63,63,-6.045,2.177,"Within each normalized composition in the finite PBE/FERE source domain, select the row with the lowest finite total energy per atom; break an exact displayed-energy tie by smaller stable MatDB ID. Do not use PBE or GW gap values.",pbe_metadata + source_recovery:pbe
current-nlr-pbe-gw-v1:composition:f2f392a417364ab9ce8465d7289eb32f7f2cb18d93d86d8f20a5c88cf91fa071,Cd Cr2 O4,9557,9557,[],,141,-7.013,2.495,"Within each normalized composition in the finite PBE/FERE source domain, select the row with the lowest finite total energy per atom; break an exact displayed-energy tie by smaller stable MatDB ID. Do not use PBE or GW gap values.",pbe_metadata + source_recovery:pbe
current-nlr-pbe-gw-v1:composition:ea43e9f73729e9c0ab631001ac6aa31791d75a6c99c934672c8136aeef794ea0,Cd Cu O4 V,118794,,[],63,63,-5.735,1.554,"Within each normalized composition in the finite PBE/FERE source domain, select the row with the lowest finite total energy per atom; break an exact displayed-energy tie by smaller stable MatDB ID. Do not use PBE or GW gap values.",pbe_metadata + source_recovery:pbe
current-nlr-pbe-gw-v1:composition:06d9edf5a0457509d0af2d284d0ea804d2d432602e38a221223abf6831f3f055,Cd Cu3 O12 Ti4,184884,,[],204,204,-6.589,1.241,"Within each normalized composition in the finite PBE/FERE source domain, select the row with the lowest finite total energy per atom; break an exact displayed-energy tie by smaller stable MatDB ID. Do not use PBE or GW gap values.",pbe_metadata + source_recovery:pbe
current-nlr-pbe-gw-v1:composition:3d87705b843a355d26d3cf2d43b77b446e83e475b726f8396410f1af9abc130b,Cd Fe2 O4,169437,,[],227,141,-6.166,1.423,"Within each normalized composition in the finite PBE/FERE source domain, select the row with the lowest finite total energy per atom; break an exact displayed-energy tie by smaller stable MatDB ID. Do not use PBE or GW gap values.",pbe_metadata + source_recovery:pbe
current-nlr-pbe-gw-v1:composition:9744f268cf9148d6f48c473dd0083d67b8ff2131d8582ee4a639a091db33ef03,Cd Ga2 O4,9721,9721,[],,227,-5.487,1.617,"Within each normalized composition in the finite PBE/FERE source domain, select the row with the lowest finite total energy per atom; break an exact displayed-energy tie by smaller stable MatDB ID. Do not use PBE or GW gap values.",pbe_metadata + source_recovery:pbe
current-nlr-pbe-gw-v1:composition:32aeecb39aedc7eee87f41274ff3dccdbebb797bcf2b6c6ec465e14988dd1da6,Cd Ge O3,109730,,[],15,15,-5.536,1.486,"Within each normalized composition in the finite PBE/FERE source domain, select the row with the lowest finite total energy per atom; break an exact displayed-energy tie by smaller stable MatDB ID. Do not use PBE or GW gap values.",pbe_metadata + source_recovery:pbe
current-nlr-pbe-gw-v1:composition:3f92db1d493274387cbab2de3efdbea79b1ce96427a15cf85c28a18fb4fcfefa,Cd Ge2 O5,110782,,[],2,2,-5.878,1.456,"Within each normalized composition in the finite PBE/FERE source domain, select the row with the lowest finite total energy per atom; break an exact displayed-energy tie by smaller stable MatDB ID. Do not use PBE or GW gap values.",pbe_metadata + source_recovery:pbe
current-nlr-pbe-gw-v1:composition:6b35fc8f36445edadff67f83bbde9625d2ab70e4678d6f98b12d4c90cb1a3658,Cd Hg O2,109732,,[],12,12,-3.471,0.523,"Within each normalized composition in the finite PBE/FERE source domain, select the row with the lowest finite total energy per atom; break an exact displayed-energy tie by smaller stable MatDB ID. Do not use PBE or GW gap values.",pbe_metadata + source_recovery:pbe
current-nlr-pbe-gw-v1:composition:2a3f1a541fc3990b3f0577ab61fc22e506d1abdd1514a2fd218f50a057495259,Cd In2 O4,9829,9829,[],,227,-5.222,0.933,"Within each normalized composition in the finite PBE/FERE source domain, select the row with the lowest finite total energy per atom; break an exact displayed-energy tie by smaller stable MatDB ID. Do not use PBE or GW gap values.",pbe_metadata + source_recovery:pbe
current-nlr-pbe-gw-v1:composition:d22e175f2fdd5f4bcb593a629ce90d131f94c5ac49202d30cae73bcd60c00aa8,Cd Ir O6 Sr3,169812,,[],167,15,-5.823,0.739,"Within each normalized composition in the finite PBE/FERE source domain, select the row with the lowest finite total energy per atom; break an exact displayed-energy tie by smaller stable MatDB ID. Do not use PBE or GW gap values.",pbe_metadata + source_recovery:pbe
current-nlr-pbe-gw-v1:composition:bc43b0f51b67ae050b3b60c9775aa0ccec24638811ce6e2860352542789a8d73,Cd K2 O2,110231,,[],60,60,-3.77,1.376,"Within each normalized composition in the finite PBE/FERE source domain, select the row with the lowest finite total energy per atom; break an exact displayed-energy tie by smaller stable MatDB ID. Do not use PBE or GW gap values.",pbe_metadata + source_recovery:pbe
current-nlr-pbe-gw-v1:composition:524e4c9d791fbc84c1b2e4e03244cccdb5b51c036edd35a67449aea825ac61b8,Cd K2 O4 Si,110065,,[],29,29,-5.561,2.655,"Within each normalized composition in the finite PBE/FERE source domain, select the row with the lowest finite total energy per atom; break an exact displayed-energy tie by smaller stable MatDB ID. Do not use PBE or GW gap values.",pbe_metadata + source_recovery:pbe
current-nlr-pbe-gw-v1:composition:93815ca05760cdc0db4c35a43fff283a09c08bd57a78447ad18b1a2aef47a602,Cd K6 O4,109183,,[],186,186,-3.605,1.632,"Within each normalized composition in the finite PBE/FERE source domain, select the row with the lowest finite total energy per atom; break an exact displayed-energy tie by smaller stable MatDB ID. Do not use PBE or GW gap values.",pbe_metadata + source_recovery:pbe
current-nlr-pbe-gw-v1:composition:200c37b94c03a0afdbd7c93c0230e6bc3d516017b374e9e92f8d665d9ef8ca3a,Cd Mn2 O4,11592,11592,[],,70,-6.661,1.257,"Within each normalized composition in the finite PBE/FERE source domain, select the row with the lowest finite total energy per atom; break an exact displayed-energy tie by smaller stable MatDB ID. Do not use PBE or GW gap values.",pbe_metadata + source_recovery:pbe
current-nlr-pbe-gw-v1:composition:cc81f8b4daa9cde6bee2c8ddfeda23944a05a9fdd7e86a5a1706addc18ea913e,Cd Mo O4,171020,,[],88,88,-6.367,2.367,"Within each normalized composition in the finite PBE/FERE source domain, select the row with the lowest finite total energy per atom; break an exact displayed-energy tie by smaller stable MatDB ID. Do not use PBE or GW gap values.",pbe_metadata + source_recovery:pbe
current-nlr-pbe-gw-v1:composition:17291286e2c11f9795c987b00cf22a9556abec40e954f75505617ad2a941c244,Cd Na O4 V,136209,,[],63,63,-5.987,3.005,"Within each normalized composition in the finite PBE/FERE source domain, select the row with the lowest finite total energy per atom; break an exact displayed-energy tie by smaller stable MatDB ID. Do not use PBE or GW gap values.",pbe_metadata + source_recovery:pbe
current-nlr-pbe-gw-v1:composition:a1f114e343a135bb4b850244a6861b498a26d57ce840d95e71ed25655b235295,Cd Na2 O6 Si2,109778,,[],31,31,-6.257,2.889,"Within each normalized composition in the finite PBE/FERE source domain, select the row with the lowest finite total energy per atom; break an exact displayed-energy tie by smaller stable MatDB ID. Do not use PBE or GW gap values.",pbe_metadata + source_recovery:pbe
current-nlr-pbe-gw-v1:composition:5cdb940eed9f7c098c2f469e9e9bebbba7fbad1dee9f4fc73bbb7bdadbae6d62,Cd O2,109735,,[],205,205,-4.145,1.325,"Within each normalized composition in the finite PBE/FERE source domain, select the row with the lowest finite total energy per atom; break an exact displayed-energy tie by smaller stable MatDB ID. Do not use PBE or GW gap values.",pbe_metadata + source_recovery:pbe
current-nlr-pbe-gw-v1:composition:8aa66f5314f6bc2c360aa50bb1d9d97e8de7e0c20081c86b248d2b4bf2f07e89,Cd O2 Rb2,108784,,[],60,60,-3.656,1.331,"Within each normalized composition in the finite PBE/FERE source domain, select the row with the lowest finite total energy per atom; break an exact displayed-energy tie by smaller stable MatDB ID. Do not use PBE or GW gap values.",pbe_metadata + source_recovery:pbe
current-nlr-pbe-gw-v1:composition:197492a72bca19abbcc05a70d3a69ac98cf9ab90d3b5687bf2f4d3ba51d924f8,Cd O3 Si,110012,,[],14,14,-6.366,2.606,"Within each normalized composition in the finite PBE/FERE source domain, select the row with the lowest finite total energy per atom; break an exact displayed-energy tie by smaller stable MatDB ID. Do not use PBE or GW gap values.",pbe_metadata + source_recovery:pbe
current-nlr-pbe-gw-v1:composition:f2bc3185ac24a36188083191ffcc80d478bfe85b05024c5d31355c65c0cdfacf,Cd O3 Sn,109184,,[],148,148,-5.404,0.987,"Within each normalized composition in the finite PBE/FERE source domain, select the row with the lowest finite total energy per atom; break an exact displayed-energy tie by smaller stable MatDB ID. Do not use PBE or GW gap values.",pbe_metadata + source_recovery:pbe
current-nlr-pbe-gw-v1:composition:d6f289a60e91475134b4143b3f18f9ad45c846d2a12283271b91950a2fbe2cd9,Cd O3 Ti,109973,,[],148,148,-6.58,3.01,"Within each normalized composition in the finite PBE/FERE source domain, select the row with the lowest finite total energy per atom; break an exact displayed-energy tie by smaller stable MatDB ID. Do not use PBE or GW gap values.",pbe_metadata + source_recovery:pbe
current-nlr-pbe-gw-v1:composition:570654222a94fb9a4ac08bcd9dbabd9f80d321d7df15c62de37e8df5134b2ffb,Cd O3 V,187068,,[],62,14,-6.347,1.43,"Within each normalized composition in the finite PBE/FERE source domain, select the row with the lowest finite total energy per atom; break an exact displayed-energy tie by smaller stable MatDB ID. Do not use PBE or GW gap values.",pbe_metadata + source_recovery:pbe
current-nlr-pbe-gw-v1:composition:aa6fa8e68af94ec1a4aee1d357497edd2173bc35f7b268ce2cf08f31627b4153,Cd O4 Rb2 Si,109604,,[],20,20,-5.488,2.49,"Within each normalized composition in the finite PBE/FERE source domain, select the row with the lowest finite total energy per atom; break an exact displayed-energy tie by smaller stable MatDB ID. Do not use PBE or GW gap values.",pbe_metadata + source_recovery:pbe
current-nlr-pbe-gw-v1:composition:1b12873baf7adaac5a30ee6b2f3bf3a3d4c7d2bff9657989e4736dc1e3df5f18,Cd O4 Rh2,135966,,[],227,227,-5.265,1.754,"Within each normalized composition in the finite PBE/FERE source domain, select the row with the lowest finite total energy per atom; break an exact displayed-energy tie by smaller stable MatDB ID. Do not use PBE or GW gap values.",pbe_metadata + source_recovery:pbe
current-nlr-pbe-gw-v1:composition:2e51526b13ce06c1fb34d6a2f65bd87d80ce86346b173ed90e5a33bfec790c00,Cd O4 Sb2,10507,10507,[],,135,-5.409,2.551,"Within each normalized composition in the finite PBE/FERE source domain, select the row with the lowest finite total energy per atom; break an exact displayed-energy tie by smaller stable MatDB ID. Do not use PBE or GW gap values.",pbe_metadata + source_recovery:pbe
current-nlr-pbe-gw-v1:composition:a349ac077c1585b71f8817321292b8c0a15151205f9246a1f719c82c2191338a,Cd O4 V2,136825,,[],227,88,-6.964,1.625,"Within each normalized composition in the finite PBE/FERE source domain, select the row with the lowest finite total energy per atom; break an exact displayed-energy tie by smaller stable MatDB ID. Do not use PBE or GW gap values.",pbe_metadata + source_recovery:pbe
current-nlr-pbe-gw-v1:composition:742ad09065ed20eeb3b4cc5aba75d1a868b14a9d55520419d821d6ba3a369ae0,Cd O4 W,169449,,[],13,13,-6.951,3.129,"Within each normalized composition in the finite PBE/FERE source domain, select the row with the lowest finite total energy per atom; break an exact displayed-energy tie by smaller stable MatDB ID. Do not use PBE or GW gap values.",pbe_metadata + source_recovery:pbe
current-nlr-pbe-gw-v1:composition:f9593f89e168bc8b401022212d952ac9ce3f6a0a4c714f01ee3fe7934872bb2a,Cd O6 Pt Sr3,184906,,[],167,167,-5.58,2.383,"Within each normalized composition in the finite PBE/FERE source domain, select the row with the lowest finite total energy per atom; break an exact displayed-energy tie by smaller stable MatDB ID. Do not use PBE or GW gap values.",pbe_metadata + source_recovery:pbe
current-nlr-pbe-gw-v1:composition:2aed6d566880bbd02d2b2a37969928c62a7d8fc9fac535f1e9d8128d79203246,Cd O6 Pt3,135865,,[],65,65,-4.901,0.601,"Within each normalized composition in the finite PBE/FERE source domain, select the row with the lowest finite total energy per atom; break an exact displayed-energy tie by smaller stable MatDB ID. Do not use PBE or GW gap values.",pbe_metadata + source_recovery:pbe
current-nlr-pbe-gw-v1:composition:477a14d5d1f86986b59c6e14537573a8faa505c79cb4b2682c9bfffa503555b6,Cd O6 V2,136771,,[],12,12,-6.832,2.572,"Within each normalized composition in the finite PBE/FERE source domain, select the row with the lowest finite total energy per atom; break an exact displayed-energy tie by smaller stable MatDB ID. Do not use PBE or GW gap values.",pbe_metadata + source_recovery:pbe
current-nlr-pbe-gw-v1:composition:b54b4e00ba51fc737f056f94ff49a0339233f859f47c7a482a33c10869e368f7,Cd O7 V3,117971,,[],62,4,-7.15,2.237,"Within each normalized composition in the finite PBE/FERE source domain, select the row with the lowest finite total energy per atom; break an exact displayed-energy tie by smaller stable MatDB ID. Do not use PBE or GW gap values.",pbe_metadata + source_recovery:pbe
current-nlr-pbe-gw-v1:composition:2001315a5e95f975d76896258494eeec4b97ddd990055e111c6654ad145d5ab7,Cd2 Ge O4,108799,,[],62,62,-5.139,1.087,"Within each normalized composition in the finite PBE/FERE source domain, select the row with the lowest finite total energy per atom; break an exact displayed-energy tie by smaller stable MatDB ID. Do not use PBE or GW gap values.",pbe_metadata + source_recovery:pbe
current-nlr-pbe-gw-v1:composition:69214a4767c6848e2d0d9f0b1f068e346ff5b6442e9fb2e9368862c629d7230d,Cd2 Ge7 O16,109202,,[],117,117,-6.098,2.121,"Within each normalized composition in the finite PBE/FERE source domain, select the row with the lowest finite total energy per atom; break an exact displayed-energy tie by smaller stable MatDB ID. Do not use PBE or GW gap values.",pbe_metadata + source_recovery:pbe
current-nlr-pbe-gw-v1:composition:4ec1cdc117dd35c90b0caedcc9ee597a19b99e3d6a23db6d0e9d6cb0fbb7e7ac,Cd2 Ir Na3 O6,118712,,[],12,12,-4.681,0.512,"Within each normalized composition in the finite PBE/FERE source domain, select the row with the lowest finite total energy per atom; break an exact displayed-energy tie by smaller stable MatDB ID. Do not use PBE or GW gap values.",pbe_metadata + source_recovery:pbe
current-nlr-pbe-gw-v1:composition:05bf8b4c91a0d5c6ffb888d182422e343573af7cc682b2d1bf3c6ace2a030aed,Cd2 K2 O3,110798,,[],14,14,-3.843,0.664,"Within each normalized composition in the finite PBE/FERE source domain, select the row with the lowest finite total energy per atom; break an exact displayed-energy tie by smaller stable MatDB ID. Do not use PBE or GW gap values.",pbe_metadata + source_recovery:pbe
current-nlr-pbe-gw-v1:composition:b0acde0e74593c00ac425af822470e4403a5c610e2fe3a5c0a03ce0070590256,Cd2 Mn3 O8,169451,,[],12,12,-6.341,1.215,"Within each normalized composition in the finite PBE/FERE source domain, select the row with the lowest finite total energy per atom; break an exact displayed-energy tie by smaller stable MatDB ID. Do not use PBE or GW gap values.",pbe_metadata + source_recovery:pbe
current-nlr-pbe-gw-v1:composition:e9971d52254946ff3fe681d8d4939de385c07727fb728159ad178715ffa5d9e0,Cd2 Na14 O9,109750,,[],147,147,-3.831,1.401,"Within each normalized composition in the finite PBE/FERE source domain, select the row with the lowest finite total energy per atom; break an exact displayed-energy tie by smaller stable MatDB ID. Do not use PBE or GW gap values.",pbe_metadata + source_recovery:pbe
current-nlr-pbe-gw-v1:composition:f3f0c8f9fee06e2f0eb1499296257d15d7ce7bcc5e8b40524323d8485241bfdc,Cd2 Na4 O10 Si3,109617,,[],15,15,-6.013,2.766,"Within each normalized composition in the finite PBE/FERE source domain, select the row with the lowest finite total energy per atom; break an exact displayed-energy tie by smaller stable MatDB ID. Do not use PBE or GW gap values.",pbe_metadata + source_recovery:pbe
current-nlr-pbe-gw-v1:composition:961230420bdfadbe20490c369e53837f8f7471ccff19c2645430b36e29f57f91,Cd2 Nb2 O7,136240,,[],46,46,-6.707,1.961,"Within each normalized composition in the finite PBE/FERE source domain, select the row with the lowest finite total energy per atom; break an exact displayed-energy tie by smaller stable MatDB ID. Do not use PBE or GW gap values.",pbe_metadata + source_recovery:pbe
current-nlr-pbe-gw-v1:composition:5f5d12aaf70b11363c1bb00c10204302785d54d54f11b3fd57f5c709147cb3f2,Cd2 O4 Si,108804,,[],70,70,-5.7,1.486,"Within each normalized composition in the finite PBE/FERE source domain, select the row with the lowest finite total energy per atom; break an exact displayed-energy tie by smaller stable MatDB ID. Do not use PBE or GW gap values.",pbe_metadata + source_recovery:pbe
current-nlr-pbe-gw-v1:composition:d34ce30b7a9cc6c5f912e4d12461effb7f2c00667d371945bb88cc0c75cdca63,Cd2 O4 Sn,9528,9528,[],,55,-5.006,0.416,"Within each normalized composition in the finite PBE/FERE source domain, select the row with the lowest finite total energy per atom; break an exact displayed-energy tie by smaller stable MatDB ID. Do not use PBE or GW gap values.",pbe_metadata + source_recovery:pbe
current-nlr-pbe-gw-v1:composition:b522f65f02c815f8eadab12f7d205a26083103457ad6e82190cf58072ced05ff,Cd2 O4 Ti,1553,,[],,55,-5.74,1.863,"Within each normalized composition in the finite PBE/FERE source domain, select the row with the lowest finite total energy per atom; break an exact displayed-energy tie by smaller stable MatDB ID. Do not use PBE or GW gap values.",pbe_metadata + source_recovery:pbe
current-nlr-pbe-gw-v1:composition:78cc399f4c8d23b455314bf13e36f49408b13ed4d2ba9960cf3a49167ad1d6d0,Cd2 O7 Ru2,185236,,[],227,141,-5.45,0.185,"Within each normalized composition in the finite PBE/FERE source domain, select the row with the lowest finite total energy per atom; break an exact displayed-energy tie by smaller stable MatDB ID. Do not use PBE or GW gap values.",pbe_metadata + source_recovery:pbe
current-nlr-pbe-gw-v1:composition:0091a1f5aebbcd9bcdbda51e3ac7baf763a4fdd3e9196c254597ad66a6db821a,Cd2 O7 V2,118028,,[],12,12,-6.363,2.482,"Within each normalized composition in the finite PBE/FERE source domain, select the row with the lowest finite total energy per atom; break an exact displayed-energy tie by smaller stable MatDB ID. Do not use PBE or GW gap values.",pbe_metadata + source_recovery:pbe
current-nlr-pbe-gw-v1:composition:5a326213be9b6cba8e620bc7c20801a5b85e1127964bfcd201c571b1f117883d,Cd3 Cl2 O2,286979,286979,[],,14,-3.41,1.184,"Within each normalized composition in the finite PBE/FERE source domain, select the row with the lowest finite total energy per atom; break an exact displayed-energy tie by smaller stable MatDB ID. Do not use PBE or GW gap values.",pbe_metadata + source_recovery:pbe
current-nlr-pbe-gw-v1:composition:511bd7c08bf3d75662604f804c934102631d6c370f4ba38a4b8f4ff7c61d23da,Cd3 Ge3 O12 Sc2,110117,,[],230,230,-6.332,2.254,"Within each normalized composition in the finite PBE/FERE source domain, select the row with the lowest finite total energy per atom; break an exact displayed-energy tie by smaller stable MatDB ID. Do not use PBE or GW gap values.",pbe_metadata + source_recovery:pbe
current-nlr-pbe-gw-v1:composition:cff24fe9d1b084977ebd50dc7f5f74dd353e9d0f93abbd5bf1d90790ef70e2ee,Cd3 Na2 O10 Si3,110819,,[],15,15,-6.06,2.463,"Within each normalized composition in the finite PBE/FERE source domain, select the row with the lowest finite total energy per atom; break an exact displayed-energy tie by smaller stable MatDB ID. Do not use PBE or GW gap values.",pbe_metadata + source_recovery:pbe
current-nlr-pbe-gw-v1:composition:18c66f7ba479cab23db53f93e0a4d6c1e69e7038d490657f33a00f3e0ed7e2b4,Cd3 O11 Rb V3,171054,,[],14,14,-6.195,2.941,"Within each normalized composition in the finite PBE/FERE source domain, select the row with the lowest finite total energy per atom; break an exact displayed-energy tie by smaller stable MatDB ID. Do not use PBE or GW gap values.",pbe_metadata + source_recovery:pbe
current-nlr-pbe-gw-v1:composition:b4086c8ce36431d42dec38fa6ba2b50bded374de681922bf5ca28981bc6e5e57,Cd3 O5 Si,109629,,[],129,129,-5.322,0.97,"Within each normalized composition in the finite PBE/FERE source domain, select the row with the lowest finite total energy per atom; break an exact displayed-energy tie by smaller stable MatDB ID. Do not use PBE or GW gap values.",pbe_metadata + source_recovery:pbe
current-nlr-pbe-gw-v1:composition:a2da59704aab8f6c3fc314cba746c592a1fdb300a9cfcef981a88d0d1eaa080e,Cd4 K O12 V3,169227,,[],9,9,-5.992,2.398,"Within each normalized composition in the finite PBE/FERE source domain, select the row with the lowest finite total energy per atom; break an exact displayed-energy tie by smaller stable MatDB ID. Do not use PBE or GW gap values.",pbe_metadata + source_recovery:pbe
current-nlr-pbe-gw-v1:composition:02c7de6003755bca40a8bbcbe0acf8059b25ac53e16abce802b30629ea29c0e6,Cd9 O19 V4,136671,,[],1,1,-5.614,2.03,"Within each normalized composition in the finite PBE/FERE source domain, select the row with the lowest finite total energy per atom; break an exact displayed-energy tie by smaller stable MatDB ID. Do not use PBE or GW gap values.",pbe_metadata + source_recovery:pbe
current-nlr-pbe-gw-v1:composition:f5d9c456c6404b3e8859381ea4b5a0c65310e8f8207b3c56a1b3d3d2dbcd06e2,Ce Mg O3,289952,289952,[],,62,-7.194,2.139,"Within each normalized composition in the finite PBE/FERE source domain, select the row with the lowest finite total energy per atom; break an exact displayed-energy tie by smaller stable MatDB ID. Do not use PBE or GW gap values.",pbe_metadata + source_recovery:pbe
current-nlr-pbe-gw-v1:composition:b1479ec6d7ef0d7af2b32be4aba0984a1a0fc36420ea62e4aade03c03f54d5e3,Ce O2,289838,289838,[],,225,-8.355,1.949,"Within each normalized composition in the finite PBE/FERE source domain, select the row with the lowest finite total energy per atom; break an exact displayed-energy tie by smaller stable MatDB ID. Do not use PBE or GW gap values.",pbe_metadata + source_recovery:pbe
current-nlr-pbe-gw-v1:composition:e13982c3d9009c90d2e4612dc36bdef6794951d3b8b4d20cdf40ee9c9322c133,Ce O3 Sr,290130,290130,[],,62,-7.455,2.472,"Within each normalized composition in the finite PBE/FERE source domain, select the row with the lowest finite total energy per atom; break an exact displayed-energy tie by smaller stable MatDB ID. Do not use PBE or GW gap values.",pbe_metadata + source_recovery:pbe
current-nlr-pbe-gw-v1:composition:6b38e4c490d3df652e4c376695845ac78e2e9d138f1464ee640f7082df971695,Ce O4 Sr2,290198,290198,[],,55,-7.092,2.407,"Within each normalized composition in the finite PBE/FERE source domain, select the row with the lowest finite total energy per atom; break an exact displayed-energy tie by smaller stable MatDB ID. Do not use PBE or GW gap values.",pbe_metadata + source_recovery:pbe
current-nlr-pbe-gw-v1:composition:5741f78015c95a8e66ff696129c5be7e62619662563fad8d23eaf3f2630e87a3,Ce2 La2 O7,289949,289949,[],,227,-8.24,2.32,"Within each normalized composition in the finite PBE/FERE source domain, select the row with the lowest finite total energy per atom; break an exact displayed-energy tie by smaller stable MatDB ID. Do not use PBE or GW gap values.",pbe_metadata + source_recovery:pbe
current-nlr-pbe-gw-v1:composition:ac2a6ccbdebd52d0c53f14a9305762f6da0387029fbd5ed13dd9221308376ad1,Ce2 O3,289862,289862,[],,164,-8.375,1.451,"Within each normalized composition in the finite PBE/FERE source domain, select the row with the lowest finite total energy per atom; break an exact displayed-energy tie by smaller stable MatDB ID. Do not use PBE or GW gap values.",pbe_metadata + source_recovery:pbe
current-nlr-pbe-gw-v1:composition:e906dbf95fbd861d46bdbb2239333ad604a628609cba71bc51579f1c1c675f6a,Cl In O,286989,286989,[],,59,-4.577,2.365,"Within each normalized composition in the finite PBE/FERE source domain, select the row with the lowest finite total energy per atom; break an exact displayed-energy tie by smaller stable MatDB ID. Do not use PBE or GW gap values.",pbe_metadata + source_recovery:pbe
current-nlr-pbe-gw-v1:composition:bace706d22c33cedfaeeb0ac34dee033580cb10bf1996090188149b6ca75e26e,Cl Li3 O,289975,289975,[],,221,-4.316,4.702,"Within each normalized composition in the finite PBE/FERE source domain, select the row with the lowest finite total energy per atom; break an exact displayed-energy tie by smaller stable MatDB ID. Do not use PBE or GW gap values.",pbe_metadata + source_recovery:pbe
current-nlr-pbe-gw-v1:composition:88467e1077156c34db2b1b418028de1715e5644916dcf99900ba10a7a12883ad,Cl Na3 O,290143,290143,[],,221,-3.61,2.045,"Within each normalized composition in the finite PBE/FERE source domain, select the row with the lowest finite total energy per atom; break an exact displayed-energy tie by smaller stable MatDB ID. Do not use PBE or GW gap values.",pbe_metadata + source_recovery:pbe
current-nlr-pbe-gw-v1:composition:629d32f0daed0b7f4cc6a18d383221bf5c2b96b49e4b976b49abb1138f840956,Co Cr O4,136374,,[],63,63,-6.729,1.223,"Within each normalized composition in the finite PBE/FERE source domain, select the row with the lowest finite total energy per atom; break an exact displayed-energy tie by smaller stable MatDB ID. Do not use PBE or GW gap values.",pbe_metadata + source_recovery:pbe
current-nlr-pbe-gw-v1:composition:27da5ac79a0bc52eb148d6dc0f4af2dc351cb4a16c185bed68cd16a05e4f2e8c,Co Cr2 O4,12377,12377,[],,141,-7.665,2.448,"Within each normalized composition in the finite PBE/FERE source domain, select the row with the lowest finite total energy per atom; break an exact displayed-energy tie by smaller stable MatDB ID. Do not use PBE or GW gap values.",pbe_metadata + source_recovery:pbe
current-nlr-pbe-gw-v1:composition:f2076c9cfc1c7d47cc2896ba518f9fd9b7ba28ac0f6b61d133cb9b1fb844e6db,Co Cu O2,185246,,[],166,166,-5.18,1.397,"Within each normalized composition in the finite PBE/FERE source domain, select the row with the lowest finite total energy per atom; break an exact displayed-energy tie by smaller stable MatDB ID. Do not use PBE or GW gap values.",pbe_metadata + source_recovery:pbe
current-nlr-pbe-gw-v1:composition:b80e6869c5112317c3cc6a3531c788ebfacce41b2eba390fe7aca06021fabaa5,Co Cu2 O3,154027,,[],59,6,-4.771,0.319,"Within each normalized composition in the finite PBE/FERE source domain, select the row with the lowest finite total energy per atom; break an exact displayed-energy tie by smaller stable MatDB ID. Do not use PBE or GW gap values.",pbe_metadata + source_recovery:pbe
current-nlr-pbe-gw-v1:composition:0e88498f915da122e06099e567239d67b978f41059f7d8843d418c8f31ba6db0,Co Cu2 O7 Sr2 Y,171000,,[],46,46,-6.056,0.624,"Within each normalized composition in the finite PBE/FERE source domain, select the row with the lowest finite total energy per atom; break an exact displayed-energy tie by smaller stable MatDB ID. Do not use PBE or GW gap values.",pbe_metadata + source_recovery:pbe
current-nlr-pbe-gw-v1:composition:2e7a74218960ad8f281338db47363ffe9337e8cce8339b618630ae99b8fc372d,Co Fe2 O4,12299,12299,[],,109,-6.808,1.042,"Within each normalized composition in the finite PBE/FERE source domain, select the row with the lowest finite total energy per atom; break an exact displayed-energy tie by smaller stable MatDB ID. Do not use PBE or GW gap values.",pbe_metadata + source_recovery:pbe
current-nlr-pbe-gw-v1:composition:26e620c9df6375349421aba763591551b1851f72bef17afcbbb1c550bfe200fb,Co Ga2 O4,9830,9830,[],,227,-6.138,1.94,"Within each normalized composition in the finite PBE/FERE source domain, select the row with the lowest finite total energy per atom; break an exact displayed-energy tie by smaller stable MatDB ID. Do not use PBE or GW gap values.",pbe_metadata + source_recovery:pbe
current-nlr-pbe-gw-v1:composition:5b077c2b4470a6e897371df7c7e7d98b1282b2e64a0d8efbdee6dab163353903,Co Ge O3,172009,,[],15,15,-6.364,1.444,"Within each normalized composition in the finite PBE/FERE source domain, select the row with the lowest finite total energy per atom; break an exact displayed-energy tie by smaller stable MatDB ID. Do not use PBE or GW gap values.",pbe_metadata + source_recovery:pbe
current-nlr-pbe-gw-v1:composition:893f1f5aa9ddd0eecd854c204c842bbcfc896bb55ddbca55d24537990ad01f27,Co Ge2 O7 Sr2,169588,,[],113,113,-6.508,1.932,"Within each normalized composition in the finite PBE/FERE source domain, select the row with the lowest finite total energy per atom; break an exact displayed-energy tie by smaller stable MatDB ID. Do not use PBE or GW gap values.",pbe_metadata + source_recovery:pbe
current-nlr-pbe-gw-v1:composition:b2a547348bdee31ae0509d32cd341a31cdc15e4dc50fabfba6360d198cf61ceb,Co In2 O4,9921,9921,[],,227,-5.793,1.008,"Within each normalized composition in the finite PBE/FERE source domain, select the row with the lowest finite total energy per atom; break an exact displayed-energy tie by smaller stable MatDB ID. Do not use PBE or GW gap values.",pbe_metadata + source_recovery:pbe
current-nlr-pbe-gw-v1:composition:0182132fffdd0c80c7b6c5a8e74711cbd69b15420c4be9a549aa4a50eec13414,Co Ir La2 O6,155155,,[],14,14,-7.177,0.738,"Within each normalized composition in the finite PBE/FERE source domain, select the row with the lowest finite total energy per atom; break an exact displayed-energy tie by smaller stable MatDB ID. Do not use PBE or GW gap values.",pbe_metadata + source_recovery:pbe
current-nlr-pbe-gw-v1:composition:195c94a6027b43f69b42e6af2b4b21ddf319b4570d2b851a73be87e303c8a2ae,Co K O2,155701,,[],122,122,-5.336,0.991,"Within each normalized composition in the finite PBE/FERE source domain, select the row with the lowest finite total energy per atom; break an exact displayed-energy tie by smaller stable MatDB ID. Do not use PBE or GW gap values.",pbe_metadata + source_recovery:pbe
current-nlr-pbe-gw-v1:composition:b47350b36fb800be79471209658e2a8f62c50c8559a8fd40a0d58d921766a28f,Co K2 O2,136381,,[],14,14,-4.703,2.19,"Within each normalized composition in the finite PBE/FERE source domain, select the row with the lowest finite total energy per atom; break an exact displayed-energy tie by smaller stable MatDB ID. Do not use PBE or GW gap values.",pbe_metadata + source_recovery:pbe
current-nlr-pbe-gw-v1:composition:ca1a16e53fa9ca4af87ad0e5af7e12328a3cc3c39686689d0a20262387075107,Co K2 O4 Si,118766,,[],29,29,-6.105,2.793,"Within each normalized composition in the finite PBE/FERE source domain, select the row with the lowest finite total energy per atom; break an exact displayed-energy tie by smaller stable MatDB ID. Do not use PBE or GW gap values.",pbe_metadata + source_recovery:pbe
current-nlr-pbe-gw-v1:composition:a05f0771909c301ce456024000f9ba80a3221a44bbc78f30cabbda5af19da89a,Co K3 O2,118988,,[],62,62,-4.174,1.866,"Within each normalized composition in the finite PBE/FERE source domain, select the row with the lowest finite total energy per atom; break an exact displayed-energy tie by smaller stable MatDB ID. Do not use PBE or GW gap values.",pbe_metadata + source_recovery:pbe
current-nlr-pbe-gw-v1:composition:61d04088c449e81db19ee5d97fbaeb3e8b6b02cc0010425eabff3b1149b3ad31,Co K4 Mo4 O15,154099,,[],147,1,-6.699,2.506,"Within each normalized composition in the finite PBE/FERE source domain, select the row with the lowest finite total energy per atom; break an exact displayed-energy tie by smaller stable MatDB ID. Do not use PBE or GW gap values.",pbe_metadata + source_recovery:pbe
current-nlr-pbe-gw-v1:composition:edff519af303f08d5e575c5fdd57202ae9b3bb27690cebda90e68196c9253bb7,Co K6 Mo5 O19,136228,,[],14,4,-6.607,2.484,"Within each normalized composition in the finite PBE/FERE source domain, select the row with the lowest finite total energy per atom; break an exact displayed-energy tie by smaller stable MatDB ID. Do not use PBE or GW gap values.",pbe_metadata + source_recovery:pbe
current-nlr-pbe-gw-v1:composition:56441f4481d94683fa08059f9166f510bffa053c8b486e5dbde51c499653cef3,Co La O3,171309,,[],62,62,-7.137,1.106,"Within each normalized composition in the finite PBE/FERE source domain, select the row with the lowest finite total energy per atom; break an exact displayed-energy tie by smaller stable MatDB ID. Do not use PBE or GW gap values.",pbe_metadata + source_recovery:pbe
current-nlr-pbe-gw-v1:composition:1a2ddc04f1359badf3247c6d90148551cb70bf34f9c0bbace8f8221dc3d4658a,Co La2 Mn O6,170076,,[],14,14,-7.586,1.298,"Within each normalized composition in the finite PBE/FERE source domain, select the row with the lowest finite total energy per atom; break an exact displayed-energy tie by smaller stable MatDB ID. Do not use PBE or GW gap values.",pbe_metadata + source_recovery:pbe
current-nlr-pbe-gw-v1:composition:93fc348e1dfe7f5023ae208be1b6652ac876c1734d84af8669cd57c591692c0e,Co Li O2,11311,11311,[],,166,-5.788,2.171,"Within each normalized composition in the finite PBE/FERE source domain, select the row with the lowest finite total energy per atom; break an exact displayed-energy tie by smaller stable MatDB ID. Do not use PBE or GW gap values.",pbe_metadata + source_recovery:pbe
current-nlr-pbe-gw-v1:composition:cae6da4a37b10fdabec6b0469c04d08a032fff732f2e83d6bc9fd00b8e0038e0,Co Mn O3,136261,,[],148,148,-6.888,0.787,"Within each normalized composition in the finite PBE/FERE source domain, select the row with the lowest finite total energy per atom; break an exact displayed-energy tie by smaller stable MatDB ID. Do not use PBE or GW gap values.",pbe_metadata + source_recovery:pbe
current-nlr-pbe-gw-v1:composition:5f4b881c43e8699e138e5208446860cd8f4b1cb832755acbeaa576ff9ae964d9,Co Mn2 O9 Sr4,186541,,[],150,1,-6.699,1.594,"Within each normalized composition in the finite PBE/FERE source domain, select the row with the lowest finite total energy per atom; break an exact displayed-energy tie by smaller stable MatDB ID. Do not use PBE or GW gap values.",pbe_metadata + source_recovery:pbe
current-nlr-pbe-gw-v1:composition:4dfc99cd17406bb03ad8a5449a2ace0cdaca8607dfb736971eccb7e96692adcf,Co Mo O4,154668,,[],12,1,-7.065,1.891,"Within each normalized composition in the finite PBE/FERE source domain, select the row with the lowest finite total energy per atom; break an exact displayed-energy tie by smaller stable MatDB ID. Do not use PBE or GW gap values.",pbe_metadata + source_recovery:pbe
current-nlr-pbe-gw-v1:composition:eeeb9e01456d4abece6f5dac8014d95a6f986d508f1f5bbd4f4203e7066ac402,Co Mo O6 Sr2,137121,,[],87,2,-6.862,0.982,"Within each normalized composition in the finite PBE/FERE source domain, select the row with the lowest finite total energy per atom; break an exact displayed-energy tie by smaller stable MatDB ID. Do not use PBE or GW gap values.",pbe_metadata + source_recovery:pbe
current-nlr-pbe-gw-v1:composition:55f03cc152a59b2c1b227e479bed5bc6d391ba5933fb8fd4cb096d85e695215f,Co Na O2,136707,,[],166,166,-5.418,1.899,"Within each normalized composition in the finite PBE/FERE source domain, select the row with the lowest finite total energy per atom; break an exact displayed-energy tie by smaller stable MatDB ID. Do not use PBE or GW gap values.",pbe_metadata + source_recovery:pbe
current-nlr-pbe-gw-v1:composition:c61ef4e56e70523a534ff886c6aa868156f35100efe2bc81ee602622eb330552,Co Na2 O10 Si4,186073,,[],2,2,-7.093,2.813,"Within each normalized composition in the finite PBE/FERE source domain, select the row with the lowest finite total energy per atom; break an exact displayed-energy tie by smaller stable MatDB ID. Do not use PBE or GW gap values.",pbe_metadata + source_recovery:pbe
current-nlr-pbe-gw-v1:composition:11636050e8bffab1258e08a0b54b99a4826e329fa733030319b34f84b812c383,Co Na3 O2,169629,,[],136,58,-4.335,1.602,"Within each normalized composition in the finite PBE/FERE source domain, select the row with the lowest finite total energy per atom; break an exact displayed-energy tie by smaller stable MatDB ID. Do not use PBE or GW gap values.",pbe_metadata + source_recovery:pbe
current-nlr-pbe-gw-v1:composition:2b233ca6a8264ded5e5a5c5638f92e345bb797a2eae5f5196b535a5f15136366,Co Na3 O3,136598,,[],2,2,-4.776,1.687,"Within each normalized composition in the finite PBE/FERE source domain, select the row with the lowest finite total energy per atom; break an exact displayed-energy tie by smaller stable MatDB ID. Do not use PBE or GW gap values.",pbe_metadata + source_recovery:pbe
current-nlr-pbe-gw-v1:composition:79638fe4d5939c24a95b3227a25ae42a000fffc7ab5b7946d412f531dd8637b6,Co Na4 O3,136573,,[],1,1,-4.44,1.334,"Within each normalized composition in the finite PBE/FERE source domain, select the row with the lowest finite total energy per atom; break an exact displayed-energy tie by smaller stable MatDB ID. Do not use PBE or GW gap values.",pbe_metadata + source_recovery:pbe
current-nlr-pbe-gw-v1:composition:32cd6bcdfc88cf1771f55b1095a94bda0d7cedd81d8755b8dae5024c4e374c5e,Co Na4 O4,185376,,[],1,2,-4.708,1.417,"Within each normalized composition in the finite PBE/FERE source domain, select the row with the lowest finite total energy per atom; break an exact displayed-energy tie by smaller stable MatDB ID. Do not use PBE or GW gap values.",pbe_metadata + source_recovery:pbe
current-nlr-pbe-gw-v1:composition:10592278635ecce77ec137f8d5c9212976826fb04cd9def080da0f5bec52d5ee,Co Na5 O4,154379,,[],61,61,-4.47,1.327,"Within each normalized composition in the finite PBE/FERE source domain, select the row with the lowest finite total energy per atom; break an exact displayed-energy tie by smaller stable MatDB ID. Do not use PBE or GW gap values.",pbe_metadata + source_recovery:pbe
current-nlr-pbe-gw-v1:composition:6c6ed9ad842fc86e74416eabb03aa2736462c4fab8fbce00e6da1009b92cf8e9,Co Nb O4,155445,,[],12,12,-7.241,1.336,"Within each normalized composition in the finite PBE/FERE source domain, select the row with the lowest finite total energy per atom; break an exact displayed-energy tie by smaller stable MatDB ID. Do not use PBE or GW gap values.",pbe_metadata + source_recovery:pbe
current-nlr-pbe-gw-v1:composition:eaba09fd34abd89452b58d8c4d185ce8253b36e79a84029c3985f459d6b00547,Co Nb2 O6,119208,,[],60,60,-7.759,2.409,"Within each normalized composition in the finite PBE/FERE source domain, select the row with the lowest finite total energy per atom; break an exact displayed-energy tie by smaller stable MatDB ID. Do not use PBE or GW gap values.",pbe_metadata + source_recovery:pbe
current-nlr-pbe-gw-v1:composition:7950375c4751d547621404bef841af50bc755270b8cb71318edc1081935e7b50,Co Nb2 O9 Sr3,118830,,[],14,1,-7.234,2.047,"Within each normalized composition in the finite PBE/FERE source domain, select the row with the lowest finite total energy per atom; break an exact displayed-energy tie by smaller stable MatDB ID. Do not use PBE or GW gap values.",pbe_metadata + source_recovery:pbe
current-nlr-pbe-gw-v1:composition:cc03880303e4d6164d01b8f157ff95d1d5f4ac63807ce8ea13723bb9eb6b122a,Co Ni O4 Sn,11913,11913,[],,46,-6.06,1.172,"Within each normalized composition in the finite PBE/FERE source domain, select the row with the lowest finite total energy per atom; break an exact displayed-energy tie by smaller stable MatDB ID. Do not use PBE or GW gap values.",pbe_metadata + source_recovery:pbe
current-nlr-pbe-gw-v1:composition:d9370cdc9701ddebc40908ade300ef0b1b82e19b20257a299c2a519823ad97da,Co O,10528,10528,[],,119,-6.214,1.226,"Within each normalized composition in the finite PBE/FERE source domain, select the row with the lowest finite total energy per atom; break an exact displayed-energy tie by smaller stable MatDB ID. Do not use PBE or GW gap values.",pbe_metadata + source_recovery:pbe
current-nlr-pbe-gw-v1:composition:3822cbddf1086a141de789c22e9474d0a0484ffa6a585649ccb40196b817db30,Co O2,187243,,[],8,12,-5.761,1.134,"Within each normalized composition in the finite PBE/FERE source domain, select the row with the lowest finite total energy per atom; break an exact displayed-energy tie by smaller stable MatDB ID. Do not use PBE or GW gap values.",pbe_metadata + source_recovery:pbe
current-nlr-pbe-gw-v1:composition:d9b297edfe1ce4d16566ad7dd52a7ae6432f2f796de30e0df63d8ab2a8596986,Co O2 Pd,118439,,[],166,166,-5.351,0.042,"Within each normalized composition in the finite PBE/FERE source domain, select the row with the lowest finite total energy per atom; break an exact displayed-energy tie by smaller stable MatDB ID. Do not use PBE or GW gap values.",pbe_metadata + source_recovery:pbe
current-nlr-pbe-gw-v1:composition:5a78e410bd42c860ca3530587353c6f2082c08564dd3cf4dc16065208906a049,Co O2 Rb,185139,,[],61,1,-5.252,0.79,"Within each normalized composition in the finite PBE/FERE source domain, select the row with the lowest finite total energy per atom; break an exact displayed-energy tie by smaller stable MatDB ID. Do not use PBE or GW gap values.",pbe_metadata + source_recovery:pbe
current-nlr-pbe-gw-v1:composition:fd8f0a804b499f6c4b6c81680c93a859823fe26f0f6abacbf7fb87849c08e011,Co O2 Rb3,154434,,[],62,62,-4.044,1.603,"Within each normalized composition in the finite PBE/FERE source domain, select the row with the lowest finite total energy per atom; break an exact displayed-energy tie by smaller stable MatDB ID. Do not use PBE or GW gap values.",pbe_metadata + source_recovery:pbe
current-nlr-pbe-gw-v1:composition:6d9915101ee2ba343d91a9b129eaf33bc6579b561ba51e49cd53f087401521a8,Co O3 Si,154864,,[],61,4,-7.175,2.405,"Within each normalized composition in the finite PBE/FERE source domain, select the row with the lowest finite total energy per atom; break an exact displayed-energy tie by smaller stable MatDB ID. Do not use PBE or GW gap values.",pbe_metadata + source_recovery:pbe
current-nlr-pbe-gw-v1:composition:e136c163398b817c6a2f932ca81d18ebf54e572cca57e52800195922038497be,Co O3 Sr,136293,,[],11,1,-5.965,0.346,"Within each normalized composition in the finite PBE/FERE source domain, select the row with the lowest finite total energy per atom; break an exact displayed-energy tie by smaller stable MatDB ID. Do not use PBE or GW gap values.",pbe_metadata + source_recovery:pbe
current-nlr-pbe-gw-v1:composition:ac5518ab1abc866c3039c29033425c8ded566395b68e25580161a7d65816387e,Co O3 Ti,136734,,[],148,148,-7.416,2.043,"Within each normalized composition in the finite PBE/FERE source domain, select the row with the lowest finite total energy per atom; break an exact displayed-energy tie by smaller stable MatDB ID. Do not use PBE or GW gap values.",pbe_metadata + source_recovery:pbe
current-nlr-pbe-gw-v1:composition:5cda5f2cdc0c494c23d687fd614772f5a3b85c3591bfd6526fa57f134d2d8ff6,Co O3 Y,155205,,[],62,62,-7.392,1.124,"Within each normalized composition in the finite PBE/FERE source domain, select the row with the lowest finite total energy per atom; break an exact displayed-energy tie by smaller stable MatDB ID. Do not use PBE or GW gap values.",pbe_metadata + source_recovery:pbe
current-nlr-pbe-gw-v1:composition:7898352e3030f80416c03cf3515c183ce3362bbff5ef61b3fa4ee23acdcd8aa1,Co O4 Rh2,118444,,[],227,227,-5.867,1.539,"Within each normalized composition in the finite PBE/FERE source domain, select the row with the lowest finite total energy per atom; break an exact displayed-energy tie by smaller stable MatDB ID. Do not use PBE or GW gap values.",pbe_metadata + source_recovery:pbe
current-nlr-pbe-gw-v1:composition:361722dcd410a6ff1c577b7039ef4d0493e6c40775553ae3a8e48161b6c86710,Co O4 W,154716,,[],13,13,-7.628,2.325,"Within each normalized composition in the finite PBE/FERE source domain, select the row with the lowest finite total energy per atom; break an exact displayed-energy tie by smaller stable MatDB ID. Do not use PBE or GW gap values.",pbe_metadata + source_recovery:pbe
current-nlr-pbe-gw-v1:composition:6d734762b2908868f212681364f73c27f0fff65e13da727fb229a2f28f0dd498,Co O6 Pt3,185496,,[],65,65,-5.29,0.576,"Within each normalized composition in the finite PBE/FERE source domain, select the row with the lowest finite total energy per atom; break an exact displayed-energy tie by smaller stable MatDB ID. Do not use PBE or GW gap values.",pbe_metadata + source_recovery:pbe
current-nlr-pbe-gw-v1:composition:1f07c6b16156462cebb0b1bc8469dab065732084486a8d7c60df637599595f1d,Co O6 Sr2 W,155000,,[],14,14,-7.226,1.613,"Within each normalized composition in the finite PBE/FERE source domain, select the row with the lowest finite total energy per atom; break an exact displayed-energy tie by smaller stable MatDB ID. Do not use PBE or GW gap values.",pbe_metadata + source_recovery:pbe
current-nlr-pbe-gw-v1:composition:c4013857ef972c454f37d54fb58755dfba551a9b3b8fa5b52ba5603135945344,Co O6 V2,170590,,[],5,12,-7.264,1.863,"Within each normalized composition in the finite PBE/FERE source domain, select the row with the lowest finite total energy per atom; break an exact displayed-energy tie by smaller stable MatDB ID. Do not use PBE or GW gap values.",pbe_metadata + source_recovery:pbe
current-nlr-pbe-gw-v1:composition:3bf44ffc1f466533e8b8fbcaf89ea0f247d184598995281c05e7666fcd3cc3ee,Co10 Ge3 O16,169457,,[],166,2,-6.275,1.694,"Within each normalized composition in the finite PBE/FERE source domain, select the row with the lowest finite total energy per atom; break an exact displayed-energy tie by smaller stable MatDB ID. Do not use PBE or GW gap values.",pbe_metadata + source_recovery:pbe
current-nlr-pbe-gw-v1:composition:5e10c7b001b2628ed97a087604278ff93a88b1a723b05637b6a986e2f941d5f9,Co2 Cu O4,11787,11787,[],,141,-5.597,0.932,"Within each normalized composition in the finite PBE/FERE source domain, select the row with the lowest finite total energy per atom; break an exact displayed-energy tie by smaller stable MatDB ID. Do not use PBE or GW gap values.",pbe_metadata + source_recovery:pbe
current-nlr-pbe-gw-v1:composition:232e8e9115aa531f9bc0266e09028f17728ba8e02415de39e49b5ad22183947b,Co2 Ge O4,186882,,[],227,15,-6.326,1.42,"Within each normalized composition in the finite PBE/FERE source domain, select the row with the lowest finite total energy per atom; break an exact displayed-energy tie by smaller stable MatDB ID. Do not use PBE or GW gap values.",pbe_metadata + source_recovery:pbe
current-nlr-pbe-gw-v1:composition:8bdfcae311b7d1361b8ab677ecd073d0ea34a518f34d75694254c1acb430526e,Co2 K2 Mo3 O12,154676,,[],14,4,-6.804,2.374,"Within each normalized composition in the finite PBE/FERE source domain, select the row with the lowest finite total energy per atom; break an exact displayed-energy tie by smaller stable MatDB ID. Do not use PBE or GW gap values.",pbe_metadata + source_recovery:pbe
current-nlr-pbe-gw-v1:composition:5213a9dce490c8b3afd8ee12c035f2998487f52598ed3b91a9b2d50e62f54591,Co2 K2 Na4 O5,155705,,[],136,136,-4.558,1.696,"Within each normalized composition in the finite PBE/FERE source domain, select the row with the lowest finite total energy per atom; break an exact displayed-energy tie by smaller stable MatDB ID. Do not use PBE or GW gap values.",pbe_metadata + source_recovery:pbe
current-nlr-pbe-gw-v1:composition:f9001726179d98774caf233ac4a016262f539d0de988a42a87065cd7fd74dac6,Co2 K4 O5 Rb2,155215,,[],136,136,-4.412,1.485,"Within each normalized composition in the finite PBE/FERE source domain, select the row with the lowest finite total energy per atom; break an exact displayed-energy tie by smaller stable MatDB ID. Do not use PBE or GW gap values.",pbe_metadata + source_recovery:pbe
current-nlr-pbe-gw-v1:composition:d13e01b77d12c1d8c76f82ffbd8d1d668c58e0172360979accd88c6587c7df7c,Co2 K6 O7,119345,,[],14,14,-4.765,1.387,"Within each normalized composition in the finite PBE/FERE source domain, select the row with the lowest finite total energy per atom; break an exact displayed-energy tie by smaller stable MatDB ID. Do not use PBE or GW gap values.",pbe_metadata + source_recovery:pbe
current-nlr-pbe-gw-v1:composition:b9fb5bfa11c88ae26d948280b047b22f3e404db89400b66152b946ec27090cc7,Co2 La2 O5,155122,,[],62,6,-7.198,1.84,"Within each normalized composition in the finite PBE/FERE source domain, select the row with the lowest finite total energy per atom; break an exact displayed-energy tie by smaller stable MatDB ID. Do not use PBE or GW gap values.",pbe_metadata + source_recovery:pbe
current-nlr-pbe-gw-v1:composition:8835f014a0784ca4299ca953a6aa515f2c4ec943fb72f2949e5f4ef6405256ed,Co2 Mg O4,9639,9639,[],,227,-6.145,2.113,"Within each normalized composition in the finite PBE/FERE source domain, select the row with the lowest finite total energy per atom; break an exact displayed-energy tie by smaller stable MatDB ID. Do not use PBE or GW gap values.",pbe_metadata + source_recovery:pbe
current-nlr-pbe-gw-v1:composition:c4fd80ab1fcb37ce410177aad059ec23b730afe5f6d58d239697cfa241017b15,Co2 Mn3 O8,171421,,[],31,31,-6.989,0.868,"Within each normalized composition in the finite PBE/FERE source domain, select the row with the lowest finite total energy per atom; break an exact displayed-energy tie by smaller stable MatDB ID. Do not use PBE or GW gap values.",pbe_metadata + source_recovery:pbe
current-nlr-pbe-gw-v1:composition:822564e11b2abe21b04d828494a34abfa8178c3588b94553ee569e45ab434794,Co2 Mn5 O21 Sr9,155293,,[],167,1,-6.744,1.629,"Within each normalized composition in the finite PBE/FERE source domain, select the row with the lowest finite total energy per atom; break an exact displayed-energy tie by smaller stable MatDB ID. Do not use PBE or GW gap values.",pbe_metadata + source_recovery:pbe
current-nlr-pbe-gw-v1:composition:f1149771961b16a9e223320b16abbb8be8f02fa9d1be7f1f6214d9719af01db1,Co2 Mo3 O8,186245,,[],186,36,-7.241,1.844,"Within each normalized composition in the finite PBE/FERE source domain, select the row with the lowest finite total energy per atom; break an exact displayed-energy tie by smaller stable MatDB ID. Do not use PBE or GW gap values.",pbe_metadata + source_recovery:pbe
current-nlr-pbe-gw-v1:composition:8498ebcbe5a2326f56060dfc87ec554daee6bc02ea2abba1b7c52ce74bf012f0,Co2 N2 O,272875,272898,[272898],,4,-6.014,0.036,"Within each normalized composition in the finite PBE/FERE source domain, select the row with the lowest finite total energy per atom; break an exact displayed-energy tie by smaller stable MatDB ID. Do not use PBE or GW gap values.",pbe_metadata + source_recovery:pbe
current-nlr-pbe-gw-v1:composition:33b9b7eeabbefd3f6dcf93fb0082ee1eb7e4871c1ffc24674b7c442e8ba11943,Co2 Na4 O5 Rb2,185247,,[],136,4,-4.518,1.712,"Within each normalized composition in the finite PBE/FERE source domain, select the row with the lowest finite total energy per atom; break an exact displayed-energy tie by smaller stable MatDB ID. Do not use PBE or GW gap values.",pbe_metadata + source_recovery:pbe
current-nlr-pbe-gw-v1:composition:de1af018485fb774166eeb8005746adfd7691d642979c7c8a4830dafe789382f,Co2 Na5 O5,119801,,[],15,15,-4.798,1.427,"Within each normalized composition in the finite PBE/FERE source domain, select the row with the lowest finite total energy per atom; break an exact displayed-energy tie by smaller stable MatDB ID. Do not use PBE or GW gap values.",pbe_metadata + source_recovery:pbe
current-nlr-pbe-gw-v1:composition:6651d1598e05df78fdc5107ed244db228e2bbf1f12afb23ad0297de1e74acc66,Co2 Na7 O6,169747,,[],15,9,-4.598,0.508,"Within each normalized composition in the finite PBE/FERE source domain, select the row with the lowest finite total energy per atom; break an exact displayed-energy tie by smaller stable MatDB ID. Do not use PBE or GW gap values.",pbe_metadata + source_recovery:pbe
current-nlr-pbe-gw-v1:composition:46e8abbf62c30e381b04e1745570bbbc9328588b26e0a41e7e62e1fff076db94,Co2 Na7 O6 Rb,171290,,[],12,12,-4.412,1.19,"Within each normalized composition in the finite PBE/FERE source domain, select the row with the lowest finite total energy per atom; break an exact displayed-energy tie by smaller stable MatDB ID. Do not use PBE or GW gap values.",pbe_metadata + source_recovery:pbe
current-nlr-pbe-gw-v1:composition:9b831b55dc85b0e9ab445ad59a5f410342c80e5f5a6290174a4a0b4d3f3e5728,Co2 Na9 O7,169934,,[],29,4,-4.444,1.297,"Within each normalized composition in the finite PBE/FERE source domain, select the row with the lowest finite total energy per atom; break an exact displayed-energy tie by smaller stable MatDB ID. Do not use PBE or GW gap values.",pbe_metadata + source_recovery:pbe
current-nlr-pbe-gw-v1:composition:2adec235c350c335402d466681d55ec886e54832990c01066291b8e1f7c79cd4,Co2 O3 Rb2,137553,,[],62,1,-5.071,1.712,"Within each normalized composition in the finite PBE/FERE source domain, select the row with the lowest finite total energy per atom; break an exact displayed-energy tie by smaller stable MatDB ID. Do not use PBE or GW gap values.",pbe_metadata + source_recovery:pbe
current-nlr-pbe-gw-v1:composition:1f1701cf9b13d880716b4581afbca78bed7bd38b2b9b8e9071ba7c70c000f392,Co2 O4 Rb5,155475,,[],2,2,-4.306,1.342,"Within each normalized composition in the finite PBE/FERE source domain, select the row with the lowest finite total energy per atom; break an exact displayed-energy tie by smaller stable MatDB ID. Do not use PBE or GW gap values.",pbe_metadata + source_recovery:pbe
current-nlr-pbe-gw-v1:composition:518e89f995bf7bebf525b25004d687c0849c11909c3f8cfcee643ef70767c7b1,Co2 O4 Si,172710,,[],62,14,-6.891,2.204,"Within each normalized composition in the finite PBE/FERE source domain, select the row with the lowest finite total energy per atom; break an exact displayed-energy tie by smaller stable MatDB ID. Do not use PBE or GW gap values.",pbe_metadata + source_recovery:pbe
current-nlr-pbe-gw-v1:composition:3d77b7404a022890db7e958c049df033ead24f07421037f19e8f4b984d31e20c,Co2 O4 Zn,9546,9546,[],,227,-5.759,1.952,"Within each normalized composition in the finite PBE/FERE source domain, select the row with the lowest finite total energy per atom; break an exact displayed-energy tie by smaller stable MatDB ID. Do not use PBE or GW gap values.",pbe_metadata + source_recovery:pbe
current-nlr-pbe-gw-v1:composition:36f7a28fa7ca11be8e56d3b7b8c689b05222cf0a63f065d04d660d9c2619e23f,Co2 O6 Sr3,136665,,[],167,1,-6.137,1.044,"Within each normalized composition in the finite PBE/FERE source domain, select the row with the lowest finite total energy per atom; break an exact displayed-energy tie by smaller stable MatDB ID. Do not use PBE or GW gap values.",pbe_metadata + source_recovery:pbe
current-nlr-pbe-gw-v1:composition:a40971c4556ef4a7b45771e31271efb1a2b5079f8f73c9f87c386891876c2b9c,Co2 O7 V2,136715,,[],14,14,-7.093,1.985,"Within each normalized composition in the finite PBE/FERE source domain, select the row with the lowest finite total energy per atom; break an exact displayed-energy tie by smaller stable MatDB ID. Do not use PBE or GW gap values.",pbe_metadata + source_recovery:pbe
current-nlr-pbe-gw-v1:composition:0c7b4d533f43ec622e9c9c4ab605a5e2e0a7fd01daeb29ad41a2923018c48efb,Co2 O8 Sr V2,185890,,[],110,9,-7.057,2.104,"Within each normalized composition in the finite PBE/FERE source domain, select the row with the lowest finite total energy per atom; break an exact displayed-energy tie by smaller stable MatDB ID. Do not use PBE or GW gap values.",pbe_metadata + source_recovery:pbe
current-nlr-pbe-gw-v1:composition:4d3615e74a63dab2c88a65c61359251078f21ed7316255ba96c4dd938d7e7bfc,Co3 La3 O8,136334,,[],4,1,-7.174,0.786,"Within each normalized composition in the finite PBE/FERE source domain, select the row with the lowest finite total energy per atom; break an exact displayed-energy tie by smaller stable MatDB ID. Do not use PBE or GW gap values.",pbe_metadata + source_recovery:pbe
current-nlr-pbe-gw-v1:composition:ba113ba4d1e929c70ee80a2e47610a0f0006c41511e744ed97f64a2afa21c125,Co3 La4 O10,155530,,[],69,12,-7.251,0.105,"Within each normalized composition in the finite PBE/FERE source domain, select the row with the lowest finite total energy per atom; break an exact displayed-energy tie by smaller stable MatDB ID. Do not use PBE or GW gap values.",pbe_metadata + source_recovery:pbe
current-nlr-pbe-gw-v1:composition:ea88286848228acdf3c010183333d90a37969364c2651ccd2c3338bedd0becd6,Co3 La4 O9,119580,,[],62,19,-7.331,1.77,"Within each normalized composition in the finite PBE/FERE source domain, select the row with the lowest finite total energy per atom; break an exact displayed-energy tie by smaller stable MatDB ID. Do not use PBE or GW gap values.",pbe_metadata + source_recovery:pbe
current-nlr-pbe-gw-v1:composition:7a3d582f51ee78f5465645bd9ce46928aa8f2ba8fc5da70674b4f48662458352,Co3 O Ti3,170305,,[],227,46,-5.954,0.039,"Within each normalized composition in the finite PBE/FERE source domain, select the row with the lowest finite total energy per atom; break an exact displayed-energy tie by smaller stable MatDB ID. Do not use PBE or GW gap values.",pbe_metadata + source_recovery:pbe
current-nlr-pbe-gw-v1:composition:8fb4e424596e12e84ae5077700dffd966b3ba2868c75d19d3fe53ff4aa9b3451,Co3 O4,9648,9648,[],,227,-6.236,1.648,"Within each normalized composition in the finite PBE/FERE source domain, select the row with the lowest finite total energy per atom; break an exact displayed-energy tie by smaller stable MatDB ID. Do not use PBE or GW gap values.",pbe_metadata + source_recovery:pbe
current-nlr-pbe-gw-v1:composition:7419197ff509847ff2bbd30e82af23190d27b9aeac381007f1b73b1dfc6635ce,Co3 O8 V2,136949,,[],64,12,-6.963,1.831,"Within each normalized composition in the finite PBE/FERE source domain, select the row with the lowest finite total energy per atom; break an exact displayed-energy tie by smaller stable MatDB ID. Do not use PBE or GW gap values.",pbe_metadata + source_recovery:pbe
current-nlr-pbe-gw-v1:composition:b868d4b1f20fbfb88c1a57389d919bec63fc1d2c5b53dceb5d13995cd4c5615a,Co4 Na10 O9,137057,,[],2,2,-4.697,1.611,"Within each normalized composition in the finite PBE/FERE source domain, select the row with the lowest finite total energy per atom; break an exact displayed-energy tie by smaller stable MatDB ID. Do not use PBE or GW gap values.",pbe_metadata + source_recovery:pbe
current-nlr-pbe-gw-v1:composition:1e329de1cc7470fb65d60676a3f5584bc9544b9ebf55ba5bd7c4d0cbf07c8601,Co4 Nb2 O9,170357,,[],165,165,-7.095,1.972,"Within each normalized composition in the finite PBE/FERE source domain, select the row with the lowest finite total energy per atom; break an exact displayed-energy tie by smaller stable MatDB ID. Do not use PBE or GW gap values.",pbe_metadata + source_recovery:pbe
current-nlr-pbe-gw-v1:composition:67d404410ee10307179d21e8bbebb051be7616ea3ad32f10ffc539b670e4cd16,Co4 O12 Sr5,171483,,[],158,1,-6.137,0.612,"Within each normalized composition in the finite PBE/FERE source domain, select the row with the lowest finite total energy per atom; break an exact displayed-energy tie by smaller stable MatDB ID. Do not use PBE or GW gap values.",pbe_metadata + source_recovery:pbe
current-nlr-pbe-gw-v1:composition:52ac46883ec9b6831a0230a0717e4dbff7be568ba6330f0ae5fc6194722cef9e,Co5 O15 Sr6,171017,,[],155,1,-6.133,0.814,"Within each normalized composition in the finite PBE/FERE source domain, select the row with the lowest finite total energy per atom; break an exact displayed-energy tie by smaller stable MatDB ID. Do not use PBE or GW gap values.",pbe_metadata + source_recovery:pbe
current-nlr-pbe-gw-v1:composition:1f69a5f7f5e56d7690b5f1aaffe256a5faecd0afae6f33fd52063451798bcc5a,Co6 O11 Sr,156189,,[],194,40,-6.055,0.583,"Within each normalized composition in the finite PBE/FERE source domain, select the row with the lowest finite total energy per atom; break an exact displayed-energy tie by smaller stable MatDB ID. Do not use PBE or GW gap values.",pbe_metadata + source_recovery:pbe
current-nlr-pbe-gw-v1:composition:0b08168c37d84e71081640912705e714db1d1cf1413e1c50a7181d3f616c5dda,Co7 K4 O14,120656,,[],176,173,-5.599,0.715,"Within each normalized composition in the finite PBE/FERE source domain, select the row with the lowest finite total energy per atom; break an exact displayed-energy tie by smaller stable MatDB ID. Do not use PBE or GW gap values.",pbe_metadata + source_recovery:pbe
current-nlr-pbe-gw-v1:composition:23dae1a0b26ebe02c60201c9521e57481521b5be8569d95d008d076bef4ed436,Cr Cu O2,10272,10272,[],,194,-6.471,2.201,"Within each normalized composition in the finite PBE/FERE source domain, select the row with the lowest finite total energy per atom; break an exact displayed-energy tie by smaller stable MatDB ID. Do not use PBE or GW gap values.",pbe_metadata + source_recovery:pbe
current-nlr-pbe-gw-v1:composition:d60c2312eeefad0014477f3c30c74ee8953ec75a9ee86686556cc7450216a0f9,Cr Cu O4,136726,,[],63,63,-6,1.403,"Within each normalized composition in the finite PBE/FERE source domain, select the row with the lowest finite total energy per atom; break an exact displayed-energy tie by smaller stable MatDB ID. Do not use PBE or GW gap values.",pbe_metadata + source_recovery:pbe
current-nlr-pbe-gw-v1:composition:2e82713263c2bb3af3a1893f8cc7cc336e6a42e25ffa8f40623390aad8314d25,Cr Ga2 O4,2064,,[],,74,-6.578,0.215,"Within each normalized composition in the finite PBE/FERE source domain, select the row with the lowest finite total energy per atom; break an exact displayed-energy tie by smaller stable MatDB ID. Do not use PBE or GW gap values.",pbe_metadata + source_recovery:pbe
current-nlr-pbe-gw-v1:composition:15dd84d0d2e920fa78bb182aa9856dc736f708200496ffdfb04c4b398264d3e4,Cr Ge2 Na O6,120148,,[],15,15,-6.618,2.485,"Within each normalized composition in the finite PBE/FERE source domain, select the row with the lowest finite total energy per atom; break an exact displayed-energy tie by smaller stable MatDB ID. Do not use PBE or GW gap values.",pbe_metadata + source_recovery:pbe
current-nlr-pbe-gw-v1:composition:3b3a09c656ad55f8e98578704e6bdfdbfa2aeef299f22c623e3b41945337594d,Cr Hg O4,157980,,[],63,63,-5.603,1.382,"Within each normalized composition in the finite PBE/FERE source domain, select the row with the lowest finite total energy per atom; break an exact displayed-energy tie by smaller stable MatDB ID. Do not use PBE or GW gap values.",pbe_metadata + source_recovery:pbe
current-nlr-pbe-gw-v1:composition:357cf9246211efe2290f9e653e8f4fb47410d904860dbfe13b3831fcd96644c4,Cr Hg O6 Pb2,186390,,[],2,2,-5.683,2.008,"Within each normalized composition in the finite PBE/FERE source domain, select the row with the lowest finite total energy per atom; break an exact displayed-energy tie by smaller stable MatDB ID. Do not use PBE or GW gap values.",pbe_metadata + source_recovery:pbe
current-nlr-pbe-gw-v1:composition:03b326e0edb739e5b3bc01eae653472d57c0197aaa2222a0040d5f297e02e509,Cr Hg3 O5,120081,,[],29,29,-4.463,1.665,"Within each normalized composition in the finite PBE/FERE source domain, select the row with the lowest finite total energy per atom; break an exact displayed-energy tie by smaller stable MatDB ID. Do not use PBE or GW gap values.",pbe_metadata + source_recovery:pbe
current-nlr-pbe-gw-v1:composition:8c38650353bde49259b7b3bb760763d8025f9c0c3ca01b26966a3bbf5465ac14,Cr Hg3 O8 Pb2,158009,,[],14,14,-4.896,1.782,"Within each normalized composition in the finite PBE/FERE source domain, select the row with the lowest finite total energy per atom; break an exact displayed-energy tie by smaller stable MatDB ID. Do not use PBE or GW gap values.",pbe_metadata + source_recovery:pbe
current-nlr-pbe-gw-v1:composition:9979d260238547daa450b727896cc9bf29ca1b5dc535f7abb6ea4deae1527e8f,Cr Hg5 O6,137308,,[],15,15,-3.9,0.848,"Within each normalized composition in the finite PBE/FERE source domain, select the row with the lowest finite total energy per atom; break an exact displayed-energy tie by smaller stable MatDB ID. Do not use PBE or GW gap values.",pbe_metadata + source_recovery:pbe
current-nlr-pbe-gw-v1:composition:2788ad5ddde48412060f25adfd7bba797773d9d74f29f8937fc593b5b17902f1,Cr In2 O4,4258,,[],,12,-6.325,0.077,"Within each normalized composition in the finite PBE/FERE source domain, select the row with the lowest finite total energy per atom; break an exact displayed-energy tie by smaller stable MatDB ID. Do not use PBE or GW gap values.",pbe_metadata + source_recovery:pbe
current-nlr-pbe-gw-v1:composition:5a20e007f5b5aab473c4efab7d1809c6076ecbb9e6ff5fbfd6c07b7004971bbd,Cr K O2,185657,,[],166,166,-6.524,2.661,"Within each normalized composition in the finite PBE/FERE source domain, select the row with the lowest finite total energy per atom; break an exact displayed-energy tie by smaller stable MatDB ID. Do not use PBE or GW gap values.",pbe_metadata + source_recovery:pbe
current-nlr-pbe-gw-v1:composition:ae7c74343ecbdd85cd1cf466fc75ccd74f06c17923c7549b86e0de9a4b6b5d91,Cr K O7 V2,119441,,[],13,13,-7.299,1.916,"Within each normalized composition in the finite PBE/FERE source domain, select the row with the lowest finite total energy per atom; break an exact displayed-energy tie by smaller stable MatDB ID. Do not use PBE or GW gap values.",pbe_metadata + source_recovery:pbe
current-nlr-pbe-gw-v1:composition:294a4075b360a866611c7ca0cf262056839d1677b98dfab691b729ebff3a5058,Cr K2 O4,137585,,[],62,62,-6.026,2.955,"Within each normalized composition in the finite PBE/FERE source domain, select the row with the lowest finite total energy per atom; break an exact displayed-energy tie by smaller stable MatDB ID. Do not use PBE or GW gap values.",pbe_metadata + source_recovery:pbe
current-nlr-pbe-gw-v1:composition:47f8d858b25c0a0128dc08b6118fd820dc838dc0e2b4ff095fcaf936c6484a58,Cr K3 Mn O8,185662,,[],160,160,-5.947,0.805,"Within each normalized composition in the finite PBE/FERE source domain, select the row with the lowest finite total energy per atom; break an exact displayed-energy tie by smaller stable MatDB ID. Do not use PBE or GW gap values.",pbe_metadata + source_recovery:pbe
current-nlr-pbe-gw-v1:composition:55f5edeb5ba6775ec76a71bf88d6496c07d8387dc2291fab9eba8b09e7636558,Cr K3 O4,136747,,[],121,121,-5.531,1.02,"Within each normalized composition in the finite PBE/FERE source domain, select the row with the lowest finite total energy per atom; break an exact displayed-energy tie by smaller stable MatDB ID. Do not use PBE or GW gap values.",pbe_metadata + source_recovery:pbe
current-nlr-pbe-gw-v1:composition:80f4d18a234ded330d762ef25e8d722dabdaee46e1f983f5ae752b35654000c7,Cr K3 O8,170766,,[],121,121,-5.275,1.879,"Within each normalized composition in the finite PBE/FERE source domain, select the row with the lowest finite total energy per atom; break an exact displayed-energy tie by smaller stable MatDB ID. Do not use PBE or GW gap values.",pbe_metadata + source_recovery:pbe
current-nlr-pbe-gw-v1:composition:103b3bf5c84e4bd992d3ad3a48b66763758343c2bbbd18402eb4709ae4a5cbb5,Cr La O3,186805,,[],62,62,-8.195,2.682,"Within each normalized composition in the finite PBE/FERE source domain, select the row with the lowest finite total energy per atom; break an exact displayed-energy tie by smaller stable MatDB ID. Do not use PBE or GW gap values.",pbe_metadata + source_recovery:pbe
current-nlr-pbe-gw-v1:composition:4e2ebc1cc29c0c7c6c45298994da6ecc56344d2eaf1194874e0572b6fbfc21f0,Cr La O4,173519,,[],14,14,-7.73,0.858,"Within each normalized composition in the finite PBE/FERE source domain, select the row with the lowest finite total energy per atom; break an exact displayed-energy tie by smaller stable MatDB ID. Do not use PBE or GW gap values.",pbe_metadata + source_recovery:pbe
current-nlr-pbe-gw-v1:composition:1e04d11908b622368ccb708b495fb70fd69eb45fc5a24e9dbd7e493565295ed5,Cr La2 O6,119016,,[],15,15,-7.749,1.917,"Within each normalized composition in the finite PBE/FERE source domain, select the row with the lowest finite total energy per atom; break an exact displayed-energy tie by smaller stable MatDB ID. Do not use PBE or GW gap values.",pbe_metadata + source_recovery:pbe
current-nlr-pbe-gw-v1:composition:19d80399e9537940686106341cb2549e08a566be021a567c76884a301df7139f,Cr Li O2,12099,12099,[],,12,-7.032,3.167,"Within each normalized composition in the finite PBE/FERE source domain, select the row with the lowest finite total energy per atom; break an exact displayed-energy tie by smaller stable MatDB ID. Do not use PBE or GW gap values.",pbe_metadata + source_recovery:pbe
current-nlr-pbe-gw-v1:composition:2f99843e3247a0772e0d02fde5c732b445cca1c2f1143060035c5123e9c4d623,Cr Mg O4,172127,,[],63,63,-6.709,2.289,"Within each normalized composition in the finite PBE/FERE source domain, select the row with the lowest finite total energy per atom; break an exact displayed-energy tie by smaller stable MatDB ID. Do not use PBE or GW gap values.",pbe_metadata + source_recovery:pbe
current-nlr-pbe-gw-v1:composition:98679fd5c29879afdc6941c6377b24bcc1ef97b7c4af6b5ff33212a81637a561,Cr Mo O7 V,136927,,[],2,2,-7.665,2.183,"Within each normalized composition in the finite PBE/FERE source domain, select the row with the lowest finite total energy per atom; break an exact displayed-energy tie by smaller stable MatDB ID. Do not use PBE or GW gap values.",pbe_metadata + source_recovery:pbe
current-nlr-pbe-gw-v1:composition:4b7c66ffb0607ef2729513398d45b0b52fc293eeade1ca285802f055d723fae9,Cr N O,275913,276083,[276083],,1,-7.894,0.659,"Within each normalized composition in the finite PBE/FERE source domain, select the row with the lowest finite total energy per atom; break an exact displayed-energy tie by smaller stable MatDB ID. Do not use PBE or GW gap values.",pbe_metadata + source_recovery:pbe
current-nlr-pbe-gw-v1:composition:3f6e199c0a2d7229d938db6c20e841c41db2594091abee30935c74f7389e9676,Cr Na O2,120805,,[],166,166,-6.711,2.596,"Within each normalized composition in the finite PBE/FERE source domain, select the row with the lowest finite total energy per atom; break an exact displayed-energy tie by smaller stable MatDB ID. Do not use PBE or GW gap values.",pbe_metadata + source_recovery:pbe
current-nlr-pbe-gw-v1:composition:ce2b7b51a4d2ddc4c9956c3463c78c9aa0358b7d8095cca618387da8be5f5114,Cr Na O6 Si2,172677,,[],15,15,-7.456,2.74,"Within each normalized composition in the finite PBE/FERE source domain, select the row with the lowest finite total energy per atom; break an exact displayed-energy tie by smaller stable MatDB ID. Do not use PBE or GW gap values.",pbe_metadata + source_recovery:pbe
current-nlr-pbe-gw-v1:composition:036e7861773c979cea7f7923bfa2e07b6ccd4f06b85d6a2c2003da303bc5a30a,Cr Na O8 W2,137433,,[],13,13,-7.818,2.156,"Within each normalized composition in the finite PBE/FERE source domain, select the row with the lowest finite total energy per atom; break an exact displayed-energy tie by smaller stable MatDB ID. Do not use PBE or GW gap values.",pbe_metadata + source_recovery:pbe
current-nlr-pbe-gw-v1:composition:2dcae2d943bdc4bd5973cd51ac2ee97810293b101d81374739cbc3d38b13974d,Cr Na2 O4,137457,,[],52,63,-6.012,2.754,"Within each normalized composition in the finite PBE/FERE source domain, select the row with the lowest finite total energy per atom; break an exact displayed-energy tie by smaller stable MatDB ID. Do not use PBE or GW gap values.",pbe_metadata + source_recovery:pbe
current-nlr-pbe-gw-v1:composition:ee207b76c4c4312eab3c244e9369a17d08dc35dbc0bbfe2c0f1bbd2fbca26068,Cr Ni O4,172210,,[],63,63,-6.474,1.82,"Within each normalized composition in the finite PBE/FERE source domain, select the row with the lowest finite total energy per atom; break an exact displayed-energy tie by smaller stable MatDB ID. Do not use PBE or GW gap values.",pbe_metadata + source_recovery:pbe
current-nlr-pbe-gw-v1:composition:cdb4810fb71100957fec36b74621851c0adc2b977262988855f6bb9868f4eff8,Cr O10 Si4 Sr,170881,,[],130,130,-7.782,2.999,"Within each normalized composition in the finite PBE/FERE source domain, select the row with the lowest finite total energy per atom; break an exact displayed-energy tie by smaller stable MatDB ID. Do not use PBE or GW gap values.",pbe_metadata + source_recovery:pbe
current-nlr-pbe-gw-v1:composition:18c3452be91eacbfe58a0837d4608a92dd14258fd52cfa9b4935871ea6fc9e60,Cr O2,119457,,[],136,14,-7.549,0.221,"Within each normalized composition in the finite PBE/FERE source domain, select the row with the lowest finite total energy per atom; break an exact displayed-energy tie by smaller stable MatDB ID. Do not use PBE or GW gap values.",pbe_metadata + source_recovery:pbe
current-nlr-pbe-gw-v1:composition:be3b788cbabd8bc7bf070e95fb7ec4592b69fe0f48eeae402741f9b6cf253a12,Cr O3,170884,,[],40,40,-6.803,2.071,"Within each normalized composition in the finite PBE/FERE source domain, select the row with the lowest finite total energy per atom; break an exact displayed-energy tie by smaller stable MatDB ID. Do not use PBE or GW gap values.",pbe_metadata + source_recovery:pbe
current-nlr-pbe-gw-v1:composition:e94e9e7dfd3d65a190d99a89d8e7f28625dfafd0f86a5ad0b9089ba75bcf4a9d,Cr O3 Sc,170896,,[],62,62,-8.318,2.624,"Within each normalized composition in the finite PBE/FERE source domain, select the row with the lowest finite total energy per atom; break an exact displayed-energy tie by smaller stable MatDB ID. Do not use PBE or GW gap values.",pbe_metadata + source_recovery:pbe
current-nlr-pbe-gw-v1:composition:e078702d4c7ea78b431f23fa2fb4016086522844d8f72bb77a4a071a3ad18524,Cr O3 Y,185368,,[],62,62,-8.455,2.735,"Within each normalized composition in the finite PBE/FERE source domain, select the row with the lowest finite total energy per atom; break an exact displayed-energy tie by smaller stable MatDB ID. Do not use PBE or GW gap values.",pbe_metadata + source_recovery:pbe
current-nlr-pbe-gw-v1:composition:32e543d1aa7e332e3e8f0419ffb995b06b7efb17946ffd80380113c555f12731,Cr O4 Pb,120107,,[],14,14,-6.596,2.124,"Within each normalized composition in the finite PBE/FERE source domain, select the row with the lowest finite total energy per atom; break an exact displayed-energy tie by smaller stable MatDB ID. Do not use PBE or GW gap values.",pbe_metadata + source_recovery:pbe
current-nlr-pbe-gw-v1:composition:15b544b84e81dc2fc176317305af3c7676af3f483493a19fe86ff8bcdc36c11d,Cr O4 Rb2,119919,,[],62,62,-5.985,3.02,"Within each normalized composition in the finite PBE/FERE source domain, select the row with the lowest finite total energy per atom; break an exact displayed-energy tie by smaller stable MatDB ID. Do not use PBE or GW gap values.",pbe_metadata + source_recovery:pbe
current-nlr-pbe-gw-v1:composition:e3f5d599ebe0aaba7116ecbae8e35dc15431e9800c4697ded84060f420aba39c,Cr O4 Sr,158022,,[],14,14,-6.984,2.757,"Within each normalized composition in the finite PBE/FERE source domain, select the row with the lowest finite total energy per atom; break an exact displayed-energy tie by smaller stable MatDB ID. Do not use PBE or GW gap values.",pbe_metadata + source_recovery:pbe
current-nlr-pbe-gw-v1:composition:9719ddb9eecaac0b91b7ee71ee2184e782ee35201d647c3bd0a0a070c1df768c,Cr O4 Sr2,172821,,[],33,33,-6.881,1.789,"Within each normalized composition in the finite PBE/FERE source domain, select the row with the lowest finite total energy per atom; break an exact displayed-energy tie by smaller stable MatDB ID. Do not use PBE or GW gap values.",pbe_metadata + source_recovery:pbe
current-nlr-pbe-gw-v1:composition:f6ed4da0206a99ffe3799229ec6a4fd272cf500fd9f7724a1146dc78211c8fde,Cr O4 V,119066,,[],63,63,-7.796,2.372,"Within each normalized composition in the finite PBE/FERE source domain, select the row with the lowest finite total energy per atom; break an exact displayed-energy tie by smaller stable MatDB ID. Do not use PBE or GW gap values.",pbe_metadata + source_recovery:pbe
current-nlr-pbe-gw-v1:composition:c1d1c2cc85ecd1f8c1ed4cbeb2da5d6a1872df28e95963861a02b5e586f1fa2e,Cr O4 W,156255,,[],22,12,-8.307,1.267,"Within each normalized composition in the finite PBE/FERE source domain, select the row with the lowest finite total energy per atom; break an exact displayed-energy tie by smaller stable MatDB ID. Do not use PBE or GW gap values.",pbe_metadata + source_recovery:pbe
current-nlr-pbe-gw-v1:composition:049d8561182d8d82eca116f7980bba9db3f57a5a95debc0e9107a38b1beafe3e,Cr O4 Y,137817,,[],141,22,-7.931,0.607,"Within each normalized composition in the finite PBE/FERE source domain, select the row with the lowest finite total energy per atom; break an exact displayed-energy tie by smaller stable MatDB ID. Do not use PBE or GW gap values.",pbe_metadata + source_recovery:pbe
current-nlr-pbe-gw-v1:composition:19b91e57b3b8f3d01287a69b74ee221319a68017ebb8e21d37779d379e0f3f51,Cr O5 Ti2,158822,,[],15,2,-8.197,0.713,"Within each normalized composition in the finite PBE/FERE source domain, select the row with the lowest finite total energy per atom; break an exact displayed-energy tie by smaller stable MatDB ID. Do not use PBE or GW gap values.",pbe_metadata + source_recovery:pbe
current-nlr-pbe-gw-v1:composition:b14a8394de69d5f527d0d4f1652d15af1d1bc20b1de8ffd39f3490b54c29e1fe,Cr O7 Rb V2,119587,,[],13,13,-7.287,1.92,"Within each normalized composition in the finite PBE/FERE source domain, select the row with the lowest finite total energy per atom; break an exact displayed-energy tie by smaller stable MatDB ID. Do not use PBE or GW gap values.",pbe_metadata + source_recovery:pbe
current-nlr-pbe-gw-v1:composition:d9423a8de97916d1f4acc80dec549931d7767fed586f5f327327ee8448595b13,Cr O8 Pb5,136943,,[],14,14,-5.979,1.691,"Within each normalized composition in the finite PBE/FERE source domain, select the row with the lowest finite total energy per atom; break an exact displayed-energy tie by smaller stable MatDB ID. Do not use PBE or GW gap values.",pbe_metadata + source_recovery:pbe
current-nlr-pbe-gw-v1:composition:b9d69b9cf528139aa77b278208f9c702c43bb807c2bf8bb24829af26be3f9b4a,Cr10 O15 Sr,119366,,[],64,1,-7.915,0.345,"Within each normalized composition in the finite PBE/FERE source domain, select the row with the lowest finite total energy per atom; break an exact displayed-energy tie by smaller stable MatDB ID. Do not use PBE or GW gap values.",pbe_metadata + source_recovery:pbe
current-nlr-pbe-gw-v1:composition:0b94e76aa884cb1721d9ca69613a4184b1ca50f21d41e2a6aa1c7b9d4a212d34,Cr2 Cu O4,12087,12087,[],,109,-7.024,0.843,"Within each normalized composition in the finite PBE/FERE source domain, select the row with the lowest finite total energy per atom; break an exact displayed-energy tie by smaller stable MatDB ID. Do not use PBE or GW gap values.",pbe_metadata + source_recovery:pbe
current-nlr-pbe-gw-v1:composition:8499dbf8dcf946c6263db079c1683590d6f162434c36cfe2e63111c506e7786b,Cr2 Fe K O8,119405,,[],12,12,-6.722,1.42,"Within each normalized composition in the finite PBE/FERE source domain, select the row with the lowest finite total energy per atom; break an exact displayed-energy tie by smaller stable MatDB ID. Do not use PBE or GW gap values.",pbe_metadata + source_recovery:pbe
current-nlr-pbe-gw-v1:composition:2d58d6d0601c8d0a67bd364667791e866c395c720ac61055afd00273436f6794,Cr2 Fe O4,173041,,[],227,141,-7.858,1.465,"Within each normalized composition in the finite PBE/FERE source domain, select the row with the lowest finite total energy per atom; break an exact displayed-energy tie by smaller stable MatDB ID. Do not use PBE or GW gap values.",pbe_metadata + source_recovery:pbe
current-nlr-pbe-gw-v1:composition:5862e038705312126b1b8f4464d11596854f67ab52c0daf4ec0db267e8b95519,Cr2 Fe O8 Rb,120433,,[],62,62,-6.705,1.837,"Within each normalized composition in the finite PBE/FERE source domain, select the row with the lowest finite total energy per atom; break an exact displayed-energy tie by smaller stable MatDB ID. Do not use PBE or GW gap values.",pbe_metadata + source_recovery:pbe
current-nlr-pbe-gw-v1:composition:5f63e6a2c67de66d2484965fe9a19583c57e49919d8b61ce329baf29c9ec5ce0,Cr2 Fe3 O12 Si3,171942,,[],230,1,-7.658,2.519,"Within each normalized composition in the finite PBE/FERE source domain, select the row with the lowest finite total energy per atom; break an exact displayed-energy tie by smaller stable MatDB ID. Do not use PBE or GW gap values.",pbe_metadata + source_recovery:pbe
current-nlr-pbe-gw-v1:composition:6458ad1f385ebc63bfcef923bc712278d12e38680dab9a375f9a089f62940d97,Cr2 Ge3 Mn3 O12,173045,,[],230,230,-7.364,1.958,"Within each normalized composition in the finite PBE/FERE source domain, select the row with the lowest finite total energy per atom; break an exact displayed-energy tie by smaller stable MatDB ID. Do not use PBE or GW gap values.",pbe_metadata + source_recovery:pbe
current-nlr-pbe-gw-v1:composition:e3364158678cf1bedcf65beea0183a0f37619da417da4f455d3369dcd19259f2,Cr2 Hg O4,158098,,[],227,227,-6.64,1.074,"Within each normalized composition in the finite PBE/FERE source domain, select the row with the lowest finite total energy per atom; break an exact displayed-energy tie by smaller stable MatDB ID. Do not use PBE or GW gap values.",pbe_metadata + source_recovery:pbe
current-nlr-pbe-gw-v1:composition:91b6f8fd738f7631630d8532cefaa89fb74e064a615b97a7179e93c7a86ca410,Cr2 Hg O7,138133,,[],145,145,-6.082,1.893,"Within each normalized composition in the finite PBE/FERE source domain, select the row with the lowest finite total energy per atom; break an exact displayed-energy tie by smaller stable MatDB ID. Do not use PBE or GW gap values.",pbe_metadata + source_recovery:pbe
current-nlr-pbe-gw-v1:composition:e7a32bfc1970d6d631f566c54281e5a7014fca63fca604b3189a6b50ccb613dd,Cr2 Hg6 O9,137062,,[],19,19,-4.433,1.843,"Within each normalized composition in the finite PBE/FERE source domain, select the row with the lowest finite total energy per atom; break an exact displayed-energy tie by smaller stable MatDB ID. Do not use PBE or GW gap values.",pbe_metadata + source_recovery:pbe
current-nlr-pbe-gw-v1:composition:e7b88bea5b611849e5acf809c39e95803b7fdbb130f9bb66ab493670a05196d0,Cr2 K La O8,172509,,[],14,14,-7.06,2.563,"Within each normalized composition in the finite PBE/FERE source domain, select the row with the lowest finite total energy per atom; break an exact displayed-energy tie by smaller stable MatDB ID. Do not use PBE or GW gap values.",pbe_metadata + source_recovery:pbe
current-nlr-pbe-gw-v1:composition:a2b41807e63e78e89d5c5e84d62c3ece2bbe4626f9e12d76d1637d6c93df507e,Cr2 K2 O7,137182,,[],2,2,-6.377,2.588,"Within each normalized composition in the finite PBE/FERE source domain, select the row with the lowest finite total energy per atom; break an exact displayed-energy tie by smaller stable MatDB ID. Do not use PBE or GW gap values.",pbe_metadata + source_recovery:pbe
current-nlr-pbe-gw-v1:composition:7a7cfcae727bf3d133be0795def79ccf135704f4c2e57b41d319c85414428820,Cr2 K3 Na O8,174059,,[],15,15,-6.032,2.924,"Within each normalized composition in the finite PBE/FERE source domain, select the row with the lowest finite total energy per atom; break an exact displayed-energy tie by smaller stable MatDB ID. Do not use PBE or GW gap values.",pbe_metadata + source_recovery:pbe
current-nlr-pbe-gw-v1:composition:63398fda16887e832d9c742d4301da19ac23815f828ae08d633d6815c8ca451a,Cr2 Mg O4,9565,9565,[],,141,-7.601,2.774,"Within each normalized composition in the finite PBE/FERE source domain, select the row with the lowest finite total energy per atom; break an exact displayed-energy tie by smaller stable MatDB ID. Do not use PBE or GW gap values.",pbe_metadata + source_recovery:pbe
current-nlr-pbe-gw-v1:composition:6a3398a26864a9bd189b8f3cd7f86864bb7f00c84005337d38feeb79ac30bdf7,Cr2 Mg3 O12 Si3,186488,,[],230,15,-7.366,3.243,"Within each normalized composition in the finite PBE/FERE source domain, select the row with the lowest finite total energy per atom; break an exact displayed-energy tie by smaller stable MatDB ID. Do not use PBE or GW gap values.",pbe_metadata + source_recovery:pbe
current-nlr-pbe-gw-v1:composition:3a6f16f15cfe05c00e0e4858a0ff8d4bc45dfeeea1f75644a3d33d58867b89dd,Cr2 Mn O4,9680,9680,[],,141,-8.161,2.567,"Within each normalized composition in the finite PBE/FERE source domain, select the row with the lowest finite total energy per atom; break an exact displayed-energy tie by smaller stable MatDB ID. Do not use PBE or GW gap values.",pbe_metadata + source_recovery:pbe
current-nlr-pbe-gw-v1:composition:1f37f95e2cc09c7750507670ace40e8dbb693f8ebe0e35f6d41b26b6e0eca811,Cr2 Mn3 O12 Si3,156555,,[],230,9,-7.97,2.942,"Within each normalized composition in the finite PBE/FERE source domain, select the row with the lowest finite total energy per atom; break an exact displayed-energy tie by smaller stable MatDB ID. Do not use PBE or GW gap values.",pbe_metadata + source_recovery:pbe
current-nlr-pbe-gw-v1:composition:332d8bcb349781192f3b758e9e05b3fc671ef3f255b880d137faaedd14fab3bd,Cr2 Mo3 O12,138269,,[],60,60,-7.681,2.697,"Within each normalized composition in the finite PBE/FERE source domain, select the row with the lowest finite total energy per atom; break an exact displayed-energy tie by smaller stable MatDB ID. Do not use PBE or GW gap values.",pbe_metadata + source_recovery:pbe
current-nlr-pbe-gw-v1:composition:7a5b8c7491a3b28d4988dfd866e3364d635bed89cb01441618659a9725c5e819,Cr2 N O3,280643,280420,[280420],,11,-7.072,0.465,"Within each normalized composition in the finite PBE/FERE source domain, select the row with the lowest finite total energy per atom; break an exact displayed-energy tie by smaller stable MatDB ID. Do not use PBE or GW gap values.",pbe_metadata + source_recovery:pbe
current-nlr-pbe-gw-v1:composition:fda7ac70c27c3c7f779fab2738a2151eb0149394bcfb27a34492fde70adee6b3,Cr2 Na O7 Rb,138350,,[],14,14,-6.352,2.492,"Within each normalized composition in the finite PBE/FERE source domain, select the row with the lowest finite total energy per atom; break an exact displayed-energy tie by smaller stable MatDB ID. Do not use PBE or GW gap values.",pbe_metadata + source_recovery:pbe
current-nlr-pbe-gw-v1:composition:7093840b0559debe2000a840e409ecaebd5120a45ce0b437cd956b1669809ab6,Cr2 Na2 O7,156803,,[],2,2,-6.346,2.434,"Within each normalized composition in the finite PBE/FERE source domain, select the row with the lowest finite total energy per atom; break an exact displayed-energy tie by smaller stable MatDB ID. Do not use PBE or GW gap values.",pbe_metadata + source_recovery:pbe
current-nlr-pbe-gw-v1:composition:30ff1092b71608599e3821d185496cef81424627ef43b49d7cb90c7eeeaef869,Cr2 Ni O4,12227,12227,[],,109,-7.375,1.825,"Within each normalized composition in the finite PBE/FERE source domain, select the row with the lowest finite total energy per atom; break an exact displayed-energy tie by smaller stable MatDB ID. Do not use PBE or GW gap values.",pbe_metadata + source_recovery:pbe
current-nlr-pbe-gw-v1:composition:d6870fde3bc213851079139cef1f9a9594d225d657678f31731c201ec9e026f0,Cr2 O13 V4,121478,,[],14,14,-7.731,2.018,"Within each normalized composition in the finite PBE/FERE source domain, select the row with the lowest finite total energy per atom; break an exact displayed-energy tie by smaller stable MatDB ID. Do not use PBE or GW gap values.",pbe_metadata + source_recovery:pbe
current-nlr-pbe-gw-v1:composition:14d099e47ad18278b65ff2ff1de6f0c5529ad08e95358e562e956ade0f63d887,Cr2 O3,9686,9686,[],,167,-8.145,2.893,"Within each normalized composition in the finite PBE/FERE source domain, select the row with the lowest finite total energy per atom; break an exact displayed-energy tie by smaller stable MatDB ID. Do not use PBE or GW gap values.",pbe_metadata + source_recovery:pbe
current-nlr-pbe-gw-v1:composition:fd7da1db74f4ffa37bfc56d8ae42be40b85dbbaf5948a9b1cb717be10dac2696,Cr2 O4 Si,138225,,[],70,70,-7.954,2.449,"Within each normalized composition in the finite PBE/FERE source domain, select the row with the lowest finite total energy per atom; break an exact displayed-energy tie by smaller stable MatDB ID. Do not use PBE or GW gap values.",pbe_metadata + source_recovery:pbe
current-nlr-pbe-gw-v1:composition:4be3498428b2c9bd9adb433eb53b29d9cd7ef733831177562730fb5d70637b16,Cr2 O4 Sr,156817,,[],59,18,-7.621,3.02,"Within each normalized composition in the finite PBE/FERE source domain, select the row with the lowest finite total energy per atom; break an exact displayed-energy tie by smaller stable MatDB ID. Do not use PBE or GW gap values.",pbe_metadata + source_recovery:pbe
current-nlr-pbe-gw-v1:composition:e7871bcca8853801aac75ab3bb073a7f84c8891cd29eedfabc68105654c49d85,Cr2 O4 Zn,9589,9589,[],,141,-7.196,2.603,"Within each normalized composition in the finite PBE/FERE source domain, select the row with the lowest finite total energy per atom; break an exact displayed-energy tie by smaller stable MatDB ID. Do not use PBE or GW gap values.",pbe_metadata + source_recovery:pbe
current-nlr-pbe-gw-v1:composition:251a76ed3c2de6cc13e9d1dd787be388895dbeda0c23a117ccf09115850a8973,Cr2 O6 W,138397,,[],136,136,-8.206,1.637,"Within each normalized composition in the finite PBE/FERE source domain, select the row with the lowest finite total energy per atom; break an exact displayed-energy tie by smaller stable MatDB ID. Do not use PBE or GW gap values.",pbe_metadata + source_recovery:pbe
current-nlr-pbe-gw-v1:composition:711c6dcd7c0a1352b7c02e172980bb9d97d70fd1b667adab43f4c89f4b57189e,Cr2 O7 Rb2,174258,,[],14,14,-6.357,2.663,"Within each normalized composition in the finite PBE/FERE source domain, select the row with the lowest finite total energy per atom; break an exact displayed-energy tie by smaller stable MatDB ID. Do not use PBE or GW gap values.",pbe_metadata + source_recovery:pbe
current-nlr-pbe-gw-v1:composition:f1505b1636f046c42ce6eff18f09460269d63e4bee698df44d5002f3c9697dfa,Cr2 O7 Sr,120692,,[],137,137,-6.936,2.369,"Within each normalized composition in the finite PBE/FERE source domain, select the row with the lowest finite total energy per atom; break an exact displayed-energy tie by smaller stable MatDB ID. Do not use PBE or GW gap values.",pbe_metadata + source_recovery:pbe
current-nlr-pbe-gw-v1:composition:5455119fc7e2d89e4991f79b058aa66179dbfb5624daf27d07065a9ec4c0ffa0,Cr2 O8 Sr3,138915,,[],166,1,-6.931,0.801,"Within each normalized composition in the finite PBE/FERE source domain, select the row with the lowest finite total energy per atom; break an exact displayed-energy tie by smaller stable MatDB ID. Do not use PBE or GW gap values.",pbe_metadata + source_recovery:pbe
current-nlr-pbe-gw-v1:composition:fda0dad2324290295a6158491017afa66dd633b6c00047b1b5b2ea01832cce04,Cr3 Cu O8,121382,,[],12,12,-6.767,0.536,"Within each normalized composition in the finite PBE/FERE source domain, select the row with the lowest finite total energy per atom; break an exact displayed-energy tie by smaller stable MatDB ID. Do not use PBE or GW gap values.",pbe_metadata + source_recovery:pbe
current-nlr-pbe-gw-v1:composition:c13341bf7d4ead01ca5fddf4c0c5bf8591b24656f16b1be0726df668bf02816d,Cr3 In O8,186959,,[],12,8,-6.989,0.44,"Within each normalized composition in the finite PBE/FERE source domain, select the row with the lowest finite total energy per atom; break an exact displayed-energy tie by smaller stable MatDB ID. Do not use PBE or GW gap values.",pbe_metadata + source_recovery:pbe
current-nlr-pbe-gw-v1:composition:5c19f1cd3cadf594cafae291b6216233c46771f3d4901ff9f7d4ae346b9ca60f,Cr3 K O8,137947,,[],12,12,-6.951,1.542,"Within each normalized composition in the finite PBE/FERE source domain, select the row with the lowest finite total energy per atom; break an exact displayed-energy tie by smaller stable MatDB ID. Do not use PBE or GW gap values.",pbe_metadata + source_recovery:pbe
current-nlr-pbe-gw-v1:composition:45d45970e539ae2f9f2c5b2ee374076938344cd0f4438fd26e2c77eb37039ea9,Cr3 K2 O10,138833,,[],14,14,-6.49,1.89,"Within each normalized composition in the finite PBE/FERE source domain, select the row with the lowest finite total energy per atom; break an exact displayed-energy tie by smaller stable MatDB ID. Do not use PBE or GW gap values.",pbe_metadata + source_recovery:pbe
current-nlr-pbe-gw-v1:composition:0fac8b3f3dfb337d5a441134b76b8b3189849e8e1cb4ff261d7fe424d67070f9,Cr3 Na O8,186960,,[],12,12,-6.929,1.524,"Within each normalized composition in the finite PBE/FERE source domain, select the row with the lowest finite total energy per atom; break an exact displayed-energy tie by smaller stable MatDB ID. Do not use PBE or GW gap values.",pbe_metadata + source_recovery:pbe
current-nlr-pbe-gw-v1:composition:cd10b3409b52e9cd5c7a41b19bc29977c0dc5a3e8b91b40a8217dfe260915818,Cr3 O10 Rb2,159108,,[],61,61,-6.481,1.925,"Within each normalized composition in the finite PBE/FERE source domain, select the row with the lowest finite total energy per atom; break an exact displayed-energy tie by smaller stable MatDB ID. Do not use PBE or GW gap values.",pbe_metadata + source_recovery:pbe
current-nlr-pbe-gw-v1:composition:b935b2ef19e77f2ac8716796e7f3da293dd2ae3fd0be041949a094d60eca3eba,Cr3 O8,122435,,[],12,12,-7.021,0.451,"Within each normalized composition in the finite PBE/FERE source domain, select the row with the lowest finite total energy per atom; break an exact displayed-energy tie by smaller stable MatDB ID. Do not use PBE or GW gap values.",pbe_metadata + source_recovery:pbe
current-nlr-pbe-gw-v1:composition:ea7e6a2049dc9a594184d2bfc3296d45859bbad7b7b8fbf8462f4742d3195caf,Cr3 O8 Rb,138286,,[],12,12,-6.945,1.553,"Within each normalized composition in the finite PBE/FERE source domain, select the row with the lowest finite total energy per atom; break an exact displayed-energy tie by smaller stable MatDB ID. Do not use PBE or GW gap values.",pbe_metadata + source_recovery:pbe
current-nlr-pbe-gw-v1:composition:43f4cd02ad65fc03d52928f763ba5300838e012897e0ab627a3d60c7cdeb15f4,Cr3 O9 Sr4,186159,,[],143,1,-7.08,0.513,"Within each normalized composition in the finite PBE/FERE source domain, select the row with the lowest finite total energy per atom; break an exact displayed-energy tie by smaller stable MatDB ID. Do not use PBE or GW gap values.",pbe_metadata + source_recovery:pbe
current-nlr-pbe-gw-v1:composition:ca27dd344ace490d578a7ded2ecb35ccb0f2d5774ac72f8c59f74ed1073cbe95,Cr4 K2 O13,174032,,[],7,7,-6.56,1.769,"Within each normalized composition in the finite PBE/FERE source domain, select the row with the lowest finite total energy per atom; break an exact displayed-energy tie by smaller stable MatDB ID. Do not use PBE or GW gap values.",pbe_metadata + source_recovery:pbe
current-nlr-pbe-gw-v1:composition:b2379736dfdc3350cad382daf4d52920318955257b0cc3a882cfd61702fa2d67,Cr4 O13 Rb2,157913,,[],14,14,-6.553,1.721,"Within each normalized composition in the finite PBE/FERE source domain, select the row with the lowest finite total energy per atom; break an exact displayed-energy tie by smaller stable MatDB ID. Do not use PBE or GW gap values.",pbe_metadata + source_recovery:pbe
current-nlr-pbe-gw-v1:composition:49fb08cb443b2ce9a4fd5ad19828dff32ecdf15a41058745c44fd3a03cf98877,Cr5 O12,172435,,[],60,14,-7.24,1.527,"Within each normalized composition in the finite PBE/FERE source domain, select the row with the lowest finite total energy per atom; break an exact displayed-energy tie by smaller stable MatDB ID. Do not use PBE or GW gap values.",pbe_metadata + source_recovery:pbe
current-nlr-pbe-gw-v1:composition:bd05d99fde6019df541a9d2dd4787935de0b52b95bdf75ab2f81f69c95fc8c70,Cr7 N4 O8,282243,282212,[282212],,1,-7.689,0.352,"Within each normalized composition in the finite PBE/FERE source domain, select the row with the lowest finite total energy per atom; break an exact displayed-energy tie by smaller stable MatDB ID. Do not use PBE or GW gap values.",pbe_metadata + source_recovery:pbe
current-nlr-pbe-gw-v1:composition:1562483fbca6e3f758dbf40f9c004b1b01656af2f8f7bcbba1506bf847e2b1ab,Cu Fe O2,11701,11701,[],,63,-5.724,0.962,"Within each normalized composition in the finite PBE/FERE source domain, select the row with the lowest finite total energy per atom; break an exact displayed-energy tie by smaller stable MatDB ID. Do not use PBE or GW gap values.",pbe_metadata + source_recovery:pbe
current-nlr-pbe-gw-v1:composition:5eab7424f98d1f6c970a7bd477418be6dca168d7038052bae51d765d2223f37f,Cu Ga O2,9715,9715,[],,194,-5.126,1.122,"Within each normalized composition in the finite PBE/FERE source domain, select the row with the lowest finite total energy per atom; break an exact displayed-energy tie by smaller stable MatDB ID. Do not use PBE or GW gap values.",pbe_metadata + source_recovery:pbe
current-nlr-pbe-gw-v1:composition:0669176192869438017ecacf659cca193a2b4a74d2b958818435ec0d352d32ef,Cu Ga2 O4,9735,9735,[],,141,-5.487,1.141,"Within each normalized composition in the finite PBE/FERE source domain, select the row with the lowest finite total energy per atom; break an exact displayed-energy tie by smaller stable MatDB ID. Do not use PBE or GW gap values.",pbe_metadata + source_recovery:pbe
current-nlr-pbe-gw-v1:composition:a10aff80bcdea93db60c0db9ea11f64dde05382f6c263298af90e9ba3a5dbfcf,Cu Ge O3,137992,,[],55,3,-5.574,1.815,"Within each normalized composition in the finite PBE/FERE source domain, select the row with the lowest finite total energy per atom; break an exact displayed-energy tie by smaller stable MatDB ID. Do not use PBE or GW gap values.",pbe_metadata + source_recovery:pbe
current-nlr-pbe-gw-v1:composition:9025cae8fda729a03f8d6114d2c64f8fab77498e1a9aa95c84a9802102f7ea6e,Cu Ge2 O7 Sr2,139082,,[],113,113,-6.147,1.904,"Within each normalized composition in the finite PBE/FERE source domain, select the row with the lowest finite total energy per atom; break an exact displayed-energy tie by smaller stable MatDB ID. Do not use PBE or GW gap values.",pbe_metadata + source_recovery:pbe
current-nlr-pbe-gw-v1:composition:013b2f365e173f61de380a2ab9cc316f47d427186d77e3816fa2e8f0446d7854,Cu In O2,9621,9621,[],,166,-4.87,0.489,"Within each normalized composition in the finite PBE/FERE source domain, select the row with the lowest finite total energy per atom; break an exact displayed-energy tie by smaller stable MatDB ID. Do not use PBE or GW gap values.",pbe_metadata + source_recovery:pbe
current-nlr-pbe-gw-v1:composition:f402332060ff87ffe8c2252fac44647f2f09752f8a2338d50f17b151f3c1474a,Cu In2 O4,9849,9849,[],,141,-5.13,0.908,"Within each normalized composition in the finite PBE/FERE source domain, select the row with the lowest finite total energy per atom; break an exact displayed-energy tie by smaller stable MatDB ID. Do not use PBE or GW gap values.",pbe_metadata + source_recovery:pbe
current-nlr-pbe-gw-v1:composition:b62a38dbe715ef251e1d2eee14bcc6f7b34d23f63b8dceae5bc173ba084f7bf4,Cu Ir O6 Sr3,172501,,[],15,15,-5.858,0.937,"Within each normalized composition in the finite PBE/FERE source domain, select the row with the lowest finite total energy per atom; break an exact displayed-energy tie by smaller stable MatDB ID. Do not use PBE or GW gap values.",pbe_metadata + source_recovery:pbe
current-nlr-pbe-gw-v1:composition:bd488cb30a81ff89f6a9a1cbe102cc51a93dea536fbc161ed4c804ae3d66d861,Cu K Na O10 Si4,122449,,[],2,2,-6.866,2.489,"Within each normalized composition in the finite PBE/FERE source domain, select the row with the lowest finite total energy per atom; break an exact displayed-energy tie by smaller stable MatDB ID. Do not use PBE or GW gap values.",pbe_metadata + source_recovery:pbe
current-nlr-pbe-gw-v1:composition:7c7d239ec39f924425bb100810beb4ecc05e1d28c867a81ea3598700385b84d3,Cu K Na2 O2,139701,,[],107,107,-3.753,1.802,"Within each normalized composition in the finite PBE/FERE source domain, select the row with the lowest finite total energy per atom; break an exact displayed-energy tie by smaller stable MatDB ID. Do not use PBE or GW gap values.",pbe_metadata + source_recovery:pbe
current-nlr-pbe-gw-v1:composition:05bf42098602ca51710b0a0caa06f5bf437b7b3297f9b10cff7bd5a8746bc361,Cu K O,11814,11814,[],,119,-3.737,1.659,"Within each normalized composition in the finite PBE/FERE source domain, select the row with the lowest finite total energy per atom; break an exact displayed-energy tie by smaller stable MatDB ID. Do not use PBE or GW gap values.",pbe_metadata + source_recovery:pbe
current-nlr-pbe-gw-v1:composition:a23eb43ff602d21d7891a6810e6af73703bd616bcbe75ae41eaeb76edc8e718e,Cu K O2,121759,,[],63,63,-4.7,0.764,"Within each normalized composition in the finite PBE/FERE source domain, select the row with the lowest finite total energy per atom; break an exact displayed-energy tie by smaller stable MatDB ID. Do not use PBE or GW gap values.",pbe_metadata + source_recovery:pbe
current-nlr-pbe-gw-v1:composition:55ceff2ac25e5e9b6aa4e0d038009395666a3d4873a529e960b2e5c587e02cd8,Cu K2 O10 Si4,121446,,[],11,11,-6.865,2.483,"Within each normalized composition in the finite PBE/FERE source domain, select the row with the lowest finite total energy per atom; break an exact displayed-energy tie by smaller stable MatDB ID. Do not use PBE or GW gap values.",pbe_metadata + source_recovery:pbe
current-nlr-pbe-gw-v1:composition:5560c58db36e05c1a44a745b9a1260e7f1db275736f9165e11efd09bbf3a6719,Cu K3 O2,138627,,[],92,92,-3.633,1.841,"Within each normalized composition in the finite PBE/FERE source domain, select the row with the lowest finite total energy per atom; break an exact displayed-energy tie by smaller stable MatDB ID. Do not use PBE or GW gap values.",pbe_metadata + source_recovery:pbe
current-nlr-pbe-gw-v1:composition:df93865890fa883126ccd4a33ca5de75242080d71f781b0213962e10ccbcd4a3,Cu K6 O8 Si2,139113,,[],2,2,-5.489,1.667,"Within each normalized composition in the finite PBE/FERE source domain, select the row with the lowest finite total energy per atom; break an exact displayed-energy tie by smaller stable MatDB ID. Do not use PBE or GW gap values.",pbe_metadata + source_recovery:pbe
current-nlr-pbe-gw-v1:composition:787042353fe0e6d92369283c8168b807cc33ddf9e288fed29056912bc652d99c,Cu La O3,156952,,[],167,167,-6.221,0.256,"Within each normalized composition in the finite PBE/FERE source domain, select the row with the lowest finite total energy per atom; break an exact displayed-energy tie by smaller stable MatDB ID. Do not use PBE or GW gap values.",pbe_metadata + source_recovery:pbe
current-nlr-pbe-gw-v1:composition:97c499bc81b8885aca623c18ba89573286e8e8c3fe3104eeb0fb17d326eef2f8,Cu La O8 W2,185887,,[],2,2,-7.765,1.984,"Within each normalized composition in the finite PBE/FERE source domain, select the row with the lowest finite total energy per atom; break an exact displayed-energy tie by smaller stable MatDB ID. Do not use PBE or GW gap values.",pbe_metadata + source_recovery:pbe
current-nlr-pbe-gw-v1:composition:ff90d32ab3e0dd95face9e6043204bc3259275d656893b5ce21cbc2ed759982a,Cu La2 O4,289925,289925,[],,139,-6.987,0.259,"Within each normalized composition in the finite PBE/FERE source domain, select the row with the lowest finite total energy per atom; break an exact displayed-energy tie by smaller stable MatDB ID. Do not use PBE or GW gap values.",pbe_metadata + source_recovery:pbe
current-nlr-pbe-gw-v1:composition:8569fed2c6a440b12bf13d91cbecd0bcdb60b99d1c24dcd7a2dd76e903ec63c9,Cu La2 O6 Sn,138696,,[],11,11,-6.823,1.42,"Within each normalized composition in the finite PBE/FERE source domain, select the row with the lowest finite total energy per atom; break an exact displayed-energy tie by smaller stable MatDB ID. Do not use PBE or GW gap values.",pbe_metadata + source_recovery:pbe
current-nlr-pbe-gw-v1:composition:299642e84cf49cbd5e832d9d898e4d90263ba28a36f970b91f8c12d283d652e3,Cu Mg2 O8 V2,156794,,[],14,14,-6.525,1.156,"Within each normalized composition in the finite PBE/FERE source domain, select the row with the lowest finite total energy per atom; break an exact displayed-energy tie by smaller stable MatDB ID. Do not use PBE or GW gap values.",pbe_metadata + source_recovery:pbe
current-nlr-pbe-gw-v1:composition:3d96862037347b8da76c0e5dd752aa1a8dff0009bc4b433f857d08a953a01f10,Cu Mn O2,12253,12253,[],,2,-6.156,0.928,"Within each normalized composition in the finite PBE/FERE source domain, select the row with the lowest finite total energy per atom; break an exact displayed-energy tie by smaller stable MatDB ID. Do not use PBE or GW gap values.",pbe_metadata + source_recovery:pbe
current-nlr-pbe-gw-v1:composition:d5b22e514cd0c37d32e6bcf1688aa2f83538ec65c3d3592c111e7a977ea28c3d,Cu Mn O4 V,157027,,[],63,63,-6.88,1.749,"Within each normalized composition in the finite PBE/FERE source domain, select the row with the lowest finite total energy per atom; break an exact displayed-energy tie by smaller stable MatDB ID. Do not use PBE or GW gap values.",pbe_metadata + source_recovery:pbe
current-nlr-pbe-gw-v1:composition:b30a2d51cd638403634ab03b0414bca3c7cf4ab5ddf5de0e72fb5db470c190d6,Cu Mn2 O4,172507,,[],227,15,-6.646,0.121,"Within each normalized composition in the finite PBE/FERE source domain, select the row with the lowest finite total energy per atom; break an exact displayed-energy tie by smaller stable MatDB ID. Do not use PBE or GW gap values.",pbe_metadata + source_recovery:pbe
current-nlr-pbe-gw-v1:composition:d9ef1c7c7be20d7b80c1303dfa1cad35cad82c6795a253b82aea54b31a526f7f,Cu Mo O4,157161,,[],2,1,-6.376,1.914,"Within each normalized composition in the finite PBE/FERE source domain, select the row with the lowest finite total energy per atom; break an exact displayed-energy tie by smaller stable MatDB ID. Do not use PBE or GW gap values.",pbe_metadata + source_recovery:pbe
current-nlr-pbe-gw-v1:composition:a63d7b8343b20383a512e404a2bbfd7ec050db44c9f3c085336448af3169d7b7,Cu Mo2 O8 Y,122115,,[],61,61,-7.328,2.341,"Within each normalized composition in the finite PBE/FERE source domain, select the row with the lowest finite total energy per atom; break an exact displayed-energy tie by smaller stable MatDB ID. Do not use PBE or GW gap values.",pbe_metadata + source_recovery:pbe
current-nlr-pbe-gw-v1:composition:37593b14c18b8ccd2db3613ce8fbd60911193e01c93ed75d949a5c62f17750a4,Cu Mo3 Na4 O12,138633,,[],2,2,-6.326,2.129,"Within each normalized composition in the finite PBE/FERE source domain, select the row with the lowest finite total energy per atom; break an exact displayed-energy tie by smaller stable MatDB ID. Do not use PBE or GW gap values.",pbe_metadata + source_recovery:pbe
current-nlr-pbe-gw-v1:composition:25e96d1a1cc7fc5491c78601167b3bc7b37be33a40a23913d1e38e61ee50c720,Cu Na O,11854,11854,[],,139,-3.819,1.654,"Within each normalized composition in the finite PBE/FERE source domain, select the row with the lowest finite total energy per atom; break an exact displayed-energy tie by smaller stable MatDB ID. Do not use PBE or GW gap values.",pbe_metadata + source_recovery:pbe
current-nlr-pbe-gw-v1:composition:7a22819ab31c1b39c2566ca50c2518ff452367d3bb7a6adaa2c7b8b991302259,Cu Na O2,138653,,[],2,12,-4.308,0.788,"Within each normalized composition in the finite PBE/FERE source domain, select the row with the lowest finite total energy per atom; break an exact displayed-energy tie by smaller stable MatDB ID. Do not use PBE or GW gap values.",pbe_metadata + source_recovery:pbe
current-nlr-pbe-gw-v1:composition:cbc6c3f54bfa977088828a4586f379a6095819c85dd75caee07b33a84dd57bd9,Cu Na2 O10 Si4,159250,,[],2,2,-6.858,2.524,"Within each normalized composition in the finite PBE/FERE source domain, select the row with the lowest finite total energy per atom; break an exact displayed-energy tie by smaller stable MatDB ID. Do not use PBE or GW gap values.",pbe_metadata + source_recovery:pbe
current-nlr-pbe-gw-v1:composition:c6e9bb85349945eb28f7dfe67ff667e7fba1590040920e18d70a32a72a311f9d,Cu Na2 O2,158472,,[],11,11,-4.007,0.997,"Within each normalized composition in the finite PBE/FERE source domain, select the row with the lowest finite total energy per atom; break an exact displayed-energy tie by smaller stable MatDB ID. Do not use PBE or GW gap values.",pbe_metadata + source_recovery:pbe
current-nlr-pbe-gw-v1:composition:409b2e86a59d89eb6cb697b705c9b80053ea426a19bd4af57237ff76274896d2,Cu Na2 O8 Si3,121259,,[],14,14,-6.649,2.281,"Within each normalized composition in the finite PBE/FERE source domain, select the row with the lowest finite total energy per atom; break an exact displayed-energy tie by smaller stable MatDB ID. Do not use PBE or GW gap values.",pbe_metadata + source_recovery:pbe
current-nlr-pbe-gw-v1:composition:2bcaad796200f1dd148d653bd8d0a484237cb48c69c41d3bee235920c12580ca,Cu Na3 O3,140067,,[],64,64,-4.128,0.661,"Within each normalized composition in the finite PBE/FERE source domain, select the row with the lowest finite total energy per atom; break an exact displayed-energy tie by smaller stable MatDB ID. Do not use PBE or GW gap values.",pbe_metadata + source_recovery:pbe
current-nlr-pbe-gw-v1:composition:a19da06174e9361571d5f69ad78cce309719d69e2e9bab0bfbc3b7b8320d4133,Cu Nb O3,172875,,[],12,12,-6.782,1.687,"Within each normalized composition in the finite PBE/FERE source domain, select the row with the lowest finite total energy per atom; break an exact displayed-energy tie by smaller stable MatDB ID. Do not use PBE or GW gap values.",pbe_metadata + source_recovery:pbe
current-nlr-pbe-gw-v1:composition:7907325cfdc09099e05c1b3062d9b63c0f79e18ad883bcc91e0eefd47b01405e,Cu Nb2 O6,173236,,[],14,14,-7.283,1.992,"Within each normalized composition in the finite PBE/FERE source domain, select the row with the lowest finite total energy per atom; break an exact displayed-energy tie by smaller stable MatDB ID. Do not use PBE or GW gap values.",pbe_metadata + source_recovery:pbe
current-nlr-pbe-gw-v1:composition:9ef1c8504bf57da90a023593d5401863aed6da34edffcaad9510a867acaa5661,Cu Nb3 O8,158034,,[],14,14,-7.582,1.341,"Within each normalized composition in the finite PBE/FERE source domain, select the row with the lowest finite total energy per atom; break an exact displayed-energy tie by smaller stable MatDB ID. Do not use PBE or GW gap values.",pbe_metadata + source_recovery:pbe
current-nlr-pbe-gw-v1:composition:1d322f57e54423a870f637708518e6a6c35eaff759e03f1a605294ac9f8f0357,Cu O,9759,9759,[],,14,-4.218,1.205,"Within each normalized composition in the finite PBE/FERE source domain, select the row with the lowest finite total energy per atom; break an exact displayed-energy tie by smaller stable MatDB ID. Do not use PBE or GW gap values.",pbe_metadata + source_recovery:pbe
current-nlr-pbe-gw-v1:composition:fd14aeca31ee00b339e753b78a0846b13cc8270aa5166a7582668f6b93b7d5a9,Cu O Rb,121294,,[],82,87,-3.652,1.523,"Within each normalized composition in the finite PBE/FERE source domain, select the row with the lowest finite total energy per atom; break an exact displayed-energy tie by smaller stable MatDB ID. Do not use PBE or GW gap values.",pbe_metadata + source_recovery:pbe
current-nlr-pbe-gw-v1:composition:55c91d328d8aaeaf6c1f62a37cc77f39deb158d689bfb6baf622d0b4abcc568c,Cu O10 Si4 Sr,187109,,[],130,130,-7.289,2.561,"Within each normalized composition in the finite PBE/FERE source domain, select the row with the lowest finite total energy per atom; break an exact displayed-energy tie by smaller stable MatDB ID. Do not use PBE or GW gap values.",pbe_metadata + source_recovery:pbe
current-nlr-pbe-gw-v1:composition:6193f189db9ca0157e13e75b44f71968afae884224465b8543906db38aa9802d,Cu O2 Rb,121757,,[],63,63,-4.229,1.3,"Within each normalized composition in the finite PBE/FERE source domain, select the row with the lowest finite total energy per atom; break an exact displayed-energy tie by smaller stable MatDB ID. Do not use PBE or GW gap values.",pbe_metadata + source_recovery:pbe
current-nlr-pbe-gw-v1:composition:e1b26f2d55a8d43bbb04e74c9bacf1eec9eab93f8c8fa42608f9711500799859,Cu O2 Rb3,173096,,[],14,14,-3.506,1.71,"Within each normalized composition in the finite PBE/FERE source domain, select the row with the lowest finite total energy per atom; break an exact displayed-energy tie by smaller stable MatDB ID. Do not use PBE or GW gap values.",pbe_metadata + source_recovery:pbe
current-nlr-pbe-gw-v1:composition:1b23ebcfae29b6aa42ab5a22cdd41ebacbde9408db0563de3b45bf3f881e9803,Cu O2 Rh,139310,,[],166,166,-4.924,1.502,"Within each normalized composition in the finite PBE/FERE source domain, select the row with the lowest finite total energy per atom; break an exact displayed-energy tie by smaller stable MatDB ID. Do not use PBE or GW gap values.",pbe_metadata + source_recovery:pbe
current-nlr-pbe-gw-v1:composition:2a78f85f4ffad41ee784cfb80a9430808b822ad95a4f82b0bd4c72c475692589,Cu O2 Sc,122163,,[],194,194,-6.702,2.879,"Within each normalized composition in the finite PBE/FERE source domain, select the row with the lowest finite total energy per atom; break an exact displayed-energy tie by smaller stable MatDB ID. Do not use PBE or GW gap values.",pbe_metadata + source_recovery:pbe
current-nlr-pbe-gw-v1:composition:90fa54fc76f93ad1b43afb849d3aca739d2e0f53ac85bc2777e2e872a08414b4,Cu O2 Sr,138407,,[],63,63,-5.151,0.147,"Within each normalized composition in the finite PBE/FERE source domain, select the row with the lowest finite total energy per atom; break an exact displayed-energy tie by smaller stable MatDB ID. Do not use PBE or GW gap values.",pbe_metadata + source_recovery:pbe
current-nlr-pbe-gw-v1:composition:d1f3d794ea01cf0f7ed73baaa5b2ff98708d9a6d19712e64fbadc0efd61d1927,Cu O3 Si,158248,,[],148,2,-6.4,2.046,"Within each normalized composition in the finite PBE/FERE source domain, select the row with the lowest finite total energy per atom; break an exact displayed-energy tie by smaller stable MatDB ID. Do not use PBE or GW gap values.",pbe_metadata + source_recovery:pbe
current-nlr-pbe-gw-v1:composition:6d6e7ff21c86028a7f4a2581ea0b61540e9d99d5d4d344a3f76fb29b20ae5691,Cu O3 Sr,159197,,[],6,51,-4.959,0.075,"Within each normalized composition in the finite PBE/FERE source domain, select the row with the lowest finite total energy per atom; break an exact displayed-energy tie by smaller stable MatDB ID. Do not use PBE or GW gap values.",pbe_metadata + source_recovery:pbe
current-nlr-pbe-gw-v1:composition:41aa476b7292b315fe2a10b1adcecac1fc3e16a75db3aad52d9e2a694706f51d,Cu O3 V,173423,,[],148,148,-6.341,1.068,"Within each normalized composition in the finite PBE/FERE source domain, select the row with the lowest finite total energy per atom; break an exact displayed-energy tie by smaller stable MatDB ID. Do not use PBE or GW gap values.",pbe_metadata + source_recovery:pbe
current-nlr-pbe-gw-v1:composition:e9cad703c5f1440501f236d762a162a254655a7110f5d9ecad2773f6467a9498,Cu O4 Rh2,138310,,[],122,141,-5.243,0.084,"Within each normalized composition in the finite PBE/FERE source domain, select the row with the lowest finite total energy per atom; break an exact displayed-energy tie by smaller stable MatDB ID. Do not use PBE or GW gap values.",pbe_metadata + source_recovery:pbe
current-nlr-pbe-gw-v1:composition:b5b293df2818c04313ea1605f97c0adf5de344959b55017d9008bb4ea39a4a8f,Cu O4 Sb2,11526,11526,[],,130,-5.479,1.385,"Within each normalized composition in the finite PBE/FERE source domain, select the row with the lowest finite total energy per atom; break an exact displayed-energy tie by smaller stable MatDB ID. Do not use PBE or GW gap values.",pbe_metadata + source_recovery:pbe
current-nlr-pbe-gw-v1:composition:3a069a277e93cc0cac56882d5f577dcd081ab186932c811521a9d2031142a152,Cu O4 W,173161,,[],2,2,-6.92,1.674,"Within each normalized composition in the finite PBE/FERE source domain, select the row with the lowest finite total energy per atom; break an exact displayed-energy tie by smaller stable MatDB ID. Do not use PBE or GW gap values.",pbe_metadata + source_recovery:pbe
current-nlr-pbe-gw-v1:composition:6b4021727bf801662a3ebfc0f944bcb6b4dabafdda83bd3e39f68fc70f108b49,Cu O6 Pt Sr3,122289,,[],15,15,-5.601,1.502,"Within each normalized composition in the finite PBE/FERE source domain, select the row with the lowest finite total energy per atom; break an exact displayed-energy tie by smaller stable MatDB ID. Do not use PBE or GW gap values.",pbe_metadata + source_recovery:pbe
current-nlr-pbe-gw-v1:composition:8205e72610ca4ff970e59d251b4322525a2bde514a00c3a961b98bee7c7c83d5,Cu O6 Rh Sr3,157860,,[],15,2,-5.713,0.745,"Within each normalized composition in the finite PBE/FERE source domain, select the row with the lowest finite total energy per atom; break an exact displayed-energy tie by smaller stable MatDB ID. Do not use PBE or GW gap values.",pbe_metadata + source_recovery:pbe
current-nlr-pbe-gw-v1:composition:28ca47ed3ad55a4ee836ba0842ad7d68571154de4f6ef006ef9f45e6129bb983,Cu O6 Sr2 W,185691,,[],87,87,-6.794,1.16,"Within each normalized composition in the finite PBE/FERE source domain, select the row with the lowest finite total energy per atom; break an exact displayed-energy tie by smaller stable MatDB ID. Do not use PBE or GW gap values.",pbe_metadata + source_recovery:pbe
current-nlr-pbe-gw-v1:composition:4652fc7ea4a5c33cddbaf04257cfd0f964842abc3a58becf63d2e65a2bb555dc,Cu O6 V2,185706,,[],2,2,-6.811,1.621,"Within each normalized composition in the finite PBE/FERE source domain, select the row with the lowest finite total energy per atom; break an exact displayed-energy tie by smaller stable MatDB ID. Do not use PBE or GW gap values.",pbe_metadata + source_recovery:pbe
current-nlr-pbe-gw-v1:composition:56b05c4c3efe55e809df35aacd09067a3f70771d659a49acf9fadee90f0564d1,Cu O7 Rb4 Si2,139520,,[],2,2,-5.745,1.722,"Within each normalized composition in the finite PBE/FERE source domain, select the row with the lowest finite total energy per atom; break an exact displayed-energy tie by smaller stable MatDB ID. Do not use PBE or GW gap values.",pbe_metadata + source_recovery:pbe
current-nlr-pbe-gw-v1:composition:5fb087c91bd6f9f91177fcd4bd8f994a556af8933f673a5cf7dbaad11dc32f50,Cu O7 Si2 Sr2,187383,,[],113,113,-6.859,1.959,"Within each normalized composition in the finite PBE/FERE source domain, select the row with the lowest finite total energy per atom; break an exact displayed-energy tie by smaller stable MatDB ID. Do not use PBE or GW gap values.",pbe_metadata + source_recovery:pbe
current-nlr-pbe-gw-v1:composition:7a9ad3f7e7b2db90763d7e438ba7d9defe73fb0c5ae3c860716951511a057e7f,Cu O7 Sr V2,173635,,[],62,62,-6.827,1.809,"Within each normalized composition in the finite PBE/FERE source domain, select the row with the lowest finite total energy per atom; break an exact displayed-energy tie by smaller stable MatDB ID. Do not use PBE or GW gap values.",pbe_metadata + source_recovery:pbe
current-nlr-pbe-gw-v1:composition:be0c41e915fbdf2129bfa8fda92362f12085f2589e08e1edd47588075f33c460,Cu O8 W2 Y,122072,,[],1,1,-7.853,1.806,"Within each normalized composition in the finite PBE/FERE source domain, select the row with the lowest finite total energy per atom; break an exact displayed-energy tie by smaller stable MatDB ID. Do not use PBE or GW gap values.",pbe_metadata + source_recovery:pbe
current-nlr-pbe-gw-v1:composition:a1dd549d20c432619a28440166eb24320c0546482b2d1dfe1a135c017e711d18,Cu11 O26 V6,157984,,[],2,2,-5.835,1.173,"Within each normalized composition in the finite PBE/FERE source domain, select the row with the lowest finite total energy per atom; break an exact displayed-energy tie by smaller stable MatDB ID. Do not use PBE or GW gap values.",pbe_metadata + source_recovery:pbe
current-nlr-pbe-gw-v1:composition:ca9148c52e93d2f62b1594c0eb2882d45d13ec0382319a7108103da5e702792d,Cu2 Fe2 Ge4 O13,139800,,[],11,11,-6.171,2.061,"Within each normalized composition in the finite PBE/FERE source domain, select the row with the lowest finite total energy per atom; break an exact displayed-energy tie by smaller stable MatDB ID. Do not use PBE or GW gap values.",pbe_metadata + source_recovery:pbe
current-nlr-pbe-gw-v1:composition:0207ccfcea79317f72c50804df3eb292c77093706a1ae8c9c81a68acfe25717d,Cu2 Ga La O7 Sr2,173658,,[],46,46,-5.943,0.749,"Within each normalized composition in the finite PBE/FERE source domain, select the row with the lowest finite total energy per atom; break an exact displayed-energy tie by smaller stable MatDB ID. Do not use PBE or GW gap values.",pbe_metadata + source_recovery:pbe
current-nlr-pbe-gw-v1:composition:8287bcdde21e21cf4a371424c3eb714446df5dc7e10a2f8c111992baed04c158,Cu2 Ga O7 Sr2 Y,121403,,[],46,46,-6.059,0.801,"Within each normalized composition in the finite PBE/FERE source domain, select the row with the lowest finite total energy per atom; break an exact displayed-energy tie by smaller stable MatDB ID. Do not use PBE or GW gap values.",pbe_metadata + source_recovery:pbe
current-nlr-pbe-gw-v1:composition:792148d693ff0f929b207531bd0970631637eb51e1b4b737237bbb57f35cc571,Cu2 Ge O4,187388,,[],141,141,-5.157,1.239,"Within each normalized composition in the finite PBE/FERE source domain, select the row with the lowest finite total energy per atom; break an exact displayed-energy tie by smaller stable MatDB ID. Do not use PBE or GW gap values.",pbe_metadata + source_recovery:pbe
current-nlr-pbe-gw-v1:composition:31be7286e02c40971fb3405ed17ba60a3ec01b5f07b34dd2ad71c71343ef2016,Cu2 Ge4 O13 Sc2,141159,,[],11,11,-6.582,2.234,"Within each normalized composition in the finite PBE/FERE source domain, select the row with the lowest finite total energy per atom; break an exact displayed-energy tie by smaller stable MatDB ID. Do not use PBE or GW gap values.",pbe_metadata + source_recovery:pbe
current-nlr-pbe-gw-v1:composition:9bce5e71e8f05d18b8a66d1376bd3abcd37f083d946a62322f84a9a6d9f6a671,Cu2 K Mg2 O12 V3,174495,,[],15,2,-6.413,1.543,"Within each normalized composition in the finite PBE/FERE source domain, select the row with the lowest finite total energy per atom; break an exact displayed-energy tie by smaller stable MatDB ID. Do not use PBE or GW gap values.",pbe_metadata + source_recovery:pbe
current-nlr-pbe-gw-v1:composition:e9931b57f4d7264b455b1fccbc0f134456b88cff8c10b5d99c288a0cc85ecf34,Cu2 K3 O4,187271,,[],63,63,-4.102,0.477,"Within each normalized composition in the finite PBE/FERE source domain, select the row with the lowest finite total energy per atom; break an exact displayed-energy tie by smaller stable MatDB ID. Do not use PBE or GW gap values.",pbe_metadata + source_recovery:pbe
current-nlr-pbe-gw-v1:composition:5a7ad3ac1ea60520d5de8adbc5e880f360d086e0a8046a00f0717f0f2a75d32e,Cu2 La O4,187394,,[],15,15,-5.682,0.242,"Within each normalized composition in the finite PBE/FERE source domain, select the row with the lowest finite total energy per atom; break an exact displayed-energy tie by smaller stable MatDB ID. Do not use PBE or GW gap values.",pbe_metadata + source_recovery:pbe
current-nlr-pbe-gw-v1:composition:82c3d68a37a119d81ce10787e1ff123430c5fa237b92b5185c5e3f810364cb87,Cu2 La2 O5,140754,,[],15,1,-6.331,0.252,"Within each normalized composition in the finite PBE/FERE source domain, select the row with the lowest finite total energy per atom; break an exact displayed-energy tie by smaller stable MatDB ID. Do not use PBE or GW gap values.",pbe_metadata + source_recovery:pbe
current-nlr-pbe-gw-v1:composition:2e3086d4b9dfc83ea1be8bbd20289e920332d32e07c02a8d108feb24edeba92c,Cu2 Mg O3,173733,,[],59,59,-4.747,0.177,"Within each normalized composition in the finite PBE/FERE source domain, select the row with the lowest finite total energy per atom; break an exact displayed-energy tie by smaller stable MatDB ID. Do not use PBE or GW gap values.",pbe_metadata + source_recovery:pbe
current-nlr-pbe-gw-v1:composition:a486826e5d5e47cc828face95d6efc24d6181b464ce659e8612b03e8ca2c734a,Cu2 Mg O8 V2,140104,,[],14,4,-6.328,1.498,"Within each normalized composition in the finite PBE/FERE source domain, select the row with the lowest finite total energy per atom; break an exact displayed-energy tie by smaller stable MatDB ID. Do not use PBE or GW gap values.",pbe_metadata + source_recovery:pbe
current-nlr-pbe-gw-v1:composition:0c05192b01794968db5bf2b2da2a6903f904043da1f1a0e896bbb6d021880a77,Cu2 Mn3 O8,173537,,[],12,12,-6.326,0.376,"Within each normalized composition in the finite PBE/FERE source domain, select the row with the lowest finite total energy per atom; break an exact displayed-energy tie by smaller stable MatDB ID. Do not use PBE or GW gap values.",pbe_metadata + source_recovery:pbe
current-nlr-pbe-gw-v1:composition:e6c963538bd74941b444bc5355423a601d6c41467ae1dba24abaacb0c2e4613b,Cu2 Mo3 O12 Rb2,185863,,[],15,15,-6.344,1.816,"Within each normalized composition in the finite PBE/FERE source domain, select the row with the lowest finite total energy per atom; break an exact displayed-energy tie by smaller stable MatDB ID. Do not use PBE or GW gap values.",pbe_metadata + source_recovery:pbe
current-nlr-pbe-gw-v1:composition:aa8e09eb1125c01aebeae61a0934030a5314f4c2a9ef278fb341f8ad0015bd0b,Cu2 Na O2,185871,,[],62,62,-3.983,1.013,"Within each normalized composition in the finite PBE/FERE source domain, select the row with the lowest finite total energy per atom; break an exact displayed-energy tie by smaller stable MatDB ID. Do not use PBE or GW gap values.",pbe_metadata + source_recovery:pbe
current-nlr-pbe-gw-v1:composition:c81edea70032351c5b3a26da4078b8af194d34984400c48cf12b41e3958cf386,Cu2 Na2 O11 Si4,122246,,[],2,2,-6.573,2.365,"Within each normalized composition in the finite PBE/FERE source domain, select the row with the lowest finite total energy per atom; break an exact displayed-energy tie by smaller stable MatDB ID. Do not use PBE or GW gap values.",pbe_metadata + source_recovery:pbe
current-nlr-pbe-gw-v1:composition:f047c80341f4aa36e631defe950f2db147873cd206d67d1c6fab34039b8f0ec1,Cu2 Na3 O4,159323,,[],14,14,-4.189,0.174,"Within each normalized composition in the finite PBE/FERE source domain, select the row with the lowest finite total energy per atom; break an exact displayed-energy tie by smaller stable MatDB ID. Do not use PBE or GW gap values.",pbe_metadata + source_recovery:pbe
current-nlr-pbe-gw-v1:composition:e407429e01b4f19c475f4f97d1790d656eff5ed2c20bb3c493b1c2a62d04fc36,Cu2 O,9762,9762,[],,224,-3.526,0.742,"Within each normalized composition in the finite PBE/FERE source domain, select the row with the lowest finite total energy per atom; break an exact displayed-energy tie by smaller stable MatDB ID. Do not use PBE or GW gap values.",pbe_metadata + source_recovery:pbe
current-nlr-pbe-gw-v1:composition:7c88dae546801c9c1688d6e91dcbc3e5f9bf7544a01e0c2f9be1b23d001e223c,Cu2 O19 Rb2 Si8,187592,,[],11,11,-7.092,2.558,"Within each normalized composition in the finite PBE/FERE source domain, select the row with the lowest finite total energy per atom; break an exact displayed-energy tie by smaller stable MatDB ID. Do not use PBE or GW gap values.",pbe_metadata + source_recovery:pbe
current-nlr-pbe-gw-v1:composition:ab09f60a720fd17175e2df9876460039e706564a153af781244438c5e264c6ae,Cu2 O2 Pb,158162,,[],15,15,-4.304,0.982,"Within each normalized composition in the finite PBE/FERE source domain, select the row with the lowest finite total energy per atom; break an exact displayed-energy tie by smaller stable MatDB ID. Do not use PBE or GW gap values.",pbe_metadata + source_recovery:pbe
current-nlr-pbe-gw-v1:composition:0b73cc60e8b5c438a30d4f5c9a6517f7ba093b5274412a0aacf075eb406f4eb2,Cu2 O2 Sr,122838,,[],141,141,-4.583,2.112,"Within each normalized composition in the finite PBE/FERE source domain, select the row with the lowest finite total energy per atom; break an exact displayed-energy tie by smaller stable MatDB ID. Do not use PBE or GW gap values.",pbe_metadata + source_recovery:pbe
current-nlr-pbe-gw-v1:composition:aca38a0dd16143d4c100f226541a6137992db5b4b6f3c252e82f5edfd59c550f,Cu2 O3 Sr,159333,,[],65,65,-4.805,0.123,"Within each normalized composition in the finite PBE/FERE source domain, select the row with the lowest finite total energy per atom; break an exact displayed-energy tie by smaller stable MatDB ID. Do not use PBE or GW gap values.",pbe_metadata + source_recovery:pbe
current-nlr-pbe-gw-v1:composition:bfd5fb0ab077e5950fcd7ec57e08d23faf3d324dbc7118d38894cb614ff8e53c,Cu2 O4 W,187060,,[],1,1,-6.222,1.836,"Within each normalized composition in the finite PBE/FERE source domain, select the row with the lowest finite total energy per atom; break an exact displayed-energy tie by smaller stable MatDB ID. Do not use PBE or GW gap values.",pbe_metadata + source_recovery:pbe
current-nlr-pbe-gw-v1:composition:b280951a04cb2e45dfed71aaa13a535d422f9b1bec354ec84bb27faa5baf4868,Cu2 O4 Y,187568,,[],15,15,-5.901,0.572,"Within each normalized composition in the finite PBE/FERE source domain, select the row with the lowest finite total energy per atom; break an exact displayed-energy tie by smaller stable MatDB ID. Do not use PBE or GW gap values.",pbe_metadata + source_recovery:pbe
current-nlr-pbe-gw-v1:composition:dc75ccd7d490b583830a645952fe657e0b25461cae1d2a841b5d3f0f0c045ac6,Cu2 O5 Sc2,140449,,[],33,7,-6.622,1.466,"Within each normalized composition in the finite PBE/FERE source domain, select the row with the lowest finite total energy per atom; break an exact displayed-energy tie by smaller stable MatDB ID. Do not use PBE or GW gap values.",pbe_metadata + source_recovery:pbe
current-nlr-pbe-gw-v1:composition:88324283ff45a393115cbe9ce61e3a7592939e23175aa51545e1cc8ff4bafd37,Cu2 O5 Y2,173703,,[],33,33,-6.704,1.719,"Within each normalized composition in the finite PBE/FERE source domain, select the row with the lowest finite total energy per atom; break an exact displayed-energy tie by smaller stable MatDB ID. Do not use PBE or GW gap values.",pbe_metadata + source_recovery:pbe
current-nlr-pbe-gw-v1:composition:6b156d27124c6e9a273b9e1b36bb4e549611204a1bd52cc9c8b03c656fe620f4,Cu2 O7 V2,187730,,[],15,15,-6.356,1.736,"Within each normalized composition in the finite PBE/FERE source domain, select the row with the lowest finite total energy per atom; break an exact displayed-energy tie by smaller stable MatDB ID. Do not use PBE or GW gap values.",pbe_metadata + source_recovery:pbe
current-nlr-pbe-gw-v1:composition:4334e54484654872454860f572b169cb60b17414c623dbd8096bd0b55cbaa37d,Cu3 Fe4 O24 V6,140167,,[],2,1,-6.883,1.297,"Within each normalized composition in the finite PBE/FERE source domain, select the row with the lowest finite total energy per atom; break an exact displayed-energy tie by smaller stable MatDB ID. Do not use PBE or GW gap values.",pbe_metadata + source_recovery:pbe
current-nlr-pbe-gw-v1:composition:19c27cfbdc50ccb5bcd4d6b45e188aa0b9ea408b7d4062f957ae4b3574f99ac5,Cu3 Ge4 Na2 O12,188284,,[],2,2,-5.555,1.875,"Within each normalized composition in the finite PBE/FERE source domain, select the row with the lowest finite total energy per atom; break an exact displayed-energy tie by smaller stable MatDB ID. Do not use PBE or GW gap values.",pbe_metadata + source_recovery:pbe
current-nlr-pbe-gw-v1:composition:df5842e9714108331dda96efda8d7e31fb91cb82c2881b95da51e4f11e74d318,Cu3 Ge5 K2 O14,174803,,[],2,2,-5.684,1.746,"Within each normalized composition in the finite PBE/FERE source domain, select the row with the lowest finite total energy per atom; break an exact displayed-energy tie by smaller stable MatDB ID. Do not use PBE or GW gap values.",pbe_metadata + source_recovery:pbe
current-nlr-pbe-gw-v1:composition:ccdbe8f3adbc7d74300f81be8802c482360ffe3ade00cc01aaffee1dc5f741c8,Cu3 K2 Mo4 O16,140239,,[],14,4,-6.367,1.796,"Within each normalized composition in the finite PBE/FERE source domain, select the row with the lowest finite total energy per atom; break an exact displayed-energy tie by smaller stable MatDB ID. Do not use PBE or GW gap values.",pbe_metadata + source_recovery:pbe
current-nlr-pbe-gw-v1:composition:6b3b54dce715340965e09be78e9a33fc5a4d202d15761bb893d478a9347c1134,Cu3 La O12 Ru4,140515,,[],204,2,-5.955,0.169,"Within each normalized composition in the finite PBE/FERE source domain, select the row with the lowest finite total energy per atom; break an exact displayed-energy tie by smaller stable MatDB ID. Do not use PBE or GW gap values.",pbe_metadata + source_recovery:pbe
current-nlr-pbe-gw-v1:composition:4e12ca7524162f51d65230ce141d8e0f35d4384f647b24645497ae9159e483d7,Cu3 La4 Mo O12,121957,,[],6,6,-6.894,1.187,"Within each normalized composition in the finite PBE/FERE source domain, select the row with the lowest finite total energy per atom; break an exact displayed-energy tie by smaller stable MatDB ID. Do not use PBE or GW gap values.",pbe_metadata + source_recovery:pbe
current-nlr-pbe-gw-v1:composition:c47fc8cb7a8107a2b54de3aa9cf0ae3bd3c8693722a405b64b0c0be804fc9587,Cu3 Mo2 O9,188584,,[],62,1,-6.066,1.252,"Within each normalized composition in the finite PBE/FERE source domain, select the row with the lowest finite total energy per atom; break an exact displayed-energy tie by smaller stable MatDB ID. Do not use PBE or GW gap values.",pbe_metadata + source_recovery:pbe
current-nlr-pbe-gw-v1:composition:89748941413dfd8faa5f02a32d6c1febfdd97548c90f475b9182f6e31427c328,Cu3 Na O12 Ru4,122054,,[],204,2,-5.54,0.219,"Within each normalized composition in the finite PBE/FERE source domain, select the row with the lowest finite total energy per atom; break an exact displayed-energy tie by smaller stable MatDB ID. Do not use PBE or GW gap values.",pbe_metadata + source_recovery:pbe
current-nlr-pbe-gw-v1:composition:dc3dd749c9365e5c5a131950fcefcc93dc7d78cffb56772a5ade389c61a1357d,Cu3 Na2 O12 Si4,158211,,[],62,62,-6.354,1.92,"Within each normalized composition in the finite PBE/FERE source domain, select the row with the lowest finite total energy per atom; break an exact displayed-energy tie by smaller stable MatDB ID. Do not use PBE or GW gap values.",pbe_metadata + source_recovery:pbe
current-nlr-pbe-gw-v1:composition:3abe8a5c6dacc243e34039226ec6764ebd156680046073d0625b7020138528a9,Cu3 Na7 O8,123101,,[],2,2,-4.176,0.891,"Within each normalized composition in the finite PBE/FERE source domain, select the row with the lowest finite total energy per atom; break an exact displayed-energy tie by smaller stable MatDB ID. Do not use PBE or GW gap values.",pbe_metadata + source_recovery:pbe
current-nlr-pbe-gw-v1:composition:234b96cc5378588c156ec5827a57621a13f9b3acec31d0cf4027b24e3351a151,Cu3 O Ti3,175346,,[],227,5,-4.752,0.037,"Within each normalized composition in the finite PBE/FERE source domain, select the row with the lowest finite total energy per atom; break an exact displayed-energy tie by smaller stable MatDB ID. Do not use PBE or GW gap values.",pbe_metadata + source_recovery:pbe
current-nlr-pbe-gw-v1:composition:366733fec4568f14f90d2adaf048989c0953b8077a11bd30f5e69b14cf425326,Cu3 O12 Ru4 Sr,158095,,[],204,2,-5.722,0.499,"Within each normalized composition in the finite PBE/FERE source domain, select the row with the lowest finite total energy per atom; break an exact displayed-energy tie by smaller stable MatDB ID. Do not use PBE or GW gap values.",pbe_metadata + source_recovery:pbe
current-nlr-pbe-gw-v1:composition:e0a4d33ea81f92f634cb13a3da6a1e18243fe40b6e33a51736cc5cd24f4aa78d,Cu3 O12 Sn4 Sr,187909,,[],204,204,-5.664,1.361,"Within each normalized composition in the finite PBE/FERE source domain, select the row with the lowest finite total energy per atom; break an exact displayed-energy tie by smaller stable MatDB ID. Do not use PBE or GW gap values.",pbe_metadata + source_recovery:pbe
current-nlr-pbe-gw-v1:composition:42db2e21c4cc17a95b154f380882345c487653b0ec0d033a9295d3083a4a08f0,Cu3 O4 V,158335,,[],121,121,-5.293,1.068,"Within each normalized composition in the finite PBE/FERE source domain, select the row with the lowest finite total energy per atom; break an exact displayed-energy tie by smaller stable MatDB ID. Do not use PBE or GW gap values.",pbe_metadata + source_recovery:pbe
current-nlr-pbe-gw-v1:composition:e6e12eb9521d07850b8b45657b55345b742cd5229e95c1e86a1ac8da4c250c9d,Cu3 O6 W,140458,,[],205,1,-5.819,1.305,"Within each normalized composition in the finite PBE/FERE source domain, select the row with the lowest finite total energy per atom; break an exact displayed-energy tie by smaller stable MatDB ID. Do not use PBE or GW gap values.",pbe_metadata + source_recovery:pbe
current-nlr-pbe-gw-v1:composition:13a2182b9f1c6dcd0dbfde2ea41a2254ededf6a2e49c2c7784083e2bb31ae24a,Cu3 O8 Pb2 Sr2 Y,187467,,[],4,4,-5.646,0.746,"Within each normalized composition in the finite PBE/FERE source domain, select the row with the lowest finite total energy per atom; break an exact displayed-energy tie by smaller stable MatDB ID. Do not use PBE or GW gap values.",pbe_metadata + source_recovery:pbe
current-nlr-pbe-gw-v1:composition:d6067fe2bbf7eab83d60bed3fb904c5478f5f3d36a58113891dd3e1e961ccc15,Cu3 O8 V2,122159,,[],14,4,-6.009,1.514,"Within each normalized composition in the finite PBE/FERE source domain, select the row with the lowest finite total energy per atom; break an exact displayed-energy tie by smaller stable MatDB ID. Do not use PBE or GW gap values.",pbe_metadata + source_recovery:pbe
current-nlr-pbe-gw-v1:composition:e19e02208474d097bbe85701d3e40e4842fe6d374ea4465525c8ac8094161987,Cu4 K Mg O13 V3,140586,,[],11,11,-6.026,1.359,"Within each normalized composition in the finite PBE/FERE source domain, select the row with the lowest finite total energy per atom; break an exact displayed-energy tie by smaller stable MatDB ID. Do not use PBE or GW gap values.",pbe_metadata + source_recovery:pbe
current-nlr-pbe-gw-v1:composition:f6c1feb811d1ec79d38ba3cae865bdfa7a3574bfa03848ad484d42d30db8aa7f,Cu4 Mo5 O17,141229,,[],2,2,-6.539,1.252,"Within each normalized composition in the finite PBE/FERE source domain, select the row with the lowest finite total energy per atom; break an exact displayed-energy tie by smaller stable MatDB ID. Do not use PBE or GW gap values.",pbe_metadata + source_recovery:pbe
current-nlr-pbe-gw-v1:composition:92b27099d587f40a0cfb419fed0d9f6e65f49eb8b9cb9ac3d00bf44e238e246b,Cu4 Na7 O8,158176,,[],14,1,-4.108,0.301,"Within each normalized composition in the finite PBE/FERE source domain, select the row with the lowest finite total energy per atom; break an exact displayed-energy tie by smaller stable MatDB ID. Do not use PBE or GW gap values.",pbe_metadata + source_recovery:pbe
current-nlr-pbe-gw-v1:composition:be128386b55e62723a62d0ef527ed94a01fcedeecc4142c2c35b7e45a71d8273,Cu4 O3,12196,12196,[],,70,-3.919,0.776,"Within each normalized composition in the finite PBE/FERE source domain, select the row with the lowest finite total energy per atom; break an exact displayed-energy tie by smaller stable MatDB ID. Do not use PBE or GW gap values.",pbe_metadata + source_recovery:pbe
current-nlr-pbe-gw-v1:composition:5343b9476e74672f09618cc4d2b783fe5576ee7550d9a8963a3620d6a6f84571,Cu5 K O13 V3,121832,,[],2,2,-5.836,1.291,"Within each normalized composition in the finite PBE/FERE source domain, select the row with the lowest finite total energy per atom; break an exact displayed-energy tie by smaller stable MatDB ID. Do not use PBE or GW gap values.",pbe_metadata + source_recovery:pbe
current-nlr-pbe-gw-v1:composition:8a9b3c1d73e19e2d4aacf00ad4a77c152e10dcdbc3be71e72c8eea1c1edd3cc9,Cu5 Na2 O14 Si4,122253,,[],2,2,-5.997,1.664,"Within each normalized composition in the finite PBE/FERE source domain, select the row with the lowest finite total energy per atom; break an exact displayed-energy tie by smaller stable MatDB ID. Do not use PBE or GW gap values.",pbe_metadata + source_recovery:pbe
current-nlr-pbe-gw-v1:composition:7741827455d53c724ba421a78ad81b2df4708afb19e6df9a30d43806f239b2ca,Cu5 Na8 O10,140794,,[],8,8,-4.16,0.317,"Within each normalized composition in the finite PBE/FERE source domain, select the row with the lowest finite total energy per atom; break an exact displayed-energy tie by smaller stable MatDB ID. Do not use PBE or GW gap values.",pbe_metadata + source_recovery:pbe
current-nlr-pbe-gw-v1:composition:5e898c771fcacbd23aafb8566091fc40bd305ab78081b14ae915be3d9843c721,Cu5 O10 V2,186919,,[],14,1,-5.578,1.125,"Within each normalized composition in the finite PBE/FERE source domain, select the row with the lowest finite total energy per atom; break an exact displayed-energy tie by smaller stable MatDB ID. Do not use PBE or GW gap values.",pbe_metadata + source_recovery:pbe
current-nlr-pbe-gw-v1:composition:e99d73fafad89974c6f58bd1ba70dfc7d9a40a1f2415e3425e52d901a2ec782d,Cu5 O4 Rb3,141314,,[],14,14,-3.648,1.805,"Within each normalized composition in the finite PBE/FERE source domain, select the row with the lowest finite total energy per atom; break an exact displayed-energy tie by smaller stable MatDB ID. Do not use PBE or GW gap values.",pbe_metadata + source_recovery:pbe
current-nlr-pbe-gw-v1:composition:a0aadb7a3220fecc133e7e26d51d8df648c0e487f31b2b6104746b217b84b3ac,Cu6 La4 Mo9 O36,172668,,[],161,161,-7.042,1.996,"Within each normalized composition in the finite PBE/FERE source domain, select the row with the lowest finite total energy per atom; break an exact displayed-energy tie by smaller stable MatDB ID. Do not use PBE or GW gap values.",pbe_metadata + source_recovery:pbe
current-nlr-pbe-gw-v1:composition:e6edde385ab24282454f09dc288c1231f6f7fa93431907824e369dd788a79437,Cu6 Mo5 O18,121946,,[],15,15,-6.232,1.254,"Within each normalized composition in the finite PBE/FERE source domain, select the row with the lowest finite total energy per atom; break an exact displayed-energy tie by smaller stable MatDB ID. Do not use PBE or GW gap values.",pbe_metadata + source_recovery:pbe
current-nlr-pbe-gw-v1:composition:47ecbe6028f823395cb0c344ab5dd169ddf8f4f6ba33071d4c2f26d9e32ce0d9,Cu6 O8 Pb,141128,,[],225,166,-4.431,0.186,"Within each normalized composition in the finite PBE/FERE source domain, select the row with the lowest finite total energy per atom; break an exact displayed-energy tie by smaller stable MatDB ID. Do not use PBE or GW gap values.",pbe_metadata + source_recovery:pbe
current-nlr-pbe-gw-v1:composition:fd841e81f0a0cc34c237f6fac389b76a56c81beb33d311d725a59ad32d4eb7e6,Cu63 O32,9379,9338,[9345],,166,-3.514,0.747,"Within each normalized composition in the finite PBE/FERE source domain, select the row with the lowest finite total energy per atom; break an exact displayed-energy tie by smaller stable MatDB ID. Do not use PBE or GW gap values.",pbe_metadata + source_recovery:pbe
current-nlr-pbe-gw-v1:composition:569ae6d58e8c85a141755744dbabf064d5f62a9b11877ffc695777090236ec75,Cu64 N O31,9363,9338,[9345],,216,-3.51,0.577,"Within each normalized composition in the finite PBE/FERE source domain, select the row with the lowest finite total energy per atom; break an exact displayed-energy tie by smaller stable MatDB ID. Do not use PBE or GW gap values.",pbe_metadata + source_recovery:pbe
current-nlr-pbe-gw-v1:composition:9111c7ee2fcc8bb3432f9126018c83edcc9f2a18477042b3933312f0f1fa25c5,Cu64 O31,9396,9338,[9345],,216,-3.486,0.911,"Within each normalized composition in the finite PBE/FERE source domain, select the row with the lowest finite total energy per atom; break an exact displayed-energy tie by smaller stable MatDB ID. Do not use PBE or GW gap values.",pbe_metadata + source_recovery:pbe
current-nlr-pbe-gw-v1:composition:5fdf037639373226c7771a7ff438642f94a6d3714aace435b4990f35626da15d,Cu65 O32,9497,9338,[9345],,160,-3.518,0.629,"Within each normalized composition in the finite PBE/FERE source domain, select the row with the lowest finite total energy per atom; break an exact displayed-energy tie by smaller stable MatDB ID. Do not use PBE or GW gap values.",pbe_metadata + source_recovery:pbe
current-nlr-pbe-gw-v1:composition:ff101273e6c4c1939cdfc6880c15f2fa04ab618e9481dd24377e60e4b2c88850,Cu7 La8 O19,188865,,[],15,1,-6.459,0.322,"Within each normalized composition in the finite PBE/FERE source domain, select the row with the lowest finite total energy per atom; break an exact displayed-energy tie by smaller stable MatDB ID. Do not use PBE or GW gap values.",pbe_metadata + source_recovery:pbe
current-nlr-pbe-gw-v1:composition:063579cbbc9474721d3c18bcddccb3da949ad2a133b0c9d99a400d7a9994de15,Cu7 Na12 O14,140843,,[],7,1,-4.121,0.222,"Within each normalized composition in the finite PBE/FERE source domain, select the row with the lowest finite total energy per atom; break an exact displayed-energy tie by smaller stable MatDB ID. Do not use PBE or GW gap values.",pbe_metadata + source_recovery:pbe
current-nlr-pbe-gw-v1:composition:b6cb3b4cf0283528272a0b3faf5b54add4c79b325d1a3b50b977f156296a578c,Cu81 N26 O,9634,9397,[9420],,221,-3.421,0.71,"Within each normalized composition in the finite PBE/FERE source domain, select the row with the lowest finite total energy per atom; break an exact displayed-energy tie by smaller stable MatDB ID. Do not use PBE or GW gap values.",pbe_metadata + source_recovery:pbe
current-nlr-pbe-gw-v1:composition:d31aa6d3e8ab24a7a3e7e2aef92c01b1bde31329d7234df9b1d6297d95489ff8,Fe Ga O3,159592,,[],33,33,-6.543,1.987,"Within each normalized composition in the finite PBE/FERE source domain, select the row with the lowest finite total energy per atom; break an exact displayed-energy tie by smaller stable MatDB ID. Do not use PBE or GW gap values.",pbe_metadata + source_recovery:pbe
current-nlr-pbe-gw-v1:composition:4b0a508265ed94a8d2cb66b44a3250a17a749055ea1b1b541c161b1e9d92a768,Fe Ge O3,141486,,[],15,5,-6.742,0.575,"Within each normalized composition in the finite PBE/FERE source domain, select the row with the lowest finite total energy per atom; break an exact displayed-energy tie by smaller stable MatDB ID. Do not use PBE or GW gap values.",pbe_metadata + source_recovery:pbe
current-nlr-pbe-gw-v1:composition:3206af1b407e37aa4d67458f9c2a9d870574784716cd75d05af12b0a8fe40e9e,Fe Ge2 La O7,122441,,[],14,14,-7.061,2.208,"Within each normalized composition in the finite PBE/FERE source domain, select the row with the lowest finite total energy per atom; break an exact displayed-energy tie by smaller stable MatDB ID. Do not use PBE or GW gap values.",pbe_metadata + source_recovery:pbe
current-nlr-pbe-gw-v1:composition:b07fc884719eb3aa4bc67028b6b6438805e7bf2f2ee21b40cc37dd743d4f2c46,Fe Ge2 Na O6,175419,,[],15,15,-6.355,2.384,"Within each normalized composition in the finite PBE/FERE source domain, select the row with the lowest finite total energy per atom; break an exact displayed-energy tie by smaller stable MatDB ID. Do not use PBE or GW gap values.",pbe_metadata + source_recovery:pbe
current-nlr-pbe-gw-v1:composition:08d6e2c9461f000b1f9c331a931dac750c860d7cabadf7e1f4ed78a6d7d63261,Fe Ge2 O7 Y,176077,,[],11,12,-7.163,2.312,"Within each normalized composition in the finite PBE/FERE source domain, select the row with the lowest finite total energy per atom; break an exact displayed-energy tie by smaller stable MatDB ID. Do not use PBE or GW gap values.",pbe_metadata + source_recovery:pbe
current-nlr-pbe-gw-v1:composition:82a817821e1c6a8ec75ea9f575c3e15dc8041c351962ce7a7b2f00adbd34f8d8,Fe Hf Mo6 O24 Rb5,159651,,[],173,173,-7.078,2.508,"Within each normalized composition in the finite PBE/FERE source domain, select the row with the lowest finite total energy per atom; break an exact displayed-energy tie by smaller stable MatDB ID. Do not use PBE or GW gap values.",pbe_metadata + source_recovery:pbe
current-nlr-pbe-gw-v1:composition:11444db3afa32543472c20ef440dbc7245205bf40be1063b15f4e6ec34fa12e4,Fe In O3,187053,,[],194,36,-6.31,0.697,"Within each normalized composition in the finite PBE/FERE source domain, select the row with the lowest finite total energy per atom; break an exact displayed-energy tie by smaller stable MatDB ID. Do not use PBE or GW gap values.",pbe_metadata + source_recovery:pbe
current-nlr-pbe-gw-v1:composition:841bffc113a45247e31bc1c1cdb799092cda4a0f7bd29bac5b94c39b16f00ff4,Fe K Mo2 O8,174951,,[],165,15,-7.064,1.995,"Within each normalized composition in the finite PBE/FERE source domain, select the row with the lowest finite total energy per atom; break an exact displayed-energy tie by smaller stable MatDB ID. Do not use PBE or GW gap values.",pbe_metadata + source_recovery:pbe
current-nlr-pbe-gw-v1:composition:dd8bc96cbb58178ca96cc05401fe790f791511e7a63a70ac8e19ae0c63d5541d,Fe K Na O10 Si4,159701,,[],2,2,-7.219,2.198,"Within each normalized composition in the finite PBE/FERE source domain, select the row with the lowest finite total energy per atom; break an exact displayed-energy tie by smaller stable MatDB ID. Do not use PBE or GW gap values.",pbe_metadata + source_recovery:pbe
current-nlr-pbe-gw-v1:composition:da5a7f8b9c3416f48a7830f3cc569bde6391e04fc22469fa52ead6883316c18d,Fe K Na2 O3,190115,,[],62,62,-5.1,2.499,"Within each normalized composition in the finite PBE/FERE source domain, select the row with the lowest finite total energy per atom; break an exact displayed-energy tie by smaller stable MatDB ID. Do not use PBE or GW gap values.",pbe_metadata + source_recovery:pbe
current-nlr-pbe-gw-v1:composition:ee782382454b62359de5c7279103c9724f85c63614f14e1ab8d18faa21bf81d1,Fe K Na4 O4,159721,,[],,61,-4.703,1.986,"Within each normalized composition in the finite PBE/FERE source domain, select the row with the lowest finite total energy per atom; break an exact displayed-energy tie by smaller stable MatDB ID. Do not use PBE or GW gap values.",pbe_metadata + source_recovery:pbe
current-nlr-pbe-gw-v1:composition:4784c610d3ecb102c7626bae56e2bac91717818a7e32847619e9e62de70d2ba2,Fe K O2,189302,,[],61,1,-5.978,1.986,"Within each normalized composition in the finite PBE/FERE source domain, select the row with the lowest finite total energy per atom; break an exact displayed-energy tie by smaller stable MatDB ID. Do not use PBE or GW gap values.",pbe_metadata + source_recovery:pbe
current-nlr-pbe-gw-v1:composition:22585899b341ad9529b3fe7d1fd67b94cb451046a4e88a5b3448cc05357ec6f1,Fe K2 Na O3,175467,,[],67,67,-5.052,2.415,"Within each normalized composition in the finite PBE/FERE source domain, select the row with the lowest finite total energy per atom; break an exact displayed-energy tie by smaller stable MatDB ID. Do not use PBE or GW gap values.",pbe_metadata + source_recovery:pbe
current-nlr-pbe-gw-v1:composition:399b48bb2b16ce84cd63c79fccb67d8195567581e27442ffa47bc92d829b64f8,Fe K2 O4,159882,,[],62,62,-5.364,1.609,"Within each normalized composition in the finite PBE/FERE source domain, select the row with the lowest finite total energy per atom; break an exact displayed-energy tie by smaller stable MatDB ID. Do not use PBE or GW gap values.",pbe_metadata + source_recovery:pbe
current-nlr-pbe-gw-v1:composition:84616abc2aefc38b38cbffdeabab39141f44f630f65e0031440426bdf3bdb590,Fe K3 Mo4 O15,159037,,[],15,15,-6.904,2.221,"Within each normalized composition in the finite PBE/FERE source domain, select the row with the lowest finite total energy per atom; break an exact displayed-energy tie by smaller stable MatDB ID. Do not use PBE or GW gap values.",pbe_metadata + source_recovery:pbe
current-nlr-pbe-gw-v1:composition:fc406f0e3666efa1f9244b2c418ec48ae0bd84c51aad73c52b5bbbc91311e51c,Fe K3 O2,188042,,[],92,92,-4.411,1.83,"Within each normalized composition in the finite PBE/FERE source domain, select the row with the lowest finite total energy per atom; break an exact displayed-energy tie by smaller stable MatDB ID. Do not use PBE or GW gap values.",pbe_metadata + source_recovery:pbe
current-nlr-pbe-gw-v1:composition:408eec62f86b0b9a3d5f39251de36d387453a808905f342f2a3305806baa3191,Fe K3 O3,159310,,[],12,12,-4.98,2.124,"Within each normalized composition in the finite PBE/FERE source domain, select the row with the lowest finite total energy per atom; break an exact displayed-energy tie by smaller stable MatDB ID. Do not use PBE or GW gap values.",pbe_metadata + source_recovery:pbe
current-nlr-pbe-gw-v1:composition:24219f4e22ec1c5d6d4559586e7a3c79b6f70e333684892c167fd7827f55386d,Fe K3 O4,142095,,[],62,14,-5.09,0.579,"Within each normalized composition in the finite PBE/FERE source domain, select the row with the lowest finite total energy per atom; break an exact displayed-energy tie by smaller stable MatDB ID. Do not use PBE or GW gap values.",pbe_metadata + source_recovery:pbe
current-nlr-pbe-gw-v1:composition:3d7b0043ebabb99a61961b5e17c181aadede446b8c6f5e2f348b17c89a924b39,Fe K5 O4,175764,,[],61,61,-4.541,1.845,"Within each normalized composition in the finite PBE/FERE source domain, select the row with the lowest finite total energy per atom; break an exact displayed-energy tie by smaller stable MatDB ID. Do not use PBE or GW gap values.",pbe_metadata + source_recovery:pbe
current-nlr-pbe-gw-v1:composition:ac724e4e4117470d2ea1b1ed778de3b97ccab80b9fd7096432c0defbf906df18,Fe La O3,174238,,[],62,62,-7.667,2.064,"Within each normalized composition in the finite PBE/FERE source domain, select the row with the lowest finite total energy per atom; break an exact displayed-energy tie by smaller stable MatDB ID. Do not use PBE or GW gap values.",pbe_metadata + source_recovery:pbe
current-nlr-pbe-gw-v1:composition:cf1b550079ccbd2a931ddb96f14f2df217fe4014cb5aa33ff3f352355c2179df,Fe La3 O6,174252,,[],36,36,-7.893,2.597,"Within each normalized composition in the finite PBE/FERE source domain, select the row with the lowest finite total energy per atom; break an exact displayed-energy tie by smaller stable MatDB ID. Do not use PBE or GW gap values.",pbe_metadata + source_recovery:pbe
current-nlr-pbe-gw-v1:composition:73e63c32fada6249876ae20fc91aeed684ed73d8f49a0970584d6f6e29fe9258,Fe La5 O17 Ti4,188915,,[],58,58,-8.176,1.203,"Within each normalized composition in the finite PBE/FERE source domain, select the row with the lowest finite total energy per atom; break an exact displayed-energy tie by smaller stable MatDB ID. Do not use PBE or GW gap values.",pbe_metadata + source_recovery:pbe
current-nlr-pbe-gw-v1:composition:09e93bf4a2525036ace387a2dc7840d15779c413c743b37295455fa983b16c31,Fe Li O2,11874,11874,[],,12,-6.286,1.244,"Within each normalized composition in the finite PBE/FERE source domain, select the row with the lowest finite total energy per atom; break an exact displayed-energy tie by smaller stable MatDB ID. Do not use PBE or GW gap values.",pbe_metadata + source_recovery:pbe
current-nlr-pbe-gw-v1:composition:d7ee209096047d0785a23e81e2a42c967f91d2ccf6c81387744424a051fce5f7,Fe Mg O4 Si,123627,,[],62,62,-7.154,2.703,"Within each normalized composition in the finite PBE/FERE source domain, select the row with the lowest finite total energy per atom; break an exact displayed-energy tie by smaller stable MatDB ID. Do not use PBE or GW gap values.",pbe_metadata + source_recovery:pbe
current-nlr-pbe-gw-v1:composition:0afdc77599ec290c3de7001359236f49bff3208d58e1ac6949c5336aadac128d,Fe Mg O6 Si2,141854,,[],61,61,-7.381,2.779,"Within each normalized composition in the finite PBE/FERE source domain, select the row with the lowest finite total energy per atom; break an exact displayed-energy tie by smaller stable MatDB ID. Do not use PBE or GW gap values.",pbe_metadata + source_recovery:pbe
current-nlr-pbe-gw-v1:composition:d93b2bc71a22ba95026f4f6480931b85fc7c676d7c226cbd155bc5fb319c2786,Fe Mo O4,188958,,[],12,1,-7.388,1.598,"Within each normalized composition in the finite PBE/FERE source domain, select the row with the lowest finite total energy per atom; break an exact displayed-energy tie by smaller stable MatDB ID. Do not use PBE or GW gap values.",pbe_metadata + source_recovery:pbe
current-nlr-pbe-gw-v1:composition:a6b6a3face2890a881bc448abbfbc4a7d21ab3f148a0fe0445236d6153b96b7c,Fe Mo O6 Sr2,189273,,[],87,87,-7.048,0.062,"Within each normalized composition in the finite PBE/FERE source domain, select the row with the lowest finite total energy per atom; break an exact displayed-energy tie by smaller stable MatDB ID. Do not use PBE or GW gap values.",pbe_metadata + source_recovery:pbe
current-nlr-pbe-gw-v1:composition:92a032d5411858951cd147d09453764d3e6710706bb4cf8c5ee89ce81f6c41c5,Fe Mo O7 V,142368,,[],2,2,-7.388,2.025,"Within each normalized composition in the finite PBE/FERE source domain, select the row with the lowest finite total energy per atom; break an exact displayed-energy tie by smaller stable MatDB ID. Do not use PBE or GW gap values.",pbe_metadata + source_recovery:pbe
current-nlr-pbe-gw-v1:composition:95f9e58189d80b3d959b136cad028cc5e89883c47df6f8b0b3134b72232e5285,Fe Mo2 Na O8,123332,,[],15,15,-7.048,1.964,"Within each normalized composition in the finite PBE/FERE source domain, select the row with the lowest finite total energy per atom; break an exact displayed-energy tie by smaller stable MatDB ID. Do not use PBE or GW gap values.",pbe_metadata + source_recovery:pbe
current-nlr-pbe-gw-v1:composition:42cb231c9a21a1b391d775f649c1f949ef24386c4ad1be84b4dda08a3b5d3d70,Fe Mo2 O8 Rb,122897,,[],164,164,-7.058,1.96,"Within each normalized composition in the finite PBE/FERE source domain, select the row with the lowest finite total energy per atom; break an exact displayed-energy tie by smaller stable MatDB ID. Do not use PBE or GW gap values.",pbe_metadata + source_recovery:pbe
current-nlr-pbe-gw-v1:composition:55a3394c889be0b11d4d8ec152cf857a74c9ce4e93271f27b7186972c1ef9e59,Fe Mo4 O15 Rb3,188398,,[],14,14,-6.886,2.213,"Within each normalized composition in the finite PBE/FERE source domain, select the row with the lowest finite total energy per atom; break an exact displayed-energy tie by smaller stable MatDB ID. Do not use PBE or GW gap values.",pbe_metadata + source_recovery:pbe
current-nlr-pbe-gw-v1:composition:48f04674fa4c1547d9afb85cd08cfae359bd8a7718ec266f0e614c0b1b429727,Fe Na O2,123716,,[],33,33,-6.057,2.899,"Within each normalized composition in the finite PBE/FERE source domain, select the row with the lowest finite total energy per atom; break an exact displayed-energy tie by smaller stable MatDB ID. Do not use PBE or GW gap values.",pbe_metadata + source_recovery:pbe
current-nlr-pbe-gw-v1:composition:ccff0de8cbdc33ba17cb1d15f38ccca09c3a5854e8ac16a9a4e9a6cc52ecc0c2,Fe Na O4 Ti,159525,,[],62,62,-6.99,1.692,"Within each normalized composition in the finite PBE/FERE source domain, select the row with the lowest finite total energy per atom; break an exact displayed-energy tie by smaller stable MatDB ID. Do not use PBE or GW gap values.",pbe_metadata + source_recovery:pbe
current-nlr-pbe-gw-v1:composition:fd7cf19108b5785a57a9669e64c62a3507db87aa715a01df9caecfb3b0ba9011,Fe Na O6 Si2,189468,,[],15,15,-7.186,2.404,"Within each normalized composition in the finite PBE/FERE source domain, select the row with the lowest finite total energy per atom; break an exact displayed-energy tie by smaller stable MatDB ID. Do not use PBE or GW gap values.",pbe_metadata + source_recovery:pbe
current-nlr-pbe-gw-v1:composition:0cf18556a2c990dc7b37a7c817bfc62b6c272a66991b85e50ad3d456291736e4,Fe Na O8 W2,174297,,[],13,13,-7.595,2.192,"Within each normalized composition in the finite PBE/FERE source domain, select the row with the lowest finite total energy per atom; break an exact displayed-energy tie by smaller stable MatDB ID. Do not use PBE or GW gap values.",pbe_metadata + source_recovery:pbe
current-nlr-pbe-gw-v1:composition:61dc0ebc15af67fd8681202c01aa375a23ca10928c895dd4916395c97d18d5cd,Fe Na2 O4,142135,,[],63,63,-5.343,1.312,"Within each normalized composition in the finite PBE/FERE source domain, select the row with the lowest finite total energy per atom; break an exact displayed-energy tie by smaller stable MatDB ID. Do not use PBE or GW gap values.",pbe_metadata + source_recovery:pbe
current-nlr-pbe-gw-v1:composition:d387d5e68c7bb81807974f0f738d51f8734a7b4d046dfd72f596381be824bf2b,Fe Na3 O3,175893,,[],14,14,-5.13,2.196,"Within each normalized composition in the finite PBE/FERE source domain, select the row with the lowest finite total energy per atom; break an exact displayed-energy tie by smaller stable MatDB ID. Do not use PBE or GW gap values.",pbe_metadata + source_recovery:pbe
current-nlr-pbe-gw-v1:composition:931298e57cdd1d2f9942497ed5ddaf893696402083db4d50ef32cbe59d99de5d,Fe Na4 O3,189364,,[],9,9,-4.692,1.429,"Within each normalized composition in the finite PBE/FERE source domain, select the row with the lowest finite total energy per atom; break an exact displayed-energy tie by smaller stable MatDB ID. Do not use PBE or GW gap values.",pbe_metadata + source_recovery:pbe
current-nlr-pbe-gw-v1:composition:e89ef428aec0a4b94e6041d72747d85dcbca27eaa8e952cf9a15bfa78ef83d50,Fe Na4 O4,155484,,[],2,2,-4.956,0.591,"Within each normalized composition in the finite PBE/FERE source domain, select the row with the lowest finite total energy per atom; break an exact displayed-energy tie by smaller stable MatDB ID. Do not use PBE or GW gap values.",pbe_metadata + source_recovery:pbe
current-nlr-pbe-gw-v1:composition:8cb437e7b6b468389a9de7857f6584faeb69f1901f21b9273cd9114daa0a47d1,Fe Na5 O4,188432,,[],61,61,-4.724,1.833,"Within each normalized composition in the finite PBE/FERE source domain, select the row with the lowest finite total energy per atom; break an exact displayed-energy tie by smaller stable MatDB ID. Do not use PBE or GW gap values.",pbe_metadata + source_recovery:pbe
current-nlr-pbe-gw-v1:composition:0a097e1f504aea9b04e5b3933df8df36bb6cf9c5d5811844b5967a02b9681c09,Fe Nb O4,188731,,[],12,12,-7.709,1.718,"Within each normalized composition in the finite PBE/FERE source domain, select the row with the lowest finite total energy per atom; break an exact displayed-energy tie by smaller stable MatDB ID. Do not use PBE or GW gap values.",pbe_metadata + source_recovery:pbe
current-nlr-pbe-gw-v1:composition:7844733ed266115d7a2151a437c36843570d6be589ab81191a01a0089639ad43,Fe Nb2 O6,174862,,[],60,29,-7.969,1.633,"Within each normalized composition in the finite PBE/FERE source domain, select the row with the lowest finite total energy per atom; break an exact displayed-energy tie by smaller stable MatDB ID. Do not use PBE or GW gap values.",pbe_metadata + source_recovery:pbe
current-nlr-pbe-gw-v1:composition:340413b729dd39261abc673143a31339e81a442294638ebbd4c8f86029e9630d,Fe Ni2 O4,142799,,[],227,9,-5.987,0.113,"Within each normalized composition in the finite PBE/FERE source domain, select the row with the lowest finite total energy per atom; break an exact displayed-energy tie by smaller stable MatDB ID. Do not use PBE or GW gap values.",pbe_metadata + source_recovery:pbe
current-nlr-pbe-gw-v1:composition:38a8774d44e7e1e67e9b9f6c37677a573d03eac891287a66fa2296ddf50aa2b8,Fe O,9684,9684,[],,2,-6.978,1.034,"Within each normalized composition in the finite PBE/FERE source domain, select the row with the lowest finite total energy per atom; break an exact displayed-energy tie by smaller stable MatDB ID. Do not use PBE or GW gap values.",pbe_metadata + source_recovery:pbe
current-nlr-pbe-gw-v1:composition:4db6ae22aedff5f2f5a55adc2e225482493acef3b45ad4e61399b47c41f47d6e,Fe O2 Rb,123626,,[],61,1,-5.924,1.821,"Within each normalized composition in the finite PBE/FERE source domain, select the row with the lowest finite total energy per atom; break an exact displayed-energy tie by smaller stable MatDB ID. Do not use PBE or GW gap values.",pbe_metadata + source_recovery:pbe
current-nlr-pbe-gw-v1:composition:913516ae9f0efec8ea301713cf225db2f58f332e17e882ac51e63edd636e0f90,Fe O2 Sr,160074,,[],123,123,-6.566,0.052,"Within each normalized composition in the finite PBE/FERE source domain, select the row with the lowest finite total energy per atom; break an exact displayed-energy tie by smaller stable MatDB ID. Do not use PBE or GW gap values.",pbe_metadata + source_recovery:pbe
current-nlr-pbe-gw-v1:composition:2e42ab9f825514de8e1dfa6a665150b16ebb9bd89f07fa19006582c7e15dc39c,Fe O3 Rb3,124014,,[],12,12,-4.86,2.014,"Within each normalized composition in the finite PBE/FERE source domain, select the row with the lowest finite total energy per atom; break an exact displayed-energy tie by smaller stable MatDB ID. Do not use PBE or GW gap values.",pbe_metadata + source_recovery:pbe
current-nlr-pbe-gw-v1:composition:a9c29e0d23adae8c792dc59eab56174cc7aa9d5b9585b240a24f756136f09a8d,Fe O3 Si,188452,,[],14,1,-7.553,2.176,"Within each normalized composition in the finite PBE/FERE source domain, select the row with the lowest finite total energy per atom; break an exact displayed-energy tie by smaller stable MatDB ID. Do not use PBE or GW gap values.",pbe_metadata + source_recovery:pbe
current-nlr-pbe-gw-v1:composition:28b8e4a87d16e153d5263b44279cc53b11ac9e25936a059c74f7e9387c357ece,Fe O3 Ti,142480,,[],148,2,-7.783,1.654,"Within each normalized composition in the finite PBE/FERE source domain, select the row with the lowest finite total energy per atom; break an exact displayed-energy tie by smaller stable MatDB ID. Do not use PBE or GW gap values.",pbe_metadata + source_recovery:pbe
current-nlr-pbe-gw-v1:composition:64e86e63b12de724a02de49139c1ada3fde4f7680def0afae4a018512aee06c7,Fe O3 Y,188787,,[],62,62,-7.921,2.112,"Within each normalized composition in the finite PBE/FERE source domain, select the row with the lowest finite total energy per atom; break an exact displayed-energy tie by smaller stable MatDB ID. Do not use PBE or GW gap values.",pbe_metadata + source_recovery:pbe
current-nlr-pbe-gw-v1:composition:bde9cc20cc541d1ae249ed1084349519742518352cff1a8469b41249678082fd,Fe O3 Zr,123139,,[],55,14,-8.13,2.126,"Within each normalized composition in the finite PBE/FERE source domain, select the row with the lowest finite total energy per atom; break an exact displayed-energy tie by smaller stable MatDB ID. Do not use PBE or GW gap values.",pbe_metadata + source_recovery:pbe
current-nlr-pbe-gw-v1:composition:102411c1d9648bcd5f4006bcfb83f21f12431e7b6e1052173bb01b37e78fad71,Fe O4 V,160150,,[],2,2,-7.353,1.994,"Within each normalized composition in the finite PBE/FERE source domain, select the row with the lowest finite total energy per atom; break an exact displayed-energy tie by smaller stable MatDB ID. Do not use PBE or GW gap values.",pbe_metadata + source_recovery:pbe
current-nlr-pbe-gw-v1:composition:8ed133b08f46ce8bb60a36b0337fef5dc0c3a5c5ca5d24e3df1cf5e82b570cca,Fe O4 V2,190032,,[],227,15,-7.834,1.216,"Within each normalized composition in the finite PBE/FERE source domain, select the row with the lowest finite total energy per atom; break an exact displayed-energy tie by smaller stable MatDB ID. Do not use PBE or GW gap values.",pbe_metadata + source_recovery:pbe
current-nlr-pbe-gw-v1:composition:d25123b64c5e298d6a190738403962b4a81f53275b2d572434a555cd829c56fd,Fe O4 W,190370,,[],13,2,-7.944,1.692,"Within each normalized composition in the finite PBE/FERE source domain, select the row with the lowest finite total energy per atom; break an exact displayed-energy tie by smaller stable MatDB ID. Do not use PBE or GW gap values.",pbe_metadata + source_recovery:pbe
current-nlr-pbe-gw-v1:composition:978a9e03be9094f6b879861dce8bb76cc7e3c19ed6ef930df104fbe8b8dbfcb7,Fe O5 Ti2,159784,,[],63,63,-7.97,1.302,"Within each normalized composition in the finite PBE/FERE source domain, select the row with the lowest finite total energy per atom; break an exact displayed-energy tie by smaller stable MatDB ID. Do not use PBE or GW gap values.",pbe_metadata + source_recovery:pbe
current-nlr-pbe-gw-v1:composition:42152803aa54bafdac28617936cc79f4bbaa12a610e3541565dffeab44c0dd95,Fe O6 Sr2 W,159083,,[],14,14,-7.411,1.092,"Within each normalized composition in the finite PBE/FERE source domain, select the row with the lowest finite total energy per atom; break an exact displayed-energy tie by smaller stable MatDB ID. Do not use PBE or GW gap values.",pbe_metadata + source_recovery:pbe
current-nlr-pbe-gw-v1:composition:6ad52a248b878799fc837ce360b4a12be1c7475d17763a0c27da9090f93a461d,Fe12 La O19,141892,,[],63,1,-7.119,0.257,"Within each normalized composition in the finite PBE/FERE source domain, select the row with the lowest finite total energy per atom; break an exact displayed-energy tie by smaller stable MatDB ID. Do not use PBE or GW gap values.",pbe_metadata + source_recovery:pbe
current-nlr-pbe-gw-v1:composition:d44de2eddaeb51393e8a7e6394c3fe3402f40ea905337014f76403bdb8920d5b,Fe12 O19 Pb,123055,,[],194,1,-6.926,1.332,"Within each normalized composition in the finite PBE/FERE source domain, select the row with the lowest finite total energy per atom; break an exact displayed-energy tie by smaller stable MatDB ID. Do not use PBE or GW gap values.",pbe_metadata + source_recovery:pbe
current-nlr-pbe-gw-v1:composition:97f8169c76d178f03c0abb3ae195b9eb60e18b70c7da8424ed38e768421b00e3,Fe12 O19 Sr,142347,,[],194,8,-6.994,1.126,"Within each normalized composition in the finite PBE/FERE source domain, select the row with the lowest finite total energy per atom; break an exact displayed-energy tie by smaller stable MatDB ID. Do not use PBE or GW gap values.",pbe_metadata + source_recovery:pbe
current-nlr-pbe-gw-v1:composition:6a08d90ef6f817ef9a05611ccba6554a31ef0ae82a994d12aafc343448a4dc63,Fe2 Ge O4,189576,,[],227,12,-6.855,0.669,"Within each normalized composition in the finite PBE/FERE source domain, select the row with the lowest finite total energy per atom; break an exact displayed-energy tie by smaller stable MatDB ID. Do not use PBE or GW gap values.",pbe_metadata + source_recovery:pbe
current-nlr-pbe-gw-v1:composition:c7229a0bff69f33a7bac1837a6d5b2ea5e3c002a2a1b02c8f1a748d9c3c97c07,Fe2 Hg O4,1843,,[],,1,-5.35,0.204,"Within each normalized composition in the finite PBE/FERE source domain, select the row with the lowest finite total energy per atom; break an exact displayed-energy tie by smaller stable MatDB ID. Do not use PBE or GW gap values.",pbe_metadata + source_recovery:pbe
current-nlr-pbe-gw-v1:composition:70f87b530f8179981e4597cbcfe21c9b6a551ba0d1ecf48cac865c0cb6b2525f,Fe2 K2 Nb4 O13,159808,,[],12,1,-7.471,1.107,"Within each normalized composition in the finite PBE/FERE source domain, select the row with the lowest finite total energy per atom; break an exact displayed-energy tie by smaller stable MatDB ID. Do not use PBE or GW gap values.",pbe_metadata + source_recovery:pbe
current-nlr-pbe-gw-v1:composition:be3671546ce29cb18bb5deb9608533fe4ff0bb73a6e5e76934a12408af19adb0,Fe2 K3 Na O8,176182,,[],164,164,-5.362,1.489,"Within each normalized composition in the finite PBE/FERE source domain, select the row with the lowest finite total energy per atom; break an exact displayed-energy tie by smaller stable MatDB ID. Do not use PBE or GW gap values.",pbe_metadata + source_recovery:pbe
current-nlr-pbe-gw-v1:composition:8c983c1636908c7ac2067be2f329e8eb4fe21849b065809e43440c5d3aefa3b8,Fe2 K3 O4,142091,,[],70,43,-5.463,1.335,"Within each normalized composition in the finite PBE/FERE source domain, select the row with the lowest finite total energy per atom; break an exact displayed-energy tie by smaller stable MatDB ID. Do not use PBE or GW gap values.",pbe_metadata + source_recovery:pbe
current-nlr-pbe-gw-v1:composition:d11620f17dd759ac188e7ba04d69e6470cbd971231ccab46698ec42e2b49781b,Fe2 K4 O5,142617,,[],14,14,-5.364,2.639,"Within each normalized composition in the finite PBE/FERE source domain, select the row with the lowest finite total energy per atom; break an exact displayed-energy tie by smaller stable MatDB ID. Do not use PBE or GW gap values.",pbe_metadata + source_recovery:pbe
current-nlr-pbe-gw-v1:composition:39780e3f618c5b5690c76f863ff2e0e251abec755e7d0732faf663f3fd44a6b1,Fe2 K6 O5,142123,,[],8,8,-4.742,1.727,"Within each normalized composition in the finite PBE/FERE source domain, select the row with the lowest finite total energy per atom; break an exact displayed-energy tie by smaller stable MatDB ID. Do not use PBE or GW gap values.",pbe_metadata + source_recovery:pbe
current-nlr-pbe-gw-v1:composition:a4c298f6ebc2797af8e68c3ab0d75734f901f7bc5f4876719eefd633d7bce03a,Fe2 K9 O7,123918,,[],198,198,-4.52,2.05,"Within each normalized composition in the finite PBE/FERE source domain, select the row with the lowest finite total energy per atom; break an exact displayed-energy tie by smaller stable MatDB ID. Do not use PBE or GW gap values.",pbe_metadata + source_recovery:pbe
current-nlr-pbe-gw-v1:composition:f91e7341458f0fa3e9a6aed156d252cb0b433ac86f2c80cabbfe39e2c5aa869a,Fe2 K9 O8,142416,,[],15,2,-4.66,0.23,"Within each normalized composition in the finite PBE/FERE source domain, select the row with the lowest finite total energy per atom; break an exact displayed-energy tie by smaller stable MatDB ID. Do not use PBE or GW gap values.",pbe_metadata + source_recovery:pbe
current-nlr-pbe-gw-v1:composition:bbd76372cf99b7e25b4287e3a456637a8a26d185dcbf40254d64e27f57c02f9d,Fe2 Mg O4,11911,11911,[],,74,-6.779,1.153,"Within each normalized composition in the finite PBE/FERE source domain, select the row with the lowest finite total energy per atom; break an exact displayed-energy tie by smaller stable MatDB ID. Do not use PBE or GW gap values.",pbe_metadata + source_recovery:pbe
current-nlr-pbe-gw-v1:composition:b9e4c43f4869fab3a65bfc7ce4db771576491aef03731193cb9479ca2877ee2d,Fe2 Mg3 O12 Si3,142973,,[],230,230,-7.076,2.277,"Within each normalized composition in the finite PBE/FERE source domain, select the row with the lowest finite total energy per atom; break an exact displayed-energy tie by smaller stable MatDB ID. Do not use PBE or GW gap values.",pbe_metadata + source_recovery:pbe
current-nlr-pbe-gw-v1:composition:39b32f8ab8171be564751d059e91152ac2487867e19b2f27d33c82ec6830554f,Fe2 Mn O4,159320,,[],227,227,-7.346,0.602,"Within each normalized composition in the finite PBE/FERE source domain, select the row with the lowest finite total energy per atom; break an exact displayed-energy tie by smaller stable MatDB ID. Do not use PBE or GW gap values.",pbe_metadata + source_recovery:pbe
current-nlr-pbe-gw-v1:composition:e4636c59af56b85c19ca3bd11edca5f1d2eb6faf3a86179cd3449bf47b852375,Fe2 Mn3 O12 Si3,159201,,[],230,230,-7.685,1.798,"Within each normalized composition in the finite PBE/FERE source domain, select the row with the lowest finite total energy per atom; break an exact displayed-energy tie by smaller stable MatDB ID. Do not use PBE or GW gap values.",pbe_metadata + source_recovery:pbe
current-nlr-pbe-gw-v1:composition:c02882099c2e50da652ab20ba60d2fa5241eb380e7f3fde92355c1bc341d74b7,Fe2 Mo3 Na O12,190445,,[],2,1,-7.169,0.293,"Within each normalized composition in the finite PBE/FERE source domain, select the row with the lowest finite total energy per atom; break an exact displayed-energy tie by smaller stable MatDB ID. Do not use PBE or GW gap values.",pbe_metadata + source_recovery:pbe
current-nlr-pbe-gw-v1:composition:ddcf0adbb561eace068227407be600395c7b7a42b3a4abf19e1e2f132142b909,Fe2 Mo3 Na3 O12,175745,,[],15,15,-6.782,0.932,"Within each normalized composition in the finite PBE/FERE source domain, select the row with the lowest finite total energy per atom; break an exact displayed-energy tie by smaller stable MatDB ID. Do not use PBE or GW gap values.",pbe_metadata + source_recovery:pbe
current-nlr-pbe-gw-v1:composition:947210a75742f3ef5c53838ab3d379c6f7256584b6bdd94200d1cd229d67b821,Fe2 Mo3 O12,142414,,[],60,60,-7.355,2.102,"Within each normalized composition in the finite PBE/FERE source domain, select the row with the lowest finite total energy per atom; break an exact displayed-energy tie by smaller stable MatDB ID. Do not use PBE or GW gap values.",pbe_metadata + source_recovery:pbe
current-nlr-pbe-gw-v1:composition:0e7e9dde93cbf64a17cb7427dd2abe9250982c0696a8878bd503fb76bd264aac,Fe2 Mo3 O8,123629,,[],186,9,-7.514,1.208,"Within each normalized composition in the finite PBE/FERE source domain, select the row with the lowest finite total energy per atom; break an exact displayed-energy tie by smaller stable MatDB ID. Do not use PBE or GW gap values.",pbe_metadata + source_recovery:pbe
current-nlr-pbe-gw-v1:composition:5a5cc9252ddcd584b81269e586d37f6c220c49b8922fefe7f11ff47d804c6312,Fe2 Mo4 O7,160997,,[],74,1,-7.443,0.144,"Within each normalized composition in the finite PBE/FERE source domain, select the row with the lowest finite total energy per atom; break an exact displayed-energy tie by smaller stable MatDB ID. Do not use PBE or GW gap values.",pbe_metadata + source_recovery:pbe
current-nlr-pbe-gw-v1:composition:7b30cb4bb8e3e908f4f5b40579ffcf0c03ee21d5b7f2b543a228493fd09c1ce0,Fe2 Mo5 Na3 O16,123504,,[],164,8,-7.016,0.297,"Within each normalized composition in the finite PBE/FERE source domain, select the row with the lowest finite total energy per atom; break an exact displayed-energy tie by smaller stable MatDB ID. Do not use PBE or GW gap values.",pbe_metadata + source_recovery:pbe
current-nlr-pbe-gw-v1:composition:d8c7aeb47644a994029a7dda23f2df3014c9aca149ec8d2a35fabe9c5275f778,Fe2 N O,271751,272008,[272008],,26,-7.051,0.458,"Within each normalized composition in the finite PBE/FERE source domain, select the row with the lowest finite total energy per atom; break an exact displayed-energy tie by smaller stable MatDB ID. Do not use PBE or GW gap values.",pbe_metadata + source_recovery:pbe
current-nlr-pbe-gw-v1:composition:208aaaa07a0ac9d2b44f5ed48ceb7062475340a27314119421262395b5478ac1,Fe2 Na O3,174792,,[],164,8,-6.301,0.038,"Within each normalized composition in the finite PBE/FERE source domain, select the row with the lowest finite total energy per atom; break an exact displayed-energy tie by smaller stable MatDB ID. Do not use PBE or GW gap values.",pbe_metadata + source_recovery:pbe
current-nlr-pbe-gw-v1:composition:eb4ec35bd16950a4b4733b5395d1f49a09e425c1cd353e41e8aee2e159e2558b,Fe2 Na4 O5,159965,,[],14,14,-5.459,2.26,"Within each normalized composition in the finite PBE/FERE source domain, select the row with the lowest finite total energy per atom; break an exact displayed-energy tie by smaller stable MatDB ID. Do not use PBE or GW gap values.",pbe_metadata + source_recovery:pbe
current-nlr-pbe-gw-v1:composition:49437776b47d846caee57c1086a86d3db7d69d67d76cbb6317154d4d980c1f16,Fe2 Na8 O7,161148,,[],14,14,-4.891,1.909,"Within each normalized composition in the finite PBE/FERE source domain, select the row with the lowest finite total energy per atom; break an exact displayed-energy tie by smaller stable MatDB ID. Do not use PBE or GW gap values.",pbe_metadata + source_recovery:pbe
current-nlr-pbe-gw-v1:composition:d877208d7ec5ca014c44385b7007368d1b2ac2bacd1368432adcbdfb24542abe,Fe2 Na9 O7,188675,,[],29,29,-4.698,1.655,"Within each normalized composition in the finite PBE/FERE source domain, select the row with the lowest finite total energy per atom; break an exact displayed-energy tie by smaller stable MatDB ID. Do not use PBE or GW gap values.",pbe_metadata + source_recovery:pbe
current-nlr-pbe-gw-v1:composition:16057c3caaa38159fec10ed64a78cc8f601c7f4d2137a431e2876d346a8fa7ac,Fe2 Ni O4,11562,11562,[],,12,-6.629,0.969,"Within each normalized composition in the finite PBE/FERE source domain, select the row with the lowest finite total energy per atom; break an exact displayed-energy tie by smaller stable MatDB ID. Do not use PBE or GW gap values.",pbe_metadata + source_recovery:pbe
current-nlr-pbe-gw-v1:composition:ea2a8adf6db9c1ba6be6a7c704164aba13a798bf7bbc9197c19711c784887958,Fe2 O13 V4,124601,,[],14,14,-7.439,1.969,"Within each normalized composition in the finite PBE/FERE source domain, select the row with the lowest finite total energy per atom; break an exact displayed-energy tie by smaller stable MatDB ID. Do not use PBE or GW gap values.",pbe_metadata + source_recovery:pbe
current-nlr-pbe-gw-v1:composition:84937305913bcfa31ac846d2ee7466d51e9f6da6d5937dd66b003cc34a109f22,Fe2 O3,191095,,[],167,167,-7.056,1.787,"Within each normalized composition in the finite PBE/FERE source domain, select the row with the lowest finite total energy per atom; break an exact displayed-energy tie by smaller stable MatDB ID. Do not use PBE or GW gap values.",pbe_metadata + source_recovery:pbe
current-nlr-pbe-gw-v1:composition:a7182f80b0dcf61a94b4c490d43896960562275476d880a5c0f111dc0b75b62d,Fe2 O4 Si,188969,,[],2,19,-7.42,2.121,"Within each normalized composition in the finite PBE/FERE source domain, select the row with the lowest finite total energy per atom; break an exact displayed-energy tie by smaller stable MatDB ID. Do not use PBE or GW gap values.",pbe_metadata + source_recovery:pbe
current-nlr-pbe-gw-v1:composition:6b622f47859e6408be382833245b08e01e7e7d4b2f6192a471f22291d66f6803,Fe2 O4 Y,189403,,[],2,2,-7.628,0.167,"Within each normalized composition in the finite PBE/FERE source domain, select the row with the lowest finite total energy per atom; break an exact displayed-energy tie by smaller stable MatDB ID. Do not use PBE or GW gap values.",pbe_metadata + source_recovery:pbe
current-nlr-pbe-gw-v1:composition:2f5368b04dc2c8d9618755c26279a796c63928344b71614ba78966b96bbc5cad,Fe2 O4 Zn,189187,,[],227,141,-6.338,1.321,"Within each normalized composition in the finite PBE/FERE source domain, select the row with the lowest finite total energy per atom; break an exact displayed-energy tie by smaller stable MatDB ID. Do not use PBE or GW gap values.",pbe_metadata + source_recovery:pbe
current-nlr-pbe-gw-v1:composition:023f63d06f52ddfa02dffb059510f13fea642897ed6bf9f9afd662baba55d949,Fe2 O5 Rb4,175876,,[],15,15,-5.263,2.389,"Within each normalized composition in the finite PBE/FERE source domain, select the row with the lowest finite total energy per atom; break an exact displayed-energy tie by smaller stable MatDB ID. Do not use PBE or GW gap values.",pbe_metadata + source_recovery:pbe
current-nlr-pbe-gw-v1:composition:75dd0751f3cc9b90b78ffa395538ebd71ace9810a0e7dd4f9992a64c56ca2f5b,Fe2 O5 Sr2,143474,,[],46,9,-6.73,1.672,"Within each normalized composition in the finite PBE/FERE source domain, select the row with the lowest finite total energy per atom; break an exact displayed-energy tie by smaller stable MatDB ID. Do not use PBE or GW gap values.",pbe_metadata + source_recovery:pbe
current-nlr-pbe-gw-v1:composition:97f9a5532edd3e3dea0993e3454c434b3ea5b45e44b439e5a50930434ae59d8a,Fe2 O5 Sr3,124785,,[],71,71,-6.487,0.903,"Within each normalized composition in the finite PBE/FERE source domain, select the row with the lowest finite total energy per atom; break an exact displayed-energy tie by smaller stable MatDB ID. Do not use PBE or GW gap values.",pbe_metadata + source_recovery:pbe
current-nlr-pbe-gw-v1:composition:9735539f6b3a851dbfbdcfb58f52e1dd80787e348f4d08ac4006a48b8d08023b,Fe2 O5 Ti,143825,,[],15,15,-7.476,1.977,"Within each normalized composition in the finite PBE/FERE source domain, select the row with the lowest finite total energy per atom; break an exact displayed-energy tie by smaller stable MatDB ID. Do not use PBE or GW gap values.",pbe_metadata + source_recovery:pbe
current-nlr-pbe-gw-v1:composition:427aae454e03a93d4f73938cdacdac082b69de9589754229c41ac294a6b38469,Fe2 O6 Sr3,124041,,[],139,139,-6.588,0.388,"Within each normalized composition in the finite PBE/FERE source domain, select the row with the lowest finite total energy per atom; break an exact displayed-energy tie by smaller stable MatDB ID. Do not use PBE or GW gap values.",pbe_metadata + source_recovery:pbe
current-nlr-pbe-gw-v1:composition:fbaa3a8177d31688c81739e577acd463200b6370d3672a2e997bf904f98b13e2,Fe2 O6 W,189645,,[],60,3,-7.585,1.489,"Within each normalized composition in the finite PBE/FERE source domain, select the row with the lowest finite total energy per atom; break an exact displayed-energy tie by smaller stable MatDB ID. Do not use PBE or GW gap values.",pbe_metadata + source_recovery:pbe
current-nlr-pbe-gw-v1:composition:6bf3fe0f2bda1a46e0b6d19f35830acf9a7b0ced31f7c622537b27a237cdec89,Fe2 O7 Rb8,175547,,[],14,14,-4.594,1.509,"Within each normalized composition in the finite PBE/FERE source domain, select the row with the lowest finite total energy per atom; break an exact displayed-energy tie by smaller stable MatDB ID. Do not use PBE or GW gap values.",pbe_metadata + source_recovery:pbe
current-nlr-pbe-gw-v1:composition:e349ee0782aa54c5910f8b06ff5794463a81c375fcb5dd614d5f470b1f7fa22a,Fe2 O7 Sr3,160448,,[],123,123,-6.526,0.036,"Within each normalized composition in the finite PBE/FERE source domain, select the row with the lowest finite total energy per atom; break an exact displayed-energy tie by smaller stable MatDB ID. Do not use PBE or GW gap values.",pbe_metadata + source_recovery:pbe
current-nlr-pbe-gw-v1:composition:83cba86e3a752a00efda0e4ee0c7ef2c1a9b75b23664ae1749d3cb11ad61ac8f,Fe2 O8 Rb7,143179,,[],14,7,-4.85,0.175,"Within each normalized composition in the finite PBE/FERE source domain, select the row with the lowest finite total energy per atom; break an exact displayed-energy tie by smaller stable MatDB ID. Do not use PBE or GW gap values.",pbe_metadata + source_recovery:pbe
current-nlr-pbe-gw-v1:composition:863faa3caf7da5757a31a0e1551257e3975ed57d35e3b02041d2f495880f3525,Fe3 Na O10 Si3,162244,,[],2,2,-7.286,0.579,"Within each normalized composition in the finite PBE/FERE source domain, select the row with the lowest finite total energy per atom; break an exact displayed-energy tie by smaller stable MatDB ID. Do not use PBE or GW gap values.",pbe_metadata + source_recovery:pbe
current-nlr-pbe-gw-v1:composition:9b898c3ee2669351566d997c7dfc4d701a71492ffab5909c16d72ecb180b2a7f,Fe3 Na O12 V3,160499,,[],1,1,-7.182,0.459,"Within each normalized composition in the finite PBE/FERE source domain, select the row with the lowest finite total energy per atom; break an exact displayed-energy tie by smaller stable MatDB ID. Do not use PBE or GW gap values.",pbe_metadata + source_recovery:pbe
current-nlr-pbe-gw-v1:composition:6db60a6704d4406c65280b71cd1b923fe71553dc44ce379792422e1745f8c1b8,Fe3 Na O5,188066,,[],58,6,-6.568,0.686,"Within each normalized composition in the finite PBE/FERE source domain, select the row with the lowest finite total energy per atom; break an exact displayed-energy tie by smaller stable MatDB ID. Do not use PBE or GW gap values.",pbe_metadata + source_recovery:pbe
current-nlr-pbe-gw-v1:composition:ca23300401ed2edcbf457348cc780fe997dff0bd6f93f933e7c1da83a53a328f,Fe3 Na7 O8,176523,,[],2,2,-5.329,1.97,"Within each normalized composition in the finite PBE/FERE source domain, select the row with the lowest finite total energy per atom; break an exact displayed-energy tie by smaller stable MatDB ID. Do not use PBE or GW gap values.",pbe_metadata + source_recovery:pbe
current-nlr-pbe-gw-v1:composition:e9519a0c35c1f9f82e6b959def874849970776837966fb7712828a2e28d0116b,Fe3 O4,191339,,[],227,2,-7.08,0.112,"Within each normalized composition in the finite PBE/FERE source domain, select the row with the lowest finite total energy per atom; break an exact displayed-energy tie by smaller stable MatDB ID. Do not use PBE or GW gap values.",pbe_metadata + source_recovery:pbe
current-nlr-pbe-gw-v1:composition:581e08987e898bcf1aa3610da578b7a5c78bc06d19ac1de08eb9d1ef9a2b74de,Fe3 O6 Rb5,192329,,[],122,1,-5.259,1.856,"Within each normalized composition in the finite PBE/FERE source domain, select the row with the lowest finite total energy per atom; break an exact displayed-energy tie by smaller stable MatDB ID. Do not use PBE or GW gap values.",pbe_metadata + source_recovery:pbe
current-nlr-pbe-gw-v1:composition:4f21705e3900b55515889968831f8002414fb91644ad0679ead3b75d2ade0a7d,Fe4 K14 O13,143050,,[],14,14,-4.853,1.945,"Within each normalized composition in the finite PBE/FERE source domain, select the row with the lowest finite total energy per atom; break an exact displayed-energy tie by smaller stable MatDB ID. Do not use PBE or GW gap values.",pbe_metadata + source_recovery:pbe
current-nlr-pbe-gw-v1:composition:99e622f156f680b181d0c2f46c48f612763c409be5da686ae422a44b81894dfd,Fe4 Mg3 O24 V6,159913,,[],2,1,-7.21,2.047,"Within each normalized composition in the finite PBE/FERE source domain, select the row with the lowest finite total energy per atom; break an exact displayed-energy tie by smaller stable MatDB ID. Do not use PBE or GW gap values.",pbe_metadata + source_recovery:pbe
current-nlr-pbe-gw-v1:composition:e0c5d25d803209ea8f44b8a8ecd00dd3ae3fbb54b1d486cf410470881a140c11,Fe4 Mn3 O24 V6,160938,,[],2,1,-7.535,1.032,"Within each normalized composition in the finite PBE/FERE source domain, select the row with the lowest finite total energy per atom; break an exact displayed-energy tie by smaller stable MatDB ID. Do not use PBE or GW gap values.",pbe_metadata + source_recovery:pbe
current-nlr-pbe-gw-v1:composition:e1bb4056f18998c6415d1796e0c78154d42751b9d9a6a3e57a8f46a1e370fe35,Fe4 N3 O,271965,271615,[271615],,1,-7.17,0.572,"Within each normalized composition in the finite PBE/FERE source domain, select the row with the lowest finite total energy per atom; break an exact displayed-energy tie by smaller stable MatDB ID. Do not use PBE or GW gap values.",pbe_metadata + source_recovery:pbe
current-nlr-pbe-gw-v1:composition:02b56471850ffafa5f2a5724942d362cfc029eb07d5065802da7dcbf4bdc722b,Fe4 O11 Sr4,161406,,[],65,38,-6.664,0.654,"Within each normalized composition in the finite PBE/FERE source domain, select the row with the lowest finite total energy per atom; break an exact displayed-energy tie by smaller stable MatDB ID. Do not use PBE or GW gap values.",pbe_metadata + source_recovery:pbe
current-nlr-pbe-gw-v1:composition:cc81ee56176e733a0aa2b521b5f1c10ea920eef2ee0ed1e45662db2270000d6b,Fe4 O16 Si2 Sn7,160000,,[],164,164,-6.597,1.869,"Within each normalized composition in the finite PBE/FERE source domain, select the row with the lowest finite total energy per atom; break an exact displayed-energy tie by smaller stable MatDB ID. Do not use PBE or GW gap values.",pbe_metadata + source_recovery:pbe
current-nlr-pbe-gw-v1:composition:1cc383f496da1760edbfed8a71f581746a9e2664cae69c75a4f9b58ca05b61f7,Fe5 Ge3 La O15,143805,,[],64,1,-6.971,1.428,"Within each normalized composition in the finite PBE/FERE source domain, select the row with the lowest finite total energy per atom; break an exact displayed-energy tie by smaller stable MatDB ID. Do not use PBE or GW gap values.",pbe_metadata + source_recovery:pbe
current-nlr-pbe-gw-v1:composition:8019fecf6d74c43e3e63565abd9fd6db446e8e310a3c26ec900fe700a0c86167,Fe5 K17 O16,124151,,[],8,8,-4.879,1.952,"Within each normalized composition in the finite PBE/FERE source domain, select the row with the lowest finite total energy per atom; break an exact displayed-energy tie by smaller stable MatDB ID. Do not use PBE or GW gap values.",pbe_metadata + source_recovery:pbe
current-nlr-pbe-gw-v1:composition:41da3f62c940eb7d46fd84b62de16f846ef63480854098aedc7bedbb24664d28,Fe5 Na2 O20 Si6 Ti,124896,,[],2,1,-7.402,1.782,"Within each normalized composition in the finite PBE/FERE source domain, select the row with the lowest finite total energy per atom; break an exact displayed-energy tie by smaller stable MatDB ID. Do not use PBE or GW gap values.",pbe_metadata + source_recovery:pbe
current-nlr-pbe-gw-v1:composition:ee4d0b988d5081ef1f0812237936dda4905471797c57aa114cfdf1050737c80c,Fe5 Na3 O9,160168,,[],15,1,-6.333,1.952,"Within each normalized composition in the finite PBE/FERE source domain, select the row with the lowest finite total energy per atom; break an exact displayed-energy tie by smaller stable MatDB ID. Do not use PBE or GW gap values.",pbe_metadata + source_recovery:pbe
current-nlr-pbe-gw-v1:composition:43d5d3c3756c1fdc5a87c68ffc226ea3bd6fa3461a3698f9ac1ab3250b7d00fb,Fe5 O12 Si3,161074,,[],230,1,-7.37,1.227,"Within each normalized composition in the finite PBE/FERE source domain, select the row with the lowest finite total energy per atom; break an exact displayed-energy tie by smaller stable MatDB ID. Do not use PBE or GW gap values.",pbe_metadata + source_recovery:pbe
current-nlr-pbe-gw-v1:composition:8c068dbd2019b41c730b9489b133be630fb697b9f1e4f72f9b6c2f56511c6add,Fe5 O12 Y3,162642,,[],230,1,-7.718,1.804,"Within each normalized composition in the finite PBE/FERE source domain, select the row with the lowest finite total energy per atom; break an exact displayed-energy tie by smaller stable MatDB ID. Do not use PBE or GW gap values.",pbe_metadata + source_recovery:pbe
current-nlr-pbe-gw-v1:composition:0b5f46debebca72a111e0ca87a623159de12241543637357a5cde0ced8042f03,Fe6 O13 Sr4,162339,,[],45,1,-6.764,0.652,"Within each normalized composition in the finite PBE/FERE source domain, select the row with the lowest finite total energy per atom; break an exact displayed-energy tie by smaller stable MatDB ID. Do not use PBE or GW gap values.",pbe_metadata + source_recovery:pbe
current-nlr-pbe-gw-v1:composition:dd5a7cf1936b70ac9555241af1422254466cd8eb9ff4e09dfc4dfb934d57d594,Ga Ge5 La3 O16,110271,,[],2,2,-7.034,3.113,"Within each normalized composition in the finite PBE/FERE source domain, select the row with the lowest finite total energy per atom; break an exact displayed-energy tie by smaller stable MatDB ID. Do not use PBE or GW gap values.",pbe_metadata + source_recovery:pbe
current-nlr-pbe-gw-v1:composition:542f7c64ed1d927eabc217a3873fe804f782ab3ec6737b0300cbb16a7f190a3b,Ga In O3,110120,,[],194,194,-5.863,1.36,"Within each normalized composition in the finite PBE/FERE source domain, select the row with the lowest finite total energy per atom; break an exact displayed-energy tie by smaller stable MatDB ID. Do not use PBE or GW gap values.",pbe_metadata + source_recovery:pbe
current-nlr-pbe-gw-v1:composition:ac99f0c46df0b621becb9e677fed4e8f22fa1c08f25cb82675d619f68dbe0ccd,Ga In O5 Zn2,109219,,[],194,194,-5.294,1.191,"Within each normalized composition in the finite PBE/FERE source domain, select the row with the lowest finite total energy per atom; break an exact displayed-energy tie by smaller stable MatDB ID. Do not use PBE or GW gap values.",pbe_metadata + source_recovery:pbe
current-nlr-pbe-gw-v1:composition:c5b5432cc569249e6b34d228b8317bb8793f86771fadd80d61982435023c0dfc,Ga In O7 Zn4,109789,,[],194,194,-5.068,0.964,"Within each normalized composition in the finite PBE/FERE source domain, select the row with the lowest finite total energy per atom; break an exact displayed-energy tie by smaller stable MatDB ID. Do not use PBE or GW gap values.",pbe_metadata + source_recovery:pbe
current-nlr-pbe-gw-v1:composition:05f174bf29d62b88685db45e8ccc66e278d67ac3246bf70728290cfccb3c5088,Ga K Na2 O3,108915,,[],62,62,-4.743,2.523,"Within each normalized composition in the finite PBE/FERE source domain, select the row with the lowest finite total energy per atom; break an exact displayed-energy tie by smaller stable MatDB ID. Do not use PBE or GW gap values.",pbe_metadata + source_recovery:pbe
current-nlr-pbe-gw-v1:composition:f82bd2add7832b8e73dc7ffe5321e9994ec2efb2e1acf4cf1aec9f19cd59c30b,Ga K Na4 O4,109664,,[],61,61,-4.473,2.421,"Within each normalized composition in the finite PBE/FERE source domain, select the row with the lowest finite total energy per atom; break an exact displayed-energy tie by smaller stable MatDB ID. Do not use PBE or GW gap values.",pbe_metadata + source_recovery:pbe
current-nlr-pbe-gw-v1:composition:70da910b4e0b07f3451e59b2e5620e0348d1e7aece7e2ee4e58f3933c8400a34,Ga K O2,110031,,[],61,61,-5.371,3.061,"Within each normalized composition in the finite PBE/FERE source domain, select the row with the lowest finite total energy per atom; break an exact displayed-energy tie by smaller stable MatDB ID. Do not use PBE or GW gap values.",pbe_metadata + source_recovery:pbe
current-nlr-pbe-gw-v1:composition:c6a73069fc40157b43d0e7bd482f50f464f8b91748258e808142b2679327d8ad,Ga K3 O3,110346,,[],12,12,-4.642,2.649,"Within each normalized composition in the finite PBE/FERE source domain, select the row with the lowest finite total energy per atom; break an exact displayed-energy tie by smaller stable MatDB ID. Do not use PBE or GW gap values.",pbe_metadata + source_recovery:pbe
current-nlr-pbe-gw-v1:composition:2d975bf2526986c709dab8a0800dc03d3fef67225b4f77d1f428e983a8b715ea,Ga La O3,110282,,[],62,62,-7.122,3.25,"Within each normalized composition in the finite PBE/FERE source domain, select the row with the lowest finite total energy per atom; break an exact displayed-energy tie by smaller stable MatDB ID. Do not use PBE or GW gap values.",pbe_metadata + source_recovery:pbe
current-nlr-pbe-gw-v1:composition:e482b2ad26b0a1b8dc0420ff38b4239a200a189ffb3cf512083cbb68041dcddc,Ga Mg Mo4 O7,192401,,[],74,15,-7.112,0.439,"Within each normalized composition in the finite PBE/FERE source domain, select the row with the lowest finite total energy per atom; break an exact displayed-energy tie by smaller stable MatDB ID. Do not use PBE or GW gap values.",pbe_metadata + source_recovery:pbe
current-nlr-pbe-gw-v1:composition:ce83aece30848cd059dabc8cd99b430b3519afc6dfb29f2b7b735f06a468805d,Ga Na O2,109815,,[],33,33,-5.452,2.864,"Within each normalized composition in the finite PBE/FERE source domain, select the row with the lowest finite total energy per atom; break an exact displayed-energy tie by smaller stable MatDB ID. Do not use PBE or GW gap values.",pbe_metadata + source_recovery:pbe
current-nlr-pbe-gw-v1:composition:75a19d03da8bc1d88facd9c86f5770c74c56c830ab1a7202b83f03294e3a3128,Ga Na O4 Si,110060,,[],173,173,-6.544,3.829,"Within each normalized composition in the finite PBE/FERE source domain, select the row with the lowest finite total energy per atom; break an exact displayed-energy tie by smaller stable MatDB ID. Do not use PBE or GW gap values.",pbe_metadata + source_recovery:pbe
current-nlr-pbe-gw-v1:composition:b9d6a44a2e36f6188ab37f070273b8997f5f1bfdea1c62ba034f92c39fd269d3,Ga Na O6 Si2,110062,,[],15,15,-6.936,4.221,"Within each normalized composition in the finite PBE/FERE source domain, select the row with the lowest finite total energy per atom; break an exact displayed-energy tie by smaller stable MatDB ID. Do not use PBE or GW gap values.",pbe_metadata + source_recovery:pbe
current-nlr-pbe-gw-v1:composition:bd9e0cdd9b06b98948dde778f30f3e1938d9e399d7e684765863966a6cd36ed6,Ga Na5 O4,108895,,[],61,61,-4.495,2.212,"Within each normalized composition in the finite PBE/FERE source domain, select the row with the lowest finite total energy per atom; break an exact displayed-energy tie by smaller stable MatDB ID. Do not use PBE or GW gap values.",pbe_metadata + source_recovery:pbe
current-nlr-pbe-gw-v1:composition:27785bfb6d3fa774a2883f1fdcd66ebc2af855cc034939713371d0505ce823b1,Ga Nb O4,124070,,[],5,12,-7.3,3.599,"Within each normalized composition in the finite PBE/FERE source domain, select the row with the lowest finite total energy per atom; break an exact displayed-energy tie by smaller stable MatDB ID. Do not use PBE or GW gap values.",pbe_metadata + source_recovery:pbe
current-nlr-pbe-gw-v1:composition:b9e27f156da097644005f70309204e70ec914ae42d8370d684d208f3adf4517e,Ga O12 Rb2 Si4 Y,110340,,[],15,15,-7.308,4.098,"Within each normalized composition in the finite PBE/FERE source domain, select the row with the lowest finite total energy per atom; break an exact displayed-energy tie by smaller stable MatDB ID. Do not use PBE or GW gap values.",pbe_metadata + source_recovery:pbe
current-nlr-pbe-gw-v1:composition:3137610cc95004ba5b545e777b2ee14f555801ab29370101495babb222a74e96,Ga O3 Rb3,110829,,[],12,12,-4.52,2.439,"Within each normalized composition in the finite PBE/FERE source domain, select the row with the lowest finite total energy per atom; break an exact displayed-energy tie by smaller stable MatDB ID. Do not use PBE or GW gap values.",pbe_metadata + source_recovery:pbe
current-nlr-pbe-gw-v1:composition:ba8243f09e609e10f987d17d425245652ef37a533950e6af3673f1b544703a5c,Ga O3 Y,110175,,[],185,185,-7.409,2.727,"Within each normalized composition in the finite PBE/FERE source domain, select the row with the lowest finite total energy per atom; break an exact displayed-energy tie by smaller stable MatDB ID. Do not use PBE or GW gap values.",pbe_metadata + source_recovery:pbe
current-nlr-pbe-gw-v1:composition:6cbcfadc6665af4cd91569ef3e2c17606499115e2a0b1effdee6d656e777520a,Ga O6 Y3,109261,,[],36,36,-8.086,3.342,"Within each normalized composition in the finite PBE/FERE source domain, select the row with the lowest finite total energy per atom; break an exact displayed-energy tie by smaller stable MatDB ID. Do not use PBE or GW gap values.",pbe_metadata + source_recovery:pbe
current-nlr-pbe-gw-v1:composition:45d075f2b5c6949ea71ba9828f211c4daebfb83e4cbdf7adabd7fc2208ebf893,Ga10 Ge O20 Pb3,108812,,[],12,12,-6.022,3.047,"Within each normalized composition in the finite PBE/FERE source domain, select the row with the lowest finite total energy per atom; break an exact displayed-energy tie by smaller stable MatDB ID. Do not use PBE or GW gap values.",pbe_metadata + source_recovery:pbe
current-nlr-pbe-gw-v1:composition:1193f12b1d2447fd5d1ae2a16f051f44ecb08a8a18b27fa5394035204189c981,Ga2 Ge2 O8 Sr,110900,,[],14,14,-6.39,3.102,"Within each normalized composition in the finite PBE/FERE source domain, select the row with the lowest finite total energy per atom; break an exact displayed-energy tie by smaller stable MatDB ID. Do not use PBE or GW gap values.",pbe_metadata + source_recovery:pbe
current-nlr-pbe-gw-v1:composition:8a03adfe88d983fe51c825ad14be3eada6381ae23f56da3a3894b6caff41a84a,Ga2 Ge3 O10 Rb2,109712,,[],5,5,-6.038,3.247,"Within each normalized composition in the finite PBE/FERE source domain, select the row with the lowest finite total energy per atom; break an exact displayed-energy tie by smaller stable MatDB ID. Do not use PBE or GW gap values.",pbe_metadata + source_recovery:pbe
current-nlr-pbe-gw-v1:composition:ea199d711be6c6296cac740518e163c83b6465a7daae6c3a2355b4b7e09238ee,Ga2 Ge4 O14 Pb3,110071,,[],150,150,-6.158,2.201,"Within each normalized composition in the finite PBE/FERE source domain, select the row with the lowest finite total energy per atom; break an exact displayed-energy tie by smaller stable MatDB ID. Do not use PBE or GW gap values.",pbe_metadata + source_recovery:pbe
current-nlr-pbe-gw-v1:composition:31d5df53639a867e604b48178c29af17b9c9e0ee98ec6f6dd3e91043c8ce705f,Ga2 Hg O4,2328,,[],,227,-5.137,0.595,"Within each normalized composition in the finite PBE/FERE source domain, select the row with the lowest finite total energy per atom; break an exact displayed-energy tie by smaller stable MatDB ID. Do not use PBE or GW gap values.",pbe_metadata + source_recovery:pbe
current-nlr-pbe-gw-v1:composition:8c631d37fda60ffe01ce4be052e9ac6875dad22b1b32332cbde26afaa47222f2,Ga2 In6 O8 Pt,192290,,[],225,225,-5.338,0.603,"Within each normalized composition in the finite PBE/FERE source domain, select the row with the lowest finite total energy per atom; break an exact displayed-energy tie by smaller stable MatDB ID. Do not use PBE or GW gap values.",pbe_metadata + source_recovery:pbe
current-nlr-pbe-gw-v1:composition:9b6db3c530ec6b41956b996cbb1ff24732882361814cc63aaebb67dc2f53ad05,Ga2 La4 O9,110211,,[],14,14,-7.51,3.718,"Within each normalized composition in the finite PBE/FERE source domain, select the row with the lowest finite total energy per atom; break an exact displayed-energy tie by smaller stable MatDB ID. Do not use PBE or GW gap values.",pbe_metadata + source_recovery:pbe
current-nlr-pbe-gw-v1:composition:b721576214ab474f8b5c6867340375213420300cd15575a8dd6f5735f6b3e263,Ga2 Mg O4,110904,,[],227,227,-6.08,3.145,"Within each normalized composition in the finite PBE/FERE source domain, select the row with the lowest finite total energy per atom; break an exact displayed-energy tie by smaller stable MatDB ID. Do not use PBE or GW gap values.",pbe_metadata + source_recovery:pbe
current-nlr-pbe-gw-v1:composition:94894f2df6e0179a966025cfee3288aed464ea528e5256654e8dbfedcc5eea9c,Ga2 Mn O4,9747,9747,[],,227,-6.633,1.651,"Within each normalized composition in the finite PBE/FERE source domain, select the row with the lowest finite total energy per atom; break an exact displayed-energy tie by smaller stable MatDB ID. Do not use PBE or GW gap values.",pbe_metadata + source_recovery:pbe
current-nlr-pbe-gw-v1:composition:c04466653429d295084f3c006e38228c0409bffc82018036eea04b8184b8ae80,Ga2 Na8 O7,109867,,[],14,14,-4.621,2.271,"Within each normalized composition in the finite PBE/FERE source domain, select the row with the lowest finite total energy per atom; break an exact displayed-energy tie by smaller stable MatDB ID. Do not use PBE or GW gap values.",pbe_metadata + source_recovery:pbe
current-nlr-pbe-gw-v1:composition:1367b243719419b65b13aefc7c73028c68a9d5898ef6569e11cbcd9877db47f6,Ga2 Ni O4,9854,9854,[],,74,-5.931,1.278,"Within each normalized composition in the finite PBE/FERE source domain, select the row with the lowest finite total energy per atom; break an exact displayed-energy tie by smaller stable MatDB ID. Do not use PBE or GW gap values.",pbe_metadata + source_recovery:pbe
current-nlr-pbe-gw-v1:composition:0473f6d3730d03231247a3979afa420a0e0bbc7e7c1c38d3739dca84f3834a5d,Ga2 O3,9871,9871,[],,12,-6.056,2.02,"Within each normalized composition in the finite PBE/FERE source domain, select the row with the lowest finite total energy per atom; break an exact displayed-energy tie by smaller stable MatDB ID. Do not use PBE or GW gap values.",pbe_metadata + source_recovery:pbe
current-nlr-pbe-gw-v1:composition:66ac84d131c5cc407b7f9839d815ad56b1a5e38f0b64ceac80bbaae8d4ffa0df,Ga2 O4 Pb,110356,,[],40,40,-5.914,3.447,"Within each normalized composition in the finite PBE/FERE source domain, select the row with the lowest finite total energy per atom; break an exact displayed-energy tie by smaller stable MatDB ID. Do not use PBE or GW gap values.",pbe_metadata + source_recovery:pbe
current-nlr-pbe-gw-v1:composition:1b067595010c9c41ce18fcf32d042603f37f681578770c6e20ab75b6416b7de3,Ga2 O4 Sn,2568,,[],,84,-5.704,0.156,"Within each normalized composition in the finite PBE/FERE source domain, select the row with the lowest finite total energy per atom; break an exact displayed-energy tie by smaller stable MatDB ID. Do not use PBE or GW gap values.",pbe_metadata + source_recovery:pbe
current-nlr-pbe-gw-v1:composition:7cff9afac09c8e8f63e5bcfdfa67f6a2f7d99838fc26af8ad02cf488c91d2ffb,Ga2 O4 Sr,110245,,[],14,14,-6.194,3.06,"Within each normalized composition in the finite PBE/FERE source domain, select the row with the lowest finite total energy per atom; break an exact displayed-energy tie by smaller stable MatDB ID. Do not use PBE or GW gap values.",pbe_metadata + source_recovery:pbe
current-nlr-pbe-gw-v1:composition:f988a1ff34df7234304ee83c1c98b5bef24184cdacbc292bc225011f6bcfb823,Ga2 O4 Ti,2642,,[],,1,-6.596,2.23,"Within each normalized composition in the finite PBE/FERE source domain, select the row with the lowest finite total energy per atom; break an exact displayed-energy tie by smaller stable MatDB ID. Do not use PBE or GW gap values.",pbe_metadata + source_recovery:pbe
current-nlr-pbe-gw-v1:composition:c17d77357f4688cd4f7eb98fb0cd701970c92351e3a47fdfef8a77cd53cd302b,Ga2 O4 V,2820,,[],,4,-6.44,1.591,"Within each normalized composition in the finite PBE/FERE source domain, select the row with the lowest finite total energy per atom; break an exact displayed-energy tie by smaller stable MatDB ID. Do not use PBE or GW gap values.",pbe_metadata + source_recovery:pbe
current-nlr-pbe-gw-v1:composition:e80a318a7592d966440b34fc114d715a880d0daa52c11ecab50c1cdb1bc3b62f,Ga2 O4 Zn,9894,9894,[],,227,-5.677,2.35,"Within each normalized composition in the finite PBE/FERE source domain, select the row with the lowest finite total energy per atom; break an exact displayed-energy tie by smaller stable MatDB ID. Do not use PBE or GW gap values.",pbe_metadata + source_recovery:pbe
current-nlr-pbe-gw-v1:composition:452467376a68f6df2c3a6b48a8b94071c6edc5295850b8a3c0693b74d82b64fa,Ga2 O8 Si2 Sr,110368,,[],14,14,-7.04,3.95,"Within each normalized composition in the finite PBE/FERE source domain, select the row with the lowest finite total energy per atom; break an exact displayed-energy tie by smaller stable MatDB ID. Do not use PBE or GW gap values.",pbe_metadata + source_recovery:pbe
current-nlr-pbe-gw-v1:composition:60e255226b59f98fe1d27d6185c3f4cea5a18148a3a2c1581ec5065bf1d46897,Ga4 Ge O8,110252,,[],12,12,-6.158,2.032,"Within each normalized composition in the finite PBE/FERE source domain, select the row with the lowest finite total energy per atom; break an exact displayed-energy tie by smaller stable MatDB ID. Do not use PBE or GW gap values.",pbe_metadata + source_recovery:pbe
current-nlr-pbe-gw-v1:composition:d8916755c83a6dd0ba991b33ab2a5d7784983da8eb6fb751b78da4105ddadbab,Ga4 O7 Sr,109318,,[],15,15,-6.152,2.436,"Within each normalized composition in the finite PBE/FERE source domain, select the row with the lowest finite total energy per atom; break an exact displayed-energy tie by smaller stable MatDB ID. Do not use PBE or GW gap values.",pbe_metadata + source_recovery:pbe
current-nlr-pbe-gw-v1:composition:d4dd4d4342e591a2f4774e99f4fcda660cc6bf029f1e5847b67c2dba2860dd14,Ga4 O8 Ti,110968,,[],12,12,-6.568,2.59,"Within each normalized composition in the finite PBE/FERE source domain, select the row with the lowest finite total energy per atom; break an exact displayed-energy tie by smaller stable MatDB ID. Do not use PBE or GW gap values.",pbe_metadata + source_recovery:pbe
current-nlr-pbe-gw-v1:composition:99f0e35d7756bd104817ac47a5b61368f7c5e17d64ceb6843bf3976d5d1c79f6,Ga4 O9 Sr3,109888,,[],2,2,-6.207,2.894,"Within each normalized composition in the finite PBE/FERE source domain, select the row with the lowest finite total energy per atom; break an exact displayed-energy tie by smaller stable MatDB ID. Do not use PBE or GW gap values.",pbe_metadata + source_recovery:pbe
current-nlr-pbe-gw-v1:composition:09c192a24b681afb00c63532798304cecf6ded90da77597fa4b5c2cbe718b399,Ga5 La3 O14 Sn,109734,,[],150,150,-6.832,3.243,"Within each normalized composition in the finite PBE/FERE source domain, select the row with the lowest finite total energy per atom; break an exact displayed-energy tie by smaller stable MatDB ID. Do not use PBE or GW gap values.",pbe_metadata + source_recovery:pbe
current-nlr-pbe-gw-v1:composition:98294ae31cd93db4b4713cf01e848781599256493f190d6c64938edd18c0d573,Ga5 Na O12 Ti2,108956,,[],55,55,-6.602,2.885,"Within each normalized composition in the finite PBE/FERE source domain, select the row with the lowest finite total energy per atom; break an exact displayed-energy tie by smaller stable MatDB ID. Do not use PBE or GW gap values.",pbe_metadata + source_recovery:pbe
current-nlr-pbe-gw-v1:composition:72b21dc9352f1a2129c76bdc69d62774b9641b66544e50e16644123c3d590596,Ga5 O12 Y3,110273,,[],230,230,-7.124,3.268,"Within each normalized composition in the finite PBE/FERE source domain, select the row with the lowest finite total energy per atom; break an exact displayed-energy tie by smaller stable MatDB ID. Do not use PBE or GW gap values.",pbe_metadata + source_recovery:pbe
current-nlr-pbe-gw-v1:composition:dd2d85ea417b8a660784fa5b4451ff30aef20791a9dc024873c1eabd768f5241,Ge Hf O4,110974,,[],88,88,-8.07,3.987,"Within each normalized composition in the finite PBE/FERE source domain, select the row with the lowest finite total energy per atom; break an exact displayed-energy tie by smaller stable MatDB ID. Do not use PBE or GW gap values.",pbe_metadata + source_recovery:pbe
current-nlr-pbe-gw-v1:composition:deadbe33d77baac0dafe8162fc69adc26897b125d1a069f7074708e5b2a7bb9d,Ge Hg2 O4,109894,,[],70,70,-4.462,0.932,"Within each normalized composition in the finite PBE/FERE source domain, select the row with the lowest finite total energy per atom; break an exact displayed-energy tie by smaller stable MatDB ID. Do not use PBE or GW gap values.",pbe_metadata + source_recovery:pbe
current-nlr-pbe-gw-v1:composition:ee0c9aebd2da788b1f6a7955a10407602ebbd1dd589dd1a35cd0b1ac055906f9,Ge In7 Ir O8,124065,,[],216,216,-5.418,0.453,"Within each normalized composition in the finite PBE/FERE source domain, select the row with the lowest finite total energy per atom; break an exact displayed-energy tie by smaller stable MatDB ID. Do not use PBE or GW gap values.",pbe_metadata + source_recovery:pbe
current-nlr-pbe-gw-v1:composition:06167c95be2908e20adff6d44325f3bf4c50711ffdbcfac37882954bbb338de8,Ge K Na O3,109741,,[],33,33,-5.429,3.032,"Within each normalized composition in the finite PBE/FERE source domain, select the row with the lowest finite total energy per atom; break an exact displayed-energy tie by smaller stable MatDB ID. Do not use PBE or GW gap values.",pbe_metadata + source_recovery:pbe
current-nlr-pbe-gw-v1:composition:a8250ebbff74eb8415b0d65c03ae1c7f511a74e5f051d787634903b31a12febb,Ge K2 O15 Si6,110130,,[],9,9,-7.307,4.376,"Within each normalized composition in the finite PBE/FERE source domain, select the row with the lowest finite total energy per atom; break an exact displayed-energy tie by smaller stable MatDB ID. Do not use PBE or GW gap values.",pbe_metadata + source_recovery:pbe
current-nlr-pbe-gw-v1:composition:8b12efb65691b5f15b1a272cf923801adc66d4df80aece3cfc351080aa1f94ea,Ge K2 O4 Zn,108984,,[],29,29,-5.203,2.845,"Within each normalized composition in the finite PBE/FERE source domain, select the row with the lowest finite total energy per atom; break an exact displayed-energy tie by smaller stable MatDB ID. Do not use PBE or GW gap values.",pbe_metadata + source_recovery:pbe
current-nlr-pbe-gw-v1:composition:be14d21f60a58966d341edc4a579701d5ff1470ec1e2821a3646bacaaa2888bd,Ge K4 O4,109350,,[],14,14,-4.872,2.808,"Within each normalized composition in the finite PBE/FERE source domain, select the row with the lowest finite total energy per atom; break an exact displayed-energy tie by smaller stable MatDB ID. Do not use PBE or GW gap values.",pbe_metadata + source_recovery:pbe
current-nlr-pbe-gw-v1:composition:5962149efb1869bcc6389eb1a0ec1940c3f57bd742705e5534b846409ae4c23b,Ge La2 Mg O6,110980,,[],146,148,-7.3,3.979,"Within each normalized composition in the finite PBE/FERE source domain, select the row with the lowest finite total energy per atom; break an exact displayed-energy tie by smaller stable MatDB ID. Do not use PBE or GW gap values.",pbe_metadata + source_recovery:pbe
current-nlr-pbe-gw-v1:composition:b6e9c0d5ef4c52c23fd6c9ebaa5bb2ae9a4b504bcbe0ffe3e23b9ad64696e4fd,Ge La2 O5,109904,,[],14,14,-7.645,3.871,"Within each normalized composition in the finite PBE/FERE source domain, select the row with the lowest finite total energy per atom; break an exact displayed-energy tie by smaller stable MatDB ID. Do not use PBE or GW gap values.",pbe_metadata + source_recovery:pbe
current-nlr-pbe-gw-v1:composition:68c2014736c44de01018f8cc1035277d066e33478b7447d594e6d58731eb0b39,Ge Mg O3,109923,,[],15,15,-6.369,2.541,"Within each normalized composition in the finite PBE/FERE source domain, select the row with the lowest finite total energy per atom; break an exact displayed-energy tie by smaller stable MatDB ID. Do not use PBE or GW gap values.",pbe_metadata + source_recovery:pbe
current-nlr-pbe-gw-v1:composition:60b85e10cb59d14052fd0bc2180fc969b9a99bd0142c239c84ac7878055a9bcc,Ge Mg2 O4,109927,,[],227,227,-6.297,3.076,"Within each normalized composition in the finite PBE/FERE source domain, select the row with the lowest finite total energy per atom; break an exact displayed-energy tie by smaller stable MatDB ID. Do not use PBE or GW gap values.",pbe_metadata + source_recovery:pbe
current-nlr-pbe-gw-v1:composition:cf51ec82a1ec8e40502d37644723d7d6b2b38a2075b3e692ef7b064c646658f3,Ge Mn O3,192429,,[],148,2,-7.117,1.814,"Within each normalized composition in the finite PBE/FERE source domain, select the row with the lowest finite total energy per atom; break an exact displayed-energy tie by smaller stable MatDB ID. Do not use PBE or GW gap values.",pbe_metadata + source_recovery:pbe
current-nlr-pbe-gw-v1:composition:1524ed7aba0f22f66a773d7867668a83a8088d520b39b3fc14e40edfd801779e,Ge Mn2 O4,124578,,[],55,55,-7.335,1.438,"Within each normalized composition in the finite PBE/FERE source domain, select the row with the lowest finite total energy per atom; break an exact displayed-energy tie by smaller stable MatDB ID. Do not use PBE or GW gap values.",pbe_metadata + source_recovery:pbe
current-nlr-pbe-gw-v1:composition:e9f2e808e9e2ad9011afba3a49ce2409893800b27b387d756833c17b2698c970,Ge Na Nb O5,124322,,[],14,14,-6.923,3.062,"Within each normalized composition in the finite PBE/FERE source domain, select the row with the lowest finite total energy per atom; break an exact displayed-energy tie by smaller stable MatDB ID. Do not use PBE or GW gap values.",pbe_metadata + source_recovery:pbe
current-nlr-pbe-gw-v1:composition:22bb5530dbadb1605b78c5c8dd4aa1070e2ecccca81ab9f8fe1fa807a37f6b55,Ge Na O4 Y,109794,,[],33,62,-6.95,3.531,"Within each normalized composition in the finite PBE/FERE source domain, select the row with the lowest finite total energy per atom; break an exact displayed-energy tie by smaller stable MatDB ID. Do not use PBE or GW gap values.",pbe_metadata + source_recovery:pbe
current-nlr-pbe-gw-v1:composition:4396baf1bebd740c335bf86ebbda5472f9d32d262e2fd2ddd00c621852a42a8e,Ge Na2 O3,110313,,[],36,36,-5.487,2.969,"Within each normalized composition in the finite PBE/FERE source domain, select the row with the lowest finite total energy per atom; break an exact displayed-energy tie by smaller stable MatDB ID. Do not use PBE or GW gap values.",pbe_metadata + source_recovery:pbe
current-nlr-pbe-gw-v1:composition:30089d665c3714bfa2a802ff576345070e07fdd5c7eb3255c18ce06b4cbd8908,Ge Na2 O4 Zn,109935,,[],7,7,-5.278,2.625,"Within each normalized composition in the finite PBE/FERE source domain, select the row with the lowest finite total energy per atom; break an exact displayed-energy tie by smaller stable MatDB ID. Do not use PBE or GW gap values.",pbe_metadata + source_recovery:pbe
current-nlr-pbe-gw-v1:composition:018588bc2046bdd3f0e6c6c37bcb129f38f396264fb49d136c0f46a8d2eb66c9,Ge Na2 O5 Ti,109802,,[],129,129,-6.423,3.649,"Within each normalized composition in the finite PBE/FERE source domain, select the row with the lowest finite total energy per atom; break an exact displayed-energy tie by smaller stable MatDB ID. Do not use PBE or GW gap values.",pbe_metadata + source_recovery:pbe
current-nlr-pbe-gw-v1:composition:829caf0bbf829787e3f045001fb170b42488d1a2ae8d3cf4dff56580ee4eb5c4,Ge Na2 O5 Zr,110335,,[],14,14,-6.642,3.276,"Within each normalized composition in the finite PBE/FERE source domain, select the row with the lowest finite total energy per atom; break an exact displayed-energy tie by smaller stable MatDB ID. Do not use PBE or GW gap values.",pbe_metadata + source_recovery:pbe
current-nlr-pbe-gw-v1:composition:33fd941a4556d053ecf2c65c368332a69436204199a21ad63966bef7aa502f2c,Ge Na2 O7 Ti Zn2,109427,,[],61,61,-5.869,3.055,"Within each normalized composition in the finite PBE/FERE source domain, select the row with the lowest finite total energy per atom; break an exact displayed-energy tie by smaller stable MatDB ID. Do not use PBE or GW gap values.",pbe_metadata + source_recovery:pbe
current-nlr-pbe-gw-v1:composition:67209cc9cc8731ba56418222ffa21487e8ae6049f9874946dfabf354eb43781e,Ge Na4 O4,111042,,[],2,2,-5.021,2.821,"Within each normalized composition in the finite PBE/FERE source domain, select the row with the lowest finite total energy per atom; break an exact displayed-energy tie by smaller stable MatDB ID. Do not use PBE or GW gap values.",pbe_metadata + source_recovery:pbe
current-nlr-pbe-gw-v1:composition:2d6443c822c4ca65927d79b94dc5bfd6be04b307667cf78e0a360bfab6179468,Ge Ni2 O4,10266,10266,[],,227,-5.969,1.895,"Within each normalized composition in the finite PBE/FERE source domain, select the row with the lowest finite total energy per atom; break an exact displayed-energy tie by smaller stable MatDB ID. Do not use PBE or GW gap values.",pbe_metadata + source_recovery:pbe
current-nlr-pbe-gw-v1:composition:4a28092f78d6d96eec29726b64202ffcfc0ed7adf5127b667d5fea77596673d6,Ge O Sr3,109818,,[],62,62,-4.355,0.434,"Within each normalized composition in the finite PBE/FERE source domain, select the row with the lowest finite total energy per atom; break an exact displayed-energy tie by smaller stable MatDB ID. Do not use PBE or GW gap values.",pbe_metadata + source_recovery:pbe
current-nlr-pbe-gw-v1:composition:9a0e81d93236f722f2c252add9dcee4dad1c8dd63b68c944d058ccf7ad00e70e,Ge O2,9896,9896,[],,136,-6.472,1.232,"Within each normalized composition in the finite PBE/FERE source domain, select the row with the lowest finite total energy per atom; break an exact displayed-energy tie by smaller stable MatDB ID. Do not use PBE or GW gap values.",pbe_metadata + source_recovery:pbe
current-nlr-pbe-gw-v1:composition:bb917885bb84284f85c032565b0bd0d9dbf43df8fd6955ad71659f400bd2699c,Ge O3 Pb,109854,,[],148,148,-6.16,2.956,"Within each normalized composition in the finite PBE/FERE source domain, select the row with the lowest finite total energy per atom; break an exact displayed-energy tie by smaller stable MatDB ID. Do not use PBE or GW gap values.",pbe_metadata + source_recovery:pbe
current-nlr-pbe-gw-v1:composition:e38934d35a8d7b486c55eafd8e3058389af01ce95ec2924850752bad1b465c81,Ge O3 Rb2,110498,,[],14,14,-5.31,3.003,"Within each normalized composition in the finite PBE/FERE source domain, select the row with the lowest finite total energy per atom; break an exact displayed-energy tie by smaller stable MatDB ID. Do not use PBE or GW gap values.",pbe_metadata + source_recovery:pbe
current-nlr-pbe-gw-v1:composition:760153d533cd31dcddc32946244ede030b50e8cab0cefcea97537dba1c076e47,Ge O3 Sr,110502,,[],15,15,-6.569,3.381,"Within each normalized composition in the finite PBE/FERE source domain, select the row with the lowest finite total energy per atom; break an exact displayed-energy tie by smaller stable MatDB ID. Do not use PBE or GW gap values.",pbe_metadata + source_recovery:pbe
current-nlr-pbe-gw-v1:composition:0faa91c07f2baedcecee84730da813cef84908ceaea93de55023169412e06944,Ge O3 Zn,109454,,[],148,148,-5.714,2.106,"Within each normalized composition in the finite PBE/FERE source domain, select the row with the lowest finite total energy per atom; break an exact displayed-energy tie by smaller stable MatDB ID. Do not use PBE or GW gap values.",pbe_metadata + source_recovery:pbe
current-nlr-pbe-gw-v1:composition:a9aac2b109559746c8463e7c6ac7bd5af9c4dfcb8891dc58a4a57dd1087d8b81,Ge O4 Rb4,109983,,[],14,14,-4.748,2.519,"Within each normalized composition in the finite PBE/FERE source domain, select the row with the lowest finite total energy per atom; break an exact displayed-energy tie by smaller stable MatDB ID. Do not use PBE or GW gap values.",pbe_metadata + source_recovery:pbe
current-nlr-pbe-gw-v1:composition:f3040d2105d4e4d8e66849acf025c0ba2b2b5cc8c78d6c6b2ee11df5c7c4e8a1,Ge O4 Sr2,110281,,[],33,33,-6.501,3.536,"Within each normalized composition in the finite PBE/FERE source domain, select the row with the lowest finite total energy per atom; break an exact displayed-energy tie by smaller stable MatDB ID. Do not use PBE or GW gap values.",pbe_metadata + source_recovery:pbe
current-nlr-pbe-gw-v1:composition:0b3571227aa6863ae94ae5f7010f71f8046183f5ee3476022015e598da095439,Ge O4 Zn2,110522,,[],148,148,-5.436,1.966,"Within each normalized composition in the finite PBE/FERE source domain, select the row with the lowest finite total energy per atom; break an exact displayed-energy tie by smaller stable MatDB ID. Do not use PBE or GW gap values.",pbe_metadata + source_recovery:pbe
current-nlr-pbe-gw-v1:composition:f56e8e44abbfc8556193850b860716aa843a3e24a65b822df7158043b32cccb8,Ge O4 Zr,110374,,[],88,88,-7.748,3.975,"Within each normalized composition in the finite PBE/FERE source domain, select the row with the lowest finite total energy per atom; break an exact displayed-energy tie by smaller stable MatDB ID. Do not use PBE or GW gap values.",pbe_metadata + source_recovery:pbe
current-nlr-pbe-gw-v1:composition:65999413be2ff5a3324446dc02b3b928bc58ed99015c265b7a8f3fc0098bba98,Ge O5 Pb3,109464,,[],4,4,-5.855,2.316,"Within each normalized composition in the finite PBE/FERE source domain, select the row with the lowest finite total energy per atom; break an exact displayed-energy tie by smaller stable MatDB ID. Do not use PBE or GW gap values.",pbe_metadata + source_recovery:pbe
current-nlr-pbe-gw-v1:composition:ea24fcfcb4c57a93a8f91c9ba26edadb7cc7a9e6eedabe0632b95016e85308f6,Ge O5 Sc2,109995,,[],15,15,-7.849,4.138,"Within each normalized composition in the finite PBE/FERE source domain, select the row with the lowest finite total energy per atom; break an exact displayed-energy tie by smaller stable MatDB ID. Do not use PBE or GW gap values.",pbe_metadata + source_recovery:pbe
current-nlr-pbe-gw-v1:composition:f77bc7953f2e9685cdce7377794266673404edd2c7d14e30e7bc2c01332bfac7,Ge O5 Sr Ti,109876,,[],14,14,-7.232,2.9,"Within each normalized composition in the finite PBE/FERE source domain, select the row with the lowest finite total energy per atom; break an exact displayed-energy tie by smaller stable MatDB ID. Do not use PBE or GW gap values.",pbe_metadata + source_recovery:pbe
current-nlr-pbe-gw-v1:composition:cf772a39bf2eca105b42ad6dccf0cdf4e1181a21a577f99351ee3fd43971e4c4,Ge O5 Y2,110297,,[],15,15,-7.983,3.796,"Within each normalized composition in the finite PBE/FERE source domain, select the row with the lowest finite total energy per atom; break an exact displayed-energy tie by smaller stable MatDB ID. Do not use PBE or GW gap values.",pbe_metadata + source_recovery:pbe
current-nlr-pbe-gw-v1:composition:44b199ffa58cd0fc18492e16de5ba7235b463eb5fa1e68d1886385f1a805eb5e,Ge O7 Pb5,109134,,[],61,61,-5.733,2.16,"Within each normalized composition in the finite PBE/FERE source domain, select the row with the lowest finite total energy per atom; break an exact displayed-energy tie by smaller stable MatDB ID. Do not use PBE or GW gap values.",pbe_metadata + source_recovery:pbe
current-nlr-pbe-gw-v1:composition:3fb669c5bfae897f6bfe25b950932d3d3167901e56ac363fc480288b2be41c97,Ge O8 Zr3,110528,,[],121,121,-8.348,4.135,"Within each normalized composition in the finite PBE/FERE source domain, select the row with the lowest finite total energy per atom; break an exact displayed-energy tie by smaller stable MatDB ID. Do not use PBE or GW gap values.",pbe_metadata + source_recovery:pbe
current-nlr-pbe-gw-v1:composition:022fa7f4da5bc619420f25054a4b99b7b5faa33c78391b087fbbdc19f63e8cb7,Ge18 K10 O4 W,162039,,[],14,14,-4.344,1.73,"Within each normalized composition in the finite PBE/FERE source domain, select the row with the lowest finite total energy per atom; break an exact displayed-energy tie by smaller stable MatDB ID. Do not use PBE or GW gap values.",pbe_metadata + source_recovery:pbe
current-nlr-pbe-gw-v1:composition:ab0bd7feb806e2f1922679088fab171827b4a23eed36c52327fd06505023c238,Ge18 O4 Rb10 W,143184,,[],14,14,-4.308,1.864,"Within each normalized composition in the finite PBE/FERE source domain, select the row with the lowest finite total energy per atom; break an exact displayed-energy tie by smaller stable MatDB ID. Do not use PBE or GW gap values.",pbe_metadata + source_recovery:pbe
current-nlr-pbe-gw-v1:composition:0abf5407195c9079767d9fa0dba024ff1624ce56995981938db90801d840e5be,Ge2 In K O6,110380,,[],15,15,-5.999,2.331,"Within each normalized composition in the finite PBE/FERE source domain, select the row with the lowest finite total energy per atom; break an exact displayed-energy tie by smaller stable MatDB ID. Do not use PBE or GW gap values.",pbe_metadata + source_recovery:pbe
current-nlr-pbe-gw-v1:composition:c72ac6133a47d1809df88f647118cf25e8c6e327563ce01389dca35e9406f486,Ge2 In2 O7,110001,,[],12,12,-6.127,1.825,"Within each normalized composition in the finite PBE/FERE source domain, select the row with the lowest finite total energy per atom; break an exact displayed-energy tie by smaller stable MatDB ID. Do not use PBE or GW gap values.",pbe_metadata + source_recovery:pbe
current-nlr-pbe-gw-v1:composition:9a2ed6467b87396ed91f89d8eb05b7d32bd7317123612efea709c7ae2625001a,Ge2 In6 O9 Pt,193056,,[],225,225,-5.525,1.381,"Within each normalized composition in the finite PBE/FERE source domain, select the row with the lowest finite total energy per atom; break an exact displayed-energy tie by smaller stable MatDB ID. Do not use PBE or GW gap values.",pbe_metadata + source_recovery:pbe
current-nlr-pbe-gw-v1:composition:007a3748a1d49210f909e981360819f51bc3ee6410adb3b10eefe510d3009cab,Ge2 K2 Na4 O7,109895,,[],4,4,-5.168,2.999,"Within each normalized composition in the finite PBE/FERE source domain, select the row with the lowest finite total energy per atom; break an exact displayed-energy tie by smaller stable MatDB ID. Do not use PBE or GW gap values.",pbe_metadata + source_recovery:pbe
current-nlr-pbe-gw-v1:composition:c78a74fadc7f6dc150b72befa80a3b8562121ea7cf361d2ab8c6bbfc845e07ae,Ge2 K2 O6 Zn,110307,,[],20,20,-5.606,2.838,"Within each normalized composition in the finite PBE/FERE source domain, select the row with the lowest finite total energy per atom; break an exact displayed-energy tie by smaller stable MatDB ID. Do not use PBE or GW gap values.",pbe_metadata + source_recovery:pbe
current-nlr-pbe-gw-v1:composition:df74d33bbf34f1adce5de8abe58243fd8de96774d124a9158f6a6cb30f0ab4a7,Ge2 K2 O7 Pb2,109138,,[],147,147,-5.738,3.282,"Within each normalized composition in the finite PBE/FERE source domain, select the row with the lowest finite total energy per atom; break an exact displayed-energy tie by smaller stable MatDB ID. Do not use PBE or GW gap values.",pbe_metadata + source_recovery:pbe
current-nlr-pbe-gw-v1:composition:a75be6c53cfbddb137abd89569d6448b9dff9cfe45815dce410b9cf5e585de0f,Ge2 K2 O7 Zr,110534,,[],15,15,-6.633,3.889,"Within each normalized composition in the finite PBE/FERE source domain, select the row with the lowest finite total energy per atom; break an exact displayed-energy tie by smaller stable MatDB ID. Do not use PBE or GW gap values.",pbe_metadata + source_recovery:pbe
current-nlr-pbe-gw-v1:composition:48dfe953f7b5a2053dfdc8b4c0773223242c17f9a4b77610e6bb0ab82b0c5414,Ge2 K3 Nb3 O13,162092,,[],189,8,-6.938,2.91,"Within each normalized composition in the finite PBE/FERE source domain, select the row with the lowest finite total energy per atom; break an exact displayed-energy tie by smaller stable MatDB ID. Do not use PBE or GW gap values.",pbe_metadata + source_recovery:pbe
current-nlr-pbe-gw-v1:composition:afc3e320df57c06a44f44777cc29f17b6d8dc7779fa1de23691a498525c80b92,Ge2 K6 O7,109481,,[],7,7,-5.09,3.084,"Within each normalized composition in the finite PBE/FERE source domain, select the row with the lowest finite total energy per atom; break an exact displayed-energy tie by smaller stable MatDB ID. Do not use PBE or GW gap values.",pbe_metadata + source_recovery:pbe
current-nlr-pbe-gw-v1:composition:121e7b13c2e27ec0eefd548fdbd0afd32b6293f1f22be297a8a7d3b3c0c7ba7f,Ge2 La2 O7,111181,,[],2,2,-7.376,3.482,"Within each normalized composition in the finite PBE/FERE source domain, select the row with the lowest finite total energy per atom; break an exact displayed-energy tie by smaller stable MatDB ID. Do not use PBE or GW gap values.",pbe_metadata + source_recovery:pbe
current-nlr-pbe-gw-v1:composition:021fa7a1791fd6813cacb90b4d1acab2a16c5ec23df99d610b476e5313ce32c5,Ge2 Mg O7 Sr2,110006,,[],113,113,-6.495,3.593,"Within each normalized composition in the finite PBE/FERE source domain, select the row with the lowest finite total energy per atom; break an exact displayed-energy tie by smaller stable MatDB ID. Do not use PBE or GW gap values.",pbe_metadata + source_recovery:pbe
current-nlr-pbe-gw-v1:composition:ba5474c2d7aafb79be58be931a4446361965ff1bf71619e30c94bb2af1028eac,Ge2 N2 O,280254,,[],,36,-6.71,2.622,"Within each normalized composition in the finite PBE/FERE source domain, select the row with the lowest finite total energy per atom; break an exact displayed-energy tie by smaller stable MatDB ID. Do not use PBE or GW gap values.",pbe_metadata + source_recovery:pbe
current-nlr-pbe-gw-v1:composition:44ca8f475fed813ab98330f5190e7aeb36c03336e1bbc4fdec55530d34aca631,Ge2 Na O6 Sc,109900,,[],15,15,-6.777,3.5,"Within each normalized composition in the finite PBE/FERE source domain, select the row with the lowest finite total energy per atom; break an exact displayed-energy tie by smaller stable MatDB ID. Do not use PBE or GW gap values.",pbe_metadata + source_recovery:pbe
current-nlr-pbe-gw-v1:composition:984712fd5ae66c870d28442dc79471b0de00337296706b85ba6ecfb037b52e01,Ge2 Na O6 V,139044,,[],15,15,-6.453,0.246,"Within each normalized composition in the finite PBE/FERE source domain, select the row with the lowest finite total energy per atom; break an exact displayed-energy tie by smaller stable MatDB ID. Do not use PBE or GW gap values.",pbe_metadata + source_recovery:pbe
current-nlr-pbe-gw-v1:composition:c7bb3c930ceda84ab50df72747bc0befd155355050d625e2c9507595724f0837,Ge2 Na2 O7 Zr,110317,,[],2,2,-6.636,3.656,"Within each normalized composition in the finite PBE/FERE source domain, select the row with the lowest finite total energy per atom; break an exact displayed-energy tie by smaller stable MatDB ID. Do not use PBE or GW gap values.",pbe_metadata + source_recovery:pbe
current-nlr-pbe-gw-v1:composition:120d7224aeef8dec346df7b56c6f6ae31767d4df5df30fd00d53bd1147b31481,Ge2 O7 Rb6,109151,,[],14,14,-4.989,2.858,"Within each normalized composition in the finite PBE/FERE source domain, select the row with the lowest finite total energy per atom; break an exact displayed-energy tie by smaller stable MatDB ID. Do not use PBE or GW gap values.",pbe_metadata + source_recovery:pbe
current-nlr-pbe-gw-v1:composition:038f56dca9367d393853f6b318effc4952320a4adbf7cb4b46a483fb2a617fb5,Ge2 O7 Sr2 Zn,110544,,[],113,113,-6.252,3.089,"Within each normalized composition in the finite PBE/FERE source domain, select the row with the lowest finite total energy per atom; break an exact displayed-energy tie by smaller stable MatDB ID. Do not use PBE or GW gap values.",pbe_metadata + source_recovery:pbe
current-nlr-pbe-gw-v1:composition:52a1036289c0a8e94b0a8576d191ec1477dfafdf93408df09059981f8797aca2,Ge2 O7 Y2,109487,,[],96,96,-7.615,3.631,"Within each normalized composition in the finite PBE/FERE source domain, select the row with the lowest finite total energy per atom; break an exact displayed-energy tie by smaller stable MatDB ID. Do not use PBE or GW gap values.",pbe_metadata + source_recovery:pbe
current-nlr-pbe-gw-v1:composition:5d435fbb68f061ce8f26c0fc7d33ab596388b05bf84e4618e8a18dde3fa1e95a,Ge3 Hf2 Na4 O12,110016,,[],167,167,-6.829,3.598,"Within each normalized composition in the finite PBE/FERE source domain, select the row with the lowest finite total energy per atom; break an exact displayed-energy tie by smaller stable MatDB ID. Do not use PBE or GW gap values.",pbe_metadata + source_recovery:pbe
current-nlr-pbe-gw-v1:composition:c52b74e4336806574f5f830598aacf6c6f3fe3f9ee99956b2f645aa87b4ebd44,Ge3 K2 O9 Ti,109939,,[],165,165,-6.426,2.875,"Within each normalized composition in the finite PBE/FERE source domain, select the row with the lowest finite total energy per atom; break an exact displayed-energy tie by smaller stable MatDB ID. Do not use PBE or GW gap values.",pbe_metadata + source_recovery:pbe
current-nlr-pbe-gw-v1:composition:621966dbb57b619405619535a38b7cc8c7944559a3d1e5c9ee2b09b8c338a100,Ge3 La2 O9,110325,,[],2,2,-7.18,2.911,"Within each normalized composition in the finite PBE/FERE source domain, select the row with the lowest finite total energy per atom; break an exact displayed-energy tie by smaller stable MatDB ID. Do not use PBE or GW gap values.",pbe_metadata + source_recovery:pbe
current-nlr-pbe-gw-v1:composition:71a4d0d8269fe5db6f1dceb49a944ad06f545b9ae80fdea237bd5389dd496943,Ge3 Na4 O12 Zr2,109163,,[],148,148,-6.63,3.761,"Within each normalized composition in the finite PBE/FERE source domain, select the row with the lowest finite total energy per atom; break an exact displayed-energy tie by smaller stable MatDB ID. Do not use PBE or GW gap values.",pbe_metadata + source_recovery:pbe
current-nlr-pbe-gw-v1:composition:c1baf3a9122571de4516942d3399eb10eeee25dffa66eaa9a2e85323b0e6ccea,Ge3 Nb O9 Rb,163087,,[],188,188,-6.734,3.333,"Within each normalized composition in the finite PBE/FERE source domain, select the row with the lowest finite total energy per atom; break an exact displayed-energy tie by smaller stable MatDB ID. Do not use PBE or GW gap values.",pbe_metadata + source_recovery:pbe
current-nlr-pbe-gw-v1:composition:84459befb03bb298b28aefbd5b843ee409618fef7acb5661cdb08ac36dbbc17d,Ge3 O11 Pb5,110542,,[],143,143,-6.025,2.505,"Within each normalized composition in the finite PBE/FERE source domain, select the row with the lowest finite total energy per atom; break an exact displayed-energy tie by smaller stable MatDB ID. Do not use PBE or GW gap values.",pbe_metadata + source_recovery:pbe
current-nlr-pbe-gw-v1:composition:c33fe98f1f5d69ecdca631e2c786a5338e0f2f41a4dcc4098c500de44b58c3d1,Ge3 O12 Sr3 Y2,110044,,[],230,230,-7.143,3.114,"Within each normalized composition in the finite PBE/FERE source domain, select the row with the lowest finite total energy per atom; break an exact displayed-energy tie by smaller stable MatDB ID. Do not use PBE or GW gap values.",pbe_metadata + source_recovery:pbe
current-nlr-pbe-gw-v1:composition:cb2ad95de43703024efb72270a19d9c8dd8815139aeaf454602f30a9e4687651,Ge3 O8 Zn2,109956,,[],212,212,-5.913,2.332,"Within each normalized composition in the finite PBE/FERE source domain, select the row with the lowest finite total energy per atom; break an exact displayed-energy tie by smaller stable MatDB ID. Do not use PBE or GW gap values.",pbe_metadata + source_recovery:pbe
current-nlr-pbe-gw-v1:composition:83d2e19a349cfd87c63ea4bd11cab957cbab1c09e310b4bc11110e08c00d2b8b,Ge3 O9 Rb2 Sn,110362,,[],165,165,-5.986,2.471,"Within each normalized composition in the finite PBE/FERE source domain, select the row with the lowest finite total energy per atom; break an exact displayed-energy tie by smaller stable MatDB ID. Do not use PBE or GW gap values.",pbe_metadata + source_recovery:pbe
current-nlr-pbe-gw-v1:composition:5d6a2388a75bbd57e9f62606b7f2f4a773a01e5887d2deca909f3d954b56ec59,Ge3 O9 Rb2 Ti,109200,,[],165,165,-6.451,3.262,"Within each normalized composition in the finite PBE/FERE source domain, select the row with the lowest finite total energy per atom; break an exact displayed-energy tie by smaller stable MatDB ID. Do not use PBE or GW gap values.",pbe_metadata + source_recovery:pbe
current-nlr-pbe-gw-v1:composition:06b48a2e930c8da087d36dfc3c5a67b2aa916152b15175757ac8ea346f23dc60,Ge4 K2 O9,109528,,[],165,165,-6.114,2.989,"Within each normalized composition in the finite PBE/FERE source domain, select the row with the lowest finite total energy per atom; break an exact displayed-energy tie by smaller stable MatDB ID. Do not use PBE or GW gap values.",pbe_metadata + source_recovery:pbe
current-nlr-pbe-gw-v1:composition:7c7a059b5d3b044fdd1bb42f77f7f9d369ce13eb59b72e3f7a4602e1603cd959,Ge4 Na2 O9,110066,,[],165,165,-6.104,2.84,"Within each normalized composition in the finite PBE/FERE source domain, select the row with the lowest finite total energy per atom; break an exact displayed-energy tie by smaller stable MatDB ID. Do not use PBE or GW gap values.",pbe_metadata + source_recovery:pbe
current-nlr-pbe-gw-v1:composition:19500e22b089384e7790f15f27fe840892ea4818aff97dc118c4fca266fd9bd0,Ge4 Na4 O13 Sc2,109985,,[],33,33,-6.463,3.254,"Within each normalized composition in the finite PBE/FERE source domain, select the row with the lowest finite total energy per atom; break an exact displayed-energy tie by smaller stable MatDB ID. Do not use PBE or GW gap values.",pbe_metadata + source_recovery:pbe
current-nlr-pbe-gw-v1:composition:31eae8807fab111a698c79ccab32bc900517b04aa6ee8099ce847d2616939874,Ge4 O9 Pb,109205,,[],5,5,-6.354,3.506,"Within each normalized composition in the finite PBE/FERE source domain, select the row with the lowest finite total energy per atom; break an exact displayed-energy tie by smaller stable MatDB ID. Do not use PBE or GW gap values.",pbe_metadata + source_recovery:pbe
current-nlr-pbe-gw-v1:composition:5f6284ca367d2a0d68027c8b0c307f40739c232bb7bbe0407cfbe0c1823e792a,Ge4 O9 Rb2,110636,,[],165,165,-6.08,2.856,"Within each normalized composition in the finite PBE/FERE source domain, select the row with the lowest finite total energy per atom; break an exact displayed-energy tie by smaller stable MatDB ID. Do not use PBE or GW gap values.",pbe_metadata + source_recovery:pbe
current-nlr-pbe-gw-v1:composition:b7afbc0301fd0ca08307831915b43ed331e80c92fd0e15ec0d01272fbe59b76c,Ge4 O9 Sr,110509,,[],150,150,-6.524,3.063,"Within each normalized composition in the finite PBE/FERE source domain, select the row with the lowest finite total energy per atom; break an exact displayed-energy tie by smaller stable MatDB ID. Do not use PBE or GW gap values.",pbe_metadata + source_recovery:pbe
current-nlr-pbe-gw-v1:composition:1c753abdc22a50a7c795908add2742ceab0a8800aef5f897fc66f06f5e8cb723,Ge5 Mg14 O24,109544,,[],55,55,-6.246,3.448,"Within each normalized composition in the finite PBE/FERE source domain, select the row with the lowest finite total energy per atom; break an exact displayed-energy tie by smaller stable MatDB ID. Do not use PBE or GW gap values.",pbe_metadata + source_recovery:pbe
current-nlr-pbe-gw-v1:composition:9531769a857ef77b39b62e607821f754faf92d34d6103ca2e828178f468ea47c,Ge6 Na4 O15 Sr,111196,,[],176,176,-6.06,2.698,"Within each normalized composition in the finite PBE/FERE source domain, select the row with the lowest finite total energy per atom; break an exact displayed-energy tie by smaller stable MatDB ID. Do not use PBE or GW gap values.",pbe_metadata + source_recovery:pbe
current-nlr-pbe-gw-v1:composition:c95dab6aac6634a79f8a67b8df10446fff98ff346dde54672aa3d7fe5eecbac8,Ge7 N4 O8,281016,,[],,1,-6.342,0.526,"Within each normalized composition in the finite PBE/FERE source domain, select the row with the lowest finite total energy per atom; break an exact displayed-energy tie by smaller stable MatDB ID. Do not use PBE or GW gap values.",pbe_metadata + source_recovery:pbe
current-nlr-pbe-gw-v1:composition:633a77a9745f704f011543b77bf3e3657e57b445d628c992e2898672c8473c6b,Ge8 K2 O17,110115,,[],62,62,-6.282,2.596,"Within each normalized composition in the finite PBE/FERE source domain, select the row with the lowest finite total energy per atom; break an exact displayed-energy tie by smaller stable MatDB ID. Do not use PBE or GW gap values.",pbe_metadata + source_recovery:pbe
current-nlr-pbe-gw-v1:composition:5d7e93d05627b9130250d68436f1f3d2633613092667662225ba180681e7470b,Ge9 K4 O20,110384,,[],88,88,-6.164,3.029,"Within each normalized composition in the finite PBE/FERE source domain, select the row with the lowest finite total energy per atom; break an exact displayed-energy tie by smaller stable MatDB ID. Do not use PBE or GW gap values.",pbe_metadata + source_recovery:pbe
current-nlr-pbe-gw-v1:composition:d36093beb9d7a5a055d3ed67cbbc6d6c324180fa9b4132f310860d78ac1921f5,Ge9 Na4 O20,110662,,[],88,88,-6.162,3.006,"Within each normalized composition in the finite PBE/FERE source domain, select the row with the lowest finite total energy per atom; break an exact displayed-energy tie by smaller stable MatDB ID. Do not use PBE or GW gap values.",pbe_metadata + source_recovery:pbe
current-nlr-pbe-gw-v1:composition:7c7d0d9f63b7c97a2347cb669ab5ae49d47d3d83fb6c58078bac7d7bfd1a4590,Hf K8 Mo6 O24,162230,,[],14,14,-6.822,3.973,"Within each normalized composition in the finite PBE/FERE source domain, select the row with the lowest finite total energy per atom; break an exact displayed-energy tie by smaller stable MatDB ID. Do not use PBE or GW gap values.",pbe_metadata + source_recovery:pbe
current-nlr-pbe-gw-v1:composition:be2eb515b2a9798902ec27cb83f4c1e1394afaacba9459d9c4ea43b3b1ca74d0,Hf Mo2 O8,176442,,[],163,163,-8.075,3.32,"Within each normalized composition in the finite PBE/FERE source domain, select the row with the lowest finite total energy per atom; break an exact displayed-energy tie by smaller stable MatDB ID. Do not use PBE or GW gap values.",pbe_metadata + source_recovery:pbe
current-nlr-pbe-gw-v1:composition:170a17e99933de12ca15fac7e75b4a2eb7f0131f07e9150ac477dbe897436162,Hf Mo6 Na8 O24,143308,,[],14,14,-6.801,3.954,"Within each normalized composition in the finite PBE/FERE source domain, select the row with the lowest finite total energy per atom; break an exact displayed-energy tie by smaller stable MatDB ID. Do not use PBE or GW gap values.",pbe_metadata + source_recovery:pbe
current-nlr-pbe-gw-v1:composition:6f3bed2cacf402bc3b8d32bdfd7910be2365859abad717c22c3b3a791606b5e8,Hf O2,110389,,[],14,14,-9.625,4.358,"Within each normalized composition in the finite PBE/FERE source domain, select the row with the lowest finite total energy per atom; break an exact displayed-energy tie by smaller stable MatDB ID. Do not use PBE or GW gap values.",pbe_metadata + source_recovery:pbe
current-nlr-pbe-gw-v1:composition:65dceeed2b41ea5c77e7252d8e9cf675cf87eee9226184768a424a61158b5799,Hf O3 Pb,109606,,[],55,55,-7.958,2.67,"Within each normalized composition in the finite PBE/FERE source domain, select the row with the lowest finite total energy per atom; break an exact displayed-energy tie by smaller stable MatDB ID. Do not use PBE or GW gap values.",pbe_metadata + source_recovery:pbe
current-nlr-pbe-gw-v1:composition:5a85bd1d0066363f6e91e6c703cd534d704a204f1abc7f34611c322ae49cafd2,Hf O3 Sr,109615,,[],62,62,-8.369,4.645,"Within each normalized composition in the finite PBE/FERE source domain, select the row with the lowest finite total energy per atom; break an exact displayed-energy tie by smaller stable MatDB ID. Do not use PBE or GW gap values.",pbe_metadata + source_recovery:pbe
current-nlr-pbe-gw-v1:composition:0ceff56386ce8b28ff92a3d810475a938fb548cd265adb6d505b7674d8c509dc,Hf O4 Si,110600,,[],141,141,-8.793,5.686,"Within each normalized composition in the finite PBE/FERE source domain, select the row with the lowest finite total energy per atom; break an exact displayed-energy tie by smaller stable MatDB ID. Do not use PBE or GW gap values.",pbe_metadata + source_recovery:pbe
current-nlr-pbe-gw-v1:composition:5b2d887c5192a649a09a4f148e4ee0958b6b9c6522d167d5a81bbde8cf555457,Hf2 K2 O5,109632,,[],52,52,-7.74,4.432,"Within each normalized composition in the finite PBE/FERE source domain, select the row with the lowest finite total energy per atom; break an exact displayed-energy tie by smaller stable MatDB ID. Do not use PBE or GW gap values.",pbe_metadata + source_recovery:pbe
current-nlr-pbe-gw-v1:composition:df3181e5959b538f09f4e09ca2af2caec22bdc8c27c2a6656c8e1501e63ed21d,Hf2 La2 O7,111245,,[],227,227,-9.045,4.276,"Within each normalized composition in the finite PBE/FERE source domain, select the row with the lowest finite total energy per atom; break an exact displayed-energy tie by smaller stable MatDB ID. Do not use PBE or GW gap values.",pbe_metadata + source_recovery:pbe
current-nlr-pbe-gw-v1:composition:e477a8b2f87d0eaf09eb4cc16ff5d772c2f203a8392e9b143446306d55e3d24b,Hf2 N2 O,282148,,[],,36,-9.576,3.13,"Within each normalized composition in the finite PBE/FERE source domain, select the row with the lowest finite total energy per atom; break an exact displayed-energy tie by smaller stable MatDB ID. Do not use PBE or GW gap values.",pbe_metadata + source_recovery:pbe
current-nlr-pbe-gw-v1:composition:480d4b9f5e81de56519753a92ee932882c56233bd133432391a4e4ee3ba50083,Hf2 O7 Y2,110077,,[],227,227,-9.245,3.451,"Within each normalized composition in the finite PBE/FERE source domain, select the row with the lowest finite total energy per atom; break an exact displayed-energy tie by smaller stable MatDB ID. Do not use PBE or GW gap values.",pbe_metadata + source_recovery:pbe
current-nlr-pbe-gw-v1:composition:0eee0eaa6e87cec347ccd59b8e2d29ef35135fec81441a084086870ade0a2ee4,Hf5 K4 O12,110471,,[],164,164,-8.015,3.011,"Within each normalized composition in the finite PBE/FERE source domain, select the row with the lowest finite total energy per atom; break an exact displayed-energy tie by smaller stable MatDB ID. Do not use PBE or GW gap values.",pbe_metadata + source_recovery:pbe
current-nlr-pbe-gw-v1:composition:910b1ca1005e3f9c7990bfc337d0493589fd7721aeac5da3bdf4093e11fe938f,Hf7 N4 O8,280796,281339,[281339],,1,-9.697,3.509,"Within each normalized composition in the finite PBE/FERE source domain, select the row with the lowest finite total energy per atom; break an exact displayed-energy tie by smaller stable MatDB ID. Do not use PBE or GW gap values.",pbe_metadata + source_recovery:pbe
current-nlr-pbe-gw-v1:composition:f75cc287bd62b0780b747d71a02eaf74da47ccb60c980b12d11546d1c0fbeb19,Hg In2 O4,5132,,[],,14,-4.767,0.093,"Within each normalized composition in the finite PBE/FERE source domain, select the row with the lowest finite total energy per atom; break an exact displayed-energy tie by smaller stable MatDB ID. Do not use PBE or GW gap values.",pbe_metadata + source_recovery:pbe
current-nlr-pbe-gw-v1:composition:157386518fd03e02146faf894d98e566e3b0dd6dad819d4f44b469e8efc0e6bc,Hg K2 O2,109312,,[],139,12,-3.565,2.05,"Within each normalized composition in the finite PBE/FERE source domain, select the row with the lowest finite total energy per atom; break an exact displayed-energy tie by smaller stable MatDB ID. Do not use PBE or GW gap values.",pbe_metadata + source_recovery:pbe
current-nlr-pbe-gw-v1:composition:8b2a5b2d1012f830bd3727910ad9165e0e94ce8de6f9875ca966c64479d990e4,Hg Mo O4,192493,,[],15,15,-5.975,2.247,"Within each normalized composition in the finite PBE/FERE source domain, select the row with the lowest finite total energy per atom; break an exact displayed-energy tie by smaller stable MatDB ID. Do not use PBE or GW gap values.",pbe_metadata + source_recovery:pbe
current-nlr-pbe-gw-v1:composition:57292e19cc4a1cfffb25f5a8991b954e29a5d95553233ae2985cf84e555e499f,Hg Na2 O2,110602,,[],139,139,-3.648,1.628,"Within each normalized composition in the finite PBE/FERE source domain, select the row with the lowest finite total energy per atom; break an exact displayed-energy tie by smaller stable MatDB ID. Do not use PBE or GW gap values.",pbe_metadata + source_recovery:pbe
current-nlr-pbe-gw-v1:composition:dc3949d2c6939e9a9d4e648be9c9d3d6fbe13bb7f869f2a4aef739ae06910ab0,Hg Ni2 O4,7962,,[],,70,-4.645,0.178,"Within each normalized composition in the finite PBE/FERE source domain, select the row with the lowest finite total energy per atom; break an exact displayed-energy tie by smaller stable MatDB ID. Do not use PBE or GW gap values.",pbe_metadata + source_recovery:pbe
current-nlr-pbe-gw-v1:composition:29c355a4464a2cfd4697d5464fdb472599d5f835ba67e200b06c7e7a3c407c81,Hg O,110180,,[],62,62,-2.924,1.092,"Within each normalized composition in the finite PBE/FERE source domain, select the row with the lowest finite total energy per atom; break an exact displayed-energy tie by smaller stable MatDB ID. Do not use PBE or GW gap values.",pbe_metadata + source_recovery:pbe
current-nlr-pbe-gw-v1:composition:51df6bf8888f15702b1a845251a6ac2003120a6abf69cf4d5596e2019c28c1c0,Hg O10 V4,124264,,[],12,12,-7.048,0.27,"Within each normalized composition in the finite PBE/FERE source domain, select the row with the lowest finite total energy per atom; break an exact displayed-energy tie by smaller stable MatDB ID. Do not use PBE or GW gap values.",pbe_metadata + source_recovery:pbe
current-nlr-pbe-gw-v1:composition:903b95a1041edabadbb06e690608bd85e4cd7714c472df25b06c27907add44e1,Hg O2,109642,,[],61,61,-3.343,0.236,"Within each normalized composition in the finite PBE/FERE source domain, select the row with the lowest finite total energy per atom; break an exact displayed-energy tie by smaller stable MatDB ID. Do not use PBE or GW gap values.",pbe_metadata + source_recovery:pbe
current-nlr-pbe-gw-v1:composition:d36ba10aa22a474d64ded135b90369ba53d6c0ddde203fdeffe0cfe7676c58bc,Hg O2 Rb2,110083,,[],139,12,-3.47,1.987,"Within each normalized composition in the finite PBE/FERE source domain, select the row with the lowest finite total energy per atom; break an exact displayed-energy tie by smaller stable MatDB ID. Do not use PBE or GW gap values.",pbe_metadata + source_recovery:pbe
current-nlr-pbe-gw-v1:composition:e14f71eb289c1ec36b725a64947eaa0ee5bc69443d196342a9188359dfd43f32,Hg O2 Sr,109324,,[],154,154,-4.681,2.254,"Within each normalized composition in the finite PBE/FERE source domain, select the row with the lowest finite total energy per atom; break an exact displayed-energy tie by smaller stable MatDB ID. Do not use PBE or GW gap values.",pbe_metadata + source_recovery:pbe
current-nlr-pbe-gw-v1:composition:6a5b74d28dbb50e78fa57b8aabf0d8892c96f470cd61ed2b7f043780e7a4aa41,Hg O3 Ti,109645,,[],161,167,-6.05,1.371,"Within each normalized composition in the finite PBE/FERE source domain, select the row with the lowest finite total energy per atom; break an exact displayed-energy tie by smaller stable MatDB ID. Do not use PBE or GW gap values.",pbe_metadata + source_recovery:pbe
current-nlr-pbe-gw-v1:composition:4c953a2e28d07b849519f0b5ed2b5130af26f6d076df5130ff497018e8ffcb94,Hg O3 V,191633,,[],2,2,-5.945,2.075,"Within each normalized composition in the finite PBE/FERE source domain, select the row with the lowest finite total energy per atom; break an exact displayed-energy tie by smaller stable MatDB ID. Do not use PBE or GW gap values.",pbe_metadata + source_recovery:pbe
current-nlr-pbe-gw-v1:composition:75449eea3b4ae2e6e936b5e401a249869b8e608ec85a92825612580ac9c17be6,Hg O4 V2,8410,,[],,29,-6.353,0.357,"Within each normalized composition in the finite PBE/FERE source domain, select the row with the lowest finite total energy per atom; break an exact displayed-energy tie by smaller stable MatDB ID. Do not use PBE or GW gap values.",pbe_metadata + source_recovery:pbe
current-nlr-pbe-gw-v1:composition:6f661dc744ce94a55ad9ad00de9a84b52d84204b523d3657e3de8030f9a5c94e,Hg O4 W,124657,,[],15,15,-6.513,2.345,"Within each normalized composition in the finite PBE/FERE source domain, select the row with the lowest finite total energy per atom; break an exact displayed-energy tie by smaller stable MatDB ID. Do not use PBE or GW gap values.",pbe_metadata + source_recovery:pbe
current-nlr-pbe-gw-v1:composition:208ce3b7b11fc4a86d5ac920703af4ad8f647c4d377dd0ba0d51a06dce0bd956,Hg2 Mo O4,124164,,[],14,14,-5.203,1.98,"Within each normalized composition in the finite PBE/FERE source domain, select the row with the lowest finite total energy per atom; break an exact displayed-energy tie by smaller stable MatDB ID. Do not use PBE or GW gap values.",pbe_metadata + source_recovery:pbe
current-nlr-pbe-gw-v1:composition:bb8626686aada47c47548cebc1a4071990fd8ba558bf07c2c275d877e9e71659,Hg2 Mo2 O7,124844,,[],2,2,-6.012,2.181,"Within each normalized composition in the finite PBE/FERE source domain, select the row with the lowest finite total energy per atom; break an exact displayed-energy tie by smaller stable MatDB ID. Do not use PBE or GW gap values.",pbe_metadata + source_recovery:pbe
current-nlr-pbe-gw-v1:composition:f02bceedf627b04771c249a8552ba67a864f5db4ae60adeb9c47ac5ae1f584ef,Hg2 Mo5 O16,190734,,[],13,13,-6.734,2.194,"Within each normalized composition in the finite PBE/FERE source domain, select the row with the lowest finite total energy per atom; break an exact displayed-energy tie by smaller stable MatDB ID. Do not use PBE or GW gap values.",pbe_metadata + source_recovery:pbe
current-nlr-pbe-gw-v1:composition:b97fca9f5c0866fc382f8bb421c8633833cafb7048066342991d6845078d1872,Hg2 Nb2 O7,162518,,[],227,227,-6.293,0.585,"Within each normalized composition in the finite PBE/FERE source domain, select the row with the lowest finite total energy per atom; break an exact displayed-energy tie by smaller stable MatDB ID. Do not use PBE or GW gap values.",pbe_metadata + source_recovery:pbe
current-nlr-pbe-gw-v1:composition:8a93a21e6a007c6660a72b7f4445b6006448b6f811fd8124b8514ad79763eef7,Hg2 O4 Si,3036,,[],,70,-5.038,1.227,"Within each normalized composition in the finite PBE/FERE source domain, select the row with the lowest finite total energy per atom; break an exact displayed-energy tie by smaller stable MatDB ID. Do not use PBE or GW gap values.",pbe_metadata + source_recovery:pbe
current-nlr-pbe-gw-v1:composition:e66a72edf7c921182f93df4fce2697d5c305d302cfdbda2355821cbc737bc493,Hg2 O4 Sn,3117,,[],,1,-4.286,0.134,"Within each normalized composition in the finite PBE/FERE source domain, select the row with the lowest finite total energy per atom; break an exact displayed-energy tie by smaller stable MatDB ID. Do not use PBE or GW gap values.",pbe_metadata + source_recovery:pbe
current-nlr-pbe-gw-v1:composition:c4b01b53f2b7ed4ece08e1433b79d3f62c08b19a883edc034523122d62927323,Hg2 O4 Ti,3344,,[],,1,-5.137,1.01,"Within each normalized composition in the finite PBE/FERE source domain, select the row with the lowest finite total energy per atom; break an exact displayed-energy tie by smaller stable MatDB ID. Do not use PBE or GW gap values.",pbe_metadata + source_recovery:pbe
current-nlr-pbe-gw-v1:composition:10a406eb6056a78232bc0ca9b16b376a4cfdc138892b9b7b0b15b70a9356a1f0,Hg2 O4 V,124915,,[],14,14,-5.1,1.304,"Within each normalized composition in the finite PBE/FERE source domain, select the row with the lowest finite total energy per atom; break an exact displayed-energy tie by smaller stable MatDB ID. Do not use PBE or GW gap values.",pbe_metadata + source_recovery:pbe
current-nlr-pbe-gw-v1:composition:86ffb00b16cfa63ceb7b20eda5b226e86516b4883ee3a5ff6b2aa70cfd6f8b6c,Hg2 O4 W,176584,,[],15,15,-5.663,1.958,"Within each normalized composition in the finite PBE/FERE source domain, select the row with the lowest finite total energy per atom; break an exact displayed-energy tie by smaller stable MatDB ID. Do not use PBE or GW gap values.",pbe_metadata + source_recovery:pbe
current-nlr-pbe-gw-v1:composition:4b77a4860f11a77690c5292cd7e98dc3f9ba4fb513a100572eceec1abdf8cef3,Hg2 O7 Ru2,162096,,[],227,141,-5.03,0.043,"Within each normalized composition in the finite PBE/FERE source domain, select the row with the lowest finite total energy per atom; break an exact displayed-energy tie by smaller stable MatDB ID. Do not use PBE or GW gap values.",pbe_metadata + source_recovery:pbe
current-nlr-pbe-gw-v1:composition:1c8b76e2eeb28525bd9dfc29389d475816a5878220310e425acb427d121d0a8a,Hg2 O7 V2,162520,,[],62,62,-5.882,1.377,"Within each normalized composition in the finite PBE/FERE source domain, select the row with the lowest finite total energy per atom; break an exact displayed-energy tie by smaller stable MatDB ID. Do not use PBE or GW gap values.",pbe_metadata + source_recovery:pbe
current-nlr-pbe-gw-v1:composition:b64a3795ff715e2f4575694e7010f6ba1e017f81a11ddbbe46511658907606c8,Hg6 O7 Si2,111255,,[],12,12,-4.412,1.509,"Within each normalized composition in the finite PBE/FERE source domain, select the row with the lowest finite total energy per atom; break an exact displayed-energy tie by smaller stable MatDB ID. Do not use PBE or GW gap values.",pbe_metadata + source_recovery:pbe
current-nlr-pbe-gw-v1:composition:d63d9181e7bbb2c72783889d06f299e6b61c3b47963863637ff07696e4c07a49,In K Mo2 O8,124389,,[],62,62,-6.782,3.693,"Within each normalized composition in the finite PBE/FERE source domain, select the row with the lowest finite total energy per atom; break an exact displayed-energy tie by smaller stable MatDB ID. Do not use PBE or GW gap values.",pbe_metadata + source_recovery:pbe
current-nlr-pbe-gw-v1:composition:2d6c55a37ea7c6de0ad41b32f3b03a0925eb4bb1eb85185ef2c3564fd1f9d1db,In K O2,110187,,[],166,166,-5.031,2.134,"Within each normalized composition in the finite PBE/FERE source domain, select the row with the lowest finite total energy per atom; break an exact displayed-energy tie by smaller stable MatDB ID. Do not use PBE or GW gap values.",pbe_metadata + source_recovery:pbe
current-nlr-pbe-gw-v1:composition:b70552ce5b6bfc120653d59966ab3ef98d8ca43d0de17b648c00d8efa690947e,In K2 Na3 O4,110095,,[],58,58,-4.27,1.943,"Within each normalized composition in the finite PBE/FERE source domain, select the row with the lowest finite total energy per atom; break an exact displayed-energy tie by smaller stable MatDB ID. Do not use PBE or GW gap values.",pbe_metadata + source_recovery:pbe
current-nlr-pbe-gw-v1:composition:46d509bd916571a361fd5a95cd21a5be9b957579f669e53e8152ea9fb1ea5fcd,In K3 Mo4 O15,162632,,[],15,15,-6.763,3.439,"Within each normalized composition in the finite PBE/FERE source domain, select the row with the lowest finite total energy per atom; break an exact displayed-energy tie by smaller stable MatDB ID. Do not use PBE or GW gap values.",pbe_metadata + source_recovery:pbe
current-nlr-pbe-gw-v1:composition:c23d8fb12452633866ba4bf63c05f965966483b489af092000b5ddee274d19fd,In K3 Na2 O4,110499,,[],14,14,-4.227,1.943,"Within each normalized composition in the finite PBE/FERE source domain, select the row with the lowest finite total energy per atom; break an exact displayed-energy tie by smaller stable MatDB ID. Do not use PBE or GW gap values.",pbe_metadata + source_recovery:pbe
current-nlr-pbe-gw-v1:composition:e255175a10cf6c88a09f8edbe92c9c528dd9d9724b52bd0a0ce7973ee4450195,In K5 O4,109426,,[],2,2,-4.124,2.05,"Within each normalized composition in the finite PBE/FERE source domain, select the row with the lowest finite total energy per atom; break an exact displayed-energy tie by smaller stable MatDB ID. Do not use PBE or GW gap values.",pbe_metadata + source_recovery:pbe
current-nlr-pbe-gw-v1:composition:2bab5846ca5b3c5e9f633617c6c718c3c12df3ceb26bc502d696404c2764b880,In La O3,110733,,[],62,62,-6.896,2.664,"Within each normalized composition in the finite PBE/FERE source domain, select the row with the lowest finite total energy per atom; break an exact displayed-energy tie by smaller stable MatDB ID. Do not use PBE or GW gap values.",pbe_metadata + source_recovery:pbe
current-nlr-pbe-gw-v1:composition:599a6bb7b71270b036ba8b7fd2a218394450f05f2c2972c651addf62f66411ab,In Mo2 Na O8,193178,,[],2,2,-6.776,3.563,"Within each normalized composition in the finite PBE/FERE source domain, select the row with the lowest finite total energy per atom; break an exact displayed-energy tie by smaller stable MatDB ID. Do not use PBE or GW gap values.",pbe_metadata + source_recovery:pbe
current-nlr-pbe-gw-v1:composition:440351826b033ffeaee4ba2f955544240ebe373894e01cf7da052998a83ab140,In Mo2 O8 Rb,124678,,[],164,164,-6.784,3.909,"Within each normalized composition in the finite PBE/FERE source domain, select the row with the lowest finite total energy per atom; break an exact displayed-energy tie by smaller stable MatDB ID. Do not use PBE or GW gap values.",pbe_metadata + source_recovery:pbe
current-nlr-pbe-gw-v1:composition:a6148d42fb61fbffb96f0267a4f00be6c20e7e9f201496d87107dcc7f6977aed,In Na O2,109647,,[],166,166,-5.151,1.931,"Within each normalized composition in the finite PBE/FERE source domain, select the row with the lowest finite total energy per atom; break an exact displayed-energy tie by smaller stable MatDB ID. Do not use PBE or GW gap values.",pbe_metadata + source_recovery:pbe
current-nlr-pbe-gw-v1:composition:53d5b5d9b1df600b62927abdd9bfe896536d9fb776e7ef74066490cd532e0ede,In Na O6 Si2,109438,,[],15,15,-6.849,3.525,"Within each normalized composition in the finite PBE/FERE source domain, select the row with the lowest finite total energy per atom; break an exact displayed-energy tie by smaller stable MatDB ID. Do not use PBE or GW gap values.",pbe_metadata + source_recovery:pbe
current-nlr-pbe-gw-v1:composition:ada95a87198ca137bac8d2cff4060d85555bf5daa02e91dd4e8bbac6c8289f69,In Na O8 W2,175352,,[],13,13,-7.328,3.282,"Within each normalized composition in the finite PBE/FERE source domain, select the row with the lowest finite total energy per atom; break an exact displayed-energy tie by smaller stable MatDB ID. Do not use PBE or GW gap values.",pbe_metadata + source_recovery:pbe
current-nlr-pbe-gw-v1:composition:e9552278aff514f44cb9ef29e8c0bae623dde5adb79cd1cfdac829136cfeff39,In Na3 O4 Rb2,109463,,[],58,58,-4.223,1.931,"Within each normalized composition in the finite PBE/FERE source domain, select the row with the lowest finite total energy per atom; break an exact displayed-energy tie by smaller stable MatDB ID. Do not use PBE or GW gap values.",pbe_metadata + source_recovery:pbe
current-nlr-pbe-gw-v1:composition:b6a73d29379ac4ff6430f94b3469d5433940281b853dd0919be9ab622d61736c,In Na5 O4,110756,,[],61,61,-4.339,1.73,"Within each normalized composition in the finite PBE/FERE source domain, select the row with the lowest finite total energy per atom; break an exact displayed-energy tie by smaller stable MatDB ID. Do not use PBE or GW gap values.",pbe_metadata + source_recovery:pbe
current-nlr-pbe-gw-v1:composition:77ff4f78499a9a8d831b20e04c0cff3dc362eb4fe5d9024a60beb7e985352af9,In Nb O4,176585,,[],13,13,-7.171,3.235,"Within each normalized composition in the finite PBE/FERE source domain, select the row with the lowest finite total energy per atom; break an exact displayed-energy tie by smaller stable MatDB ID. Do not use PBE or GW gap values.",pbe_metadata + source_recovery:pbe
current-nlr-pbe-gw-v1:composition:ea72bc087793555df48405cbdf4fe606b680849cae0ce8e57fc199bf3b13f31a,In O3 Y,109668,,[],185,185,-7.216,2.051,"Within each normalized composition in the finite PBE/FERE source domain, select the row with the lowest finite total energy per atom; break an exact displayed-energy tie by smaller stable MatDB ID. Do not use PBE or GW gap values.",pbe_metadata + source_recovery:pbe
current-nlr-pbe-gw-v1:composition:ddbeab367a2aec92e208e5870fde7d15eef9087405c13fc10582d997f4c30e26,In O4 V,144034,,[],63,63,-6.802,2.994,"Within each normalized composition in the finite PBE/FERE source domain, select the row with the lowest finite total energy per atom; break an exact displayed-energy tie by smaller stable MatDB ID. Do not use PBE or GW gap values.",pbe_metadata + source_recovery:pbe
current-nlr-pbe-gw-v1:composition:b816e435c85358241b7bf294509e4b88bc40a623f6bc05a5d0fb1e913f97387c,In O6 Rh Sr3,162102,,[],167,167,-5.999,2.079,"Within each normalized composition in the finite PBE/FERE source domain, select the row with the lowest finite total energy per atom; break an exact displayed-energy tie by smaller stable MatDB ID. Do not use PBE or GW gap values.",pbe_metadata + source_recovery:pbe
current-nlr-pbe-gw-v1:composition:cf2d25f89a7f118a00738e3bf6ad66ce6898d0e6556495323be5ea4098894251,In O8 Rb W2,161869,,[],164,164,-7.296,4.4,"Within each normalized composition in the finite PBE/FERE source domain, select the row with the lowest finite total energy per atom; break an exact displayed-energy tie by smaller stable MatDB ID. Do not use PBE or GW gap values.",pbe_metadata + source_recovery:pbe
current-nlr-pbe-gw-v1:composition:ec1a124908a53339daeee47c679d15c0f2a7eff4b39f74e1207e39729f44c300,In2 K Na9 O8,111288,,[],62,62,-4.309,1.72,"Within each normalized composition in the finite PBE/FERE source domain, select the row with the lowest finite total energy per atom; break an exact displayed-energy tie by smaller stable MatDB ID. Do not use PBE or GW gap values.",pbe_metadata + source_recovery:pbe
current-nlr-pbe-gw-v1:composition:7a35ef46e575922e26ee8e06fd5c05e3075e551d11ca32243ce8496362639858,In2 K4 O21 Si8,110249,,[],14,14,-7.013,3.81,"Within each normalized composition in the finite PBE/FERE source domain, select the row with the lowest finite total energy per atom; break an exact displayed-energy tie by smaller stable MatDB ID. Do not use PBE or GW gap values.",pbe_metadata + source_recovery:pbe
current-nlr-pbe-gw-v1:composition:2e199015572e4fc74af6c01997229bedb39cf7fdac5607abc54d91a852da9a37,In2 Mg O4,9931,9931,[],,227,-5.742,1.861,"Within each normalized composition in the finite PBE/FERE source domain, select the row with the lowest finite total energy per atom; break an exact displayed-energy tie by smaller stable MatDB ID. Do not use PBE or GW gap values.",pbe_metadata + source_recovery:pbe
current-nlr-pbe-gw-v1:composition:2ee0b96165e9fd58531128693d60cb68b3038e34d7f58a9d9073b00dc68857f4,In2 Mn O4,9859,9859,[],,227,-6.323,1.022,"Within each normalized composition in the finite PBE/FERE source domain, select the row with the lowest finite total energy per atom; break an exact displayed-energy tie by smaller stable MatDB ID. Do not use PBE or GW gap values.",pbe_metadata + source_recovery:pbe
current-nlr-pbe-gw-v1:composition:49a5f8d538b56be7b01f633482286551c1228112cf7831bbff2d3387576e655e,In2 Ni O4,9944,9944,[],,74,-5.581,0.457,"Within each normalized composition in the finite PBE/FERE source domain, select the row with the lowest finite total energy per atom; break an exact displayed-energy tie by smaller stable MatDB ID. Do not use PBE or GW gap values.",pbe_metadata + source_recovery:pbe
current-nlr-pbe-gw-v1:composition:29eb61d10d2e7875bfba1a2abbf3bc4a0ed3ef38783a5b8ab460bd94d1740104,In2 O12 W3,124684,,[],60,60,-7.528,4.282,"Within each normalized composition in the finite PBE/FERE source domain, select the row with the lowest finite total energy per atom; break an exact displayed-energy tie by smaller stable MatDB ID. Do not use PBE or GW gap values.",pbe_metadata + source_recovery:pbe
current-nlr-pbe-gw-v1:composition:6693e36c0af5bf0efbd870f8534018e9d51201456a911b08658672b93221a853,In2 O3,9889,9889,[],,206,-5.676,0.97,"Within each normalized composition in the finite PBE/FERE source domain, select the row with the lowest finite total energy per atom; break an exact displayed-energy tie by smaller stable MatDB ID. Do not use PBE or GW gap values.",pbe_metadata + source_recovery:pbe
current-nlr-pbe-gw-v1:composition:8084f30aae2f296771933146f70b9f304fe4d815c15a7cc0fb70d42fb7954227,In2 O4 Sn,5925,,[],,26,-5.617,1.677,"Within each normalized composition in the finite PBE/FERE source domain, select the row with the lowest finite total energy per atom; break an exact displayed-energy tie by smaller stable MatDB ID. Do not use PBE or GW gap values.",pbe_metadata + source_recovery:pbe
current-nlr-pbe-gw-v1:composition:f6bb98b670a21b50fbe03083c43f3372d2ccc9cb3974833cddc452bdbee5ae36,In2 O4 Sr,111316,,[],62,62,-5.84,1.83,"Within each normalized composition in the finite PBE/FERE source domain, select the row with the lowest finite total energy per atom; break an exact displayed-energy tie by smaller stable MatDB ID. Do not use PBE or GW gap values.",pbe_metadata + source_recovery:pbe
current-nlr-pbe-gw-v1:composition:27505922281c70acfca958950b572ae494da46ffd70f30c89d3799efa8f44e02,In2 O4 Ti,6116,,[],,10,-6.407,1.868,"Within each normalized composition in the finite PBE/FERE source domain, select the row with the lowest finite total energy per atom; break an exact displayed-energy tie by smaller stable MatDB ID. Do not use PBE or GW gap values.",pbe_metadata + source_recovery:pbe
current-nlr-pbe-gw-v1:composition:788b8e1467c696dfe5d625ae4f157c7934290b7cfcf5f158a11cfa4f609e75a9,In2 O4 V,6503,,[],,10,-6.248,1.25,"Within each normalized composition in the finite PBE/FERE source domain, select the row with the lowest finite total energy per atom; break an exact displayed-energy tie by smaller stable MatDB ID. Do not use PBE or GW gap values.",pbe_metadata + source_recovery:pbe
current-nlr-pbe-gw-v1:composition:eb5d6bbbb0249185ce851b4fcac35d4958ca05120d15cc2d1cbafc3258c3f9cc,In2 O4 Zn,6555,,[],,62,-5.334,0.919,"Within each normalized composition in the finite PBE/FERE source domain, select the row with the lowest finite total energy per atom; break an exact displayed-energy tie by smaller stable MatDB ID. Do not use PBE or GW gap values.",pbe_metadata + source_recovery:pbe
current-nlr-pbe-gw-v1:composition:33bca2afffde0b2ddf37c7339ee25dfef1100b4367038f12a512d6bb896ce011,In2 O5 Sr2,110270,,[],46,9,-5.861,0.999,"Within each normalized composition in the finite PBE/FERE source domain, select the row with the lowest finite total energy per atom; break an exact displayed-energy tie by smaller stable MatDB ID. Do not use PBE or GW gap values.",pbe_metadata + source_recovery:pbe
current-nlr-pbe-gw-v1:composition:33b60f4f4e566f3aae267c0b3e9688ea2e30c784c5682608462c702d7e4373e4,In2 O5 Ti,110156,,[],62,62,-6.626,1.928,"Within each normalized composition in the finite PBE/FERE source domain, select the row with the lowest finite total energy per atom; break an exact displayed-energy tie by smaller stable MatDB ID. Do not use PBE or GW gap values.",pbe_metadata + source_recovery:pbe
current-nlr-pbe-gw-v1:composition:f2301a982d53dcd68cf8f441da27b54c824a4a7832ba2a68b664e67b3ea09c9e,In2 O7 Si2,110791,,[],12,12,-6.888,2.737,"Within each normalized composition in the finite PBE/FERE source domain, select the row with the lowest finite total energy per atom; break an exact displayed-energy tie by smaller stable MatDB ID. Do not use PBE or GW gap values.",pbe_metadata + source_recovery:pbe
current-nlr-pbe-gw-v1:composition:3241951be4a94eb03b491cb3c97b7dab2053000fd231f129cec351014d7f9086,In2 O9 Pb2 Si2,109736,,[],33,33,-6.547,3.371,"Within each normalized composition in the finite PBE/FERE source domain, select the row with the lowest finite total energy per atom; break an exact displayed-energy tie by smaller stable MatDB ID. Do not use PBE or GW gap values.",pbe_metadata + source_recovery:pbe
current-nlr-pbe-gw-v1:composition:ef9d17208b646cc2c09d363f3adf5b6bd81cddb3c491ee0f0bb9b9b45f5d44df,In4 K14 O13,111362,,[],14,14,-4.318,1.835,"Within each normalized composition in the finite PBE/FERE source domain, select the row with the lowest finite total energy per atom; break an exact displayed-energy tie by smaller stable MatDB ID. Do not use PBE or GW gap values.",pbe_metadata + source_recovery:pbe
current-nlr-pbe-gw-v1:composition:d50b6a094b22c8869fb69c0175288680aefe81cffbcdd8cd1262498345a7640b,In4 O7 Rb2,110275,,[],162,162,-5.205,1.493,"Within each normalized composition in the finite PBE/FERE source domain, select the row with the lowest finite total energy per atom; break an exact displayed-energy tie by smaller stable MatDB ID. Do not use PBE or GW gap values.",pbe_metadata + source_recovery:pbe
current-nlr-pbe-gw-v1:composition:452fb52a05668097ca7151c527519b051460e271d2c86153e588d2b612fc2558,Ir K O3,161913,,[],201,3,-5.486,0.173,"Within each normalized composition in the finite PBE/FERE source domain, select the row with the lowest finite total energy per atom; break an exact displayed-energy tie by smaller stable MatDB ID. Do not use PBE or GW gap values.",pbe_metadata + source_recovery:pbe
current-nlr-pbe-gw-v1:composition:7235fd94579f1c2cda348c5a06f281e72efaba94e7cccc853a832c479aade0bd,Ir K2 Na2 O4,162638,,[],14,14,-4.716,1.407,"Within each normalized composition in the finite PBE/FERE source domain, select the row with the lowest finite total energy per atom; break an exact displayed-energy tie by smaller stable MatDB ID. Do not use PBE or GW gap values.",pbe_metadata + source_recovery:pbe
current-nlr-pbe-gw-v1:composition:f65a4cb12248f93139930929cb910fc584a9a47a3e980e42b49ce8bc9c618c2e,Ir K4 O4,175114,,[],12,12,-4.633,1.224,"Within each normalized composition in the finite PBE/FERE source domain, select the row with the lowest finite total energy per atom; break an exact displayed-energy tie by smaller stable MatDB ID. Do not use PBE or GW gap values.",pbe_metadata + source_recovery:pbe
current-nlr-pbe-gw-v1:composition:980fdd59956f746825902012c896f6ee98a9063b566856dc470b1280f225b354,Ir La2 Mg O6,176590,,[],14,14,-7.158,0.796,"Within each normalized composition in the finite PBE/FERE source domain, select the row with the lowest finite total energy per atom; break an exact displayed-energy tie by smaller stable MatDB ID. Do not use PBE or GW gap values.",pbe_metadata + source_recovery:pbe
current-nlr-pbe-gw-v1:composition:ebdadb01063943f33b225dd24f0631830e2883df70a191194004010fb8303908,Ir La2 Na O6,124947,,[],14,14,-6.872,0.605,"Within each normalized composition in the finite PBE/FERE source domain, select the row with the lowest finite total energy per atom; break an exact displayed-energy tie by smaller stable MatDB ID. Do not use PBE or GW gap values.",pbe_metadata + source_recovery:pbe
current-nlr-pbe-gw-v1:composition:1474a436a83a4c11074e96f20e1d44700ba11b95217d371fb4b8a2313216f790,Ir La2 Ni O6,124398,,[],14,2,-7.028,0.736,"Within each normalized composition in the finite PBE/FERE source domain, select the row with the lowest finite total energy per atom; break an exact displayed-energy tie by smaller stable MatDB ID. Do not use PBE or GW gap values.",pbe_metadata + source_recovery:pbe
current-nlr-pbe-gw-v1:composition:3aebddb0df46738cab246a3b0ce8d3f9f26f3856b0692943b5200f3d921c1dda,Ir La2 O6 Zn,124412,,[],14,14,-6.831,0.817,"Within each normalized composition in the finite PBE/FERE source domain, select the row with the lowest finite total energy per atom; break an exact displayed-energy tie by smaller stable MatDB ID. Do not use PBE or GW gap values.",pbe_metadata + source_recovery:pbe
current-nlr-pbe-gw-v1:composition:fd862a0782b0403b206f639df42b21ee5f8cf938978c78682882bac8457929b9,Ir La3 O7,161941,,[],63,15,-7.513,0.419,"Within each normalized composition in the finite PBE/FERE source domain, select the row with the lowest finite total energy per atom; break an exact displayed-energy tie by smaller stable MatDB ID. Do not use PBE or GW gap values.",pbe_metadata + source_recovery:pbe
current-nlr-pbe-gw-v1:composition:64a8653b5d27714bd63dea3e49eaf8fe72a5f411a14ec458f95d4fee09437b75,Ir Mg O6 Sr2,162275,,[],225,225,-6.154,0.217,"Within each normalized composition in the finite PBE/FERE source domain, select the row with the lowest finite total energy per atom; break an exact displayed-energy tie by smaller stable MatDB ID. Do not use PBE or GW gap values.",pbe_metadata + source_recovery:pbe
current-nlr-pbe-gw-v1:composition:9f625453e319104abecdd0756aa1ba552771d14d63e5d1c67080ec3512145a7f,Ir Mg O6 Sr3,161963,,[],167,15,-6.166,0.751,"Within each normalized composition in the finite PBE/FERE source domain, select the row with the lowest finite total energy per atom; break an exact displayed-energy tie by smaller stable MatDB ID. Do not use PBE or GW gap values.",pbe_metadata + source_recovery:pbe
current-nlr-pbe-gw-v1:composition:3f99b518e90af56668274d9a280114599354e9edc610ef2ee52078c3bb4e5f69,Ir N O,274745,,[],,129,-6.341,1.047,"Within each normalized composition in the finite PBE/FERE source domain, select the row with the lowest finite total energy per atom; break an exact displayed-energy tie by smaller stable MatDB ID. Do not use PBE or GW gap values.",pbe_metadata + source_recovery:pbe
current-nlr-pbe-gw-v1:composition:e381921700e6e747a8af6feee24c2d4e224ab5c65f8e5a1139db858570922f06,Ir Na O3,162277,,[],63,63,-5.494,0.04,"Within each normalized composition in the finite PBE/FERE source domain, select the row with the lowest finite total energy per atom; break an exact displayed-energy tie by smaller stable MatDB ID. Do not use PBE or GW gap values.",pbe_metadata + source_recovery:pbe
current-nlr-pbe-gw-v1:composition:0961ec0c3b4c5a2ae37c090e161e87e480d9d4ef68b9720e1e0915e1b681b0e1,Ir Na O6 Sr3,191135,,[],167,15,-5.95,0.715,"Within each normalized composition in the finite PBE/FERE source domain, select the row with the lowest finite total energy per atom; break an exact displayed-energy tie by smaller stable MatDB ID. Do not use PBE or GW gap values.",pbe_metadata + source_recovery:pbe
current-nlr-pbe-gw-v1:composition:a7465d6ee3a280c6681ee86afacf6d29bfc8b9b26f87dfad6a11a26274b157fa,Ir Na2 O4 Rb2,162049,,[],14,14,-4.655,1.412,"Within each normalized composition in the finite PBE/FERE source domain, select the row with the lowest finite total energy per atom; break an exact displayed-energy tie by smaller stable MatDB ID. Do not use PBE or GW gap values.",pbe_metadata + source_recovery:pbe
current-nlr-pbe-gw-v1:composition:dc7e493919480a1cac4ef3625936e2449389482ef41881987d8f234a5c225b88,Ir Na4 O4,176460,,[],87,87,-4.767,1.219,"Within each normalized composition in the finite PBE/FERE source domain, select the row with the lowest finite total energy per atom; break an exact displayed-energy tie by smaller stable MatDB ID. Do not use PBE or GW gap values.",pbe_metadata + source_recovery:pbe
current-nlr-pbe-gw-v1:composition:c8ef9875d0bf71e6346250b39347ffd3878472be3e28660998b372b22391ee3e,Ir Ni O6 Sr3,124912,,[],167,2,-6.048,0.891,"Within each normalized composition in the finite PBE/FERE source domain, select the row with the lowest finite total energy per atom; break an exact displayed-energy tie by smaller stable MatDB ID. Do not use PBE or GW gap values.",pbe_metadata + source_recovery:pbe
current-nlr-pbe-gw-v1:composition:0312d3a73606492eb6982dd1018877dfba0be1990f8b6980d4b707b0c573d576,Ir O3 Sr,162056,,[],15,40,-6.159,0.332,"Within each normalized composition in the finite PBE/FERE source domain, select the row with the lowest finite total energy per atom; break an exact displayed-energy tie by smaller stable MatDB ID. Do not use PBE or GW gap values.",pbe_metadata + source_recovery:pbe
current-nlr-pbe-gw-v1:composition:0e119bbc365df39f1a168a56e145b1e3baddef88453b20ec8eeb38f147402e78,Ir O4 Sr2,143829,,[],142,110,-6.191,0.702,"Within each normalized composition in the finite PBE/FERE source domain, select the row with the lowest finite total energy per atom; break an exact displayed-energy tie by smaller stable MatDB ID. Do not use PBE or GW gap values.",pbe_metadata + source_recovery:pbe
current-nlr-pbe-gw-v1:composition:c3a7afedc6d316502ec0f5d942a89c9d3f4a364a55bf9efcba3ccb084d221388,Ir O6 Sc Sr2,143331,,[],14,14,-6.833,0.578,"Within each normalized composition in the finite PBE/FERE source domain, select the row with the lowest finite total energy per atom; break an exact displayed-energy tie by smaller stable MatDB ID. Do not use PBE or GW gap values.",pbe_metadata + source_recovery:pbe
current-nlr-pbe-gw-v1:composition:c732590f2d06036a76c21eafd0eae6fff00f1f668c1d05d6095b1a297f2aec6b,Ir O6 Sr3 Zn,162864,,[],167,2,-5.901,0.881,"Within each normalized composition in the finite PBE/FERE source domain, select the row with the lowest finite total energy per atom; break an exact displayed-energy tie by smaller stable MatDB ID. Do not use PBE or GW gap values.",pbe_metadata + source_recovery:pbe
current-nlr-pbe-gw-v1:composition:5c3b71400865c1bae5228231f20e4589e05ad424a7215a9423e151dc0c5c68e8,Ir O6 Sr4,192605,,[],167,2,-6.176,0.764,"Within each normalized composition in the finite PBE/FERE source domain, select the row with the lowest finite total energy per atom; break an exact displayed-energy tie by smaller stable MatDB ID. Do not use PBE or GW gap values.",pbe_metadata + source_recovery:pbe
current-nlr-pbe-gw-v1:composition:312978c759eeb06b1adcb54a37b9d685904996ac36916cbc119576ba003346aa,Ir2 N2 O,272858,273030,[273030],,36,-6.217,0.042,"Within each normalized composition in the finite PBE/FERE source domain, select the row with the lowest finite total energy per atom; break an exact displayed-energy tie by smaller stable MatDB ID. Do not use PBE or GW gap values.",pbe_metadata + source_recovery:pbe
current-nlr-pbe-gw-v1:composition:c29f5a2a25cd10a78d60b741ac3a68c47d2081be15d7d3cf218040f2162754fc,Ir3 La3 O11,124114,,[],201,34,-7.044,0.256,"Within each normalized composition in the finite PBE/FERE source domain, select the row with the lowest finite total energy per atom; break an exact displayed-energy tie by smaller stable MatDB ID. Do not use PBE or GW gap values.",pbe_metadata + source_recovery:pbe
current-nlr-pbe-gw-v1:composition:2e93170b5097a7b721f0a5ca6353f6dd4172f3e98eb39a3b4e56c6b275bd9ad0,Ir4 La9 O24 Rb,143345,,[],87,82,-7.239,0.709,"Within each normalized composition in the finite PBE/FERE source domain, select the row with the lowest finite total energy per atom; break an exact displayed-energy tie by smaller stable MatDB ID. Do not use PBE or GW gap values.",pbe_metadata + source_recovery:pbe
current-nlr-pbe-gw-v1:composition:db28b019384e17364ddd0418985cb7b4cd7f3e4e4b3acd666cfda996d9d90636,Ir7 N4 O8,281064,281082,[281082],,1,-6.12,0.378,"Within each normalized composition in the finite PBE/FERE source domain, select the row with the lowest finite total energy per atom; break an exact displayed-energy tie by smaller stable MatDB ID. Do not use PBE or GW gap values.",pbe_metadata + source_recovery:pbe
current-nlr-pbe-gw-v1:composition:adcd72d51f879d73ae59f940e3a7073c2fba451111b2ffe07759bae99e1dcf6b,K La Na Nb O5,162884,,[],129,129,-6.963,3.692,"Within each normalized composition in the finite PBE/FERE source domain, select the row with the lowest finite total energy per atom; break an exact displayed-energy tie by smaller stable MatDB ID. Do not use PBE or GW gap values.",pbe_metadata + source_recovery:pbe
current-nlr-pbe-gw-v1:composition:ea13681856a49518a2be514cd7a22536fea085f30f9109e04156ae918801d02e,K La O2,110569,,[],166,166,-6.468,3.876,"Within each normalized composition in the finite PBE/FERE source domain, select the row with the lowest finite total energy per atom; break an exact displayed-energy tie by smaller stable MatDB ID. Do not use PBE or GW gap values.",pbe_metadata + source_recovery:pbe
current-nlr-pbe-gw-v1:composition:544476fa19b65b0097d69e4ef1e21fa9d465161e4a21e05140d97c8a38cde60c,K La O3 Pd,143349,,[],12,12,-5.882,1.02,"Within each normalized composition in the finite PBE/FERE source domain, select the row with the lowest finite total energy per atom; break an exact displayed-energy tie by smaller stable MatDB ID. Do not use PBE or GW gap values.",pbe_metadata + source_recovery:pbe
current-nlr-pbe-gw-v1:composition:942f42428c1dc575f3574975ced78361af12ef1787054841209b59ab6b3a77ca,K La O4 Ti,109497,,[],129,129,-7.395,2.788,"Within each normalized composition in the finite PBE/FERE source domain, select the row with the lowest finite total energy per atom; break an exact displayed-energy tie by smaller stable MatDB ID. Do not use PBE or GW gap values.",pbe_metadata + source_recovery:pbe
current-nlr-pbe-gw-v1:composition:fcfd1e852687bf532a2fe414f63da81d269fc4e41eebf9da9159688b5c65ff48,K Mn Na O10 Si4,163498,,[],2,2,-7.333,2.887,"Within each normalized composition in the finite PBE/FERE source domain, select the row with the lowest finite total energy per atom; break an exact displayed-energy tie by smaller stable MatDB ID. Do not use PBE or GW gap values.",pbe_metadata + source_recovery:pbe
current-nlr-pbe-gw-v1:composition:6dc9c1cd72198e0937adebcb23d9d763e646ae8da8c6104b1f32e056d8290a9f,K Mn Na O2,124738,,[],66,66,-5.421,1.401,"Within each normalized composition in the finite PBE/FERE source domain, select the row with the lowest finite total energy per atom; break an exact displayed-energy tie by smaller stable MatDB ID. Do not use PBE or GW gap values.",pbe_metadata + source_recovery:pbe
current-nlr-pbe-gw-v1:composition:3662dd0a6038a5e708a78f31fd46f3eebf0dc8ec560d6814fa87e5aaef9d630d,K Mn O2,191300,,[],11,1,-6.319,2.099,"Within each normalized composition in the finite PBE/FERE source domain, select the row with the lowest finite total energy per atom; break an exact displayed-energy tie by smaller stable MatDB ID. Do not use PBE or GW gap values.",pbe_metadata + source_recovery:pbe
current-nlr-pbe-gw-v1:composition:38b579e6ecbe696eb5a001f25cffb2aaab1037c0778057ad97f912d5ba30a8e7,K Mn O4 V,163583,,[],14,1,-7.105,2.321,"Within each normalized composition in the finite PBE/FERE source domain, select the row with the lowest finite total energy per atom; break an exact displayed-energy tie by smaller stable MatDB ID. Do not use PBE or GW gap values.",pbe_metadata + source_recovery:pbe
current-nlr-pbe-gw-v1:composition:d2271ed44109a427712d57bdaef1bc3b63650fe75a0a1485f9017b4c22833ada,K Mo2 O8 Sc,163231,,[],164,164,-7.437,3.698,"Within each normalized composition in the finite PBE/FERE source domain, select the row with the lowest finite total energy per atom; break an exact displayed-energy tie by smaller stable MatDB ID. Do not use PBE or GW gap values.",pbe_metadata + source_recovery:pbe
current-nlr-pbe-gw-v1:composition:7abea6323d3397f19c8fce6d4188a5af84cac5272d447b558983cd6bb1707d99,K Mo4 O6,162161,,[],127,38,-7.213,0.091,"Within each normalized composition in the finite PBE/FERE source domain, select the row with the lowest finite total energy per atom; break an exact displayed-energy tie by smaller stable MatDB ID. Do not use PBE or GW gap values.",pbe_metadata + source_recovery:pbe
current-nlr-pbe-gw-v1:composition:8ac6915e0d02d963542ca6efce7fcf16bb0ac45025afa1c7a3bdf89fbbea5106,K Mo4 O8,125324,,[],13,3,-7.361,0.801,"Within each normalized composition in the finite PBE/FERE source domain, select the row with the lowest finite total energy per atom; break an exact displayed-energy tie by smaller stable MatDB ID. Do not use PBE or GW gap values.",pbe_metadata + source_recovery:pbe
current-nlr-pbe-gw-v1:composition:c1c70df5f359918669c88a738fd03d1c6d34d4a676a625244254a4404343bedb,K Mo5 O13,124946,,[],63,2,-7.349,0.049,"Within each normalized composition in the finite PBE/FERE source domain, select the row with the lowest finite total energy per atom; break an exact displayed-energy tie by smaller stable MatDB ID. Do not use PBE or GW gap values.",pbe_metadata + source_recovery:pbe
current-nlr-pbe-gw-v1:composition:e19779f98ca748434e381ef66dba2ba58f20e5143c19332e103a4d189cc0646d,K Na O,110793,,[],129,129,-3.574,2.179,"Within each normalized composition in the finite PBE/FERE source domain, select the row with the lowest finite total energy per atom; break an exact displayed-energy tie by smaller stable MatDB ID. Do not use PBE or GW gap values.",pbe_metadata + source_recovery:pbe
current-nlr-pbe-gw-v1:composition:37c6494b24b262982724628af98815e5e8caec13316d79f853218967a1286b14,K Na O2 Zn,110690,,[],14,15,-4.092,1.79,"Within each normalized composition in the finite PBE/FERE source domain, select the row with the lowest finite total energy per atom; break an exact displayed-energy tie by smaller stable MatDB ID. Do not use PBE or GW gap values.",pbe_metadata + source_recovery:pbe
current-nlr-pbe-gw-v1:composition:20372852038c6ad88615effac76e5f066857fd950ad34f95d84cc0f79a09a7d4,K Na O3 Ti,109739,,[],15,15,-6.265,3.863,"Within each normalized composition in the finite PBE/FERE source domain, select the row with the lowest finite total energy per atom; break an exact displayed-energy tie by smaller stable MatDB ID. Do not use PBE or GW gap values.",pbe_metadata + source_recovery:pbe
current-nlr-pbe-gw-v1:composition:581d8cb143f97cb7994f38a5517653946901f0714c8fe224a65c3a1ac4474df8,K Na O5 Si2,111377,,[],14,14,-6.746,4.435,"Within each normalized composition in the finite PBE/FERE source domain, select the row with the lowest finite total energy per atom; break an exact displayed-energy tie by smaller stable MatDB ID. Do not use PBE or GW gap values.",pbe_metadata + source_recovery:pbe
current-nlr-pbe-gw-v1:composition:2b73a9f6b39991a5e2f365fe68efcb48073a1f51a2138c842603d37ee848240f,K Na O6 V2,144546,,[],15,15,-6.741,3.162,"Within each normalized composition in the finite PBE/FERE source domain, select the row with the lowest finite total energy per atom; break an exact displayed-energy tie by smaller stable MatDB ID. Do not use PBE or GW gap values.",pbe_metadata + source_recovery:pbe
current-nlr-pbe-gw-v1:composition:ffebb3bd24fb0dab4b8503fd75b4c959fc34a6cb949080c9d0212787f427c289,K Na2 Ni O2,143355,,[],64,39,-4.045,1.249,"Within each normalized composition in the finite PBE/FERE source domain, select the row with the lowest finite total energy per atom; break an exact displayed-energy tie by smaller stable MatDB ID. Do not use PBE or GW gap values.",pbe_metadata + source_recovery:pbe
current-nlr-pbe-gw-v1:composition:2cfaff9403089db2e03c19e3c34fd3b83b1dd27c4796d5c285755e024d9a2fe7,K Na2 O15 Si6 Y,110296,,[],74,74,-7.418,4.799,"Within each normalized composition in the finite PBE/FERE source domain, select the row with the lowest finite total energy per atom; break an exact displayed-energy tie by smaller stable MatDB ID. Do not use PBE or GW gap values.",pbe_metadata + source_recovery:pbe
current-nlr-pbe-gw-v1:composition:42af3a82d7c08a27aa74b83941a9c3d62fee0c42ba9ae7c754f3a55653d0cb7b,K Na3 O5 W,176651,,[],12,12,-5.95,3.672,"Within each normalized composition in the finite PBE/FERE source domain, select the row with the lowest finite total energy per atom; break an exact displayed-energy tie by smaller stable MatDB ID. Do not use PBE or GW gap values.",pbe_metadata + source_recovery:pbe
current-nlr-pbe-gw-v1:composition:e5b3e9c474bb84e8df2807f3117118aa5132967b9de70eecba5b3f6fcfa9c672,K Na7 O7 Pb2,110220,,[],14,14,-4.394,0.836,"Within each normalized composition in the finite PBE/FERE source domain, select the row with the lowest finite total energy per atom; break an exact displayed-energy tie by smaller stable MatDB ID. Do not use PBE or GW gap values.",pbe_metadata + source_recovery:pbe
current-nlr-pbe-gw-v1:composition:2b89c90cf5537f3ae1d7b518afa55cd309dfe4074b8bf114168dccbe71053983,K Nb O3,162188,,[],160,160,-7.123,2.053,"Within each normalized composition in the finite PBE/FERE source domain, select the row with the lowest finite total energy per atom; break an exact displayed-energy tie by smaller stable MatDB ID. Do not use PBE or GW gap values.",pbe_metadata + source_recovery:pbe
current-nlr-pbe-gw-v1:composition:e870c1d1ddf4738294f5e506145ec1748f074db0f9da7e216091dd9da5b46408,K Nb O7 Si2,177320,,[],100,100,-7.585,3.539,"Within each normalized composition in the finite PBE/FERE source domain, select the row with the lowest finite total energy per atom; break an exact displayed-energy tie by smaller stable MatDB ID. Do not use PBE or GW gap values.",pbe_metadata + source_recovery:pbe
current-nlr-pbe-gw-v1:composition:1da16c01164b0d0af9b8dfb67b1513aa0e497ebfc279f8dff1aeb83faab959df,K Nb3 O8,124806,,[],63,63,-7.75,2.801,"Within each normalized composition in the finite PBE/FERE source domain, select the row with the lowest finite total energy per atom; break an exact displayed-energy tie by smaller stable MatDB ID. Do not use PBE or GW gap values.",pbe_metadata + source_recovery:pbe
current-nlr-pbe-gw-v1:composition:1b8d61ec0e3c4e065291bee74c99dc2007d90ae3caee2599bc3a9c1ba31db3a1,K Nb5 O13,143379,,[],57,57,-7.928,2.665,"Within each normalized composition in the finite PBE/FERE source domain, select the row with the lowest finite total energy per atom; break an exact displayed-energy tie by smaller stable MatDB ID. Do not use PBE or GW gap values.",pbe_metadata + source_recovery:pbe
current-nlr-pbe-gw-v1:composition:dec5cd4a840ea0ebf36f06781e9296ffb2cded2c14128fc0ad1fbd356f55af4e,K Nb8 O14,144144,,[],55,14,-7.945,0.19,"Within each normalized composition in the finite PBE/FERE source domain, select the row with the lowest finite total energy per atom; break an exact displayed-energy tie by smaller stable MatDB ID. Do not use PBE or GW gap values.",pbe_metadata + source_recovery:pbe
current-nlr-pbe-gw-v1:composition:f60073a9c235dde2edfe6116691290d6c0fbf2faf5cfa1cf5b8cb8197c4a1ca7,K O11 V6,143556,,[],186,9,-7.68,0.729,"Within each normalized composition in the finite PBE/FERE source domain, select the row with the lowest finite total energy per atom; break an exact displayed-energy tie by smaller stable MatDB ID. Do not use PBE or GW gap values.",pbe_metadata + source_recovery:pbe
current-nlr-pbe-gw-v1:composition:9994f4be2f76ceb37e07f588cd7b231aa9a9efa12fe1979bffcdb857fd5af7a9,K O2 Pb,110599,,[],2,2,-4.925,1.433,"Within each normalized composition in the finite PBE/FERE source domain, select the row with the lowest finite total energy per atom; break an exact displayed-energy tie by smaller stable MatDB ID. Do not use PBE or GW gap values.",pbe_metadata + source_recovery:pbe
current-nlr-pbe-gw-v1:composition:81f76d50ddb1b9c77528d2bab51f25f9366e892f217cf26affec665c4b427175,K O2 Sc,109742,,[],166,166,-6.809,4.08,"Within each normalized composition in the finite PBE/FERE source domain, select the row with the lowest finite total energy per atom; break an exact displayed-energy tie by smaller stable MatDB ID. Do not use PBE or GW gap values.",pbe_metadata + source_recovery:pbe
current-nlr-pbe-gw-v1:composition:d407bba8451b0cf17b641e6de81c9dfceae39ee4def86b1a38a7ebad19a516f9,K O2 Y,111381,,[],166,166,-6.881,3.934,"Within each normalized composition in the finite PBE/FERE source domain, select the row with the lowest finite total energy per atom; break an exact displayed-energy tie by smaller stable MatDB ID. Do not use PBE or GW gap values.",pbe_metadata + source_recovery:pbe
current-nlr-pbe-gw-v1:composition:34bc0b798a8b0b27144496fee835ba851c705d105f23a19b5a02711218357f99,K O3 Pd2,143983,,[],166,166,-4.519,0.829,"Within each normalized composition in the finite PBE/FERE source domain, select the row with the lowest finite total energy per atom; break an exact displayed-energy tie by smaller stable MatDB ID. Do not use PBE or GW gap values.",pbe_metadata + source_recovery:pbe
current-nlr-pbe-gw-v1:composition:fd917d9ee008de3d172a069a1ef52797276239c126d84f6922c5d06c7be0f684,K O3 V,176792,,[],57,57,-6.721,2.959,"Within each normalized composition in the finite PBE/FERE source domain, select the row with the lowest finite total energy per atom; break an exact displayed-energy tie by smaller stable MatDB ID. Do not use PBE or GW gap values.",pbe_metadata + source_recovery:pbe
current-nlr-pbe-gw-v1:composition:ec0464c2526683035cc1e801037dc05826f31b0b751fe9f528f2907ffa64c025,K O4 Pb V,143987,,[],62,62,-6.419,3.345,"Within each normalized composition in the finite PBE/FERE source domain, select the row with the lowest finite total energy per atom; break an exact displayed-energy tie by smaller stable MatDB ID. Do not use PBE or GW gap values.",pbe_metadata + source_recovery:pbe
current-nlr-pbe-gw-v1:composition:546d4ee472ec962224d7db1ca4eaf1f14eb0bb4f2d308bd2ee23e039fb32f950,K O4 Ru,190311,,[],88,88,-5.556,0.38,"Within each normalized composition in the finite PBE/FERE source domain, select the row with the lowest finite total energy per atom; break an exact displayed-energy tie by smaller stable MatDB ID. Do not use PBE or GW gap values.",pbe_metadata + source_recovery:pbe
current-nlr-pbe-gw-v1:composition:5b0696146674e3746ce16e3e604b989cf1b9ebd54e1200ca0a451b67e628d55f,K O8 Ru4,192752,,[],87,8,-6.175,0.07,"Within each normalized composition in the finite PBE/FERE source domain, select the row with the lowest finite total energy per atom; break an exact displayed-energy tie by smaller stable MatDB ID. Do not use PBE or GW gap values.",pbe_metadata + source_recovery:pbe
current-nlr-pbe-gw-v1:composition:3c68581e4217ac1848263f1e48615a60e668c6f0703b0aa8e78d8b7caff69165,K O8 V3,162771,,[],11,11,-7.21,2.017,"Within each normalized composition in the finite PBE/FERE source domain, select the row with the lowest finite total energy per atom; break an exact displayed-energy tie by smaller stable MatDB ID. Do not use PBE or GW gap values.",pbe_metadata + source_recovery:pbe
current-nlr-pbe-gw-v1:composition:6a64575336bc1762cf0373f41ddfa4629388f2154a9987383747c49a6bb267de,K O8 V4,163499,,[],12,10,-7.539,0.718,"Within each normalized composition in the finite PBE/FERE source domain, select the row with the lowest finite total energy per atom; break an exact displayed-energy tie by smaller stable MatDB ID. Do not use PBE or GW gap values.",pbe_metadata + source_recovery:pbe
current-nlr-pbe-gw-v1:composition:f187dd9fe3d29d53d2c915577e8166a97e3d35d61c31dadc5fc55231dfb82d58,K O8 W2 Y,176292,,[],15,15,-8.039,3.408,"Within each normalized composition in the finite PBE/FERE source domain, select the row with the lowest finite total energy per atom; break an exact displayed-energy tie by smaller stable MatDB ID. Do not use PBE or GW gap values.",pbe_metadata + source_recovery:pbe
current-nlr-pbe-gw-v1:composition:bbc9df664df089d4c91f215a5a40e6cbad95d3bcd595c3406a8fa7957efbaeab,K10 Mg Mo7 O27,176497,,[],31,31,-6.509,3.647,"Within each normalized composition in the finite PBE/FERE source domain, select the row with the lowest finite total energy per atom; break an exact displayed-energy tie by smaller stable MatDB ID. Do not use PBE or GW gap values.",pbe_metadata + source_recovery:pbe
current-nlr-pbe-gw-v1:composition:8268b474bbb38c7fe398b32a99aee0fe9f6f282bfdf4c91a68fa55abf6b2d94d,K10 Mn Mo7 O27,177083,,[],31,31,-6.595,2.65,"Within each normalized composition in the finite PBE/FERE source domain, select the row with the lowest finite total energy per atom; break an exact displayed-energy tie by smaller stable MatDB ID. Do not use PBE or GW gap values.",pbe_metadata + source_recovery:pbe
current-nlr-pbe-gw-v1:composition:d99d443ddb00cc3acbe48c76b9005127ba49cfef0ed0b5785b2a9849672e67cc,K2 La2 O10 Ti3,110695,,[],139,139,-7.588,2.392,"Within each normalized composition in the finite PBE/FERE source domain, select the row with the lowest finite total energy per atom; break an exact displayed-energy tie by smaller stable MatDB ID. Do not use PBE or GW gap values.",pbe_metadata + source_recovery:pbe
current-nlr-pbe-gw-v1:composition:66c3256133c788e7da362c0309628ceeb970899bf4043eac58e5b47c745ed673,K2 Mg O4 Si,109761,,[],29,29,-6.084,4.04,"Within each normalized composition in the finite PBE/FERE source domain, select the row with the lowest finite total energy per atom; break an exact displayed-energy tie by smaller stable MatDB ID. Do not use PBE or GW gap values.",pbe_metadata + source_recovery:pbe
current-nlr-pbe-gw-v1:composition:fc071a704e619fc87bafd95775f4b0abaedd9c35790dea49f976dce5c9d28472,K2 Mg O7 V2,124774,,[],136,136,-6.648,3.567,"Within each normalized composition in the finite PBE/FERE source domain, select the row with the lowest finite total energy per atom; break an exact displayed-energy tie by smaller stable MatDB ID. Do not use PBE or GW gap values.",pbe_metadata + source_recovery:pbe
current-nlr-pbe-gw-v1:composition:670bd53f62d3fd7bdc640cd567980a1db48c13a096ec27c4825a26a786c63f95,K2 Mn Na O4,143990,,[],70,70,-5.417,1.601,"Within each normalized composition in the finite PBE/FERE source domain, select the row with the lowest finite total energy per atom; break an exact displayed-energy tie by smaller stable MatDB ID. Do not use PBE or GW gap values.",pbe_metadata + source_recovery:pbe
current-nlr-pbe-gw-v1:composition:dd949c9846c190332311c55dba1ac45787d32af856714260b2e03ef3a7f6b727,K2 Mn O12 V4,190380,,[],14,14,-7.218,1.649,"Within each normalized composition in the finite PBE/FERE source domain, select the row with the lowest finite total energy per atom; break an exact displayed-energy tie by smaller stable MatDB ID. Do not use PBE or GW gap values.",pbe_metadata + source_recovery:pbe
current-nlr-pbe-gw-v1:composition:7918320781faf78031617e7d00e1c68a7ce604d11d3e44ae4a3050b1edeb1221,K2 Mn O4,162293,,[],62,1,-5.652,0.424,"Within each normalized composition in the finite PBE/FERE source domain, select the row with the lowest finite total energy per atom; break an exact displayed-energy tie by smaller stable MatDB ID. Do not use PBE or GW gap values.",pbe_metadata + source_recovery:pbe
current-nlr-pbe-gw-v1:composition:8dc641984e7f97d52676867358009c4163a75d686bc7dd28dc51fa6de94822a9,K2 Mn O7 V2,175966,,[],113,113,-6.979,2.256,"Within each normalized composition in the finite PBE/FERE source domain, select the row with the lowest finite total energy per atom; break an exact displayed-energy tie by smaller stable MatDB ID. Do not use PBE or GW gap values.",pbe_metadata + source_recovery:pbe
current-nlr-pbe-gw-v1:composition:ff44d53a8e83bd8ce27fb52ef246fa436e408cf28450be098ba48201470f8733,K2 Mn2 Mo3 O12,192904,,[],54,1,-7.21,2.815,"Within each normalized composition in the finite PBE/FERE source domain, select the row with the lowest finite total energy per atom; break an exact displayed-energy tie by smaller stable MatDB ID. Do not use PBE or GW gap values.",pbe_metadata + source_recovery:pbe
current-nlr-pbe-gw-v1:composition:5bbdcea70fac4c2cdddf7b2d569bc306fbd7962cb96c8ffcf1c8938f39ee6849,K2 Mn2 O15 Si4 Zn4,176697,,[],44,44,-6.557,1.654,"Within each normalized composition in the finite PBE/FERE source domain, select the row with the lowest finite total energy per atom; break an exact displayed-energy tie by smaller stable MatDB ID. Do not use PBE or GW gap values.",pbe_metadata + source_recovery:pbe
current-nlr-pbe-gw-v1:composition:8f0b66dfd2a66acc2945f4660e3602b16410cac3d954581c732d3a94e28dec58,K2 Mn2 O3,144323,,[],14,14,-6.103,1.345,"Within each normalized composition in the finite PBE/FERE source domain, select the row with the lowest finite total energy per atom; break an exact displayed-energy tie by smaller stable MatDB ID. Do not use PBE or GW gap values.",pbe_metadata + source_recovery:pbe
current-nlr-pbe-gw-v1:composition:bd44523b245b03042bd1f435904fd7586e0b39b65e9718cf421605f55df8af29,K2 Mo O8,125804,,[],167,167,-5.535,1.855,"Within each normalized composition in the finite PBE/FERE source domain, select the row with the lowest finite total energy per atom; break an exact displayed-energy tie by smaller stable MatDB ID. Do not use PBE or GW gap values.",pbe_metadata + source_recovery:pbe
current-nlr-pbe-gw-v1:composition:1d4337991e9e99080b9f375e6e16255379c5639a4fdd766ccac2cdbd7735a8df,K2 Mo2 Ni O8,191256,,[],64,64,-6.554,2.821,"Within each normalized composition in the finite PBE/FERE source domain, select the row with the lowest finite total energy per atom; break an exact displayed-energy tie by smaller stable MatDB ID. Do not use PBE or GW gap values.",pbe_metadata + source_recovery:pbe
current-nlr-pbe-gw-v1:composition:3706bf0e22666a44e2496a01f9e20a0e4e1e0c2c029a3aa899d37c2c06f75698,K2 Mo2 O7,193616,,[],2,2,-6.743,3.309,"Within each normalized composition in the finite PBE/FERE source domain, select the row with the lowest finite total energy per atom; break an exact displayed-energy tie by smaller stable MatDB ID. Do not use PBE or GW gap values.",pbe_metadata + source_recovery:pbe
current-nlr-pbe-gw-v1:composition:bca3402f7ea148a1fbcf0e5dde0869dacdf7d297defb5993e2a370c296055c8e,K2 Mo3 Ni2 O12,162232,,[],14,4,-6.645,2.438,"Within each normalized composition in the finite PBE/FERE source domain, select the row with the lowest finite total energy per atom; break an exact displayed-energy tie by smaller stable MatDB ID. Do not use PBE or GW gap values.",pbe_metadata + source_recovery:pbe
current-nlr-pbe-gw-v1:composition:6c64381700da2b3a78237bd04b6bd33c4828ed19d638d9dc113cb839a579134b,K2 Mo3 O10,162965,,[],15,15,-6.941,3.216,"Within each normalized composition in the finite PBE/FERE source domain, select the row with the lowest finite total energy per atom; break an exact displayed-energy tie by smaller stable MatDB ID. Do not use PBE or GW gap values.",pbe_metadata + source_recovery:pbe
current-nlr-pbe-gw-v1:composition:8cb462e6bfcd887abe365ea0f91b47a07600fd1725973ed1aa6f1973ae0fcdf9,K2 Mo3 O12 Zn2,144308,,[],14,14,-6.458,3.48,"Within each normalized composition in the finite PBE/FERE source domain, select the row with the lowest finite total energy per atom; break an exact displayed-energy tie by smaller stable MatDB ID. Do not use PBE or GW gap values.",pbe_metadata + source_recovery:pbe
current-nlr-pbe-gw-v1:composition:05f34c3eca86b9fe96ce60331f54043f94af53edead6cc9ccf0e56f2c7235fbd,K2 Mo4 O13,144809,,[],61,61,-7.045,2.751,"Within each normalized composition in the finite PBE/FERE source domain, select the row with the lowest finite total energy per atom; break an exact displayed-energy tie by smaller stable MatDB ID. Do not use PBE or GW gap values.",pbe_metadata + source_recovery:pbe
current-nlr-pbe-gw-v1:composition:a6fa7add4b876bba761cd482370695d0ec2b23505b99d27cffe9e51061a38888,K2 Mo7 O20,124903,,[],57,11,-7.263,0.131,"Within each normalized composition in the finite PBE/FERE source domain, select the row with the lowest finite total energy per atom; break an exact displayed-energy tie by smaller stable MatDB ID. Do not use PBE or GW gap values.",pbe_metadata + source_recovery:pbe
current-nlr-pbe-gw-v1:composition:b3de407c810689d48fc9d31d31d05c8593102d154e857a88c54e08df18a38858,K2 Nb5 O15 Y,125059,,[],65,65,-7.828,2.047,"Within each normalized composition in the finite PBE/FERE source domain, select the row with the lowest finite total energy per atom; break an exact displayed-energy tie by smaller stable MatDB ID. Do not use PBE or GW gap values.",pbe_metadata + source_recovery:pbe
current-nlr-pbe-gw-v1:composition:13c2e085a0fdbd3c510633c24f6110b2966ce937836cc5122f38b8af1fbbed9f,K2 Ni O2,175977,,[],139,139,-4.426,1.733,"Within each normalized composition in the finite PBE/FERE source domain, select the row with the lowest finite total energy per atom; break an exact displayed-energy tie by smaller stable MatDB ID. Do not use PBE or GW gap values.",pbe_metadata + source_recovery:pbe
current-nlr-pbe-gw-v1:composition:bbd0928fd0e9cf236d042d5c050cacffaf0b9af3e2784163388fa8dc9e7f8004,K2 O,110305,,[],225,225,-3.423,1.767,"Within each normalized composition in the finite PBE/FERE source domain, select the row with the lowest finite total energy per atom; break an exact displayed-energy tie by smaller stable MatDB ID. Do not use PBE or GW gap values.",pbe_metadata + source_recovery:pbe
current-nlr-pbe-gw-v1:composition:7c008ca9f78f00ea0d0a5190f4e50bd64aa90c7af279b0c31bfd5eff65ca9240,K2 O10 Si4 Zn,109519,,[],19,19,-6.931,4.248,"Within each normalized composition in the finite PBE/FERE source domain, select the row with the lowest finite total energy per atom; break an exact displayed-energy tie by smaller stable MatDB ID. Do not use PBE or GW gap values.",pbe_metadata + source_recovery:pbe
current-nlr-pbe-gw-v1:composition:70222638828f7f774072445bf3c90cc968ba28274ef609718565e3a6393c78cc,K2 O12 Sr V4,162408,,[],125,125,-7.078,2.959,"Within each normalized composition in the finite PBE/FERE source domain, select the row with the lowest finite total energy per atom; break an exact displayed-energy tie by smaller stable MatDB ID. Do not use PBE or GW gap values.",pbe_metadata + source_recovery:pbe
current-nlr-pbe-gw-v1:composition:4b20aaeb175c4575d19f1769c38bceade46326169bfb5ded13a9a90f9363dc05,K2 O13 Ti6,110805,,[],12,12,-7.726,3.061,"Within each normalized composition in the finite PBE/FERE source domain, select the row with the lowest finite total energy per atom; break an exact displayed-energy tie by smaller stable MatDB ID. Do not use PBE or GW gap values.",pbe_metadata + source_recovery:pbe
current-nlr-pbe-gw-v1:composition:ba59d4df8ac76609b79667df48195b6d8e9ead1a6d058290a3d858e7bd9aad44,K2 O15 Si6 Ti,109781,,[],4,4,-7.541,3.753,"Within each normalized composition in the finite PBE/FERE source domain, select the row with the lowest finite total energy per atom; break an exact displayed-energy tie by smaller stable MatDB ID. Do not use PBE or GW gap values.",pbe_metadata + source_recovery:pbe
current-nlr-pbe-gw-v1:composition:e6d421cfa2e8c74366f55ae91e908c330250e5c38eafe31cdaee58ad446c7f15,K2 O19 Si8 Zn2,110246,,[],5,5,-7.155,4.202,"Within each normalized composition in the finite PBE/FERE source domain, select the row with the lowest finite total energy per atom; break an exact displayed-energy tie by smaller stable MatDB ID. Do not use PBE or GW gap values.",pbe_metadata + source_recovery:pbe
current-nlr-pbe-gw-v1:composition:2707382cdc2a2aa839949742e27d4a3e85ec44570f285365fd4c5ef2e3de47ea,K2 O2 Pb,110712,,[],2,2,-4.448,2.055,"Within each normalized composition in the finite PBE/FERE source domain, select the row with the lowest finite total energy per atom; break an exact displayed-energy tie by smaller stable MatDB ID. Do not use PBE or GW gap values.",pbe_metadata + source_recovery:pbe
current-nlr-pbe-gw-v1:composition:05e9060fb8d7d2ac1bf1b8c140f0a05f738a954ca0277fe3d4489b198cf2254c,K2 O2 Pd,192414,,[],71,71,-4.094,1.939,"Within each normalized composition in the finite PBE/FERE source domain, select the row with the lowest finite total energy per atom; break an exact displayed-energy tie by smaller stable MatDB ID. Do not use PBE or GW gap values.",pbe_metadata + source_recovery:pbe
current-nlr-pbe-gw-v1:composition:de8fb8f81b805aefd915ffdd95926f5f823b91db8da9ac451f4c9ddd60181f7f,K2 O2 Zn,109786,,[],72,72,-4,2.01,"Within each normalized composition in the finite PBE/FERE source domain, select the row with the lowest finite total energy per atom; break an exact displayed-energy tie by smaller stable MatDB ID. Do not use PBE or GW gap values.",pbe_metadata + source_recovery:pbe
current-nlr-pbe-gw-v1:composition:6f9087da89d4707646c7e5a56a409c5444fdad80916f0b7c054570924889ce75,K2 O3 Pb,111407,,[],193,193,-4.731,1.162,"Within each normalized composition in the finite PBE/FERE source domain, select the row with the lowest finite total energy per atom; break an exact displayed-energy tie by smaller stable MatDB ID. Do not use PBE or GW gap values.",pbe_metadata + source_recovery:pbe
current-nlr-pbe-gw-v1:composition:d03b6d9775b267874026260a55c18587644cacb58144d1da53467af212ead965,K2 O3 Pb2,110589,,[],199,199,-4.784,2.067,"Within each normalized composition in the finite PBE/FERE source domain, select the row with the lowest finite total energy per atom; break an exact displayed-energy tie by smaller stable MatDB ID. Do not use PBE or GW gap values.",pbe_metadata + source_recovery:pbe
current-nlr-pbe-gw-v1:composition:e3ae165124b38861e4b75920496e20b7a8469d4a9d6631d5b01d52aa00dcf675,K2 O3 Si,110699,,[],14,14,-6.076,3.812,"Within each normalized composition in the finite PBE/FERE source domain, select the row with the lowest finite total energy per atom; break an exact displayed-energy tie by smaller stable MatDB ID. Do not use PBE or GW gap values.",pbe_metadata + source_recovery:pbe
current-nlr-pbe-gw-v1:composition:edee6d2345eb66f7feae4d7652495002d5a04abc710114182abc77d7483b726f,K2 O3 Sn,110825,,[],62,62,-5.141,2.154,"Within each normalized composition in the finite PBE/FERE source domain, select the row with the lowest finite total energy per atom; break an exact displayed-energy tie by smaller stable MatDB ID. Do not use PBE or GW gap values.",pbe_metadata + source_recovery:pbe
current-nlr-pbe-gw-v1:composition:d8fa23c70431f60f45fdb2c274625b89f30076d1860ff64faf90415231755bee,K2 O3 Sn2,111414,,[],199,199,-5.05,1.803,"Within each normalized composition in the finite PBE/FERE source domain, select the row with the lowest finite total energy per atom; break an exact displayed-energy tie by smaller stable MatDB ID. Do not use PBE or GW gap values.",pbe_metadata + source_recovery:pbe
current-nlr-pbe-gw-v1:composition:b123312a8b75afa4ff8c4efe7ee0048bb51cc629de42ac71f26bb8b259bc6085,K2 O3 Ti,110323,,[],63,63,-6.202,3.697,"Within each normalized composition in the finite PBE/FERE source domain, select the row with the lowest finite total energy per atom; break an exact displayed-energy tie by smaller stable MatDB ID. Do not use PBE or GW gap values.",pbe_metadata + source_recovery:pbe
current-nlr-pbe-gw-v1:composition:a23b2a9770bcd73cc8f44357e4c58ac4a6aa820eaa01772fc4bd8e7b2a3e01f0,K2 O3 Zr,110263,,[],62,62,-6.402,3.613,"Within each normalized composition in the finite PBE/FERE source domain, select the row with the lowest finite total energy per atom; break an exact displayed-energy tie by smaller stable MatDB ID. Do not use PBE or GW gap values.",pbe_metadata + source_recovery:pbe
current-nlr-pbe-gw-v1:composition:8257c902b96247fe03bd793fd4f1b9d1dbf73cc0c0307236cb69520b6685fce7,K2 O4 Ru,163402,,[],62,62,-5.338,1.304,"Within each normalized composition in the finite PBE/FERE source domain, select the row with the lowest finite total energy per atom; break an exact displayed-energy tie by smaller stable MatDB ID. Do not use PBE or GW gap values.",pbe_metadata + source_recovery:pbe
current-nlr-pbe-gw-v1:composition:5120a5f57c3f97b4d915b61869acc20ffca5dd4f18e3885a061b7cb56133c6bc,K2 O4 Si Zn,109552,,[],29,29,-5.718,3.502,"Within each normalized composition in the finite PBE/FERE source domain, select the row with the lowest finite total energy per atom; break an exact displayed-energy tie by smaller stable MatDB ID. Do not use PBE or GW gap values.",pbe_metadata + source_recovery:pbe
current-nlr-pbe-gw-v1:composition:e472d97a080dfacfe120478b8ef30a439d56d276c83e046d02f31ffa78b5d864,K2 O4 W,175437,,[],12,12,-6.726,4.507,"Within each normalized composition in the finite PBE/FERE source domain, select the row with the lowest finite total energy per atom; break an exact displayed-energy tie by smaller stable MatDB ID. Do not use PBE or GW gap values.",pbe_metadata + source_recovery:pbe
current-nlr-pbe-gw-v1:composition:be911f592e9395943535a99dcd793485cf6899e37233aeb12c14214dffdc8ce6,K2 O4 Zn3,110833,,[],15,15,-4.288,1.421,"Within each normalized composition in the finite PBE/FERE source domain, select the row with the lowest finite total energy per atom; break an exact displayed-energy tie by smaller stable MatDB ID. Do not use PBE or GW gap values.",pbe_metadata + source_recovery:pbe
current-nlr-pbe-gw-v1:composition:4fde8e1e719c7237907e6cd9e3eb924efdcd5b219e79db4cb9e04074a1d90ee8,K2 O5 Si2,110731,,[],9,9,-6.721,4.313,"Within each normalized composition in the finite PBE/FERE source domain, select the row with the lowest finite total energy per atom; break an exact displayed-energy tie by smaller stable MatDB ID. Do not use PBE or GW gap values.",pbe_metadata + source_recovery:pbe
current-nlr-pbe-gw-v1:composition:a906ca7090a9110253267de9ab68dd41c1520b592a25946dac8dfbb61267d130,K2 O5 Ti2,109798,,[],12,12,-6.915,3.564,"Within each normalized composition in the finite PBE/FERE source domain, select the row with the lowest finite total energy per atom; break an exact displayed-energy tie by smaller stable MatDB ID. Do not use PBE or GW gap values.",pbe_metadata + source_recovery:pbe
current-nlr-pbe-gw-v1:composition:15638582c8001e4d9f301ea6c1c487fe2edf6ddeb09e5cea9d6e70238434b708,K2 O5 Zr2,111427,,[],52,52,-7.291,4.174,"Within each normalized composition in the finite PBE/FERE source domain, select the row with the lowest finite total energy per atom; break an exact displayed-energy tie by smaller stable MatDB ID. Do not use PBE or GW gap values.",pbe_metadata + source_recovery:pbe
current-nlr-pbe-gw-v1:composition:9d07e89124d9bb48218203ff0c54b377fb55761b757b9ec5fc8cbebebe95c8e3,K2 O6 Si2 Zn,110330,,[],20,20,-6.361,3.929,"Within each normalized composition in the finite PBE/FERE source domain, select the row with the lowest finite total energy per atom; break an exact displayed-energy tie by smaller stable MatDB ID. Do not use PBE or GW gap values.",pbe_metadata + source_recovery:pbe
current-nlr-pbe-gw-v1:composition:71cc7e18284fd702d4dcbf93ea8984c864c1a49c3aac5cc4a3797ad84263a8f9,K2 O7 Si2 Zr,110278,,[],14,14,-7.347,4.677,"Within each normalized composition in the finite PBE/FERE source domain, select the row with the lowest finite total energy per atom; break an exact displayed-energy tie by smaller stable MatDB ID. Do not use PBE or GW gap values.",pbe_metadata + source_recovery:pbe
current-nlr-pbe-gw-v1:composition:140d193802bfd7c9c40ee91c36b2d1aec175eac1ae318cb2026789eaab2657fa,K2 O7 W2,126244,,[],14,14,-7.341,2.395,"Within each normalized composition in the finite PBE/FERE source domain, select the row with the lowest finite total energy per atom; break an exact displayed-energy tie by smaller stable MatDB ID. Do not use PBE or GW gap values.",pbe_metadata + source_recovery:pbe
current-nlr-pbe-gw-v1:composition:4fb9763e0eda4cad886819680d00039b674a26dfcf5227ace04bb2c11ba31d8e,K2 O7 Zn6,109564,,[],102,102,-4.387,0.751,"Within each normalized composition in the finite PBE/FERE source domain, select the row with the lowest finite total energy per atom; break an exact displayed-energy tie by smaller stable MatDB ID. Do not use PBE or GW gap values.",pbe_metadata + source_recovery:pbe
current-nlr-pbe-gw-v1:composition:9ba1305356ec7292b2529e0cc504443d22c789c44e7ebb70d405f1163bcf53c8,K2 O8 V3,143915,,[],100,100,-7.005,1.841,"Within each normalized composition in the finite PBE/FERE source domain, select the row with the lowest finite total energy per atom; break an exact displayed-energy tie by smaller stable MatDB ID. Do not use PBE or GW gap values.",pbe_metadata + source_recovery:pbe
current-nlr-pbe-gw-v1:composition:2a0ec03662344e1e9e3bfa987592efb97a436782b2266f5a4c0d97f7c2ce59ff,K2 O8 W,193083,,[],167,167,-5.821,2.639,"Within each normalized composition in the finite PBE/FERE source domain, select the row with the lowest finite total energy per atom; break an exact displayed-energy tie by smaller stable MatDB ID. Do not use PBE or GW gap values.",pbe_metadata + source_recovery:pbe
current-nlr-pbe-gw-v1:composition:74571daec189fb737bf3efa7959e0d0f94fb589bd26eaca646628b44712818ae,K2 O9 Si3 Sn,110659,,[],146,146,-6.937,3.859,"Within each normalized composition in the finite PBE/FERE source domain, select the row with the lowest finite total energy per atom; break an exact displayed-energy tie by smaller stable MatDB ID. Do not use PBE or GW gap values.",pbe_metadata + source_recovery:pbe
current-nlr-pbe-gw-v1:composition:562682fac8b2adc65ca2781eab02ff028f5e148a328cc2d7a236c6b3bed3af68,K2 O9 Si3 Ti,110291,,[],146,146,-7.32,3.671,"Within each normalized composition in the finite PBE/FERE source domain, select the row with the lowest finite total energy per atom; break an exact displayed-energy tie by smaller stable MatDB ID. Do not use PBE or GW gap values.",pbe_metadata + source_recovery:pbe
current-nlr-pbe-gw-v1:composition:f8a2b4f05cf84766d818255f8a4830b383096920a4f9d4b70b3a50c5ea098e02,K2 O9 Si3 Zr,110744,,[],176,176,-7.476,4.828,"Within each normalized composition in the finite PBE/FERE source domain, select the row with the lowest finite total energy per atom; break an exact displayed-energy tie by smaller stable MatDB ID. Do not use PBE or GW gap values.",pbe_metadata + source_recovery:pbe
current-nlr-pbe-gw-v1:composition:d72581efe9b5651f45b651ba4fba03112628f6d96c69b959af877873522b2cdb,K2 O9 Si4,109597,,[],2,2,-7.211,4.412,"Within each normalized composition in the finite PBE/FERE source domain, select the row with the lowest finite total energy per atom; break an exact displayed-energy tie by smaller stable MatDB ID. Do not use PBE or GW gap values.",pbe_metadata + source_recovery:pbe
current-nlr-pbe-gw-v1:composition:0d8e2752520c9a85a67dad6fe518d47e232af22d5bbde018be0d5de6f479a36d,K2 O9 Sr V3,144449,,[],62,62,-6.966,2.054,"Within each normalized composition in the finite PBE/FERE source domain, select the row with the lowest finite total energy per atom; break an exact displayed-energy tie by smaller stable MatDB ID. Do not use PBE or GW gap values.",pbe_metadata + source_recovery:pbe
current-nlr-pbe-gw-v1:composition:47ab53c10a0558dc6629cfa118e31a323c1fe32357e056672afb5681d2c19ac5,K29 Mn17 O34,125283,,[],46,1,-5.578,0.659,"Within each normalized composition in the finite PBE/FERE source domain, select the row with the lowest finite total energy per atom; break an exact displayed-energy tie by smaller stable MatDB ID. Do not use PBE or GW gap values.",pbe_metadata + source_recovery:pbe
current-nlr-pbe-gw-v1:composition:a5ba840a9fa5c927f3f2ffd54f6c65ac95bdfcd8cd3d96335f062e90801159fa,K3 Mn O3,191614,,[],14,14,-5.149,1.789,"Within each normalized composition in the finite PBE/FERE source domain, select the row with the lowest finite total energy per atom; break an exact displayed-energy tie by smaller stable MatDB ID. Do not use PBE or GW gap values.",pbe_metadata + source_recovery:pbe
current-nlr-pbe-gw-v1:composition:7aab4439530d88ed1d445164d25e91d7b079158433551d192a74e8cba5bf08b0,K3 Mn O4,163042,,[],121,121,-5.336,1.854,"Within each normalized composition in the finite PBE/FERE source domain, select the row with the lowest finite total energy per atom; break an exact displayed-energy tie by smaller stable MatDB ID. Do not use PBE or GW gap values.",pbe_metadata + source_recovery:pbe
current-nlr-pbe-gw-v1:composition:c111c5a32f6f7488f4e4b42445f41c9e91b27906b2068ce60afe6ac73d1bef3e,K3 Mn2 O8,125322,,[],11,4,-5.76,0.062,"Within each normalized composition in the finite PBE/FERE source domain, select the row with the lowest finite total energy per atom; break an exact displayed-energy tie by smaller stable MatDB ID. Do not use PBE or GW gap values.",pbe_metadata + source_recovery:pbe
current-nlr-pbe-gw-v1:composition:e860e709dc35a874cbf510f0a88a0f16ab62dac241ee1ab7349dac68368d1974,K3 Mo14 O22,125719,,[],14,14,-7.312,0.48,"Within each normalized composition in the finite PBE/FERE source domain, select the row with the lowest finite total energy per atom; break an exact displayed-energy tie by smaller stable MatDB ID. Do not use PBE or GW gap values.",pbe_metadata + source_recovery:pbe
current-nlr-pbe-gw-v1:composition:46881c1f9011400f138a1057462aba0df69110dc6c3e44d0383b5f087851aa13,K3 Mo2 Na O8,144530,,[],15,15,-6.293,4.366,"Within each normalized composition in the finite PBE/FERE source domain, select the row with the lowest finite total energy per atom; break an exact displayed-energy tie by smaller stable MatDB ID. Do not use PBE or GW gap values.",pbe_metadata + source_recovery:pbe
current-nlr-pbe-gw-v1:composition:72afb5f0b6369983fd7438772229821f17dbd96f7f806f94d7de224457f2b8e3,K3 Mo3 O12 Sc,125178,,[],29,29,-7.024,3.971,"Within each normalized composition in the finite PBE/FERE source domain, select the row with the lowest finite total energy per atom; break an exact displayed-energy tie by smaller stable MatDB ID. Do not use PBE or GW gap values.",pbe_metadata + source_recovery:pbe
current-nlr-pbe-gw-v1:composition:c2a4dd9ca7629d0a6031cb228be5cd59f93166c79e67ceb602a2ca35678f8eab,K3 Na O8 Ru2,176862,,[],15,15,-5.349,1.281,"Within each normalized composition in the finite PBE/FERE source domain, select the row with the lowest finite total energy per atom; break an exact displayed-energy tie by smaller stable MatDB ID. Do not use PBE or GW gap values.",pbe_metadata + source_recovery:pbe
current-nlr-pbe-gw-v1:composition:8abce5c1deb2d2b1c1c7ea46ec0148c920785aa4d29ea89f56be3e2b8b9066c2,K3 Na O8 W2,125816,,[],15,15,-6.726,4.75,"Within each normalized composition in the finite PBE/FERE source domain, select the row with the lowest finite total energy per atom; break an exact displayed-energy tie by smaller stable MatDB ID. Do not use PBE or GW gap values.",pbe_metadata + source_recovery:pbe
current-nlr-pbe-gw-v1:composition:d17c15523cd9ac2bf8ff80d68399f6acf6ff2defab68db6e868ae0566d792bcb,K3 Nb O8,143707,,[],121,121,-5.544,2.941,"Within each normalized composition in the finite PBE/FERE source domain, select the row with the lowest finite total energy per atom; break an exact displayed-energy tie by smaller stable MatDB ID. Do not use PBE or GW gap values.",pbe_metadata + source_recovery:pbe
current-nlr-pbe-gw-v1:composition:fa100030b9c6c7530785570863aaac02df5496d849978988f5c81f091ddc591a,K3 Nb3 O13 Si2,162468,,[],190,190,-7.374,2.43,"Within each normalized composition in the finite PBE/FERE source domain, select the row with the lowest finite total energy per atom; break an exact displayed-energy tie by smaller stable MatDB ID. Do not use PBE or GW gap values.",pbe_metadata + source_recovery:pbe
current-nlr-pbe-gw-v1:composition:a2eb2f5d7eeeef96f6e2219a52ba53eaadc85bd450f6fbd7b5a26dd46fe2a22a,K3 Nb6 O19 V,145044,,[],189,189,-7.603,2.485,"Within each normalized composition in the finite PBE/FERE source domain, select the row with the lowest finite total energy per atom; break an exact displayed-energy tie by smaller stable MatDB ID. Do not use PBE or GW gap values.",pbe_metadata + source_recovery:pbe
current-nlr-pbe-gw-v1:composition:c66aef35ae85e4a2ab469a9d535ef98a64901687dc3d48c7d1b874355d820c48,K3 Nb8 O21,175581,,[],193,15,-7.714,0.092,"Within each normalized composition in the finite PBE/FERE source domain, select the row with the lowest finite total energy per atom; break an exact displayed-energy tie by smaller stable MatDB ID. Do not use PBE or GW gap values.",pbe_metadata + source_recovery:pbe
current-nlr-pbe-gw-v1:composition:73fae3d33666d567dcd270320e3f80ceb392de61ef4e92a07e888ac4d06a8aa6,K3 Ni O2,175981,,[],92,4,-3.924,1.448,"Within each normalized composition in the finite PBE/FERE source domain, select the row with the lowest finite total energy per atom; break an exact displayed-energy tie by smaller stable MatDB ID. Do not use PBE or GW gap values.",pbe_metadata + source_recovery:pbe
current-nlr-pbe-gw-v1:composition:5eaf1f09467f6492651cb932324ed6758e33f1f4b9832d3af4e0a820b267744a,K3 Ni2 O4,193033,,[],63,4,-4.668,0.29,"Within each normalized composition in the finite PBE/FERE source domain, select the row with the lowest finite total energy per atom; break an exact displayed-energy tie by smaller stable MatDB ID. Do not use PBE or GW gap values.",pbe_metadata + source_recovery:pbe
current-nlr-pbe-gw-v1:composition:bd72a4f42f7039df6934623c88a698ac4f9f65b4e7188563d2720d894ae2504e,K3 O14 V5,175759,,[],157,157,-7.01,2.279,"Within each normalized composition in the finite PBE/FERE source domain, select the row with the lowest finite total energy per atom; break an exact displayed-energy tie by smaller stable MatDB ID. Do not use PBE or GW gap values.",pbe_metadata + source_recovery:pbe
current-nlr-pbe-gw-v1:composition:0cec90cfaf02bd68dff52be0252b894659352e7af979b1072f92c4537a91c593,K3 O4 Pt2,144519,,[],63,63,-4.505,0.367,"Within each normalized composition in the finite PBE/FERE source domain, select the row with the lowest finite total energy per atom; break an exact displayed-energy tie by smaller stable MatDB ID. Do not use PBE or GW gap values.",pbe_metadata + source_recovery:pbe
current-nlr-pbe-gw-v1:composition:26abd63b32fd5ca541f9991f0bce464d6b51a67616032c195c173489f2d19aa6,K3 O4 V,125148,,[],198,198,-5.797,4.022,"Within each normalized composition in the finite PBE/FERE source domain, select the row with the lowest finite total energy per atom; break an exact displayed-energy tie by smaller stable MatDB ID. Do not use PBE or GW gap values.",pbe_metadata + source_recovery:pbe
current-nlr-pbe-gw-v1:composition:0ce817589ff02e7ce019b4c2da0d520ced4ad946432e681ebe40a94934cc82ba,K3 O7 Sc Si2,110347,,[],194,194,-6.834,3.653,"Within each normalized composition in the finite PBE/FERE source domain, select the row with the lowest finite total energy per atom; break an exact displayed-energy tie by smaller stable MatDB ID. Do not use PBE or GW gap values.",pbe_metadata + source_recovery:pbe
current-nlr-pbe-gw-v1:composition:b449e2028213eac1250a45b276a750e2f1f87a5ea07743d26cd5c3ec05901a80,K3 O8 V3,177161,,[],164,164,-6.743,1.651,"Within each normalized composition in the finite PBE/FERE source domain, select the row with the lowest finite total energy per atom; break an exact displayed-energy tie by smaller stable MatDB ID. Do not use PBE or GW gap values.",pbe_metadata + source_recovery:pbe
current-nlr-pbe-gw-v1:composition:00aa89be6af8c7b93c33d46302c6c1c4714624fa4b04a633fd6f96b4affac1be,K4 Mn Mo3 O12,144218,,[],2,2,-6.74,2.862,"Within each normalized composition in the finite PBE/FERE source domain, select the row with the lowest finite total energy per atom; break an exact displayed-energy tie by smaller stable MatDB ID. Do not use PBE or GW gap values.",pbe_metadata + source_recovery:pbe
current-nlr-pbe-gw-v1:composition:5a48743063f754ceb8a45f7726e4d4fa3d2468af82d18eb042ba3df6a6614ece,K4 Mn Mo4 O15,144705,,[],147,147,-6.866,2.845,"Within each normalized composition in the finite PBE/FERE source domain, select the row with the lowest finite total energy per atom; break an exact displayed-energy tie by smaller stable MatDB ID. Do not use PBE or GW gap values.",pbe_metadata + source_recovery:pbe
current-nlr-pbe-gw-v1:composition:bcffb7caa1a970906460e694c718ccc08a82dfec0355fee151e208bf8a312080,K4 Nb2 O23 Si8,125184,,[],2,2,-7.579,3.804,"Within each normalized composition in the finite PBE/FERE source domain, select the row with the lowest finite total energy per atom; break an exact displayed-energy tie by smaller stable MatDB ID. Do not use PBE or GW gap values.",pbe_metadata + source_recovery:pbe
current-nlr-pbe-gw-v1:composition:b79e0bdaf7f911b93b42513fcd6084d20ea642a2da244d91a52a7df0b9fe8960,K4 Nb6 O17,163431,,[],33,62,-7.41,2.943,"Within each normalized composition in the finite PBE/FERE source domain, select the row with the lowest finite total energy per atom; break an exact displayed-energy tie by smaller stable MatDB ID. Do not use PBE or GW gap values.",pbe_metadata + source_recovery:pbe
current-nlr-pbe-gw-v1:composition:1e97de2aa0402ac4e07a2386effc7d45cd809503045ab3766247a6a92bb430c6,K4 O12 Zr5,110302,,[],164,164,-7.544,3.037,"Within each normalized composition in the finite PBE/FERE source domain, select the row with the lowest finite total energy per atom; break an exact displayed-energy tie by smaller stable MatDB ID. Do not use PBE or GW gap values.",pbe_metadata + source_recovery:pbe
current-nlr-pbe-gw-v1:composition:307e0b212e463d3d88629f3f3f084315af8a93d463e082b8c7c73452cf6b8cca,K4 O3 Pb,110932,,[],61,61,-4.108,2.331,"Within each normalized composition in the finite PBE/FERE source domain, select the row with the lowest finite total energy per atom; break an exact displayed-energy tie by smaller stable MatDB ID. Do not use PBE or GW gap values.",pbe_metadata + source_recovery:pbe
current-nlr-pbe-gw-v1:composition:668b50006c3ae0202196c67ef19685f3dcf3f3489438a4c2e11494b8dd0011c2,K4 O3 Sn,109862,,[],61,61,-4.258,2.162,"Within each normalized composition in the finite PBE/FERE source domain, select the row with the lowest finite total energy per atom; break an exact displayed-energy tie by smaller stable MatDB ID. Do not use PBE or GW gap values.",pbe_metadata + source_recovery:pbe
current-nlr-pbe-gw-v1:composition:d205ecbf69a531cc9d668f19826ebc54a809818b3df576b71e74d9518e8b5954,K4 O3 Zn,111466,,[],2,2,-3.822,1.705,"Within each normalized composition in the finite PBE/FERE source domain, select the row with the lowest finite total energy per atom; break an exact displayed-energy tie by smaller stable MatDB ID. Do not use PBE or GW gap values.",pbe_metadata + source_recovery:pbe
current-nlr-pbe-gw-v1:composition:7a03621445b7332e9ba618ec0ea1cebc3ca7c2d9de4dc646296349f2c955dd82,K4 O4 Pb,110359,,[],2,2,-4.399,1.704,"Within each normalized composition in the finite PBE/FERE source domain, select the row with the lowest finite total energy per atom; break an exact displayed-energy tie by smaller stable MatDB ID. Do not use PBE or GW gap values.",pbe_metadata + source_recovery:pbe
current-nlr-pbe-gw-v1:composition:9b432e6f00a451e8c8ff9a7830c1a7cb27139d469fdc3a78de68b633e64dd8e3,K4 O4 Si,110321,,[],14,14,-5.316,2.986,"Within each normalized composition in the finite PBE/FERE source domain, select the row with the lowest finite total energy per atom; break an exact displayed-energy tie by smaller stable MatDB ID. Do not use PBE or GW gap values.",pbe_metadata + source_recovery:pbe
current-nlr-pbe-gw-v1:composition:938b929cd75c7122c00248288873f8ee2559051c7b2475aab8fac56a817ad9ed,K4 O4 Sn,110670,,[],2,2,-4.677,2.348,"Within each normalized composition in the finite PBE/FERE source domain, select the row with the lowest finite total energy per atom; break an exact displayed-energy tie by smaller stable MatDB ID. Do not use PBE or GW gap values.",pbe_metadata + source_recovery:pbe
current-nlr-pbe-gw-v1:composition:bd67e3d523cc94cd809dc324a2d86cee2ca0695c988e98e4b476ee119115951b,K4 O5 W,143877,,[],2,2,-5.85,3.315,"Within each normalized composition in the finite PBE/FERE source domain, select the row with the lowest finite total energy per atom; break an exact displayed-energy tie by smaller stable MatDB ID. Do not use PBE or GW gap values.",pbe_metadata + source_recovery:pbe
current-nlr-pbe-gw-v1:composition:a5d30e4e804e1bb642b8b75e9ee9c9c3e9b462c74824d55d9ea0289e2a576d11,K4 O7 V2,145261,,[],12,12,-6.197,3.376,"Within each normalized composition in the finite PBE/FERE source domain, select the row with the lowest finite total energy per atom; break an exact displayed-energy tie by smaller stable MatDB ID. Do not use PBE or GW gap values.",pbe_metadata + source_recovery:pbe
current-nlr-pbe-gw-v1:composition:fbfb565e7dd1513512ad823872c636960cbb4a0c6cf6f7c8be1067307965fbd8,K4 O9 Si3 Sr,109607,,[],40,40,-6.482,4.158,"Within each normalized composition in the finite PBE/FERE source domain, select the row with the lowest finite total energy per atom; break an exact displayed-energy tie by smaller stable MatDB ID. Do not use PBE or GW gap values.",pbe_metadata + source_recovery:pbe
current-nlr-pbe-gw-v1:composition:6c5b71da99d8b076e7547d71fb0068fe92ec05b4854109824471b8f1f3e89b4d,K6 Mg O4,110954,,[],186,186,-3.901,1.712,"Within each normalized composition in the finite PBE/FERE source domain, select the row with the lowest finite total energy per atom; break an exact displayed-energy tie by smaller stable MatDB ID. Do not use PBE or GW gap values.",pbe_metadata + source_recovery:pbe
current-nlr-pbe-gw-v1:composition:ba74c7ac27f8bc6bafd5556faca39b08ac3828c773871743aa0e2cc3c8cbbdc9,K6 Mo10 O33,125843,,[],1,1,-6.968,2.929,"Within each normalized composition in the finite PBE/FERE source domain, select the row with the lowest finite total energy per atom; break an exact displayed-energy tie by smaller stable MatDB ID. Do not use PBE or GW gap values.",pbe_metadata + source_recovery:pbe
current-nlr-pbe-gw-v1:composition:5a1126b154f792b46a734f4f25d8d3adf5617c863c14ca357c1412665c1702fb,K6 O5 Pb2,110785,,[],2,2,-4.252,2.327,"Within each normalized composition in the finite PBE/FERE source domain, select the row with the lowest finite total energy per atom; break an exact displayed-energy tie by smaller stable MatDB ID. Do not use PBE or GW gap values.",pbe_metadata + source_recovery:pbe
current-nlr-pbe-gw-v1:composition:1e5481a55092a64a74db2b6d62bab9d3d30f2ad3447220048220cecfccfb4860,K6 O7 Si2,109877,,[],14,14,-5.644,3.533,"Within each normalized composition in the finite PBE/FERE source domain, select the row with the lowest finite total energy per atom; break an exact displayed-energy tie by smaller stable MatDB ID. Do not use PBE or GW gap values.",pbe_metadata + source_recovery:pbe
current-nlr-pbe-gw-v1:composition:82ef2ef9b74073fc147ba827f6091c2b4d5e6906ce8b0b6c66f3164672ebce68,K6 O7 Ti2,111485,,[],14,14,-5.715,3.394,"Within each normalized composition in the finite PBE/FERE source domain, select the row with the lowest finite total energy per atom; break an exact displayed-energy tie by smaller stable MatDB ID. Do not use PBE or GW gap values.",pbe_metadata + source_recovery:pbe
current-nlr-pbe-gw-v1:composition:6722778a56cbe1e2286f7a1553ea271ceee17eabf03c8cf98a15eb352786bb43,K8 Mo6 O24 Zr,144182,,[],14,14,-6.769,3.874,"Within each normalized composition in the finite PBE/FERE source domain, select the row with the lowest finite total energy per atom; break an exact displayed-energy tie by smaller stable MatDB ID. Do not use PBE or GW gap values.",pbe_metadata + source_recovery:pbe
current-nlr-pbe-gw-v1:composition:120a43624f1b9c30170c9754d95924f1789b7f83a13de9c7e09ee8e6c6061096,La Mn Na O6 W,143891,,[],4,4,-7.732,1.973,"Within each normalized composition in the finite PBE/FERE source domain, select the row with the lowest finite total energy per atom; break an exact displayed-energy tie by smaller stable MatDB ID. Do not use PBE or GW gap values.",pbe_metadata + source_recovery:pbe
current-nlr-pbe-gw-v1:composition:6237d509ccd037d3bd2033c596fafbd6ce9943da1a5f8d847638148ba3ea0381,La Mn O3,126218,,[],62,14,-7.976,0.123,"Within each normalized composition in the finite PBE/FERE source domain, select the row with the lowest finite total energy per atom; break an exact displayed-energy tie by smaller stable MatDB ID. Do not use PBE or GW gap values.",pbe_metadata + source_recovery:pbe
current-nlr-pbe-gw-v1:composition:97c50c021223d00b809f36e33144069875f4b09d5f52d2c27362428cb58bbf0c,La Mn2 O5,163105,,[],55,55,-7.786,1.225,"Within each normalized composition in the finite PBE/FERE source domain, select the row with the lowest finite total energy per atom; break an exact displayed-energy tie by smaller stable MatDB ID. Do not use PBE or GW gap values.",pbe_metadata + source_recovery:pbe
current-nlr-pbe-gw-v1:composition:cac31618b8d210f88e5fc59366a2d090e58149fb8b6e31fdaf7e0626c7e5c126,La Mn7 O12,193122,,[],12,12,-7.73,0.211,"Within each normalized composition in the finite PBE/FERE source domain, select the row with the lowest finite total energy per atom; break an exact displayed-energy tie by smaller stable MatDB ID. Do not use PBE or GW gap values.",pbe_metadata + source_recovery:pbe
current-nlr-pbe-gw-v1:composition:1be661fe4a120b4468fba8251f6e5647c74f5e586aab64e71f5c9841bec207df,La Mo2 O5,125353,,[],186,1,-7.864,0.87,"Within each normalized composition in the finite PBE/FERE source domain, select the row with the lowest finite total energy per atom; break an exact displayed-energy tie by smaller stable MatDB ID. Do not use PBE or GW gap values.",pbe_metadata + source_recovery:pbe
current-nlr-pbe-gw-v1:composition:a0a7311fb0500dd6275930e6506e0397f295a3a93781954a77b242dd259df130,La Mo2 O8 Rb,144767,,[],126,126,-7.39,3.769,"Within each normalized composition in the finite PBE/FERE source domain, select the row with the lowest finite total energy per atom; break an exact displayed-energy tie by smaller stable MatDB ID. Do not use PBE or GW gap values.",pbe_metadata + source_recovery:pbe
current-nlr-pbe-gw-v1:composition:6dce2ebcadbdc5897eaef4da3f9f0b04fd013694802baefb075c66be24f7599f,La Mo4 Na5 O16,176688,,[],88,88,-6.814,3.979,"Within each normalized composition in the finite PBE/FERE source domain, select the row with the lowest finite total energy per atom; break an exact displayed-energy tie by smaller stable MatDB ID. Do not use PBE or GW gap values.",pbe_metadata + source_recovery:pbe
current-nlr-pbe-gw-v1:composition:2ff1dc030e1434d5074a8e32a8402e0cd9c8d56f927b439cbe7b9fd1500eeb25,La Mo5 O8,176095,,[],14,14,-7.813,0.883,"Within each normalized composition in the finite PBE/FERE source domain, select the row with the lowest finite total energy per atom; break an exact displayed-energy tie by smaller stable MatDB ID. Do not use PBE or GW gap values.",pbe_metadata + source_recovery:pbe
current-nlr-pbe-gw-v1:composition:382918284dc8aaea1cd5913435b2be52ede9e953f8b8be48732a5880dc8ca147,La Na O4 Ti,110790,,[],129,129,-7.406,2.893,"Within each normalized composition in the finite PBE/FERE source domain, select the row with the lowest finite total energy per atom; break an exact displayed-energy tie by smaller stable MatDB ID. Do not use PBE or GW gap values.",pbe_metadata + source_recovery:pbe
current-nlr-pbe-gw-v1:composition:4643fe6d86fc4d06c6283ba87b1e38fde03b785176b2f3151c34ddf896f5239f,La Na3 O17 Si6 Sr Zn,109913,,[],54,54,-7.121,4.526,"Within each normalized composition in the finite PBE/FERE source domain, select the row with the lowest finite total energy per atom; break an exact displayed-energy tie by smaller stable MatDB ID. Do not use PBE or GW gap values.",pbe_metadata + source_recovery:pbe
current-nlr-pbe-gw-v1:composition:5a57e5059ad082fc7d7d9cd93298e28dcfaef7085255ddaa56f83fc3ab530894,La Na5 O16 W4,126379,,[],88,88,-7.291,4.651,"Within each normalized composition in the finite PBE/FERE source domain, select the row with the lowest finite total energy per atom; break an exact displayed-energy tie by smaller stable MatDB ID. Do not use PBE or GW gap values.",pbe_metadata + source_recovery:pbe
current-nlr-pbe-gw-v1:composition:8b08595a4ef867bb90e73c8a6014f2f426c3d72b32f84458c7a18c56f9d402a8,La Nb O4,289885,289885,[],,15,-8.324,3.669,"Within each normalized composition in the finite PBE/FERE source domain, select the row with the lowest finite total energy per atom; break an exact displayed-energy tie by smaller stable MatDB ID. Do not use PBE or GW gap values.",pbe_metadata + source_recovery:pbe
current-nlr-pbe-gw-v1:composition:e79f07796c71420f51ca806c40892263bc308766ed9483c1aad680372e8bc399,La Nb2 O7 Rb,162564,,[],74,74,-7.735,2.2,"Within each normalized composition in the finite PBE/FERE source domain, select the row with the lowest finite total energy per atom; break an exact displayed-energy tie by smaller stable MatDB ID. Do not use PBE or GW gap values.",pbe_metadata + source_recovery:pbe
current-nlr-pbe-gw-v1:composition:9ea944b200f89808e753a61a4d4bc2964b4395d7ba64257ec2389a6efa86981e,La Nb5 O14,143899,,[],57,57,-8.227,2.41,"Within each normalized composition in the finite PBE/FERE source domain, select the row with the lowest finite total energy per atom; break an exact displayed-energy tie by smaller stable MatDB ID. Do not use PBE or GW gap values.",pbe_metadata + source_recovery:pbe
current-nlr-pbe-gw-v1:composition:4a40325d4ce4622d8ae5a172db131c8547dc7eaa0408e7769c2a4b5c5bbebf43,La Nb7 O12,145313,,[],14,14,-8.199,0.724,"Within each normalized composition in the finite PBE/FERE source domain, select the row with the lowest finite total energy per atom; break an exact displayed-energy tie by smaller stable MatDB ID. Do not use PBE or GW gap values.",pbe_metadata + source_recovery:pbe
current-nlr-pbe-gw-v1:composition:fb74618ce423a858a2885ffd609e770f903fa80dee292d8b6a55211be8e2ea5c,La Ni O3,125900,,[],167,148,-6.803,0.081,"Within each normalized composition in the finite PBE/FERE source domain, select the row with the lowest finite total energy per atom; break an exact displayed-energy tie by smaller stable MatDB ID. Do not use PBE or GW gap values.",pbe_metadata + source_recovery:pbe
current-nlr-pbe-gw-v1:composition:31bb69dbe376720348e40675a03b7b02918f67445b434e45567eb2a0aabd9d6f,La O2 Rb,111490,,[],166,166,-6.391,3.571,"Within each normalized composition in the finite PBE/FERE source domain, select the row with the lowest finite total energy per atom; break an exact displayed-energy tie by smaller stable MatDB ID. Do not use PBE or GW gap values.",pbe_metadata + source_recovery:pbe
current-nlr-pbe-gw-v1:composition:3be249c8b33bccd5fa616f5392800f695084a45f530ce3c4fde85a6cb44207ca,La O3 Pd,193147,,[],62,2,-6.381,0.036,"Within each normalized composition in the finite PBE/FERE source domain, select the row with the lowest finite total energy per atom; break an exact displayed-energy tie by smaller stable MatDB ID. Do not use PBE or GW gap values.",pbe_metadata + source_recovery:pbe
current-nlr-pbe-gw-v1:composition:395233c310062b88fa14c57385e5f769a4befd51410c0ea0777519551c2b21f4,La O3 Rh,164186,,[],62,62,-6.954,1.176,"Within each normalized composition in the finite PBE/FERE source domain, select the row with the lowest finite total energy per atom; break an exact displayed-energy tie by smaller stable MatDB ID. Do not use PBE or GW gap values.",pbe_metadata + source_recovery:pbe
current-nlr-pbe-gw-v1:composition:da34bedc05936ca7d9aa8e9a13a7db5567e56238cff30d091cd8f7e2b029d896,La O3 Ru,163398,,[],62,62,-7.299,1.296,"Within each normalized composition in the finite PBE/FERE source domain, select the row with the lowest finite total energy per atom; break an exact displayed-energy tie by smaller stable MatDB ID. Do not use PBE or GW gap values.",pbe_metadata + source_recovery:pbe
current-nlr-pbe-gw-v1:composition:1971c2a68a27c7a146f9b220742bed186da4babefb0b8e5d2996f67dd81bb998,La O3 Sc,110369,,[],62,62,-8.383,3.996,"Within each normalized composition in the finite PBE/FERE source domain, select the row with the lowest finite total energy per atom; break an exact displayed-energy tie by smaller stable MatDB ID. Do not use PBE or GW gap values.",pbe_metadata + source_recovery:pbe
current-nlr-pbe-gw-v1:composition:5222f352a69015eff19ed8a44c1808b9e156002e8bdea86ac423ff8c1a993d61,La O3 V,162469,,[],14,14,-8.194,1.691,"Within each normalized composition in the finite PBE/FERE source domain, select the row with the lowest finite total energy per atom; break an exact displayed-energy tie by smaller stable MatDB ID. Do not use PBE or GW gap values.",pbe_metadata + source_recovery:pbe
current-nlr-pbe-gw-v1:composition:ad8dde52d8abd0fba1f41d10874783f74c8fc4d4787eac2408a560aef74cd1a4,La O3 Y,109928,,[],33,33,-8.381,4.203,"Within each normalized composition in the finite PBE/FERE source domain, select the row with the lowest finite total energy per atom; break an exact displayed-energy tie by smaller stable MatDB ID. Do not use PBE or GW gap values.",pbe_metadata + source_recovery:pbe
current-nlr-pbe-gw-v1:composition:9964e43b113827c5cae94e500d990080c7fe814febb1e080f7aa697e1c7d5fa9,La O4 Pd2,126269,,[],88,88,-5.906,0.048,"Within each normalized composition in the finite PBE/FERE source domain, select the row with the lowest finite total energy per atom; break an exact displayed-energy tie by smaller stable MatDB ID. Do not use PBE or GW gap values.",pbe_metadata + source_recovery:pbe
current-nlr-pbe-gw-v1:composition:6cd81f7261a9a25482f12b38e359c62b527133c61bb78937869813c49051da30,La O4 Ta,289897,289897,[],,14,-8.87,3.7,"Within each normalized composition in the finite PBE/FERE source domain, select the row with the lowest finite total energy per atom; break an exact displayed-energy tie by smaller stable MatDB ID. Do not use PBE or GW gap values.",pbe_metadata + source_recovery:pbe
current-nlr-pbe-gw-v1:composition:71464b02116a7678a68f9954b7c479ee3e8fde93a2b05d12da60a5ee5b4311d3,La O4 V,126880,,[],141,141,-8.063,3.144,"Within each normalized composition in the finite PBE/FERE source domain, select the row with the lowest finite total energy per atom; break an exact displayed-energy tie by smaller stable MatDB ID. Do not use PBE or GW gap values.",pbe_metadata + source_recovery:pbe
current-nlr-pbe-gw-v1:composition:8d790019dcef454a1d3e803fa80c1db8d93beb452aa72526df15e514f485427c,La O8 Rb W2,192680,,[],12,12,-7.926,3.627,"Within each normalized composition in the finite PBE/FERE source domain, select the row with the lowest finite total energy per atom; break an exact displayed-energy tie by smaller stable MatDB ID. Do not use PBE or GW gap values.",pbe_metadata + source_recovery:pbe
current-nlr-pbe-gw-v1:composition:a492ccf13429683b08edb3fa65dfda2d9a3c1f0a29f835a9af4fe2e5ca5b76e1,La11 O26 V4,144722,,[],2,1,-8.096,1.514,"Within each normalized composition in the finite PBE/FERE source domain, select the row with the lowest finite total energy per atom; break an exact displayed-energy tie by smaller stable MatDB ID. Do not use PBE or GW gap values.",pbe_metadata + source_recovery:pbe
current-nlr-pbe-gw-v1:composition:d78b714467fda237a28e461ccea7f213158ddc9a29cb4d6d5710786751e35c85,La2 Mg O6 Rh,126300,,[],14,14,-7.003,0.59,"Within each normalized composition in the finite PBE/FERE source domain, select the row with the lowest finite total energy per atom; break an exact displayed-energy tie by smaller stable MatDB ID. Do not use PBE or GW gap values.",pbe_metadata + source_recovery:pbe
current-nlr-pbe-gw-v1:composition:c7ead9728dce9b8891fcec0862ca87166d33c96e1e56c7c464cf96feed341501,La2 Mn O6 V,143903,,[],14,14,-8.09,1.183,"Within each normalized composition in the finite PBE/FERE source domain, select the row with the lowest finite total energy per atom; break an exact displayed-energy tie by smaller stable MatDB ID. Do not use PBE or GW gap values.",pbe_metadata + source_recovery:pbe
current-nlr-pbe-gw-v1:composition:11c44d1adee34fda02b7e8133f71ad4e9c7803a89e122f90fac7b448d0ad0763,La2 Mo O6,125969,,[],142,142,-7.992,2.571,"Within each normalized composition in the finite PBE/FERE source domain, select the row with the lowest finite total energy per atom; break an exact displayed-energy tie by smaller stable MatDB ID. Do not use PBE or GW gap values.",pbe_metadata + source_recovery:pbe
current-nlr-pbe-gw-v1:composition:063c9f71b742bde42a6310469a040ea6ec6b42ba63e43ddadf4c86b641a19ad3,La2 Mo2 O7,191098,,[],58,31,-7.953,0.265,"Within each normalized composition in the finite PBE/FERE source domain, select the row with the lowest finite total energy per atom; break an exact displayed-energy tie by smaller stable MatDB ID. Do not use PBE or GW gap values.",pbe_metadata + source_recovery:pbe
current-nlr-pbe-gw-v1:composition:3a0af0122745680148eb8d85f43d1b296bb915aa20734efbbec2ae0da8a5bcff,La2 Mo3 O12,143997,,[],15,15,-7.814,3.588,"Within each normalized composition in the finite PBE/FERE source domain, select the row with the lowest finite total energy per atom; break an exact displayed-energy tie by smaller stable MatDB ID. Do not use PBE or GW gap values.",pbe_metadata + source_recovery:pbe
current-nlr-pbe-gw-v1:composition:b846839d6f5a6d4a5b085005251a8ffb87d40d7485d0444c71dcb57897cd6744,La2 Mo4 O15,144775,,[],14,14,-7.737,3.143,"Within each normalized composition in the finite PBE/FERE source domain, select the row with the lowest finite total energy per atom; break an exact displayed-energy tie by smaller stable MatDB ID. Do not use PBE or GW gap values.",pbe_metadata + source_recovery:pbe
current-nlr-pbe-gw-v1:composition:15e00825c33db3a4aaa0b22894ed6cd7cf06d2d2d82bf0443b367c3aebfabcc3,La2 Na O6 Ru,191731,,[],14,14,-6.99,1.673,"Within each normalized composition in the finite PBE/FERE source domain, select the row with the lowest finite total energy per atom; break an exact displayed-energy tie by smaller stable MatDB ID. Do not use PBE or GW gap values.",pbe_metadata + source_recovery:pbe
current-nlr-pbe-gw-v1:composition:c521d1499721fe3154d4430dc9acdc6e947875ff486c9e3f8471289e2d741db2,La2 Na2 O10 Ti3,110377,,[],139,139,-7.589,2.464,"Within each normalized composition in the finite PBE/FERE source domain, select the row with the lowest finite total energy per atom; break an exact displayed-energy tie by smaller stable MatDB ID. Do not use PBE or GW gap values.",pbe_metadata + source_recovery:pbe
current-nlr-pbe-gw-v1:composition:cdfd62517739fe4383ea5f2604adc8f5b4b5a499dbcb86526c86290cd879a9b5,La2 Ni O4,191123,,[],64,5,-7.316,2.038,"Within each normalized composition in the finite PBE/FERE source domain, select the row with the lowest finite total energy per atom; break an exact displayed-energy tie by smaller stable MatDB ID. Do not use PBE or GW gap values.",pbe_metadata + source_recovery:pbe
current-nlr-pbe-gw-v1:composition:9fec650352dd9b3344518ed2d0446e4f8346950756a81b83478c628199293339,La2 O12 W3,126311,,[],15,15,-8.379,3.924,"Within each normalized composition in the finite PBE/FERE source domain, select the row with the lowest finite total energy per atom; break an exact displayed-energy tie by smaller stable MatDB ID. Do not use PBE or GW gap values.",pbe_metadata + source_recovery:pbe
current-nlr-pbe-gw-v1:composition:7bf97e148f3de984b97fb8d7ad846f9dc96ab02bb9db2f19d26da4d7fddd5f66,La2 O2 S,289896,289896,[],,164,-7.665,3.039,"Within each normalized composition in the finite PBE/FERE source domain, select the row with the lowest finite total energy per atom; break an exact displayed-energy tie by smaller stable MatDB ID. Do not use PBE or GW gap values.",pbe_metadata + source_recovery:pbe
current-nlr-pbe-gw-v1:composition:d1214ef62b1581612d1675ed55e13170dbdde7d8c41ee33e4e67f4c799067fb5,La2 O2 Se,289922,289922,[],,164,-7.476,2.37,"Within each normalized composition in the finite PBE/FERE source domain, select the row with the lowest finite total energy per atom; break an exact displayed-energy tie by smaller stable MatDB ID. Do not use PBE or GW gap values.",pbe_metadata + source_recovery:pbe
current-nlr-pbe-gw-v1:composition:f21a49b5dab18babe09d3646ac1ab8f3874c0dde4040f65e995db1be470d0a4f,La2 O3,111542,,[],206,206,-8.111,3.395,"Within each normalized composition in the finite PBE/FERE source domain, select the row with the lowest finite total energy per atom; break an exact displayed-energy tie by smaller stable MatDB ID. Do not use PBE or GW gap values.",pbe_metadata + source_recovery:pbe
current-nlr-pbe-gw-v1:composition:2a18414e43c8d832cef7383a9dde73776335c37e4432fac05fd423666d5e7962,La2 O5 Pd2,162628,,[],84,84,-6.584,1.709,"Within each normalized composition in the finite PBE/FERE source domain, select the row with the lowest finite total energy per atom; break an exact displayed-energy tie by smaller stable MatDB ID. Do not use PBE or GW gap values.",pbe_metadata + source_recovery:pbe
current-nlr-pbe-gw-v1:composition:82eee64443257c8352043f69891e4ab3b579ec1ed4f903638e2c280d02d3c7e7,La2 O5 Ru,162522,,[],14,1,-7.498,1.063,"Within each normalized composition in the finite PBE/FERE source domain, select the row with the lowest finite total energy per atom; break an exact displayed-energy tie by smaller stable MatDB ID. Do not use PBE or GW gap values.",pbe_metadata + source_recovery:pbe
current-nlr-pbe-gw-v1:composition:6e0db65c32c8187db6bee5ea8b5bb93557702d0ab01b5272e195ba52f821cfe0,La2 O5 Si,110364,,[],14,14,-8.185,4.189,"Within each normalized composition in the finite PBE/FERE source domain, select the row with the lowest finite total energy per atom; break an exact displayed-energy tie by smaller stable MatDB ID. Do not use PBE or GW gap values.",pbe_metadata + source_recovery:pbe
current-nlr-pbe-gw-v1:composition:5c1e4cd2027f69c658bdf5cf909f42e9164eea854fadd5764cd492aa9e75673c,La2 O5 Ti,110854,,[],26,62,-8.283,3.539,"Within each normalized composition in the finite PBE/FERE source domain, select the row with the lowest finite total energy per atom; break an exact displayed-energy tie by smaller stable MatDB ID. Do not use PBE or GW gap values.",pbe_metadata + source_recovery:pbe
current-nlr-pbe-gw-v1:composition:b31b00c1277acffa0ac33279d65d8056b418702081bce4c5defbd6d3736cea31,La2 O6 Rh Zn,125880,,[],14,14,-6.683,0.58,"Within each normalized composition in the finite PBE/FERE source domain, select the row with the lowest finite total energy per atom; break an exact displayed-energy tie by smaller stable MatDB ID. Do not use PBE or GW gap values.",pbe_metadata + source_recovery:pbe
current-nlr-pbe-gw-v1:composition:7b0474cd02f86044d381eddb49beff6ddd08d33e61f1eef1fe923da82fc4da00,La2 O6 W,126322,,[],31,31,-8.382,3.033,"Within each normalized composition in the finite PBE/FERE source domain, select the row with the lowest finite total energy per atom; break an exact displayed-energy tie by smaller stable MatDB ID. Do not use PBE or GW gap values.",pbe_metadata + source_recovery:pbe
current-nlr-pbe-gw-v1:composition:7da4862aa39239ad5aeed53da2b1ac5173167f22527f36c95f3e011ddb3f6404,La2 O7 Si2,110420,,[],14,14,-8.148,4.451,"Within each normalized composition in the finite PBE/FERE source domain, select the row with the lowest finite total energy per atom; break an exact displayed-energy tie by smaller stable MatDB ID. Do not use PBE or GW gap values.",pbe_metadata + source_recovery:pbe
current-nlr-pbe-gw-v1:composition:3802ed8e9b0dea640f27c69302729e667c9beb6ca8a5be15f94f7661b644ae82,La2 O7 Sn2,109955,,[],227,227,-7.245,2.561,"Within each normalized composition in the finite PBE/FERE source domain, select the row with the lowest finite total energy per atom; break an exact displayed-energy tie by smaller stable MatDB ID. Do not use PBE or GW gap values.",pbe_metadata + source_recovery:pbe
current-nlr-pbe-gw-v1:composition:4a2f7825ad86ed6010371e06629b3775170e4b4ce9af0e00c4a9dcabe24de1c6,La2 O7 Ti2,110468,,[],33,33,-8.314,2.993,"Within each normalized composition in the finite PBE/FERE source domain, select the row with the lowest finite total energy per atom; break an exact displayed-energy tie by smaller stable MatDB ID. Do not use PBE or GW gap values.",pbe_metadata + source_recovery:pbe
current-nlr-pbe-gw-v1:composition:b43a041f7b92562e3edae51cab0116d55f73253f82b6635fee9db7cb50816375,La2 O7 Zr2,110476,,[],227,227,-8.665,3.935,"Within each normalized composition in the finite PBE/FERE source domain, select the row with the lowest finite total energy per atom; break an exact displayed-energy tie by smaller stable MatDB ID. Do not use PBE or GW gap values.",pbe_metadata + source_recovery:pbe
current-nlr-pbe-gw-v1:composition:42df435ca5be96f4095355c96941e051e19043d32c09a7e9b80de4cd207f1399,La2 O9 Si Ti2,110752,,[],12,12,-8.24,2.876,"Within each normalized composition in the finite PBE/FERE source domain, select the row with the lowest finite total energy per atom; break an exact displayed-energy tie by smaller stable MatDB ID. Do not use PBE or GW gap values.",pbe_metadata + source_recovery:pbe
current-nlr-pbe-gw-v1:composition:3053d09114edd83fa6588b384089d6b2604b7b00d59c3729fded5f5c327533c0,La2 O9 W2,176221,,[],2,2,-8.391,3.049,"Within each normalized composition in the finite PBE/FERE source domain, select the row with the lowest finite total energy per atom; break an exact displayed-energy tie by smaller stable MatDB ID. Do not use PBE or GW gap values.",pbe_metadata + source_recovery:pbe
current-nlr-pbe-gw-v1:composition:6404836185a5a47243ded5752f90acce1217ebc6cbe4d7635f08884c9607722c,La3 Mo O7,126018,,[],19,19,-8.06,1.393,"Within each normalized composition in the finite PBE/FERE source domain, select the row with the lowest finite total energy per atom; break an exact displayed-energy tie by smaller stable MatDB ID. Do not use PBE or GW gap values.",pbe_metadata + source_recovery:pbe
current-nlr-pbe-gw-v1:composition:b7158ce7ffd51a283b8f72dc1b33796786e625d3fa54f75f43f7901f6f59efa2,La3 Nb O7,143911,,[],62,62,-8.271,3.019,"Within each normalized composition in the finite PBE/FERE source domain, select the row with the lowest finite total energy per atom; break an exact displayed-energy tie by smaller stable MatDB ID. Do not use PBE or GW gap values.",pbe_metadata + source_recovery:pbe
current-nlr-pbe-gw-v1:composition:dc58389ca1ddc1463e1b2d46c1c0ff1223d15a174c15ea7d28153e251846d74a,La3 Ni2 O7,143921,,[],63,38,-7.109,0.529,"Within each normalized composition in the finite PBE/FERE source domain, select the row with the lowest finite total energy per atom; break an exact displayed-energy tie by smaller stable MatDB ID. Do not use PBE or GW gap values.",pbe_metadata + source_recovery:pbe
current-nlr-pbe-gw-v1:composition:e9f8496586ac6b97d234e867f36e7715245196a64a84636d1244130bc7f79c5a,La3 O11 Ru3,144277,,[],201,1,-7.193,0.08,"Within each normalized composition in the finite PBE/FERE source domain, select the row with the lowest finite total energy per atom; break an exact displayed-energy tie by smaller stable MatDB ID. Do not use PBE or GW gap values.",pbe_metadata + source_recovery:pbe
current-nlr-pbe-gw-v1:composition:d2d707e0c26bdd05f47df1edda798c044887a68b3bac9c8aadddc00be4d764df,La3 O7 Ru,144234,,[],63,63,-7.613,1.188,"Within each normalized composition in the finite PBE/FERE source domain, select the row with the lowest finite total energy per atom; break an exact displayed-energy tie by smaller stable MatDB ID. Do not use PBE or GW gap values.",pbe_metadata + source_recovery:pbe
current-nlr-pbe-gw-v1:composition:70c42ea408149b827fa7a4dffafe6b4786592a17a1afb31e71506a147f0c673e,La4 Mn5 O22 Si4,163808,,[],12,8,-7.94,0.806,"Within each normalized composition in the finite PBE/FERE source domain, select the row with the lowest finite total energy per atom; break an exact displayed-energy tie by smaller stable MatDB ID. Do not use PBE or GW gap values.",pbe_metadata + source_recovery:pbe
current-nlr-pbe-gw-v1:composition:08a642d0e3505b00fdac7b97214f6175ed0ce92f4226356e2ee0ae8be724808c,La4 Mo7 O27,145110,,[],29,29,-7.773,2.998,"Within each normalized composition in the finite PBE/FERE source domain, select the row with the lowest finite total energy per atom; break an exact displayed-energy tie by smaller stable MatDB ID. Do not use PBE or GW gap values.",pbe_metadata + source_recovery:pbe
current-nlr-pbe-gw-v1:composition:6c1766b515155503abc04b81d4bde927e7c47753d2d7eb868cfe947421f1de85,La4 Ni3 O10,192568,,[],64,1,-7.02,0.083,"Within each normalized composition in the finite PBE/FERE source domain, select the row with the lowest finite total energy per atom; break an exact displayed-energy tie by smaller stable MatDB ID. Do not use PBE or GW gap values.",pbe_metadata + source_recovery:pbe
current-nlr-pbe-gw-v1:composition:f341a9062871a0fab90389d29d15a1b9cc62fa10211323ee4b9cf2f4b8bdc2dc,La4 O12 Ti3,111085,,[],148,148,-8.27,3.078,"Within each normalized composition in the finite PBE/FERE source domain, select the row with the lowest finite total energy per atom; break an exact displayed-energy tie by smaller stable MatDB ID. Do not use PBE or GW gap values.",pbe_metadata + source_recovery:pbe
current-nlr-pbe-gw-v1:composition:c3bc35a1b276455d5aa467dbe52b5e3e2d643d33086434aafba4756c0e3c5d7a,La4 O19 Ru6,163737,,[],197,5,-7.02,0.563,"Within each normalized composition in the finite PBE/FERE source domain, select the row with the lowest finite total energy per atom; break an exact displayed-energy tie by smaller stable MatDB ID. Do not use PBE or GW gap values.",pbe_metadata + source_recovery:pbe
current-nlr-pbe-gw-v1:composition:a8fab85b8ea567d6475dfb994e9fc07bf85e55074fbdd65d87ce1f8df21460bb,La4 O22 Si4 V5,144276,,[],12,2,-8.114,0.903,"Within each normalized composition in the finite PBE/FERE source domain, select the row with the lowest finite total energy per atom; break an exact displayed-energy tie by smaller stable MatDB ID. Do not use PBE or GW gap values.",pbe_metadata + source_recovery:pbe
current-nlr-pbe-gw-v1:composition:6dc1a5f03cd8fb4e0514758d692b69c798a82bfd94bbba750a144efffadb4aab,La4 O7 Pd,191617,,[],12,12,-7.512,1.052,"Within each normalized composition in the finite PBE/FERE source domain, select the row with the lowest finite total energy per atom; break an exact displayed-energy tie by smaller stable MatDB ID. Do not use PBE or GW gap values.",pbe_metadata + source_recovery:pbe
current-nlr-pbe-gw-v1:composition:2dbe0bdf8bc86529a88c33bbe728881e71c22292565be448d7ed32f410a4e6b9,La5 Mo6 O21,177879,,[],19,19,-7.924,1.153,"Within each normalized composition in the finite PBE/FERE source domain, select the row with the lowest finite total energy per atom; break an exact displayed-energy tie by smaller stable MatDB ID. Do not use PBE or GW gap values.",pbe_metadata + source_recovery:pbe
current-nlr-pbe-gw-v1:composition:7731f48bd6b52e65874f77fbd04b4282143239dc8bfa1f785b38516d913d8c66,La5 O15 Ti4,110760,,[],165,15,-8.223,0.048,"Within each normalized composition in the finite PBE/FERE source domain, select the row with the lowest finite total energy per atom; break an exact displayed-energy tie by smaller stable MatDB ID. Do not use PBE or GW gap values.",pbe_metadata + source_recovery:pbe
current-nlr-pbe-gw-v1:composition:04860498865e447a0eb3dd72c61f0c3a9c0e16e5b83f95e9bc914f72b87c97a9,La6 Mo8 O33,163348,,[],4,4,-7.83,3.096,"Within each normalized composition in the finite PBE/FERE source domain, select the row with the lowest finite total energy per atom; break an exact displayed-energy tie by smaller stable MatDB ID. Do not use PBE or GW gap values.",pbe_metadata + source_recovery:pbe
current-nlr-pbe-gw-v1:composition:1f43d0b640aba4a74eeb12aaa91ec22f854606bec5435c316831169b3ff6af50,La7 Mo7 O30,193222,,[],148,1,-7.899,0.781,"Within each normalized composition in the finite PBE/FERE source domain, select the row with the lowest finite total energy per atom; break an exact displayed-energy tie by smaller stable MatDB ID. Do not use PBE or GW gap values.",pbe_metadata + source_recovery:pbe
current-nlr-pbe-gw-v1:composition:cdf81746820f99e4e1fb2bfe4a6ceacf94fd62af67e19e4b50f0ffd5d94b094c,La8 Ni4 O17,144301,,[],5,1,-7.245,0.411,"Within each normalized composition in the finite PBE/FERE source domain, select the row with the lowest finite total energy per atom; break an exact displayed-energy tie by smaller stable MatDB ID. Do not use PBE or GW gap values.",pbe_metadata + source_recovery:pbe
current-nlr-pbe-gw-v1:composition:8463be6e9eda69a4d2e62e06075ca9f511487e1eec984ff4b91f55bbb197475c,La8 O21 Ru4,191881,,[],185,1,-7.486,0.757,"Within each normalized composition in the finite PBE/FERE source domain, select the row with the lowest finite total energy per atom; break an exact displayed-energy tie by smaller stable MatDB ID. Do not use PBE or GW gap values.",pbe_metadata + source_recovery:pbe
current-nlr-pbe-gw-v1:composition:da60b4d521943a601736f30619cd3374e9212b90fce1b53589c5e1d5cc4fcd5a,Li Mn2 O4,7076,,[],,15,-7.012,0.294,"Within each normalized composition in the finite PBE/FERE source domain, select the row with the lowest finite total energy per atom; break an exact displayed-energy tie by smaller stable MatDB ID. Do not use PBE or GW gap values.",pbe_metadata + source_recovery:pbe
current-nlr-pbe-gw-v1:composition:b95ff1693d6212f4974a3c5c4806be3c601e56ff8dd07a90d927e96e8734ab66,Li O,286999,286999,[],,194,-4.853,1.869,"Within each normalized composition in the finite PBE/FERE source domain, select the row with the lowest finite total energy per atom; break an exact displayed-energy tie by smaller stable MatDB ID. Do not use PBE or GW gap values.",pbe_metadata + source_recovery:pbe
current-nlr-pbe-gw-v1:composition:ea1680e7ed0859f7f86b133cc7f569b158dbcd3d4b95c66aecdc9ec576d65801,Li2 O,286994,286994,[],,225,-4.767,4.906,"Within each normalized composition in the finite PBE/FERE source domain, select the row with the lowest finite total energy per atom; break an exact displayed-energy tie by smaller stable MatDB ID. Do not use PBE or GW gap values.",pbe_metadata + source_recovery:pbe
current-nlr-pbe-gw-v1:composition:e82b2a3d133dae3cb9281b5fd80cc93d9a094df5b8d9f7dce608cf043fa61644,Li2 O3 Sn,289933,289933,[],,15,-5.673,3.104,"Within each normalized composition in the finite PBE/FERE source domain, select the row with the lowest finite total energy per atom; break an exact displayed-energy tie by smaller stable MatDB ID. Do not use PBE or GW gap values.",pbe_metadata + source_recovery:pbe
current-nlr-pbe-gw-v1:composition:fb997c528c1f4dc4b782b80a92cd06111f1a6d1dba682891bcc561c3620772af,Mg Mn2 O4,11233,11233,[],,70,-7.234,1.426,"Within each normalized composition in the finite PBE/FERE source domain, select the row with the lowest finite total energy per atom; break an exact displayed-energy tie by smaller stable MatDB ID. Do not use PBE or GW gap values.",pbe_metadata + source_recovery:pbe
current-nlr-pbe-gw-v1:composition:8da0163129f21e56afb76f5712b2b619586f113618a7a8b98c0e4fc877e73921,Mg Mo O4,163750,,[],12,12,-7.073,3.572,"Within each normalized composition in the finite PBE/FERE source domain, select the row with the lowest finite total energy per atom; break an exact displayed-energy tie by smaller stable MatDB ID. Do not use PBE or GW gap values.",pbe_metadata + source_recovery:pbe
current-nlr-pbe-gw-v1:composition:5818510ff759d2e2b86001db903e4798d73bb59a0fd50d8ec83df70011822417,Mg Mo O6 Sr2,125972,,[],2,2,-6.853,2.245,"Within each normalized composition in the finite PBE/FERE source domain, select the row with the lowest finite total energy per atom; break an exact displayed-energy tie by smaller stable MatDB ID. Do not use PBE or GW gap values.",pbe_metadata + source_recovery:pbe
current-nlr-pbe-gw-v1:composition:6cffd98e5432e76943f7bfc1a9f5dd9993bfc58a28191023c5c916409b657b52,Mg Mo2 O7,162733,,[],14,14,-7.226,3.541,"Within each normalized composition in the finite PBE/FERE source domain, select the row with the lowest finite total energy per atom; break an exact displayed-energy tie by smaller stable MatDB ID. Do not use PBE or GW gap values.",pbe_metadata + source_recovery:pbe
current-nlr-pbe-gw-v1:composition:74deaf9d80c1b1b94867b38a0a348c6e4f7d5403bb8e857cdccb412b9491b5d3,Mg Na2 O4 Si,109698,,[],7,7,-6.152,3.825,"Within each normalized composition in the finite PBE/FERE source domain, select the row with the lowest finite total energy per atom; break an exact displayed-energy tie by smaller stable MatDB ID. Do not use PBE or GW gap values.",pbe_metadata + source_recovery:pbe
current-nlr-pbe-gw-v1:composition:c261daec7d4a4ddb70c0b66d4e416739a48fa1a79829fe9465fd0afc14e3bd8d,Mg Nb2 O6,144307,,[],60,60,-7.762,3.508,"Within each normalized composition in the finite PBE/FERE source domain, select the row with the lowest finite total energy per atom; break an exact displayed-energy tie by smaller stable MatDB ID. Do not use PBE or GW gap values.",pbe_metadata + source_recovery:pbe
current-nlr-pbe-gw-v1:composition:f5528085e7f1259f6f2025127ebae6ff9e70e6765c501e2d2aab9d0be2a67153,Mg O,9973,9973,[],,225,-6.004,4.465,"Within each normalized composition in the finite PBE/FERE source domain, select the row with the lowest finite total energy per atom; break an exact displayed-energy tie by smaller stable MatDB ID. Do not use PBE or GW gap values.",pbe_metadata + source_recovery:pbe
current-nlr-pbe-gw-v1:composition:03210a67992ea9ff4c2708f7ce5f7aa8229e2095b70ae91df986b928789cc048,Mg O2,110960,,[],205,205,-5.539,3.567,"Within each normalized composition in the finite PBE/FERE source domain, select the row with the lowest finite total energy per atom; break an exact displayed-energy tie by smaller stable MatDB ID. Do not use PBE or GW gap values.",pbe_metadata + source_recovery:pbe
current-nlr-pbe-gw-v1:composition:85463a59285b6d732f62a02d2442f6db39c758957c439b8e5c329300c3dff874,Mg O3 Si,110557,,[],14,14,-7.19,4.649,"Within each normalized composition in the finite PBE/FERE source domain, select the row with the lowest finite total energy per atom; break an exact displayed-energy tie by smaller stable MatDB ID. Do not use PBE or GW gap values.",pbe_metadata + source_recovery:pbe
current-nlr-pbe-gw-v1:composition:3c5ff93660dc57332917f7482e44b90b03c2716f833695572a524439675ffb8c,Mg O3 Ti,290005,290005,[],,148,-7.402,3.647,"Within each normalized composition in the finite PBE/FERE source domain, select the row with the lowest finite total energy per atom; break an exact displayed-energy tie by smaller stable MatDB ID. Do not use PBE or GW gap values.",pbe_metadata + source_recovery:pbe
current-nlr-pbe-gw-v1:composition:43b925e3010d29e61ef9683ed58f9194afe755c28a8ef827a3bae58e4a624a86,Mg O3 V,125689,,[],36,36,-7.181,2.569,"Within each normalized composition in the finite PBE/FERE source domain, select the row with the lowest finite total energy per atom; break an exact displayed-energy tie by smaller stable MatDB ID. Do not use PBE or GW gap values.",pbe_metadata + source_recovery:pbe
current-nlr-pbe-gw-v1:composition:dfa500e15c479ba4078f0e2ee7506110a0b40b210cdf8b19bef6f06c79ddbdda,Mg O4 Rh2,192016,,[],227,227,-5.809,2.013,"Within each normalized composition in the finite PBE/FERE source domain, select the row with the lowest finite total energy per atom; break an exact displayed-energy tie by smaller stable MatDB ID. Do not use PBE or GW gap values.",pbe_metadata + source_recovery:pbe
current-nlr-pbe-gw-v1:composition:8122923bebc79f55e140575029ad5bc1e4c06132f0029b95d96c35664d804ad9,Mg O4 Ti2,111246,,[],92,92,-7.508,0.207,"Within each normalized composition in the finite PBE/FERE source domain, select the row with the lowest finite total energy per atom; break an exact displayed-energy tie by smaller stable MatDB ID. Do not use PBE or GW gap values.",pbe_metadata + source_recovery:pbe
current-nlr-pbe-gw-v1:composition:44611e982a79a81db927c9a1f833e997706c9f18f759260306491371f03b8b3e,Mg O4 V2,177700,,[],227,15,-7.547,1.561,"Within each normalized composition in the finite PBE/FERE source domain, select the row with the lowest finite total energy per atom; break an exact displayed-energy tie by smaller stable MatDB ID. Do not use PBE or GW gap values.",pbe_metadata + source_recovery:pbe
current-nlr-pbe-gw-v1:composition:f1510bf178ec2340bc64978f479d298911b59821c6bd079eb07248662475f369,Mg O4 W,144310,,[],13,13,-7.636,3.456,"Within each normalized composition in the finite PBE/FERE source domain, select the row with the lowest finite total energy per atom; break an exact displayed-energy tie by smaller stable MatDB ID. Do not use PBE or GW gap values.",pbe_metadata + source_recovery:pbe
current-nlr-pbe-gw-v1:composition:6a06915f556185f18f20f52ffbb13227db9f17a54d27214bb72b66013223e8f8,Mg O5 Ti2,290080,290080,[],,63,-7.733,3.043,"Within each normalized composition in the finite PBE/FERE source domain, select the row with the lowest finite total energy per atom; break an exact displayed-energy tie by smaller stable MatDB ID. Do not use PBE or GW gap values.",pbe_metadata + source_recovery:pbe
current-nlr-pbe-gw-v1:composition:234256f25a837264fddfa84c838566a2417e1d8f5235401dee5b60f4c94055a1,Mg O5 V2,193766,,[],63,63,-7.404,2.242,"Within each normalized composition in the finite PBE/FERE source domain, select the row with the lowest finite total energy per atom; break an exact displayed-energy tie by smaller stable MatDB ID. Do not use PBE or GW gap values.",pbe_metadata + source_recovery:pbe
current-nlr-pbe-gw-v1:composition:75f79749290947198ce2baeab0ce19e2553c4960a4f5abbddfeb205d1e0416d6,Mg O6 Pt Sr3,176443,,[],167,167,-5.925,3.018,"Within each normalized composition in the finite PBE/FERE source domain, select the row with the lowest finite total energy per atom; break an exact displayed-energy tie by smaller stable MatDB ID. Do not use PBE or GW gap values.",pbe_metadata + source_recovery:pbe
current-nlr-pbe-gw-v1:composition:4ea156a49d62e71b0f47584df2bcad60a06cccf06814fd6d06e059acb1d191ad,Mg O6 Pt3,146043,,[],65,65,-5.267,0.701,"Within each normalized composition in the finite PBE/FERE source domain, select the row with the lowest finite total energy per atom; break an exact displayed-energy tie by smaller stable MatDB ID. Do not use PBE or GW gap values.",pbe_metadata + source_recovery:pbe
current-nlr-pbe-gw-v1:composition:6ed54dbf3211fc35f1f1d23c1acd221f6c135714732ab34400c170ceccb2d487,Mg O6 Rh Sr3,192617,,[],167,15,-6.025,0.662,"Within each normalized composition in the finite PBE/FERE source domain, select the row with the lowest finite total energy per atom; break an exact displayed-energy tie by smaller stable MatDB ID. Do not use PBE or GW gap values.",pbe_metadata + source_recovery:pbe
current-nlr-pbe-gw-v1:composition:86ae630f155319e2ffa9150ff15eaf5901897b45f3ab3177fe65a460f8a0116f,Mg O6 Sb2,289982,289982,[],,136,-6.18,1.014,"Within each normalized composition in the finite PBE/FERE source domain, select the row with the lowest finite total energy per atom; break an exact displayed-energy tie by smaller stable MatDB ID. Do not use PBE or GW gap values.",pbe_metadata + source_recovery:pbe
current-nlr-pbe-gw-v1:composition:da6385d0f173cd3797c399b9e1faa0986de5cdfc1386a51eb282da725326fae0,Mg O6 Sr2 W,178645,,[],87,87,-7.222,3.114,"Within each normalized composition in the finite PBE/FERE source domain, select the row with the lowest finite total energy per atom; break an exact displayed-energy tie by smaller stable MatDB ID. Do not use PBE or GW gap values.",pbe_metadata + source_recovery:pbe
current-nlr-pbe-gw-v1:composition:361e1be530c2b4e010c5206ad94c86cdf68d967bfe66ca956c36340bbacf5b0a,Mg O6 V2,144649,,[],12,12,-7.246,2.571,"Within each normalized composition in the finite PBE/FERE source domain, select the row with the lowest finite total energy per atom; break an exact displayed-energy tie by smaller stable MatDB ID. Do not use PBE or GW gap values.",pbe_metadata + source_recovery:pbe
current-nlr-pbe-gw-v1:composition:d65ce6bae85f875a0d71e5d00e625c82dc323a8fa49d9b1fa43e64cfcd1d3f80,Mg O7 Si2 Sr2,110623,,[],113,113,-7.207,4.506,"Within each normalized composition in the finite PBE/FERE source domain, select the row with the lowest finite total energy per atom; break an exact displayed-energy tie by smaller stable MatDB ID. Do not use PBE or GW gap values.",pbe_metadata + source_recovery:pbe
current-nlr-pbe-gw-v1:composition:8f84ef78dc91ffcb5ddb21f406fdab79b5366ba215d641297c66ef72a6f2b372,Mg O8 Si2 Sr3,109882,,[],14,14,-7.07,4.722,"Within each normalized composition in the finite PBE/FERE source domain, select the row with the lowest finite total energy per atom; break an exact displayed-energy tie by smaller stable MatDB ID. Do not use PBE or GW gap values.",pbe_metadata + source_recovery:pbe
current-nlr-pbe-gw-v1:composition:cfb5096ecb0ef08545bc26ae69e712d23df01a0c7bd3e858fdf6e01df5eca649,Mg2 Mo3 O8,177401,,[],186,186,-7.222,2.18,"Within each normalized composition in the finite PBE/FERE source domain, select the row with the lowest finite total energy per atom; break an exact displayed-energy tie by smaller stable MatDB ID. Do not use PBE or GW gap values.",pbe_metadata + source_recovery:pbe
current-nlr-pbe-gw-v1:composition:f9ddea60677f26f862be3c0fd650cf60ff9594e471e0e9e72ca45b634f81a1de,Mg2 Na2 O15 Si6,111270,,[],64,64,-7.217,4.396,"Within each normalized composition in the finite PBE/FERE source domain, select the row with the lowest finite total energy per atom; break an exact displayed-energy tie by smaller stable MatDB ID. Do not use PBE or GW gap values.",pbe_metadata + source_recovery:pbe
current-nlr-pbe-gw-v1:composition:9370e081c3791467fd9d0c0caaf0b2fd5c58a42c74cc4f559bebe1996b51092c,Mg2 O4 Si,110562,,[],62,62,-6.888,4.654,"Within each normalized composition in the finite PBE/FERE source domain, select the row with the lowest finite total energy per atom; break an exact displayed-energy tie by smaller stable MatDB ID. Do not use PBE or GW gap values.",pbe_metadata + source_recovery:pbe
current-nlr-pbe-gw-v1:composition:21ee7a9bf7f15a7231cf0b1c71d6f053e3f7ed2a8b47d213bc40ea071954ccd7,Mg2 O4 Sn,9923,9923,[],,74,-6.155,2.554,"Within each normalized composition in the finite PBE/FERE source domain, select the row with the lowest finite total energy per atom; break an exact displayed-energy tie by smaller stable MatDB ID. Do not use PBE or GW gap values.",pbe_metadata + source_recovery:pbe
current-nlr-pbe-gw-v1:composition:2516cf0e4ce0e0b2e122a48cee7a103036602ea8cb2224e9b8462da16cb7afea,Mg2 O4 Ti,290062,290062,[],,74,-6.998,2.912,"Within each normalized composition in the finite PBE/FERE source domain, select the row with the lowest finite total energy per atom; break an exact displayed-energy tie by smaller stable MatDB ID. Do not use PBE or GW gap values.",pbe_metadata + source_recovery:pbe
current-nlr-pbe-gw-v1:composition:36d595e58dfca524ae3ab9486a14d2fb8cab2017ae346931c0355f40ade901a0,Mg2 O4 V,178075,,[],227,141,-6.788,1.172,"Within each normalized composition in the finite PBE/FERE source domain, select the row with the lowest finite total energy per atom; break an exact displayed-energy tie by smaller stable MatDB ID. Do not use PBE or GW gap values.",pbe_metadata + source_recovery:pbe
current-nlr-pbe-gw-v1:composition:ed47d0b55d04448eacf64c9dd9283df158db2e744f24c3c6cd3a25ae3b96edbe,Mg2 O7 V2,144917,,[],2,2,-7.082,2.666,"Within each normalized composition in the finite PBE/FERE source domain, select the row with the lowest finite total energy per atom; break an exact displayed-energy tie by smaller stable MatDB ID. Do not use PBE or GW gap values.",pbe_metadata + source_recovery:pbe
current-nlr-pbe-gw-v1:composition:04367c9d31d3b43852a1176130e5344022782ce3f9a83249ea902a31912b38fa,Mg3 Mn2 O12 Si3,163137,,[],230,15,-7.225,1.093,"Within each normalized composition in the finite PBE/FERE source domain, select the row with the lowest finite total energy per atom; break an exact displayed-energy tie by smaller stable MatDB ID. Do not use PBE or GW gap values.",pbe_metadata + source_recovery:pbe
current-nlr-pbe-gw-v1:composition:f3fa3ec573ff2bf5d7e6c634ae0a2be6930be0589aaf318390790794ed80cfd3,Mg3 Nb6 O11,192924,,[],164,164,-7.533,0.773,"Within each normalized composition in the finite PBE/FERE source domain, select the row with the lowest finite total energy per atom; break an exact displayed-energy tie by smaller stable MatDB ID. Do not use PBE or GW gap values.",pbe_metadata + source_recovery:pbe
current-nlr-pbe-gw-v1:composition:b75e7f61ee2a74bdcbb5ca10bad3c02752235969c80d1b8a6a0046ffadacdba0,Mg3 O12 Si3 V2,176769,,[],230,15,-7.359,1.932,"Within each normalized composition in the finite PBE/FERE source domain, select the row with the lowest finite total energy per atom; break an exact displayed-energy tie by smaller stable MatDB ID. Do not use PBE or GW gap values.",pbe_metadata + source_recovery:pbe
current-nlr-pbe-gw-v1:composition:99158e677dacb16d476972e9cdc660355f805a8408863d77fefc101f42569553,Mg3 O8 V2,144434,,[],64,64,-6.939,3.266,"Within each normalized composition in the finite PBE/FERE source domain, select the row with the lowest finite total energy per atom; break an exact displayed-energy tie by smaller stable MatDB ID. Do not use PBE or GW gap values.",pbe_metadata + source_recovery:pbe
current-nlr-pbe-gw-v1:composition:796b654a470ad43a62cb30b0b86d982dd8f259be66234ca560df90f559aab9e3,Mg4 Nb2 O9,126437,,[],165,165,-7.077,3.643,"Within each normalized composition in the finite PBE/FERE source domain, select the row with the lowest finite total energy per atom; break an exact displayed-energy tie by smaller stable MatDB ID. Do not use PBE or GW gap values.",pbe_metadata + source_recovery:pbe
current-nlr-pbe-gw-v1:composition:808c4d4cb1113965a777d668683fbefc0d9496a5d52b6ae0a4ae91e9ec880046,Mg6 Mn O8,162693,,[],225,225,-6.304,2.367,"Within each normalized composition in the finite PBE/FERE source domain, select the row with the lowest finite total energy per atom; break an exact displayed-energy tie by smaller stable MatDB ID. Do not use PBE or GW gap values.",pbe_metadata + source_recovery:pbe
current-nlr-pbe-gw-v1:composition:6ca09912a2d0743146998cda1a78648f3395d8690d6654a037eb0c57a947e396,Mn Mo O4,193902,,[],13,13,-7.714,1.663,"Within each normalized composition in the finite PBE/FERE source domain, select the row with the lowest finite total energy per atom; break an exact displayed-energy tie by smaller stable MatDB ID. Do not use PBE or GW gap values.",pbe_metadata + source_recovery:pbe
current-nlr-pbe-gw-v1:composition:2440fc112e060fc90ec83fa44eda5697d66fc3e8726319a14c6d23769a9907a3,Mn Mo O6 Sr2,145298,,[],14,14,-7.235,0.982,"Within each normalized composition in the finite PBE/FERE source domain, select the row with the lowest finite total energy per atom; break an exact displayed-energy tie by smaller stable MatDB ID. Do not use PBE or GW gap values.",pbe_metadata + source_recovery:pbe
current-nlr-pbe-gw-v1:composition:c07e51644a87c5ef992addaac83cde8f68874e79ce7b23fc27b7626e6e202dea,Mn Na O2,144739,,[],12,12,-6.427,1.189,"Within each normalized composition in the finite PBE/FERE source domain, select the row with the lowest finite total energy per atom; break an exact displayed-energy tie by smaller stable MatDB ID. Do not use PBE or GW gap values.",pbe_metadata + source_recovery:pbe
current-nlr-pbe-gw-v1:composition:24023fecc18bdab4fc887fabdc59977fb5b421460c0794bbe1858891a1090d95,Mn Na O4 Rb2,163987,,[],11,11,-5.375,1.855,"Within each normalized composition in the finite PBE/FERE source domain, select the row with the lowest finite total energy per atom; break an exact displayed-energy tie by smaller stable MatDB ID. Do not use PBE or GW gap values.",pbe_metadata + source_recovery:pbe
current-nlr-pbe-gw-v1:composition:4ad84712939b3eaf3513fada7bd8f2fdc695c49d5e2e0ca29656d626b20046a5,Mn Na O4 V,178262,,[],62,62,-7.119,2.386,"Within each normalized composition in the finite PBE/FERE source domain, select the row with the lowest finite total energy per atom; break an exact displayed-energy tie by smaller stable MatDB ID. Do not use PBE or GW gap values.",pbe_metadata + source_recovery:pbe
current-nlr-pbe-gw-v1:composition:60af5f44dc71fe9c80a5ce73745975de759a497de60f93bba9e55b302db5c502,Mn Na O6 Si2,162700,,[],15,15,-7.326,0.906,"Within each normalized composition in the finite PBE/FERE source domain, select the row with the lowest finite total energy per atom; break an exact displayed-energy tie by smaller stable MatDB ID. Do not use PBE or GW gap values.",pbe_metadata + source_recovery:pbe
current-nlr-pbe-gw-v1:composition:6919c35b687ec259be600dceeb27215f0070e9c7e3f1909e01483884b55d0d62,Mn Na2 O2,126140,,[],15,15,-5.467,0.875,"Within each normalized composition in the finite PBE/FERE source domain, select the row with the lowest finite total energy per atom; break an exact displayed-energy tie by smaller stable MatDB ID. Do not use PBE or GW gap values.",pbe_metadata + source_recovery:pbe
current-nlr-pbe-gw-v1:composition:9ea159d854b4a0d337a5d9b1f4b946f4562b10fc3cc9179cf846cf0bac58a6b6,Mn Na2 O4,126048,,[],186,1,-5.617,0.493,"Within each normalized composition in the finite PBE/FERE source domain, select the row with the lowest finite total energy per atom; break an exact displayed-energy tie by smaller stable MatDB ID. Do not use PBE or GW gap values.",pbe_metadata + source_recovery:pbe
current-nlr-pbe-gw-v1:composition:ba7be9edeaf01c82fc5b64f357aa0a32e895a4cd7d3db0ae18803ee2c10145d5,Mn Na2 O6 Si2,144507,,[],58,58,-6.966,2.288,"Within each normalized composition in the finite PBE/FERE source domain, select the row with the lowest finite total energy per atom; break an exact displayed-energy tie by smaller stable MatDB ID. Do not use PBE or GW gap values.",pbe_metadata + source_recovery:pbe
current-nlr-pbe-gw-v1:composition:87639e7dc8b4e6d4d0f9e2ca78a55a71ee5edaf6be10842536e65f02742053ed,Mn Na5 O4,194043,,[],31,31,-4.83,1.367,"Within each normalized composition in the finite PBE/FERE source domain, select the row with the lowest finite total energy per atom; break an exact displayed-energy tie by smaller stable MatDB ID. Do not use PBE or GW gap values.",pbe_metadata + source_recovery:pbe
current-nlr-pbe-gw-v1:composition:a74246f6df9df818ad7668821ff0f165fa7d2e06089a22dc50486e2e017e3b01,Mn Na6 O4,193863,,[],186,186,-4.531,0.637,"Within each normalized composition in the finite PBE/FERE source domain, select the row with the lowest finite total energy per atom; break an exact displayed-energy tie by smaller stable MatDB ID. Do not use PBE or GW gap values.",pbe_metadata + source_recovery:pbe
current-nlr-pbe-gw-v1:composition:3db5a23af6c5324d83e34e935e724228b23606fefa20add28239454826f345a9,Mn Nb O6 Sr2,178077,,[],225,139,-7.401,0.311,"Within each normalized composition in the finite PBE/FERE source domain, select the row with the lowest finite total energy per atom; break an exact displayed-energy tie by smaller stable MatDB ID. Do not use PBE or GW gap values.",pbe_metadata + source_recovery:pbe
current-nlr-pbe-gw-v1:composition:e78317e90cee890b745ac9960dbca37d06ccaa98ca8c6a45bbea7b1a271579e3,Mn Nb2 O6,194082,,[],60,13,-8.195,2.389,"Within each normalized composition in the finite PBE/FERE source domain, select the row with the lowest finite total energy per atom; break an exact displayed-energy tie by smaller stable MatDB ID. Do not use PBE or GW gap values.",pbe_metadata + source_recovery:pbe
current-nlr-pbe-gw-v1:composition:5e5628952d68ac9dec42a194caff8ed268b7d2804c27d37841e2b615cc6f3c9b,Mn Nb2 O8 Zn2,177206,,[],15,15,-7.061,2.534,"Within each normalized composition in the finite PBE/FERE source domain, select the row with the lowest finite total energy per atom; break an exact displayed-energy tie by smaller stable MatDB ID. Do not use PBE or GW gap values.",pbe_metadata + source_recovery:pbe
current-nlr-pbe-gw-v1:composition:baaae48431e773ce7b4301f8c1be0269f59f91bb1e97e9f077f7f61b36475646,Mn Nb3 O6,193069,,[],71,2,-8.144,0.749,"Within each normalized composition in the finite PBE/FERE source domain, select the row with the lowest finite total energy per atom; break an exact displayed-energy tie by smaller stable MatDB ID. Do not use PBE or GW gap values.",pbe_metadata + source_recovery:pbe
current-nlr-pbe-gw-v1:composition:6269044c8608d9d3ef8712f5ec51fa3280b911b4337b537b16bdd5d05a83b913,Mn Ni O3,12072,12072,[],,148,-6.631,1.505,"Within each normalized composition in the finite PBE/FERE source domain, select the row with the lowest finite total energy per atom; break an exact displayed-energy tie by smaller stable MatDB ID. Do not use PBE or GW gap values.",pbe_metadata + source_recovery:pbe
current-nlr-pbe-gw-v1:composition:af0fb650417ab17bb035dadc58a5e3efacf379effdd7519d5d2ccf4ae7a71299,Mn Ni O4 Sn,11184,11184,[],,46,-6.57,1.139,"Within each normalized composition in the finite PBE/FERE source domain, select the row with the lowest finite total energy per atom; break an exact displayed-energy tie by smaller stable MatDB ID. Do not use PBE or GW gap values.",pbe_metadata + source_recovery:pbe
current-nlr-pbe-gw-v1:composition:7e122d1142928c447e6e3596229400df8854df38f452f75aa6dd1144d28505cb,Mn Ni6 O8,192328,,[],225,166,-5.817,1.615,"Within each normalized composition in the finite PBE/FERE source domain, select the row with the lowest finite total energy per atom; break an exact displayed-energy tie by smaller stable MatDB ID. Do not use PBE or GW gap values.",pbe_metadata + source_recovery:pbe
current-nlr-pbe-gw-v1:composition:b4e944674726ab28d9a04d7e5575696e5657a7b4e3a6d1eecf566be75b252df0,Mn O,10576,10576,[],,36,-7.929,0.864,"Within each normalized composition in the finite PBE/FERE source domain, select the row with the lowest finite total energy per atom; break an exact displayed-energy tie by smaller stable MatDB ID. Do not use PBE or GW gap values.",pbe_metadata + source_recovery:pbe
current-nlr-pbe-gw-v1:composition:221acb7dd81344f6c0ff320bfbd824eb830d5710083eea7cd8c2a1c25050d098,Mn O2,126640,,[],87,87,-7.277,1.421,"Within each normalized composition in the finite PBE/FERE source domain, select the row with the lowest finite total energy per atom; break an exact displayed-energy tie by smaller stable MatDB ID. Do not use PBE or GW gap values.",pbe_metadata + source_recovery:pbe
current-nlr-pbe-gw-v1:composition:21914630cf54a9880f7c30f454aaabd263486476af4d63c803111c8360f2753f,Mn O2 Rb,144489,,[],2,2,-6.253,2.254,"Within each normalized composition in the finite PBE/FERE source domain, select the row with the lowest finite total energy per atom; break an exact displayed-energy tie by smaller stable MatDB ID. Do not use PBE or GW gap values.",pbe_metadata + source_recovery:pbe
current-nlr-pbe-gw-v1:composition:e0c4ff840310b10a23862d81a3e3f4708738b2db95c7ae876721e3e3a5e4a1ef,Mn O3 Rb3,146254,,[],14,14,-5.027,1.656,"Within each normalized composition in the finite PBE/FERE source domain, select the row with the lowest finite total energy per atom; break an exact displayed-energy tie by smaller stable MatDB ID. Do not use PBE or GW gap values.",pbe_metadata + source_recovery:pbe
current-nlr-pbe-gw-v1:composition:4280eb9f28ce7804fc88d8eca4fac73a1bc084f19ac29d8fa15ffc93f53efeb6,Mn O3 Sc,177311,,[],185,185,-8.152,1.022,"Within each normalized composition in the finite PBE/FERE source domain, select the row with the lowest finite total energy per atom; break an exact displayed-energy tie by smaller stable MatDB ID. Do not use PBE or GW gap values.",pbe_metadata + source_recovery:pbe
current-nlr-pbe-gw-v1:composition:3812b4028fdfb40f40c8f33da03f9166b4fcdd6f0acf480d7d38ff5c4b85ed79,Mn O3 Si,126271,,[],2,2,-7.941,2.746,"Within each normalized composition in the finite PBE/FERE source domain, select the row with the lowest finite total energy per atom; break an exact displayed-energy tie by smaller stable MatDB ID. Do not use PBE or GW gap values.",pbe_metadata + source_recovery:pbe
current-nlr-pbe-gw-v1:composition:71ef86c972d24d1b6605a50a7fcbf8a152da35786e855ac63c5cbec602c199f8,Mn O3 Sn,145581,,[],148,148,-6.971,0.991,"Within each normalized composition in the finite PBE/FERE source domain, select the row with the lowest finite total energy per atom; break an exact displayed-energy tie by smaller stable MatDB ID. Do not use PBE or GW gap values.",pbe_metadata + source_recovery:pbe
current-nlr-pbe-gw-v1:composition:edaf5c70f247e53ae573383c5b88cc1d42350d26d613e8c980efc71469c738b0,Mn O3 Sr,126839,,[],20,20,-6.987,1.777,"Within each normalized composition in the finite PBE/FERE source domain, select the row with the lowest finite total energy per atom; break an exact displayed-energy tie by smaller stable MatDB ID. Do not use PBE or GW gap values.",pbe_metadata + source_recovery:pbe
current-nlr-pbe-gw-v1:composition:ac3f4aabf91ed5fb0d001698386d4259cc4dedbd98cf8dea0457d3cf64674e15,Mn O3 Ti,194723,,[],148,148,-8.181,2.448,"Within each normalized composition in the finite PBE/FERE source domain, select the row with the lowest finite total energy per atom; break an exact displayed-energy tie by smaller stable MatDB ID. Do not use PBE or GW gap values.",pbe_metadata + source_recovery:pbe
current-nlr-pbe-gw-v1:composition:3c7cd3dfceef34d6127181087ddc91191367c598ac8066cc971db5e8d683aa1b,Mn O3 Y,179755,,[],185,8,-8.251,0.035,"Within each normalized composition in the finite PBE/FERE source domain, select the row with the lowest finite total energy per atom; break an exact displayed-energy tie by smaller stable MatDB ID. Do not use PBE or GW gap values.",pbe_metadata + source_recovery:pbe
current-nlr-pbe-gw-v1:composition:d3c964257a99d67c9c74977b59fad6afe12cb347b89d6e30e2ac44162147cfe2,Mn O4 Rb,127675,,[],62,62,-5.853,2.006,"Within each normalized composition in the finite PBE/FERE source domain, select the row with the lowest finite total energy per atom; break an exact displayed-energy tie by smaller stable MatDB ID. Do not use PBE or GW gap values.",pbe_metadata + source_recovery:pbe
current-nlr-pbe-gw-v1:composition:41e4754bd72ae15509723d457a290324257992572f1850e0fedb01918f75b02d,Mn O4 Rb V,194120,,[],173,4,-7.107,2.745,"Within each normalized composition in the finite PBE/FERE source domain, select the row with the lowest finite total energy per atom; break an exact displayed-energy tie by smaller stable MatDB ID. Do not use PBE or GW gap values.",pbe_metadata + source_recovery:pbe
current-nlr-pbe-gw-v1:composition:1a7e97fd9d8e09a8edd6452d766142acfc4e9748521174498fd6f38424637669,Mn O4 Rb2,192523,,[],62,1,-5.612,0.461,"Within each normalized composition in the finite PBE/FERE source domain, select the row with the lowest finite total energy per atom; break an exact displayed-energy tie by smaller stable MatDB ID. Do not use PBE or GW gap values.",pbe_metadata + source_recovery:pbe
current-nlr-pbe-gw-v1:composition:3a7ae4eec0ed5751c8dd9d4f56c39f3af96cc1b5903b113ce9961952cb97fe95,Mn O4 Rh2,192539,,[],227,227,-6.39,1.677,"Within each normalized composition in the finite PBE/FERE source domain, select the row with the lowest finite total energy per atom; break an exact displayed-energy tie by smaller stable MatDB ID. Do not use PBE or GW gap values.",pbe_metadata + source_recovery:pbe
current-nlr-pbe-gw-v1:composition:42b3bb286e5e16017aa29d3b54f7ebb91890c4072d4fdf20e3d57c31f2192c68,Mn O4 Ti2,163993,,[],227,88,-8.179,0.906,"Within each normalized composition in the finite PBE/FERE source domain, select the row with the lowest finite total energy per atom; break an exact displayed-energy tie by smaller stable MatDB ID. Do not use PBE or GW gap values.",pbe_metadata + source_recovery:pbe
current-nlr-pbe-gw-v1:composition:b7c893c88fb29c4bc744268a0759263f292f5f6d908ff19374f9d224d6870726,Mn O4 V2,194905,,[],227,88,-8.108,1.666,"Within each normalized composition in the finite PBE/FERE source domain, select the row with the lowest finite total energy per atom; break an exact displayed-energy tie by smaller stable MatDB ID. Do not use PBE or GW gap values.",pbe_metadata + source_recovery:pbe
current-nlr-pbe-gw-v1:composition:d0245829473680946e59d64c427ff48749bc4c678c351182a62482078c248595,Mn O4 W,163903,,[],13,13,-8.283,2.325,"Within each normalized composition in the finite PBE/FERE source domain, select the row with the lowest finite total energy per atom; break an exact displayed-energy tie by smaller stable MatDB ID. Do not use PBE or GW gap values.",pbe_metadata + source_recovery:pbe
current-nlr-pbe-gw-v1:composition:a4a8fb1d059e777db8da088af05fd67a06b13274078e2debbc62cf72c1405e66,Mn O5 Si2,178484,,[],15,15,-7.837,3.633,"Within each normalized composition in the finite PBE/FERE source domain, select the row with the lowest finite total energy per atom; break an exact displayed-energy tie by smaller stable MatDB ID. Do not use PBE or GW gap values.",pbe_metadata + source_recovery:pbe
current-nlr-pbe-gw-v1:composition:c723416c7f742b681ffb8b48510cf1ce479486cad8821999e8d0f9c67b13c1b5,Mn O6 Pt3,162752,,[],65,65,-5.675,0.361,"Within each normalized composition in the finite PBE/FERE source domain, select the row with the lowest finite total energy per atom; break an exact displayed-energy tie by smaller stable MatDB ID. Do not use PBE or GW gap values.",pbe_metadata + source_recovery:pbe
current-nlr-pbe-gw-v1:composition:40639f8ea834debeb6a5909f409817e27dc7bbca23d42f73170f17ab8e33579e,Mn O6 Sr2 Zr,145640,,[],225,225,-7.444,1.512,"Within each normalized composition in the finite PBE/FERE source domain, select the row with the lowest finite total energy per atom; break an exact displayed-energy tie by smaller stable MatDB ID. Do not use PBE or GW gap values.",pbe_metadata + source_recovery:pbe
current-nlr-pbe-gw-v1:composition:fd6be79b23292d12f8c6715376bf0a992fa8326d0eaffb3759f85e773adcb3b9,Mn O6 V2,193344,,[],12,2,-7.719,1.508,"Within each normalized composition in the finite PBE/FERE source domain, select the row with the lowest finite total energy per atom; break an exact displayed-energy tie by smaller stable MatDB ID. Do not use PBE or GW gap values.",pbe_metadata + source_recovery:pbe
current-nlr-pbe-gw-v1:composition:6406bdd5d955ca17e54c5557c4c2d28f94e3f13a96eba42da3b423b908d49bcb,Mn O7 Rb2 V2,144734,,[],136,136,-6.952,2.351,"Within each normalized composition in the finite PBE/FERE source domain, select the row with the lowest finite total energy per atom; break an exact displayed-energy tie by smaller stable MatDB ID. Do not use PBE or GW gap values.",pbe_metadata + source_recovery:pbe
current-nlr-pbe-gw-v1:composition:9bdfdecf6d9b7f47268c219affc6416608de5fe9b59ee48f1a147464c03efde4,Mn O7 Si2 Sr2,127812,,[],113,113,-7.514,3,"Within each normalized composition in the finite PBE/FERE source domain, select the row with the lowest finite total energy per atom; break an exact displayed-energy tie by smaller stable MatDB ID. Do not use PBE or GW gap values.",pbe_metadata + source_recovery:pbe
current-nlr-pbe-gw-v1:composition:6513196efb96964c23a32cabf64e5dec6156756a26d79b11a99f49d6a7d6fdaf,Mn2 Mo3 O8,126890,,[],186,8,-7.81,1.792,"Within each normalized composition in the finite PBE/FERE source domain, select the row with the lowest finite total energy per atom; break an exact displayed-energy tie by smaller stable MatDB ID. Do not use PBE or GW gap values.",pbe_metadata + source_recovery:pbe
current-nlr-pbe-gw-v1:composition:360020f81a765f0edab22ab4cc89fee19f2264ccb3e30bd171f7d2e2bdb65910,Mn2 N O2,279504,280307,[280307],,1,-7.567,0.04,"Within each normalized composition in the finite PBE/FERE source domain, select the row with the lowest finite total energy per atom; break an exact displayed-energy tie by smaller stable MatDB ID. Do not use PBE or GW gap values.",pbe_metadata + source_recovery:pbe
current-nlr-pbe-gw-v1:composition:636a5b68a8487dd9d89d2fc4a27d8a4224fe796cd39bd6850588fc141b83dd85,Mn2 N2 O,273439,273310,[273310],,63,-7.41,0.067,"Within each normalized composition in the finite PBE/FERE source domain, select the row with the lowest finite total energy per atom; break an exact displayed-energy tie by smaller stable MatDB ID. Do not use PBE or GW gap values.",pbe_metadata + source_recovery:pbe
current-nlr-pbe-gw-v1:composition:a494ea3cb674f37672dd26976508169be847be606191b80b4502a17dab6139f6,Mn2 Na O4,162929,,[],62,62,-6.845,0.353,"Within each normalized composition in the finite PBE/FERE source domain, select the row with the lowest finite total energy per atom; break an exact displayed-energy tie by smaller stable MatDB ID. Do not use PBE or GW gap values.",pbe_metadata + source_recovery:pbe
current-nlr-pbe-gw-v1:composition:47299126f2a6b35076871d0121b236501af71a8f4a4ec00f8e7f5b23de313b82,Mn2 Na14 O9,192586,,[],147,147,-4.455,0.747,"Within each normalized composition in the finite PBE/FERE source domain, select the row with the lowest finite total energy per atom; break an exact displayed-energy tie by smaller stable MatDB ID. Do not use PBE or GW gap values.",pbe_metadata + source_recovery:pbe
current-nlr-pbe-gw-v1:composition:ee3ebbee85d9d7b4753ae1f24abe8b62b83100511b683e1a70ea74c8f98dc3d0,Mn2 Na2 O3,126975,,[],96,1,-6.193,0.711,"Within each normalized composition in the finite PBE/FERE source domain, select the row with the lowest finite total energy per atom; break an exact displayed-energy tie by smaller stable MatDB ID. Do not use PBE or GW gap values.",pbe_metadata + source_recovery:pbe
current-nlr-pbe-gw-v1:composition:36070a7624f3861dd80ea09b650c3cf418ac1031083572f8899077063163caee,Mn2 Na2 O7 Si2,127081,,[],14,2,-7.143,2.513,"Within each normalized composition in the finite PBE/FERE source domain, select the row with the lowest finite total energy per atom; break an exact displayed-energy tie by smaller stable MatDB ID. Do not use PBE or GW gap values.",pbe_metadata + source_recovery:pbe
current-nlr-pbe-gw-v1:composition:dbdfe9112cad24f654ca1b25dcd76bbf6c50c30d5104598de195c1c2ed56c279,Mn2 Na4 O5,179511,,[],70,70,-5.726,1.771,"Within each normalized composition in the finite PBE/FERE source domain, select the row with the lowest finite total energy per atom; break an exact displayed-energy tie by smaller stable MatDB ID. Do not use PBE or GW gap values.",pbe_metadata + source_recovery:pbe
current-nlr-pbe-gw-v1:composition:e866060dbfaa39afdcc6182c7aa2d043ed2e6c7ebf5f4e093cf35f8c86071d7b,Mn2 Nb2 O9 Zn2,193371,,[],158,5,-7.169,1.908,"Within each normalized composition in the finite PBE/FERE source domain, select the row with the lowest finite total energy per atom; break an exact displayed-energy tie by smaller stable MatDB ID. Do not use PBE or GW gap values.",pbe_metadata + source_recovery:pbe
current-nlr-pbe-gw-v1:composition:268ab60b93b3f19bdc5011f074857c2f19000fc09f061e7155f392440b74f9cd,Mn2 Ni O4,11752,11752,[],,9,-7.034,0.245,"Within each normalized composition in the finite PBE/FERE source domain, select the row with the lowest finite total energy per atom; break an exact displayed-energy tie by smaller stable MatDB ID. Do not use PBE or GW gap values.",pbe_metadata + source_recovery:pbe
current-nlr-pbe-gw-v1:composition:a8234cea832f0597473c76605166211def33770e76aba50fff07412e48a4b8ad,Mn2 O3,192788,,[],61,2,-7.675,0.044,"Within each normalized composition in the finite PBE/FERE source domain, select the row with the lowest finite total energy per atom; break an exact displayed-energy tie by smaller stable MatDB ID. Do not use PBE or GW gap values.",pbe_metadata + source_recovery:pbe
current-nlr-pbe-gw-v1:composition:edb8aef10035d9469e93cb3ea9c0cb7bffce9b8477977d173e078b73ce05d817,Mn2 O4 Si,194268,,[],62,14,-7.963,2.351,"Within each normalized composition in the finite PBE/FERE source domain, select the row with the lowest finite total energy per atom; break an exact displayed-energy tie by smaller stable MatDB ID. Do not use PBE or GW gap values.",pbe_metadata + source_recovery:pbe
current-nlr-pbe-gw-v1:composition:b131adad3ee902c0d41a0eb1e2f1e624ea84641f0a4879cb7133c17322fc25f0,Mn2 O4 Sn,9989,9989,[],,46,-7.258,0.148,"Within each normalized composition in the finite PBE/FERE source domain, select the row with the lowest finite total energy per atom; break an exact displayed-energy tie by smaller stable MatDB ID. Do not use PBE or GW gap values.",pbe_metadata + source_recovery:pbe
current-nlr-pbe-gw-v1:composition:7c645611d0894377b9ac458c4172af748a4846397bc891d8e9b21e5949cc51cf,Mn2 O4 Ti,145761,,[],95,3,-8.117,1.592,"Within each normalized composition in the finite PBE/FERE source domain, select the row with the lowest finite total energy per atom; break an exact displayed-energy tie by smaller stable MatDB ID. Do not use PBE or GW gap values.",pbe_metadata + source_recovery:pbe
current-nlr-pbe-gw-v1:composition:4c4e90b9edcff5efcce24afd5be6ccaeca1472e69472066d08e8d4b117cc2bb2,Mn2 O4 Zn,11285,11285,[],,70,-6.827,1.231,"Within each normalized composition in the finite PBE/FERE source domain, select the row with the lowest finite total energy per atom; break an exact displayed-energy tie by smaller stable MatDB ID. Do not use PBE or GW gap values.",pbe_metadata + source_recovery:pbe
current-nlr-pbe-gw-v1:composition:7787939811b5b8cb76e4213347ca866d1f85212ab0477cf765669774fc54973c,Mn2 O5 Sr2,145133,,[],55,55,-7.061,0.594,"Within each normalized composition in the finite PBE/FERE source domain, select the row with the lowest finite total energy per atom; break an exact displayed-energy tie by smaller stable MatDB ID. Do not use PBE or GW gap values.",pbe_metadata + source_recovery:pbe
current-nlr-pbe-gw-v1:composition:dfe5e9f3ea905c019700ff7f2c6721d15d4d1dba236c0f0d13c360ab5db2f338,Mn2 O5 Y,144940,,[],55,55,-7.963,1.152,"Within each normalized composition in the finite PBE/FERE source domain, select the row with the lowest finite total energy per atom; break an exact displayed-energy tie by smaller stable MatDB ID. Do not use PBE or GW gap values.",pbe_metadata + source_recovery:pbe
current-nlr-pbe-gw-v1:composition:61d6b44364f28d82d53458589efc2354fce39a8a4f6056944f582c0f2a7e3297,Mn2 O7,179575,,[],14,14,-6.022,1.645,"Within each normalized composition in the finite PBE/FERE source domain, select the row with the lowest finite total energy per atom; break an exact displayed-energy tie by smaller stable MatDB ID. Do not use PBE or GW gap values.",pbe_metadata + source_recovery:pbe
current-nlr-pbe-gw-v1:composition:a1c3608eaca29013a3169d39f6433c136d965595bdfc9c9ffc399cae000d4f59,Mn2 O7 Sc2,127287,,[],227,227,-7.915,1.165,"Within each normalized composition in the finite PBE/FERE source domain, select the row with the lowest finite total energy per atom; break an exact displayed-energy tie by smaller stable MatDB ID. Do not use PBE or GW gap values.",pbe_metadata + source_recovery:pbe
current-nlr-pbe-gw-v1:composition:583303820a2479599ed9d17f85e318429ab07b249257d8ba1ea7095d951ec943,Mn2 O7 V2,146332,,[],12,12,-7.813,0.881,"Within each normalized composition in the finite PBE/FERE source domain, select the row with the lowest finite total energy per atom; break an exact displayed-energy tie by smaller stable MatDB ID. Do not use PBE or GW gap values.",pbe_metadata + source_recovery:pbe
current-nlr-pbe-gw-v1:composition:40938b3d4e3a7d6f90467fda81220269f0db8b547eca76ede459be2b6ebf57cb,Mn2 O7 Y2,179580,,[],227,227,-8.025,1.039,"Within each normalized composition in the finite PBE/FERE source domain, select the row with the lowest finite total energy per atom; break an exact displayed-energy tie by smaller stable MatDB ID. Do not use PBE or GW gap values.",pbe_metadata + source_recovery:pbe
current-nlr-pbe-gw-v1:composition:98a364db68ec581f7df41e5d5aef5033a2d8218090f23ffb84f5ea30860bf4da,Mn2 O8 Sr V2,193219,,[],110,5,-7.643,2.18,"Within each normalized composition in the finite PBE/FERE source domain, select the row with the lowest finite total energy per atom; break an exact displayed-energy tie by smaller stable MatDB ID. Do not use PBE or GW gap values.",pbe_metadata + source_recovery:pbe
current-nlr-pbe-gw-v1:composition:7223d0b3ff62b25a6280d04bdb3135832dbe99419ccb5f74945dafdb56d5e269,Mn3 N O3,279244,279220,[279220],,99,-7.314,0.064,"Within each normalized composition in the finite PBE/FERE source domain, select the row with the lowest finite total energy per atom; break an exact displayed-energy tie by smaller stable MatDB ID. Do not use PBE or GW gap values.",pbe_metadata + source_recovery:pbe
current-nlr-pbe-gw-v1:composition:bcf6d4d11f7324af85c1c582149992c8ea43dcda5714cd7d577d68d8b19128ba,Mn3 Na2 O7,145903,,[],2,2,-6.622,1.436,"Within each normalized composition in the finite PBE/FERE source domain, select the row with the lowest finite total energy per atom; break an exact displayed-energy tie by smaller stable MatDB ID. Do not use PBE or GW gap values.",pbe_metadata + source_recovery:pbe
current-nlr-pbe-gw-v1:composition:aa20729b809f3c57299057a8d84e56677cb01619c7b213f3232601d2c253efd1,Mn3 Nb2 O9 Zn,162980,,[],158,158,-7.639,1.997,"Within each normalized composition in the finite PBE/FERE source domain, select the row with the lowest finite total energy per atom; break an exact displayed-energy tie by smaller stable MatDB ID. Do not use PBE or GW gap values.",pbe_metadata + source_recovery:pbe
current-nlr-pbe-gw-v1:composition:b9eea49ba3b0ad6c65281a2ab4732e2dd21f3281278fde9cfaa78d0409c8e1f4,Mn3 Nb6 O11,127310,,[],164,164,-8.117,0.774,"Within each normalized composition in the finite PBE/FERE source domain, select the row with the lowest finite total energy per atom; break an exact displayed-energy tie by smaller stable MatDB ID. Do not use PBE or GW gap values.",pbe_metadata + source_recovery:pbe
current-nlr-pbe-gw-v1:composition:c89318fbf50c058fb99c041c6bb35e8cee694cd3819866f3726b8e9896b2dede,Mn3 O10 Sr4,146766,,[],64,64,-6.899,1.306,"Within each normalized composition in the finite PBE/FERE source domain, select the row with the lowest finite total energy per atom; break an exact displayed-energy tie by smaller stable MatDB ID. Do not use PBE or GW gap values.",pbe_metadata + source_recovery:pbe
current-nlr-pbe-gw-v1:composition:9d1bcf2e718ec92c6fe1e84da8c4612d2b97851b7a3dbd18802f49feed4d370a,Mn3 O12 Si3 V2,127337,,[],230,1,-7.967,1.944,"Within each normalized composition in the finite PBE/FERE source domain, select the row with the lowest finite total energy per atom; break an exact displayed-energy tie by smaller stable MatDB ID. Do not use PBE or GW gap values.",pbe_metadata + source_recovery:pbe
current-nlr-pbe-gw-v1:composition:e8d70f827b0541218641cc882e122c09a707ede9dcc257f750ec40959acf38c6,Mn3 O4,11304,11304,[],,43,-7.804,1.198,"Within each normalized composition in the finite PBE/FERE source domain, select the row with the lowest finite total energy per atom; break an exact displayed-energy tie by smaller stable MatDB ID. Do not use PBE or GW gap values.",pbe_metadata + source_recovery:pbe
current-nlr-pbe-gw-v1:composition:b4c0d8fd6fcc3f1bec4ddff280d6cab1b875969cc1683dcf94c2642856212305,Mn3 O6 W,128242,,[],148,2,-8.135,2.023,"Within each normalized composition in the finite PBE/FERE source domain, select the row with the lowest finite total energy per atom; break an exact displayed-energy tie by smaller stable MatDB ID. Do not use PBE or GW gap values.",pbe_metadata + source_recovery:pbe
current-nlr-pbe-gw-v1:composition:351e1bde6604300eda9f51611b042e7ea4d74f998302f1a1d9ce3315ef593e4e,Mn3 O8 V2,177887,,[],64,41,-7.845,2.095,"Within each normalized composition in the finite PBE/FERE source domain, select the row with the lowest finite total energy per atom; break an exact displayed-energy tie by smaller stable MatDB ID. Do not use PBE or GW gap values.",pbe_metadata + source_recovery:pbe
current-nlr-pbe-gw-v1:composition:52448da596145977c02b077d6fbdb80372d37437df14a5409077d62ba2c8e681,Mn4 Nb2 O9,147238,,[],165,165,-8.11,2.359,"Within each normalized composition in the finite PBE/FERE source domain, select the row with the lowest finite total energy per atom; break an exact displayed-energy tie by smaller stable MatDB ID. Do not use PBE or GW gap values.",pbe_metadata + source_recovery:pbe
current-nlr-pbe-gw-v1:composition:2d131e3f5cdccde15004d08e34e5ab984dafdefff995617bf515ccfb777d7fc4,Mn4 O13 Sr7,178728,,[],14,14,-6.813,2.001,"Within each normalized composition in the finite PBE/FERE source domain, select the row with the lowest finite total energy per atom; break an exact displayed-energy tie by smaller stable MatDB ID. Do not use PBE or GW gap values.",pbe_metadata + source_recovery:pbe
current-nlr-pbe-gw-v1:composition:4afc55e51a1a11abe681c40cf07962c468b128346902be9d92292b20a713f2f9,Mn4 O15 Sr7,145980,,[],14,7,-6.817,1.781,"Within each normalized composition in the finite PBE/FERE source domain, select the row with the lowest finite total energy per atom; break an exact displayed-energy tie by smaller stable MatDB ID. Do not use PBE or GW gap values.",pbe_metadata + source_recovery:pbe
current-nlr-pbe-gw-v1:composition:1a19b2aff4ea3bb6278827ed37043bbf3bd3c1b8c4dc8d51683271cc99ac63fb,Mn4 O7 Si,146245,,[],173,173,-7.816,1.197,"Within each normalized composition in the finite PBE/FERE source domain, select the row with the lowest finite total energy per atom; break an exact displayed-energy tie by smaller stable MatDB ID. Do not use PBE or GW gap values.",pbe_metadata + source_recovery:pbe
current-nlr-pbe-gw-v1:composition:852215d0f6fb59dd99be976779e369405ea3626d1d048e5076a4c23e28c9cae3,Mn5 N4 O,280065,,[],,11,-6.799,0.044,"Within each normalized composition in the finite PBE/FERE source domain, select the row with the lowest finite total energy per atom; break an exact displayed-energy tie by smaller stable MatDB ID. Do not use PBE or GW gap values.",pbe_metadata + source_recovery:pbe
current-nlr-pbe-gw-v1:composition:fc7ed4e018efbb823dccd510dad665630474ae7b61a0965ca8eb45efcb3fabb9,Mn5 O12 Si3,146489,,[],230,1,-7.831,1.165,"Within each normalized composition in the finite PBE/FERE source domain, select the row with the lowest finite total energy per atom; break an exact displayed-energy tie by smaller stable MatDB ID. Do not use PBE or GW gap values.",pbe_metadata + source_recovery:pbe
current-nlr-pbe-gw-v1:composition:0426c059066bb7e1bb55abc72e9cced5db129108d682e2ee678244886f793ad9,Mn5 O16 Pb3 V2,179391,,[],164,8,-7.158,0.501,"Within each normalized composition in the finite PBE/FERE source domain, select the row with the lowest finite total energy per atom; break an exact displayed-energy tie by smaller stable MatDB ID. Do not use PBE or GW gap values.",pbe_metadata + source_recovery:pbe
current-nlr-pbe-gw-v1:composition:859005fbc9e192e3ae218469ddc89e2a8fe9ffe6b6d55bc8b544b1ea971dfd6d,Mn5 O8,178128,,[],12,12,-7.574,0.469,"Within each normalized composition in the finite PBE/FERE source domain, select the row with the lowest finite total energy per atom; break an exact displayed-energy tie by smaller stable MatDB ID. Do not use PBE or GW gap values.",pbe_metadata + source_recovery:pbe
current-nlr-pbe-gw-v1:composition:c703715b8607a91d67d31a9bea8e7d6e17196f2c83a6fb797af81ff1eb40853b,Mn5 O8 V,127953,,[],2,1,-7.862,0.749,"Within each normalized composition in the finite PBE/FERE source domain, select the row with the lowest finite total energy per atom; break an exact displayed-energy tie by smaller stable MatDB ID. Do not use PBE or GW gap values.",pbe_metadata + source_recovery:pbe
current-nlr-pbe-gw-v1:composition:d8bd107dfa696a7d25b93d6cde0203aa1b25323afac18069b2ecf9254e10670e,Mn7 O12 Si,164256,,[],142,142,-7.767,0.356,"Within each normalized composition in the finite PBE/FERE source domain, select the row with the lowest finite total energy per atom; break an exact displayed-energy tie by smaller stable MatDB ID. Do not use PBE or GW gap values.",pbe_metadata + source_recovery:pbe
current-nlr-pbe-gw-v1:composition:1a8398800d2a54f28445515eabcfa02e4da8f7ba784012c345d21398b9430780,Mn7 O15 Pb3,180275,,[],36,1,-7.028,0.5,"Within each normalized composition in the finite PBE/FERE source domain, select the row with the lowest finite total energy per atom; break an exact displayed-energy tie by smaller stable MatDB ID. Do not use PBE or GW gap values.",pbe_metadata + source_recovery:pbe
current-nlr-pbe-gw-v1:composition:34de16b3ed3e5b167ef674dc16b4a12466f6cd805a27392e7224d7da73d874e9,Mn8 O16 Rb11,147652,,[],22,5,-5.819,0.652,"Within each normalized composition in the finite PBE/FERE source domain, select the row with the lowest finite total energy per atom; break an exact displayed-energy tie by smaller stable MatDB ID. Do not use PBE or GW gap values.",pbe_metadata + source_recovery:pbe
current-nlr-pbe-gw-v1:composition:441b4b8d7381be6207e8d35f5f611391e5d99e9830cfb2a558e462ce674192e8,Mo N O,276744,276882,[276882],,14,-7.85,0.051,"Within each normalized composition in the finite PBE/FERE source domain, select the row with the lowest finite total energy per atom; break an exact displayed-energy tie by smaller stable MatDB ID. Do not use PBE or GW gap values.",pbe_metadata + source_recovery:pbe
current-nlr-pbe-gw-v1:composition:6e83366dceecee95f724cbe081141bded852c4c129afeefc8259be7b5232af63,Mo N O3,274253,274021,[274021],,2,-7.188,0.547,"Within each normalized composition in the finite PBE/FERE source domain, select the row with the lowest finite total energy per atom; break an exact displayed-energy tie by smaller stable MatDB ID. Do not use PBE or GW gap values.",pbe_metadata + source_recovery:pbe
current-nlr-pbe-gw-v1:composition:fa63f7db878c809e4ede967d1f35096841b648d21d9610fc25767e18a3a0c921,Mo Na O2,147691,,[],166,12,-6.344,1.667,"Within each normalized composition in the finite PBE/FERE source domain, select the row with the lowest finite total energy per atom; break an exact displayed-energy tie by smaller stable MatDB ID. Do not use PBE or GW gap values.",pbe_metadata + source_recovery:pbe
current-nlr-pbe-gw-v1:composition:ad1d825261be61dbddde690ffd9ebdaa568a0f165cea2113cb38d433acc1cc0b,Mo Na4 O5,180283,,[],2,2,-5.612,2.822,"Within each normalized composition in the finite PBE/FERE source domain, select the row with the lowest finite total energy per atom; break an exact displayed-energy tie by smaller stable MatDB ID. Do not use PBE or GW gap values.",pbe_metadata + source_recovery:pbe
current-nlr-pbe-gw-v1:composition:a75f3cdde016c8af077ee5d92a0f00996c592fd668cf8c827874488e11f7d369,Mo Ni O4,147086,,[],12,12,-6.816,2.285,"Within each normalized composition in the finite PBE/FERE source domain, select the row with the lowest finite total energy per atom; break an exact displayed-energy tie by smaller stable MatDB ID. Do not use PBE or GW gap values.",pbe_metadata + source_recovery:pbe
current-nlr-pbe-gw-v1:composition:dbaa0edde68fa0fb6199d565c2dcd1474d969b4705bc69bd96cd1166d573222d,Mo Ni O6 Sr2,193939,,[],87,87,-6.715,1.694,"Within each normalized composition in the finite PBE/FERE source domain, select the row with the lowest finite total energy per atom; break an exact displayed-energy tie by smaller stable MatDB ID. Do not use PBE or GW gap values.",pbe_metadata + source_recovery:pbe
current-nlr-pbe-gw-v1:composition:042547014d4e791c5851066b4aa2a3451aafcf293476352900ce43faeff870fa,Mo O2,148040,,[],14,14,-7.766,0.322,"Within each normalized composition in the finite PBE/FERE source domain, select the row with the lowest finite total energy per atom; break an exact displayed-energy tie by smaller stable MatDB ID. Do not use PBE or GW gap values.",pbe_metadata + source_recovery:pbe
current-nlr-pbe-gw-v1:composition:57c1bca2781c8c5c396eed1a251aacdb5bc5178e7cae3a5d75a53d223a542f52,Mo O3,165241,,[],14,14,-7.441,1.374,"Within each normalized composition in the finite PBE/FERE source domain, select the row with the lowest finite total energy per atom; break an exact displayed-energy tie by smaller stable MatDB ID. Do not use PBE or GW gap values.",pbe_metadata + source_recovery:pbe
current-nlr-pbe-gw-v1:composition:7af09777151576177a80106602170dda9fd2676a33705403086e3d51f45c353a,Mo O3 Sr,193288,,[],74,2,-7.253,0.037,"Within each normalized composition in the finite PBE/FERE source domain, select the row with the lowest finite total energy per atom; break an exact displayed-energy tie by smaller stable MatDB ID. Do not use PBE or GW gap values.",pbe_metadata + source_recovery:pbe
current-nlr-pbe-gw-v1:composition:9784c7f36881383bf38a8a362e471b186213443187c6c8c0fb41c361bad7884b,Mo O4 Pb,147164,,[],88,88,-6.942,2.793,"Within each normalized composition in the finite PBE/FERE source domain, select the row with the lowest finite total energy per atom; break an exact displayed-energy tie by smaller stable MatDB ID. Do not use PBE or GW gap values.",pbe_metadata + source_recovery:pbe
current-nlr-pbe-gw-v1:composition:ecd30f166ebdec3021242bdd712c4dcbdd23fa655c72013395745049e29db5a7,Mo O4 Sr,179069,,[],88,88,-7.341,3.668,"Within each normalized composition in the finite PBE/FERE source domain, select the row with the lowest finite total energy per atom; break an exact displayed-energy tie by smaller stable MatDB ID. Do not use PBE or GW gap values.",pbe_metadata + source_recovery:pbe
current-nlr-pbe-gw-v1:composition:f5486713b9d42175367e91e0a9f8471c3e58fc35c656005a74820710d9d38b38,Mo O4 Sr2,180409,,[],139,71,-6.918,0.334,"Within each normalized composition in the finite PBE/FERE source domain, select the row with the lowest finite total energy per atom; break an exact displayed-energy tie by smaller stable MatDB ID. Do not use PBE or GW gap values.",pbe_metadata + source_recovery:pbe
current-nlr-pbe-gw-v1:composition:fcdc6d46f7dcecf3acfbaa43b1a0b92b0b717afaa960d30f2188d5dd6cf1031e,Mo O4 Zn,180864,,[],2,2,-6.526,3.457,"Within each normalized composition in the finite PBE/FERE source domain, select the row with the lowest finite total energy per atom; break an exact displayed-energy tie by smaller stable MatDB ID. Do not use PBE or GW gap values.",pbe_metadata + source_recovery:pbe
current-nlr-pbe-gw-v1:composition:5e481afa120d773ad7f898793635c84806bddd486e9bd833984451419d84c51b,Mo O5 Pb2,148060,,[],12,12,-6.59,2.858,"Within each normalized composition in the finite PBE/FERE source domain, select the row with the lowest finite total energy per atom; break an exact displayed-energy tie by smaller stable MatDB ID. Do not use PBE or GW gap values.",pbe_metadata + source_recovery:pbe
current-nlr-pbe-gw-v1:composition:3c709aced8e0d17a3d87eb77768bb8a8f7006f91b6384fe4da511944fc97c482,Mo O5 V,165418,,[],85,85,-7.606,2.107,"Within each normalized composition in the finite PBE/FERE source domain, select the row with the lowest finite total energy per atom; break an exact displayed-energy tie by smaller stable MatDB ID. Do not use PBE or GW gap values.",pbe_metadata + source_recovery:pbe
current-nlr-pbe-gw-v1:composition:03fd06ff5ce4142f3dbe11796497ca04d2eb9baa41f891569e5f68fd85a017ae,Mo O6 Sr2 Zn,127965,,[],87,87,-6.517,2.312,"Within each normalized composition in the finite PBE/FERE source domain, select the row with the lowest finite total energy per atom; break an exact displayed-energy tie by smaller stable MatDB ID. Do not use PBE or GW gap values.",pbe_metadata + source_recovery:pbe
current-nlr-pbe-gw-v1:composition:be0d356aa46035037c9cdf143533bda83879a796c80f33cc846a2dbc1d3d8fd1,Mo O6 Y2,148093,,[],15,15,-8.273,1.925,"Within each normalized composition in the finite PBE/FERE source domain, select the row with the lowest finite total energy per atom; break an exact displayed-energy tie by smaller stable MatDB ID. Do not use PBE or GW gap values.",pbe_metadata + source_recovery:pbe
current-nlr-pbe-gw-v1:composition:8463cc7809f40ec62339f41958c07b3effa05c560dec118dd7365ed8816ead14,Mo O8 V2,180290,,[],12,8,-7.471,1.21,"Within each normalized composition in the finite PBE/FERE source domain, select the row with the lowest finite total energy per atom; break an exact displayed-energy tie by smaller stable MatDB ID. Do not use PBE or GW gap values.",pbe_metadata + source_recovery:pbe
current-nlr-pbe-gw-v1:composition:547574552db7bd7b0ebde35645149e22684e9a522a91e6cb366d582f98f5c40c,Mo10 Na6 O33,146986,,[],2,2,-6.949,2.869,"Within each normalized composition in the finite PBE/FERE source domain, select the row with the lowest finite total energy per atom; break an exact displayed-energy tie by smaller stable MatDB ID. Do not use PBE or GW gap values.",pbe_metadata + source_recovery:pbe
current-nlr-pbe-gw-v1:composition:b69badb0f083606dc394a749cee8ec6c927ddfe89759caad7b6178b3ccf37986,Mo11 Na6 O36,148452,,[],2,15,-6.997,2.543,"Within each normalized composition in the finite PBE/FERE source domain, select the row with the lowest finite total energy per atom; break an exact displayed-energy tie by smaller stable MatDB ID. Do not use PBE or GW gap values.",pbe_metadata + source_recovery:pbe
current-nlr-pbe-gw-v1:composition:fee90fa2bb40a1ec42fbff182efa312729eb79061fae294bb095ff3bfa278025,Mo2 N O4,279267,279254,[279254],,12,-7.617,0.913,"Within each normalized composition in the finite PBE/FERE source domain, select the row with the lowest finite total energy per atom; break an exact displayed-energy tie by smaller stable MatDB ID. Do not use PBE or GW gap values.",pbe_metadata + source_recovery:pbe
current-nlr-pbe-gw-v1:composition:5298287b6fd2da689b222f83454b75df110b413b69d558be1a21cf3453509655,Mo2 Na2 O7,180289,,[],64,64,-6.746,3.196,"Within each normalized composition in the finite PBE/FERE source domain, select the row with the lowest finite total energy per atom; break an exact displayed-energy tie by smaller stable MatDB ID. Do not use PBE or GW gap values.",pbe_metadata + source_recovery:pbe
current-nlr-pbe-gw-v1:composition:3b5dd6ded8604d38c4dfe9bf996d9994528aef3aedbfd654b5db0c9eef0bef95,Mo2 O12 Y5,180414,,[],12,5,-8.439,1.016,"Within each normalized composition in the finite PBE/FERE source domain, select the row with the lowest finite total energy per atom; break an exact displayed-energy tie by smaller stable MatDB ID. Do not use PBE or GW gap values.",pbe_metadata + source_recovery:pbe
current-nlr-pbe-gw-v1:composition:0dc1506ad0201cc5f8c08a7c09a69e6ce67baac67de24c3d1a7c1db9227dda4d,Mo2 O7 Rb2,128046,,[],40,40,-6.711,3.239,"Within each normalized composition in the finite PBE/FERE source domain, select the row with the lowest finite total energy per atom; break an exact displayed-energy tie by smaller stable MatDB ID. Do not use PBE or GW gap values.",pbe_metadata + source_recovery:pbe
current-nlr-pbe-gw-v1:composition:75863d49bd99f2f85b32d1ec9dbf440ef7ce8fab62474d3bc28fd525c7ad82da,Mo2 O7 Y2,128049,,[],227,88,-8.262,0.711,"Within each normalized composition in the finite PBE/FERE source domain, select the row with the lowest finite total energy per atom; break an exact displayed-energy tie by smaller stable MatDB ID. Do not use PBE or GW gap values.",pbe_metadata + source_recovery:pbe
current-nlr-pbe-gw-v1:composition:649043c207e40cbef42809f1261986e2b7ffe4979fe2d6aaeac70abc02c4ce35,Mo2 O8 Zr,164367,,[],163,163,-7.889,3.176,"Within each normalized composition in the finite PBE/FERE source domain, select the row with the lowest finite total energy per atom; break an exact displayed-energy tie by smaller stable MatDB ID. Do not use PBE or GW gap values.",pbe_metadata + source_recovery:pbe
current-nlr-pbe-gw-v1:composition:8a31dfff742af9b8daea8ce06ec102554e07e4807a434e45406a4ab8146678ed,Mo2 O9 Zn3,164962,,[],11,11,-6.248,3.027,"Within each normalized composition in the finite PBE/FERE source domain, select the row with the lowest finite total energy per atom; break an exact displayed-energy tie by smaller stable MatDB ID. Do not use PBE or GW gap values.",pbe_metadata + source_recovery:pbe
current-nlr-pbe-gw-v1:composition:a82cdb3f96b7d56975dfa218ef69ab78c45166670b314a7a564387398d8c4399,Mo3 Na O10 Rb,147177,,[],62,62,-6.917,2.881,"Within each normalized composition in the finite PBE/FERE source domain, select the row with the lowest finite total energy per atom; break an exact displayed-energy tie by smaller stable MatDB ID. Do not use PBE or GW gap values.",pbe_metadata + source_recovery:pbe
current-nlr-pbe-gw-v1:composition:f8b086ae96dc9e13b2b026142c2f81bdfa7d03c50bdb1b25be7e7ebb49c42cc6,Mo3 Na2 O12 Zr,165298,,[],15,15,-7.255,2.723,"Within each normalized composition in the finite PBE/FERE source domain, select the row with the lowest finite total energy per atom; break an exact displayed-energy tie by smaller stable MatDB ID. Do not use PBE or GW gap values.",pbe_metadata + source_recovery:pbe
current-nlr-pbe-gw-v1:composition:4197a8a7feef804e17940e8eca4d82d741d1e430c4953c00e0751753be36407b,Mo3 Ni2 O12 Rb2,147287,,[],14,2,-6.626,2.487,"Within each normalized composition in the finite PBE/FERE source domain, select the row with the lowest finite total energy per atom; break an exact displayed-energy tie by smaller stable MatDB ID. Do not use PBE or GW gap values.",pbe_metadata + source_recovery:pbe
current-nlr-pbe-gw-v1:composition:786798119e838f43e85bed3223023d1a284e734ac47f18272ddbbd3be821be81,Mo3 O10 Rb2,194644,,[],15,15,-6.929,3.286,"Within each normalized composition in the finite PBE/FERE source domain, select the row with the lowest finite total energy per atom; break an exact displayed-energy tie by smaller stable MatDB ID. Do not use PBE or GW gap values.",pbe_metadata + source_recovery:pbe
current-nlr-pbe-gw-v1:composition:ea94f43e0e36709762acfa61e7e13109483b6cec10710da1885edc7d8d11c263,Mo3 O12 Sc2,194602,,[],60,60,-7.889,3.623,"Within each normalized composition in the finite PBE/FERE source domain, select the row with the lowest finite total energy per atom; break an exact displayed-energy tie by smaller stable MatDB ID. Do not use PBE or GW gap values.",pbe_metadata + source_recovery:pbe
current-nlr-pbe-gw-v1:composition:d4587d5ece0bf077d5e1f0abadd4385dc3f02c6f4fbd594aa39f25b8c936905b,Mo3 O12 Y2,165323,,[],60,60,-7.987,3.942,"Within each normalized composition in the finite PBE/FERE source domain, select the row with the lowest finite total energy per atom; break an exact displayed-energy tie by smaller stable MatDB ID. Do not use PBE or GW gap values.",pbe_metadata + source_recovery:pbe
current-nlr-pbe-gw-v1:composition:5f8c0169c3e6fe226fec903e609ff09462193ba3ca0f126f42da9557cae0536a,Mo3 O8 Sc Zn,147438,,[],186,9,-7.408,1.141,"Within each normalized composition in the finite PBE/FERE source domain, select the row with the lowest finite total energy per atom; break an exact displayed-energy tie by smaller stable MatDB ID. Do not use PBE or GW gap values.",pbe_metadata + source_recovery:pbe
current-nlr-pbe-gw-v1:composition:8b0c36b9562c1c802496a72b5381119f2558c82380117c41d5f0daf61efb7cad,Mo3 O8 Zn2,128461,,[],186,186,-6.738,2.093,"Within each normalized composition in the finite PBE/FERE source domain, select the row with the lowest finite total energy per atom; break an exact displayed-energy tie by smaller stable MatDB ID. Do not use PBE or GW gap values.",pbe_metadata + source_recovery:pbe
current-nlr-pbe-gw-v1:composition:e24f2c8296f14cf85d443be0a91c416c44ac306ace52f22ce02792be3f15e1eb,Mo4 Na O6,179462,,[],127,127,-7.197,0.078,"Within each normalized composition in the finite PBE/FERE source domain, select the row with the lowest finite total energy per atom; break an exact displayed-energy tie by smaller stable MatDB ID. Do not use PBE or GW gap values.",pbe_metadata + source_recovery:pbe
current-nlr-pbe-gw-v1:composition:5752c9e5710fa87f88b6bd2f26942a7991fa86f805f91035875c8a7907d9ac7a,Mo4 Na4 O16 Zr,180336,,[],88,88,-7.016,3.595,"Within each normalized composition in the finite PBE/FERE source domain, select the row with the lowest finite total energy per atom; break an exact displayed-energy tie by smaller stable MatDB ID. Do not use PBE or GW gap values.",pbe_metadata + source_recovery:pbe
current-nlr-pbe-gw-v1:composition:2f23ac8ccd597851fe1a77b56a4c3cebcbf229a37c08f98851a62cacf6a2e074,Mo4 Na5 O16 Y,128929,,[],88,88,-6.858,3.847,"Within each normalized composition in the finite PBE/FERE source domain, select the row with the lowest finite total energy per atom; break an exact displayed-energy tie by smaller stable MatDB ID. Do not use PBE or GW gap values.",pbe_metadata + source_recovery:pbe
current-nlr-pbe-gw-v1:composition:29bfa280975831392e1869825f335a5e61a38f458a0e811b5a58c745c46b0d4c,Mo4 O11,180345,,[],14,14,-7.538,0.046,"Within each normalized composition in the finite PBE/FERE source domain, select the row with the lowest finite total energy per atom; break an exact displayed-energy tie by smaller stable MatDB ID. Do not use PBE or GW gap values.",pbe_metadata + source_recovery:pbe
current-nlr-pbe-gw-v1:composition:789cded3f6205d36e609ce4a0acf6cf9eecac6567c3dc7b0bc89a6ba4d781f95,Mo4 O11 Y4,128531,,[],55,55,-8.268,0.388,"Within each normalized composition in the finite PBE/FERE source domain, select the row with the lowest finite total energy per atom; break an exact displayed-energy tie by smaller stable MatDB ID. Do not use PBE or GW gap values.",pbe_metadata + source_recovery:pbe
current-nlr-pbe-gw-v1:composition:0c8cc6224e71a7242e5f02ebf55a4ba1692e2a700d80d3e32414377d34e94818,Mo4 O6 Sn,181477,,[],127,127,-7.301,0.042,"Within each normalized composition in the finite PBE/FERE source domain, select the row with the lowest finite total energy per atom; break an exact displayed-energy tie by smaller stable MatDB ID. Do not use PBE or GW gap values.",pbe_metadata + source_recovery:pbe
current-nlr-pbe-gw-v1:composition:76a590880842eeefb1201dfaf35e081a05ead8993219ec86421900cf50840594,Mo5 O14,166220,,[],14,14,-7.521,0.035,"Within each normalized composition in the finite PBE/FERE source domain, select the row with the lowest finite total energy per atom; break an exact displayed-energy tie by smaller stable MatDB ID. Do not use PBE or GW gap values.",pbe_metadata + source_recovery:pbe
current-nlr-pbe-gw-v1:composition:c15d453740d823e84fb9d0b237257de7d555fe99db186e4e9d07cb11ee097698,Mo5 O8 Sn,165484,,[],14,14,-7.391,0.5,"Within each normalized composition in the finite PBE/FERE source domain, select the row with the lowest finite total energy per atom; break an exact displayed-energy tie by smaller stable MatDB ID. Do not use PBE or GW gap values.",pbe_metadata + source_recovery:pbe
current-nlr-pbe-gw-v1:composition:b52408628c1da07a1f6f164afc0aa09ee15be7ade6128f098f3a56a8d5288be7,Mo5 O8 Sr,147563,,[],14,14,-7.542,0.529,"Within each normalized composition in the finite PBE/FERE source domain, select the row with the lowest finite total energy per atom; break an exact displayed-energy tie by smaller stable MatDB ID. Do not use PBE or GW gap values.",pbe_metadata + source_recovery:pbe
current-nlr-pbe-gw-v1:composition:86ed414d1e88c23528aa68e512cd5245319636be926befe921991910e499d6dc,Mo6 O24 Rb8 Zr,148302,,[],12,12,-6.728,3.852,"Within each normalized composition in the finite PBE/FERE source domain, select the row with the lowest finite total energy per atom; break an exact displayed-energy tie by smaller stable MatDB ID. Do not use PBE or GW gap values.",pbe_metadata + source_recovery:pbe
current-nlr-pbe-gw-v1:composition:02d13fa7865e9968c1fe1bec01f93c176a343ba05029c4cf68af87acce8bf240,Mo8 O10 Zn,195370,,[],109,43,-7.296,0.669,"Within each normalized composition in the finite PBE/FERE source domain, select the row with the lowest finite total energy per atom; break an exact displayed-energy tie by smaller stable MatDB ID. Do not use PBE or GW gap values.",pbe_metadata + source_recovery:pbe
current-nlr-pbe-gw-v1:composition:ac862eeb7e2e33a99fe87ad24f421655310f26d5a62fe45bca7a29d992eb20d6,Mo8 O23,193206,,[],13,3,-7.489,0.157,"Within each normalized composition in the finite PBE/FERE source domain, select the row with the lowest finite total energy per atom; break an exact displayed-energy tie by smaller stable MatDB ID. Do not use PBE or GW gap values.",pbe_metadata + source_recovery:pbe
current-nlr-pbe-gw-v1:composition:515168a57af33c9d0f2e7ceab5ebbb0ddf4e8b1af0d6c9906af38a1f2eb816ab,Mo9 O26,129551,,[],15,15,-7.485,0.401,"Within each normalized composition in the finite PBE/FERE source domain, select the row with the lowest finite total energy per atom; break an exact displayed-energy tie by smaller stable MatDB ID. Do not use PBE or GW gap values.",pbe_metadata + source_recovery:pbe
current-nlr-pbe-gw-v1:composition:a6d5e123f6353ffc35561056f500e2f3b00dc7fc32d4f110765fcc70fc9e58ec,N Nb O,281231,,[],,12,-8.452,1.965,"Within each normalized composition in the finite PBE/FERE source domain, select the row with the lowest finite total energy per atom; break an exact displayed-energy tie by smaller stable MatDB ID. Do not use PBE or GW gap values.",pbe_metadata + source_recovery:pbe
current-nlr-pbe-gw-v1:composition:b1283ecf2e3149116be80787026ca6ef51864cde621221c11b749b64f226f69c,N Nb3 O6,272198,272300,[272300],,14,-8.067,1.457,"Within each normalized composition in the finite PBE/FERE source domain, select the row with the lowest finite total energy per atom; break an exact displayed-energy tie by smaller stable MatDB ID. Do not use PBE or GW gap values.",pbe_metadata + source_recovery:pbe
current-nlr-pbe-gw-v1:composition:2c99f5b979c9371d4c0d533a3050c47a5d8de5fa54f0de225d207416e5f9cced,N O Os,280657,280490,[280490],,2,-7.102,0.322,"Within each normalized composition in the finite PBE/FERE source domain, select the row with the lowest finite total energy per atom; break an exact displayed-energy tie by smaller stable MatDB ID. Do not use PBE or GW gap values.",pbe_metadata + source_recovery:pbe
current-nlr-pbe-gw-v1:composition:614dcdbbe0d60f7bd976fae751ddc21b89cb380cc6a1d4796afe01166f5e7f6c,N O Ru,269149,269241,[269241],,2,-6.381,0.054,"Within each normalized composition in the finite PBE/FERE source domain, select the row with the lowest finite total energy per atom; break an exact displayed-energy tie by smaller stable MatDB ID. Do not use PBE or GW gap values.",pbe_metadata + source_recovery:pbe
current-nlr-pbe-gw-v1:composition:be8560975bb17218396a992cfdda62f593f57b962220c354477209b462e1e961,N O Ta,270079,270122,[270122],,187,-7.491,0.092,"Within each normalized composition in the finite PBE/FERE source domain, select the row with the lowest finite total energy per atom; break an exact displayed-energy tie by smaller stable MatDB ID. Do not use PBE or GW gap values.",pbe_metadata + source_recovery:pbe
current-nlr-pbe-gw-v1:composition:81d56c646d5c4a644ec094909c1a774c8189ca1385f349ae073253e17e8c5087,N O V,273192,273192,[],,12,-7.765,0.879,"Within each normalized composition in the finite PBE/FERE source domain, select the row with the lowest finite total energy per atom; break an exact displayed-energy tie by smaller stable MatDB ID. Do not use PBE or GW gap values.",pbe_metadata + source_recovery:pbe
current-nlr-pbe-gw-v1:composition:131bbf731ac18c992468fcb15505b6b40714b1e881e0981883d9ae8dda1fccdf,N O Zr,274026,,[],,129,-8.459,0.061,"Within each normalized composition in the finite PBE/FERE source domain, select the row with the lowest finite total energy per atom; break an exact displayed-energy tie by smaller stable MatDB ID. Do not use PBE or GW gap values.",pbe_metadata + source_recovery:pbe
current-nlr-pbe-gw-v1:composition:4850c0ac16c6458ad187be884096c3d41e10201905357a405ff8959dec16f7fb,N O3 W,277120,276977,[276977],,2,-8.116,3.403,"Within each normalized composition in the finite PBE/FERE source domain, select the row with the lowest finite total energy per atom; break an exact displayed-energy tie by smaller stable MatDB ID. Do not use PBE or GW gap values.",pbe_metadata + source_recovery:pbe
current-nlr-pbe-gw-v1:composition:441ef681650a9852c8174e45dfd11c9ca88aa6b566b27d06b53cddfa92f7c7d7,N O35 Zn36,9359,9402,[9626],,156,-4.443,0.88,"Within each normalized composition in the finite PBE/FERE source domain, select the row with the lowest finite total energy per atom; break an exact displayed-energy tie by smaller stable MatDB ID. Do not use PBE or GW gap values.",pbe_metadata + source_recovery:pbe
current-nlr-pbe-gw-v1:composition:4291e6c20df06d85ca6daaec892db3668613aac06d4df1051abdb9606facaa87,N O6 Sb3,271698,,[],,14,-5.821,0.127,"Within each normalized composition in the finite PBE/FERE source domain, select the row with the lowest finite total energy per atom; break an exact displayed-energy tie by smaller stable MatDB ID. Do not use PBE or GW gap values.",pbe_metadata + source_recovery:pbe
current-nlr-pbe-gw-v1:composition:76fece2dc6697e72be5cded6a7010dafc213df2f0018bd8c337aefad96c371b8,N2 O Pb2,272853,,[],,36,-5.207,0.296,"Within each normalized composition in the finite PBE/FERE source domain, select the row with the lowest finite total energy per atom; break an exact displayed-energy tie by smaller stable MatDB ID. Do not use PBE or GW gap values.",pbe_metadata + source_recovery:pbe
current-nlr-pbe-gw-v1:composition:bf80d78591eebc01d1e5eac511a2b8f8ec8994d2c343a16a6b5f9d9ff27863dd,N2 O Pt2,273335,273260,[273260],,36,-4.888,0.053,"Within each normalized composition in the finite PBE/FERE source domain, select the row with the lowest finite total energy per atom; break an exact displayed-energy tie by smaller stable MatDB ID. Do not use PBE or GW gap values.",pbe_metadata + source_recovery:pbe
current-nlr-pbe-gw-v1:composition:dfbede337ccf8d5bed2fe831a2012a282b4e888e97bcc05d8020494acfeb8d79,N2 O S2,273139,,[],,36,-5.526,0.936,"Within each normalized composition in the finite PBE/FERE source domain, select the row with the lowest finite total energy per atom; break an exact displayed-energy tie by smaller stable MatDB ID. Do not use PBE or GW gap values.",pbe_metadata + source_recovery:pbe
current-nlr-pbe-gw-v1:composition:a57ed23e5a490f3c00b9bf4257f2f74e1d3821b2cce579afd4eae7ef3df1c203,N2 O Se2,273339,,[],,36,-5.167,2.295,"Within each normalized composition in the finite PBE/FERE source domain, select the row with the lowest finite total energy per atom; break an exact displayed-energy tie by smaller stable MatDB ID. Do not use PBE or GW gap values.",pbe_metadata + source_recovery:pbe
current-nlr-pbe-gw-v1:composition:17bc8dfba7b20cfe0422c4697abd6497c7b9c6719e4ef9ec10b8483ce9ce6aab,N2 O Si2,279942,,[],,36,-8.132,4.921,"Within each normalized composition in the finite PBE/FERE source domain, select the row with the lowest finite total energy per atom; break an exact displayed-energy tie by smaller stable MatDB ID. Do not use PBE or GW gap values.",pbe_metadata + source_recovery:pbe
current-nlr-pbe-gw-v1:composition:e0daca02c51548b7c37a775852f0fac229e8d632654938ef0cab45d948ddd536,N2 O Sn2,280682,,[],,36,-6.103,0.906,"Within each normalized composition in the finite PBE/FERE source domain, select the row with the lowest finite total energy per atom; break an exact displayed-energy tie by smaller stable MatDB ID. Do not use PBE or GW gap values.",pbe_metadata + source_recovery:pbe
current-nlr-pbe-gw-v1:composition:3bb4250c43934afe1df381e36b4b948c1ec638950de49f0a1174ac446e453678,N2 O Te2,273157,,[],,36,-5.17,1.504,"Within each normalized composition in the finite PBE/FERE source domain, select the row with the lowest finite total energy per atom; break an exact displayed-energy tie by smaller stable MatDB ID. Do not use PBE or GW gap values.",pbe_metadata + source_recovery:pbe
current-nlr-pbe-gw-v1:composition:352ced27af2d25409371819b12491a9445fe8a3e0cdf161ed3bfb622927bd2f0,N2 O Ti2,281000,,[],,36,-8.334,2.158,"Within each normalized composition in the finite PBE/FERE source domain, select the row with the lowest finite total energy per atom; break an exact displayed-energy tie by smaller stable MatDB ID. Do not use PBE or GW gap values.",pbe_metadata + source_recovery:pbe
current-nlr-pbe-gw-v1:composition:9b4c40a21684bf4143329141e620683e921837405c72c8150ebc4c3cf82fbd08,N2 O V2,273445,273320,[273320],,9,-8.017,0.185,"Within each normalized composition in the finite PBE/FERE source domain, select the row with the lowest finite total energy per atom; break an exact displayed-energy tie by smaller stable MatDB ID. Do not use PBE or GW gap values.",pbe_metadata + source_recovery:pbe
current-nlr-pbe-gw-v1:composition:4ceb32f1bbe920cc6bad6b1d3fe62aa0968c7b4edd8c426a0e1ea89ebd3c8e51,N2 O Zr2,280940,,[],,36,-8.834,3.084,"Within each normalized composition in the finite PBE/FERE source domain, select the row with the lowest finite total energy per atom; break an exact displayed-energy tie by smaller stable MatDB ID. Do not use PBE or GW gap values.",pbe_metadata + source_recovery:pbe
current-nlr-pbe-gw-v1:composition:f7236f507b607fde693bc8b17d0a733bab1521a42934419b58224675ee990694,N2 O7 Ta4,278055,278055,[],,12,-8.989,2.038,"Within each normalized composition in the finite PBE/FERE source domain, select the row with the lowest finite total energy per atom; break an exact displayed-energy tie by smaller stable MatDB ID. Do not use PBE or GW gap values.",pbe_metadata + source_recovery:pbe
current-nlr-pbe-gw-v1:composition:2b039fd3d7d42c02bb13c985770905ea3dd62f3e348c336562e38c4e844ddcf7,N31 O Zn48,9419,9726,[9522],,3,-3.838,0.343,"Within each normalized composition in the finite PBE/FERE source domain, select the row with the lowest finite total energy per atom; break an exact displayed-energy tie by smaller stable MatDB ID. Do not use PBE or GW gap values.",pbe_metadata + source_recovery:pbe
current-nlr-pbe-gw-v1:composition:39bbdce53bb2c74d3f9d537708d24622999e9bd8f79b5fdfed57450f76cfea64,N4 O8 Os7,273651,273877,[273877],,1,-6.97,0.147,"Within each normalized composition in the finite PBE/FERE source domain, select the row with the lowest finite total energy per atom; break an exact displayed-energy tie by smaller stable MatDB ID. Do not use PBE or GW gap values.",pbe_metadata + source_recovery:pbe
current-nlr-pbe-gw-v1:composition:f9b6ff4ae090640958a754a70cb74bc4385dddbaf0e9ba1de83070af446951aa,N4 O8 Pb7,273949,,[],,1,-5.35,0.049,"Within each normalized composition in the finite PBE/FERE source domain, select the row with the lowest finite total energy per atom; break an exact displayed-energy tie by smaller stable MatDB ID. Do not use PBE or GW gap values.",pbe_metadata + source_recovery:pbe
current-nlr-pbe-gw-v1:composition:3e9e4c8df2553a6e494c7ee993c2ddde6ccadd3c7811b0e7b0811dd989832398,N4 O8 Pt7,273868,273980,[273980],,1,-5.024,0.479,"Within each normalized composition in the finite PBE/FERE source domain, select the row with the lowest finite total energy per atom; break an exact displayed-energy tie by smaller stable MatDB ID. Do not use PBE or GW gap values.",pbe_metadata + source_recovery:pbe
current-nlr-pbe-gw-v1:composition:f9ca67f532318ee091b88e7ee474b90452019137dd6ff285522f4e17c0327c2e,N4 O8 Ru7,273985,273962,[273962],,1,-6.367,0.074,"Within each normalized composition in the finite PBE/FERE source domain, select the row with the lowest finite total energy per atom; break an exact displayed-energy tie by smaller stable MatDB ID. Do not use PBE or GW gap values.",pbe_metadata + source_recovery:pbe
current-nlr-pbe-gw-v1:composition:0fb100c04b68daed9c3c68861eeb88da6162942047cda3e94541d04372e74ad9,N4 O8 Se7,274042,,[],,1,-5.138,2.247,"Within each normalized composition in the finite PBE/FERE source domain, select the row with the lowest finite total energy per atom; break an exact displayed-energy tie by smaller stable MatDB ID. Do not use PBE or GW gap values.",pbe_metadata + source_recovery:pbe
current-nlr-pbe-gw-v1:composition:5b85592e6f6dc305a7629d8dd2803d5d65a4742a16d6ac26f097161b9aac2a66,N4 O8 Si7,273942,,[],,1,-7.808,3.763,"Within each normalized composition in the finite PBE/FERE source domain, select the row with the lowest finite total energy per atom; break an exact displayed-energy tie by smaller stable MatDB ID. Do not use PBE or GW gap values.",pbe_metadata + source_recovery:pbe
current-nlr-pbe-gw-v1:composition:901baa4f1c9402d9c28044d5e6e4b89500a502bc78e4b955c033f45465da72e3,N4 O8 Sn7,277066,,[],,1,-6.168,0.076,"Within each normalized composition in the finite PBE/FERE source domain, select the row with the lowest finite total energy per atom; break an exact displayed-energy tie by smaller stable MatDB ID. Do not use PBE or GW gap values.",pbe_metadata + source_recovery:pbe
current-nlr-pbe-gw-v1:composition:8e2d657425830db9cf71baf414ea8cba55185717042ee9dc7d7b1b160b7e8cce,N4 O8 Te7,273687,,[],,1,-5.284,1.998,"Within each normalized composition in the finite PBE/FERE source domain, select the row with the lowest finite total energy per atom; break an exact displayed-energy tie by smaller stable MatDB ID. Do not use PBE or GW gap values.",pbe_metadata + source_recovery:pbe
current-nlr-pbe-gw-v1:composition:a9071d626d1e6ae68a2a012852277745823355e6ea6e0c6b338642c59b70e135,N4 O8 Ti7,275486,275486,[],,1,-8.28,2.031,"Within each normalized composition in the finite PBE/FERE source domain, select the row with the lowest finite total energy per atom; break an exact displayed-energy tie by smaller stable MatDB ID. Do not use PBE or GW gap values.",pbe_metadata + source_recovery:pbe
current-nlr-pbe-gw-v1:composition:8d747dbb1dc1f72da11dbc94f60b3bba922a63865675a52e48f8875fb754ce7e,N4 O8 V7,273663,273792,[273792],,1,-7.892,0.674,"Within each normalized composition in the finite PBE/FERE source domain, select the row with the lowest finite total energy per atom; break an exact displayed-energy tie by smaller stable MatDB ID. Do not use PBE or GW gap values.",pbe_metadata + source_recovery:pbe
current-nlr-pbe-gw-v1:composition:02e6e87cb8e34a4affc90d3b40b0e181b9846a678156434dbe651d10b2f730cd,N5 O S4,272824,,[],,14,-5.789,1.781,"Within each normalized composition in the finite PBE/FERE source domain, select the row with the lowest finite total energy per atom; break an exact displayed-energy tie by smaller stable MatDB ID. Do not use PBE or GW gap values.",pbe_metadata + source_recovery:pbe
current-nlr-pbe-gw-v1:composition:cb3df5eaf16161f7ad6253bb2cadbbe6f7eb0e70ed0f13083b944a214932f842,Na Nb O2,164567,,[],194,194,-6.79,1.461,"Within each normalized composition in the finite PBE/FERE source domain, select the row with the lowest finite total energy per atom; break an exact displayed-energy tie by smaller stable MatDB ID. Do not use PBE or GW gap values.",pbe_metadata + source_recovery:pbe
current-nlr-pbe-gw-v1:composition:b3ed5fd0e23c286e740f7b51a9b26f4d61056748170abe85954ec1b0f4486262,Na Nb O6 Sr3,147428,,[],167,167,-6.655,3.521,"Within each normalized composition in the finite PBE/FERE source domain, select the row with the lowest finite total energy per atom; break an exact displayed-energy tie by smaller stable MatDB ID. Do not use PBE or GW gap values.",pbe_metadata + source_recovery:pbe
current-nlr-pbe-gw-v1:composition:c90463fce68e83f248f8f538465d18aa528b73d4332d477a9af9444bc5a69b52,Na Nb10 O18,195617,,[],14,2,-8.001,0.581,"Within each normalized composition in the finite PBE/FERE source domain, select the row with the lowest finite total energy per atom; break an exact displayed-energy tie by smaller stable MatDB ID. Do not use PBE or GW gap values.",pbe_metadata + source_recovery:pbe
current-nlr-pbe-gw-v1:composition:1baf23c350c41badee37649b02ba17919e77037124d974ce282563a9a40d4493,Na Nb13 O33,165586,,[],12,12,-8.078,1.794,"Within each normalized composition in the finite PBE/FERE source domain, select the row with the lowest finite total energy per atom; break an exact displayed-energy tie by smaller stable MatDB ID. Do not use PBE or GW gap values.",pbe_metadata + source_recovery:pbe
current-nlr-pbe-gw-v1:composition:585dcf59e2db6a7b1c7c3073c80d457a2c2d5162b9a74ff359a2cc68f34fcb51,Na Nb3 O8,147815,,[],72,72,-7.745,2.429,"Within each normalized composition in the finite PBE/FERE source domain, select the row with the lowest finite total energy per atom; break an exact displayed-energy tie by smaller stable MatDB ID. Do not use PBE or GW gap values.",pbe_metadata + source_recovery:pbe
current-nlr-pbe-gw-v1:composition:99b1d0a95e642c30805ee62c0202341dc5fbba0a7db29da4175ba4a802e74178,Na Ni O2,164570,,[],12,12,-4.972,0.375,"Within each normalized composition in the finite PBE/FERE source domain, select the row with the lowest finite total energy per atom; break an exact displayed-energy tie by smaller stable MatDB ID. Do not use PBE or GW gap values.",pbe_metadata + source_recovery:pbe
current-nlr-pbe-gw-v1:composition:ca0db7e34795e775eb3e2843b651448636c1b51afb754d031de0d9be193c8c95,Na O,290172,290172,[],,189,-4.219,1.689,"Within each normalized composition in the finite PBE/FERE source domain, select the row with the lowest finite total energy per atom; break an exact displayed-energy tie by smaller stable MatDB ID. Do not use PBE or GW gap values.",pbe_metadata + source_recovery:pbe
current-nlr-pbe-gw-v1:composition:7d941483974e05f92f11dc8ee7686d6c48e6b37c53f3416ff69231567cf77b18,Na O Rb,111838,,[],129,129,-3.476,2.051,"Within each normalized composition in the finite PBE/FERE source domain, select the row with the lowest finite total energy per atom; break an exact displayed-energy tie by smaller stable MatDB ID. Do not use PBE or GW gap values.",pbe_metadata + source_recovery:pbe
current-nlr-pbe-gw-v1:composition:1c37447c5d6613f5b3b9a08429bc6d1f9bbf288387078eb4bf5a62d5cfd106e7,Na O11 V6,181192,,[],186,1,-7.675,0.748,"Within each normalized composition in the finite PBE/FERE source domain, select the row with the lowest finite total energy per atom; break an exact displayed-energy tie by smaller stable MatDB ID. Do not use PBE or GW gap values.",pbe_metadata + source_recovery:pbe
current-nlr-pbe-gw-v1:composition:dbbbc23299b21245417d25b61148c58c24916604adb2e1057501c3b1080da357,Na O2 Rh,195705,,[],166,166,-5.219,2.031,"Within each normalized composition in the finite PBE/FERE source domain, select the row with the lowest finite total energy per atom; break an exact displayed-energy tie by smaller stable MatDB ID. Do not use PBE or GW gap values.",pbe_metadata + source_recovery:pbe
current-nlr-pbe-gw-v1:composition:637170969ca7257fa4f1de087e2904fd69b571098c0de80515714ab48ed911c0,Na O2 Ru,128690,,[],166,12,-5.59,1.184,"Within each normalized composition in the finite PBE/FERE source domain, select the row with the lowest finite total energy per atom; break an exact displayed-energy tie by smaller stable MatDB ID. Do not use PBE or GW gap values.",pbe_metadata + source_recovery:pbe
current-nlr-pbe-gw-v1:composition:d83f63107d4d162e1edcacffdc6916c36e840eb468c910e21ef8a4dcf9d6e47f,Na O2 Sc,111841,,[],166,166,-6.947,4.458,"Within each normalized composition in the finite PBE/FERE source domain, select the row with the lowest finite total energy per atom; break an exact displayed-energy tie by smaller stable MatDB ID. Do not use PBE or GW gap values.",pbe_metadata + source_recovery:pbe
current-nlr-pbe-gw-v1:composition:3ccff88ece957c79ddc6ef2db242e0b7aaf8bd0a2d774e89cb25da452dbab899,Na O2 V,195481,,[],166,166,-6.686,1.596,"Within each normalized composition in the finite PBE/FERE source domain, select the row with the lowest finite total energy per atom; break an exact displayed-energy tie by smaller stable MatDB ID. Do not use PBE or GW gap values.",pbe_metadata + source_recovery:pbe
current-nlr-pbe-gw-v1:composition:e5ef8a49951d6cd6217ce78363eba9e06d936cd2af43723d10ee3a535e70f8bc,Na O2 Y,110652,,[],15,15,-6.969,3.89,"Within each normalized composition in the finite PBE/FERE source domain, select the row with the lowest finite total energy per atom; break an exact displayed-energy tie by smaller stable MatDB ID. Do not use PBE or GW gap values.",pbe_metadata + source_recovery:pbe
current-nlr-pbe-gw-v1:composition:45922e189f72afabd48157302f719178335e1640f8d7802685fa914c6da6a7af,Na O3 Rb Ti,111233,,[],15,15,-6.227,3.736,"Within each normalized composition in the finite PBE/FERE source domain, select the row with the lowest finite total energy per atom; break an exact displayed-energy tie by smaller stable MatDB ID. Do not use PBE or GW gap values.",pbe_metadata + source_recovery:pbe
current-nlr-pbe-gw-v1:composition:450e859022ab5f00cb71337d76dc4f89c030d76d964953387fd3eae80181403d,Na O3 V,129060,,[],15,15,-6.734,3.165,"Within each normalized composition in the finite PBE/FERE source domain, select the row with the lowest finite total energy per atom; break an exact displayed-energy tie by smaller stable MatDB ID. Do not use PBE or GW gap values.",pbe_metadata + source_recovery:pbe
current-nlr-pbe-gw-v1:composition:8ea435695167ca602b7e29735a048bb4e80e22ce3dcc5e58ef119f360fdc3f00,Na O4 Pb Rb3,110228,,[],14,14,-4.349,1.614,"Within each normalized composition in the finite PBE/FERE source domain, select the row with the lowest finite total energy per atom; break an exact displayed-energy tie by smaller stable MatDB ID. Do not use PBE or GW gap values.",pbe_metadata + source_recovery:pbe
current-nlr-pbe-gw-v1:composition:ce030048c36ae1064faf0d848b8afca65214dd19e526f386e40cf724bcc20dcd,Na O4 Pd3,164575,,[],223,223,-4.531,0.2,"Within each normalized composition in the finite PBE/FERE source domain, select the row with the lowest finite total energy per atom; break an exact displayed-energy tie by smaller stable MatDB ID. Do not use PBE or GW gap values.",pbe_metadata + source_recovery:pbe
current-nlr-pbe-gw-v1:composition:84e6e258c664d214b5c7dceda68db707dc7b0504d93da208b10a514fea8575e4,Na O4 Pt3,180485,,[],223,223,-4.859,0.896,"Within each normalized composition in the finite PBE/FERE source domain, select the row with the lowest finite total energy per atom; break an exact displayed-energy tie by smaller stable MatDB ID. Do not use PBE or GW gap values.",pbe_metadata + source_recovery:pbe
current-nlr-pbe-gw-v1:composition:ffc01bc753e2f8c6d7c3b599a92b646e5af0aab7fffccc867c1cb388d25466bf,Na O4 Rb3 Ti,111857,,[],14,14,-5.344,3.221,"Within each normalized composition in the finite PBE/FERE source domain, select the row with the lowest finite total energy per atom; break an exact displayed-energy tie by smaller stable MatDB ID. Do not use PBE or GW gap values.",pbe_metadata + source_recovery:pbe
current-nlr-pbe-gw-v1:composition:204b631d0da298c4b797606e713362317d0975f6d3f2570157db7cf6be0159b6,Na O4 Rh2,147951,,[],62,62,-5.408,0.103,"Within each normalized composition in the finite PBE/FERE source domain, select the row with the lowest finite total energy per atom; break an exact displayed-energy tie by smaller stable MatDB ID. Do not use PBE or GW gap values.",pbe_metadata + source_recovery:pbe
current-nlr-pbe-gw-v1:composition:fd78fc5425b305bca2b66a6f2aedd60ed49c8613c8790fbb63fb2684939331a1,Na O4 Ru2,148325,,[],62,1,-5.763,0.211,"Within each normalized composition in the finite PBE/FERE source domain, select the row with the lowest finite total energy per atom; break an exact displayed-energy tie by smaller stable MatDB ID. Do not use PBE or GW gap values.",pbe_metadata + source_recovery:pbe
current-nlr-pbe-gw-v1:composition:a1321b35b8d0bf67c6400703b51b806b7caa88c5589b8e45970d3bf79ed423a6,Na O4 Si Y,110719,,[],33,62,-7.548,4.197,"Within each normalized composition in the finite PBE/FERE source domain, select the row with the lowest finite total energy per atom; break an exact displayed-energy tie by smaller stable MatDB ID. Do not use PBE or GW gap values.",pbe_metadata + source_recovery:pbe
current-nlr-pbe-gw-v1:composition:427716c0207480b7e721ff748550155bb6f37f596e5d644995aea5c232605eed,Na O4 Ti Y,111124,,[],57,57,-7.588,2.845,"Within each normalized composition in the finite PBE/FERE source domain, select the row with the lowest finite total energy per atom; break an exact displayed-energy tie by smaller stable MatDB ID. Do not use PBE or GW gap values.",pbe_metadata + source_recovery:pbe
current-nlr-pbe-gw-v1:composition:151deb5dbd62c621391e6ec4e8c284e631587fcf9f0630353964091a3716534b,Na O4 V2,128799,,[],62,62,-7.216,0.093,"Within each normalized composition in the finite PBE/FERE source domain, select the row with the lowest finite total energy per atom; break an exact displayed-energy tie by smaller stable MatDB ID. Do not use PBE or GW gap values.",pbe_metadata + source_recovery:pbe
current-nlr-pbe-gw-v1:composition:6e63edd34f7f07eb0ee6875c51a99acb5d084d8b7dc4b571d71f57fc457e8000,Na O5 Rb Si2,111348,,[],14,14,-6.73,4.403,"Within each normalized composition in the finite PBE/FERE source domain, select the row with the lowest finite total energy per atom; break an exact displayed-energy tie by smaller stable MatDB ID. Do not use PBE or GW gap values.",pbe_metadata + source_recovery:pbe
current-nlr-pbe-gw-v1:composition:2fd53a78bf99f58d8796baaf2cc31d4c3f631ca936b845eb74003efec23994cd,Na O5 V2,129749,,[],42,15,-7.148,1.67,"Within each normalized composition in the finite PBE/FERE source domain, select the row with the lowest finite total energy per atom; break an exact displayed-energy tie by smaller stable MatDB ID. Do not use PBE or GW gap values.",pbe_metadata + source_recovery:pbe
current-nlr-pbe-gw-v1:composition:a850f5bff1717459d69b8ae2e549cc97e8267f15d5690e04bf22a223b7d9e1ef,Na O6 Rb7 Zn2,111254,,[],2,2,-3.732,1.571,"Within each normalized composition in the finite PBE/FERE source domain, select the row with the lowest finite total energy per atom; break an exact displayed-energy tie by smaller stable MatDB ID. Do not use PBE or GW gap values.",pbe_metadata + source_recovery:pbe
current-nlr-pbe-gw-v1:composition:29cd2c6757ee2b15883ddd4e92af208274c99bef1d34352dfa318d0f4eb27aa3,Na O6 Ru Sr3,196372,,[],167,167,-6.052,1.819,"Within each normalized composition in the finite PBE/FERE source domain, select the row with the lowest finite total energy per atom; break an exact displayed-energy tie by smaller stable MatDB ID. Do not use PBE or GW gap values.",pbe_metadata + source_recovery:pbe
current-nlr-pbe-gw-v1:composition:b5632ea0221c06796eeacc6d45fe560365ad23b2c63336813464ce81b43fb547,Na O6 Sc Si2,110238,,[],15,15,-7.61,5.109,"Within each normalized composition in the finite PBE/FERE source domain, select the row with the lowest finite total energy per atom; break an exact displayed-energy tie by smaller stable MatDB ID. Do not use PBE or GW gap values.",pbe_metadata + source_recovery:pbe
current-nlr-pbe-gw-v1:composition:6b360cc69310ccedaac9a334d47160abc0cc1723b4dd8476f08e3dbd503873d2,Na O6 Si2 Ti,109975,,[],15,2,-7.454,1.032,"Within each normalized composition in the finite PBE/FERE source domain, select the row with the lowest finite total energy per atom; break an exact displayed-energy tie by smaller stable MatDB ID. Do not use PBE or GW gap values.",pbe_metadata + source_recovery:pbe
current-nlr-pbe-gw-v1:composition:4cad76884989e7bbf8b68ec0931883a44468700e325fa6afc5db0089f108476c,Na O6 Si2 V,147857,,[],15,15,-7.468,2.106,"Within each normalized composition in the finite PBE/FERE source domain, select the row with the lowest finite total energy per atom; break an exact displayed-energy tie by smaller stable MatDB ID. Do not use PBE or GW gap values.",pbe_metadata + source_recovery:pbe
current-nlr-pbe-gw-v1:composition:dff667ba4cb70b2ca0513467d15b92b78d622a3fb61fbab39aee124aa16eb109,Na O6 Si2 Y,111164,,[],14,14,-7.661,4.596,"Within each normalized composition in the finite PBE/FERE source domain, select the row with the lowest finite total energy per atom; break an exact displayed-energy tie by smaller stable MatDB ID. Do not use PBE or GW gap values.",pbe_metadata + source_recovery:pbe
current-nlr-pbe-gw-v1:composition:319f9b2be8895e5ecf4d8dda280968c848b7a09844bcc823aa7c8707d9464407,Na O8 Rb3 Ru2,165830,,[],164,164,-5.314,1.363,"Within each normalized composition in the finite PBE/FERE source domain, select the row with the lowest finite total energy per atom; break an exact displayed-energy tie by smaller stable MatDB ID. Do not use PBE or GW gap values.",pbe_metadata + source_recovery:pbe
current-nlr-pbe-gw-v1:composition:f5a9b72217d25f95cedb55e6f4371f47e36c531313014cdf857ebb787f68f9ed,Na2 Nb4 O11,147874,,[],15,15,-7.583,2.94,"Within each normalized composition in the finite PBE/FERE source domain, select the row with the lowest finite total energy per atom; break an exact displayed-energy tie by smaller stable MatDB ID. Do not use PBE or GW gap values.",pbe_metadata + source_recovery:pbe
current-nlr-pbe-gw-v1:composition:aaffa4b083bb30a2d4fb199a69520a6813a51794c378131ef8ebd0ae81d9a31d,Na2 Ni O10 Si4,194346,,[],2,2,-6.965,1.892,"Within each normalized composition in the finite PBE/FERE source domain, select the row with the lowest finite total energy per atom; break an exact displayed-energy tie by smaller stable MatDB ID. Do not use PBE or GW gap values.",pbe_metadata + source_recovery:pbe
current-nlr-pbe-gw-v1:composition:cd3705cd797bed8f29261159adf5052648822618fc91d6519b66a2e42b00db3f,Na2 Ni O2,128756,,[],36,36,-4.53,1.662,"Within each normalized composition in the finite PBE/FERE source domain, select the row with the lowest finite total energy per atom; break an exact displayed-energy tie by smaller stable MatDB ID. Do not use PBE or GW gap values.",pbe_metadata + source_recovery:pbe
current-nlr-pbe-gw-v1:composition:98d4b0065ab06092db0326b35797878a8afffc00bc4466e5d0a41ef8a360038c,Na2 Ni O2 Rb,148393,,[],139,69,-4.003,1.247,"Within each normalized composition in the finite PBE/FERE source domain, select the row with the lowest finite total energy per atom; break an exact displayed-energy tie by smaller stable MatDB ID. Do not use PBE or GW gap values.",pbe_metadata + source_recovery:pbe
current-nlr-pbe-gw-v1:composition:41f23ca406a1edb6e60887dd69b6783e1373c7cef38f141bbe5eed69d37425b4,Na2 O,110254,,[],225,225,-3.755,1.893,"Within each normalized composition in the finite PBE/FERE source domain, select the row with the lowest finite total energy per atom; break an exact displayed-energy tie by smaller stable MatDB ID. Do not use PBE or GW gap values.",pbe_metadata + source_recovery:pbe
current-nlr-pbe-gw-v1:composition:4439898d59cc0f28048f760cfbf6cec41d50cbb6ccb222640a711aa249b3f3c0,Na2 O11 Si4 Ti,111878,,[],87,79,-7.403,3.724,"Within each normalized composition in the finite PBE/FERE source domain, select the row with the lowest finite total energy per atom; break an exact displayed-energy tie by smaller stable MatDB ID. Do not use PBE or GW gap values.",pbe_metadata + source_recovery:pbe
current-nlr-pbe-gw-v1:composition:dfb1758a9646bcd4cd5ea80759b64143aaac894741d2e2ad7d540be80450d448,Na2 O11 Si4 Zr,111176,,[],15,15,-7.538,4.589,"Within each normalized composition in the finite PBE/FERE source domain, select the row with the lowest finite total energy per atom; break an exact displayed-energy tie by smaller stable MatDB ID. Do not use PBE or GW gap values.",pbe_metadata + source_recovery:pbe
current-nlr-pbe-gw-v1:composition:7ada16b3bc79a29723edfadf29e235c8a2e96c49460f5f31907a0883593919ab,Na2 O12 Sr V4,149123,,[],125,125,-7.071,2.935,"Within each normalized composition in the finite PBE/FERE source domain, select the row with the lowest finite total energy per atom; break an exact displayed-energy tie by smaller stable MatDB ID. Do not use PBE or GW gap values.",pbe_metadata + source_recovery:pbe
current-nlr-pbe-gw-v1:composition:f9f933769ada3cd1ccc6f4333361b902488139a97682ecd8df41d8e7e3afbe67,Na2 O12 W3 Zr,195740,,[],80,80,-7.797,3.09,"Within each normalized composition in the finite PBE/FERE source domain, select the row with the lowest finite total energy per atom; break an exact displayed-energy tie by smaller stable MatDB ID. Do not use PBE or GW gap values.",pbe_metadata + source_recovery:pbe
current-nlr-pbe-gw-v1:composition:8f617b4042ab3181eb97024d28ca3fc15a093d5f124513332b16b021f47318de,Na2 O13 Si4 Ti2,111363,,[],15,15,-7.52,3.828,"Within each normalized composition in the finite PBE/FERE source domain, select the row with the lowest finite total energy per atom; break an exact displayed-energy tie by smaller stable MatDB ID. Do not use PBE or GW gap values.",pbe_metadata + source_recovery:pbe
current-nlr-pbe-gw-v1:composition:802d229335a1beebb02821a77a5251cafde78abb734bee95212b834e1c9600e0,Na2 O13 Ti6,110697,,[],12,2,-7.71,3.17,"Within each normalized composition in the finite PBE/FERE source domain, select the row with the lowest finite total energy per atom; break an exact displayed-energy tie by smaller stable MatDB ID. Do not use PBE or GW gap values.",pbe_metadata + source_recovery:pbe
current-nlr-pbe-gw-v1:composition:fa7876d0f3b1763a5e2f1f74187d27f90700d2049a97ab47d2911401b84a228e,Na2 O13 W4,181973,,[],2,2,-7.752,1.715,"Within each normalized composition in the finite PBE/FERE source domain, select the row with the lowest finite total energy per atom; break an exact displayed-energy tie by smaller stable MatDB ID. Do not use PBE or GW gap values.",pbe_metadata + source_recovery:pbe
current-nlr-pbe-gw-v1:composition:83d3056e92dd20787c231bbc107e4edeac8174fcddffc6a0e7e76cc6b9feee0e,Na2 O19 Ti9,111185,,[],12,12,-7.856,2.516,"Within each normalized composition in the finite PBE/FERE source domain, select the row with the lowest finite total energy per atom; break an exact displayed-energy tie by smaller stable MatDB ID. Do not use PBE or GW gap values.",pbe_metadata + source_recovery:pbe
current-nlr-pbe-gw-v1:composition:8ee2e7b6bd02371df4d12d5c40a46053667d9af4c082b483ba4998bd4075d02f,Na2 O2 Pb,111894,,[],60,60,-4.572,2.39,"Within each normalized composition in the finite PBE/FERE source domain, select the row with the lowest finite total energy per atom; break an exact displayed-energy tie by smaller stable MatDB ID. Do not use PBE or GW gap values.",pbe_metadata + source_recovery:pbe
current-nlr-pbe-gw-v1:composition:1a38da829036e1e5b534603d225ad5fca41b4f9eee57d37ead07e727de0b4142,Na2 O2 Pt,164701,,[],71,71,-4.411,2.11,"Within each normalized composition in the finite PBE/FERE source domain, select the row with the lowest finite total energy per atom; break an exact displayed-energy tie by smaller stable MatDB ID. Do not use PBE or GW gap values.",pbe_metadata + source_recovery:pbe
current-nlr-pbe-gw-v1:composition:441c24b6e4d05ac644ec13395515bb2c145b47a43928cce7244f3a0572668007,Na2 O2 Zn,110747,,[],14,14,-4.154,1.466,"Within each normalized composition in the finite PBE/FERE source domain, select the row with the lowest finite total energy per atom; break an exact displayed-energy tie by smaller stable MatDB ID. Do not use PBE or GW gap values.",pbe_metadata + source_recovery:pbe
current-nlr-pbe-gw-v1:composition:a52c7e6152a59ccd8a453911966b06a7005ca2741016e1b979a4a9afb29bbdb8,Na2 O3 Pt,128697,,[],70,70,-4.735,1.959,"Within each normalized composition in the finite PBE/FERE source domain, select the row with the lowest finite total energy per atom; break an exact displayed-energy tie by smaller stable MatDB ID. Do not use PBE or GW gap values.",pbe_metadata + source_recovery:pbe
current-nlr-pbe-gw-v1:composition:bac8995535e4c8ba8b7a63192e348c004998837bfd01acdf2fb18b9d32720c1e,Na2 O3 Ru,147675,,[],15,2,-5.344,1.389,"Within each normalized composition in the finite PBE/FERE source domain, select the row with the lowest finite total energy per atom; break an exact displayed-energy tie by smaller stable MatDB ID. Do not use PBE or GW gap values.",pbe_metadata + source_recovery:pbe
current-nlr-pbe-gw-v1:composition:dfea269fee37e0f667c081af034042a49d7bbd0722b0823ceef1fa90088b1af0,Na2 O3 Si,110701,,[],36,36,-6.173,3.876,"Within each normalized composition in the finite PBE/FERE source domain, select the row with the lowest finite total energy per atom; break an exact displayed-energy tie by smaller stable MatDB ID. Do not use PBE or GW gap values.",pbe_metadata + source_recovery:pbe
current-nlr-pbe-gw-v1:composition:e6e8d8a1afea2429bb93f532c3e1c99793e0bad98ad0bb371147d5767e55d6a1,Na2 O3 Ti,111386,,[],71,44,-6.25,3.577,"Within each normalized composition in the finite PBE/FERE source domain, select the row with the lowest finite total energy per atom; break an exact displayed-energy tie by smaller stable MatDB ID. Do not use PBE or GW gap values.",pbe_metadata + source_recovery:pbe
current-nlr-pbe-gw-v1:composition:11eee4db1dabddf224c13a571ed0371000c805fc5783fa90a39e1f5fa8e74099,Na2 O3 Zn2,110269,,[],96,96,-4.289,1.262,"Within each normalized composition in the finite PBE/FERE source domain, select the row with the lowest finite total energy per atom; break an exact displayed-energy tie by smaller stable MatDB ID. Do not use PBE or GW gap values.",pbe_metadata + source_recovery:pbe
current-nlr-pbe-gw-v1:composition:fb6d50ccbb7c9753cbe20003a938729cdae64a7a802aa3e75ed6ca59a01aff98,Na2 O4 Pd3,195121,,[],71,71,-4.404,1.19,"Within each normalized composition in the finite PBE/FERE source domain, select the row with the lowest finite total energy per atom; break an exact displayed-energy tie by smaller stable MatDB ID. Do not use PBE or GW gap values.",pbe_metadata + source_recovery:pbe
current-nlr-pbe-gw-v1:composition:89f1ce8a12d369f70eab262614ce2474dbddfd3d1edf8983c0e3964bdfa42ca7,Na2 O4 Rb2 Si,111920,,[],61,61,-5.345,3.117,"Within each normalized composition in the finite PBE/FERE source domain, select the row with the lowest finite total energy per atom; break an exact displayed-energy tie by smaller stable MatDB ID. Do not use PBE or GW gap values.",pbe_metadata + source_recovery:pbe
current-nlr-pbe-gw-v1:composition:9030e0fe53543522c4c63dc8e050912460dd9d6b877594bf7e5853bb9c57c953,Na2 O4 Ru,164817,,[],14,14,-5.361,1.186,"Within each normalized composition in the finite PBE/FERE source domain, select the row with the lowest finite total energy per atom; break an exact displayed-energy tie by smaller stable MatDB ID. Do not use PBE or GW gap values.",pbe_metadata + source_recovery:pbe
current-nlr-pbe-gw-v1:composition:81b324411ad339d10ebd549f0edade11032607a171f40ab80c58f388c9aba0c3,Na2 O4 Si Zn,111194,,[],7,7,-5.792,3.19,"Within each normalized composition in the finite PBE/FERE source domain, select the row with the lowest finite total energy per atom; break an exact displayed-energy tie by smaller stable MatDB ID. Do not use PBE or GW gap values.",pbe_metadata + source_recovery:pbe
current-nlr-pbe-gw-v1:composition:21b51e758d6a2d1a4cbc23d41d11644d74df925c31393cfc77b381dcdaf412b0,Na2 O4 W,128702,,[],227,227,-6.745,4.881,"Within each normalized composition in the finite PBE/FERE source domain, select the row with the lowest finite total energy per atom; break an exact displayed-energy tie by smaller stable MatDB ID. Do not use PBE or GW gap values.",pbe_metadata + source_recovery:pbe
current-nlr-pbe-gw-v1:composition:2e9f9a6d76beae52d7f09a1f0ad58a1268b0158cf245e1fb201b81a25c7c91ae,Na2 O5 Si Ti,111279,,[],129,129,-6.89,3.43,"Within each normalized composition in the finite PBE/FERE source domain, select the row with the lowest finite total energy per atom; break an exact displayed-energy tie by smaller stable MatDB ID. Do not use PBE or GW gap values.",pbe_metadata + source_recovery:pbe
current-nlr-pbe-gw-v1:composition:f4bceae6c897cf8dcbe14503839254ede3e0d0cb0f745b52bc71cbe51d3a2f7e,Na2 O5 Si Zr,111216,,[],14,14,-7.115,3.858,"Within each normalized composition in the finite PBE/FERE source domain, select the row with the lowest finite total energy per atom; break an exact displayed-energy tie by smaller stable MatDB ID. Do not use PBE or GW gap values.",pbe_metadata + source_recovery:pbe
current-nlr-pbe-gw-v1:composition:f3682d53b8b2f7afdd6fc4f3f9b13a81cad591ab8e32830a9a128dd0398f2955,Na2 O5 Si2,111405,,[],60,60,-6.767,4.441,"Within each normalized composition in the finite PBE/FERE source domain, select the row with the lowest finite total energy per atom; break an exact displayed-energy tie by smaller stable MatDB ID. Do not use PBE or GW gap values.",pbe_metadata + source_recovery:pbe
current-nlr-pbe-gw-v1:composition:163d83424c548fcdc856af1ada8f9c928ae023e60e3ef904bf5dddeed6bbc103,Na2 O6 Si2 Zn,110025,,[],43,43,-6.38,3.869,"Within each normalized composition in the finite PBE/FERE source domain, select the row with the lowest finite total energy per atom; break an exact displayed-energy tie by smaller stable MatDB ID. Do not use PBE or GW gap values.",pbe_metadata + source_recovery:pbe
current-nlr-pbe-gw-v1:composition:d6ef29ddf3f622505964eb9a6f80b468b31503b8c9ca1080e156bee1e2ab68b6,Na2 O7 Si Ti Zn2,111311,,[],61,61,-6.188,3.324,"Within each normalized composition in the finite PBE/FERE source domain, select the row with the lowest finite total energy per atom; break an exact displayed-energy tie by smaller stable MatDB ID. Do not use PBE or GW gap values.",pbe_metadata + source_recovery:pbe
current-nlr-pbe-gw-v1:composition:e4a8b54771717a24264603c3e7ae06bbfe5bb415ef9fbf201dd58f3cdcfa88f9,Na2 O7 Si2 Zn2,111956,,[],40,40,-6.104,3.356,"Within each normalized composition in the finite PBE/FERE source domain, select the row with the lowest finite total energy per atom; break an exact displayed-energy tie by smaller stable MatDB ID. Do not use PBE or GW gap values.",pbe_metadata + source_recovery:pbe
current-nlr-pbe-gw-v1:composition:220c9e8a1af495af04d872791c1db28d6b8a3db45ffa3af054491afcd9f1ab85,Na2 O7 Si2 Zr,110786,,[],2,2,-7.341,4.564,"Within each normalized composition in the finite PBE/FERE source domain, select the row with the lowest finite total energy per atom; break an exact displayed-energy tie by smaller stable MatDB ID. Do not use PBE or GW gap values.",pbe_metadata + source_recovery:pbe
current-nlr-pbe-gw-v1:composition:db25e617bd84c67ee9814f1ea39f063aab030a70bacf1809144f5498b20afc86,Na2 O7 Si3,111242,,[],14,14,-7.034,4.294,"Within each normalized composition in the finite PBE/FERE source domain, select the row with the lowest finite total energy per atom; break an exact displayed-energy tie by smaller stable MatDB ID. Do not use PBE or GW gap values.",pbe_metadata + source_recovery:pbe
current-nlr-pbe-gw-v1:composition:29f7d123ef92a28ce2a44f1a01af6b106a3c9dd27aa8927deba86d57385a42a2,Na2 O7 Ti3,110033,,[],11,11,-7.291,3.269,"Within each normalized composition in the finite PBE/FERE source domain, select the row with the lowest finite total energy per atom; break an exact displayed-energy tie by smaller stable MatDB ID. Do not use PBE or GW gap values.",pbe_metadata + source_recovery:pbe
current-nlr-pbe-gw-v1:composition:bd8aab2c10ca549216c37e53c2a83b49af37a015a7a284bc2d94cb47db46b8d7,Na2 O7 V2 Zn,148405,,[],113,113,-6.362,3.21,"Within each normalized composition in the finite PBE/FERE source domain, select the row with the lowest finite total energy per atom; break an exact displayed-energy tie by smaller stable MatDB ID. Do not use PBE or GW gap values.",pbe_metadata + source_recovery:pbe
current-nlr-pbe-gw-v1:composition:fa649b9c191d95f10924ff648690107317048d2464ccf439f83c9a1758eed4dd,Na2 O7 V3,149374,,[],147,147,-7.032,2.342,"Within each normalized composition in the finite PBE/FERE source domain, select the row with the lowest finite total energy per atom; break an exact displayed-energy tie by smaller stable MatDB ID. Do not use PBE or GW gap values.",pbe_metadata + source_recovery:pbe
current-nlr-pbe-gw-v1:composition:1dddf88a5ce67e20c21f0f41ead37fe90e9c0c0e64b5f9d56620f537164395a9,Na2 O8 Si2 Zn3,111331,,[],1,1,-5.903,2.804,"Within each normalized composition in the finite PBE/FERE source domain, select the row with the lowest finite total energy per atom; break an exact displayed-energy tie by smaller stable MatDB ID. Do not use PBE or GW gap values.",pbe_metadata + source_recovery:pbe
current-nlr-pbe-gw-v1:composition:0b071c79f8b9f62dcd6b6f76e068ee670f3cf32c58d0f389d49cef3c713006c0,Na2 O8 Si3 Zn,111269,,[],4,4,-6.706,3.934,"Within each normalized composition in the finite PBE/FERE source domain, select the row with the lowest finite total energy per atom; break an exact displayed-energy tie by smaller stable MatDB ID. Do not use PBE or GW gap values.",pbe_metadata + source_recovery:pbe
current-nlr-pbe-gw-v1:composition:a2b6f47c903b41bc9b2f079c1ead21012e22c865e495db034ea591f1c900878d,Na2 O9 Si2 Ti2,110801,,[],60,60,-7.384,3.499,"Within each normalized composition in the finite PBE/FERE source domain, select the row with the lowest finite total energy per atom; break an exact displayed-energy tie by smaller stable MatDB ID. Do not use PBE or GW gap values.",pbe_metadata + source_recovery:pbe
current-nlr-pbe-gw-v1:composition:56819ddf10f25b4dd7ae33b91292a5bcb0cb225a950b5a7b607214969cf5a622,Na2 O9 Sr V3,194040,,[],14,14,-6.963,2.088,"Within each normalized composition in the finite PBE/FERE source domain, select the row with the lowest finite total energy per atom; break an exact displayed-energy tie by smaller stable MatDB ID. Do not use PBE or GW gap values.",pbe_metadata + source_recovery:pbe
current-nlr-pbe-gw-v1:composition:d5b96d67216781ea6d2fb4c3763181a9a6797b597271330efd2de1f9e4ef3913,Na3 Nb O4,180540,,[],12,12,-6.067,4.014,"Within each normalized composition in the finite PBE/FERE source domain, select the row with the lowest finite total energy per atom; break an exact displayed-energy tie by smaller stable MatDB ID. Do not use PBE or GW gap values.",pbe_metadata + source_recovery:pbe
current-nlr-pbe-gw-v1:composition:603bc73d3f206f03d325fa172a5817cf81ebdbad75cfeacd95a53189e94415f4,Na3 O15 Si6 Y,110748,,[],64,64,-7.398,4.481,"Within each normalized composition in the finite PBE/FERE source domain, select the row with the lowest finite total energy per atom; break an exact displayed-energy tie by smaller stable MatDB ID. Do not use PBE or GW gap values.",pbe_metadata + source_recovery:pbe
current-nlr-pbe-gw-v1:composition:29a671b86dabecbcc6639ef565c08e6d40421a51ff2fc00cb6a0c33748880316,Na3 O4 Rb Sn,111268,,[],88,88,-4.757,2.253,"Within each normalized composition in the finite PBE/FERE source domain, select the row with the lowest finite total energy per atom; break an exact displayed-energy tie by smaller stable MatDB ID. Do not use PBE or GW gap values.",pbe_metadata + source_recovery:pbe
current-nlr-pbe-gw-v1:composition:ea64eb69dfeb46c46f9f17a1081eeafb03cdaf7deb53281f058748e1d8c1a4e7,Na3 O4 Ru,182001,,[],12,1,-5.152,1.052,"Within each normalized composition in the finite PBE/FERE source domain, select the row with the lowest finite total energy per atom; break an exact displayed-energy tie by smaller stable MatDB ID. Do not use PBE or GW gap values.",pbe_metadata + source_recovery:pbe
current-nlr-pbe-gw-v1:composition:152829d48de6631e3b3925df4028779953ab8354f02b9d099be9b7411584b5d6,Na3 O7 Sc Si2,110048,,[],62,62,-6.864,3.775,"Within each normalized composition in the finite PBE/FERE source domain, select the row with the lowest finite total energy per atom; break an exact displayed-energy tie by smaller stable MatDB ID. Do not use PBE or GW gap values.",pbe_metadata + source_recovery:pbe
current-nlr-pbe-gw-v1:composition:902f81c00927d65a9c45451484f464211923f3f0738a53df638c1cc0c22f7887,Na4 O12 Si3 Zr2,111278,,[],167,167,-7.245,4.271,"Within each normalized composition in the finite PBE/FERE source domain, select the row with the lowest finite total energy per atom; break an exact displayed-energy tie by smaller stable MatDB ID. Do not use PBE or GW gap values.",pbe_metadata + source_recovery:pbe
current-nlr-pbe-gw-v1:composition:e53dc31a00f312cd5f95096d4e5d4348795b6cba2696dddb3f5143b27c98d695,Na4 O12 Ti5,110053,,[],143,147,-7.165,2.81,"Within each normalized composition in the finite PBE/FERE source domain, select the row with the lowest finite total energy per atom; break an exact displayed-energy tie by smaller stable MatDB ID. Do not use PBE or GW gap values.",pbe_metadata + source_recovery:pbe
current-nlr-pbe-gw-v1:composition:48639d2494b3ba526b356c6f7d7998c1d2a8b8f80cbc2501a448738d6b6319b9,Na4 O13 Sc2 Si4,111461,,[],33,33,-7.191,4.497,"Within each normalized composition in the finite PBE/FERE source domain, select the row with the lowest finite total energy per atom; break an exact displayed-energy tie by smaller stable MatDB ID. Do not use PBE or GW gap values.",pbe_metadata + source_recovery:pbe
current-nlr-pbe-gw-v1:composition:432a0685d16ea16e6fffe3a907dc75f2943f30dfb92e0225af45545b6a2a24fc,Na4 O3 Sn,110333,,[],9,9,-4.429,1.892,"Within each normalized composition in the finite PBE/FERE source domain, select the row with the lowest finite total energy per atom; break an exact displayed-energy tie by smaller stable MatDB ID. Do not use PBE or GW gap values.",pbe_metadata + source_recovery:pbe
current-nlr-pbe-gw-v1:composition:4174385a152f23dea004ea77a9b190dba2ac58e86c23419ab76be397f7c33b29,Na4 O4 Pb,111991,,[],2,2,-4.517,1.299,"Within each normalized composition in the finite PBE/FERE source domain, select the row with the lowest finite total energy per atom; break an exact displayed-energy tie by smaller stable MatDB ID. Do not use PBE or GW gap values.",pbe_metadata + source_recovery:pbe
current-nlr-pbe-gw-v1:composition:8186c2e0f6b8d7666cc015e69d81cb915f0509130d728263713fdd0d66f6abdd,Na4 O4 Si,110758,,[],2,2,-5.477,3.244,"Within each normalized composition in the finite PBE/FERE source domain, select the row with the lowest finite total energy per atom; break an exact displayed-energy tie by smaller stable MatDB ID. Do not use PBE or GW gap values.",pbe_metadata + source_recovery:pbe
current-nlr-pbe-gw-v1:composition:a70bb1a4dc3f24120a1739d231d00ee195f252f2d93b0c5c0b91b3395a0cd904,Na4 O4 Sn,111282,,[],2,2,-4.805,2.077,"Within each normalized composition in the finite PBE/FERE source domain, select the row with the lowest finite total energy per atom; break an exact displayed-energy tie by smaller stable MatDB ID. Do not use PBE or GW gap values.",pbe_metadata + source_recovery:pbe
current-nlr-pbe-gw-v1:composition:29d2d23b49a7310502bdbc7fa6c8b380f3391c92a1c80a1bb409b5ea6ba6ba3e,Na4 O4 Ti,110057,,[],2,2,-5.525,3.282,"Within each normalized composition in the finite PBE/FERE source domain, select the row with the lowest finite total energy per atom; break an exact displayed-energy tie by smaller stable MatDB ID. Do not use PBE or GW gap values.",pbe_metadata + source_recovery:pbe
current-nlr-pbe-gw-v1:composition:fa6cde17767e0a83c59a760e360e6c8a075aec8c7827299cf9deea6fdb1781cf,Na4 O5 W,148238,,[],2,2,-5.977,3.525,"Within each normalized composition in the finite PBE/FERE source domain, select the row with the lowest finite total energy per atom; break an exact displayed-energy tie by smaller stable MatDB ID. Do not use PBE or GW gap values.",pbe_metadata + source_recovery:pbe
current-nlr-pbe-gw-v1:composition:920cf3aabc1ddb2ca4586152e3fe5b4870c08fa845f67458047146342e23b89b,Na4 O9 Si3 Sr,111470,,[],5,5,-6.5,4.144,"Within each normalized composition in the finite PBE/FERE source domain, select the row with the lowest finite total energy per atom; break an exact displayed-energy tie by smaller stable MatDB ID. Do not use PBE or GW gap values.",pbe_metadata + source_recovery:pbe
current-nlr-pbe-gw-v1:composition:f8bf89bdeec7e0bec1e56c4f87e2b0eb154894b56a24d066d928d133efbc9acc,Na5 Nb O5,129362,,[],15,15,-5.446,2.606,"Within each normalized composition in the finite PBE/FERE source domain, select the row with the lowest finite total energy per atom; break an exact displayed-energy tie by smaller stable MatDB ID. Do not use PBE or GW gap values.",pbe_metadata + source_recovery:pbe
current-nlr-pbe-gw-v1:composition:61783b3b973edaa53f3cafe958a3a60ae4de401e51be3e67a394c477dd47e340,Na5 Ni O4,129610,,[],61,61,-4.274,1.478,"Within each normalized composition in the finite PBE/FERE source domain, select the row with the lowest finite total energy per atom; break an exact displayed-energy tie by smaller stable MatDB ID. Do not use PBE or GW gap values.",pbe_metadata + source_recovery:pbe
current-nlr-pbe-gw-v1:composition:56fb719a1ff4b634344c232a62556c8682f887c499102e90670a2b60afe69357,Na5 O16 W4 Y,165286,,[],88,88,-7.337,4.592,"Within each normalized composition in the finite PBE/FERE source domain, select the row with the lowest finite total energy per atom; break an exact displayed-energy tie by smaller stable MatDB ID. Do not use PBE or GW gap values.",pbe_metadata + source_recovery:pbe
current-nlr-pbe-gw-v1:composition:be49d631a25719408171e9b07f8898a240220884bc6ae458a5fdb07c0cb20ff9,Na5 O5 V,182043,,[],57,57,-5.301,2.219,"Within each normalized composition in the finite PBE/FERE source domain, select the row with the lowest finite total energy per atom; break an exact displayed-energy tie by smaller stable MatDB ID. Do not use PBE or GW gap values.",pbe_metadata + source_recovery:pbe
current-nlr-pbe-gw-v1:composition:1649cd9e64d646878ed411bb72116ce0aa4f33604bf3a394092d6178be3801b5,Na6 O4 Pb,111388,,[],217,217,-4.067,1.489,"Within each normalized composition in the finite PBE/FERE source domain, select the row with the lowest finite total energy per atom; break an exact displayed-energy tie by smaller stable MatDB ID. Do not use PBE or GW gap values.",pbe_metadata + source_recovery:pbe
current-nlr-pbe-gw-v1:composition:83a5a938dfb8a4238faea55418f945394a6a2d5ecd1e33357b45adcaf99507d8,Na6 O4 Zn,110337,,[],186,186,-3.951,1.548,"Within each normalized composition in the finite PBE/FERE source domain, select the row with the lowest finite total energy per atom; break an exact displayed-energy tie by smaller stable MatDB ID. Do not use PBE or GW gap values.",pbe_metadata + source_recovery:pbe
current-nlr-pbe-gw-v1:composition:9f1c33581187a3ca29615d67e25639a1df39a01c83530a6cff0e18e35699af36,Na6 O5 Pb,111995,,[],107,107,-4.333,1.092,"Within each normalized composition in the finite PBE/FERE source domain, select the row with the lowest finite total energy per atom; break an exact displayed-energy tie by smaller stable MatDB ID. Do not use PBE or GW gap values.",pbe_metadata + source_recovery:pbe
current-nlr-pbe-gw-v1:composition:7f639b05aba9f0146e0d3f585eba77d5fb86c9f8385277a4e4b38269e8961a89,Na8 O14 Ti5,111224,,[],2,2,-6.522,3.703,"Within each normalized composition in the finite PBE/FERE source domain, select the row with the lowest finite total energy per atom; break an exact displayed-energy tie by smaller stable MatDB ID. Do not use PBE or GW gap values.",pbe_metadata + source_recovery:pbe
current-nlr-pbe-gw-v1:composition:f0fd5827e5401e037fa2cb27358610f43f0e3113b5367c413b5f9f3530a6d02d,Na8 O18 Si6 Sn,110774,,[],12,166,-6.511,3.837,"Within each normalized composition in the finite PBE/FERE source domain, select the row with the lowest finite total energy per atom; break an exact displayed-energy tie by smaller stable MatDB ID. Do not use PBE or GW gap values.",pbe_metadata + source_recovery:pbe
current-nlr-pbe-gw-v1:composition:ccc012f6f89a5058e78a01e142e54ad56a441bd2fdd21275218b5035757c94f7,Na8 O18 Si7,110064,,[],148,166,-6.609,4.457,"Within each normalized composition in the finite PBE/FERE source domain, select the row with the lowest finite total energy per atom; break an exact displayed-energy tie by smaller stable MatDB ID. Do not use PBE or GW gap values.",pbe_metadata + source_recovery:pbe
current-nlr-pbe-gw-v1:composition:dea7b018e727a12a27a5f61b8f7554299bafebc522bc44e740a551b7efef4e8c,Na9 O35 V14,180669,,[],13,3,-7.035,1.304,"Within each normalized composition in the finite PBE/FERE source domain, select the row with the lowest finite total energy per atom; break an exact displayed-energy tie by smaller stable MatDB ID. Do not use PBE or GW gap values.",pbe_metadata + source_recovery:pbe
current-nlr-pbe-gw-v1:composition:732131bc0916384e70f343c716d6d5f858c953506b3ec8133e63c3628633fb53,Nb O,182327,,[],47,47,-6.906,0.685,"Within each normalized composition in the finite PBE/FERE source domain, select the row with the lowest finite total energy per atom; break an exact displayed-energy tie by smaller stable MatDB ID. Do not use PBE or GW gap values.",pbe_metadata + source_recovery:pbe
current-nlr-pbe-gw-v1:composition:ef3ee973183ea579a18138056f68276e9cd9785d342d4161f6eb5b7b4bd509af,Nb O2,129259,,[],80,80,-8.215,0.788,"Within each normalized composition in the finite PBE/FERE source domain, select the row with the lowest finite total energy per atom; break an exact displayed-energy tie by smaller stable MatDB ID. Do not use PBE or GW gap values.",pbe_metadata + source_recovery:pbe
current-nlr-pbe-gw-v1:composition:e80b2327bd1893ace922b8ca5319c31eb890161a646b21ef38eae18f644a175f,Nb O3 Rb,166303,,[],2,2,-7.056,3.637,"Within each normalized composition in the finite PBE/FERE source domain, select the row with the lowest finite total energy per atom; break an exact displayed-energy tie by smaller stable MatDB ID. Do not use PBE or GW gap values.",pbe_metadata + source_recovery:pbe
current-nlr-pbe-gw-v1:composition:e3d3fc581aaea60affdf31345a92cebccde57bdb960630fb944407d6cd9fabc9,Nb O3 Sr,165001,,[],62,62,-7.565,0.959,"Within each normalized composition in the finite PBE/FERE source domain, select the row with the lowest finite total energy per atom; break an exact displayed-energy tie by smaller stable MatDB ID. Do not use PBE or GW gap values.",pbe_metadata + source_recovery:pbe
current-nlr-pbe-gw-v1:composition:56b66de969f5425f01d3fda9d6ff0bbe65d71a831a23a553a07da483e9164e3e,Nb O4 Sb,287049,287049,[],,33,-7.297,2.582,"Within each normalized composition in the finite PBE/FERE source domain, select the row with the lowest finite total energy per atom; break an exact displayed-energy tie by smaller stable MatDB ID. Do not use PBE or GW gap values.",pbe_metadata + source_recovery:pbe
current-nlr-pbe-gw-v1:composition:dd28f0889bd45bb9d438a78f91d71130c104a3ac058dcee7d94c3e4957b68cb6,Nb O4 Sc,164870,,[],13,13,-8.419,3.547,"Within each normalized composition in the finite PBE/FERE source domain, select the row with the lowest finite total energy per atom; break an exact displayed-energy tie by smaller stable MatDB ID. Do not use PBE or GW gap values.",pbe_metadata + source_recovery:pbe
current-nlr-pbe-gw-v1:composition:445a6d2f821f332ca85329eac4cc2282c242e15fda1c7903dd0be20166bd8526,Nb O4 Y,290270,290270,[],,13,-8.546,3.526,"Within each normalized composition in the finite PBE/FERE source domain, select the row with the lowest finite total energy per atom; break an exact displayed-energy tie by smaller stable MatDB ID. Do not use PBE or GW gap values.",pbe_metadata + source_recovery:pbe
current-nlr-pbe-gw-v1:composition:62d87186bb847af8baecc1de47233e8c0755d0266f21fe9c29e3c593102a979b,Nb O5 Rb Si,183278,,[],19,19,-7.429,3.429,"Within each normalized composition in the finite PBE/FERE source domain, select the row with the lowest finite total energy per atom; break an exact displayed-energy tie by smaller stable MatDB ID. Do not use PBE or GW gap values.",pbe_metadata + source_recovery:pbe
current-nlr-pbe-gw-v1:composition:0a50ee2ab8f2145fa1aa852b3f4523244c2addeab1581f3e04218f66d4fe298c,Nb O6 Sr2 Y,128939,,[],14,14,-7.671,3.569,"Within each normalized composition in the finite PBE/FERE source domain, select the row with the lowest finite total energy per atom; break an exact displayed-energy tie by smaller stable MatDB ID. Do not use PBE or GW gap values.",pbe_metadata + source_recovery:pbe
current-nlr-pbe-gw-v1:composition:30f54082db728e655db28f9e902421c1e25f21a5a22b256d3abef05e6983d4d8,Nb O8 Rb3,148695,,[],121,121,-5.5,2.958,"Within each normalized composition in the finite PBE/FERE source domain, select the row with the lowest finite total energy per atom; break an exact displayed-energy tie by smaller stable MatDB ID. Do not use PBE or GW gap values.",pbe_metadata + source_recovery:pbe
current-nlr-pbe-gw-v1:composition:23d0052e7af62c55967d62226672995934574eedfbe9631aafd303cd8b37abc8,Nb12 O29,165616,,[],12,2,-8.189,0.037,"Within each normalized composition in the finite PBE/FERE source domain, select the row with the lowest finite total energy per atom; break an exact displayed-energy tie by smaller stable MatDB ID. Do not use PBE or GW gap values.",pbe_metadata + source_recovery:pbe
current-nlr-pbe-gw-v1:composition:fc6bf147d3ab1d490e5af390513b6899194e91f3a72467a6a222fad983a498c9,Nb12 O33 W,166137,,[],5,5,-8.204,2.079,"Within each normalized composition in the finite PBE/FERE source domain, select the row with the lowest finite total energy per atom; break an exact displayed-energy tie by smaller stable MatDB ID. Do not use PBE or GW gap values.",pbe_metadata + source_recovery:pbe
current-nlr-pbe-gw-v1:composition:933ee90bc2b1ba9a1f21bd2922fe564a77ef9352a36c71f2f310973ed67191fd,Nb2 Ni O6,194560,,[],60,60,-7.59,2.456,"Within each normalized composition in the finite PBE/FERE source domain, select the row with the lowest finite total energy per atom; break an exact displayed-energy tie by smaller stable MatDB ID. Do not use PBE or GW gap values.",pbe_metadata + source_recovery:pbe
current-nlr-pbe-gw-v1:composition:15af09a773b57e967fc1f7e7517911d6194bae0b5a84c32cf5f011cf4d602bf7,Nb2 Ni4 O9,148509,,[],60,1,-6.712,2.001,"Within each normalized composition in the finite PBE/FERE source domain, select the row with the lowest finite total energy per atom; break an exact displayed-energy tie by smaller stable MatDB ID. Do not use PBE or GW gap values.",pbe_metadata + source_recovery:pbe
current-nlr-pbe-gw-v1:composition:59f3f705e75e0103babec2de92b588f6450bfee4149a886a08ae498b972e0b24,Nb2 O23 Rb4 Si8,166135,,[],2,2,-7.42,4.066,"Within each normalized composition in the finite PBE/FERE source domain, select the row with the lowest finite total energy per atom; break an exact displayed-energy tie by smaller stable MatDB ID. Do not use PBE or GW gap values.",pbe_metadata + source_recovery:pbe
current-nlr-pbe-gw-v1:composition:cd7fd14df01a62f71d5f19833c1124151add66c2f0b724a9c63da65423d587af,Nb2 O5,290125,290125,[],,12,-8.179,2.09,"Within each normalized composition in the finite PBE/FERE source domain, select the row with the lowest finite total energy per atom; break an exact displayed-energy tie by smaller stable MatDB ID. Do not use PBE or GW gap values.",pbe_metadata + source_recovery:pbe
current-nlr-pbe-gw-v1:composition:b9b3889bd2fb0c8aebe4c0b48402b3a582236b00fc175b6d4dafb1e048f2c438,Nb2 O6 Pb,181774,,[],160,8,-7.649,2.644,"Within each normalized composition in the finite PBE/FERE source domain, select the row with the lowest finite total energy per atom; break an exact displayed-energy tie by smaller stable MatDB ID. Do not use PBE or GW gap values.",pbe_metadata + source_recovery:pbe
current-nlr-pbe-gw-v1:composition:e4e51afdcf4e6abd5b3f4b209b0d25e139e1741dcbdcc3a5bdb9bf243974e202,Nb2 O6 Sn,165320,,[],15,15,-7.683,1.804,"Within each normalized composition in the finite PBE/FERE source domain, select the row with the lowest finite total energy per atom; break an exact displayed-energy tie by smaller stable MatDB ID. Do not use PBE or GW gap values.",pbe_metadata + source_recovery:pbe
current-nlr-pbe-gw-v1:composition:9de9b96e0f32ce7add992632a3860fd4276717cb22919bb0b5901bda15c5b738,Nb2 O6 Zn,129266,,[],60,60,-7.388,3.365,"Within each normalized composition in the finite PBE/FERE source domain, select the row with the lowest finite total energy per atom; break an exact displayed-energy tie by smaller stable MatDB ID. Do not use PBE or GW gap values.",pbe_metadata + source_recovery:pbe
current-nlr-pbe-gw-v1:composition:716300a7667ff7e97f917be3b40a6e211e4ae8ba381d001d9895f51baed51fdd,Nb2 O7 Sn2,164889,,[],227,227,-7.262,1.054,"Within each normalized composition in the finite PBE/FERE source domain, select the row with the lowest finite total energy per atom; break an exact displayed-energy tie by smaller stable MatDB ID. Do not use PBE or GW gap values.",pbe_metadata + source_recovery:pbe
current-nlr-pbe-gw-v1:composition:dffd4d6571406db75c12791cf040ef05aaf604e17653d91f003841a9fca899a9,Nb2 O7 Sr2,129682,,[],33,33,-7.669,2.719,"Within each normalized composition in the finite PBE/FERE source domain, select the row with the lowest finite total energy per atom; break an exact displayed-energy tie by smaller stable MatDB ID. Do not use PBE or GW gap values.",pbe_metadata + source_recovery:pbe
current-nlr-pbe-gw-v1:composition:7458ee7e23269c7e92857a0d5bf1a5e0c9d44250c41b03afb1b1f8ebda863004,Nb2 O8 Zn3,165034,,[],15,15,-6.501,3.273,"Within each normalized composition in the finite PBE/FERE source domain, select the row with the lowest finite total energy per atom; break an exact displayed-energy tie by smaller stable MatDB ID. Do not use PBE or GW gap values.",pbe_metadata + source_recovery:pbe
current-nlr-pbe-gw-v1:composition:707cd19feac760ec92208c3fe634951dfb37ee6f6b68ab6c3cd515693e6c3bea,Nb2 O9 Sr4,182299,,[],2,2,-7.285,3.82,"Within each normalized composition in the finite PBE/FERE source domain, select the row with the lowest finite total energy per atom; break an exact displayed-energy tie by smaller stable MatDB ID. Do not use PBE or GW gap values.",pbe_metadata + source_recovery:pbe
current-nlr-pbe-gw-v1:composition:b9c02ba613df90d3eefbb57102258168ffdf445aabf49f060df66227da011dbe,Nb2 O9 Zn4,148109,,[],165,165,-6.212,2.717,"Within each normalized composition in the finite PBE/FERE source domain, select the row with the lowest finite total energy per atom; break an exact displayed-energy tie by smaller stable MatDB ID. Do not use PBE or GW gap values.",pbe_metadata + source_recovery:pbe
current-nlr-pbe-gw-v1:composition:93cb612d441302a5f3234c4a59b36ed7232ab847034e8d3c2f42092cd124dfc4,Nb3 O6 Ti,129935,,[],148,148,-8.205,0.911,"Within each normalized composition in the finite PBE/FERE source domain, select the row with the lowest finite total energy per atom; break an exact displayed-energy tie by smaller stable MatDB ID. Do not use PBE or GW gap values.",pbe_metadata + source_recovery:pbe
current-nlr-pbe-gw-v1:composition:1117a669695f6dd59115c391ed72e6bf7be9db5d34ab382f2fbec181207df75c,Nb4 O15 Sr5,129733,,[],10,12,-7.529,2.667,"Within each normalized composition in the finite PBE/FERE source domain, select the row with the lowest finite total energy per atom; break an exact displayed-energy tie by smaller stable MatDB ID. Do not use PBE or GW gap values.",pbe_metadata + source_recovery:pbe
current-nlr-pbe-gw-v1:composition:333d9a864df8a30defb3ea92ec40b206b36e0b0dea0dabcee0acf16767de7123,Nb4 O5,194600,,[],137,137,-8.061,0.69,"Within each normalized composition in the finite PBE/FERE source domain, select the row with the lowest finite total energy per atom; break an exact displayed-energy tie by smaller stable MatDB ID. Do not use PBE or GW gap values.",pbe_metadata + source_recovery:pbe
current-nlr-pbe-gw-v1:composition:2be3a2dc13029b88dfe113142f1039138c6045091c2a2a96a7d37361340f7497,Nb4 O6 Sr,196108,,[],123,123,-7.819,0.051,"Within each normalized composition in the finite PBE/FERE source domain, select the row with the lowest finite total energy per atom; break an exact displayed-energy tie by smaller stable MatDB ID. Do not use PBE or GW gap values.",pbe_metadata + source_recovery:pbe
current-nlr-pbe-gw-v1:composition:c9cbb823d057da351c25406ee18a95f4a30a8a2da3f9b80f3457f0aef8a54b20,Nb5 O Pt3,148223,,[],193,38,-6.531,0.038,"Within each normalized composition in the finite PBE/FERE source domain, select the row with the lowest finite total energy per atom; break an exact displayed-energy tie by smaller stable MatDB ID. Do not use PBE or GW gap values.",pbe_metadata + source_recovery:pbe
current-nlr-pbe-gw-v1:composition:6ec2f9050ff1e0afb06146e22ec4af2fdda4c9ac7c53252fc563eb18239f5be5,Nb5 O16 Sr5,149191,,[],31,6,-7.557,0.224,"Within each normalized composition in the finite PBE/FERE source domain, select the row with the lowest finite total energy per atom; break an exact displayed-energy tie by smaller stable MatDB ID. Do not use PBE or GW gap values.",pbe_metadata + source_recovery:pbe
current-nlr-pbe-gw-v1:composition:554dbd130ccb486a0218a577fcf9878b9011a5b1dba3212cf5ed2e9cad279b70,Nb5 O17 Sr5,149345,,[],58,2,-7.647,0.041,"Within each normalized composition in the finite PBE/FERE source domain, select the row with the lowest finite total energy per atom; break an exact displayed-energy tie by smaller stable MatDB ID. Do not use PBE or GW gap values.",pbe_metadata + source_recovery:pbe
current-nlr-pbe-gw-v1:composition:29ace4f429c1ba14b917dc2f29ffe7e99053def67bf56d854fd82a8e86132a98,Nb5 O9 Sr2,182354,,[],123,123,-7.739,0.039,"Within each normalized composition in the finite PBE/FERE source domain, select the row with the lowest finite total energy per atom; break an exact displayed-energy tie by smaller stable MatDB ID. Do not use PBE or GW gap values.",pbe_metadata + source_recovery:pbe
current-nlr-pbe-gw-v1:composition:88d9bbc271a5644353422d578cbbfad5046cd28e2250e4d5b624f0cbebc558ca,Nb6 O16 Sr,195961,,[],38,38,-8.072,2.021,"Within each normalized composition in the finite PBE/FERE source domain, select the row with the lowest finite total energy per atom; break an exact displayed-energy tie by smaller stable MatDB ID. Do not use PBE or GW gap values.",pbe_metadata + source_recovery:pbe
current-nlr-pbe-gw-v1:composition:cbb84f393f6a7e97887b39a8bce3221ea11db2b36356b855d8383147180737f1,Nb6 O21 Sr7,167019,,[],148,2,-7.544,0.046,"Within each normalized composition in the finite PBE/FERE source domain, select the row with the lowest finite total energy per atom; break an exact displayed-energy tie by smaller stable MatDB ID. Do not use PBE or GW gap values.",pbe_metadata + source_recovery:pbe
current-nlr-pbe-gw-v1:composition:6d4af465cc6df1b4cd2fe282ed0ea042b56af7d7e1243b724c7028b46092f34e,Nb8 O14 Sr,195971,,[],55,55,-8.059,0.54,"Within each normalized composition in the finite PBE/FERE source domain, select the row with the lowest finite total energy per atom; break an exact displayed-energy tie by smaller stable MatDB ID. Do not use PBE or GW gap values.",pbe_metadata + source_recovery:pbe
current-nlr-pbe-gw-v1:composition:7a3eabfe8b7ca6f397d3929015ae41c47c511b789d7e5e71db6d2458a25c4e51,Ni O,10021,10021,[],,225,-5.49,2.333,"Within each normalized composition in the finite PBE/FERE source domain, select the row with the lowest finite total energy per atom; break an exact displayed-energy tie by smaller stable MatDB ID. Do not use PBE or GW gap values.",pbe_metadata + source_recovery:pbe
current-nlr-pbe-gw-v1:composition:6099d4d2206cc8f22dc6286aa588b7756a2c6f129b987321efd64e9bfc1ee99b,Ni O2,149005,,[],166,166,-5.258,1.371,"Within each normalized composition in the finite PBE/FERE source domain, select the row with the lowest finite total energy per atom; break an exact displayed-energy tie by smaller stable MatDB ID. Do not use PBE or GW gap values.",pbe_metadata + source_recovery:pbe
current-nlr-pbe-gw-v1:composition:01e9760cae64211574fddc128ba38dd2bfb4d6315f404c1f6aa3885b3d8e3dd2,Ni O2 Rb2,165351,,[],139,139,-4.333,1.882,"Within each normalized composition in the finite PBE/FERE source domain, select the row with the lowest finite total energy per atom; break an exact displayed-energy tie by smaller stable MatDB ID. Do not use PBE or GW gap values.",pbe_metadata + source_recovery:pbe
current-nlr-pbe-gw-v1:composition:e6e3360a31ffd6ab7079783fe8984ab4cba0507c65991d9fcce17721d015ee2e,Ni O2 Sr,129439,,[],63,63,-5.731,0.532,"Within each normalized composition in the finite PBE/FERE source domain, select the row with the lowest finite total energy per atom; break an exact displayed-energy tie by smaller stable MatDB ID. Do not use PBE or GW gap values.",pbe_metadata + source_recovery:pbe
current-nlr-pbe-gw-v1:composition:807cc57aee20386a0ef7a332b177eba0accfb93c611963a86dd3297585e7d4d9,Ni O3 Sn,290120,290120,[],,161,-5.969,1.201,"Within each normalized composition in the finite PBE/FERE source domain, select the row with the lowest finite total energy per atom; break an exact displayed-energy tie by smaller stable MatDB ID. Do not use PBE or GW gap values.",pbe_metadata + source_recovery:pbe
current-nlr-pbe-gw-v1:composition:aa6d2673163162809fb2d70abf4078e09c74e8d434dbf2ed9b6825b09ba23421,Ni O3 Ti,149539,,[],148,148,-7.116,2.205,"Within each normalized composition in the finite PBE/FERE source domain, select the row with the lowest finite total energy per atom; break an exact displayed-energy tie by smaller stable MatDB ID. Do not use PBE or GW gap values.",pbe_metadata + source_recovery:pbe
current-nlr-pbe-gw-v1:composition:94087267641d90329f945e860f162c3fb38166c348d138566d1ad4f76b0acfd6,Ni O3 Y,196079,,[],14,14,-7.075,0.527,"Within each normalized composition in the finite PBE/FERE source domain, select the row with the lowest finite total energy per atom; break an exact displayed-energy tie by smaller stable MatDB ID. Do not use PBE or GW gap values.",pbe_metadata + source_recovery:pbe
current-nlr-pbe-gw-v1:composition:0017bb37cea33c1fe93eb12fc24c78c21a52e317514088fdbbd40e28d2d30e0c,Ni O4 Rh2,194748,,[],141,74,-5.583,0.872,"Within each normalized composition in the finite PBE/FERE source domain, select the row with the lowest finite total energy per atom; break an exact displayed-energy tie by smaller stable MatDB ID. Do not use PBE or GW gap values.",pbe_metadata + source_recovery:pbe
current-nlr-pbe-gw-v1:composition:fad3d4e299563f712706c25feaea7739912a807ccbee87183edd8b25dc5909d3,Ni O4 W,148791,,[],13,13,-7.373,2.27,"Within each normalized composition in the finite PBE/FERE source domain, select the row with the lowest finite total energy per atom; break an exact displayed-energy tie by smaller stable MatDB ID. Do not use PBE or GW gap values.",pbe_metadata + source_recovery:pbe
current-nlr-pbe-gw-v1:composition:5f4c5f9cfdaff616d51917218b57ab941cd543444ff25225171b757f86be6789,Ni O6 Pb Sr3,195448,,[],167,167,-5.866,0.695,"Within each normalized composition in the finite PBE/FERE source domain, select the row with the lowest finite total energy per atom; break an exact displayed-energy tie by smaller stable MatDB ID. Do not use PBE or GW gap values.",pbe_metadata + source_recovery:pbe
current-nlr-pbe-gw-v1:composition:991f8c757a32c798669f32db80479aa36d5f348ad0873395d4f3b1766552c088,Ni O6 Pt Sr3,196237,,[],167,15,-5.797,1.724,"Within each normalized composition in the finite PBE/FERE source domain, select the row with the lowest finite total energy per atom; break an exact displayed-energy tie by smaller stable MatDB ID. Do not use PBE or GW gap values.",pbe_metadata + source_recovery:pbe
current-nlr-pbe-gw-v1:composition:ef5366cefe3f4dd2c62824cd820065eaf64a2bc0b5f823418a5f78a7027c40e3,Ni O6 Rh Sr3,194350,,[],167,15,-5.915,0.572,"Within each normalized composition in the finite PBE/FERE source domain, select the row with the lowest finite total energy per atom; break an exact displayed-energy tie by smaller stable MatDB ID. Do not use PBE or GW gap values.",pbe_metadata + source_recovery:pbe
current-nlr-pbe-gw-v1:composition:e0c52f5b898f3190a6ae2b4efef665710c4ab076afe1ba96c738bcc17fa1d72b,Ni O6 Sc Sr3,129961,,[],167,15,-6.552,0.722,"Within each normalized composition in the finite PBE/FERE source domain, select the row with the lowest finite total energy per atom; break an exact displayed-energy tie by smaller stable MatDB ID. Do not use PBE or GW gap values.",pbe_metadata + source_recovery:pbe
current-nlr-pbe-gw-v1:composition:66150fe0eaf3502acea29cf113513db82dfcd38fea78e00295f6e2e30f300ffa,Ni O6 Sr2 W,181296,,[],87,87,-7.076,2.174,"Within each normalized composition in the finite PBE/FERE source domain, select the row with the lowest finite total energy per atom; break an exact displayed-energy tie by smaller stable MatDB ID. Do not use PBE or GW gap values.",pbe_metadata + source_recovery:pbe
current-nlr-pbe-gw-v1:composition:c82286c4cee14b29ba390ef463ed1b4c52b49f84fe2fac0317ab54ba3a24566a,Ni O6 V2,129793,,[],2,2,-7.087,1.764,"Within each normalized composition in the finite PBE/FERE source domain, select the row with the lowest finite total energy per atom; break an exact displayed-energy tie by smaller stable MatDB ID. Do not use PBE or GW gap values.",pbe_metadata + source_recovery:pbe
current-nlr-pbe-gw-v1:composition:c42218a7e300d34331e2a043ce1a4208f7a6c911e4ec5e9bf9542c468a941e2f,Ni2 O4 Si,148342,,[],62,14,-6.474,2.325,"Within each normalized composition in the finite PBE/FERE source domain, select the row with the lowest finite total energy per atom; break an exact displayed-energy tie by smaller stable MatDB ID. Do not use PBE or GW gap values.",pbe_metadata + source_recovery:pbe
current-nlr-pbe-gw-v1:composition:e847d0b70ebd40c24bc832c65fe0e3cebb15abe36414cf756fbf685411b119c0,Ni2 O4 Sn,290171,290171,[],,55,-5.791,1.9,"Within each normalized composition in the finite PBE/FERE source domain, select the row with the lowest finite total energy per atom; break an exact displayed-energy tie by smaller stable MatDB ID. Do not use PBE or GW gap values.",pbe_metadata + source_recovery:pbe
current-nlr-pbe-gw-v1:composition:37018ee35dc87c769607bf5c78e62f28757de9ab2a0d90206044a4f09879af2b,Ni2 O7 V2,129434,,[],14,14,-6.819,2.086,"Within each normalized composition in the finite PBE/FERE source domain, select the row with the lowest finite total energy per atom; break an exact displayed-energy tie by smaller stable MatDB ID. Do not use PBE or GW gap values.",pbe_metadata + source_recovery:pbe
current-nlr-pbe-gw-v1:composition:6d792af708025e06e74b7b813f8ea6f5c921be051612deb1f859155c60e3d035,Ni2 O8 Sr V2,196176,,[],110,5,-6.83,2.277,"Within each normalized composition in the finite PBE/FERE source domain, select the row with the lowest finite total energy per atom; break an exact displayed-energy tie by smaller stable MatDB ID. Do not use PBE or GW gap values.",pbe_metadata + source_recovery:pbe
current-nlr-pbe-gw-v1:composition:87c40fecc6ef4fafb41a083369b71ba0a54ec2de61319e2029c3615775f33976,Ni3 O Ti3,130156,,[],227,160,-5.625,0.038,"Within each normalized composition in the finite PBE/FERE source domain, select the row with the lowest finite total energy per atom; break an exact displayed-energy tie by smaller stable MatDB ID. Do not use PBE or GW gap values.",pbe_metadata + source_recovery:pbe
current-nlr-pbe-gw-v1:composition:1f7bce7083a824f038b4c66f8af06941f1008d515c56dd780dc14264e56ce936,Ni3 O8 V2,129960,,[],64,64,-6.622,2.052,"Within each normalized composition in the finite PBE/FERE source domain, select the row with the lowest finite total energy per atom; break an exact displayed-energy tie by smaller stable MatDB ID. Do not use PBE or GW gap values.",pbe_metadata + source_recovery:pbe
current-nlr-pbe-gw-v1:composition:76cefcee0082a3431c4508dc657420bc53f78abff8de0bd39a3e3eb1208d8fb9,Ni4 O8 Sr,129335,,[],166,12,-5.534,0.075,"Within each normalized composition in the finite PBE/FERE source domain, select the row with the lowest finite total energy per atom; break an exact displayed-energy tie by smaller stable MatDB ID. Do not use PBE or GW gap values.",pbe_metadata + source_recovery:pbe
current-nlr-pbe-gw-v1:composition:c4694f2e93d5c4e7d51f9c5deb75e6cc8be5e1114178c6a45b6fc2c566a0aa8c,O,112401,,[],12,1,-4.701,1.472,"Within each normalized composition in the finite PBE/FERE source domain, select the row with the lowest finite total energy per atom; break an exact displayed-energy tie by smaller stable MatDB ID. Do not use PBE or GW gap values.",pbe_metadata + source_recovery:pbe
current-nlr-pbe-gw-v1:composition:9cd038ca976f4fbe652e141cc0b6514052d980836a420a8ece0ada117fbf2742,O Pb,110893,,[],129,129,-5.472,1.872,"Within each normalized composition in the finite PBE/FERE source domain, select the row with the lowest finite total energy per atom; break an exact displayed-energy tie by smaller stable MatDB ID. Do not use PBE or GW gap values.",pbe_metadata + source_recovery:pbe
current-nlr-pbe-gw-v1:composition:c9dceec0546e14e78d8969387879c48a7df08951fa7ed31a6064a01266a180cf,O Pb2 Zr2,111783,,[],55,10,-5.94,0.144,"Within each normalized composition in the finite PBE/FERE source domain, select the row with the lowest finite total energy per atom; break an exact displayed-energy tie by smaller stable MatDB ID. Do not use PBE or GW gap values.",pbe_metadata + source_recovery:pbe
current-nlr-pbe-gw-v1:composition:2c12992822ae262d90baaca3068fd9eed59f3383c5f7bd6797f864c18780cc67,O Pd,165746,,[],225,225,-4,0.106,"Within each normalized composition in the finite PBE/FERE source domain, select the row with the lowest finite total energy per atom; break an exact displayed-energy tie by smaller stable MatDB ID. Do not use PBE or GW gap values.",pbe_metadata + source_recovery:pbe
current-nlr-pbe-gw-v1:composition:d1fb776f938949d0a9db6a43f90a3933741240b9a3f88c97e1131e45f67733ed,O Pt,148990,,[],131,131,-4.734,0.201,"Within each normalized composition in the finite PBE/FERE source domain, select the row with the lowest finite total energy per atom; break an exact displayed-energy tie by smaller stable MatDB ID. Do not use PBE or GW gap values.",pbe_metadata + source_recovery:pbe
current-nlr-pbe-gw-v1:composition:bc1cfaa5f888aafc1ea3b83677d92548668ea654b8cee0234ac10524ab604955,O Rb,111502,,[],71,71,-3.964,2.019,"Within each normalized composition in the finite PBE/FERE source domain, select the row with the lowest finite total energy per atom; break an exact displayed-energy tie by smaller stable MatDB ID. Do not use PBE or GW gap values.",pbe_metadata + source_recovery:pbe
current-nlr-pbe-gw-v1:composition:b72b92163394dd3a260a84ebec9d70254867191f0f08c309ef3f61f6a7f231bc,O Rb2,110105,,[],225,225,-3.218,1.371,"Within each normalized composition in the finite PBE/FERE source domain, select the row with the lowest finite total energy per atom; break an exact displayed-energy tie by smaller stable MatDB ID. Do not use PBE or GW gap values.",pbe_metadata + source_recovery:pbe
current-nlr-pbe-gw-v1:composition:e603ddf349ab0319c6d1012ec1b5a340f0e4b814f2d946b29d40171057418d67,O Si Sr3,111433,,[],62,62,-4.415,0.463,"Within each normalized composition in the finite PBE/FERE source domain, select the row with the lowest finite total energy per atom; break an exact displayed-energy tie by smaller stable MatDB ID. Do not use PBE or GW gap values.",pbe_metadata + source_recovery:pbe
current-nlr-pbe-gw-v1:composition:67f9c549d206d3e7eb65c0902ea0856755365f2ab0420a24fc0cbb654a291fa1,O Si Zr,110410,,[],129,129,-7.449,0.154,"Within each normalized composition in the finite PBE/FERE source domain, select the row with the lowest finite total energy per atom; break an exact displayed-energy tie by smaller stable MatDB ID. Do not use PBE or GW gap values.",pbe_metadata + source_recovery:pbe
current-nlr-pbe-gw-v1:composition:9e0a98f1ad78301737ece547c76bca46f0acd1e75860d9ab7a1f86f77ab2262d,O Sn,10055,10055,[],,129,-5.781,0.241,"Within each normalized composition in the finite PBE/FERE source domain, select the row with the lowest finite total energy per atom; break an exact displayed-energy tie by smaller stable MatDB ID. Do not use PBE or GW gap values.",pbe_metadata + source_recovery:pbe
current-nlr-pbe-gw-v1:composition:e9fac0e23e5ce1ebd3bc10bf3b11f3bd7fb2a80c11a0fb84602f0b96e4d11dd7,O Sr,10079,10079,[],,225,-6.073,3.279,"Within each normalized composition in the finite PBE/FERE source domain, select the row with the lowest finite total energy per atom; break an exact displayed-energy tie by smaller stable MatDB ID. Do not use PBE or GW gap values.",pbe_metadata + source_recovery:pbe
current-nlr-pbe-gw-v1:composition:b47bfeaaad8c382cff58bfbee58a11a619ae6f630b9150ef0367ce5debc2acd1,O Ti,112337,,[],12,12,-7.769,0.042,"Within each normalized composition in the finite PBE/FERE source domain, select the row with the lowest finite total energy per atom; break an exact displayed-energy tie by smaller stable MatDB ID. Do not use PBE or GW gap values.",pbe_metadata + source_recovery:pbe
current-nlr-pbe-gw-v1:composition:c2948029799dde025841fbc7aa000d2a5d192ef30cdd92b7ea817f9c5c969708,O V,148846,,[],225,225,-7.83,0.726,"Within each normalized composition in the finite PBE/FERE source domain, select the row with the lowest finite total energy per atom; break an exact displayed-energy tie by smaller stable MatDB ID. Do not use PBE or GW gap values.",pbe_metadata + source_recovery:pbe
current-nlr-pbe-gw-v1:composition:8e3622fa217d79cb57351a0c3c836d0dad927b420ebd7dd183777c05fd8011f6,O V3 Zr3,194841,,[],227,9,-6.957,0.036,"Within each normalized composition in the finite PBE/FERE source domain, select the row with the lowest finite total energy per atom; break an exact displayed-energy tie by smaller stable MatDB ID. Do not use PBE or GW gap values.",pbe_metadata + source_recovery:pbe
current-nlr-pbe-gw-v1:composition:6b16993b9ffa7b4a7e8fd97c430bc59f1ac028887e060b0eefa06972b80407f2,O V8,151183,,[],136,1,-6.56,0.034,"Within each normalized composition in the finite PBE/FERE source domain, select the row with the lowest finite total energy per atom; break an exact displayed-energy tie by smaller stable MatDB ID. Do not use PBE or GW gap values.",pbe_metadata + source_recovery:pbe
current-nlr-pbe-gw-v1:composition:d656df65544a911e926cbde008ed17c82762e94b97ba1cbb1c6c338e99b22aea,O Zn,10116,10116,[],,186,-4.569,0.738,"Within each normalized composition in the finite PBE/FERE source domain, select the row with the lowest finite total energy per atom; break an exact displayed-energy tie by smaller stable MatDB ID. Do not use PBE or GW gap values.",pbe_metadata + source_recovery:pbe
current-nlr-pbe-gw-v1:composition:af024fb286debb73b9f41b3dec3620ef88a80395b756cb754a91c2889437c7b7,O Zr2,110148,,[],224,5,-7.659,0.033,"Within each normalized composition in the finite PBE/FERE source domain, select the row with the lowest finite total energy per atom; break an exact displayed-energy tie by smaller stable MatDB ID. Do not use PBE or GW gap values.",pbe_metadata + source_recovery:pbe
current-nlr-pbe-gw-v1:composition:a6656dbe29499e226043161b05d0b58382fe53277cc04b689a1509f233f411c2,O10 Ru3 Sr2,150254,,[],12,12,-6.176,0.038,"Within each normalized composition in the finite PBE/FERE source domain, select the row with the lowest finite total energy per atom; break an exact displayed-energy tie by smaller stable MatDB ID. Do not use PBE or GW gap values.",pbe_metadata + source_recovery:pbe
current-nlr-pbe-gw-v1:composition:f97893d1c4e7ddb55276ade14d6ed2c787ba17119ed7928337ed55a9e9cd2765,O10 Ru3 Sr4,129680,,[],55,1,-6.361,0.487,"Within each normalized composition in the finite PBE/FERE source domain, select the row with the lowest finite total energy per atom; break an exact displayed-energy tie by smaller stable MatDB ID. Do not use PBE or GW gap values.",pbe_metadata + source_recovery:pbe
current-nlr-pbe-gw-v1:composition:2ec8047f482fc699da159e14ed8457dcde22c374f3badcfc31b6823bffa39f87,O10 Si3 Sr Y2,111999,,[],2,2,-8.076,4.805,"Within each normalized composition in the finite PBE/FERE source domain, select the row with the lowest finite total energy per atom; break an exact displayed-energy tie by smaller stable MatDB ID. Do not use PBE or GW gap values.",pbe_metadata + source_recovery:pbe
current-nlr-pbe-gw-v1:composition:5ba3f544cfb559c54104c7e6325ed5317ac33b43c1be916a859a5d5465dd498d,O10 Sr V4,180781,,[],2,2,-7.593,1.526,"Within each normalized composition in the finite PBE/FERE source domain, select the row with the lowest finite total energy per atom; break an exact displayed-energy tie by smaller stable MatDB ID. Do not use PBE or GW gap values.",pbe_metadata + source_recovery:pbe
current-nlr-pbe-gw-v1:composition:28a812be1dbdd941396ac7a28937ba636d55e5aa425ec3d06efcfa2d03c2e59e,O10 Sr4 Ti3,110852,,[],139,139,-7.443,2.201,"Within each normalized composition in the finite PBE/FERE source domain, select the row with the lowest finite total energy per atom; break an exact displayed-energy tie by smaller stable MatDB ID. Do not use PBE or GW gap values.",pbe_metadata + source_recovery:pbe
current-nlr-pbe-gw-v1:composition:7beba38bc32489eecd635d97cc01bb7845a1242b924bdc2556df9af2690f8d01,O11 Pb Pt4 Sr4,164973,,[],2,2,-5.616,0.947,"Within each normalized composition in the finite PBE/FERE source domain, select the row with the lowest finite total energy per atom; break an exact displayed-energy tie by smaller stable MatDB ID. Do not use PBE or GW gap values.",pbe_metadata + source_recovery:pbe
current-nlr-pbe-gw-v1:composition:f85c097835afa556a916e21f4eeccddceac36e8e42942e1a874d3eb2a574d7fb,O11 Sr V6,194487,,[],194,1,-7.856,0.741,"Within each normalized composition in the finite PBE/FERE source domain, select the row with the lowest finite total energy per atom; break an exact displayed-energy tie by smaller stable MatDB ID. Do not use PBE or GW gap values.",pbe_metadata + source_recovery:pbe
current-nlr-pbe-gw-v1:composition:8c6cd1fb609bd7492d6043d36782d3148ddb8d681281b32968eacff74b46ccc1,O11 Ti6,111295,,[],2,2,-8.213,0.033,"Within each normalized composition in the finite PBE/FERE source domain, select the row with the lowest finite total energy per atom; break an exact displayed-energy tie by smaller stable MatDB ID. Do not use PBE or GW gap values.",pbe_metadata + source_recovery:pbe
current-nlr-pbe-gw-v1:composition:d6b8a53d77d81637045699a4ea739eb9cc981920c9d0e195a9caba4f510097ad,O11 V6,182714,,[],2,1,-7.921,0.748,"Within each normalized composition in the finite PBE/FERE source domain, select the row with the lowest finite total energy per atom; break an exact displayed-energy tie by smaller stable MatDB ID. Do not use PBE or GW gap values.",pbe_metadata + source_recovery:pbe
current-nlr-pbe-gw-v1:composition:8799b856edc15394cbe5b02ea04add4422a08903ea8ed68ba514c1c3f94f8b90,O12 Rb2 Sr V4,165133,,[],125,125,-7.059,2.778,"Within each normalized composition in the finite PBE/FERE source domain, select the row with the lowest finite total energy per atom; break an exact displayed-energy tie by smaller stable MatDB ID. Do not use PBE or GW gap values.",pbe_metadata + source_recovery:pbe
current-nlr-pbe-gw-v1:composition:1ec74c8411f9f93ab21406e1bea184783ae2a6ed28ada936d131fb47c3ac1882,O12 Sc2 W3,130976,,[],60,60,-8.446,4.23,"Within each normalized composition in the finite PBE/FERE source domain, select the row with the lowest finite total energy per atom; break an exact displayed-energy tie by smaller stable MatDB ID. Do not use PBE or GW gap values.",pbe_metadata + source_recovery:pbe
current-nlr-pbe-gw-v1:composition:091c1b3765c846e473c2c920be1dc4e650737e1d9678daf7663e552b00cbd739,O12 W Y6,130253,,[],148,148,-8.715,3.1,"Within each normalized composition in the finite PBE/FERE source domain, select the row with the lowest finite total energy per atom; break an exact displayed-energy tie by smaller stable MatDB ID. Do not use PBE or GW gap values.",pbe_metadata + source_recovery:pbe
current-nlr-pbe-gw-v1:composition:fc132c5cfc17f7d50ab5dd5b43e153627364b477695f39463b2e84cc7f44798b,O12 W3 Y2,166412,,[],60,60,-8.544,4.643,"Within each normalized composition in the finite PBE/FERE source domain, select the row with the lowest finite total energy per atom; break an exact displayed-energy tie by smaller stable MatDB ID. Do not use PBE or GW gap values.",pbe_metadata + source_recovery:pbe
current-nlr-pbe-gw-v1:composition:4d728afaf4870ac71ad11915560cce675da8049af8ac0ed58fbfd3d0d64467cf,O13 Rb2 Ti6,110348,,[],12,12,-7.699,2.968,"Within each normalized composition in the finite PBE/FERE source domain, select the row with the lowest finite total energy per atom; break an exact displayed-energy tie by smaller stable MatDB ID. Do not use PBE or GW gap values.",pbe_metadata + source_recovery:pbe
current-nlr-pbe-gw-v1:composition:954a26e018532d1e895fb1c922f3a42a53edcba363a11d51a26dec8e8225d8a5,O13 V6,195043,,[],12,8,-7.725,0.176,"Within each normalized composition in the finite PBE/FERE source domain, select the row with the lowest finite total energy per atom; break an exact displayed-energy tie by smaller stable MatDB ID. Do not use PBE or GW gap values.",pbe_metadata + source_recovery:pbe
current-nlr-pbe-gw-v1:composition:aaeb595423095563b09cef2c5ba59dc623741748122b5075c014fdce7dcd5715,O14 Pt Si2 Sr8,195393,,[],5,5,-6.594,2.606,"Within each normalized composition in the finite PBE/FERE source domain, select the row with the lowest finite total energy per atom; break an exact displayed-energy tie by smaller stable MatDB ID. Do not use PBE or GW gap values.",pbe_metadata + source_recovery:pbe
current-nlr-pbe-gw-v1:composition:9594b82935d3e8eb96ebdfdad2c4a49040d6578a2f1387fc18cce3f88ec0916c,O14 Rb3 V5,166577,,[],157,157,-6.998,2.253,"Within each normalized composition in the finite PBE/FERE source domain, select the row with the lowest finite total energy per atom; break an exact displayed-energy tie by smaller stable MatDB ID. Do not use PBE or GW gap values.",pbe_metadata + source_recovery:pbe
current-nlr-pbe-gw-v1:composition:f2a8bfa911f9032328d09c34ea4626c57f14bb8500db00bd4cb627b52ea62cc4,O14 Ru3 Sn15,129746,,[],8,8,-5.814,1.426,"Within each normalized composition in the finite PBE/FERE source domain, select the row with the lowest finite total energy per atom; break an exact displayed-energy tie by smaller stable MatDB ID. Do not use PBE or GW gap values.",pbe_metadata + source_recovery:pbe
current-nlr-pbe-gw-v1:composition:b1764cbee702c0c11dd77b61920671f78642a22c0debc5f3f5166130aa2bd09f,O15 Rb2 Si6 Ti,110091,,[],9,9,-7.533,3.81,"Within each normalized composition in the finite PBE/FERE source domain, select the row with the lowest finite total energy per atom; break an exact displayed-energy tie by smaller stable MatDB ID. Do not use PBE or GW gap values.",pbe_metadata + source_recovery:pbe
current-nlr-pbe-gw-v1:composition:5f3cad86c006a7be6e0964c0d0d354b755295b75b5c05e64b1153631b9c62727,O15 Rh5 Sr6,195933,,[],155,5,-5.945,0.291,"Within each normalized composition in the finite PBE/FERE source domain, select the row with the lowest finite total energy per atom; break an exact displayed-energy tie by smaller stable MatDB ID. Do not use PBE or GW gap values.",pbe_metadata + source_recovery:pbe
current-nlr-pbe-gw-v1:composition:fc0400a4cc37803d1c22faed79c1b30db43a4179bec322f8984d67c55b76fbb3,O15 Sr V10,195238,,[],64,1,-7.944,0.82,"Within each normalized composition in the finite PBE/FERE source domain, select the row with the lowest finite total energy per atom; break an exact displayed-energy tie by smaller stable MatDB ID. Do not use PBE or GW gap values.",pbe_metadata + source_recovery:pbe
current-nlr-pbe-gw-v1:composition:fad42aa79bba71267e5ea3cbfd400d0c39044d10f9ed42c8e4062707453993c2,O15 Sr V6,165214,,[],14,1,-7.564,0.644,"Within each normalized composition in the finite PBE/FERE source domain, select the row with the lowest finite total energy per atom; break an exact displayed-energy tie by smaller stable MatDB ID. Do not use PBE or GW gap values.",pbe_metadata + source_recovery:pbe
current-nlr-pbe-gw-v1:composition:be57e73b382edadd5b8cbc045104b634ac487f29c8fbb6c52b2ebe9b23fcb915,O16 V13,149728,,[],141,1,-8.017,0.332,"Within each normalized composition in the finite PBE/FERE source domain, select the row with the lowest finite total energy per atom; break an exact displayed-energy tie by smaller stable MatDB ID. Do not use PBE or GW gap values.",pbe_metadata + source_recovery:pbe
current-nlr-pbe-gw-v1:composition:e5eb5e63154d93827a3b42668f3562f574f940d0fffb6c11672feb19012667c7,O17 Pb11 Si3,110398,,[],2,2,-6.194,2.038,"Within each normalized composition in the finite PBE/FERE source domain, select the row with the lowest finite total energy per atom; break an exact displayed-energy tie by smaller stable MatDB ID. Do not use PBE or GW gap values.",pbe_metadata + source_recovery:pbe
current-nlr-pbe-gw-v1:composition:332121730668eadff0571890a179e12eee493c2d32e576fff84d4400aceeccd0,O17 Rb10 Si6,112073,,[],61,61,-6.177,3.504,"Within each normalized composition in the finite PBE/FERE source domain, select the row with the lowest finite total energy per atom; break an exact displayed-energy tie by smaller stable MatDB ID. Do not use PBE or GW gap values.",pbe_metadata + source_recovery:pbe
current-nlr-pbe-gw-v1:composition:fbd0e15b0f9d37637d83e7399a71bcb8c04c25c0bf239b06d46aef327191efa4,O18 Sr V13,130543,,[],148,1,-7.943,0.851,"Within each normalized composition in the finite PBE/FERE source domain, select the row with the lowest finite total energy per atom; break an exact displayed-energy tie by smaller stable MatDB ID. Do not use PBE or GW gap values.",pbe_metadata + source_recovery:pbe
current-nlr-pbe-gw-v1:composition:39b6fced613bdb12c9350a8c6ad89c09417ebaa2deab5fe599ffb53fa2f284ef,O2 Pb,110169,,[],136,136,-5.399,0.162,"Within each normalized composition in the finite PBE/FERE source domain, select the row with the lowest finite total energy per atom; break an exact displayed-energy tie by smaller stable MatDB ID. Do not use PBE or GW gap values.",pbe_metadata + source_recovery:pbe
current-nlr-pbe-gw-v1:composition:c6a56fb0dfc5a4203b88f7156c2ea6873babf9afe0ea592f7f4e9b8a4ffbb846,O2 Pb Pd,150404,,[],74,74,-5.014,0.158,"Within each normalized composition in the finite PBE/FERE source domain, select the row with the lowest finite total energy per atom; break an exact displayed-energy tie by smaller stable MatDB ID. Do not use PBE or GW gap values.",pbe_metadata + source_recovery:pbe
current-nlr-pbe-gw-v1:composition:b4ff6818725532a876e4810d40c811485bd369d2d9c9bf79affe82097dd5508f,O2 Pb Rb2,111638,,[],2,2,-4.351,2.038,"Within each normalized composition in the finite PBE/FERE source domain, select the row with the lowest finite total energy per atom; break an exact displayed-energy tie by smaller stable MatDB ID. Do not use PBE or GW gap values.",pbe_metadata + source_recovery:pbe
current-nlr-pbe-gw-v1:composition:210b882d75c2279318ddeb72cedc2346655b6519da257e4290041d59815bc93c,O2 Pt,165333,,[],186,186,-5.059,1.96,"Within each normalized composition in the finite PBE/FERE source domain, select the row with the lowest finite total energy per atom; break an exact displayed-energy tie by smaller stable MatDB ID. Do not use PBE or GW gap values.",pbe_metadata + source_recovery:pbe
current-nlr-pbe-gw-v1:composition:718f435d273adecc821529f92e65781d1436a865c2174b84a4d9ef1dabe1d7ec,O2 Rb Sc,111015,,[],194,194,-6.685,3.798,"Within each normalized composition in the finite PBE/FERE source domain, select the row with the lowest finite total energy per atom; break an exact displayed-energy tie by smaller stable MatDB ID. Do not use PBE or GW gap values.",pbe_metadata + source_recovery:pbe
current-nlr-pbe-gw-v1:composition:7b29a14175911d435231139b3357a2d7f5afec9573c9b0b190d0a21ed61d8c81,O2 Rb Y,110172,,[],166,166,-6.784,3.66,"Within each normalized composition in the finite PBE/FERE source domain, select the row with the lowest finite total energy per atom; break an exact displayed-energy tie by smaller stable MatDB ID. Do not use PBE or GW gap values.",pbe_metadata + source_recovery:pbe
current-nlr-pbe-gw-v1:composition:dc1b4a2d78aebb56e4912d844ed2fb7169002ca7992b2fee52f6b0fcb2e7f4a6,O2 Rb2 Sn,110479,,[],19,19,-4.555,2.239,"Within each normalized composition in the finite PBE/FERE source domain, select the row with the lowest finite total energy per atom; break an exact displayed-energy tie by smaller stable MatDB ID. Do not use PBE or GW gap values.",pbe_metadata + source_recovery:pbe
current-nlr-pbe-gw-v1:composition:f0129a926448069b1958dbf5c11bd68a7acf2e1cbc209daa5388b256dac801bf,O2 Rb2 Zn,112179,,[],14,14,-3.909,1.52,"Within each normalized composition in the finite PBE/FERE source domain, select the row with the lowest finite total energy per atom; break an exact displayed-energy tie by smaller stable MatDB ID. Do not use PBE or GW gap values.",pbe_metadata + source_recovery:pbe
current-nlr-pbe-gw-v1:composition:aae15e68b5cedeb08874a1388f464224454f5372afbd7c7646f6348e10225736,O2 Rb9,111072,,[],11,11,-2.237,0.049,"Within each normalized composition in the finite PBE/FERE source domain, select the row with the lowest finite total energy per atom; break an exact displayed-energy tie by smaller stable MatDB ID. Do not use PBE or GW gap values.",pbe_metadata + source_recovery:pbe
current-nlr-pbe-gw-v1:composition:afe459b6be3037f8926f478891d7e712a8769997dc68268fbb751125ef3899e9,O2 Ru,148895,,[],136,14,-6.352,0.046,"Within each normalized composition in the finite PBE/FERE source domain, select the row with the lowest finite total energy per atom; break an exact displayed-energy tie by smaller stable MatDB ID. Do not use PBE or GW gap values.",pbe_metadata + source_recovery:pbe
current-nlr-pbe-gw-v1:composition:6523928fd5485073bec2572e48b522da25bd00f3652e39046494f288b07c5947,O2 Sb,11672,11672,[],,33,-6.072,1.873,"Within each normalized composition in the finite PBE/FERE source domain, select the row with the lowest finite total energy per atom; break an exact displayed-energy tie by smaller stable MatDB ID. Do not use PBE or GW gap values.",pbe_metadata + source_recovery:pbe
current-nlr-pbe-gw-v1:composition:c6b7c80f6a092448302c44b2537d521ef887cdfbf3e1273379b1d5b8c6059c38,O2 Si,111369,,[],122,122,-7.91,5.643,"Within each normalized composition in the finite PBE/FERE source domain, select the row with the lowest finite total energy per atom; break an exact displayed-energy tie by smaller stable MatDB ID. Do not use PBE or GW gap values.",pbe_metadata + source_recovery:pbe
current-nlr-pbe-gw-v1:composition:db5b698b45b68b29f6dd2ae7bffb551404d870e3f7a5487f11c8d94ec5de96ab,O2 Sn,10063,10063,[],,136,-6.306,0.681,"Within each normalized composition in the finite PBE/FERE source domain, select the row with the lowest finite total energy per atom; break an exact displayed-energy tie by smaller stable MatDB ID. Do not use PBE or GW gap values.",pbe_metadata + source_recovery:pbe
current-nlr-pbe-gw-v1:composition:12005d368d5c3f604c5f46fde356c03bc2dc959dec69e9bd9e731b1891209b7f,O2 Sr,110859,,[],139,139,-5.751,2.695,"Within each normalized composition in the finite PBE/FERE source domain, select the row with the lowest finite total energy per atom; break an exact displayed-energy tie by smaller stable MatDB ID. Do not use PBE or GW gap values.",pbe_metadata + source_recovery:pbe
current-nlr-pbe-gw-v1:composition:7055f8999e1e81a80d2ff33efc3a425354710da69a70fb2df0bbd55481fc433d,O2 Sr Zn,112042,,[],62,62,-5.321,2.082,"Within each normalized composition in the finite PBE/FERE source domain, select the row with the lowest finite total energy per atom; break an exact displayed-energy tie by smaller stable MatDB ID. Do not use PBE or GW gap values.",pbe_metadata + source_recovery:pbe
current-nlr-pbe-gw-v1:composition:a090df15aa51b241da0775d1c3231daa33783fb329ede3fe132e9c2d70d014f8,O2 Te,285222,,[],,96,-5.376,2.772,"Within each normalized composition in the finite PBE/FERE source domain, select the row with the lowest finite total energy per atom; break an exact displayed-energy tie by smaller stable MatDB ID. Do not use PBE or GW gap values.",pbe_metadata + source_recovery:pbe
current-nlr-pbe-gw-v1:composition:8818fb90b5fd735e55c087b0ff3ce1e6d7d6532a6edde721fffc7f10f450116f,O2 Ti,10549,10549,[],,141,-8.266,2.39,"Within each normalized composition in the finite PBE/FERE source domain, select the row with the lowest finite total energy per atom; break an exact displayed-energy tie by smaller stable MatDB ID. Do not use PBE or GW gap values.",pbe_metadata + source_recovery:pbe
current-nlr-pbe-gw-v1:composition:a1c685c1453f513ce471dcab834bdb02bff03664fe3832750539876a25e4c4a5,O2 V,196968,,[],10,58,-7.858,0.921,"Within each normalized composition in the finite PBE/FERE source domain, select the row with the lowest finite total energy per atom; break an exact displayed-energy tie by smaller stable MatDB ID. Do not use PBE or GW gap values.",pbe_metadata + source_recovery:pbe
current-nlr-pbe-gw-v1:composition:9f6dda0dda06d881a2aa62a5510051235ebaef5fae97feb7f629442cfe68b4a0,O2 W,182655,,[],14,2,-8.482,0.043,"Within each normalized composition in the finite PBE/FERE source domain, select the row with the lowest finite total energy per atom; break an exact displayed-energy tie by smaller stable MatDB ID. Do not use PBE or GW gap values.",pbe_metadata + source_recovery:pbe
current-nlr-pbe-gw-v1:composition:5227efb847b26773e6735ebe317d0666e893f7f24c288fb2465d97e5c3d598b4,O2 Zn,111073,,[],205,205,-4.464,2.057,"Within each normalized composition in the finite PBE/FERE source domain, select the row with the lowest finite total energy per atom; break an exact displayed-energy tie by smaller stable MatDB ID. Do not use PBE or GW gap values.",pbe_metadata + source_recovery:pbe
current-nlr-pbe-gw-v1:composition:5d0ea1f6172ad9cbd6e4a01437ad059705a6dc20ae42dc21832c71c062cbd8f3,O2 Zr,111725,,[],14,14,-8.964,3.795,"Within each normalized composition in the finite PBE/FERE source domain, select the row with the lowest finite total energy per atom; break an exact displayed-energy tie by smaller stable MatDB ID. Do not use PBE or GW gap values.",pbe_metadata + source_recovery:pbe
current-nlr-pbe-gw-v1:composition:cfcedd6a84614599a3d416f33d4cd4f569fe45e7f076dc96e76d7289e6eb039b,O20 Sr Ti11,110996,,[],2,1,-8.096,0.136,"Within each normalized composition in the finite PBE/FERE source domain, select the row with the lowest finite total energy per atom; break an exact displayed-energy tie by smaller stable MatDB ID. Do not use PBE or GW gap values.",pbe_metadata + source_recovery:pbe
current-nlr-pbe-gw-v1:composition:72c75a33448278837e4c5233c96860dbb3a9a607ffdc94849ddc39f4a898a4f0,O21 Si6 Sr7 Zr,110870,,[],2,148,-7.476,4.415,"Within each normalized composition in the finite PBE/FERE source domain, select the row with the lowest finite total energy per atom; break an exact displayed-energy tie by smaller stable MatDB ID. Do not use PBE or GW gap values.",pbe_metadata + source_recovery:pbe
current-nlr-pbe-gw-v1:composition:d388f8d158646a83169a05ebe617a1c1655bdc1faffce420e2cb4f00c7151dd6,O21 W2 Y10,195333,,[],60,60,-8.707,2.847,"Within each normalized composition in the finite PBE/FERE source domain, select the row with the lowest finite total energy per atom; break an exact displayed-energy tie by smaller stable MatDB ID. Do not use PBE or GW gap values.",pbe_metadata + source_recovery:pbe
current-nlr-pbe-gw-v1:composition:ce033c08ff973ce42aa6237312c8ac2a558851ef7af1adc02be26df3f9c7b192,O22 Si4 Sr4 Ti5,111358,,[],12,12,-7.784,2.149,"Within each normalized composition in the finite PBE/FERE source domain, select the row with the lowest finite total energy per atom; break an exact displayed-energy tie by smaller stable MatDB ID. Do not use PBE or GW gap values.",pbe_metadata + source_recovery:pbe
current-nlr-pbe-gw-v1:composition:1f4c557b5dedc7e6a587ef4b716307835cb10cd9159da6845a87708b61c5a96c,O22 Sn5 W8,183991,,[],176,176,-7.745,1.702,"Within each normalized composition in the finite PBE/FERE source domain, select the row with the lowest finite total energy per atom; break an exact displayed-energy tie by smaller stable MatDB ID. Do not use PBE or GW gap values.",pbe_metadata + source_recovery:pbe
current-nlr-pbe-gw-v1:composition:c56c7999dbef9fc0410aef99bb182fe2702ca659f6433cbff7042c6dadc032e1,O23 Rb6 Si10,110168,,[],38,38,-7.065,4.314,"Within each normalized composition in the finite PBE/FERE source domain, select the row with the lowest finite total energy per atom; break an exact displayed-energy tie by smaller stable MatDB ID. Do not use PBE or GW gap values.",pbe_metadata + source_recovery:pbe
current-nlr-pbe-gw-v1:composition:50cbc05ad3443e533c9c5a52193a66db6e6feb6c4c38c00913db0ea1ad53aa4b,O23 Sn5 W8,181616,,[],176,1,-7.613,0.632,"Within each normalized composition in the finite PBE/FERE source domain, select the row with the lowest finite total energy per atom; break an exact displayed-energy tie by smaller stable MatDB ID. Do not use PBE or GW gap values.",pbe_metadata + source_recovery:pbe
current-nlr-pbe-gw-v1:composition:3159c2b7d14a54cf6b43f77660649953aafada63c5d201462e1d55f3fc8ebcd3,O3 Pb Rb2,111127,,[],36,36,-4.646,1.277,"Within each normalized composition in the finite PBE/FERE source domain, select the row with the lowest finite total energy per atom; break an exact displayed-energy tie by smaller stable MatDB ID. Do not use PBE or GW gap values.",pbe_metadata + source_recovery:pbe
current-nlr-pbe-gw-v1:composition:b63508e99b0ddacbae5bb5f72e9568661d6458b191b271c63f7038df2233bff0,O3 Pb Rb4,111745,,[],61,61,-3.974,2.223,"Within each normalized composition in the finite PBE/FERE source domain, select the row with the lowest finite total energy per atom; break an exact displayed-energy tie by smaller stable MatDB ID. Do not use PBE or GW gap values.",pbe_metadata + source_recovery:pbe
current-nlr-pbe-gw-v1:composition:7e0f35e7d60be7fe6b7cf004f9828e47373b90245dda0f6ea96a16d144a807cf,O3 Pb Si,111053,,[],13,13,-6.978,3.357,"Within each normalized composition in the finite PBE/FERE source domain, select the row with the lowest finite total energy per atom; break an exact displayed-energy tie by smaller stable MatDB ID. Do not use PBE or GW gap values.",pbe_metadata + source_recovery:pbe
current-nlr-pbe-gw-v1:composition:b2844b21cae24e6cb35e9cec8cd1f690d846ece356d9d86f367c8830bbc003c8,O3 Pb Sr,112194,,[],62,62,-5.812,0.866,"Within each normalized composition in the finite PBE/FERE source domain, select the row with the lowest finite total energy per atom; break an exact displayed-energy tie by smaller stable MatDB ID. Do not use PBE or GW gap values.",pbe_metadata + source_recovery:pbe
current-nlr-pbe-gw-v1:composition:c33c24a4557838753c9253f0bf2413664447124a790dd5227a03d55dea666245,O3 Pb Ti,111129,,[],99,99,-7.167,2.287,"Within each normalized composition in the finite PBE/FERE source domain, select the row with the lowest finite total energy per atom; break an exact displayed-energy tie by smaller stable MatDB ID. Do not use PBE or GW gap values.",pbe_metadata + source_recovery:pbe
current-nlr-pbe-gw-v1:composition:be5925264996e2a7b896e3725463cc71131e992db30616607ec98385e96508d8,O3 Pb V,130490,,[],99,99,-6.936,1.353,"Within each normalized composition in the finite PBE/FERE source domain, select the row with the lowest finite total energy per atom; break an exact displayed-energy tie by smaller stable MatDB ID. Do not use PBE or GW gap values.",pbe_metadata + source_recovery:pbe
current-nlr-pbe-gw-v1:composition:425434bd3bd700f7f195882d115c986812b61b3e7fff9391b644b83466a98251,O3 Pb Zr,112227,,[],55,55,-7.544,2.737,"Within each normalized composition in the finite PBE/FERE source domain, select the row with the lowest finite total energy per atom; break an exact displayed-energy tie by smaller stable MatDB ID. Do not use PBE or GW gap values.",pbe_metadata + source_recovery:pbe
current-nlr-pbe-gw-v1:composition:df6f413b7bf22d5251ce42078c0eb0225db93f37f516c22d93c2d0cc733b5fb8,O3 Pb2,112051,,[],14,14,-5.453,1.103,"Within each normalized composition in the finite PBE/FERE source domain, select the row with the lowest finite total energy per atom; break an exact displayed-energy tie by smaller stable MatDB ID. Do not use PBE or GW gap values.",pbe_metadata + source_recovery:pbe
current-nlr-pbe-gw-v1:composition:7e3a17a91b68e89d90f09a3ed7f30e4ec2411ce2d526b18232b6fa8c8a452962,O3 Pd Sr2,181549,,[],71,71,-5.638,0.934,"Within each normalized composition in the finite PBE/FERE source domain, select the row with the lowest finite total energy per atom; break an exact displayed-energy tie by smaller stable MatDB ID. Do not use PBE or GW gap values.",pbe_metadata + source_recovery:pbe
current-nlr-pbe-gw-v1:composition:4cddf1717c5293ff526641b3dda1fcd26e3a884a3b707c0fe43d98b3d0ef23ce,O3 Rb,111807,,[],14,2,-4.486,0.218,"Within each normalized composition in the finite PBE/FERE source domain, select the row with the lowest finite total energy per atom; break an exact displayed-energy tie by smaller stable MatDB ID. Do not use PBE or GW gap values.",pbe_metadata + source_recovery:pbe
current-nlr-pbe-gw-v1:composition:d4fd56d10101dce05f2341d397f4a3a33aabe2a94cbe2a69debeb1e9cd482f30,O3 Rb V,182118,,[],57,57,-6.694,2.985,"Within each normalized composition in the finite PBE/FERE source domain, select the row with the lowest finite total energy per atom; break an exact displayed-energy tie by smaller stable MatDB ID. Do not use PBE or GW gap values.",pbe_metadata + source_recovery:pbe
current-nlr-pbe-gw-v1:composition:3370d4e089c48e5b075ddd3117637c0acd18710c0e2c7d02a15e8f2c4299d904,O3 Rb2 Si,112113,,[],14,14,-5.992,3.48,"Within each normalized composition in the finite PBE/FERE source domain, select the row with the lowest finite total energy per atom; break an exact displayed-energy tie by smaller stable MatDB ID. Do not use PBE or GW gap values.",pbe_metadata + source_recovery:pbe
current-nlr-pbe-gw-v1:composition:e728271699a0ea19e1ad2a41973b1693fa3100aef64cfd0ad370b7e541caa5f5,O3 Rb2 Sn2,112056,,[],166,166,-4.986,1.206,"Within each normalized composition in the finite PBE/FERE source domain, select the row with the lowest finite total energy per atom; break an exact displayed-energy tie by smaller stable MatDB ID. Do not use PBE or GW gap values.",pbe_metadata + source_recovery:pbe
current-nlr-pbe-gw-v1:composition:e5f0f1abcfdf758785cde544a3b83acbb5bbfa521421ee764a1cce6369b059f6,O3 Rb2 Ti,112254,,[],64,64,-6.12,3.895,"Within each normalized composition in the finite PBE/FERE source domain, select the row with the lowest finite total energy per atom; break an exact displayed-energy tie by smaller stable MatDB ID. Do not use PBE or GW gap values.",pbe_metadata + source_recovery:pbe
current-nlr-pbe-gw-v1:composition:ed56e33e2cb9b9a758ba5bd2c121f1db0d16bf420fea9f5cca08979950194f4b,O3 Rh2,165271,,[],167,167,-5.65,1.51,"Within each normalized composition in the finite PBE/FERE source domain, select the row with the lowest finite total energy per atom; break an exact displayed-energy tie by smaller stable MatDB ID. Do not use PBE or GW gap values.",pbe_metadata + source_recovery:pbe
current-nlr-pbe-gw-v1:composition:4db3bfa2dfbb6b7db510690062b68d7fad8e96d11f7d0b04d45b69957ca16e8f,O3 Ru Sr,148924,,[],62,62,-6.382,0.567,"Within each normalized composition in the finite PBE/FERE source domain, select the row with the lowest finite total energy per atom; break an exact displayed-energy tie by smaller stable MatDB ID. Do not use PBE or GW gap values.",pbe_metadata + source_recovery:pbe
current-nlr-pbe-gw-v1:composition:7dd31d64ed4c2a34d10203aaaefbc971e895236e54feac9cf71ef248f1054edb,O3 Sb2,9375,,[],,56,-5.975,2.194,"Within each normalized composition in the finite PBE/FERE source domain, select the row with the lowest finite total energy per atom; break an exact displayed-energy tie by smaller stable MatDB ID. Do not use PBE or GW gap values.",pbe_metadata + source_recovery:pbe
current-nlr-pbe-gw-v1:composition:ce6436ee93264c9a54289bd2877d5561d1cb1f2e6c30314e08f0686c4cea7278,O3 Sc2,10681,10681,[],,206,-8.594,4.304,"Within each normalized composition in the finite PBE/FERE source domain, select the row with the lowest finite total energy per atom; break an exact displayed-energy tie by smaller stable MatDB ID. Do not use PBE or GW gap values.",pbe_metadata + source_recovery:pbe
current-nlr-pbe-gw-v1:composition:08d01af4de6bfdd2f6f0f2b0bff11abc579f1dd2d1ba06122cea54a673c1a802,O3 Si Sr,111469,,[],15,15,-7.417,4.618,"Within each normalized composition in the finite PBE/FERE source domain, select the row with the lowest finite total energy per atom; break an exact displayed-energy tie by smaller stable MatDB ID. Do not use PBE or GW gap values.",pbe_metadata + source_recovery:pbe
current-nlr-pbe-gw-v1:composition:f77905b0a9355de55f9d3e3f41f392566c09cd1e626268a3cc6c2cf6e0ec04e6,O3 Si Zn,111156,,[],15,15,-6.537,3.474,"Within each normalized composition in the finite PBE/FERE source domain, select the row with the lowest finite total energy per atom; break an exact displayed-energy tie by smaller stable MatDB ID. Do not use PBE or GW gap values.",pbe_metadata + source_recovery:pbe
current-nlr-pbe-gw-v1:composition:944c8f8cd67b95c3b5199346f1943c850061573da22345b2299747a28c5220a0,O3 Sn Sr,290158,290158,[],,62,-6.355,1.733,"Within each normalized composition in the finite PBE/FERE source domain, select the row with the lowest finite total energy per atom; break an exact displayed-energy tie by smaller stable MatDB ID. Do not use PBE or GW gap values.",pbe_metadata + source_recovery:pbe
current-nlr-pbe-gw-v1:composition:d16f8eac747d15377b115cfc063f50eb2aa1ff6de2e78e12189a9d31ddd35185,O3 Sn Zn,112343,,[],161,161,-5.568,1.088,"Within each normalized composition in the finite PBE/FERE source domain, select the row with the lowest finite total energy per atom; break an exact displayed-energy tie by smaller stable MatDB ID. Do not use PBE or GW gap values.",pbe_metadata + source_recovery:pbe
current-nlr-pbe-gw-v1:composition:5031d111b053f45ec52afa7d996b97fde3502e4a0c0fd587439e6d49f7dbc84a,O3 Sn2,286217,,[],,14,-6.084,1.571,"Within each normalized composition in the finite PBE/FERE source domain, select the row with the lowest finite total energy per atom; break an exact displayed-energy tie by smaller stable MatDB ID. Do not use PBE or GW gap values.",pbe_metadata + source_recovery:pbe
current-nlr-pbe-gw-v1:composition:db3c48da7555b77beb14417148c475775893564b81530a1b419ae81574e473a1,O3 Sr Ti,111173,,[],140,140,-7.612,2.232,"Within each normalized composition in the finite PBE/FERE source domain, select the row with the lowest finite total energy per atom; break an exact displayed-energy tie by smaller stable MatDB ID. Do not use PBE or GW gap values.",pbe_metadata + source_recovery:pbe
current-nlr-pbe-gw-v1:composition:cc62dc4cc45a04be1c3f8855c7ca145a701ff0b61bf7d19df7b8bd9538f8d112,O3 Sr Zr,112356,,[],62,62,-7.948,4.078,"Within each normalized composition in the finite PBE/FERE source domain, select the row with the lowest finite total energy per atom; break an exact displayed-energy tie by smaller stable MatDB ID. Do not use PBE or GW gap values.",pbe_metadata + source_recovery:pbe
current-nlr-pbe-gw-v1:composition:1ef5e4c6cabbd0190286effda409105371e11accf155f617ee6a243fbd25a230,O3 Ti Zn,111247,,[],148,148,-6.756,3.172,"Within each normalized composition in the finite PBE/FERE source domain, select the row with the lowest finite total energy per atom; break an exact displayed-energy tie by smaller stable MatDB ID. Do not use PBE or GW gap values.",pbe_metadata + source_recovery:pbe
current-nlr-pbe-gw-v1:composition:b4c90df4f7579f46ae65fda14facf6dfd328cf7764e8673790171fcbd2571878,O3 Ti2,112837,,[],167,167,-8.123,0.484,"Within each normalized composition in the finite PBE/FERE source domain, select the row with the lowest finite total energy per atom; break an exact displayed-energy tie by smaller stable MatDB ID. Do not use PBE or GW gap values.",pbe_metadata + source_recovery:pbe
current-nlr-pbe-gw-v1:composition:869e4dfaed315858001cb9baaa70792998aa296c39673338d35f99f71dd99e67,O3 V Y,181063,,[],14,14,-8.447,1.748,"Within each normalized composition in the finite PBE/FERE source domain, select the row with the lowest finite total energy per atom; break an exact displayed-energy tie by smaller stable MatDB ID. Do not use PBE or GW gap values.",pbe_metadata + source_recovery:pbe
current-nlr-pbe-gw-v1:composition:8ce73a8b4a35a3fdac37e4f90490848ff853a162839df1464560383e9a21c2e3,O3 V16,183043,,[],139,1,-6.749,0.402,"Within each normalized composition in the finite PBE/FERE source domain, select the row with the lowest finite total energy per atom; break an exact displayed-energy tie by smaller stable MatDB ID. Do not use PBE or GW gap values.",pbe_metadata + source_recovery:pbe
current-nlr-pbe-gw-v1:composition:e5c547362e6df680ab02207e9e7e2d24a8cf7d03858bb2692f48982dd3fc1d49,O3 V2,10093,10093,[],,167,-8.109,1.299,"Within each normalized composition in the finite PBE/FERE source domain, select the row with the lowest finite total energy per atom; break an exact displayed-energy tie by smaller stable MatDB ID. Do not use PBE or GW gap values.",pbe_metadata + source_recovery:pbe
current-nlr-pbe-gw-v1:composition:f7438a654b35c9e9615ea7ff7b484adbaa8f877487ad5212bc2efd5ba6368e41,O3 V7,197396,,[],12,8,-7.251,0.644,"Within each normalized composition in the finite PBE/FERE source domain, select the row with the lowest finite total energy per atom; break an exact displayed-energy tie by smaller stable MatDB ID. Do not use PBE or GW gap values.",pbe_metadata + source_recovery:pbe
current-nlr-pbe-gw-v1:composition:f510081ca74621711b1e5951e887198ea25fb01f19f3a4599d2747f79fb8b133,O3 W,148998,,[],60,60,-8.324,1.363,"Within each normalized composition in the finite PBE/FERE source domain, select the row with the lowest finite total energy per atom; break an exact displayed-energy tie by smaller stable MatDB ID. Do not use PBE or GW gap values.",pbe_metadata + source_recovery:pbe
current-nlr-pbe-gw-v1:composition:0b46b8eb4c17a67610c210cd2bc9981f146910d74b9a54439cabadda691905bd,O3 Y2,112403,,[],206,206,-8.731,3.787,"Within each normalized composition in the finite PBE/FERE source domain, select the row with the lowest finite total energy per atom; break an exact displayed-energy tie by smaller stable MatDB ID. Do not use PBE or GW gap values.",pbe_metadata + source_recovery:pbe
current-nlr-pbe-gw-v1:composition:067bcd3cebf7462b898ce8c88e82edf5d758ae4883cead3d06d54cd9841c242b,O35 Zn36,9485,9402,[9626],,156,-4.485,1.323,"Within each normalized composition in the finite PBE/FERE source domain, select the row with the lowest finite total energy per atom; break an exact displayed-energy tie by smaller stable MatDB ID. Do not use PBE or GW gap values.",pbe_metadata + source_recovery:pbe
current-nlr-pbe-gw-v1:composition:879c425bacde5faa23a88e828abfdea9841b7fe0a34a1d5834a1f58904f18168,O36 Zn35,9699,9402,[9626],,156,-4.424,1.106,"Within each normalized composition in the finite PBE/FERE source domain, select the row with the lowest finite total energy per atom; break an exact displayed-energy tie by smaller stable MatDB ID. Do not use PBE or GW gap values.",pbe_metadata + source_recovery:pbe
current-nlr-pbe-gw-v1:composition:d24da6ea0d46df94f1015b00f1cc3441a61d6a1218a47ab414c86ac817ba121b,O4 Pb Si Zn,111309,,[],33,33,-6.303,3.098,"Within each normalized composition in the finite PBE/FERE source domain, select the row with the lowest finite total energy per atom; break an exact displayed-energy tie by smaller stable MatDB ID. Do not use PBE or GW gap values.",pbe_metadata + source_recovery:pbe
current-nlr-pbe-gw-v1:composition:f9ca0cbab20ab78050c0a11f92a48f77b5580670eacf7d008e09d645d2b1e66a,O4 Pb Sr2,112877,,[],55,55,-5.934,1.412,"Within each normalized composition in the finite PBE/FERE source domain, select the row with the lowest finite total energy per atom; break an exact displayed-energy tie by smaller stable MatDB ID. Do not use PBE or GW gap values.",pbe_metadata + source_recovery:pbe
current-nlr-pbe-gw-v1:composition:2d780da6d0fb07071fbc3f630836cf6953248d927655139a8e473b6b611ef3dd,O4 Pb2 Pt,195769,,[],55,55,-5.348,0.672,"Within each normalized composition in the finite PBE/FERE source domain, select the row with the lowest finite total energy per atom; break an exact displayed-energy tie by smaller stable MatDB ID. Do not use PBE or GW gap values.",pbe_metadata + source_recovery:pbe
current-nlr-pbe-gw-v1:composition:1635c9e1bdc439e169bf77b8cf5d42cad6d2b5f01a6b453900f1ce047165b8a9,O4 Pb2 Si,111917,,[],5,5,-6.548,2.637,"Within each normalized composition in the finite PBE/FERE source domain, select the row with the lowest finite total energy per atom; break an exact displayed-energy tie by smaller stable MatDB ID. Do not use PBE or GW gap values.",pbe_metadata + source_recovery:pbe
current-nlr-pbe-gw-v1:composition:8a55715f0409f3d2899677adfa3ea69bac5d2871177e38f19d7c18eeec9a694a,O4 Pb2 Sn,112253,,[],55,55,-5.864,2.066,"Within each normalized composition in the finite PBE/FERE source domain, select the row with the lowest finite total energy per atom; break an exact displayed-energy tie by smaller stable MatDB ID. Do not use PBE or GW gap values.",pbe_metadata + source_recovery:pbe
current-nlr-pbe-gw-v1:composition:81b1ed31206259dc2f1218ea82ad59583faa63cc2c954cfe824073f6afa16c75,O4 Pb3,111345,,[],117,135,-5.489,1.123,"Within each normalized composition in the finite PBE/FERE source domain, select the row with the lowest finite total energy per atom; break an exact displayed-energy tie by smaller stable MatDB ID. Do not use PBE or GW gap values.",pbe_metadata + source_recovery:pbe
current-nlr-pbe-gw-v1:composition:4003267e9709b36ae139666566a25f9255a8b06b099d554b9b74ef670127a4a1,O4 Pd2 Y,183490,,[],88,88,-6.099,0.075,"Within each normalized composition in the finite PBE/FERE source domain, select the row with the lowest finite total energy per atom; break an exact displayed-energy tie by smaller stable MatDB ID. Do not use PBE or GW gap values.",pbe_metadata + source_recovery:pbe
current-nlr-pbe-gw-v1:composition:6df871a8b60c37f5c51b8165df2c9321d89aa3c3f6bbb628db60635249414ff7,O4 Rb2 Ru,129965,,[],62,62,-5.298,1.425,"Within each normalized composition in the finite PBE/FERE source domain, select the row with the lowest finite total energy per atom; break an exact displayed-energy tie by smaller stable MatDB ID. Do not use PBE or GW gap values.",pbe_metadata + source_recovery:pbe
current-nlr-pbe-gw-v1:composition:78b1481f9cc5842ac9102e88feb5278c561864bbfa3fe5211c1cd5d1e686a317,O4 Rb2 W,149646,,[],12,12,-6.678,4.487,"Within each normalized composition in the finite PBE/FERE source domain, select the row with the lowest finite total energy per atom; break an exact displayed-energy tie by smaller stable MatDB ID. Do not use PBE or GW gap values.",pbe_metadata + source_recovery:pbe
current-nlr-pbe-gw-v1:composition:a6a3d9b1ec7bb16b61e9aeef2b3ba21192b0d61c189ac0bfcc5e72cead1357ec,O4 Rb2 Zn3,111277,,[],15,15,-4.224,1.417,"Within each normalized composition in the finite PBE/FERE source domain, select the row with the lowest finite total energy per atom; break an exact displayed-energy tie by smaller stable MatDB ID. Do not use PBE or GW gap values.",pbe_metadata + source_recovery:pbe
current-nlr-pbe-gw-v1:composition:99af76a43c71e043186e67d9a54be3d26aa472bdac02af7d66e90c048c2ad1e1,O4 Rb4 Sn,112369,,[],2,2,-4.557,2.19,"Within each normalized composition in the finite PBE/FERE source domain, select the row with the lowest finite total energy per atom; break an exact displayed-energy tie by smaller stable MatDB ID. Do not use PBE or GW gap values.",pbe_metadata + source_recovery:pbe
current-nlr-pbe-gw-v1:composition:2f65d518b4c8adcf252990b236a0fca6b39f937410e8979f38441cf4e2ca910d,O4 Rh2 Zn,129604,,[],227,227,-5.413,1.813,"Within each normalized composition in the finite PBE/FERE source domain, select the row with the lowest finite total energy per atom; break an exact displayed-energy tie by smaller stable MatDB ID. Do not use PBE or GW gap values.",pbe_metadata + source_recovery:pbe
current-nlr-pbe-gw-v1:composition:15ebe24f11bc60340c4efbd1e34776a1698a5fb4e0e55f6379bf95deaa450092,O4 Ru,150595,,[],218,218,-5.673,2.336,"Within each normalized composition in the finite PBE/FERE source domain, select the row with the lowest finite total energy per atom; break an exact displayed-energy tie by smaller stable MatDB ID. Do not use PBE or GW gap values.",pbe_metadata + source_recovery:pbe
current-nlr-pbe-gw-v1:composition:0e9b8899cfd8c9f24c15d00892f486e8d77e34fadf5bc70f9c522dcde5a0f6ec,O4 Ru Sr2,149214,,[],139,71,-6.319,0.256,"Within each normalized composition in the finite PBE/FERE source domain, select the row with the lowest finite total energy per atom; break an exact displayed-energy tie by smaller stable MatDB ID. Do not use PBE or GW gap values.",pbe_metadata + source_recovery:pbe
current-nlr-pbe-gw-v1:composition:9667c15ce567055fdafbd690b9ba55da86fb9ae013fef0f61dc4bd3a5ab8c7be,O4 Sb Ta,287054,287054,[],,33,-7.849,3.042,"Within each normalized composition in the finite PBE/FERE source domain, select the row with the lowest finite total energy per atom; break an exact displayed-energy tie by smaller stable MatDB ID. Do not use PBE or GW gap values.",pbe_metadata + source_recovery:pbe
current-nlr-pbe-gw-v1:composition:c407ea9a95e387a787573e935bf9c128cc811abbb967096e5854c5c1decfd13e,O4 Sb2 Zn,10589,10589,[],,135,-5.558,2.709,"Within each normalized composition in the finite PBE/FERE source domain, select the row with the lowest finite total energy per atom; break an exact displayed-energy tie by smaller stable MatDB ID. Do not use PBE or GW gap values.",pbe_metadata + source_recovery:pbe
current-nlr-pbe-gw-v1:composition:64da6eb58ae27ad51cb5f22d70563682e33df983364894d0f61801e238d65897,O4 Sc V,150648,,[],141,141,-8.047,2.723,"Within each normalized composition in the finite PBE/FERE source domain, select the row with the lowest finite total energy per atom; break an exact displayed-energy tie by smaller stable MatDB ID. Do not use PBE or GW gap values.",pbe_metadata + source_recovery:pbe
current-nlr-pbe-gw-v1:composition:7336d265a121541c496153d04a504e0366811cd93d62d48064e1cbc21b056a6f,O4 Si Sn2,8330,,[],,1,-6.606,2.111,"Within each normalized composition in the finite PBE/FERE source domain, select the row with the lowest finite total energy per atom; break an exact displayed-energy tie by smaller stable MatDB ID. Do not use PBE or GW gap values.",pbe_metadata + source_recovery:pbe
current-nlr-pbe-gw-v1:composition:c5679978b6b5e8edeadf1fc1ec3334d13c39a61cf20155791e426c5faad61b7a,O4 Si Sr2,111354,,[],14,14,-7.117,4.492,"Within each normalized composition in the finite PBE/FERE source domain, select the row with the lowest finite total energy per atom; break an exact displayed-energy tie by smaller stable MatDB ID. Do not use PBE or GW gap values.",pbe_metadata + source_recovery:pbe
current-nlr-pbe-gw-v1:composition:d20eef289356842ef9f3bdfa3aec3cd0dc1aca4e2a66738453e0ac14d9ff09ab,O4 Si Ti,111923,,[],141,141,-7.949,2.785,"Within each normalized composition in the finite PBE/FERE source domain, select the row with the lowest finite total energy per atom; break an exact displayed-energy tie by smaller stable MatDB ID. Do not use PBE or GW gap values.",pbe_metadata + source_recovery:pbe
current-nlr-pbe-gw-v1:composition:8c7c7794f5886d2d26756b4083c3ead8e59af8aaa22e36e50d8671386ac414fe,O4 Si Zn2,112446,,[],148,148,-6.021,2.757,"Within each normalized composition in the finite PBE/FERE source domain, select the row with the lowest finite total energy per atom; break an exact displayed-energy tie by smaller stable MatDB ID. Do not use PBE or GW gap values.",pbe_metadata + source_recovery:pbe
current-nlr-pbe-gw-v1:composition:d733a41abcee507e708b2e6d50d71a18b12d42290163342099fe04d9d78e4460,O4 Si Zr,111287,,[],141,141,-8.468,4.87,"Within each normalized composition in the finite PBE/FERE source domain, select the row with the lowest finite total energy per atom; break an exact displayed-energy tie by smaller stable MatDB ID. Do not use PBE or GW gap values.",pbe_metadata + source_recovery:pbe
current-nlr-pbe-gw-v1:composition:4809b835e19ca6cfd55fb03ff4bdfea19a8760395a1f8f440b21645be22e115d,O4 Sn Sr2,111300,,[],138,138,-6.295,2.679,"Within each normalized composition in the finite PBE/FERE source domain, select the row with the lowest finite total energy per atom; break an exact displayed-energy tie by smaller stable MatDB ID. Do not use PBE or GW gap values.",pbe_metadata + source_recovery:pbe
current-nlr-pbe-gw-v1:composition:9ebb877b86f2d8fc73c4a77d41570fba1b9d4e08f2bb29c67d8d23fb8a0d47c4,O4 Sn W,181332,,[],52,52,-7.493,1.1,"Within each normalized composition in the finite PBE/FERE source domain, select the row with the lowest finite total energy per atom; break an exact displayed-energy tie by smaller stable MatDB ID. Do not use PBE or GW gap values.",pbe_metadata + source_recovery:pbe
current-nlr-pbe-gw-v1:composition:80b7cc6422cf634046c330ceb728b05bb6f0cd7a785f925a96c8cd52bc682828,O4 Sn Zn2,10223,10223,[],,74,-5.295,0.833,"Within each normalized composition in the finite PBE/FERE source domain, select the row with the lowest finite total energy per atom; break an exact displayed-energy tie by smaller stable MatDB ID. Do not use PBE or GW gap values.",pbe_metadata + source_recovery:pbe
current-nlr-pbe-gw-v1:composition:24757342d3b731ecdd8b2cf0b36462ddd67bec8b1ad8d7fc28f9682a91b0aaa5,O4 Sn2 Ti,11469,11469,[],,135,-6.854,1.342,"Within each normalized composition in the finite PBE/FERE source domain, select the row with the lowest finite total energy per atom; break an exact displayed-energy tie by smaller stable MatDB ID. Do not use PBE or GW gap values.",pbe_metadata + source_recovery:pbe
current-nlr-pbe-gw-v1:composition:6ba4816da88f4f7e89481cc5680127271aced3d1b2d83e035e0c58d7d71ab137,O4 Sn2 Zn,8299,,[],,5,-5.548,1.13,"Within each normalized composition in the finite PBE/FERE source domain, select the row with the lowest finite total energy per atom; break an exact displayed-energy tie by smaller stable MatDB ID. Do not use PBE or GW gap values.",pbe_metadata + source_recovery:pbe
current-nlr-pbe-gw-v1:composition:a23152d9c20538b5c3dd20179d125c796113c85c33d8126865e87799526c1c43,O4 Sn3,286186,,[],,14,-5.997,2.25,"Within each normalized composition in the finite PBE/FERE source domain, select the row with the lowest finite total energy per atom; break an exact displayed-energy tie by smaller stable MatDB ID. Do not use PBE or GW gap values.",pbe_metadata + source_recovery:pbe
current-nlr-pbe-gw-v1:composition:62ca2fdf2cd30591e4966d3c4d60edcc90928f0ebf7cdc5e86ecc617430e4fa5,O4 Sr W,149101,,[],15,15,-7.862,4.411,"Within each normalized composition in the finite PBE/FERE source domain, select the row with the lowest finite total energy per atom; break an exact displayed-energy tie by smaller stable MatDB ID. Do not use PBE or GW gap values.",pbe_metadata + source_recovery:pbe
current-nlr-pbe-gw-v1:composition:e198f6f25e1315666bb95474cf6da64951a59a9a886a47a42fb2f456fd4c35b5,O4 Sr Y2,111982,,[],62,62,-7.962,3.918,"Within each normalized composition in the finite PBE/FERE source domain, select the row with the lowest finite total energy per atom; break an exact displayed-energy tie by smaller stable MatDB ID. Do not use PBE or GW gap values.",pbe_metadata + source_recovery:pbe
current-nlr-pbe-gw-v1:composition:3d0b667c635dafe3a01ab8909d158c99d890de7eee2f2d9cbb6185a8cfa64d30,O4 Sr2 Ti,111978,,[],139,139,-7.198,2.322,"Within each normalized composition in the finite PBE/FERE source domain, select the row with the lowest finite total energy per atom; break an exact displayed-energy tie by smaller stable MatDB ID. Do not use PBE or GW gap values.",pbe_metadata + source_recovery:pbe
current-nlr-pbe-gw-v1:composition:c69652e36292dccf3d45ade599fb3f2521c6607bd81c0f1557e08c8e1b02970c,O4 Sr2 V,150756,,[],33,33,-7.004,1.503,"Within each normalized composition in the finite PBE/FERE source domain, select the row with the lowest finite total energy per atom; break an exact displayed-energy tie by smaller stable MatDB ID. Do not use PBE or GW gap values.",pbe_metadata + source_recovery:pbe
current-nlr-pbe-gw-v1:composition:bedd57af60c5499a507c3979375b2d6b7167771f356f8a51729c6317ffc8a93e,O4 Ta Y,290235,290235,[],,13,-9.077,4.357,"Within each normalized composition in the finite PBE/FERE source domain, select the row with the lowest finite total energy per atom; break an exact displayed-energy tie by smaller stable MatDB ID. Do not use PBE or GW gap values.",pbe_metadata + source_recovery:pbe
current-nlr-pbe-gw-v1:composition:0804a5015e09a262534668d8e3b353feb22bcd75e0580f6c1ad59becfd43f428,O4 Ti Zn2,112400,,[],91,91,-6.133,2.559,"Within each normalized composition in the finite PBE/FERE source domain, select the row with the lowest finite total energy per atom; break an exact displayed-energy tie by smaller stable MatDB ID. Do not use PBE or GW gap values.",pbe_metadata + source_recovery:pbe
current-nlr-pbe-gw-v1:composition:6a725c03812956c8d05b150c69e4c6fa03aa98b7cdb07c0a8813a7a5af42ae00,O4 V Y,182143,,[],141,141,-8.25,3.005,"Within each normalized composition in the finite PBE/FERE source domain, select the row with the lowest finite total energy per atom; break an exact displayed-energy tie by smaller stable MatDB ID. Do not use PBE or GW gap values.",pbe_metadata + source_recovery:pbe
current-nlr-pbe-gw-v1:composition:c287932a8a2437b0831f014a0fe64f633a6af304e07679547ecc3aea3413b722,O4 V2 Zn,181713,,[],141,15,-7.142,1.552,"Within each normalized composition in the finite PBE/FERE source domain, select the row with the lowest finite total energy per atom; break an exact displayed-energy tie by smaller stable MatDB ID. Do not use PBE or GW gap values.",pbe_metadata + source_recovery:pbe
current-nlr-pbe-gw-v1:composition:4a1b698053340cb9b16bfafba0279f0bb323325d98655bb53cd9cc3b993868ff,O4 W Zn,130793,,[],13,13,-7.073,3.092,"Within each normalized composition in the finite PBE/FERE source domain, select the row with the lowest finite total energy per atom; break an exact displayed-energy tie by smaller stable MatDB ID. Do not use PBE or GW gap values.",pbe_metadata + source_recovery:pbe
current-nlr-pbe-gw-v1:composition:cb0edf75c181a554c996013fb5b435d3e5f7602e80dac68bc6b10c71e587a4af,O47 W17,130510,,[],10,1,-8.8,0.132,"Within each normalized composition in the finite PBE/FERE source domain, select the row with the lowest finite total energy per atom; break an exact displayed-energy tie by smaller stable MatDB ID. Do not use PBE or GW gap values.",pbe_metadata + source_recovery:pbe
current-nlr-pbe-gw-v1:composition:b7857542f1aa8b1e4b3fb1dbe0a2055878ed25b4536db47741b8a7baffaba86e,O5 Pb2 W,182834,,[],12,12,-6.968,3.072,"Within each normalized composition in the finite PBE/FERE source domain, select the row with the lowest finite total energy per atom; break an exact displayed-energy tie by smaller stable MatDB ID. Do not use PBE or GW gap values.",pbe_metadata + source_recovery:pbe
current-nlr-pbe-gw-v1:composition:cb201c442d63d75ffbd4bd270a2a4896d76f3fc3f72ed1f146d3ef67add35505,O5 Rb2 Si2,111424,,[],15,15,-6.678,4.032,"Within each normalized composition in the finite PBE/FERE source domain, select the row with the lowest finite total energy per atom; break an exact displayed-energy tie by smaller stable MatDB ID. Do not use PBE or GW gap values.",pbe_metadata + source_recovery:pbe
current-nlr-pbe-gw-v1:composition:64ad867f1a1df0fe15fd01b303015da90c0b0a4a46214d321f46b6a441d8745b,O5 Sb2,10496,10496,[],,15,-5.982,0.438,"Within each normalized composition in the finite PBE/FERE source domain, select the row with the lowest finite total energy per atom; break an exact displayed-energy tie by smaller stable MatDB ID. Do not use PBE or GW gap values.",pbe_metadata + source_recovery:pbe
current-nlr-pbe-gw-v1:composition:65d1348cc88731bc152b53706c14f56e50651b67eefc51d4f44209fa38368b17,O5 Sc2 V,166606,,[],82,1,-8.317,1.159,"Within each normalized composition in the finite PBE/FERE source domain, select the row with the lowest finite total energy per atom; break an exact displayed-energy tie by smaller stable MatDB ID. Do not use PBE or GW gap values.",pbe_metadata + source_recovery:pbe
current-nlr-pbe-gw-v1:composition:a0bc6c9d7243dfec74a718ba2aec46363656c437ac0382242cbc1f4f4e18e4ac,O5 Se2,285240,,[],,14,-5.028,2.782,"Within each normalized composition in the finite PBE/FERE source domain, select the row with the lowest finite total energy per atom; break an exact displayed-energy tie by smaller stable MatDB ID. Do not use PBE or GW gap values.",pbe_metadata + source_recovery:pbe
current-nlr-pbe-gw-v1:composition:10e414b7ee3f0200a27137e19d952a69887d2f1068c4861b3f5737f0fea2753f,O5 Si Sr3,111988,,[],130,130,-6.88,3.727,"Within each normalized composition in the finite PBE/FERE source domain, select the row with the lowest finite total energy per atom; break an exact displayed-energy tie by smaller stable MatDB ID. Do not use PBE or GW gap values.",pbe_metadata + source_recovery:pbe
current-nlr-pbe-gw-v1:composition:a8bdec48ad19568919b1080641e6b7882b6adea9b078f0257d28840e906fea06,O5 Si Y2,112324,,[],15,15,-8.522,4.494,"Within each normalized composition in the finite PBE/FERE source domain, select the row with the lowest finite total energy per atom; break an exact displayed-energy tie by smaller stable MatDB ID. Do not use PBE or GW gap values.",pbe_metadata + source_recovery:pbe
current-nlr-pbe-gw-v1:composition:0efc1fbe52c7d869742a31076ba34ebb8616b7f66ba1752120c3079177f7f6dd,O5 Si2 Sr,111428,,[],64,64,-7.448,4.024,"Within each normalized composition in the finite PBE/FERE source domain, select the row with the lowest finite total energy per atom; break an exact displayed-energy tie by smaller stable MatDB ID. Do not use PBE or GW gap values.",pbe_metadata + source_recovery:pbe
current-nlr-pbe-gw-v1:composition:6a14a8b8b916ecba0e37e48b18198d299f6dfe6841ef120fd5acba52f8790110,O5 Sn2 W,198577,,[],14,14,-7.075,2.205,"Within each normalized composition in the finite PBE/FERE source domain, select the row with the lowest finite total energy per atom; break an exact displayed-energy tie by smaller stable MatDB ID. Do not use PBE or GW gap values.",pbe_metadata + source_recovery:pbe
current-nlr-pbe-gw-v1:composition:1e864457adffb9dedb24b337eb2ac3c9d2ae01d508578b91c4ff03c848d53bba,O5 Sr Ti2,112943,,[],1,35,-7.681,1.976,"Within each normalized composition in the finite PBE/FERE source domain, select the row with the lowest finite total energy per atom; break an exact displayed-energy tie by smaller stable MatDB ID. Do not use PBE or GW gap values.",pbe_metadata + source_recovery:pbe
current-nlr-pbe-gw-v1:composition:272b230cf078617ce2d25967a55809d51db6826418828942d6d94ac5c659ef47,O5 Ta2,290225,290225,[],,15,-9.107,3.333,"Within each normalized composition in the finite PBE/FERE source domain, select the row with the lowest finite total energy per atom; break an exact displayed-energy tie by smaller stable MatDB ID. Do not use PBE or GW gap values.",pbe_metadata + source_recovery:pbe
current-nlr-pbe-gw-v1:composition:19f47d8b7c5aa30ecb6fea9ba1b49ffb707a01fab8a8d3e86916681f7e4e82a1,O5 Ti Y2,112334,,[],62,62,-8.617,3.567,"Within each normalized composition in the finite PBE/FERE source domain, select the row with the lowest finite total energy per atom; break an exact displayed-energy tie by smaller stable MatDB ID. Do not use PBE or GW gap values.",pbe_metadata + source_recovery:pbe
current-nlr-pbe-gw-v1:composition:5b54c9ebfaf4b9eaedf828db2e82bf5bd734c4a36608eb2d61c488e14d2706e6,O5 Ti2 Zn,8670,,[],,63,-7.319,2.892,"Within each normalized composition in the finite PBE/FERE source domain, select the row with the lowest finite total energy per atom; break an exact displayed-energy tie by smaller stable MatDB ID. Do not use PBE or GW gap values.",pbe_metadata + source_recovery:pbe
current-nlr-pbe-gw-v1:composition:cb97c1562e7ad1867cb6517e015a0742dfc0e0f7854c3a693fa0eea10b52ce11,O5 V Y2,197681,,[],15,2,-8.409,1.609,"Within each normalized composition in the finite PBE/FERE source domain, select the row with the lowest finite total energy per atom; break an exact displayed-energy tie by smaller stable MatDB ID. Do not use PBE or GW gap values.",pbe_metadata + source_recovery:pbe
current-nlr-pbe-gw-v1:composition:7fb433cc270031b27c46fcbe64875fa65a34cbb5645b45b7534b5ade767795de,O5 V2,10169,10169,[],,59,-7.514,2.018,"Within each normalized composition in the finite PBE/FERE source domain, select the row with the lowest finite total energy per atom; break an exact displayed-energy tie by smaller stable MatDB ID. Do not use PBE or GW gap values.",pbe_metadata + source_recovery:pbe
current-nlr-pbe-gw-v1:composition:5d6803fb9ab012aead5d19b87c5e79a87da38ab2121d631fd778ffdb06a30759,O5 V3,166398,,[],13,13,-8.021,0.827,"Within each normalized composition in the finite PBE/FERE source domain, select the row with the lowest finite total energy per atom; break an exact displayed-energy tie by smaller stable MatDB ID. Do not use PBE or GW gap values.",pbe_metadata + source_recovery:pbe
current-nlr-pbe-gw-v1:composition:aba4a0c384d777e32665f91ff2d3fad88e3b3b31304bb218216b5f3579e77cb0,O6 Pd Sr4,168215,,[],167,167,-5.812,1.731,"Within each normalized composition in the finite PBE/FERE source domain, select the row with the lowest finite total energy per atom; break an exact displayed-energy tie by smaller stable MatDB ID. Do not use PBE or GW gap values.",pbe_metadata + source_recovery:pbe
current-nlr-pbe-gw-v1:composition:83f815bfd41ff198d29afca10500ae50b913991503d62a1af2c573832510ac51,O6 Pt Sr3 Zn,166901,,[],167,167,-5.656,2.91,"Within each normalized composition in the finite PBE/FERE source domain, select the row with the lowest finite total energy per atom; break an exact displayed-energy tie by smaller stable MatDB ID. Do not use PBE or GW gap values.",pbe_metadata + source_recovery:pbe
current-nlr-pbe-gw-v1:composition:22b03c69b23a6c52305790f6375b250311f463a724d48919d671a7c0ef4379de,O6 Pt Sr4,196024,,[],167,167,-5.931,2.415,"Within each normalized composition in the finite PBE/FERE source domain, select the row with the lowest finite total energy per atom; break an exact displayed-energy tie by smaller stable MatDB ID. Do not use PBE or GW gap values.",pbe_metadata + source_recovery:pbe
current-nlr-pbe-gw-v1:composition:3811ea0ae2079baa408838e3b4fbbc9ae8619c111bf6e5a015265f7abf4825f8,O6 Pt3 Zn,196027,,[],65,65,-4.96,0.575,"Within each normalized composition in the finite PBE/FERE source domain, select the row with the lowest finite total energy per atom; break an exact displayed-energy tie by smaller stable MatDB ID. Do not use PBE or GW gap values.",pbe_metadata + source_recovery:pbe
current-nlr-pbe-gw-v1:composition:e9b8b143fd71d604e158a73ea9cbda95a740be9f0a72c13d922e5e4b0d01bcc5,O6 Rh Sc Sr3,196272,,[],167,167,-6.661,2.887,"Within each normalized composition in the finite PBE/FERE source domain, select the row with the lowest finite total energy per atom; break an exact displayed-energy tie by smaller stable MatDB ID. Do not use PBE or GW gap values.",pbe_metadata + source_recovery:pbe
current-nlr-pbe-gw-v1:composition:b2fe7f392a62f1edb70b12620380afe451aeb3966d0a0e8b97ac42f69b6748ee,O6 Rh Sr3 Y,129690,,[],167,167,-6.659,2.743,"Within each normalized composition in the finite PBE/FERE source domain, select the row with the lowest finite total energy per atom; break an exact displayed-energy tie by smaller stable MatDB ID. Do not use PBE or GW gap values.",pbe_metadata + source_recovery:pbe
current-nlr-pbe-gw-v1:composition:7ee451071853042027d40963ae370cdcb50390dd31cfd1ed38fd8006ad9294aa,O6 Rh Sr3 Zn,150052,,[],167,15,-5.76,0.665,"Within each normalized composition in the finite PBE/FERE source domain, select the row with the lowest finite total energy per atom; break an exact displayed-energy tie by smaller stable MatDB ID. Do not use PBE or GW gap values.",pbe_metadata + source_recovery:pbe
current-nlr-pbe-gw-v1:composition:40d759d831dad9e53555dba1b0be60186ef7bd39d7f3c946400aa3ef09be2f6f,O6 Rh Sr4,182854,,[],167,15,-6.034,0.55,"Within each normalized composition in the finite PBE/FERE source domain, select the row with the lowest finite total energy per atom; break an exact displayed-energy tie by smaller stable MatDB ID. Do not use PBE or GW gap values.",pbe_metadata + source_recovery:pbe
current-nlr-pbe-gw-v1:composition:3ba217838d7ac47b45eb520c1a53a3ce2b823d7dc726b8464c2db421a04783a4,O6 Ru Sr2 Y,181397,,[],14,14,-6.95,1.545,"Within each normalized composition in the finite PBE/FERE source domain, select the row with the lowest finite total energy per atom; break an exact displayed-energy tie by smaller stable MatDB ID. Do not use PBE or GW gap values.",pbe_metadata + source_recovery:pbe
current-nlr-pbe-gw-v1:composition:710310030e1a7b9e355494bfc330f9376d969e6ae71b76886675c7b12bce6dbe,O6 Sb2 Sr,290147,290147,[],,162,-6.343,2.744,"Within each normalized composition in the finite PBE/FERE source domain, select the row with the lowest finite total energy per atom; break an exact displayed-energy tie by smaller stable MatDB ID. Do not use PBE or GW gap values.",pbe_metadata + source_recovery:pbe
current-nlr-pbe-gw-v1:composition:102b8e62de719f1a8339acfed01ad117664f9e2374a557fabf9c86b3f71fea13,O6 Sb2 Zn,10768,10768,[],,136,-5.799,0.53,"Within each normalized composition in the finite PBE/FERE source domain, select the row with the lowest finite total energy per atom; break an exact displayed-energy tie by smaller stable MatDB ID. Do not use PBE or GW gap values.",pbe_metadata + source_recovery:pbe
current-nlr-pbe-gw-v1:composition:34f8189a565f10bcea11c9ae5af888a622e0dbf10ba697ff4e97208dd4af9ff6,O6 Sn3 W,130599,,[],15,15,-6.805,2.076,"Within each normalized composition in the finite PBE/FERE source domain, select the row with the lowest finite total energy per atom; break an exact displayed-energy tie by smaller stable MatDB ID. Do not use PBE or GW gap values.",pbe_metadata + source_recovery:pbe
current-nlr-pbe-gw-v1:composition:541b7027799e48c837b9bf5d8c1e1e8bbaea9196f0c6aa39cb5dc211a0f45c25,O6 Sr V2,129644,,[],62,62,-7.404,2.725,"Within each normalized composition in the finite PBE/FERE source domain, select the row with the lowest finite total energy per atom; break an exact displayed-energy tie by smaller stable MatDB ID. Do not use PBE or GW gap values.",pbe_metadata + source_recovery:pbe
current-nlr-pbe-gw-v1:composition:9dd3a2681664f1fd4e8b02730142099ef76017772e51876fc9daabd1350cf946,O6 Sr2 W Zn,151574,,[],14,14,-6.884,3.231,"Within each normalized composition in the finite PBE/FERE source domain, select the row with the lowest finite total energy per atom; break an exact displayed-energy tie by smaller stable MatDB ID. Do not use PBE or GW gap values.",pbe_metadata + source_recovery:pbe
current-nlr-pbe-gw-v1:composition:b8629825b279ff7b9aa200ad617571c4b1fdefc03805163d3d14daa44043a688,O6 Sr3 W,197714,,[],1,1,-7.222,3.16,"Within each normalized composition in the finite PBE/FERE source domain, select the row with the lowest finite total energy per atom; break an exact displayed-energy tie by smaller stable MatDB ID. Do not use PBE or GW gap values.",pbe_metadata + source_recovery:pbe
current-nlr-pbe-gw-v1:composition:7ab44c87ce1c34e3ff3611e752c311d6f6d1be4e737637bb25029e233ec4ccd1,O6 V2 W,181445,,[],136,136,-8.234,1.36,"Within each normalized composition in the finite PBE/FERE source domain, select the row with the lowest finite total energy per atom; break an exact displayed-energy tie by smaller stable MatDB ID. Do not use PBE or GW gap values.",pbe_metadata + source_recovery:pbe
current-nlr-pbe-gw-v1:composition:5f72a25c449e9024107469765616361ac5fd8e09e42c85d5921600cbf8361740,O6 V2 Zn,131270,,[],5,12,-6.883,2.304,"Within each normalized composition in the finite PBE/FERE source domain, select the row with the lowest finite total energy per atom; break an exact displayed-energy tie by smaller stable MatDB ID. Do not use PBE or GW gap values.",pbe_metadata + source_recovery:pbe
current-nlr-pbe-gw-v1:composition:d68a92ab1671f7ebbc678116c735026b82c537290a00f1319f527a55054fa0ea,O6 W Y2,129715,,[],19,19,-8.667,3.513,"Within each normalized composition in the finite PBE/FERE source domain, select the row with the lowest finite total energy per atom; break an exact displayed-energy tie by smaller stable MatDB ID. Do not use PBE or GW gap values.",pbe_metadata + source_recovery:pbe
current-nlr-pbe-gw-v1:composition:78fb05d514609e2635e4297e3738a9be39a44761cd2e81d9b5a935c1d24e3dc6,O7 Pb Ti3,112000,,[],11,11,-7.774,2.241,"Within each normalized composition in the finite PBE/FERE source domain, select the row with the lowest finite total energy per atom; break an exact displayed-energy tie by smaller stable MatDB ID. Do not use PBE or GW gap values.",pbe_metadata + source_recovery:pbe
current-nlr-pbe-gw-v1:composition:364d51fd99f5020b57b3ad6f331cef3ed3b3ec2c8855da16c55243eea2750d04,O7 Pb3 Si2,112363,,[],167,167,-6.731,2.584,"Within each normalized composition in the finite PBE/FERE source domain, select the row with the lowest finite total energy per atom; break an exact displayed-energy tie by smaller stable MatDB ID. Do not use PBE or GW gap values.",pbe_metadata + source_recovery:pbe
current-nlr-pbe-gw-v1:composition:2800b0f70b5909ff47546af6184934f92a40355d69383d711ec82478a0fcbf29,O7 Pb4 Rb2,111398,,[],2,2,-5.113,0.998,"Within each normalized composition in the finite PBE/FERE source domain, select the row with the lowest finite total energy per atom; break an exact displayed-energy tie by smaller stable MatDB ID. Do not use PBE or GW gap values.",pbe_metadata + source_recovery:pbe
current-nlr-pbe-gw-v1:composition:5f561a4bb4fcae5ad5a7976f3e4c9f54fb02fd87022fb123408f9723ea4f652e,O7 Rb2 W2,150059,,[],14,14,-7.306,2.46,"Within each normalized composition in the finite PBE/FERE source domain, select the row with the lowest finite total energy per atom; break an exact displayed-energy tie by smaller stable MatDB ID. Do not use PBE or GW gap values.",pbe_metadata + source_recovery:pbe
current-nlr-pbe-gw-v1:composition:ff904006102716102c269195187aad88fe90330dea8e3dda444f9be1b1db38a1,O7 Rb6 Si2,112457,,[],14,14,-5.531,3.187,"Within each normalized composition in the finite PBE/FERE source domain, select the row with the lowest finite total energy per atom; break an exact displayed-energy tie by smaller stable MatDB ID. Do not use PBE or GW gap values.",pbe_metadata + source_recovery:pbe
current-nlr-pbe-gw-v1:composition:d106dc0c288d36da224730418b5b754dd62bd3296e65e2ca6c4f7a1930b1b4c4,O7 Ru2 Sr3,130834,,[],68,68,-6.36,1.164,"Within each normalized composition in the finite PBE/FERE source domain, select the row with the lowest finite total energy per atom; break an exact displayed-energy tie by smaller stable MatDB ID. Do not use PBE or GW gap values.",pbe_metadata + source_recovery:pbe
current-nlr-pbe-gw-v1:composition:50b4fcb6ee9f86b27cc3483f6ffa8f321889ed3f0b81f38de35979730cdcc50d,O7 Ru2 Y2,151588,,[],227,141,-7.541,1.068,"Within each normalized composition in the finite PBE/FERE source domain, select the row with the lowest finite total energy per atom; break an exact displayed-energy tie by smaller stable MatDB ID. Do not use PBE or GW gap values.",pbe_metadata + source_recovery:pbe
current-nlr-pbe-gw-v1:composition:2b0c9ff609ff0d9177ab085973a1c00047ce958d0a81b23436230b16954c236c,O7 Sc2 Si2,111444,,[],12,12,-8.258,4.694,"Within each normalized composition in the finite PBE/FERE source domain, select the row with the lowest finite total energy per atom; break an exact displayed-energy tie by smaller stable MatDB ID. Do not use PBE or GW gap values.",pbe_metadata + source_recovery:pbe
current-nlr-pbe-gw-v1:composition:099c43ea4e5e7eec1c44881ddc043fe90b4485ef121191bc600931337125fd45,O7 Si2 Sr Ti,111299,,[],63,11,-7.754,4.066,"Within each normalized composition in the finite PBE/FERE source domain, select the row with the lowest finite total energy per atom; break an exact displayed-energy tie by smaller stable MatDB ID. Do not use PBE or GW gap values.",pbe_metadata + source_recovery:pbe
current-nlr-pbe-gw-v1:composition:94452e51cce42e916e7029fd74f70dcacdf8ae0d406bb71dbd12310c3765bc89,O7 Si2 Sr V,181861,,[],40,40,-7.671,2.641,"Within each normalized composition in the finite PBE/FERE source domain, select the row with the lowest finite total energy per atom; break an exact displayed-energy tie by smaller stable MatDB ID. Do not use PBE or GW gap values.",pbe_metadata + source_recovery:pbe
current-nlr-pbe-gw-v1:composition:4baac5944c20c8db5834ca89c21017ef24f789ec3d47ea4bb8a9e152a97becdf,O7 Si2 Sr Zr,112373,,[],14,14,-7.989,5.002,"Within each normalized composition in the finite PBE/FERE source domain, select the row with the lowest finite total energy per atom; break an exact displayed-energy tie by smaller stable MatDB ID. Do not use PBE or GW gap values.",pbe_metadata + source_recovery:pbe
current-nlr-pbe-gw-v1:composition:428b0ce084149576366c1647b29107a10a289e79e148115e3dde3cca6edb549f,O7 Si2 Sr2 Zn,111406,,[],113,113,-6.957,3.924,"Within each normalized composition in the finite PBE/FERE source domain, select the row with the lowest finite total energy per atom; break an exact displayed-energy tie by smaller stable MatDB ID. Do not use PBE or GW gap values.",pbe_metadata + source_recovery:pbe
current-nlr-pbe-gw-v1:composition:5e38c5e708194b69839931276d8c2f6dee0538e76ffb268f7600d9ba5912d3d8,O7 Si2 Y2,111409,,[],12,12,-8.377,4.655,"Within each normalized composition in the finite PBE/FERE source domain, select the row with the lowest finite total energy per atom; break an exact displayed-energy tie by smaller stable MatDB ID. Do not use PBE or GW gap values.",pbe_metadata + source_recovery:pbe
current-nlr-pbe-gw-v1:composition:37b151f6e1ce3aa582a7b366c1dd97a1cd666ff2caf2a8cff8dc01b81ca123e1,O7 Sn2 Sr3,111477,,[],63,63,-6.317,2.192,"Within each normalized composition in the finite PBE/FERE source domain, select the row with the lowest finite total energy per atom; break an exact displayed-energy tie by smaller stable MatDB ID. Do not use PBE or GW gap values.",pbe_metadata + source_recovery:pbe
current-nlr-pbe-gw-v1:composition:27ea2b5ef5efe58a328b37835ee38c20e79b18b8efe86b6d2b25509c51dc96b0,O7 Sn2 Y2,112384,,[],227,227,-7.493,2.64,"Within each normalized composition in the finite PBE/FERE source domain, select the row with the lowest finite total energy per atom; break an exact displayed-energy tie by smaller stable MatDB ID. Do not use PBE or GW gap values.",pbe_metadata + source_recovery:pbe
current-nlr-pbe-gw-v1:composition:72b8ce5516449428add76a28bf29a02dbacf9f9f83a941211397e7a312a48f1b,O7 Sr V2 Zn,167694,,[],14,14,-6.922,2.777,"Within each normalized composition in the finite PBE/FERE source domain, select the row with the lowest finite total energy per atom; break an exact displayed-energy tie by smaller stable MatDB ID. Do not use PBE or GW gap values.",pbe_metadata + source_recovery:pbe
current-nlr-pbe-gw-v1:composition:940ed4465cd7e8775a29d72593b0bdd5ec440760d89dc3cbc1d2d42b459dcd75,O7 Sr V3,129747,,[],62,62,-7.651,2.228,"Within each normalized composition in the finite PBE/FERE source domain, select the row with the lowest finite total energy per atom; break an exact displayed-energy tie by smaller stable MatDB ID. Do not use PBE or GW gap values.",pbe_metadata + source_recovery:pbe
current-nlr-pbe-gw-v1:composition:d887f58cd09bbcad3a926842eb6afd7ad03508335f956512244e5600fc29a0b3,O7 Sr2 Ta2,290240,290240,[],,4,-8.266,3.119,"Within each normalized composition in the finite PBE/FERE source domain, select the row with the lowest finite total energy per atom; break an exact displayed-energy tie by smaller stable MatDB ID. Do not use PBE or GW gap values.",pbe_metadata + source_recovery:pbe
current-nlr-pbe-gw-v1:composition:c250ea3b96d42e649ef3e5eefd34332c6daf231121b01ac48eef04aae4479c6f,O7 Sr2 V2,165883,,[],76,76,-7.333,3.358,"Within each normalized composition in the finite PBE/FERE source domain, select the row with the lowest finite total energy per atom; break an exact displayed-energy tie by smaller stable MatDB ID. Do not use PBE or GW gap values.",pbe_metadata + source_recovery:pbe
current-nlr-pbe-gw-v1:composition:c2a908b699ad9e7831e6e30350a81a1a585eda7eb0c25957a6c47c4df46f37bc,O7 Sr3 Ti2,111479,,[],139,139,-7.373,2.227,"Within each normalized composition in the finite PBE/FERE source domain, select the row with the lowest finite total energy per atom; break an exact displayed-energy tie by smaller stable MatDB ID. Do not use PBE or GW gap values.",pbe_metadata + source_recovery:pbe
current-nlr-pbe-gw-v1:composition:5be8b6a01b6d5d00427d81bba66a65ec214e7d1e35d695696a64933e3ac508c0,O7 Sr3 V2,181870,,[],139,5,-7.142,0.304,"Within each normalized composition in the finite PBE/FERE source domain, select the row with the lowest finite total energy per atom; break an exact displayed-energy tie by smaller stable MatDB ID. Do not use PBE or GW gap values.",pbe_metadata + source_recovery:pbe
current-nlr-pbe-gw-v1:composition:0ff3d9314ddc2f14a50d770f24230b23a66bfa23195c394434c926cf494f1bac,O7 Sr3 Zr2,112028,,[],47,139,-7.586,3.522,"Within each normalized composition in the finite PBE/FERE source domain, select the row with the lowest finite total energy per atom; break an exact displayed-energy tie by smaller stable MatDB ID. Do not use PBE or GW gap values.",pbe_metadata + source_recovery:pbe
current-nlr-pbe-gw-v1:composition:eeb99babbd3e9e4e6f54d5f8a42b402b6e6e67fef6b2c00dc78feb54eea6948c,O7 Ti2 Y2,112035,,[],227,227,-8.549,3.129,"Within each normalized composition in the finite PBE/FERE source domain, select the row with the lowest finite total energy per atom; break an exact displayed-energy tie by smaller stable MatDB ID. Do not use PBE or GW gap values.",pbe_metadata + source_recovery:pbe
current-nlr-pbe-gw-v1:composition:644dfaecbb07279abc183467affd0efb0edb061878ec78b1a023969b61e7de04,O7 Ti4,112977,,[],2,2,-8.19,0.116,"Within each normalized composition in the finite PBE/FERE source domain, select the row with the lowest finite total energy per atom; break an exact displayed-energy tie by smaller stable MatDB ID. Do not use PBE or GW gap values.",pbe_metadata + source_recovery:pbe
current-nlr-pbe-gw-v1:composition:3d3bc4856680ab1566f7a5370428e9a7a211db63847efa36a658642c6349b194,O7 V2 Y2,149381,,[],227,1,-8.322,0.943,"Within each normalized composition in the finite PBE/FERE source domain, select the row with the lowest finite total energy per atom; break an exact displayed-energy tie by smaller stable MatDB ID. Do not use PBE or GW gap values.",pbe_metadata + source_recovery:pbe
current-nlr-pbe-gw-v1:composition:515254a39e032a9713d8ad88208e7191b710d2e1ac8899d888a0ac10b9ef8f75,O7 V2 Zn2,129409,,[],15,15,-6.512,2.493,"Within each normalized composition in the finite PBE/FERE source domain, select the row with the lowest finite total energy per atom; break an exact displayed-energy tie by smaller stable MatDB ID. Do not use PBE or GW gap values.",pbe_metadata + source_recovery:pbe
current-nlr-pbe-gw-v1:composition:09e214554e5ee61cede9b83d550ec6c7619aa81a3414b2acf341cf2a60c428be,O7 V2 Zr,181521,,[],205,205,-8.037,2.659,"Within each normalized composition in the finite PBE/FERE source domain, select the row with the lowest finite total energy per atom; break an exact displayed-energy tie by smaller stable MatDB ID. Do not use PBE or GW gap values.",pbe_metadata + source_recovery:pbe
current-nlr-pbe-gw-v1:composition:def3657318c035204e191f8c4ae7e9994f932c697b4e0bb2f18f21c84b8f644f,O7 V3,167053,,[],15,15,-7.626,0.944,"Within each normalized composition in the finite PBE/FERE source domain, select the row with the lowest finite total energy per atom; break an exact displayed-energy tie by smaller stable MatDB ID. Do not use PBE or GW gap values.",pbe_metadata + source_recovery:pbe
current-nlr-pbe-gw-v1:composition:58d5ccb6ba780dd921b360d3aa4cad3ca8d0f1b20abcfd4b8db9141c369da01b,O7 V4,182539,,[],2,1,-7.976,0.951,"Within each normalized composition in the finite PBE/FERE source domain, select the row with the lowest finite total energy per atom; break an exact displayed-energy tie by smaller stable MatDB ID. Do not use PBE or GW gap values.",pbe_metadata + source_recovery:pbe
current-nlr-pbe-gw-v1:composition:25d66f188a2f1cd5cfa180a38337a398e7a86e6428f5dd42b5d6a28a2168c022,O7 Y2 Zr2,112048,,[],227,227,-8.852,2.919,"Within each normalized composition in the finite PBE/FERE source domain, select the row with the lowest finite total energy per atom; break an exact displayed-energy tie by smaller stable MatDB ID. Do not use PBE or GW gap values.",pbe_metadata + source_recovery:pbe
current-nlr-pbe-gw-v1:composition:7d45dfc4f3c14bdc73d2acdd98dbbf419eee9e9e7168082c9a0504b2259364a5,O8 Pb3 V2,150962,,[],14,14,-6.731,2.941,"Within each normalized composition in the finite PBE/FERE source domain, select the row with the lowest finite total energy per atom; break an exact displayed-energy tie by smaller stable MatDB ID. Do not use PBE or GW gap values.",pbe_metadata + source_recovery:pbe
current-nlr-pbe-gw-v1:composition:8cdf67c7dffc606bda9de61b1fb53cb71d44402ad21345d40e9ecccd74ba21cb,O8 Rb V3,167642,,[],11,11,-7.202,2.036,"Within each normalized composition in the finite PBE/FERE source domain, select the row with the lowest finite total energy per atom; break an exact displayed-energy tie by smaller stable MatDB ID. Do not use PBE or GW gap values.",pbe_metadata + source_recovery:pbe
current-nlr-pbe-gw-v1:composition:a5b19e42095f0ddd02a275371dfc6b364aea68b9671ce8a6e7c38ac9b2c40031,O8 Si Sn6,111452,,[],186,186,-6.195,1.819,"Within each normalized composition in the finite PBE/FERE source domain, select the row with the lowest finite total energy per atom; break an exact displayed-energy tie by smaller stable MatDB ID. Do not use PBE or GW gap values.",pbe_metadata + source_recovery:pbe
current-nlr-pbe-gw-v1:composition:a6b31db245a29714647f4d7eed394ae59207de3ba154bc96f828b39bf5cbec44,O8 Sr3 V2,165987,,[],166,166,-7.217,3.626,"Within each normalized composition in the finite PBE/FERE source domain, select the row with the lowest finite total energy per atom; break an exact displayed-energy tie by smaller stable MatDB ID. Do not use PBE or GW gap values.",pbe_metadata + source_recovery:pbe
current-nlr-pbe-gw-v1:composition:7cccdab749e4c7430fb64b8e6c2c69b5a63f0fc0704dbf86ea45a2d02e1fad6c,O8 Ti3 Zn2,112484,,[],212,212,-7.131,2.871,"Within each normalized composition in the finite PBE/FERE source domain, select the row with the lowest finite total energy per atom; break an exact displayed-energy tie by smaller stable MatDB ID. Do not use PBE or GW gap values.",pbe_metadata + source_recovery:pbe
current-nlr-pbe-gw-v1:composition:d5f3b332ffea83f9708e8befd662a51e55a0bbbca49d30c8bc6efeb6711ad08a,O8 V2 Zn3,131402,,[],64,64,-6.183,2.703,"Within each normalized composition in the finite PBE/FERE source domain, select the row with the lowest finite total energy per atom; break an exact displayed-energy tie by smaller stable MatDB ID. Do not use PBE or GW gap values.",pbe_metadata + source_recovery:pbe
current-nlr-pbe-gw-v1:composition:3bcf29e9dd3ba2a6dcc86e41278d3eed98ec41f97c6cebc96d2de6b14e19e5d3,O8 V3 Zn,167710,,[],45,45,-7.136,1.774,"Within each normalized composition in the finite PBE/FERE source domain, select the row with the lowest finite total energy per atom; break an exact displayed-energy tie by smaller stable MatDB ID. Do not use PBE or GW gap values.",pbe_metadata + source_recovery:pbe
current-nlr-pbe-gw-v1:composition:0fb6978bfb5e9a2a0bf49f37730e3390516f28372fd4a036063fadd5c8f5f2ed,O8 W2 Zr,166362,,[],19,19,-8.47,3.204,"Within each normalized composition in the finite PBE/FERE source domain, select the row with the lowest finite total energy per atom; break an exact displayed-energy tie by smaller stable MatDB ID. Do not use PBE or GW gap values.",pbe_metadata + source_recovery:pbe
current-nlr-pbe-gw-v1:composition:1ac82095b7dcb4ab6433d01b786651adeca4e523f9509a02669a3d35621a81bf,O9 Pb4 V2,149421,,[],62,62,-6.582,2.799,"Within each normalized composition in the finite PBE/FERE source domain, select the row with the lowest finite total energy per atom; break an exact displayed-energy tie by smaller stable MatDB ID. Do not use PBE or GW gap values.",pbe_metadata + source_recovery:pbe
current-nlr-pbe-gw-v1:composition:aee71fb11b33f600d42e7244e6441ce9c20011fd8032de40c5c3f989fbe9ec68,O9 Rb2 Si3 Sn,111514,,[],176,176,-6.903,3.849,"Within each normalized composition in the finite PBE/FERE source domain, select the row with the lowest finite total energy per atom; break an exact displayed-energy tie by smaller stable MatDB ID. Do not use PBE or GW gap values.",pbe_metadata + source_recovery:pbe
current-nlr-pbe-gw-v1:composition:585154d0717c5ab2b7cf14a0367aacd8910cc65a3c11a61c19253c56cb98f07a,O9 Rb2 Si3 Ti,112989,,[],176,176,-7.296,3.49,"Within each normalized composition in the finite PBE/FERE source domain, select the row with the lowest finite total energy per atom; break an exact displayed-energy tie by smaller stable MatDB ID. Do not use PBE or GW gap values.",pbe_metadata + source_recovery:pbe
current-nlr-pbe-gw-v1:composition:5830e8e38b1324995886220f61f23bb7c92ccea5b5091634d6343708ffd477fb,O9 Rb2 V4,130443,,[],84,3,-7.171,2.201,"Within each normalized composition in the finite PBE/FERE source domain, select the row with the lowest finite total energy per atom; break an exact displayed-energy tie by smaller stable MatDB ID. Do not use PBE or GW gap values.",pbe_metadata + source_recovery:pbe
current-nlr-pbe-gw-v1:composition:381f52f2717ff5a87252f4dd81a9d5e5783efda3f30aeeec5e80799892c6edbf,O9 Sr V4,195477,,[],85,13,-7.674,2.299,"Within each normalized composition in the finite PBE/FERE source domain, select the row with the lowest finite total energy per atom; break an exact displayed-energy tie by smaller stable MatDB ID. Do not use PBE or GW gap values.",pbe_metadata + source_recovery:pbe
current-nlr-pbe-gw-v1:composition:386951d06bca1bed5aad2c5b3915a1b568b28ba11eb1401d70eaf982993cf2a5,O9 Ti3 V2,197939,,[],15,15,-8.187,1.444,"Within each normalized composition in the finite PBE/FERE source domain, select the row with the lowest finite total energy per atom; break an exact displayed-energy tie by smaller stable MatDB ID. Do not use PBE or GW gap values.",pbe_metadata + source_recovery:pbe
current-nlr-pbe-gw-v1:composition:43a05ebef6e11e39ece1593196ab45727a04a36403eacff70f5ec78b55ab5cda,O9 V2 Zn4,167759,,[],4,4,-5.974,2.458,"Within each normalized composition in the finite PBE/FERE source domain, select the row with the lowest finite total energy per atom; break an exact displayed-energy tie by smaller stable MatDB ID. Do not use PBE or GW gap values.",pbe_metadata + source_recovery:pbe
current-nlr-pbe-gw-v1:composition:f3362003db4035c5f82cd4d84bb2f99f0501c080f4cdf5746f081557ab83cd07,O9 V4,195687,,[],63,8,-7.665,1.524,"Within each normalized composition in the finite PBE/FERE source domain, select the row with the lowest finite total energy per atom; break an exact displayed-energy tie by smaller stable MatDB ID. Do not use PBE or GW gap values.",pbe_metadata + source_recovery:pbe
current-nlr-pbe-gw-v1:composition:1761df7fe50acc0ebe14ef176802f0c9c6a769be2357037dde7f4a3f18dccb71,O9 V5,149708,,[],2,1,-7.947,0.698,"Within each normalized composition in the finite PBE/FERE source domain, select the row with the lowest finite total energy per atom; break an exact displayed-energy tie by smaller stable MatDB ID. Do not use PBE or GW gap values.",pbe_metadata + source_recovery:pbe
