method,seed,bo_iteration,selected_action_index,selected_action_x,observed_scalar_outcome,incumbent_before_observation,incumbent,noise_free_best_value_observed,simple_regret,t_0_10_status,t_0_10,active_factor_indices,M_t,N,active_factor_fraction,cumulative_factor_use_through_iteration,cumulative_final_active_factor_use,cumulative_factor_ratio_through_iteration,R_factors,raw_factor_likelihood_evaluation_count,decision_factor_likelihood_evaluation_count,heldout_factor_likelihood_evaluation_count,inference_sample_count,inference_ess,inference_ess_fraction,inference_wall_time_seconds,laplace_converged,laplace_mode_iterations,laplace_gradient_infinity_norm,maximum_split_half_ei_discrepancy,heldout_full_target_sample_count,heldout_full_target_ess,heldout_full_target_ess_fraction,heldout_full_target_wall_time_seconds,heldout_laplace_converged,heldout_laplace_mode_iterations,heldout_laplace_gradient_infinity_norm,heldout_maximum_split_half_ei_discrepancy,selected_action_acquisition_estimate,structural_bound_at_worst_challenger,empirical_inference_allowance,adaptive_heldout_full_target_acquisition_regret,numerical_accuracy_reliable,config_sha256,starting_git_commit,preference_bank_sha256,scalar_noise_sha256,screened_factor_source,scalar_observation_count
standard,0,1,1,0.0625,0.06065523856522073,0.2497805845436931,0.2497805845436931,0.258984272217597,0.7292511583956854,not_reached,7,[],0,24,0.0,0,0,0.0,0.0,0,0,0,0,,,0.0,,,,,,,,,,,,,0.05207245762422279,,,,True,5c53c8de7144d1d0bc3a66b1ca4233b2c17811f726e977e1a5c90f103140b260,b68525952f58693461ac32d4658a8d611a594706,f7a9394d567007916917c034f52c14ce1591ba530b4fc3e8bf855b03f226b295,0a4c42f5c33a8e7818680b2539b41399f32a747d686f70041a5ea2aacc63f769,historical_preference_bank_only,4
standard,0,2,3,0.1875,0.5246475482787409,0.2497805845436931,0.5246475482787409,0.5220877718429023,0.4661476587703801,not_reached,7,[],0,24,0.0,0,0,0.0,0.0,0,0,0,0,,,0.0,,,,,,,,,,,,,0.0520712609271517,,,,True,5c53c8de7144d1d0bc3a66b1ca4233b2c17811f726e977e1a5c90f103140b260,b68525952f58693461ac32d4658a8d611a594706,f7a9394d567007916917c034f52c14ce1591ba530b4fc3e8bf855b03f226b295,0a4c42f5c33a8e7818680b2539b41399f32a747d686f70041a5ea2aacc63f769,historical_preference_bank_only,5
standard,0,3,4,0.25,0.5002980364555247,0.5246475482787409,0.5246475482787409,0.5220877718429023,0.4661476587703801,not_reached,7,[],0,24,0.0,0,0,0.0,0.0,0,0,0,0,,,0.0,,,,,,,,,,,,,0.015779404783736517,,,,True,5c53c8de7144d1d0bc3a66b1ca4233b2c17811f726e977e1a5c90f103140b260,b68525952f58693461ac32d4658a8d611a594706,f7a9394d567007916917c034f52c14ce1591ba530b4fc3e8bf855b03f226b295,0a4c42f5c33a8e7818680b2539b41399f32a747d686f70041a5ea2aacc63f769,historical_preference_bank_only,6
standard,0,4,5,0.3125,0.18906972650135637,0.5246475482787409,0.5246475482787409,0.5220877718429023,0.4661476587703801,not_reached,7,[],0,24,0.0,0,0,0.0,0.0,0,0,0,0,,,0.0,,,,,,,,,,,,,0.015020663590336915,,,,True,5c53c8de7144d1d0bc3a66b1ca4233b2c17811f726e977e1a5c90f103140b260,b68525952f58693461ac32d4658a8d611a594706,f7a9394d567007916917c034f52c14ce1591ba530b4fc3e8bf855b03f226b295,0a4c42f5c33a8e7818680b2539b41399f32a747d686f70041a5ea2aacc63f769,historical_preference_bank_only,7
standard,0,5,6,0.375,-0.010684780871453123,0.5246475482787409,0.5246475482787409,0.5220877718429023,0.4661476587703801,not_reached,7,[],0,24,0.0,0,0,0.0,0.0,0,0,0,0,,,0.0,,,,,,,,,,,,,0.00772509472963831,,,,True,5c53c8de7144d1d0bc3a66b1ca4233b2c17811f726e977e1a5c90f103140b260,b68525952f58693461ac32d4658a8d611a594706,f7a9394d567007916917c034f52c14ce1591ba530b4fc3e8bf855b03f226b295,0a4c42f5c33a8e7818680b2539b41399f32a747d686f70041a5ea2aacc63f769,historical_preference_bank_only,8
standard,0,6,15,0.9375,0.003044720181691608,0.5246475482787409,0.5246475482787409,0.5220877718429023,0.4661476587703801,not_reached,7,[],0,24,0.0,0,0,0.0,0.0,0,0,0,0,,,0.0,,,,,,,,,,,,,0.0074271378489185365,,,,True,5c53c8de7144d1d0bc3a66b1ca4233b2c17811f726e977e1a5c90f103140b260,b68525952f58693461ac32d4658a8d611a594706,f7a9394d567007916917c034f52c14ce1591ba530b4fc3e8bf855b03f226b295,0a4c42f5c33a8e7818680b2539b41399f32a747d686f70041a5ea2aacc63f769,historical_preference_bank_only,9
full,0,1,3,0.1875,0.5246475482787409,0.2497805845436931,0.5246475482787409,0.5220877718429023,0.4661476587703801,not_reached,3,"[0, 1, 2, 3, 4, 5, 6, 7, 8, 9, 10, 11, 12, 13, 14, 15, 16, 17, 18, 19, 20, 21, 22, 23]",24,24,1.0,24,144,1.0,1.0,1573032,1573032,0,65536,65394.26978946434,0.9978373686136527,0.06458466686308384,True,3,1.3034018309099338e-13,0.0014800875802380153,,,,,,,,,0.11523256051904898,0.0,,0.0,True,5c53c8de7144d1d0bc3a66b1ca4233b2c17811f726e977e1a5c90f103140b260,b68525952f58693461ac32d4658a8d611a594706,f7a9394d567007916917c034f52c14ce1591ba530b4fc3e8bf855b03f226b295,0a4c42f5c33a8e7818680b2539b41399f32a747d686f70041a5ea2aacc63f769,historical_preference_bank_only,4
full,0,2,5,0.3125,0.18906972650135637,0.5246475482787409,0.5246475482787409,0.5220877718429023,0.4661476587703801,not_reached,3,"[0, 1, 2, 3, 4, 5, 6, 7, 8, 9, 10, 11, 12, 13, 14, 15, 16, 17, 18, 19, 20, 21, 22, 23]",24,24,1.0,48,144,1.0,1.0,1573032,1573032,0,65536,65419.9719241117,0.9982295520646927,0.05697325011715293,True,3,5.484501741648273e-13,0.000474045982487431,,,,,,,,,0.02063786029598099,0.0,,0.0,True,5c53c8de7144d1d0bc3a66b1ca4233b2c17811f726e977e1a5c90f103140b260,b68525952f58693461ac32d4658a8d611a594706,f7a9394d567007916917c034f52c14ce1591ba530b4fc3e8bf855b03f226b295,0a4c42f5c33a8e7818680b2539b41399f32a747d686f70041a5ea2aacc63f769,historical_preference_bank_only,5
full,0,3,12,0.75,0.9953544694200632,0.5246475482787409,0.9953544694200632,0.9882354306132825,0.0,reached,3,"[0, 1, 2, 3, 4, 5, 6, 7, 8, 9, 10, 11, 12, 13, 14, 15, 16, 17, 18, 19, 20, 21, 22, 23]",24,24,1.0,72,144,1.0,1.0,1573032,1573032,0,65536,65441.142261884226,0.9985525857831455,0.053950291126966476,True,3,1.532107773982716e-13,0.00041531667218037104,,,,,,,,,0.008969750202962439,0.0,,0.0,True,5c53c8de7144d1d0bc3a66b1ca4233b2c17811f726e977e1a5c90f103140b260,b68525952f58693461ac32d4658a8d611a594706,f7a9394d567007916917c034f52c14ce1591ba530b4fc3e8bf855b03f226b295,0a4c42f5c33a8e7818680b2539b41399f32a747d686f70041a5ea2aacc63f769,historical_preference_bank_only,6
full,0,4,11,0.6875,0.5551402452511168,0.9953544694200632,0.9953544694200632,0.9882354306132825,0.0,reached,3,"[0, 1, 2, 3, 4, 5, 6, 7, 8, 9, 10, 11, 12, 13, 14, 15, 16, 17, 18, 19, 20, 21, 22, 23]",24,24,1.0,96,144,1.0,1.0,1573032,1573032,0,65536,65454.39052310392,0.9987547382065417,0.05342183308675885,True,3,5.390132784555135e-13,9.355663216878982e-05,,,,,,,,,0.0008820581401419782,0.0,,0.0,True,5c53c8de7144d1d0bc3a66b1ca4233b2c17811f726e977e1a5c90f103140b260,b68525952f58693461ac32d4658a8d611a594706,f7a9394d567007916917c034f52c14ce1591ba530b4fc3e8bf855b03f226b295,0a4c42f5c33a8e7818680b2539b41399f32a747d686f70041a5ea2aacc63f769,historical_preference_bank_only,7
full,0,5,13,0.8125,0.7059402861962635,0.9953544694200632,0.9953544694200632,0.9882354306132825,0.0,reached,3,"[0, 1, 2, 3, 4, 5, 6, 7, 8, 9, 10, 11, 12, 13, 14, 15, 16, 17, 18, 19, 20, 21, 22, 23]",24,24,1.0,120,144,1.0,1.0,1573032,1573032,0,65536,65461.20032241015,0.9988586474977135,0.05362479202449322,True,3,4.1050496335515163e-13,9.302958701994535e-05,,,,,,,,,0.00020465659969155163,0.0,,0.0,True,5c53c8de7144d1d0bc3a66b1ca4233b2c17811f726e977e1a5c90f103140b260,b68525952f58693461ac32d4658a8d611a594706,f7a9394d567007916917c034f52c14ce1591ba530b4fc3e8bf855b03f226b295,0a4c42f5c33a8e7818680b2539b41399f32a747d686f70041a5ea2aacc63f769,historical_preference_bank_only,8
full,0,6,9,0.5625,0.03473622746871463,0.9953544694200632,0.9953544694200632,0.9882354306132825,0.0,reached,3,"[0, 1, 2, 3, 4, 5, 6, 7, 8, 9, 10, 11, 12, 13, 14, 15, 16, 17, 18, 19, 20, 21, 22, 23]",24,24,1.0,144,144,1.0,1.0,1573032,1573032,0,65536,65467.01042527498,0.9989473026317593,0.05155983311124146,True,3,3.689271110829395e-13,7.294762236616959e-05,,,,,,,,,9.152010410891994e-05,0.0,,0.0,True,5c53c8de7144d1d0bc3a66b1ca4233b2c17811f726e977e1a5c90f103140b260,b68525952f58693461ac32d4658a8d611a594706,f7a9394d567007916917c034f52c14ce1591ba530b4fc3e8bf855b03f226b295,0a4c42f5c33a8e7818680b2539b41399f32a747d686f70041a5ea2aacc63f769,historical_preference_bank_only,9
adaptive,0,1,3,0.1875,0.5246475482787409,0.2497805845436931,0.5246475482787409,0.5220877718429023,0.4661476587703801,not_reached,3,"[0, 1, 2, 3, 4, 5, 6, 7, 8, 9, 10, 11, 12, 13, 14, 15, 16, 17, 19, 20, 21, 22, 23]",23,24,0.9583333333333334,23,127,0.9583333333333334,0.8819444444444444,6342696,4769664,1573032,16384,16349.398027407105,0.9978880631962345,0.43330021179281175,True,3,1.3988810110276972e-14,,65536,65396.6831952839,0.9978741942639755,0.06007575010880828,True,3,1.3034018309099338e-13,0.001634339776572201,0.11585337794111475,0.0,0.0,0.0,True,5c53c8de7144d1d0bc3a66b1ca4233b2c17811f726e977e1a5c90f103140b260,b68525952f58693461ac32d4658a8d611a594706,f7a9394d567007916917c034f52c14ce1591ba530b4fc3e8bf855b03f226b295,0a4c42f5c33a8e7818680b2539b41399f32a747d686f70041a5ea2aacc63f769,historical_preference_bank_only,4
adaptive,0,2,5,0.3125,0.18906972650135637,0.5246475482787409,0.5246475482787409,0.5220877718429023,0.4661476587703801,not_reached,3,"[0, 2, 3, 4, 5, 6, 7, 8, 9, 10, 11, 12, 13, 14, 15, 16, 17, 19, 20, 21, 22, 23]",22,24,0.9166666666666666,45,127,0.9375,0.8819444444444444,5719925,4146893,1573032,16384,16354.555542587876,0.9982028529411545,0.3552814575377852,True,3,4.921618668163319e-13,,65536,65419.29527310983,0.9982192271897862,0.055420458083972335,True,3,5.484501741648273e-13,0.0004531045174428223,0.02075911283259138,0.0,0.0,0.0,True,5c53c8de7144d1d0bc3a66b1ca4233b2c17811f726e977e1a5c90f103140b260,b68525952f58693461ac32d4658a8d611a594706,f7a9394d567007916917c034f52c14ce1591ba530b4fc3e8bf855b03f226b295,0a4c42f5c33a8e7818680b2539b41399f32a747d686f70041a5ea2aacc63f769,historical_preference_bank_only,5
adaptive,0,3,12,0.75,0.9953544694200632,0.5246475482787409,0.9953544694200632,0.9882354306132825,0.0,reached,3,"[0, 2, 3, 4, 5, 6, 7, 8, 9, 10, 11, 12, 13, 14, 15, 16, 17, 19, 20, 21, 22, 23]",22,24,0.9166666666666666,67,127,0.9305555555555556,0.8819444444444444,5719907,4146875,1573032,16384,16359.172821988117,0.9984846693107982,0.35837079118937254,True,3,5.276890036043369e-13,,65536,65436.87447489529,0.9984874645217177,0.054472000105306506,True,3,1.532107773982716e-13,0.0004633299581587383,0.0086372594002141,7.092169924065594e-05,0.0018304251878625286,0.0,True,5c53c8de7144d1d0bc3a66b1ca4233b2c17811f726e977e1a5c90f103140b260,b68525952f58693461ac32d4658a8d611a594706,f7a9394d567007916917c034f52c14ce1591ba530b4fc3e8bf855b03f226b295,0a4c42f5c33a8e7818680b2539b41399f32a747d686f70041a5ea2aacc63f769,historical_preference_bank_only,6
adaptive,0,4,11,0.6875,0.5551402452511168,0.9953544694200632,0.9953544694200632,0.9882354306132825,0.0,reached,3,"[0, 2, 3, 4, 5, 6, 7, 8, 9, 10, 11, 12, 13, 14, 15, 16, 17, 19, 20, 21, 22, 23]",22,24,0.9166666666666666,89,127,0.9270833333333334,0.8819444444444444,5719913,4146881,1573032,16384,16362.528829470995,0.9986895037518918,0.35957349720411,True,3,5.48172618408671e-13,,65536,65454.22437449578,0.9987522029799771,0.05534979118965566,True,3,5.390132784555135e-13,7.023361317323425e-05,0.0008591802997415934,0.0,0.0,0.0,True,5c53c8de7144d1d0bc3a66b1ca4233b2c17811f726e977e1a5c90f103140b260,b68525952f58693461ac32d4658a8d611a594706,f7a9394d567007916917c034f52c14ce1591ba530b4fc3e8bf855b03f226b295,0a4c42f5c33a8e7818680b2539b41399f32a747d686f70041a5ea2aacc63f769,historical_preference_bank_only,7
adaptive,0,5,13,0.8125,0.7059402861962635,0.9953544694200632,0.9953544694200632,0.9882354306132825,0.0,reached,3,"[0, 2, 3, 4, 6, 7, 8, 9, 10, 11, 12, 13, 14, 15, 16, 17, 19, 20, 22, 23]",20,24,0.8333333333333334,109,127,0.9083333333333333,0.8819444444444444,5015084,3442052,1573032,16384,16366.64682371348,0.9989408461739184,0.3291241673287004,True,3,2.549627176051672e-13,,65536,65462.60957729026,0.9988801510206644,0.05588345788419247,True,3,4.1050496335515163e-13,0.00012060626264776648,0.0002758739052152055,0.00022153478985051405,0.00011460852067307162,0.0,True,5c53c8de7144d1d0bc3a66b1ca4233b2c17811f726e977e1a5c90f103140b260,b68525952f58693461ac32d4658a8d611a594706,f7a9394d567007916917c034f52c14ce1591ba530b4fc3e8bf855b03f226b295,0a4c42f5c33a8e7818680b2539b41399f32a747d686f70041a5ea2aacc63f769,historical_preference_bank_only,8
adaptive,0,6,0,0.0,0.002098736133679174,0.9953544694200632,0.9953544694200632,0.9882354306132825,0.0,reached,3,"[0, 2, 3, 4, 7, 8, 9, 10, 11, 12, 13, 14, 15, 16, 17, 20, 22, 23]",18,24,0.75,127,127,0.8819444444444444,0.8819444444444444,4375843,2802811,1573032,16384,16367.425511122381,0.9989883734815906,0.31175182992592454,True,3,4.447553436648377e-13,,65536,65469.983860340835,0.9989926736502203,0.05219541606493294,True,3,3.689271110829395e-13,5.632143997845451e-05,9.84424997692963e-05,0.00021279586749468207,6.479811948545339e-05,4.3773714962838284e-05,True,5c53c8de7144d1d0bc3a66b1ca4233b2c17811f726e977e1a5c90f103140b260,b68525952f58693461ac32d4658a8d611a594706,f7a9394d567007916917c034f52c14ce1591ba530b4fc3e8bf855b03f226b295,0a4c42f5c33a8e7818680b2539b41399f32a747d686f70041a5ea2aacc63f769,historical_preference_bank_only,9
standard,1,1,1,0.0625,0.08429369470254913,0.2558262790720216,0.2558262790720216,0.258984272217597,0.7292511583956854,not_reached,7,[],0,24,0.0,0,0,0.0,0.0,0,0,0,0,,,0.0,,,,,,,,,,,,,0.05088257564993116,,,,True,5c53c8de7144d1d0bc3a66b1ca4233b2c17811f726e977e1a5c90f103140b260,b68525952f58693461ac32d4658a8d611a594706,9de465191e8d846a5185f60df87436d40f8426634d451e934ab39e5928e180b5,6314cf07d75088169d437aa1a128d20d0f90c118eee523f4db454709ee2129c6,historical_preference_bank_only,4
standard,1,2,3,0.1875,0.5159708189063935,0.2558262790720216,0.5159708189063935,0.5220877718429023,0.4661476587703801,not_reached,7,[],0,24,0.0,0,0,0.0,0.0,0,0,0,0,,,0.0,,,,,,,,,,,,,0.05088169531284139,,,,True,5c53c8de7144d1d0bc3a66b1ca4233b2c17811f726e977e1a5c90f103140b260,b68525952f58693461ac32d4658a8d611a594706,9de465191e8d846a5185f60df87436d40f8426634d451e934ab39e5928e180b5,6314cf07d75088169d437aa1a128d20d0f90c118eee523f4db454709ee2129c6,historical_preference_bank_only,5
standard,1,3,4,0.25,0.5088409045192842,0.5159708189063935,0.5159708189063935,0.5220877718429023,0.4661476587703801,not_reached,7,[],0,24,0.0,0,0,0.0,0.0,0,0,0,0,,,0.0,,,,,,,,,,,,,0.016461291546281613,,,,True,5c53c8de7144d1d0bc3a66b1ca4233b2c17811f726e977e1a5c90f103140b260,b68525952f58693461ac32d4658a8d611a594706,9de465191e8d846a5185f60df87436d40f8426634d451e934ab39e5928e180b5,6314cf07d75088169d437aa1a128d20d0f90c118eee523f4db454709ee2129c6,historical_preference_bank_only,6
standard,1,4,5,0.3125,0.20661293096808891,0.5159708189063935,0.5159708189063935,0.5220877718429023,0.4661476587703801,not_reached,7,[],0,24,0.0,0,0,0.0,0.0,0,0,0,0,,,0.0,,,,,,,,,,,,,0.016212452329834308,,,,True,5c53c8de7144d1d0bc3a66b1ca4233b2c17811f726e977e1a5c90f103140b260,b68525952f58693461ac32d4658a8d611a594706,9de465191e8d846a5185f60df87436d40f8426634d451e934ab39e5928e180b5,6314cf07d75088169d437aa1a128d20d0f90c118eee523f4db454709ee2129c6,historical_preference_bank_only,7
standard,1,5,6,0.375,-0.011895335081644406,0.5159708189063935,0.5159708189063935,0.5220877718429023,0.4661476587703801,not_reached,7,[],0,24,0.0,0,0,0.0,0.0,0,0,0,0,,,0.0,,,,,,,,,,,,,0.008573117001419793,,,,True,5c53c8de7144d1d0bc3a66b1ca4233b2c17811f726e977e1a5c90f103140b260,b68525952f58693461ac32d4658a8d611a594706,9de465191e8d846a5185f60df87436d40f8426634d451e934ab39e5928e180b5,6314cf07d75088169d437aa1a128d20d0f90c118eee523f4db454709ee2129c6,historical_preference_bank_only,8
standard,1,6,15,0.9375,0.0064420507900116945,0.5159708189063935,0.5159708189063935,0.5220877718429023,0.4661476587703801,not_reached,7,[],0,24,0.0,0,0,0.0,0.0,0,0,0,0,,,0.0,,,,,,,,,,,,,0.007897218156828024,,,,True,5c53c8de7144d1d0bc3a66b1ca4233b2c17811f726e977e1a5c90f103140b260,b68525952f58693461ac32d4658a8d611a594706,9de465191e8d846a5185f60df87436d40f8426634d451e934ab39e5928e180b5,6314cf07d75088169d437aa1a128d20d0f90c118eee523f4db454709ee2129c6,historical_preference_bank_only,9
full,1,1,11,0.6875,0.5497227640021282,0.2558262790720216,0.5497227640021282,0.565131658509561,0.4231037721037214,not_reached,2,"[0, 1, 2, 3, 4, 5, 6, 7, 8, 9, 10, 11, 12, 13, 14, 15, 16, 17, 18, 19, 20, 21, 22, 23]",24,24,1.0,24,144,1.0,1.0,1573032,1573032,0,65536,65392.13965621299,0.9978048653596953,0.058171333046630025,True,3,1.7752466163756253e-13,0.0013524942012620722,,,,,,,,,0.10269781179099899,0.0,,0.0,True,5c53c8de7144d1d0bc3a66b1ca4233b2c17811f726e977e1a5c90f103140b260,b68525952f58693461ac32d4658a8d611a594706,9de465191e8d846a5185f60df87436d40f8426634d451e934ab39e5928e180b5,6314cf07d75088169d437aa1a128d20d0f90c118eee523f4db454709ee2129c6,historical_preference_bank_only,4
full,1,2,12,0.75,0.9933240422968641,0.5497227640021282,0.9933240422968641,0.9882354306132825,0.0,reached,2,"[0, 1, 2, 3, 4, 5, 6, 7, 8, 9, 10, 11, 12, 13, 14, 15, 16, 17, 18, 19, 20, 21, 22, 23]",24,24,1.0,48,144,1.0,1.0,1573032,1573032,0,65536,65418.49250859047,0.9982069779753184,0.056994125014171004,True,3,3.5754732508053166e-13,0.0006680890077212717,,,,,,,,,0.019974751870514465,0.0,,0.0,True,5c53c8de7144d1d0bc3a66b1ca4233b2c17811f726e977e1a5c90f103140b260,b68525952f58693461ac32d4658a8d611a594706,9de465191e8d846a5185f60df87436d40f8426634d451e934ab39e5928e180b5,6314cf07d75088169d437aa1a128d20d0f90c118eee523f4db454709ee2129c6,historical_preference_bank_only,5
full,1,3,13,0.8125,0.6884586551441864,0.9933240422968641,0.9933240422968641,0.9882354306132825,0.0,reached,2,"[0, 1, 2, 3, 4, 5, 6, 7, 8, 9, 10, 11, 12, 13, 14, 15, 16, 17, 18, 19, 20, 21, 22, 23]",24,24,1.0,72,144,1.0,1.0,1573032,1573032,0,65536,65426.38836209771,0.9983274591384538,0.05696654203347862,True,3,3.770872503139344e-13,5.9052905529378454e-05,,,,,,,,,0.0007781138934199684,0.0,,0.0,True,5c53c8de7144d1d0bc3a66b1ca4233b2c17811f726e977e1a5c90f103140b260,b68525952f58693461ac32d4658a8d611a594706,9de465191e8d846a5185f60df87436d40f8426634d451e934ab39e5928e180b5,6314cf07d75088169d437aa1a128d20d0f90c118eee523f4db454709ee2129c6,historical_preference_bank_only,6
full,1,4,7,0.4375,-0.0338621028932186,0.9933240422968641,0.9933240422968641,0.9882354306132825,0.0,reached,2,"[0, 1, 2, 3, 4, 5, 6, 7, 8, 9, 10, 11, 12, 13, 14, 15, 16, 17, 18, 19, 20, 21, 22, 23]",24,24,1.0,96,144,1.0,1.0,1573032,1573032,0,65536,65442.33674481435,0.998570812146215,0.056373416911810637,True,3,4.1255887595070817e-13,6.534482394986125e-05,,,,,,,,,0.00019775404689258898,0.0,,0.0,True,5c53c8de7144d1d0bc3a66b1ca4233b2c17811f726e977e1a5c90f103140b260,b68525952f58693461ac32d4658a8d611a594706,9de465191e8d846a5185f60df87436d40f8426634d451e934ab39e5928e180b5,6314cf07d75088169d437aa1a128d20d0f90c118eee523f4db454709ee2129c6,historical_preference_bank_only,7
full,1,5,16,1.0,-0.007731047663230774,0.9933240422968641,0.9933240422968641,0.9882354306132825,0.0,reached,2,"[0, 1, 2, 3, 4, 5, 6, 7, 8, 9, 10, 11, 12, 13, 14, 15, 16, 17, 18, 19, 20, 21, 22, 23]",24,24,1.0,120,144,1.0,1.0,1573032,1573032,0,65536,65464.24223891167,0.9989050634599559,0.056313500041142106,True,3,5.233591338082988e-13,4.53711864084807e-05,,,,,,,,,0.0001064038676227649,0.0,,0.0,True,5c53c8de7144d1d0bc3a66b1ca4233b2c17811f726e977e1a5c90f103140b260,b68525952f58693461ac32d4658a8d611a594706,9de465191e8d846a5185f60df87436d40f8426634d451e934ab39e5928e180b5,6314cf07d75088169d437aa1a128d20d0f90c118eee523f4db454709ee2129c6,historical_preference_bank_only,8
full,1,6,9,0.5625,0.01679346627361513,0.9933240422968641,0.9933240422968641,0.9882354306132825,0.0,reached,2,"[0, 1, 2, 3, 4, 5, 6, 7, 8, 9, 10, 11, 12, 13, 14, 15, 16, 17, 18, 19, 20, 21, 22, 23]",24,24,1.0,144,144,1.0,1.0,1573032,1573032,0,65536,65474.24516381188,0.9990576959810162,0.05530429212376475,True,3,3.677613769070831e-13,3.113555050304397e-05,,,,,,,,,8.367439731479737e-05,0.0,,0.0,True,5c53c8de7144d1d0bc3a66b1ca4233b2c17811f726e977e1a5c90f103140b260,b68525952f58693461ac32d4658a8d611a594706,9de465191e8d846a5185f60df87436d40f8426634d451e934ab39e5928e180b5,6314cf07d75088169d437aa1a128d20d0f90c118eee523f4db454709ee2129c6,historical_preference_bank_only,9
adaptive,1,1,11,0.6875,0.5497227640021282,0.2558262790720216,0.5497227640021282,0.565131658509561,0.4231037721037214,not_reached,2,"[0, 1, 2, 3, 4, 5, 6, 7, 8, 9, 10, 11, 12, 13, 14, 15, 16, 17, 19, 20, 21, 22, 23]",23,24,0.9583333333333334,23,130,0.9583333333333334,0.9027777777777778,6096918,4523886,1573032,16384,16349.066809983959,0.99786784728906,0.3965010838583112,True,3,9.869882688917642e-14,,65536,65391.244954167756,0.9977912132899133,0.05739779211580753,True,3,1.7752466163756253e-13,0.0014761817769594898,0.10288411603905506,0.0,0.0,0.0,True,5c53c8de7144d1d0bc3a66b1ca4233b2c17811f726e977e1a5c90f103140b260,b68525952f58693461ac32d4658a8d611a594706,9de465191e8d846a5185f60df87436d40f8426634d451e934ab39e5928e180b5,6314cf07d75088169d437aa1a128d20d0f90c118eee523f4db454709ee2129c6,historical_preference_bank_only,4
adaptive,1,2,12,0.75,0.9933240422968641,0.5497227640021282,0.9933240422968641,0.9882354306132825,0.0,reached,2,"[0, 1, 2, 3, 4, 5, 6, 7, 8, 9, 10, 11, 12, 13, 14, 15, 16, 17, 19, 20, 21, 22, 23]",23,24,0.9583333333333334,46,130,0.9583333333333334,0.9027777777777778,6096936,4523904,1573032,16384,16353.721919043066,0.9981519725978434,0.3754593327175826,True,3,2.5052182550666657e-13,,65536,65419.56540646089,0.9982233490976088,0.05564316688105464,True,3,3.5754732508053166e-13,0.0003862784262393488,0.02023949667619503,0.0,0.0,0.0,True,5c53c8de7144d1d0bc3a66b1ca4233b2c17811f726e977e1a5c90f103140b260,b68525952f58693461ac32d4658a8d611a594706,9de465191e8d846a5185f60df87436d40f8426634d451e934ab39e5928e180b5,6314cf07d75088169d437aa1a128d20d0f90c118eee523f4db454709ee2129c6,historical_preference_bank_only,5
adaptive,1,3,13,0.8125,0.6884586551441864,0.9933240422968641,0.9933240422968641,0.9882354306132825,0.0,reached,2,"[0, 1, 2, 3, 4, 6, 7, 8, 9, 10, 11, 12, 13, 14, 15, 16, 17, 19, 20, 21, 22, 23]",22,24,0.9166666666666666,68,130,0.9444444444444444,0.9027777777777778,5719943,4146911,1573032,16384,16355.954415888038,0.9982882333916039,0.3565768296830356,True,3,3.3534286458802853e-13,,65536,65419.94838276253,0.9982291928522115,0.05461045796982944,True,3,3.770872503139344e-13,3.911654551460198e-05,0.0005966929092400666,0.0,0.0,0.0,True,5c53c8de7144d1d0bc3a66b1ca4233b2c17811f726e977e1a5c90f103140b260,b68525952f58693461ac32d4658a8d611a594706,9de465191e8d846a5185f60df87436d40f8426634d451e934ab39e5928e180b5,6314cf07d75088169d437aa1a128d20d0f90c118eee523f4db454709ee2129c6,historical_preference_bank_only,6
adaptive,1,4,7,0.4375,-0.0338621028932186,0.9933240422968641,0.9933240422968641,0.9882354306132825,0.0,reached,2,"[0, 1, 2, 3, 4, 7, 8, 9, 10, 11, 12, 13, 14, 15, 16, 17, 19, 20, 21, 22, 23]",21,24,0.875,89,130,0.9270833333333334,0.9027777777777778,5359323,3786291,1573032,16384,16360.759004673682,0.9985814822188527,0.34293391718529165,True,3,5.185296636511794e-13,,65536,65440.83558353565,0.9985479062429146,0.05623804195784032,True,3,4.1255887595070817e-13,0.00012610723966118012,0.00020160163982460192,7.003878741028934e-05,0.00012398073443678812,0.0,True,5c53c8de7144d1d0bc3a66b1ca4233b2c17811f726e977e1a5c90f103140b260,b68525952f58693461ac32d4658a8d611a594706,9de465191e8d846a5185f60df87436d40f8426634d451e934ab39e5928e180b5,6314cf07d75088169d437aa1a128d20d0f90c118eee523f4db454709ee2129c6,historical_preference_bank_only,7
adaptive,1,5,16,1.0,-0.007731047663230774,0.9933240422968641,0.9933240422968641,0.9882354306132825,0.0,reached,2,"[0, 1, 2, 3, 4, 7, 8, 9, 10, 11, 12, 13, 14, 15, 16, 17, 19, 20, 21, 22, 23]",21,24,0.875,110,130,0.9166666666666666,0.9027777777777778,5359333,3786301,1573032,16384,16365.10424260306,0.9988466944948157,0.3340615399647504,True,3,4.954370247389761e-13,,65536,65459.594034363654,0.9988341374872384,0.05316091701388359,True,3,5.233591338082988e-13,4.2207245682033214e-05,0.00016452987991337766,8.8640331863552e-05,0.00017807516036515928,0.0,True,5c53c8de7144d1d0bc3a66b1ca4233b2c17811f726e977e1a5c90f103140b260,b68525952f58693461ac32d4658a8d611a594706,9de465191e8d846a5185f60df87436d40f8426634d451e934ab39e5928e180b5,6314cf07d75088169d437aa1a128d20d0f90c118eee523f4db454709ee2129c6,historical_preference_bank_only,8
adaptive,1,6,9,0.5625,0.01679346627361513,0.9933240422968641,0.9933240422968641,0.9882354306132825,0.0,reached,2,"[0, 1, 2, 3, 4, 7, 8, 9, 10, 11, 12, 13, 14, 16, 17, 19, 20, 21, 22, 23]",20,24,0.8333333333333334,130,130,0.9027777777777778,0.9027777777777778,5015130,3442098,1573032,16384,16369.016367085671,0.9990854716238813,0.462663835613057,True,3,4.669042930061096e-13,,65536,65475.197910199815,0.9990722337371798,0.06750591704621911,True,3,3.677613769070831e-13,4.5488913326197436e-05,5.178412408768272e-05,0.00019045101119686295,3.972255937800745e-05,0.0,True,5c53c8de7144d1d0bc3a66b1ca4233b2c17811f726e977e1a5c90f103140b260,b68525952f58693461ac32d4658a8d611a594706,9de465191e8d846a5185f60df87436d40f8426634d451e934ab39e5928e180b5,6314cf07d75088169d437aa1a128d20d0f90c118eee523f4db454709ee2129c6,historical_preference_bank_only,9
standard,2,1,1,0.0625,0.0809465418652847,0.2412559451178716,0.2412559451178716,0.258984272217597,0.7292511583956854,not_reached,7,[],0,24,0.0,0,0,0.0,0.0,0,0,0,0,,,0.0,,,,,,,,,,,,,0.05378531048573165,,,,True,5c53c8de7144d1d0bc3a66b1ca4233b2c17811f726e977e1a5c90f103140b260,b68525952f58693461ac32d4658a8d611a594706,9f6cfe2fabd6b13a69611df4db6261afb46fba119ccf02169e99ddd2ef3c7eca,bbac455606db9b9c451cb8d931439b4c38bc529e8a199fbe2915fa841dba5401,historical_preference_bank_only,4
standard,2,2,3,0.1875,0.5039232162018262,0.2412559451178716,0.5039232162018262,0.5220877718429023,0.4661476587703801,not_reached,7,[],0,24,0.0,0,0,0.0,0.0,0,0,0,0,,,0.0,,,,,,,,,,,,,0.05378402636609069,,,,True,5c53c8de7144d1d0bc3a66b1ca4233b2c17811f726e977e1a5c90f103140b260,b68525952f58693461ac32d4658a8d611a594706,9f6cfe2fabd6b13a69611df4db6261afb46fba119ccf02169e99ddd2ef3c7eca,bbac455606db9b9c451cb8d931439b4c38bc529e8a199fbe2915fa841dba5401,historical_preference_bank_only,5
standard,2,3,4,0.25,0.4844756929429248,0.5039232162018262,0.5039232162018262,0.5220877718429023,0.4661476587703801,not_reached,7,[],0,24,0.0,0,0,0.0,0.0,0,0,0,0,,,0.0,,,,,,,,,,,,,0.017447874982035247,,,,True,5c53c8de7144d1d0bc3a66b1ca4233b2c17811f726e977e1a5c90f103140b260,b68525952f58693461ac32d4658a8d611a594706,9f6cfe2fabd6b13a69611df4db6261afb46fba119ccf02169e99ddd2ef3c7eca,bbac455606db9b9c451cb8d931439b4c38bc529e8a199fbe2915fa841dba5401,historical_preference_bank_only,6
standard,2,4,5,0.3125,0.21168718677081638,0.5039232162018262,0.5039232162018262,0.5220877718429023,0.4661476587703801,not_reached,7,[],0,24,0.0,0,0,0.0,0.0,0,0,0,0,,,0.0,,,,,,,,,,,,,0.016780591863131286,,,,True,5c53c8de7144d1d0bc3a66b1ca4233b2c17811f726e977e1a5c90f103140b260,b68525952f58693461ac32d4658a8d611a594706,9f6cfe2fabd6b13a69611df4db6261afb46fba119ccf02169e99ddd2ef3c7eca,bbac455606db9b9c451cb8d931439b4c38bc529e8a199fbe2915fa841dba5401,historical_preference_bank_only,7
standard,2,5,6,0.375,-0.0007693388963831531,0.5039232162018262,0.5039232162018262,0.5220877718429023,0.4661476587703801,not_reached,7,[],0,24,0.0,0,0,0.0,0.0,0,0,0,0,,,0.0,,,,,,,,,,,,,0.009484916530667346,,,,True,5c53c8de7144d1d0bc3a66b1ca4233b2c17811f726e977e1a5c90f103140b260,b68525952f58693461ac32d4658a8d611a594706,9f6cfe2fabd6b13a69611df4db6261afb46fba119ccf02169e99ddd2ef3c7eca,bbac455606db9b9c451cb8d931439b4c38bc529e8a199fbe2915fa841dba5401,historical_preference_bank_only,8
standard,2,6,15,0.9375,-0.0030388744007595146,0.5039232162018262,0.5039232162018262,0.5220877718429023,0.4661476587703801,not_reached,7,[],0,24,0.0,0,0,0.0,0.0,0,0,0,0,,,0.0,,,,,,,,,,,,,0.008714641845015112,,,,True,5c53c8de7144d1d0bc3a66b1ca4233b2c17811f726e977e1a5c90f103140b260,b68525952f58693461ac32d4658a8d611a594706,9f6cfe2fabd6b13a69611df4db6261afb46fba119ccf02169e99ddd2ef3c7eca,bbac455606db9b9c451cb8d931439b4c38bc529e8a199fbe2915fa841dba5401,historical_preference_bank_only,9
full,2,1,7,0.4375,-0.03193747019538034,0.2412559451178716,0.2412559451178716,0.258984272217597,0.7292511583956854,not_reached,4,"[0, 1, 2, 3, 4, 5, 6, 7, 8, 9, 10, 11, 12, 13, 14, 15, 16, 17, 18, 19, 20, 21, 22, 23]",24,24,1.0,24,144,1.0,1.0,1573032,1573032,0,65536,65390.09560840024,0.9977736756652869,0.058511790819466114,True,3,1.149080830487037e-13,0.0023982137768479087,,,,,,,,,0.08618659786361234,0.0,,0.0,True,5c53c8de7144d1d0bc3a66b1ca4233b2c17811f726e977e1a5c90f103140b260,b68525952f58693461ac32d4658a8d611a594706,9f6cfe2fabd6b13a69611df4db6261afb46fba119ccf02169e99ddd2ef3c7eca,bbac455606db9b9c451cb8d931439b4c38bc529e8a199fbe2915fa841dba5401,historical_preference_bank_only,4
full,2,2,0,0.0,0.007052953115615909,0.2412559451178716,0.2412559451178716,0.258984272217597,0.7292511583956854,not_reached,4,"[0, 1, 2, 3, 4, 5, 6, 7, 8, 9, 10, 11, 12, 13, 14, 15, 16, 17, 18, 19, 20, 21, 22, 23]",24,24,1.0,48,144,1.0,1.0,3145896,3145896,0,131072,130819.73251746743,0.9980753518483538,0.11556533398106694,True,3,5.828670879282072e-14,0.0012822955923061652,,,,,,,,,0.08283194657092618,0.0,,0.0,True,5c53c8de7144d1d0bc3a66b1ca4233b2c17811f726e977e1a5c90f103140b260,b68525952f58693461ac32d4658a8d611a594706,9f6cfe2fabd6b13a69611df4db6261afb46fba119ccf02169e99ddd2ef3c7eca,bbac455606db9b9c451cb8d931439b4c38bc529e8a199fbe2915fa841dba5401,historical_preference_bank_only,5
full,2,3,13,0.8125,0.6813436947711698,0.2412559451178716,0.6813436947711698,0.69338852619193,0.2948469044213524,not_reached,4,"[0, 1, 2, 3, 4, 5, 6, 7, 8, 9, 10, 11, 12, 13, 14, 15, 16, 17, 18, 19, 20, 21, 22, 23]",24,24,1.0,72,144,1.0,1.0,1573032,1573032,0,65536,65437.53458443327,0.9984975369939159,0.0556790828704834,True,3,1.2922996006636822e-13,0.0015922316901856998,,,,,,,,,0.06507619615215984,0.0,,0.0,True,5c53c8de7144d1d0bc3a66b1ca4233b2c17811f726e977e1a5c90f103140b260,b68525952f58693461ac32d4658a8d611a594706,9f6cfe2fabd6b13a69611df4db6261afb46fba119ccf02169e99ddd2ef3c7eca,bbac455606db9b9c451cb8d931439b4c38bc529e8a199fbe2915fa841dba5401,historical_preference_bank_only,6
full,2,4,12,0.75,0.9985076449491379,0.6813436947711698,0.9985076449491379,0.9882354306132825,0.0,reached,4,"[0, 1, 2, 3, 4, 5, 6, 7, 8, 9, 10, 11, 12, 13, 14, 15, 16, 17, 18, 19, 20, 21, 22, 23]",24,24,1.0,96,144,1.0,1.0,1573032,1573032,0,65536,65441.50978110301,0.9985581936813813,0.05533870798535645,True,3,1.149080830487037e-13,0.0003270404260950202,,,,,,,,,0.008365527758087906,0.0,,0.0,True,5c53c8de7144d1d0bc3a66b1ca4233b2c17811f726e977e1a5c90f103140b260,b68525952f58693461ac32d4658a8d611a594706,9f6cfe2fabd6b13a69611df4db6261afb46fba119ccf02169e99ddd2ef3c7eca,bbac455606db9b9c451cb8d931439b4c38bc529e8a199fbe2915fa841dba5401,historical_preference_bank_only,7
full,2,5,11,0.6875,0.5567171244799051,0.9985076449491379,0.9985076449491379,0.9882354306132825,0.0,reached,4,"[0, 1, 2, 3, 4, 5, 6, 7, 8, 9, 10, 11, 12, 13, 14, 15, 16, 17, 18, 19, 20, 21, 22, 23]",24,24,1.0,120,144,1.0,1.0,1573032,1573032,0,65536,65464.68030087338,0.9989117477550259,0.0538847919087857,True,3,4.788947016720613e-13,7.467611647012009e-05,,,,,,,,,0.0012459052744987636,0.0,,0.0,True,5c53c8de7144d1d0bc3a66b1ca4233b2c17811f726e977e1a5c90f103140b260,b68525952f58693461ac32d4658a8d611a594706,9f6cfe2fabd6b13a69611df4db6261afb46fba119ccf02169e99ddd2ef3c7eca,bbac455606db9b9c451cb8d931439b4c38bc529e8a199fbe2915fa841dba5401,historical_preference_bank_only,8
full,2,6,10,0.625,0.17154903203339567,0.9985076449491379,0.9985076449491379,0.9882354306132825,0.0,reached,4,"[0, 1, 2, 3, 4, 5, 6, 7, 8, 9, 10, 11, 12, 13, 14, 15, 16, 17, 18, 19, 20, 21, 22, 23]",24,24,1.0,144,144,1.0,1.0,1573032,1573032,0,65536,65478.2266649924,0.9991184488676819,0.05418604193255305,True,3,5.487832410722149e-13,5.01898797118019e-05,,,,,,,,,0.00020285981530848986,0.0,,0.0,True,5c53c8de7144d1d0bc3a66b1ca4233b2c17811f726e977e1a5c90f103140b260,b68525952f58693461ac32d4658a8d611a594706,9f6cfe2fabd6b13a69611df4db6261afb46fba119ccf02169e99ddd2ef3c7eca,bbac455606db9b9c451cb8d931439b4c38bc529e8a199fbe2915fa841dba5401,historical_preference_bank_only,9
adaptive,2,1,7,0.4375,-0.03193747019538034,0.2412559451178716,0.2412559451178716,0.258984272217597,0.7292511583956854,not_reached,3,"[0, 1, 2, 3, 4, 5, 6, 7, 8, 9, 10, 11, 12, 13, 14, 15, 16, 17, 19, 20, 21, 22, 23]",23,24,0.9583333333333334,23,135,0.9583333333333334,0.9375,6096906,4523874,1573032,16384,16348.061466338862,0.9978064859825966,0.42580633074976504,True,3,4.718447854656915e-14,,65536,65384.53680007043,0.9976888549815435,0.0568727080244571,True,3,1.149080830487037e-13,0.0016108433670195127,0.08414982904471772,3.326091636020493e-05,0.003234826034990903,0.0,True,5c53c8de7144d1d0bc3a66b1ca4233b2c17811f726e977e1a5c90f103140b260,b68525952f58693461ac32d4658a8d611a594706,9f6cfe2fabd6b13a69611df4db6261afb46fba119ccf02169e99ddd2ef3c7eca,bbac455606db9b9c451cb8d931439b4c38bc529e8a199fbe2915fa841dba5401,historical_preference_bank_only,4
adaptive,2,2,0,0.0,0.007052953115615909,0.2412559451178716,0.2412559451178716,0.258984272217597,0.7292511583956854,not_reached,3,"[0, 1, 2, 3, 4, 5, 6, 7, 8, 9, 10, 11, 12, 13, 14, 15, 16, 17, 19, 20, 21, 22, 23]",23,24,0.9583333333333334,46,135,0.9583333333333334,0.9375,6096932,4523900,1573032,16384,16350.979971142518,0.9979846173793041,0.3826666681561619,True,3,1.2168044349891716e-13,,65536,65408.32324781285,0.9980518073701912,0.05701333307661116,True,3,5.828670879282072e-14,0.002032533364816569,0.08308846630644773,0.0,0.0,0.0,True,5c53c8de7144d1d0bc3a66b1ca4233b2c17811f726e977e1a5c90f103140b260,b68525952f58693461ac32d4658a8d611a594706,9f6cfe2fabd6b13a69611df4db6261afb46fba119ccf02169e99ddd2ef3c7eca,bbac455606db9b9c451cb8d931439b4c38bc529e8a199fbe2915fa841dba5401,historical_preference_bank_only,5
adaptive,2,3,12,0.75,0.9985076449491379,0.2412559451178716,0.9985076449491379,0.9882354306132825,0.0,reached,3,"[0, 1, 2, 3, 4, 5, 6, 7, 8, 9, 10, 11, 12, 13, 14, 15, 16, 17, 19, 20, 21, 22, 23]",23,24,0.9583333333333334,69,135,0.9583333333333334,0.9375,6096918,4523886,1573032,16384,16358.97492359407,0.9984725905513959,0.4956408760044724,True,3,8.104628079763643e-14,,65536,65436.3901693712,0.9984800746058838,0.0983405839651823,True,3,1.2922996006636822e-13,0.0016326250138347514,0.06553639408676795,9.033680347810284e-05,0.002631284455846045,0.000871558417169141,True,5c53c8de7144d1d0bc3a66b1ca4233b2c17811f726e977e1a5c90f103140b260,b68525952f58693461ac32d4658a8d611a594706,9f6cfe2fabd6b13a69611df4db6261afb46fba119ccf02169e99ddd2ef3c7eca,bbac455606db9b9c451cb8d931439b4c38bc529e8a199fbe2915fa841dba5401,historical_preference_bank_only,6
adaptive,2,4,11,0.6875,0.5567171244799051,0.9985076449491379,0.9985076449491379,0.9882354306132825,0.0,reached,3,"[0, 1, 2, 3, 4, 5, 6, 7, 8, 9, 10, 11, 12, 13, 14, 15, 16, 17, 19, 20, 21, 22, 23]",23,24,0.9583333333333334,92,135,0.9583333333333334,0.9375,6096942,4523910,1573032,16384,16360.422303603782,0.9985609316164418,0.3773707067593932,True,3,4.867217739956686e-13,,65536,65443.56023208436,0.9985894810803888,0.05879133311100304,True,3,3.821387650759789e-13,0.00011278183581526287,0.0014364615797744279,0.0,0.0,0.0,True,5c53c8de7144d1d0bc3a66b1ca4233b2c17811f726e977e1a5c90f103140b260,b68525952f58693461ac32d4658a8d611a594706,9f6cfe2fabd6b13a69611df4db6261afb46fba119ccf02169e99ddd2ef3c7eca,bbac455606db9b9c451cb8d931439b4c38bc529e8a199fbe2915fa841dba5401,historical_preference_bank_only,7
adaptive,2,5,13,0.8125,0.6813436947711698,0.9985076449491379,0.9985076449491379,0.9882354306132825,0.0,reached,3,"[0, 1, 2, 3, 4, 6, 7, 8, 9, 10, 11, 12, 13, 14, 15, 16, 17, 19, 20, 21, 22, 23]",22,24,0.9166666666666666,114,135,0.95,0.9375,5719935,4146903,1573032,16384,16364.891580293708,0.9988337146175359,0.3585910841356963,True,3,1.624256285026604e-13,,65536,65460.88512263474,0.9988538379308279,0.05488841701298952,True,3,5.029310301551959e-14,0.0001475882700953245,0.000650002343324953,0.0,0.0,0.0,True,5c53c8de7144d1d0bc3a66b1ca4233b2c17811f726e977e1a5c90f103140b260,b68525952f58693461ac32d4658a8d611a594706,9f6cfe2fabd6b13a69611df4db6261afb46fba119ccf02169e99ddd2ef3c7eca,bbac455606db9b9c451cb8d931439b4c38bc529e8a199fbe2915fa841dba5401,historical_preference_bank_only,8
adaptive,2,6,10,0.625,0.17154903203339567,0.9985076449491379,0.9985076449491379,0.9882354306132825,0.0,reached,3,"[0, 1, 2, 3, 4, 7, 8, 9, 10, 11, 12, 13, 14, 15, 16, 17, 19, 20, 21, 22, 23]",21,24,0.875,135,135,0.9375,0.9375,5359351,3786319,1573032,16384,16369.75329846553,0.9991304503457965,0.3414552069734782,True,3,4.96713781217295e-13,,65536,65478.84274662764,0.9991278495273993,0.05394795793108642,True,3,5.487832410722149e-13,7.664507603096526e-05,0.0002302354718629983,0.00019414697675575274,0.00010232726545655298,0.0,True,5c53c8de7144d1d0bc3a66b1ca4233b2c17811f726e977e1a5c90f103140b260,b68525952f58693461ac32d4658a8d611a594706,9f6cfe2fabd6b13a69611df4db6261afb46fba119ccf02169e99ddd2ef3c7eca,bbac455606db9b9c451cb8d931439b4c38bc529e8a199fbe2915fa841dba5401,historical_preference_bank_only,9
standard,3,1,1,0.0625,0.05969919099343821,0.26951274834133376,0.26951274834133376,0.258984272217597,0.7292511583956854,not_reached,7,[],0,24,0.0,0,0,0.0,0.0,0,0,0,0,,,0.0,,,,,,,,,,,,,0.048264140977683605,,,,True,5c53c8de7144d1d0bc3a66b1ca4233b2c17811f726e977e1a5c90f103140b260,b68525952f58693461ac32d4658a8d611a594706,c004b0069109dc887d6ac7d171097daeb904d500424d3669c49f49bc54fc4e50,07329ba0683ead78dea75ce3b6b6f744c49e3dcbb600bac59fbe78418d927f95,historical_preference_bank_only,4
standard,3,2,3,0.1875,0.5249561609007699,0.26951274834133376,0.5249561609007699,0.5220877718429023,0.4661476587703801,not_reached,7,[],0,24,0.0,0,0,0.0,0.0,0,0,0,0,,,0.0,,,,,,,,,,,,,0.048262091714797804,,,,True,5c53c8de7144d1d0bc3a66b1ca4233b2c17811f726e977e1a5c90f103140b260,b68525952f58693461ac32d4658a8d611a594706,c004b0069109dc887d6ac7d171097daeb904d500424d3669c49f49bc54fc4e50,07329ba0683ead78dea75ce3b6b6f744c49e3dcbb600bac59fbe78418d927f95,historical_preference_bank_only,5
standard,3,3,4,0.25,0.4921415299639533,0.5249561609007699,0.5249561609007699,0.5220877718429023,0.4661476587703801,not_reached,7,[],0,24,0.0,0,0,0.0,0.0,0,0,0,0,,,0.0,,,,,,,,,,,,,0.015754685940488435,,,,True,5c53c8de7144d1d0bc3a66b1ca4233b2c17811f726e977e1a5c90f103140b260,b68525952f58693461ac32d4658a8d611a594706,c004b0069109dc887d6ac7d171097daeb904d500424d3669c49f49bc54fc4e50,07329ba0683ead78dea75ce3b6b6f744c49e3dcbb600bac59fbe78418d927f95,historical_preference_bank_only,6
standard,3,4,5,0.3125,0.19705442211489543,0.5249561609007699,0.5249561609007699,0.5220877718429023,0.4661476587703801,not_reached,7,[],0,24,0.0,0,0,0.0,0.0,0,0,0,0,,,0.0,,,,,,,,,,,,,0.014744628309897985,,,,True,5c53c8de7144d1d0bc3a66b1ca4233b2c17811f726e977e1a5c90f103140b260,b68525952f58693461ac32d4658a8d611a594706,c004b0069109dc887d6ac7d171097daeb904d500424d3669c49f49bc54fc4e50,07329ba0683ead78dea75ce3b6b6f744c49e3dcbb600bac59fbe78418d927f95,historical_preference_bank_only,7
standard,3,5,6,0.375,0.0033968850857575275,0.5249561609007699,0.5249561609007699,0.5220877718429023,0.4661476587703801,not_reached,7,[],0,24,0.0,0,0,0.0,0.0,0,0,0,0,,,0.0,,,,,,,,,,,,,0.007835181055437252,,,,True,5c53c8de7144d1d0bc3a66b1ca4233b2c17811f726e977e1a5c90f103140b260,b68525952f58693461ac32d4658a8d611a594706,c004b0069109dc887d6ac7d171097daeb904d500424d3669c49f49bc54fc4e50,07329ba0683ead78dea75ce3b6b6f744c49e3dcbb600bac59fbe78418d927f95,historical_preference_bank_only,8
standard,3,6,15,0.9375,-0.02308611026499585,0.5249561609007699,0.5249561609007699,0.5220877718429023,0.4661476587703801,not_reached,7,[],0,24,0.0,0,0,0.0,0.0,0,0,0,0,,,0.0,,,,,,,,,,,,,0.0074608659706779795,,,,True,5c53c8de7144d1d0bc3a66b1ca4233b2c17811f726e977e1a5c90f103140b260,b68525952f58693461ac32d4658a8d611a594706,c004b0069109dc887d6ac7d171097daeb904d500424d3669c49f49bc54fc4e50,07329ba0683ead78dea75ce3b6b6f744c49e3dcbb600bac59fbe78418d927f95,historical_preference_bank_only,9
full,3,1,6,0.375,0.0033968850857575275,0.26951274834133376,0.26951274834133376,0.258984272217597,0.7292511583956854,not_reached,6,"[0, 1, 2, 3, 4, 5, 6, 7, 8, 9, 10, 11, 12, 13, 14, 15, 16, 17, 18, 19, 20, 21, 22, 23]",24,24,1.0,24,144,1.0,1.0,1573032,1573032,0,65536,65407.261414002634,0.9980356050720617,0.05732029117643833,True,3,2.5224267119483557e-13,0.000694306155924071,,,,,,,,,0.05731562126360961,0.0,,0.0,True,5c53c8de7144d1d0bc3a66b1ca4233b2c17811f726e977e1a5c90f103140b260,b68525952f58693461ac32d4658a8d611a594706,c004b0069109dc887d6ac7d171097daeb904d500424d3669c49f49bc54fc4e50,07329ba0683ead78dea75ce3b6b6f744c49e3dcbb600bac59fbe78418d927f95,historical_preference_bank_only,4
full,3,2,4,0.25,0.4921415299639533,0.26951274834133376,0.4921415299639533,0.5017397422557428,0.48649568835753965,not_reached,6,"[0, 1, 2, 3, 4, 5, 6, 7, 8, 9, 10, 11, 12, 13, 14, 15, 16, 17, 18, 19, 20, 21, 22, 23]",24,24,1.0,48,144,1.0,1.0,1573032,1573032,0,65536,65424.44492378893,0.9982978046232441,0.05711779207922518,True,3,1.1968204205459188e-13,0.0016467888438000608,,,,,,,,,0.04706669695413094,0.0,,0.0,True,5c53c8de7144d1d0bc3a66b1ca4233b2c17811f726e977e1a5c90f103140b260,b68525952f58693461ac32d4658a8d611a594706,c004b0069109dc887d6ac7d171097daeb904d500424d3669c49f49bc54fc4e50,07329ba0683ead78dea75ce3b6b6f744c49e3dcbb600bac59fbe78418d927f95,historical_preference_bank_only,5
full,3,3,5,0.3125,0.19705442211489543,0.4921415299639533,0.4921415299639533,0.5017397422557428,0.48649568835753965,not_reached,6,"[0, 1, 2, 3, 4, 5, 6, 7, 8, 9, 10, 11, 12, 13, 14, 15, 16, 17, 18, 19, 20, 21, 22, 23]",24,24,1.0,72,144,1.0,1.0,1573032,1573032,0,65536,65443.82996678181,0.99859359690524,0.056778250029310584,True,3,2.405853294362714e-13,0.000537985854146673,,,,,,,,,0.01927793880172605,0.0,,0.0,True,5c53c8de7144d1d0bc3a66b1ca4233b2c17811f726e977e1a5c90f103140b260,b68525952f58693461ac32d4658a8d611a594706,c004b0069109dc887d6ac7d171097daeb904d500424d3669c49f49bc54fc4e50,07329ba0683ead78dea75ce3b6b6f744c49e3dcbb600bac59fbe78418d927f95,historical_preference_bank_only,6
full,3,4,3,0.1875,0.5249561609007699,0.4921415299639533,0.5249561609007699,0.5220877718429023,0.4661476587703801,not_reached,6,"[0, 1, 2, 3, 4, 5, 6, 7, 8, 9, 10, 11, 12, 13, 14, 15, 16, 17, 18, 19, 20, 21, 22, 23]",24,24,1.0,96,144,1.0,1.0,1573032,1573032,0,65536,65457.38551514194,0.9988004381582938,0.055416957940906286,True,3,1.695310558602614e-13,0.0006065754012414756,,,,,,,,,0.011209408480324394,0.0,,0.0,True,5c53c8de7144d1d0bc3a66b1ca4233b2c17811f726e977e1a5c90f103140b260,b68525952f58693461ac32d4658a8d611a594706,c004b0069109dc887d6ac7d171097daeb904d500424d3669c49f49bc54fc4e50,07329ba0683ead78dea75ce3b6b6f744c49e3dcbb600bac59fbe78418d927f95,historical_preference_bank_only,7
full,3,5,1,0.0625,0.05969919099343821,0.5249561609007699,0.5249561609007699,0.5220877718429023,0.4661476587703801,not_reached,6,"[0, 1, 2, 3, 4, 5, 6, 7, 8, 9, 10, 11, 12, 13, 14, 15, 16, 17, 18, 19, 20, 21, 22, 23]",24,24,1.0,120,144,1.0,1.0,1573032,1573032,0,65536,65464.19808722547,0.9989043897586894,0.05426479200832546,True,3,3.596012376760882e-13,0.00038810861051416946,,,,,,,,,0.008121103515041733,0.0,,0.0,True,5c53c8de7144d1d0bc3a66b1ca4233b2c17811f726e977e1a5c90f103140b260,b68525952f58693461ac32d4658a8d611a594706,c004b0069109dc887d6ac7d171097daeb904d500424d3669c49f49bc54fc4e50,07329ba0683ead78dea75ce3b6b6f744c49e3dcbb600bac59fbe78418d927f95,historical_preference_bank_only,8
full,3,6,12,0.75,0.9957998213543857,0.5249561609007699,0.9957998213543857,0.9882354306132825,0.0,reached,6,"[0, 1, 2, 3, 4, 5, 6, 7, 8, 9, 10, 11, 12, 13, 14, 15, 16, 17, 18, 19, 20, 21, 22, 23]",24,24,1.0,144,144,1.0,1.0,1573032,1573032,0,65536,65473.92333996333,0.9990527853387959,0.05466116708703339,True,3,2.6001423236721166e-13,0.0004215860658296324,,,,,,,,,0.007862851016087762,0.0,,0.0,True,5c53c8de7144d1d0bc3a66b1ca4233b2c17811f726e977e1a5c90f103140b260,b68525952f58693461ac32d4658a8d611a594706,c004b0069109dc887d6ac7d171097daeb904d500424d3669c49f49bc54fc4e50,07329ba0683ead78dea75ce3b6b6f744c49e3dcbb600bac59fbe78418d927f95,historical_preference_bank_only,9
adaptive,3,1,6,0.375,0.0033968850857575275,0.26951274834133376,0.26951274834133376,0.258984272217597,0.7292511583956854,not_reached,7,"[0, 1, 2, 3, 4, 5, 6, 7, 8, 9, 10, 11, 12, 13, 14, 15, 16, 17, 19, 20, 21, 22, 23]",23,24,0.9583333333333334,23,130,0.9583333333333334,0.9027777777777778,6096924,4523892,1573032,16384,16353.035690439905,0.9981100885278262,0.382230915594846,True,3,6.94999613415348e-14,,65536,65405.97214650848,0.9980159324113232,0.05851300014182925,True,3,2.5224267119483557e-13,0.0015188180517026612,0.056808619182448644,3.683740240634017e-05,0.00245289412923417,0.0,True,5c53c8de7144d1d0bc3a66b1ca4233b2c17811f726e977e1a5c90f103140b260,b68525952f58693461ac32d4658a8d611a594706,c004b0069109dc887d6ac7d171097daeb904d500424d3669c49f49bc54fc4e50,07329ba0683ead78dea75ce3b6b6f744c49e3dcbb600bac59fbe78418d927f95,historical_preference_bank_only,4
adaptive,3,2,15,0.9375,-0.02308611026499585,0.26951274834133376,0.26951274834133376,0.258984272217597,0.7292511583956854,not_reached,7,"[0, 1, 2, 3, 4, 5, 6, 7, 8, 9, 11, 12, 13, 14, 15, 16, 17, 19, 20, 21, 22, 23]",22,24,0.9166666666666666,45,130,0.9375,0.9027777777777778,5719917,4146885,1573032,16384,16353.598460168383,0.9981444372661367,0.3576322898734361,True,3,9.559020242022598e-14,,65536,65424.86749600264,0.9983042525635168,0.056074999971315265,True,3,1.1968204205459188e-13,0.0009052723973366691,0.04568533365174701,0.0001238123857224987,0.005046892455234625,0.002616582020175083,True,5c53c8de7144d1d0bc3a66b1ca4233b2c17811f726e977e1a5c90f103140b260,b68525952f58693461ac32d4658a8d611a594706,c004b0069109dc887d6ac7d171097daeb904d500424d3669c49f49bc54fc4e50,07329ba0683ead78dea75ce3b6b6f744c49e3dcbb600bac59fbe78418d927f95,historical_preference_bank_only,5
adaptive,3,3,4,0.25,0.4921415299639533,0.26951274834133376,0.4921415299639533,0.5017397422557428,0.48649568835753965,not_reached,7,"[0, 1, 2, 3, 4, 5, 6, 7, 8, 9, 11, 12, 13, 14, 15, 16, 17, 19, 20, 21, 22, 23]",22,24,0.9166666666666666,67,130,0.9305555555555556,0.9027777777777778,5719935,4146903,1573032,16384,16359.74144691284,0.9985193754219263,0.4074262941721827,True,3,2.4635848916432224e-13,,65536,65441.476914086765,0.9985576921705134,0.06624383293092251,True,3,1.9062529332813938e-13,0.0013315798358477446,0.046998810194570785,0.00013429680284824595,0.005552901654176094,0.0,True,5c53c8de7144d1d0bc3a66b1ca4233b2c17811f726e977e1a5c90f103140b260,b68525952f58693461ac32d4658a8d611a594706,c004b0069109dc887d6ac7d171097daeb904d500424d3669c49f49bc54fc4e50,07329ba0683ead78dea75ce3b6b6f744c49e3dcbb600bac59fbe78418d927f95,historical_preference_bank_only,6
adaptive,3,4,5,0.3125,0.19705442211489543,0.4921415299639533,0.4921415299639533,0.5017397422557428,0.48649568835753965,not_reached,7,"[0, 1, 2, 3, 4, 5, 6, 7, 8, 9, 11, 12, 13, 14, 15, 16, 17, 19, 20, 21, 22, 23]",22,24,0.9166666666666666,89,130,0.9270833333333334,0.9027777777777778,5719943,4146911,1573032,16384,16366.498759125025,0.998931809028627,0.368095958372578,True,3,1.084687895058778e-13,,65536,65461.64041996345,0.9988653628534462,0.058684667106717825,True,3,4.574118861455645e-14,0.0003761427534623562,0.01879658735740511,0.0,0.0,0.0,True,5c53c8de7144d1d0bc3a66b1ca4233b2c17811f726e977e1a5c90f103140b260,b68525952f58693461ac32d4658a8d611a594706,c004b0069109dc887d6ac7d171097daeb904d500424d3669c49f49bc54fc4e50,07329ba0683ead78dea75ce3b6b6f744c49e3dcbb600bac59fbe78418d927f95,historical_preference_bank_only,7
adaptive,3,5,3,0.1875,0.5249561609007699,0.4921415299639533,0.5249561609007699,0.5220877718429023,0.4661476587703801,not_reached,7,"[0, 1, 3, 4, 5, 6, 7, 8, 9, 11, 12, 13, 14, 15, 16, 17, 19, 20, 21, 22, 23]",21,24,0.875,110,130,0.9166666666666666,0.9027777777777778,5359313,3786281,1573032,16384,16368.748342411382,0.9990691126960072,0.3474047516938299,True,3,2.3803181647963356e-13,,65536,65472.32859469873,0.999028451457195,0.057869291165843606,True,3,2.141620214501927e-13,0.0004595984768757354,0.01105412069182148,0.0002746877884069033,0.0016610205848981777,0.0,True,5c53c8de7144d1d0bc3a66b1ca4233b2c17811f726e977e1a5c90f103140b260,b68525952f58693461ac32d4658a8d611a594706,c004b0069109dc887d6ac7d171097daeb904d500424d3669c49f49bc54fc4e50,07329ba0683ead78dea75ce3b6b6f744c49e3dcbb600bac59fbe78418d927f95,historical_preference_bank_only,8
adaptive,3,6,1,0.0625,0.05969919099343821,0.5249561609007699,0.5249561609007699,0.5220877718429023,0.4661476587703801,not_reached,7,"[0, 3, 4, 5, 6, 7, 8, 9, 11, 12, 13, 14, 15, 16, 17, 19, 20, 21, 22, 23]",20,24,0.8333333333333334,130,130,0.9027777777777778,0.9027777777777778,5015066,3442034,1573032,16384,16367.289911184174,0.9989800971181747,0.3259356636554003,True,3,4.303224443447107e-13,,65536,65483.01277958009,0.9991914791806044,0.055591083131730556,True,3,4.909406214892442e-13,0.00038402079351528614,0.007448867421530829,0.00020492415151675728,0.0008922776443881669,0.00040772019545606136,True,5c53c8de7144d1d0bc3a66b1ca4233b2c17811f726e977e1a5c90f103140b260,b68525952f58693461ac32d4658a8d611a594706,c004b0069109dc887d6ac7d171097daeb904d500424d3669c49f49bc54fc4e50,07329ba0683ead78dea75ce3b6b6f744c49e3dcbb600bac59fbe78418d927f95,historical_preference_bank_only,9
standard,4,1,3,0.1875,0.5406736556519364,0.258723419299929,0.5406736556519364,0.5220877718429023,0.4661476587703801,not_reached,7,[],0,24,0.0,0,0,0.0,0.0,0,0,0,0,,,0.0,,,,,,,,,,,,,0.050327030199256446,,,,True,5c53c8de7144d1d0bc3a66b1ca4233b2c17811f726e977e1a5c90f103140b260,b68525952f58693461ac32d4658a8d611a594706,f7a145e43c80d4fd30d29b8bf2aee5d6542c2ead728dc111ba21f7714691ec07,b309ce17719d9d31e6046d7583df39e6fd732266bdcadc6920b4464dd837bdc1,historical_preference_bank_only,4
standard,4,2,4,0.25,0.5127530776174689,0.5406736556519364,0.5406736556519364,0.5220877718429023,0.4661476587703801,not_reached,7,[],0,24,0.0,0,0,0.0,0.0,0,0,0,0,,,0.0,,,,,,,,,,,,,0.014591788223313133,,,,True,5c53c8de7144d1d0bc3a66b1ca4233b2c17811f726e977e1a5c90f103140b260,b68525952f58693461ac32d4658a8d611a594706,f7a145e43c80d4fd30d29b8bf2aee5d6542c2ead728dc111ba21f7714691ec07,b309ce17719d9d31e6046d7583df39e6fd732266bdcadc6920b4464dd837bdc1,historical_preference_bank_only,5
standard,4,3,5,0.3125,0.2079859400525307,0.5406736556519364,0.5406736556519364,0.5220877718429023,0.4661476587703801,not_reached,7,[],0,24,0.0,0,0,0.0,0.0,0,0,0,0,,,0.0,,,,,,,,,,,,,0.013807220971133273,,,,True,5c53c8de7144d1d0bc3a66b1ca4233b2c17811f726e977e1a5c90f103140b260,b68525952f58693461ac32d4658a8d611a594706,f7a145e43c80d4fd30d29b8bf2aee5d6542c2ead728dc111ba21f7714691ec07,b309ce17719d9d31e6046d7583df39e6fd732266bdcadc6920b4464dd837bdc1,historical_preference_bank_only,6
standard,4,4,1,0.0625,0.06475967933713221,0.5406736556519364,0.5406736556519364,0.5220877718429023,0.4661476587703801,not_reached,7,[],0,24,0.0,0,0,0.0,0.0,0,0,0,0,,,0.0,,,,,,,,,,,,,0.008101593862791762,,,,True,5c53c8de7144d1d0bc3a66b1ca4233b2c17811f726e977e1a5c90f103140b260,b68525952f58693461ac32d4658a8d611a594706,f7a145e43c80d4fd30d29b8bf2aee5d6542c2ead728dc111ba21f7714691ec07,b309ce17719d9d31e6046d7583df39e6fd732266bdcadc6920b4464dd837bdc1,historical_preference_bank_only,7
standard,4,5,6,0.375,0.020318095261007196,0.5406736556519364,0.5406736556519364,0.5220877718429023,0.4661476587703801,not_reached,7,[],0,24,0.0,0,0,0.0,0.0,0,0,0,0,,,0.0,,,,,,,,,,,,,0.007186265821538029,,,,True,5c53c8de7144d1d0bc3a66b1ca4233b2c17811f726e977e1a5c90f103140b260,b68525952f58693461ac32d4658a8d611a594706,f7a145e43c80d4fd30d29b8bf2aee5d6542c2ead728dc111ba21f7714691ec07,b309ce17719d9d31e6046d7583df39e6fd732266bdcadc6920b4464dd837bdc1,historical_preference_bank_only,8
standard,4,6,13,0.8125,0.6880910609541406,0.5406736556519364,0.6880910609541406,0.69338852619193,0.2948469044213524,not_reached,7,[],0,24,0.0,0,0,0.0,0.0,0,0,0,0,,,0.0,,,,,,,,,,,,,0.006755473949894477,,,,True,5c53c8de7144d1d0bc3a66b1ca4233b2c17811f726e977e1a5c90f103140b260,b68525952f58693461ac32d4658a8d611a594706,f7a145e43c80d4fd30d29b8bf2aee5d6542c2ead728dc111ba21f7714691ec07,b309ce17719d9d31e6046d7583df39e6fd732266bdcadc6920b4464dd837bdc1,historical_preference_bank_only,9
full,4,1,12,0.75,1.0020418634355293,0.258723419299929,1.0020418634355293,0.9882354306132825,0.0,reached,1,"[0, 1, 2, 3, 4, 5, 6, 7, 8, 9, 10, 11, 12, 13, 14, 15, 16, 17, 18, 19, 20, 21, 22, 23]",24,24,1.0,24,144,1.0,1.0,1573032,1573032,0,65536,65398.7822713673,0.9979062236231583,0.059043874964118004,True,3,2.1793677973391823e-13,0.0014158901654525297,,,,,,,,,0.1000840435366862,0.0,,0.0,True,5c53c8de7144d1d0bc3a66b1ca4233b2c17811f726e977e1a5c90f103140b260,b68525952f58693461ac32d4658a8d611a594706,f7a145e43c80d4fd30d29b8bf2aee5d6542c2ead728dc111ba21f7714691ec07,b309ce17719d9d31e6046d7583df39e6fd732266bdcadc6920b4464dd837bdc1,historical_preference_bank_only,4
full,4,2,13,0.8125,0.6880910609541406,1.0020418634355293,1.0020418634355293,0.9882354306132825,0.0,reached,1,"[0, 1, 2, 3, 4, 5, 6, 7, 8, 9, 10, 11, 12, 13, 14, 15, 16, 17, 18, 19, 20, 21, 22, 23]",24,24,1.0,48,144,1.0,1.0,1573032,1573032,0,65536,65420.31453314894,0.9982347798637229,0.057569875149056315,True,3,8.201772594418344e-13,9.665057862244053e-05,,,,,,,,,0.000652420455510161,0.0,,0.0,True,5c53c8de7144d1d0bc3a66b1ca4233b2c17811f726e977e1a5c90f103140b260,b68525952f58693461ac32d4658a8d611a594706,f7a145e43c80d4fd30d29b8bf2aee5d6542c2ead728dc111ba21f7714691ec07,b309ce17719d9d31e6046d7583df39e6fd732266bdcadc6920b4464dd837bdc1,historical_preference_bank_only,5
full,4,3,11,0.6875,0.5782350168073841,1.0020418634355293,1.0020418634355293,0.9882354306132825,0.0,reached,1,"[0, 1, 2, 3, 4, 5, 6, 7, 8, 9, 10, 11, 12, 13, 14, 15, 16, 17, 18, 19, 20, 21, 22, 23]",24,24,1.0,72,144,1.0,1.0,1573032,1573032,0,65536,65441.993030182486,0.9985655674771498,0.05759416683577001,True,3,7.024381076803365e-13,7.60299344195274e-05,,,,,,,,,0.00030431294965619087,0.0,,0.0,True,5c53c8de7144d1d0bc3a66b1ca4233b2c17811f726e977e1a5c90f103140b260,b68525952f58693461ac32d4658a8d611a594706,f7a145e43c80d4fd30d29b8bf2aee5d6542c2ead728dc111ba21f7714691ec07,b309ce17719d9d31e6046d7583df39e6fd732266bdcadc6920b4464dd837bdc1,historical_preference_bank_only,6
full,4,4,10,0.625,0.15589289552882818,1.0020418634355293,1.0020418634355293,0.9882354306132825,0.0,reached,1,"[0, 1, 2, 3, 4, 5, 6, 7, 8, 9, 10, 11, 12, 13, 14, 15, 16, 17, 18, 19, 20, 21, 22, 23]",24,24,1.0,96,144,1.0,1.0,1573032,1573032,0,65536,65452.48747533195,0.9987257000020134,0.05612887488678098,True,3,9.980904991380157e-13,5.148038316972261e-05,,,,,,,,,0.00023087770078966265,0.0,,0.0,True,5c53c8de7144d1d0bc3a66b1ca4233b2c17811f726e977e1a5c90f103140b260,b68525952f58693461ac32d4658a8d611a594706,f7a145e43c80d4fd30d29b8bf2aee5d6542c2ead728dc111ba21f7714691ec07,b309ce17719d9d31e6046d7583df39e6fd732266bdcadc6920b4464dd837bdc1,historical_preference_bank_only,7
full,4,5,4,0.25,0.5127530776174689,1.0020418634355293,1.0020418634355293,0.9882354306132825,0.0,reached,1,"[0, 1, 2, 3, 4, 5, 6, 7, 8, 9, 10, 11, 12, 13, 14, 15, 16, 17, 18, 19, 20, 21, 22, 23]",24,24,1.0,120,144,1.0,1.0,1573032,1573032,0,65536,65460.27555259195,0.9988445366301262,0.055602375185117126,True,3,4.392597396929432e-13,2.776930958503694e-05,,,,,,,,,0.00010599173160361932,0.0,,0.0,True,5c53c8de7144d1d0bc3a66b1ca4233b2c17811f726e977e1a5c90f103140b260,b68525952f58693461ac32d4658a8d611a594706,f7a145e43c80d4fd30d29b8bf2aee5d6542c2ead728dc111ba21f7714691ec07,b309ce17719d9d31e6046d7583df39e6fd732266bdcadc6920b4464dd837bdc1,historical_preference_bank_only,8
full,4,6,5,0.3125,0.2079859400525307,1.0020418634355293,1.0020418634355293,0.9882354306132825,0.0,reached,1,"[0, 1, 2, 3, 4, 5, 6, 7, 8, 9, 10, 11, 12, 13, 14, 15, 16, 17, 18, 19, 20, 21, 22, 23]",24,24,1.0,144,144,1.0,1.0,1573032,1573032,0,65536,65475.301190652426,0.9990738096718205,0.05503379087895155,True,3,1.070921129553426e-12,9.983480347017679e-05,,,,,,,,,0.00021277348090008698,0.0,,0.0,True,5c53c8de7144d1d0bc3a66b1ca4233b2c17811f726e977e1a5c90f103140b260,b68525952f58693461ac32d4658a8d611a594706,f7a145e43c80d4fd30d29b8bf2aee5d6542c2ead728dc111ba21f7714691ec07,b309ce17719d9d31e6046d7583df39e6fd732266bdcadc6920b4464dd837bdc1,historical_preference_bank_only,9
adaptive,4,1,12,0.75,1.0020418634355293,0.258723419299929,1.0020418634355293,0.9882354306132825,0.0,reached,1,"[0, 1, 2, 3, 4, 5, 6, 7, 8, 9, 10, 11, 12, 13, 14, 15, 16, 17, 19, 20, 21, 22, 23]",23,24,0.9583333333333334,23,128,0.9583333333333334,0.8888888888888888,6096928,4523896,1573032,16384,16350.375772428946,0.9979477400164152,0.3882279573008418,True,3,2.531308496145357e-13,,65536,65400.52919507176,0.9979328795634729,0.0584505838342011,True,3,2.1793677973391823e-13,0.001114269608593621,0.09889419427831046,0.0,0.0,0.0,True,5c53c8de7144d1d0bc3a66b1ca4233b2c17811f726e977e1a5c90f103140b260,b68525952f58693461ac32d4658a8d611a594706,f7a145e43c80d4fd30d29b8bf2aee5d6542c2ead728dc111ba21f7714691ec07,b309ce17719d9d31e6046d7583df39e6fd732266bdcadc6920b4464dd837bdc1,historical_preference_bank_only,4
adaptive,4,2,13,0.8125,0.6880910609541406,1.0020418634355293,1.0020418634355293,0.9882354306132825,0.0,reached,1,"[0, 1, 2, 3, 4, 5, 6, 7, 8, 9, 10, 11, 12, 13, 14, 15, 16, 17, 19, 20, 21, 22, 23]",23,24,0.9583333333333334,46,128,0.9583333333333334,0.8888888888888888,6096948,4523916,1573032,16384,16354.038004943968,0.9981712649501934,0.38669129204936326,True,3,1.0908496328454476e-12,,65536,65417.590007017934,0.9981932068941946,0.055939332814887166,True,3,8.201772594418344e-13,5.204402318713814e-05,0.0006630132871549455,6.667773189754519e-05,0.00029874078430354,0.0,True,5c53c8de7144d1d0bc3a66b1ca4233b2c17811f726e977e1a5c90f103140b260,b68525952f58693461ac32d4658a8d611a594706,f7a145e43c80d4fd30d29b8bf2aee5d6542c2ead728dc111ba21f7714691ec07,b309ce17719d9d31e6046d7583df39e6fd732266bdcadc6920b4464dd837bdc1,historical_preference_bank_only,5
adaptive,4,3,11,0.6875,0.5782350168073841,1.0020418634355293,1.0020418634355293,0.9882354306132825,0.0,reached,1,"[0, 1, 2, 3, 4, 5, 7, 8, 9, 10, 11, 12, 13, 14, 15, 16, 17, 19, 20, 21, 22, 23]",22,24,0.9166666666666666,68,128,0.9444444444444444,0.8888888888888888,5719955,4146923,1573032,16384,16360.428430690608,0.9985613055841436,0.3548968753311783,True,3,1.0807466033213586e-12,,65536,65439.79706491203,0.9985320597062993,0.05524358293041587,True,3,7.024381076803365e-13,4.359314758467891e-05,0.00023058286855425435,0.0001207137615939243,0.00017417612995420328,0.0,True,5c53c8de7144d1d0bc3a66b1ca4233b2c17811f726e977e1a5c90f103140b260,b68525952f58693461ac32d4658a8d611a594706,f7a145e43c80d4fd30d29b8bf2aee5d6542c2ead728dc111ba21f7714691ec07,b309ce17719d9d31e6046d7583df39e6fd732266bdcadc6920b4464dd837bdc1,historical_preference_bank_only,6
adaptive,4,4,10,0.625,0.15589289552882818,1.0020418634355293,1.0020418634355293,0.9882354306132825,0.0,reached,1,"[0, 1, 2, 3, 4, 7, 8, 9, 10, 11, 12, 13, 14, 15, 16, 17, 19, 20, 21, 22, 23]",21,24,0.875,89,128,0.9270833333333334,0.8888888888888888,5359347,3786315,1573032,16384,16362.26825703999,0.998673599672851,0.3451557932421565,True,3,6.174505351452808e-13,,65536,65449.23821860909,0.9986761202790694,0.05604833387769759,True,3,9.980904991380157e-13,7.146444978765095e-05,0.00022024170433607143,0.00011194221176511591,0.00013628236271892623,0.0,True,5c53c8de7144d1d0bc3a66b1ca4233b2c17811f726e977e1a5c90f103140b260,b68525952f58693461ac32d4658a8d611a594706,f7a145e43c80d4fd30d29b8bf2aee5d6542c2ead728dc111ba21f7714691ec07,b309ce17719d9d31e6046d7583df39e6fd732266bdcadc6920b4464dd837bdc1,historical_preference_bank_only,7
adaptive,4,5,5,0.3125,0.2079859400525307,1.0020418634355293,1.0020418634355293,0.9882354306132825,0.0,reached,1,"[0, 1, 2, 3, 4, 7, 8, 9, 10, 11, 12, 14, 15, 16, 17, 19, 20, 21, 22, 23]",20,24,0.8333333333333334,109,128,0.9083333333333333,0.8888888888888888,5015130,3442098,1573032,16384,16364.946703479649,0.9988370790698028,0.31993145984597504,True,3,5.158096172408477e-13,,65536,65461.97929680678,0.9988705337037167,0.05437429086305201,True,3,4.392597396929432e-13,4.625566987523244e-05,0.00010749192749581903,0.00020673409184656868,7.544639493490402e-05,6.20997248419893e-06,True,5c53c8de7144d1d0bc3a66b1ca4233b2c17811f726e977e1a5c90f103140b260,b68525952f58693461ac32d4658a8d611a594706,f7a145e43c80d4fd30d29b8bf2aee5d6542c2ead728dc111ba21f7714691ec07,b309ce17719d9d31e6046d7583df39e6fd732266bdcadc6920b4464dd837bdc1,historical_preference_bank_only,8
adaptive,4,6,4,0.25,0.5127530776174689,1.0020418634355293,1.0020418634355293,0.9882354306132825,0.0,reached,1,"[0, 1, 2, 3, 4, 7, 8, 9, 10, 11, 12, 14, 15, 16, 17, 19, 20, 22, 23]",19,24,0.7916666666666666,128,128,0.8888888888888888,0.8888888888888888,4687206,3114174,1573032,16384,16368.425122300348,0.9990493849060271,0.3051069173961878,True,3,4.0850656191082635e-13,,65536,65473.3596492906,0.9990441841017242,0.054378709057345986,True,3,6.439293542825908e-13,2.035907010305339e-05,7.454280691800232e-05,0.00016410484375183672,0.00011161674077718029,0.0,True,5c53c8de7144d1d0bc3a66b1ca4233b2c17811f726e977e1a5c90f103140b260,b68525952f58693461ac32d4658a8d611a594706,f7a145e43c80d4fd30d29b8bf2aee5d6542c2ead728dc111ba21f7714691ec07,b309ce17719d9d31e6046d7583df39e6fd732266bdcadc6920b4464dd837bdc1,historical_preference_bank_only,9
standard,5,1,1,0.0625,0.054154661688545866,0.267910909433048,0.267910909433048,0.258984272217597,0.7292511583956854,not_reached,7,[],0,24,0.0,0,0,0.0,0.0,0,0,0,0,,,0.0,,,,,,,,,,,,,0.04856524981884751,,,,True,5c53c8de7144d1d0bc3a66b1ca4233b2c17811f726e977e1a5c90f103140b260,b68525952f58693461ac32d4658a8d611a594706,405b81f21113455e10c15d0b8185001cd257e42a95cba10f527d21bc6f845651,dde027e4e5a22adf1f1783e4e8b0aeaa7f52e21ac22aa7cabba7c1492729ba3d,historical_preference_bank_only,4
standard,5,2,3,0.1875,0.5158678404512123,0.267910909433048,0.5158678404512123,0.5220877718429023,0.4661476587703801,not_reached,7,[],0,24,0.0,0,0,0.0,0.0,0,0,0,0,,,0.0,,,,,,,,,,,,,0.04856222589324046,,,,True,5c53c8de7144d1d0bc3a66b1ca4233b2c17811f726e977e1a5c90f103140b260,b68525952f58693461ac32d4658a8d611a594706,405b81f21113455e10c15d0b8185001cd257e42a95cba10f527d21bc6f845651,dde027e4e5a22adf1f1783e4e8b0aeaa7f52e21ac22aa7cabba7c1492729ba3d,historical_preference_bank_only,5
standard,5,3,4,0.25,0.5044558771807451,0.5158678404512123,0.5158678404512123,0.5220877718429023,0.4661476587703801,not_reached,7,[],0,24,0.0,0,0,0.0,0.0,0,0,0,0,,,0.0,,,,,,,,,,,,,0.016467611409004212,,,,True,5c53c8de7144d1d0bc3a66b1ca4233b2c17811f726e977e1a5c90f103140b260,b68525952f58693461ac32d4658a8d611a594706,405b81f21113455e10c15d0b8185001cd257e42a95cba10f527d21bc6f845651,dde027e4e5a22adf1f1783e4e8b0aeaa7f52e21ac22aa7cabba7c1492729ba3d,historical_preference_bank_only,6
standard,5,4,5,0.3125,0.19191920504397217,0.5158678404512123,0.5158678404512123,0.5220877718429023,0.4661476587703801,not_reached,7,[],0,24,0.0,0,0,0.0,0.0,0,0,0,0,,,0.0,,,,,,,,,,,,,0.016078432737130034,,,,True,5c53c8de7144d1d0bc3a66b1ca4233b2c17811f726e977e1a5c90f103140b260,b68525952f58693461ac32d4658a8d611a594706,405b81f21113455e10c15d0b8185001cd257e42a95cba10f527d21bc6f845651,dde027e4e5a22adf1f1783e4e8b0aeaa7f52e21ac22aa7cabba7c1492729ba3d,historical_preference_bank_only,7
standard,5,5,6,0.375,-0.006844431785916531,0.5158678404512123,0.5158678404512123,0.5220877718429023,0.4661476587703801,not_reached,7,[],0,24,0.0,0,0,0.0,0.0,0,0,0,0,,,0.0,,,,,,,,,,,,,0.008297514186937239,,,,True,5c53c8de7144d1d0bc3a66b1ca4233b2c17811f726e977e1a5c90f103140b260,b68525952f58693461ac32d4658a8d611a594706,405b81f21113455e10c15d0b8185001cd257e42a95cba10f527d21bc6f845651,dde027e4e5a22adf1f1783e4e8b0aeaa7f52e21ac22aa7cabba7c1492729ba3d,historical_preference_bank_only,8
standard,5,6,15,0.9375,0.013234328157832133,0.5158678404512123,0.5158678404512123,0.5220877718429023,0.4661476587703801,not_reached,7,[],0,24,0.0,0,0,0.0,0.0,0,0,0,0,,,0.0,,,,,,,,,,,,,0.008030963332127442,,,,True,5c53c8de7144d1d0bc3a66b1ca4233b2c17811f726e977e1a5c90f103140b260,b68525952f58693461ac32d4658a8d611a594706,405b81f21113455e10c15d0b8185001cd257e42a95cba10f527d21bc6f845651,dde027e4e5a22adf1f1783e4e8b0aeaa7f52e21ac22aa7cabba7c1492729ba3d,historical_preference_bank_only,9
full,5,1,5,0.3125,0.19191920504397217,0.267910909433048,0.267910909433048,0.258984272217597,0.7292511583956854,not_reached,6,"[0, 1, 2, 3, 4, 5, 6, 7, 8, 9, 10, 11, 12, 13, 14, 15, 16, 17, 18, 19, 20, 21, 22, 23]",24,24,1.0,24,144,1.0,1.0,1573032,1573032,0,65536,65391.50489698442,0.9977951797025211,0.05714758299291134,True,3,1.7197354651443675e-13,0.0015971833614612657,,,,,,,,,0.1134421010757268,0.0,,0.0,True,5c53c8de7144d1d0bc3a66b1ca4233b2c17811f726e977e1a5c90f103140b260,b68525952f58693461ac32d4658a8d611a594706,405b81f21113455e10c15d0b8185001cd257e42a95cba10f527d21bc6f845651,dde027e4e5a22adf1f1783e4e8b0aeaa7f52e21ac22aa7cabba7c1492729ba3d,historical_preference_bank_only,4
full,5,2,6,0.375,-0.006844431785916531,0.267910909433048,0.267910909433048,0.258984272217597,0.7292511583956854,not_reached,6,"[0, 1, 2, 3, 4, 5, 6, 7, 8, 9, 10, 11, 12, 13, 14, 15, 16, 17, 18, 19, 20, 21, 22, 23]",24,24,1.0,48,144,1.0,1.0,1573032,1573032,0,65536,65419.34242994368,0.9982199467459668,0.057487792102620006,True,3,2.4502622153477205e-13,0.0020131071652637264,,,,,,,,,0.09746675473904344,0.0,,0.0,True,5c53c8de7144d1d0bc3a66b1ca4233b2c17811f726e977e1a5c90f103140b260,b68525952f58693461ac32d4658a8d611a594706,405b81f21113455e10c15d0b8185001cd257e42a95cba10f527d21bc6f845651,dde027e4e5a22adf1f1783e4e8b0aeaa7f52e21ac22aa7cabba7c1492729ba3d,historical_preference_bank_only,5
full,5,3,1,0.0625,0.054154661688545866,0.267910909433048,0.267910909433048,0.258984272217597,0.7292511583956854,not_reached,6,"[0, 1, 2, 3, 4, 5, 6, 7, 8, 9, 10, 11, 12, 13, 14, 15, 16, 17, 18, 19, 20, 21, 22, 23]",24,24,1.0,72,144,1.0,1.0,1573032,1573032,0,65536,65437.81291904446,0.9985017840430368,0.05511370813474059,True,3,1.3000711618360583e-13,0.001452286871361133,,,,,,,,,0.06426793435741403,0.0,,0.0,True,5c53c8de7144d1d0bc3a66b1ca4233b2c17811f726e977e1a5c90f103140b260,b68525952f58693461ac32d4658a8d611a594706,405b81f21113455e10c15d0b8185001cd257e42a95cba10f527d21bc6f845651,dde027e4e5a22adf1f1783e4e8b0aeaa7f52e21ac22aa7cabba7c1492729ba3d,historical_preference_bank_only,6
full,5,4,3,0.1875,0.5158678404512123,0.267910909433048,0.5158678404512123,0.5220877718429023,0.4661476587703801,not_reached,6,"[0, 1, 2, 3, 4, 5, 6, 7, 8, 9, 10, 11, 12, 13, 14, 15, 16, 17, 18, 19, 20, 21, 22, 23]",24,24,1.0,96,144,1.0,1.0,1573032,1573032,0,65536,65453.52712996989,0.9987415638728315,0.055707375053316355,True,3,2.2937207688755734e-13,0.0007044836425847203,,,,,,,,,0.05996275518501753,0.0,,0.0,True,5c53c8de7144d1d0bc3a66b1ca4233b2c17811f726e977e1a5c90f103140b260,b68525952f58693461ac32d4658a8d611a594706,405b81f21113455e10c15d0b8185001cd257e42a95cba10f527d21bc6f845651,dde027e4e5a22adf1f1783e4e8b0aeaa7f52e21ac22aa7cabba7c1492729ba3d,historical_preference_bank_only,7
full,5,5,13,0.8125,0.6859291674322837,0.5158678404512123,0.6859291674322837,0.69338852619193,0.2948469044213524,not_reached,6,"[0, 1, 2, 3, 4, 5, 6, 7, 8, 9, 10, 11, 12, 13, 14, 15, 16, 17, 18, 19, 20, 21, 22, 23]",24,24,1.0,120,144,1.0,1.0,1573032,1573032,0,65536,65465.807115919066,0.9989289415881205,0.054035166976973414,True,3,2.4347190930029683e-13,0.0005428200693878404,,,,,,,,,0.010262396642058148,0.0,,0.0,True,5c53c8de7144d1d0bc3a66b1ca4233b2c17811f726e977e1a5c90f103140b260,b68525952f58693461ac32d4658a8d611a594706,405b81f21113455e10c15d0b8185001cd257e42a95cba10f527d21bc6f845651,dde027e4e5a22adf1f1783e4e8b0aeaa7f52e21ac22aa7cabba7c1492729ba3d,historical_preference_bank_only,8
full,5,6,12,0.75,1.0061112166365627,0.6859291674322837,1.0061112166365627,0.9882354306132825,0.0,reached,6,"[0, 1, 2, 3, 4, 5, 6, 7, 8, 9, 10, 11, 12, 13, 14, 15, 16, 17, 18, 19, 20, 21, 22, 23]",24,24,1.0,144,144,1.0,1.0,1573032,1573032,0,65536,65470.32789416885,0.9989979231898323,0.05355670815333724,True,3,2.490230244234226e-13,0.00019302104246067043,,,,,,,,,0.0023627039074088727,0.0,,0.0,True,5c53c8de7144d1d0bc3a66b1ca4233b2c17811f726e977e1a5c90f103140b260,b68525952f58693461ac32d4658a8d611a594706,405b81f21113455e10c15d0b8185001cd257e42a95cba10f527d21bc6f845651,dde027e4e5a22adf1f1783e4e8b0aeaa7f52e21ac22aa7cabba7c1492729ba3d,historical_preference_bank_only,9
adaptive,5,1,5,0.3125,0.19191920504397217,0.267910909433048,0.267910909433048,0.258984272217597,0.7292511583956854,not_reached,6,"[0, 1, 2, 3, 4, 5, 6, 7, 8, 9, 10, 11, 12, 13, 14, 15, 16, 17, 19, 20, 21, 22, 23]",23,24,0.9583333333333334,23,127,0.9583333333333334,0.8819444444444444,6096946,4523914,1573032,16384,16348.157970085635,0.9978123761038595,0.373756205663085,True,3,2.1960211427085596e-13,,65536,65391.60533345828,0.9977967122414899,0.05814429186284542,True,3,1.7197354651443675e-13,0.0014110020876308624,0.11500877762269912,0.0,0.0,0.0,True,5c53c8de7144d1d0bc3a66b1ca4233b2c17811f726e977e1a5c90f103140b260,b68525952f58693461ac32d4658a8d611a594706,405b81f21113455e10c15d0b8185001cd257e42a95cba10f527d21bc6f845651,dde027e4e5a22adf1f1783e4e8b0aeaa7f52e21ac22aa7cabba7c1492729ba3d,historical_preference_bank_only,4
adaptive,5,2,6,0.375,-0.006844431785916531,0.267910909433048,0.267910909433048,0.258984272217597,0.7292511583956854,not_reached,6,"[0, 1, 2, 3, 4, 5, 6, 7, 8, 9, 10, 11, 12, 13, 14, 15, 16, 17, 19, 20, 21, 22, 23]",23,24,0.9583333333333334,46,127,0.9583333333333334,0.8819444444444444,6096906,4523874,1573032,16384,16354.05654671043,0.9981723966498065,0.3859835397452116,True,3,1.3777867735598193e-13,,65536,65417.846371037835,0.9981971186986974,0.05770633299835026,True,3,2.4502622153477205e-13,0.0019528657067997696,0.09756533042457,0.0,0.0,0.0,True,5c53c8de7144d1d0bc3a66b1ca4233b2c17811f726e977e1a5c90f103140b260,b68525952f58693461ac32d4658a8d611a594706,405b81f21113455e10c15d0b8185001cd257e42a95cba10f527d21bc6f845651,dde027e4e5a22adf1f1783e4e8b0aeaa7f52e21ac22aa7cabba7c1492729ba3d,historical_preference_bank_only,5
adaptive,5,3,1,0.0625,0.054154661688545866,0.267910909433048,0.267910909433048,0.258984272217597,0.7292511583956854,not_reached,6,"[0, 1, 2, 3, 4, 5, 6, 7, 8, 9, 11, 12, 13, 14, 15, 16, 17, 19, 20, 21, 22, 23]",22,24,0.9166666666666666,68,127,0.9444444444444444,0.8819444444444444,5719925,4146893,1573032,16384,16359.910733582763,0.9985297078602761,0.3669247101061046,True,3,1.34781075189494e-13,,65536,65436.998219393994,0.998489352712921,0.05699370801448822,True,3,1.3000711618360583e-13,0.0011429601587839879,0.06316423757205274,0.0,0.0,0.0,True,5c53c8de7144d1d0bc3a66b1ca4233b2c17811f726e977e1a5c90f103140b260,b68525952f58693461ac32d4658a8d611a594706,405b81f21113455e10c15d0b8185001cd257e42a95cba10f527d21bc6f845651,dde027e4e5a22adf1f1783e4e8b0aeaa7f52e21ac22aa7cabba7c1492729ba3d,historical_preference_bank_only,6
adaptive,5,4,3,0.1875,0.5158678404512123,0.267910909433048,0.5158678404512123,0.5220877718429023,0.4661476587703801,not_reached,6,"[0, 1, 2, 3, 4, 5, 6, 7, 8, 11, 12, 13, 14, 15, 16, 17, 19, 20, 21, 22, 23]",21,24,0.875,89,127,0.9270833333333334,0.8819444444444444,5359341,3786309,1573032,16384,16362.776025374334,0.9987045913924765,0.3378921668045223,True,3,9.736655925962623e-14,,65536,65449.85112951186,0.9986854725572488,0.05587845901027322,True,3,2.2937207688755734e-13,0.0009371997030907693,0.05950533890193613,0.0,0.0,0.0,True,5c53c8de7144d1d0bc3a66b1ca4233b2c17811f726e977e1a5c90f103140b260,b68525952f58693461ac32d4658a8d611a594706,405b81f21113455e10c15d0b8185001cd257e42a95cba10f527d21bc6f845651,dde027e4e5a22adf1f1783e4e8b0aeaa7f52e21ac22aa7cabba7c1492729ba3d,historical_preference_bank_only,7
adaptive,5,5,13,0.8125,0.6859291674322837,0.5158678404512123,0.6859291674322837,0.69338852619193,0.2948469044213524,not_reached,6,"[0, 2, 3, 4, 5, 6, 7, 8, 11, 12, 13, 14, 15, 16, 17, 19, 20, 21, 22, 23]",20,24,0.8333333333333334,109,127,0.9083333333333333,0.8819444444444444,5015130,3442098,1573032,16384,16366.39198543035,0.9989252920794891,0.329238248988986,True,3,1.8052226380405045e-13,,65536,65466.02958891532,0.9989323362566425,0.056017832830548286,True,3,2.4347190930029683e-13,0.00029649270258388363,0.009505893645205743,0.00017966379816424682,0.002805317148049439,0.0,True,5c53c8de7144d1d0bc3a66b1ca4233b2c17811f726e977e1a5c90f103140b260,b68525952f58693461ac32d4658a8d611a594706,405b81f21113455e10c15d0b8185001cd257e42a95cba10f527d21bc6f845651,dde027e4e5a22adf1f1783e4e8b0aeaa7f52e21ac22aa7cabba7c1492729ba3d,historical_preference_bank_only,8
adaptive,5,6,12,0.75,1.0061112166365627,0.6859291674322837,1.0061112166365627,0.9882354306132825,0.0,reached,6,"[0, 2, 3, 4, 5, 7, 8, 11, 12, 13, 14, 15, 16, 17, 20, 21, 22, 23]",18,24,0.75,127,127,0.8819444444444444,0.8819444444444444,4375873,2802841,1573032,16384,16366.785656652928,0.9989493198640703,0.2901774605270475,True,3,3.9929171080643755e-13,,65536,65471.783815401526,0.9990201387848133,0.05501729203388095,True,3,2.490230244234226e-13,0.000176409844341993,0.0024723696570486202,0.0,0.0,0.0,True,5c53c8de7144d1d0bc3a66b1ca4233b2c17811f726e977e1a5c90f103140b260,b68525952f58693461ac32d4658a8d611a594706,405b81f21113455e10c15d0b8185001cd257e42a95cba10f527d21bc6f845651,dde027e4e5a22adf1f1783e4e8b0aeaa7f52e21ac22aa7cabba7c1492729ba3d,historical_preference_bank_only,9
standard,6,1,1,0.0625,0.07880537087116123,0.25532233738702925,0.25532233738702925,0.258984272217597,0.7292511583956854,not_reached,7,[],0,24,0.0,0,0,0.0,0.0,0,0,0,0,,,0.0,,,,,,,,,,,,,0.05098097503734613,,,,True,5c53c8de7144d1d0bc3a66b1ca4233b2c17811f726e977e1a5c90f103140b260,b68525952f58693461ac32d4658a8d611a594706,3a5d4b5dd5f2a0763b1033a4cef565a03bf5ea0b1515d821660c5e20e720bd2b,2090958931f040896507f37b4e1377e519231a6acea3a0349478c8cb0b654e0a,historical_preference_bank_only,4
standard,6,2,3,0.1875,0.5292374417546638,0.25532233738702925,0.5292374417546638,0.5220877718429023,0.4661476587703801,not_reached,7,[],0,24,0.0,0,0,0.0,0.0,0,0,0,0,,,0.0,,,,,,,,,,,,,0.050977735043415705,,,,True,5c53c8de7144d1d0bc3a66b1ca4233b2c17811f726e977e1a5c90f103140b260,b68525952f58693461ac32d4658a8d611a594706,3a5d4b5dd5f2a0763b1033a4cef565a03bf5ea0b1515d821660c5e20e720bd2b,2090958931f040896507f37b4e1377e519231a6acea3a0349478c8cb0b654e0a,historical_preference_bank_only,5
standard,6,3,4,0.25,0.480215422980201,0.5292374417546638,0.5292374417546638,0.5220877718429023,0.4661476587703801,not_reached,7,[],0,24,0.0,0,0,0.0,0.0,0,0,0,0,,,0.0,,,,,,,,,,,,,0.015424817536017973,,,,True,5c53c8de7144d1d0bc3a66b1ca4233b2c17811f726e977e1a5c90f103140b260,b68525952f58693461ac32d4658a8d611a594706,3a5d4b5dd5f2a0763b1033a4cef565a03bf5ea0b1515d821660c5e20e720bd2b,2090958931f040896507f37b4e1377e519231a6acea3a0349478c8cb0b654e0a,historical_preference_bank_only,6
standard,6,4,5,0.3125,0.2005567674758909,0.5292374417546638,0.5292374417546638,0.5220877718429023,0.4661476587703801,not_reached,7,[],0,24,0.0,0,0,0.0,0.0,0,0,0,0,,,0.0,,,,,,,,,,,,,0.01396738206469042,,,,True,5c53c8de7144d1d0bc3a66b1ca4233b2c17811f726e977e1a5c90f103140b260,b68525952f58693461ac32d4658a8d611a594706,3a5d4b5dd5f2a0763b1033a4cef565a03bf5ea0b1515d821660c5e20e720bd2b,2090958931f040896507f37b4e1377e519231a6acea3a0349478c8cb0b654e0a,historical_preference_bank_only,7
standard,6,5,6,0.375,-0.001127244633324866,0.5292374417546638,0.5292374417546638,0.5220877718429023,0.4661476587703801,not_reached,7,[],0,24,0.0,0,0,0.0,0.0,0,0,0,0,,,0.0,,,,,,,,,,,,,0.007624102398829567,,,,True,5c53c8de7144d1d0bc3a66b1ca4233b2c17811f726e977e1a5c90f103140b260,b68525952f58693461ac32d4658a8d611a594706,3a5d4b5dd5f2a0763b1033a4cef565a03bf5ea0b1515d821660c5e20e720bd2b,2090958931f040896507f37b4e1377e519231a6acea3a0349478c8cb0b654e0a,historical_preference_bank_only,8
standard,6,6,15,0.9375,-0.016502110532983814,0.5292374417546638,0.5292374417546638,0.5220877718429023,0.4661476587703801,not_reached,7,[],0,24,0.0,0,0,0.0,0.0,0,0,0,0,,,0.0,,,,,,,,,,,,,0.0071819111026987965,,,,True,5c53c8de7144d1d0bc3a66b1ca4233b2c17811f726e977e1a5c90f103140b260,b68525952f58693461ac32d4658a8d611a594706,3a5d4b5dd5f2a0763b1033a4cef565a03bf5ea0b1515d821660c5e20e720bd2b,2090958931f040896507f37b4e1377e519231a6acea3a0349478c8cb0b654e0a,historical_preference_bank_only,9
full,6,1,3,0.1875,0.5292374417546638,0.25532233738702925,0.5292374417546638,0.5220877718429023,0.4661476587703801,not_reached,4,"[0, 1, 2, 3, 4, 5, 6, 7, 8, 9, 10, 11, 12, 13, 14, 15, 16, 17, 18, 19, 20, 21, 22, 23]",24,24,1.0,24,144,1.0,1.0,1573032,1573032,0,65536,65395.20657694681,0.997851662856244,0.05831583309918642,True,3,1.142419492339286e-13,0.002092309730795522,,,,,,,,,0.11165217275686476,0.0,,0.0,True,5c53c8de7144d1d0bc3a66b1ca4233b2c17811f726e977e1a5c90f103140b260,b68525952f58693461ac32d4658a8d611a594706,3a5d4b5dd5f2a0763b1033a4cef565a03bf5ea0b1515d821660c5e20e720bd2b,2090958931f040896507f37b4e1377e519231a6acea3a0349478c8cb0b654e0a,historical_preference_bank_only,4
full,6,2,1,0.0625,0.07880537087116123,0.5292374417546638,0.5292374417546638,0.5220877718429023,0.4661476587703801,not_reached,4,"[0, 1, 2, 3, 4, 5, 6, 7, 8, 9, 10, 11, 12, 13, 14, 15, 16, 17, 18, 19, 20, 21, 22, 23]",24,24,1.0,48,144,1.0,1.0,1573032,1573032,0,65536,65414.66526874695,0.9981485789298545,0.05903812497854233,True,3,3.7914116290949096e-13,0.00034597117166018133,,,,,,,,,0.011414762325777572,0.0,,0.0,True,5c53c8de7144d1d0bc3a66b1ca4233b2c17811f726e977e1a5c90f103140b260,b68525952f58693461ac32d4658a8d611a594706,3a5d4b5dd5f2a0763b1033a4cef565a03bf5ea0b1515d821660c5e20e720bd2b,2090958931f040896507f37b4e1377e519231a6acea3a0349478c8cb0b654e0a,historical_preference_bank_only,5
full,6,3,11,0.6875,0.5670356243322285,0.5292374417546638,0.5670356243322285,0.565131658509561,0.4231037721037214,not_reached,4,"[0, 1, 2, 3, 4, 5, 6, 7, 8, 9, 10, 11, 12, 13, 14, 15, 16, 17, 18, 19, 20, 21, 22, 23]",24,24,1.0,72,144,1.0,1.0,1573032,1573032,0,65536,65436.02985977838,0.9984745767178097,0.05748158413916826,True,3,1.1945999744966684e-13,0.000574216686602359,,,,,,,,,0.009456325324380677,0.0,,0.0,True,5c53c8de7144d1d0bc3a66b1ca4233b2c17811f726e977e1a5c90f103140b260,b68525952f58693461ac32d4658a8d611a594706,3a5d4b5dd5f2a0763b1033a4cef565a03bf5ea0b1515d821660c5e20e720bd2b,2090958931f040896507f37b4e1377e519231a6acea3a0349478c8cb0b654e0a,historical_preference_bank_only,6
full,6,4,12,0.75,0.9945315460059745,0.5670356243322285,0.9945315460059745,0.9882354306132825,0.0,reached,4,"[0, 1, 2, 3, 4, 5, 6, 7, 8, 9, 10, 11, 12, 13, 14, 15, 16, 17, 18, 19, 20, 21, 22, 23]",24,24,1.0,96,144,1.0,1.0,1573032,1573032,0,65536,65443.28777565887,0.9985853237252635,0.05755066708661616,True,3,2.6356694604601216e-13,0.0005715349269811675,,,,,,,,,0.015078054366606641,0.0,,0.0,True,5c53c8de7144d1d0bc3a66b1ca4233b2c17811f726e977e1a5c90f103140b260,b68525952f58693461ac32d4658a8d611a594706,3a5d4b5dd5f2a0763b1033a4cef565a03bf5ea0b1515d821660c5e20e720bd2b,2090958931f040896507f37b4e1377e519231a6acea3a0349478c8cb0b654e0a,historical_preference_bank_only,7
full,6,5,10,0.625,0.16711377180467887,0.9945315460059745,0.9945315460059745,0.9882354306132825,0.0,reached,4,"[0, 1, 2, 3, 4, 5, 6, 7, 8, 9, 10, 11, 12, 13, 14, 15, 16, 17, 18, 19, 20, 21, 22, 23]",24,24,1.0,120,144,1.0,1.0,1573032,1573032,0,65536,65460.40386197622,0.9988464944759555,0.05593412509188056,True,3,3.9401815143946806e-13,8.779086512836811e-05,,,,,,,,,0.0002201154710598701,0.0,,0.0,True,5c53c8de7144d1d0bc3a66b1ca4233b2c17811f726e977e1a5c90f103140b260,b68525952f58693461ac32d4658a8d611a594706,3a5d4b5dd5f2a0763b1033a4cef565a03bf5ea0b1515d821660c5e20e720bd2b,2090958931f040896507f37b4e1377e519231a6acea3a0349478c8cb0b654e0a,historical_preference_bank_only,8
full,6,6,13,0.8125,0.6902548136048274,0.9945315460059745,0.9945315460059745,0.9882354306132825,0.0,reached,4,"[0, 1, 2, 3, 4, 5, 6, 7, 8, 9, 10, 11, 12, 13, 14, 15, 16, 17, 18, 19, 20, 21, 22, 23]",24,24,1.0,144,144,1.0,1.0,1573032,1573032,0,65536,65472.439082366145,0.9990301373652061,0.05570350005291402,True,3,4.374278717023117e-13,0.00010122593264628315,,,,,,,,,0.00021558604641232297,0.0,,0.0,True,5c53c8de7144d1d0bc3a66b1ca4233b2c17811f726e977e1a5c90f103140b260,b68525952f58693461ac32d4658a8d611a594706,3a5d4b5dd5f2a0763b1033a4cef565a03bf5ea0b1515d821660c5e20e720bd2b,2090958931f040896507f37b4e1377e519231a6acea3a0349478c8cb0b654e0a,historical_preference_bank_only,9
adaptive,6,1,3,0.1875,0.5292374417546638,0.25532233738702925,0.5292374417546638,0.5220877718429023,0.4661476587703801,not_reached,4,"[0, 1, 2, 3, 4, 5, 6, 7, 8, 9, 10, 11, 12, 13, 14, 15, 16, 17, 19, 20, 21, 22, 23]",23,24,0.9583333333333334,23,129,0.9583333333333334,0.8958333333333334,6096892,4523860,1573032,16384,16349.187461961752,0.9978752113013765,0.3887302514631301,True,3,3.141931159689193e-14,,65536,65395.20715375821,0.9978516716576875,0.058567084139212966,True,3,1.142419492339286e-13,0.0019598136165054764,0.11186803627046128,0.0,0.0,0.0,True,5c53c8de7144d1d0bc3a66b1ca4233b2c17811f726e977e1a5c90f103140b260,b68525952f58693461ac32d4658a8d611a594706,3a5d4b5dd5f2a0763b1033a4cef565a03bf5ea0b1515d821660c5e20e720bd2b,2090958931f040896507f37b4e1377e519231a6acea3a0349478c8cb0b654e0a,historical_preference_bank_only,4
adaptive,6,2,1,0.0625,0.07880537087116123,0.5292374417546638,0.5292374417546638,0.5220877718429023,0.4661476587703801,not_reached,4,"[0, 2, 3, 4, 5, 6, 7, 8, 9, 10, 11, 12, 13, 14, 15, 16, 17, 19, 20, 21, 22, 23]",22,24,0.9166666666666666,45,129,0.9375,0.8958333333333334,5719883,4146851,1573032,16384,16353.312148530062,0.9981269621905555,0.36628283257596195,True,3,1.7963408538435033e-13,,65536,65414.335774741514,0.9981435512503283,0.05693512503057718,True,3,3.7914116290949096e-13,0.0007170052465486024,0.011541931480206451,0.0,0.0,0.0,True,5c53c8de7144d1d0bc3a66b1ca4233b2c17811f726e977e1a5c90f103140b260,b68525952f58693461ac32d4658a8d611a594706,3a5d4b5dd5f2a0763b1033a4cef565a03bf5ea0b1515d821660c5e20e720bd2b,2090958931f040896507f37b4e1377e519231a6acea3a0349478c8cb0b654e0a,historical_preference_bank_only,5
adaptive,6,3,11,0.6875,0.5670356243322285,0.5292374417546638,0.5670356243322285,0.565131658509561,0.4231037721037214,not_reached,4,"[0, 2, 3, 4, 5, 6, 7, 8, 9, 10, 11, 12, 13, 14, 15, 16, 17, 19, 20, 21, 22, 23]",22,24,0.9166666666666666,67,129,0.9305555555555556,0.8958333333333334,5719913,4146881,1573032,16384,16357.444036472663,0.9983791526167397,0.38083312287926674,True,3,4.615197113366776e-13,,65536,65434.38968372658,0.99844954961741,0.05693170800805092,True,3,1.1945999744966684e-13,0.0007562893373689403,0.00916323516285788,5.0297495978707414e-05,0.0009588671815669628,0.0,True,5c53c8de7144d1d0bc3a66b1ca4233b2c17811f726e977e1a5c90f103140b260,b68525952f58693461ac32d4658a8d611a594706,3a5d4b5dd5f2a0763b1033a4cef565a03bf5ea0b1515d821660c5e20e720bd2b,2090958931f040896507f37b4e1377e519231a6acea3a0349478c8cb0b654e0a,historical_preference_bank_only,6
adaptive,6,4,12,0.75,0.9945315460059745,0.5670356243322285,0.9945315460059745,0.9882354306132825,0.0,reached,4,"[0, 2, 3, 4, 5, 6, 7, 8, 9, 10, 11, 12, 13, 14, 15, 16, 17, 19, 20, 21, 22, 23]",22,24,0.9166666666666666,89,129,0.9270833333333334,0.8958333333333334,5719949,4146917,1573032,16384,16360.35575619874,0.998556869885177,0.36135233100503683,True,3,3.852473895449293e-13,,65536,65443.542150234614,0.9985892051732577,0.057015915866941214,True,3,2.6356694604601216e-13,0.00036815193615517567,0.014841369567950022,0.0,0.0,0.0,True,5c53c8de7144d1d0bc3a66b1ca4233b2c17811f726e977e1a5c90f103140b260,b68525952f58693461ac32d4658a8d611a594706,3a5d4b5dd5f2a0763b1033a4cef565a03bf5ea0b1515d821660c5e20e720bd2b,2090958931f040896507f37b4e1377e519231a6acea3a0349478c8cb0b654e0a,historical_preference_bank_only,7
adaptive,6,5,13,0.8125,0.6902548136048274,0.9945315460059745,0.9945315460059745,0.9882354306132825,0.0,reached,4,"[0, 2, 3, 4, 6, 7, 8, 9, 10, 11, 12, 13, 14, 15, 16, 17, 19, 20, 21, 22, 23]",21,24,0.875,110,129,0.9166666666666666,0.8958333333333334,5359341,3786309,1573032,16384,16364.386456003718,0.9988028842775707,0.34705825080163777,True,3,3.5771385853422544e-13,,65536,65462.962914437514,0.9988855425176623,0.0572458750102669,True,3,3.9401815143946806e-13,3.35846160771542e-05,0.000221820023751355,0.00017550702777500396,0.0001404329729523741,0.0,True,5c53c8de7144d1d0bc3a66b1ca4233b2c17811f726e977e1a5c90f103140b260,b68525952f58693461ac32d4658a8d611a594706,3a5d4b5dd5f2a0763b1033a4cef565a03bf5ea0b1515d821660c5e20e720bd2b,2090958931f040896507f37b4e1377e519231a6acea3a0349478c8cb0b654e0a,historical_preference_bank_only,8
adaptive,6,6,10,0.625,0.16711377180467887,0.9945315460059745,0.9945315460059745,0.9882354306132825,0.0,reached,4,"[0, 2, 3, 4, 7, 8, 9, 10, 11, 12, 13, 14, 15, 16, 17, 20, 21, 22, 23]",19,24,0.7916666666666666,129,129,0.8958333333333334,0.8958333333333334,4687320,3114288,1573032,16384,16366.794102639094,0.9989498353661557,0.31256245565600693,True,3,5.334621633323877e-13,,65536,65465.79334994787,0.9989287315360698,0.054827624931931496,True,3,3.871347686867921e-13,2.226294518748958e-05,0.00022479214189004913,0.00020162088485933892,0.0001070663631202506,0.0,True,5c53c8de7144d1d0bc3a66b1ca4233b2c17811f726e977e1a5c90f103140b260,b68525952f58693461ac32d4658a8d611a594706,3a5d4b5dd5f2a0763b1033a4cef565a03bf5ea0b1515d821660c5e20e720bd2b,2090958931f040896507f37b4e1377e519231a6acea3a0349478c8cb0b654e0a,historical_preference_bank_only,9
standard,7,1,3,0.1875,0.5282595323292082,0.25971205802071967,0.5282595323292082,0.5220877718429023,0.4661476587703801,not_reached,7,[],0,24,0.0,0,0,0.0,0.0,0,0,0,0,,,0.0,,,,,,,,,,,,,0.050134204463803636,,,,True,5c53c8de7144d1d0bc3a66b1ca4233b2c17811f726e977e1a5c90f103140b260,b68525952f58693461ac32d4658a8d611a594706,5c8c881e01b155e3f1100183a70dd9dea2ec07b2a235afe2cbd78b182fac4979,78888e272a4585fcd21304843a337a61fd75214ed65a0c37caf753b3ce8ffcff,historical_preference_bank_only,4
standard,7,2,4,0.25,0.501606408653959,0.5282595323292082,0.5282595323292082,0.5220877718429023,0.4661476587703801,not_reached,7,[],0,24,0.0,0,0,0.0,0.0,0,0,0,0,,,0.0,,,,,,,,,,,,,0.015511460741881491,,,,True,5c53c8de7144d1d0bc3a66b1ca4233b2c17811f726e977e1a5c90f103140b260,b68525952f58693461ac32d4658a8d611a594706,5c8c881e01b155e3f1100183a70dd9dea2ec07b2a235afe2cbd78b182fac4979,78888e272a4585fcd21304843a337a61fd75214ed65a0c37caf753b3ce8ffcff,historical_preference_bank_only,5
standard,7,3,5,0.3125,0.19567059267549397,0.5282595323292082,0.5282595323292082,0.5220877718429023,0.4661476587703801,not_reached,7,[],0,24,0.0,0,0,0.0,0.0,0,0,0,0,,,0.0,,,,,,,,,,,,,0.014717286821345849,,,,True,5c53c8de7144d1d0bc3a66b1ca4233b2c17811f726e977e1a5c90f103140b260,b68525952f58693461ac32d4658a8d611a594706,5c8c881e01b155e3f1100183a70dd9dea2ec07b2a235afe2cbd78b182fac4979,78888e272a4585fcd21304843a337a61fd75214ed65a0c37caf753b3ce8ffcff,historical_preference_bank_only,6
standard,7,4,1,0.0625,0.06281402857058671,0.5282595323292082,0.5282595323292082,0.5220877718429023,0.4661476587703801,not_reached,7,[],0,24,0.0,0,0,0.0,0.0,0,0,0,0,,,0.0,,,,,,,,,,,,,0.008919158817831088,,,,True,5c53c8de7144d1d0bc3a66b1ca4233b2c17811f726e977e1a5c90f103140b260,b68525952f58693461ac32d4658a8d611a594706,5c8c881e01b155e3f1100183a70dd9dea2ec07b2a235afe2cbd78b182fac4979,78888e272a4585fcd21304843a337a61fd75214ed65a0c37caf753b3ce8ffcff,historical_preference_bank_only,7
standard,7,5,6,0.375,0.01453659019518411,0.5282595323292082,0.5282595323292082,0.5220877718429023,0.4661476587703801,not_reached,7,[],0,24,0.0,0,0,0.0,0.0,0,0,0,0,,,0.0,,,,,,,,,,,,,0.007682952244989213,,,,True,5c53c8de7144d1d0bc3a66b1ca4233b2c17811f726e977e1a5c90f103140b260,b68525952f58693461ac32d4658a8d611a594706,5c8c881e01b155e3f1100183a70dd9dea2ec07b2a235afe2cbd78b182fac4979,78888e272a4585fcd21304843a337a61fd75214ed65a0c37caf753b3ce8ffcff,historical_preference_bank_only,8
standard,7,6,13,0.8125,0.6844577394889417,0.5282595323292082,0.6844577394889417,0.69338852619193,0.2948469044213524,not_reached,7,[],0,24,0.0,0,0,0.0,0.0,0,0,0,0,,,0.0,,,,,,,,,,,,,0.007265748908527107,,,,True,5c53c8de7144d1d0bc3a66b1ca4233b2c17811f726e977e1a5c90f103140b260,b68525952f58693461ac32d4658a8d611a594706,5c8c881e01b155e3f1100183a70dd9dea2ec07b2a235afe2cbd78b182fac4979,78888e272a4585fcd21304843a337a61fd75214ed65a0c37caf753b3ce8ffcff,historical_preference_bank_only,9
full,7,1,12,0.75,0.980753559756491,0.25971205802071967,0.980753559756491,0.9882354306132825,0.0,reached,1,"[0, 1, 2, 3, 4, 5, 6, 7, 8, 9, 10, 11, 12, 13, 14, 15, 16, 17, 18, 19, 20, 21, 22, 23]",24,24,1.0,24,144,1.0,1.0,1573032,1573032,0,65536,65358.457732309194,0.9972909199876281,0.05771075002849102,True,3,6.7390537594747e-14,0.002324243863550457,,,,,,,,,0.1308822035110259,0.0,,0.0,True,5c53c8de7144d1d0bc3a66b1ca4233b2c17811f726e977e1a5c90f103140b260,b68525952f58693461ac32d4658a8d611a594706,5c8c881e01b155e3f1100183a70dd9dea2ec07b2a235afe2cbd78b182fac4979,78888e272a4585fcd21304843a337a61fd75214ed65a0c37caf753b3ce8ffcff,historical_preference_bank_only,4
full,7,2,13,0.8125,0.6844577394889417,0.980753559756491,0.980753559756491,0.9882354306132825,0.0,reached,1,"[0, 1, 2, 3, 4, 5, 6, 7, 8, 9, 10, 11, 12, 13, 14, 15, 16, 17, 18, 19, 20, 21, 22, 23]",24,24,1.0,48,144,1.0,1.0,1573032,1573032,0,65536,65377.77174910038,0.9975856284957944,0.05683237500488758,True,3,2.8727020762175925e-13,0.00031870865812405657,,,,,,,,,0.0028159131270347987,0.0,,0.0,True,5c53c8de7144d1d0bc3a66b1ca4233b2c17811f726e977e1a5c90f103140b260,b68525952f58693461ac32d4658a8d611a594706,5c8c881e01b155e3f1100183a70dd9dea2ec07b2a235afe2cbd78b182fac4979,78888e272a4585fcd21304843a337a61fd75214ed65a0c37caf753b3ce8ffcff,historical_preference_bank_only,5
full,7,3,11,0.6875,0.5577828902456112,0.980753559756491,0.980753559756491,0.9882354306132825,0.0,reached,1,"[0, 1, 2, 3, 4, 5, 6, 7, 8, 9, 10, 11, 12, 13, 14, 15, 16, 17, 18, 19, 20, 21, 22, 23]",24,24,1.0,72,144,1.0,1.0,1573032,1573032,0,65536,65411.42415644736,0.9980991234809473,0.055105125065892935,True,3,2.2398749521812533e-13,0.00010403411753957822,,,,,,,,,0.001340773390803476,0.0,,0.0,True,5c53c8de7144d1d0bc3a66b1ca4233b2c17811f726e977e1a5c90f103140b260,b68525952f58693461ac32d4658a8d611a594706,5c8c881e01b155e3f1100183a70dd9dea2ec07b2a235afe2cbd78b182fac4979,78888e272a4585fcd21304843a337a61fd75214ed65a0c37caf753b3ce8ffcff,historical_preference_bank_only,6
full,7,4,10,0.625,0.14580563723814488,0.980753559756491,0.980753559756491,0.9882354306132825,0.0,reached,1,"[0, 1, 2, 3, 4, 5, 6, 7, 8, 9, 10, 11, 12, 13, 14, 15, 16, 17, 18, 19, 20, 21, 22, 23]",24,24,1.0,96,144,1.0,1.0,1573032,1573032,0,65536,65431.697417466145,0.9984084688944419,0.057146500097587705,True,3,2.1904700275854339e-13,2.220859754056266e-05,,,,,,,,,0.00022639961139220697,0.0,,0.0,True,5c53c8de7144d1d0bc3a66b1ca4233b2c17811f726e977e1a5c90f103140b260,b68525952f58693461ac32d4658a8d611a594706,5c8c881e01b155e3f1100183a70dd9dea2ec07b2a235afe2cbd78b182fac4979,78888e272a4585fcd21304843a337a61fd75214ed65a0c37caf753b3ce8ffcff,historical_preference_bank_only,7
full,7,5,0,0.0,0.002137335680286954,0.980753559756491,0.980753559756491,0.9882354306132825,0.0,reached,1,"[0, 1, 2, 3, 4, 5, 6, 7, 8, 9, 10, 11, 12, 13, 14, 15, 16, 17, 18, 19, 20, 21, 22, 23]",24,24,1.0,120,144,1.0,1.0,1573032,1573032,0,65536,65445.83241341202,0.9986241518159793,0.05509200016967952,True,3,5.51614309785009e-13,3.350658318815574e-05,,,,,,,,,6.929345751837056e-05,0.0,,0.0,True,5c53c8de7144d1d0bc3a66b1ca4233b2c17811f726e977e1a5c90f103140b260,b68525952f58693461ac32d4658a8d611a594706,5c8c881e01b155e3f1100183a70dd9dea2ec07b2a235afe2cbd78b182fac4979,78888e272a4585fcd21304843a337a61fd75214ed65a0c37caf753b3ce8ffcff,historical_preference_bank_only,8
full,7,6,7,0.4375,-0.03263143042927995,0.980753559756491,0.980753559756491,0.9882354306132825,0.0,reached,1,"[0, 1, 2, 3, 4, 5, 6, 7, 8, 9, 10, 11, 12, 13, 14, 15, 16, 17, 18, 19, 20, 21, 22, 23]",24,24,1.0,144,144,1.0,1.0,1573032,1573032,0,65536,65468.456149781574,0.9989693626370479,0.056161958957090974,True,3,5.545008896490344e-13,2.9928043499619084e-05,,,,,,,,,3.663145875754458e-05,0.0,,0.0,True,5c53c8de7144d1d0bc3a66b1ca4233b2c17811f726e977e1a5c90f103140b260,b68525952f58693461ac32d4658a8d611a594706,5c8c881e01b155e3f1100183a70dd9dea2ec07b2a235afe2cbd78b182fac4979,78888e272a4585fcd21304843a337a61fd75214ed65a0c37caf753b3ce8ffcff,historical_preference_bank_only,9
adaptive,7,1,13,0.8125,0.6844577394889417,0.25971205802071967,0.6844577394889417,0.69338852619193,0.2948469044213524,not_reached,2,"[0, 1, 2, 3, 4, 5, 6, 7, 8, 9, 10, 11, 12, 13, 14, 15, 16, 17, 19, 20, 21, 22, 23]",23,24,0.9583333333333334,23,128,0.9583333333333334,0.8888888888888888,6096918,4523886,1573032,16384,16339.54102252344,0.9972864393630029,0.37247999920509756,True,3,3.397282455352979e-14,,65536,65352.28016523308,0.9971966577946942,0.05783329205587506,True,3,6.7390537594747e-14,0.0018942299975165666,0.1296322948203665,9.109223078776673e-05,0.0035611582285623,0.0016305644597073843,True,5c53c8de7144d1d0bc3a66b1ca4233b2c17811f726e977e1a5c90f103140b260,b68525952f58693461ac32d4658a8d611a594706,5c8c881e01b155e3f1100183a70dd9dea2ec07b2a235afe2cbd78b182fac4979,78888e272a4585fcd21304843a337a61fd75214ed65a0c37caf753b3ce8ffcff,historical_preference_bank_only,4
adaptive,7,2,12,0.75,0.980753559756491,0.6844577394889417,0.980753559756491,0.9882354306132825,0.0,reached,2,"[0, 1, 2, 3, 4, 5, 7, 8, 9, 10, 11, 12, 13, 14, 15, 16, 17, 19, 20, 21, 22, 23]",22,24,0.9166666666666666,45,128,0.9375,0.8888888888888888,5719943,4146911,1573032,16384,16343.428005011143,0.9975236819464809,0.3638403301592916,True,3,5.054845431118338e-13,,65536,65375.197929628805,0.9975463551273926,0.05717445886693895,True,3,4.1011638529653283e-13,0.0008640117647335625,0.020831694653033576,0.0,0.0,0.0,True,5c53c8de7144d1d0bc3a66b1ca4233b2c17811f726e977e1a5c90f103140b260,b68525952f58693461ac32d4658a8d611a594706,5c8c881e01b155e3f1100183a70dd9dea2ec07b2a235afe2cbd78b182fac4979,78888e272a4585fcd21304843a337a61fd75214ed65a0c37caf753b3ce8ffcff,historical_preference_bank_only,5
adaptive,7,3,11,0.6875,0.5577828902456112,0.980753559756491,0.980753559756491,0.9882354306132825,0.0,reached,2,"[0, 1, 2, 3, 4, 5, 7, 8, 9, 10, 11, 12, 13, 14, 15, 16, 17, 19, 20, 21, 22, 23]",22,24,0.9166666666666666,67,128,0.9305555555555556,0.8888888888888888,5719955,4146923,1573032,16384,16354.166566627448,0.9981791117326323,0.36256232927553356,True,3,3.4361402612148595e-13,,65536,65410.39556214141,0.9980834283774019,0.05590416700579226,True,3,2.2398749521812533e-13,6.305916173770534e-05,0.00118106499305587,0.0,0.0,0.0,True,5c53c8de7144d1d0bc3a66b1ca4233b2c17811f726e977e1a5c90f103140b260,b68525952f58693461ac32d4658a8d611a594706,5c8c881e01b155e3f1100183a70dd9dea2ec07b2a235afe2cbd78b182fac4979,78888e272a4585fcd21304843a337a61fd75214ed65a0c37caf753b3ce8ffcff,historical_preference_bank_only,6
adaptive,7,4,10,0.625,0.14580563723814488,0.980753559756491,0.980753559756491,0.9882354306132825,0.0,reached,2,"[0, 1, 2, 3, 4, 7, 8, 9, 10, 11, 12, 13, 14, 15, 16, 17, 19, 20, 21, 22, 23]",21,24,0.875,88,128,0.9166666666666666,0.8888888888888888,5359351,3786319,1573032,16384,16357.2942319721,0.9983700092756409,0.3498696251772344,True,3,4.612976667317525e-13,,65536,65430.139774859636,0.9983847011544744,0.055609083035960793,True,3,2.1904700275854339e-13,0.00010913294761470777,0.0002136151331052531,0.00010494672318080964,0.00021722645493912825,0.0,True,5c53c8de7144d1d0bc3a66b1ca4233b2c17811f726e977e1a5c90f103140b260,b68525952f58693461ac32d4658a8d611a594706,5c8c881e01b155e3f1100183a70dd9dea2ec07b2a235afe2cbd78b182fac4979,78888e272a4585fcd21304843a337a61fd75214ed65a0c37caf753b3ce8ffcff,historical_preference_bank_only,7
adaptive,7,5,0,0.0,0.002137335680286954,0.980753559756491,0.980753559756491,0.9882354306132825,0.0,reached,2,"[0, 1, 2, 3, 4, 7, 8, 9, 10, 11, 12, 14, 15, 16, 17, 19, 20, 21, 22, 23]",20,24,0.8333333333333334,108,128,0.9,0.8888888888888888,5015070,3442038,1573032,16384,16361.295765318253,0.9986142434886629,0.32931433198973536,True,3,3.039235529911366e-13,,65536,65445.51958711391,0.9986193784654832,0.05602504103444517,True,3,5.51614309785009e-13,9.000390895940594e-05,8.405869053627375e-05,0.0001997940464827242,7.225990216122706e-05,0.0,True,5c53c8de7144d1d0bc3a66b1ca4233b2c17811f726e977e1a5c90f103140b260,b68525952f58693461ac32d4658a8d611a594706,5c8c881e01b155e3f1100183a70dd9dea2ec07b2a235afe2cbd78b182fac4979,78888e272a4585fcd21304843a337a61fd75214ed65a0c37caf753b3ce8ffcff,historical_preference_bank_only,8
adaptive,7,6,9,0.5625,0.035073204181179,0.980753559756491,0.980753559756491,0.9882354306132825,0.0,reached,2,"[0, 1, 2, 3, 4, 7, 8, 9, 10, 11, 12, 14, 15, 16, 17, 19, 20, 21, 22, 23]",20,24,0.8333333333333334,128,128,0.8888888888888888,0.8888888888888888,5015100,3442068,1573032,16384,16367.163414515922,0.9989723763742628,0.31947412341833115,True,3,5.376254996747321e-13,,65536,65469.10755561918,0.998979302301318,0.054311374900862575,True,3,5.545008896490344e-13,3.361076731899816e-05,3.6895760465203496e-05,0.000232769076874666,6.608087505186124e-05,5.142340080628041e-06,True,5c53c8de7144d1d0bc3a66b1ca4233b2c17811f726e977e1a5c90f103140b260,b68525952f58693461ac32d4658a8d611a594706,5c8c881e01b155e3f1100183a70dd9dea2ec07b2a235afe2cbd78b182fac4979,78888e272a4585fcd21304843a337a61fd75214ed65a0c37caf753b3ce8ffcff,historical_preference_bank_only,9
standard,8,1,3,0.1875,0.5130379857765214,0.2555429603005696,0.5130379857765214,0.5220877718429023,0.4661476587703801,not_reached,7,[],0,24,0.0,0,0,0.0,0.0,0,0,0,0,,,0.0,,,,,,,,,,,,,0.05093791860101462,,,,True,5c53c8de7144d1d0bc3a66b1ca4233b2c17811f726e977e1a5c90f103140b260,b68525952f58693461ac32d4658a8d611a594706,742e9574050283d60a522d8a38df692fb2d23c2aa69ea4bed960747046a2a67b,8b4a80c0c9a76714865fbd242e6a8d860f342d6803dbedb9beecf2d9c1efb1ed,historical_preference_bank_only,4
standard,8,2,4,0.25,0.5049088256603058,0.5130379857765214,0.5130379857765214,0.5220877718429023,0.4661476587703801,not_reached,7,[],0,24,0.0,0,0,0.0,0.0,0,0,0,0,,,0.0,,,,,,,,,,,,,0.016699012719823964,,,,True,5c53c8de7144d1d0bc3a66b1ca4233b2c17811f726e977e1a5c90f103140b260,b68525952f58693461ac32d4658a8d611a594706,742e9574050283d60a522d8a38df692fb2d23c2aa69ea4bed960747046a2a67b,8b4a80c0c9a76714865fbd242e6a8d860f342d6803dbedb9beecf2d9c1efb1ed,historical_preference_bank_only,5
standard,8,3,5,0.3125,0.20778769889769472,0.5130379857765214,0.5130379857765214,0.5220877718429023,0.4661476587703801,not_reached,7,[],0,24,0.0,0,0,0.0,0.0,0,0,0,0,,,0.0,,,,,,,,,,,,,0.016419512889546524,,,,True,5c53c8de7144d1d0bc3a66b1ca4233b2c17811f726e977e1a5c90f103140b260,b68525952f58693461ac32d4658a8d611a594706,742e9574050283d60a522d8a38df692fb2d23c2aa69ea4bed960747046a2a67b,8b4a80c0c9a76714865fbd242e6a8d860f342d6803dbedb9beecf2d9c1efb1ed,historical_preference_bank_only,6
standard,8,4,1,0.0625,0.0630411854572416,0.5130379857765214,0.5130379857765214,0.5220877718429023,0.4661476587703801,not_reached,7,[],0,24,0.0,0,0,0.0,0.0,0,0,0,0,,,0.0,,,,,,,,,,,,,0.009902984038089854,,,,True,5c53c8de7144d1d0bc3a66b1ca4233b2c17811f726e977e1a5c90f103140b260,b68525952f58693461ac32d4658a8d611a594706,742e9574050283d60a522d8a38df692fb2d23c2aa69ea4bed960747046a2a67b,8b4a80c0c9a76714865fbd242e6a8d860f342d6803dbedb9beecf2d9c1efb1ed,historical_preference_bank_only,7
standard,8,5,6,0.375,0.012873823223311709,0.5130379857765214,0.5130379857765214,0.5220877718429023,0.4661476587703801,not_reached,7,[],0,24,0.0,0,0,0.0,0.0,0,0,0,0,,,0.0,,,,,,,,,,,,,0.008800035805068922,,,,True,5c53c8de7144d1d0bc3a66b1ca4233b2c17811f726e977e1a5c90f103140b260,b68525952f58693461ac32d4658a8d611a594706,742e9574050283d60a522d8a38df692fb2d23c2aa69ea4bed960747046a2a67b,8b4a80c0c9a76714865fbd242e6a8d860f342d6803dbedb9beecf2d9c1efb1ed,historical_preference_bank_only,8
standard,8,6,15,0.9375,0.00454583909407617,0.5130379857765214,0.5130379857765214,0.5220877718429023,0.4661476587703801,not_reached,7,[],0,24,0.0,0,0,0.0,0.0,0,0,0,0,,,0.0,,,,,,,,,,,,,0.007996691058804687,,,,True,5c53c8de7144d1d0bc3a66b1ca4233b2c17811f726e977e1a5c90f103140b260,b68525952f58693461ac32d4658a8d611a594706,742e9574050283d60a522d8a38df692fb2d23c2aa69ea4bed960747046a2a67b,8b4a80c0c9a76714865fbd242e6a8d860f342d6803dbedb9beecf2d9c1efb1ed,historical_preference_bank_only,9
full,8,1,12,0.75,0.9827574695667048,0.2555429603005696,0.9827574695667048,0.9882354306132825,0.0,reached,1,"[0, 1, 2, 3, 4, 5, 6, 7, 8, 9, 10, 11, 12, 13, 14, 15, 16, 17, 18, 19, 20, 21, 22, 23]",24,24,1.0,24,144,1.0,1.0,1573032,1573032,0,65536,65398.24024315829,0.997897952929051,0.057232500053942204,True,3,2.5091040356528538e-14,0.0021197154692143283,,,,,,,,,0.11688556845139564,0.0,,0.0,True,5c53c8de7144d1d0bc3a66b1ca4233b2c17811f726e977e1a5c90f103140b260,b68525952f58693461ac32d4658a8d611a594706,742e9574050283d60a522d8a38df692fb2d23c2aa69ea4bed960747046a2a67b,8b4a80c0c9a76714865fbd242e6a8d860f342d6803dbedb9beecf2d9c1efb1ed,historical_preference_bank_only,4
full,8,2,11,0.6875,0.5652813422601267,0.9827574695667048,0.9827574695667048,0.9882354306132825,0.0,reached,1,"[0, 1, 2, 3, 4, 5, 6, 7, 8, 9, 10, 11, 12, 13, 14, 15, 16, 17, 18, 19, 20, 21, 22, 23]",24,24,1.0,48,144,1.0,1.0,1573032,1573032,0,65536,65426.152953481396,0.998323867088034,0.05699433386325836,True,3,2.4991120284312274e-13,5.308845174898394e-05,,,,,,,,,0.0011533911246230262,0.0,,0.0,True,5c53c8de7144d1d0bc3a66b1ca4233b2c17811f726e977e1a5c90f103140b260,b68525952f58693461ac32d4658a8d611a594706,742e9574050283d60a522d8a38df692fb2d23c2aa69ea4bed960747046a2a67b,8b4a80c0c9a76714865fbd242e6a8d860f342d6803dbedb9beecf2d9c1efb1ed,historical_preference_bank_only,5
full,8,3,13,0.8125,0.7021393395882415,0.9827574695667048,0.9827574695667048,0.9882354306132825,0.0,reached,1,"[0, 1, 2, 3, 4, 5, 6, 7, 8, 9, 10, 11, 12, 13, 14, 15, 16, 17, 18, 19, 20, 21, 22, 23]",24,24,1.0,72,144,1.0,1.0,1573032,1573032,0,65536,65436.44432168544,0.998480900904624,0.05741799995303154,True,3,5.295763827461997e-13,0.00010829610789141653,,,,,,,,,0.0008297118905391751,0.0,,0.0,True,5c53c8de7144d1d0bc3a66b1ca4233b2c17811f726e977e1a5c90f103140b260,b68525952f58693461ac32d4658a8d611a594706,742e9574050283d60a522d8a38df692fb2d23c2aa69ea4bed960747046a2a67b,8b4a80c0c9a76714865fbd242e6a8d860f342d6803dbedb9beecf2d9c1efb1ed,historical_preference_bank_only,6
full,8,4,3,0.1875,0.5130379857765214,0.9827574695667048,0.9827574695667048,0.9882354306132825,0.0,reached,1,"[0, 1, 2, 3, 4, 5, 6, 7, 8, 9, 10, 11, 12, 13, 14, 15, 16, 17, 18, 19, 20, 21, 22, 23]",24,24,1.0,96,144,1.0,1.0,1573032,1573032,0,65536,65449.10458151643,0.9986740811388616,0.05681375018320978,True,3,5.556666238248908e-13,2.741204781159049e-05,,,,,,,,,0.00012636341956992567,0.0,,0.0,True,5c53c8de7144d1d0bc3a66b1ca4233b2c17811f726e977e1a5c90f103140b260,b68525952f58693461ac32d4658a8d611a594706,742e9574050283d60a522d8a38df692fb2d23c2aa69ea4bed960747046a2a67b,8b4a80c0c9a76714865fbd242e6a8d860f342d6803dbedb9beecf2d9c1efb1ed,historical_preference_bank_only,7
full,8,5,5,0.3125,0.20778769889769472,0.9827574695667048,0.9827574695667048,0.9882354306132825,0.0,reached,1,"[0, 1, 2, 3, 4, 5, 6, 7, 8, 9, 10, 11, 12, 13, 14, 15, 16, 17, 18, 19, 20, 21, 22, 23]",24,24,1.0,120,144,1.0,1.0,1573032,1573032,0,65536,65457.45764420983,0.998801538760526,0.05635495809838176,True,3,4.113376306236205e-13,6.850869001965307e-05,,,,,,,,,0.00010379522292425291,0.0,,0.0,True,5c53c8de7144d1d0bc3a66b1ca4233b2c17811f726e977e1a5c90f103140b260,b68525952f58693461ac32d4658a8d611a594706,742e9574050283d60a522d8a38df692fb2d23c2aa69ea4bed960747046a2a67b,8b4a80c0c9a76714865fbd242e6a8d860f342d6803dbedb9beecf2d9c1efb1ed,historical_preference_bank_only,8
full,8,6,4,0.25,0.5049088256603058,0.9827574695667048,0.9827574695667048,0.9882354306132825,0.0,reached,1,"[0, 1, 2, 3, 4, 5, 6, 7, 8, 9, 10, 11, 12, 13, 14, 15, 16, 17, 18, 19, 20, 21, 22, 23]",24,24,1.0,144,144,1.0,1.0,1573032,1573032,0,65536,65469.72308677455,0.9989886945613793,0.05460470821708441,True,3,5.221378884812111e-13,2.4584364245192934e-05,,,,,,,,,8.231742447634938e-05,0.0,,0.0,True,5c53c8de7144d1d0bc3a66b1ca4233b2c17811f726e977e1a5c90f103140b260,b68525952f58693461ac32d4658a8d611a594706,742e9574050283d60a522d8a38df692fb2d23c2aa69ea4bed960747046a2a67b,8b4a80c0c9a76714865fbd242e6a8d860f342d6803dbedb9beecf2d9c1efb1ed,historical_preference_bank_only,9
adaptive,8,1,12,0.75,0.9827574695667048,0.2555429603005696,0.9827574695667048,0.9882354306132825,0.0,reached,1,"[0, 1, 2, 3, 4, 5, 6, 7, 8, 9, 10, 11, 12, 13, 14, 15, 16, 17, 19, 20, 21, 22, 23]",23,24,0.9583333333333334,23,126,0.9583333333333334,0.875,6096906,4523874,1573032,16384,16348.823690111545,0.9978530084296597,0.3855026268865913,True,3,1.3711254354120683e-13,,65536,65396.86835966629,0.9978770196482283,0.05796491703949869,True,3,2.5091040356528538e-14,0.001612381576847191,0.11823602241568734,0.0,0.0,0.0,True,5c53c8de7144d1d0bc3a66b1ca4233b2c17811f726e977e1a5c90f103140b260,b68525952f58693461ac32d4658a8d611a594706,742e9574050283d60a522d8a38df692fb2d23c2aa69ea4bed960747046a2a67b,8b4a80c0c9a76714865fbd242e6a8d860f342d6803dbedb9beecf2d9c1efb1ed,historical_preference_bank_only,4
adaptive,8,2,11,0.6875,0.5652813422601267,0.9827574695667048,0.9827574695667048,0.9882354306132825,0.0,reached,1,"[0, 1, 2, 3, 4, 5, 6, 7, 8, 9, 10, 11, 12, 13, 14, 15, 16, 17, 19, 20, 21, 22, 23]",23,24,0.9583333333333334,46,126,0.9583333333333334,0.875,6096948,4523916,1573032,16384,16356.821841549872,0.9983411768524092,0.3799110441468656,True,3,1.695310558602614e-13,,65536,65423.485727639505,0.9982831684515305,0.055728540988639,True,3,2.4991120284312274e-13,0.00019477107012350146,0.0012892994312444876,0.0,0.0,0.0,True,5c53c8de7144d1d0bc3a66b1ca4233b2c17811f726e977e1a5c90f103140b260,b68525952f58693461ac32d4658a8d611a594706,742e9574050283d60a522d8a38df692fb2d23c2aa69ea4bed960747046a2a67b,8b4a80c0c9a76714865fbd242e6a8d860f342d6803dbedb9beecf2d9c1efb1ed,historical_preference_bank_only,5
adaptive,8,3,13,0.8125,0.7021393395882415,0.9827574695667048,0.9827574695667048,0.9882354306132825,0.0,reached,1,"[0, 1, 2, 3, 4, 6, 7, 8, 9, 10, 11, 12, 13, 14, 15, 16, 17, 19, 20, 21, 22, 23]",22,24,0.9166666666666666,68,126,0.9444444444444444,0.875,5719925,4146893,1573032,16384,16358.698499103155,0.9984557189394015,0.3617882481776178,True,3,4.447553436648377e-13,,65536,65439.22882191361,0.9985233890062502,0.0574863338842988,True,3,5.295763827461997e-13,9.432071353776767e-05,0.0007146774992124759,0.0,0.0,0.0,True,5c53c8de7144d1d0bc3a66b1ca4233b2c17811f726e977e1a5c90f103140b260,b68525952f58693461ac32d4658a8d611a594706,742e9574050283d60a522d8a38df692fb2d23c2aa69ea4bed960747046a2a67b,8b4a80c0c9a76714865fbd242e6a8d860f342d6803dbedb9beecf2d9c1efb1ed,historical_preference_bank_only,6
adaptive,8,4,3,0.1875,0.5130379857765214,0.9827574695667048,0.9827574695667048,0.9882354306132825,0.0,reached,1,"[0, 1, 2, 3, 4, 7, 8, 9, 10, 11, 12, 13, 14, 15, 16, 17, 19, 20, 21, 22, 23]",21,24,0.875,89,126,0.9270833333333334,0.875,5359321,3786289,1573032,16384,16362.755148647153,0.998703317178171,0.34432295872829854,True,3,4.209410597866281e-13,,65536,65450.971156277126,0.9987025628094044,0.055352500174194574,True,3,5.556666238248908e-13,6.356853044732697e-05,0.00015962610651806055,0.0001952125126648535,0.0001003439281434508,0.0,True,5c53c8de7144d1d0bc3a66b1ca4233b2c17811f726e977e1a5c90f103140b260,b68525952f58693461ac32d4658a8d611a594706,742e9574050283d60a522d8a38df692fb2d23c2aa69ea4bed960747046a2a67b,8b4a80c0c9a76714865fbd242e6a8d860f342d6803dbedb9beecf2d9c1efb1ed,historical_preference_bank_only,7
adaptive,8,5,5,0.3125,0.20778769889769472,0.9827574695667048,0.9827574695667048,0.9882354306132825,0.0,reached,1,"[0, 2, 3, 4, 7, 8, 9, 10, 11, 12, 13, 14, 15, 16, 17, 20, 21, 22, 23]",19,24,0.7916666666666666,108,126,0.9,0.875,4687284,3114252,1573032,16384,16364.102825941834,0.9987855728724264,0.30871541635133326,True,3,4.801714581503802e-13,,65536,65456.22112958079,0.9987826710446287,0.056674165884032845,True,3,4.113376306236205e-13,9.106114407262528e-05,0.0001215531113335005,0.00019540015184052532,7.894434022534082e-05,0.0,True,5c53c8de7144d1d0bc3a66b1ca4233b2c17811f726e977e1a5c90f103140b260,b68525952f58693461ac32d4658a8d611a594706,742e9574050283d60a522d8a38df692fb2d23c2aa69ea4bed960747046a2a67b,8b4a80c0c9a76714865fbd242e6a8d860f342d6803dbedb9beecf2d9c1efb1ed,historical_preference_bank_only,8
adaptive,8,6,9,0.5625,0.03841378022986789,0.9827574695667048,0.9827574695667048,0.9882354306132825,0.0,reached,1,"[0, 2, 3, 4, 7, 8, 9, 10, 11, 12, 13, 14, 15, 16, 17, 20, 22, 23]",18,24,0.75,126,126,0.875,0.875,4375893,2802861,1573032,16384,16368.02026380652,0.9990246743045972,0.2987042542081326,True,3,4.619638005465276e-13,,65536,65471.31630476702,0.9990130051386569,0.05432604206725955,True,3,5.221378884812111e-13,4.006126661062718e-05,0.0001246860219515746,0.00022156806925567132,0.00022355256529327388,8.079150838261328e-05,True,5c53c8de7144d1d0bc3a66b1ca4233b2c17811f726e977e1a5c90f103140b260,b68525952f58693461ac32d4658a8d611a594706,742e9574050283d60a522d8a38df692fb2d23c2aa69ea4bed960747046a2a67b,8b4a80c0c9a76714865fbd242e6a8d860f342d6803dbedb9beecf2d9c1efb1ed,historical_preference_bank_only,9
standard,9,1,3,0.1875,0.5350772410743112,0.27095067981880133,0.5350772410743112,0.5220877718429023,0.4661476587703801,not_reached,7,[],0,24,0.0,0,0,0.0,0.0,0,0,0,0,,,0.0,,,,,,,,,,,,,0.04799624850458451,,,,True,5c53c8de7144d1d0bc3a66b1ca4233b2c17811f726e977e1a5c90f103140b260,b68525952f58693461ac32d4658a8d611a594706,11b0933f28d857ec4b131bd784c3b81e31eb5964b39d0e8adc8affb56de1d12c,954613a24b7351d2493c27f25db41c23153267cecbe19e7f9a587f9a7978da3a,historical_preference_bank_only,4
standard,9,2,4,0.25,0.5048243089256131,0.5350772410743112,0.5350772410743112,0.5220877718429023,0.4661476587703801,not_reached,7,[],0,24,0.0,0,0,0.0,0.0,0,0,0,0,,,0.0,,,,,,,,,,,,,0.014993601761957673,,,,True,5c53c8de7144d1d0bc3a66b1ca4233b2c17811f726e977e1a5c90f103140b260,b68525952f58693461ac32d4658a8d611a594706,11b0933f28d857ec4b131bd784c3b81e31eb5964b39d0e8adc8affb56de1d12c,954613a24b7351d2493c27f25db41c23153267cecbe19e7f9a587f9a7978da3a,historical_preference_bank_only,5
standard,9,3,5,0.3125,0.19687989242208348,0.5350772410743112,0.5350772410743112,0.5220877718429023,0.4661476587703801,not_reached,7,[],0,24,0.0,0,0,0.0,0.0,0,0,0,0,,,0.0,,,,,,,,,,,,,0.01410559767083265,,,,True,5c53c8de7144d1d0bc3a66b1ca4233b2c17811f726e977e1a5c90f103140b260,b68525952f58693461ac32d4658a8d611a594706,11b0933f28d857ec4b131bd784c3b81e31eb5964b39d0e8adc8affb56de1d12c,954613a24b7351d2493c27f25db41c23153267cecbe19e7f9a587f9a7978da3a,historical_preference_bank_only,6
standard,9,4,1,0.0625,0.07867798565211633,0.5350772410743112,0.5350772410743112,0.5220877718429023,0.4661476587703801,not_reached,7,[],0,24,0.0,0,0,0.0,0.0,0,0,0,0,,,0.0,,,,,,,,,,,,,0.008680456765461395,,,,True,5c53c8de7144d1d0bc3a66b1ca4233b2c17811f726e977e1a5c90f103140b260,b68525952f58693461ac32d4658a8d611a594706,11b0933f28d857ec4b131bd784c3b81e31eb5964b39d0e8adc8affb56de1d12c,954613a24b7351d2493c27f25db41c23153267cecbe19e7f9a587f9a7978da3a,historical_preference_bank_only,7
standard,9,5,6,0.375,0.014358191811662997,0.5350772410743112,0.5350772410743112,0.5220877718429023,0.4661476587703801,not_reached,7,[],0,24,0.0,0,0,0.0,0.0,0,0,0,0,,,0.0,,,,,,,,,,,,,0.0072690489668361565,,,,True,5c53c8de7144d1d0bc3a66b1ca4233b2c17811f726e977e1a5c90f103140b260,b68525952f58693461ac32d4658a8d611a594706,11b0933f28d857ec4b131bd784c3b81e31eb5964b39d0e8adc8affb56de1d12c,954613a24b7351d2493c27f25db41c23153267cecbe19e7f9a587f9a7978da3a,historical_preference_bank_only,8
standard,9,6,13,0.8125,0.693259146082851,0.5350772410743112,0.693259146082851,0.69338852619193,0.2948469044213524,not_reached,7,[],0,24,0.0,0,0,0.0,0.0,0,0,0,0,,,0.0,,,,,,,,,,,,,0.007111132252007969,,,,True,5c53c8de7144d1d0bc3a66b1ca4233b2c17811f726e977e1a5c90f103140b260,b68525952f58693461ac32d4658a8d611a594706,11b0933f28d857ec4b131bd784c3b81e31eb5964b39d0e8adc8affb56de1d12c,954613a24b7351d2493c27f25db41c23153267cecbe19e7f9a587f9a7978da3a,historical_preference_bank_only,9
full,9,1,12,0.75,0.9794179395464871,0.27095067981880133,0.9794179395464871,0.9882354306132825,0.0,reached,1,"[0, 1, 2, 3, 4, 5, 6, 7, 8, 9, 10, 11, 12, 13, 14, 15, 16, 17, 18, 19, 20, 21, 22, 23]",24,24,1.0,24,144,1.0,1.0,1573032,1573032,0,65536,65393.83668037181,0.9978307598933687,0.05743225011974573,True,3,1.3289369604763124e-13,0.0014037070989271622,,,,,,,,,0.09023628586822856,0.0,,0.0,True,5c53c8de7144d1d0bc3a66b1ca4233b2c17811f726e977e1a5c90f103140b260,b68525952f58693461ac32d4658a8d611a594706,11b0933f28d857ec4b131bd784c3b81e31eb5964b39d0e8adc8affb56de1d12c,954613a24b7351d2493c27f25db41c23153267cecbe19e7f9a587f9a7978da3a,historical_preference_bank_only,4
full,9,2,13,0.8125,0.693259146082851,0.9794179395464871,0.9794179395464871,0.9882354306132825,0.0,reached,1,"[0, 1, 2, 3, 4, 5, 6, 7, 8, 9, 10, 11, 12, 13, 14, 15, 16, 17, 18, 19, 20, 21, 22, 23]",24,24,1.0,48,144,1.0,1.0,1573032,1573032,0,65536,65418.039505622815,0.9982000656985903,0.055960666853934526,True,3,6.150635556423367e-14,0.0002262298781124599,,,,,,,,,0.0008710300117324911,0.0,,0.0,True,5c53c8de7144d1d0bc3a66b1ca4233b2c17811f726e977e1a5c90f103140b260,b68525952f58693461ac32d4658a8d611a594706,11b0933f28d857ec4b131bd784c3b81e31eb5964b39d0e8adc8affb56de1d12c,954613a24b7351d2493c27f25db41c23153267cecbe19e7f9a587f9a7978da3a,historical_preference_bank_only,5
full,9,3,11,0.6875,0.5783797745797119,0.9794179395464871,0.9794179395464871,0.9882354306132825,0.0,reached,1,"[0, 1, 2, 3, 4, 5, 6, 7, 8, 9, 10, 11, 12, 13, 14, 15, 16, 17, 18, 19, 20, 21, 22, 23]",24,24,1.0,72,144,1.0,1.0,1573032,1573032,0,65536,65436.048497903816,0.9984748611130343,0.05522683309391141,True,3,2.6334490144108713e-13,7.510980320494213e-05,,,,,,,,,0.00025012070745709133,0.0,,0.0,True,5c53c8de7144d1d0bc3a66b1ca4233b2c17811f726e977e1a5c90f103140b260,b68525952f58693461ac32d4658a8d611a594706,11b0933f28d857ec4b131bd784c3b81e31eb5964b39d0e8adc8affb56de1d12c,954613a24b7351d2493c27f25db41c23153267cecbe19e7f9a587f9a7978da3a,historical_preference_bank_only,6
full,9,4,0,0.0,0.011374918992269029,0.9794179395464871,0.9794179395464871,0.9882354306132825,0.0,reached,1,"[0, 1, 2, 3, 4, 5, 6, 7, 8, 9, 10, 11, 12, 13, 14, 15, 16, 17, 18, 19, 20, 21, 22, 23]",24,24,1.0,96,144,1.0,1.0,1573032,1573032,0,65536,65440.92620169677,0.9985492889663203,0.055736874928697944,True,3,5.412337245047638e-13,6.628808733793361e-05,,,,,,,,,0.000267489304679926,0.0,,0.0,True,5c53c8de7144d1d0bc3a66b1ca4233b2c17811f726e977e1a5c90f103140b260,b68525952f58693461ac32d4658a8d611a594706,11b0933f28d857ec4b131bd784c3b81e31eb5964b39d0e8adc8affb56de1d12c,954613a24b7351d2493c27f25db41c23153267cecbe19e7f9a587f9a7978da3a,historical_preference_bank_only,7
full,9,5,3,0.1875,0.5350772410743112,0.9794179395464871,0.9794179395464871,0.9882354306132825,0.0,reached,1,"[0, 1, 2, 3, 4, 5, 6, 7, 8, 9, 10, 11, 12, 13, 14, 15, 16, 17, 18, 19, 20, 21, 22, 23]",24,24,1.0,120,144,1.0,1.0,1573032,1573032,0,65536,65470.47568542028,0.9990001783053631,0.054770458955317736,True,3,5.530575997170217e-13,4.680422361311425e-05,,,,,,,,,0.00013482857985861447,0.0,,0.0,True,5c53c8de7144d1d0bc3a66b1ca4233b2c17811f726e977e1a5c90f103140b260,b68525952f58693461ac32d4658a8d611a594706,11b0933f28d857ec4b131bd784c3b81e31eb5964b39d0e8adc8affb56de1d12c,954613a24b7351d2493c27f25db41c23153267cecbe19e7f9a587f9a7978da3a,historical_preference_bank_only,8
full,9,6,10,0.625,0.15578250690994094,0.9794179395464871,0.9794179395464871,0.9882354306132825,0.0,reached,1,"[0, 1, 2, 3, 4, 5, 6, 7, 8, 9, 10, 11, 12, 13, 14, 15, 16, 17, 18, 19, 20, 21, 22, 23]",24,24,1.0,144,144,1.0,1.0,1573032,1573032,0,65536,65477.401202093744,0.9991058533034324,0.05403308314271271,True,3,4.3443026953582375e-13,7.063716694517507e-05,,,,,,,,,9.295273747969764e-05,0.0,,0.0,True,5c53c8de7144d1d0bc3a66b1ca4233b2c17811f726e977e1a5c90f103140b260,b68525952f58693461ac32d4658a8d611a594706,11b0933f28d857ec4b131bd784c3b81e31eb5964b39d0e8adc8affb56de1d12c,954613a24b7351d2493c27f25db41c23153267cecbe19e7f9a587f9a7978da3a,historical_preference_bank_only,9
adaptive,9,1,12,0.75,0.9794179395464871,0.27095067981880133,0.9794179395464871,0.9882354306132825,0.0,reached,1,"[0, 1, 2, 3, 4, 5, 6, 7, 8, 9, 10, 11, 12, 13, 14, 15, 16, 17, 19, 20, 21, 22, 23]",23,24,0.9583333333333334,23,130,0.9583333333333334,0.9027777777777778,6096928,4523896,1573032,16384,16348.981888605458,0.9978626640994542,0.41601562639698386,True,3,9.381384558082573e-14,,65536,65394.014166818415,0.9978334681216189,0.06240291683934629,True,3,1.3289369604763124e-13,0.001121322683748427,0.09097047398376283,0.0,0.0,0.0,True,5c53c8de7144d1d0bc3a66b1ca4233b2c17811f726e977e1a5c90f103140b260,b68525952f58693461ac32d4658a8d611a594706,11b0933f28d857ec4b131bd784c3b81e31eb5964b39d0e8adc8affb56de1d12c,954613a24b7351d2493c27f25db41c23153267cecbe19e7f9a587f9a7978da3a,historical_preference_bank_only,4
adaptive,9,2,13,0.8125,0.693259146082851,0.9794179395464871,0.9794179395464871,0.9882354306132825,0.0,reached,1,"[0, 1, 2, 3, 4, 5, 6, 7, 8, 9, 10, 11, 12, 13, 14, 15, 16, 17, 19, 20, 21, 22, 23]",23,24,0.9583333333333334,46,130,0.9583333333333334,0.9027777777777778,6096922,4523890,1573032,16384,16353.872614167163,0.9981611702982888,0.36973883281461895,True,3,3.530509218307998e-13,,65536,65412.58036373702,0.9981167658040927,0.05612270883284509,True,3,6.150635556423367e-14,8.524879466968813e-05,0.0008588936691834338,0.0,0.0,0.0,True,5c53c8de7144d1d0bc3a66b1ca4233b2c17811f726e977e1a5c90f103140b260,b68525952f58693461ac32d4658a8d611a594706,11b0933f28d857ec4b131bd784c3b81e31eb5964b39d0e8adc8affb56de1d12c,954613a24b7351d2493c27f25db41c23153267cecbe19e7f9a587f9a7978da3a,historical_preference_bank_only,5
adaptive,9,3,0,0.0,0.011374918992269029,0.9794179395464871,0.9794179395464871,0.9882354306132825,0.0,reached,1,"[0, 1, 2, 3, 4, 5, 7, 8, 9, 10, 11, 12, 13, 14, 15, 16, 17, 19, 20, 21, 22, 23]",22,24,0.9166666666666666,68,130,0.9444444444444444,0.9027777777777778,5719955,4146923,1573032,16384,16359.026820095898,0.9984757580624938,0.358574376674369,True,3,3.743672039036028e-13,,65536,65430.77006629061,0.9983943186384676,0.05808920902200043,True,3,2.6334490144108713e-13,5.7909787716980556e-05,0.0003431107521453688,4.062514156321763e-05,0.00017081820587365004,1.200293161586301e-05,True,5c53c8de7144d1d0bc3a66b1ca4233b2c17811f726e977e1a5c90f103140b260,b68525952f58693461ac32d4658a8d611a594706,11b0933f28d857ec4b131bd784c3b81e31eb5964b39d0e8adc8affb56de1d12c,954613a24b7351d2493c27f25db41c23153267cecbe19e7f9a587f9a7978da3a,historical_preference_bank_only,6
adaptive,9,4,11,0.6875,0.5783797745797119,0.9794179395464871,0.9794179395464871,0.9882354306132825,0.0,reached,1,"[0, 1, 2, 3, 4, 5, 7, 8, 9, 10, 11, 12, 13, 14, 15, 16, 17, 19, 20, 21, 22, 23]",22,24,0.9166666666666666,90,130,0.9375,0.9027777777777778,5719935,4146903,1573032,16384,16363.515366257994,0.9987497171788327,0.3728397488594055,True,3,5.087041898832467e-13,,65536,65461.398144784456,0.9988616660275949,0.05713245808146894,True,3,3.8680170177940454e-13,7.135571607383082e-05,0.0002658040754605446,8.637687093837355e-05,0.00013783146304793503,0.0,True,5c53c8de7144d1d0bc3a66b1ca4233b2c17811f726e977e1a5c90f103140b260,b68525952f58693461ac32d4658a8d611a594706,11b0933f28d857ec4b131bd784c3b81e31eb5964b39d0e8adc8affb56de1d12c,954613a24b7351d2493c27f25db41c23153267cecbe19e7f9a587f9a7978da3a,historical_preference_bank_only,7
adaptive,9,5,3,0.1875,0.5350772410743112,0.9794179395464871,0.9794179395464871,0.9882354306132825,0.0,reached,1,"[0, 1, 2, 3, 4, 7, 8, 9, 10, 11, 12, 13, 14, 15, 16, 17, 19, 20, 21, 22, 23]",21,24,0.875,111,130,0.925,0.9027777777777778,5359341,3786309,1573032,16384,16367.713836133458,0.9990059714436925,0.36841004295274615,True,3,2.89157586763622e-13,,65536,65467.95703671664,0.9989617467760717,0.05678162514232099,True,3,5.530575997170217e-13,3.945671778877718e-05,0.0001658460991149086,0.0001933412509907844,0.00012260965421482308,0.0,True,5c53c8de7144d1d0bc3a66b1ca4233b2c17811f726e977e1a5c90f103140b260,b68525952f58693461ac32d4658a8d611a594706,11b0933f28d857ec4b131bd784c3b81e31eb5964b39d0e8adc8affb56de1d12c,954613a24b7351d2493c27f25db41c23153267cecbe19e7f9a587f9a7978da3a,historical_preference_bank_only,8
adaptive,9,6,15,0.9375,-0.006369220747141371,0.9794179395464871,0.9794179395464871,0.9882354306132825,0.0,reached,1,"[0, 2, 3, 4, 7, 8, 9, 10, 11, 12, 13, 14, 15, 16, 17, 20, 21, 22, 23]",19,24,0.7916666666666666,130,130,0.9027777777777778,0.9027777777777778,4687286,3114254,1573032,16384,16369.370760058124,0.9991071020543288,0.31393137481063604,True,3,4.99933427988708e-13,,65536,65477.09929604847,0.9991012465827709,0.05760187515988946,True,3,4.3443026953582375e-13,5.8225522322094626e-05,9.132879395652237e-05,0.00024156531820051797,6.597401438227268e-05,0.0,True,5c53c8de7144d1d0bc3a66b1ca4233b2c17811f726e977e1a5c90f103140b260,b68525952f58693461ac32d4658a8d611a594706,11b0933f28d857ec4b131bd784c3b81e31eb5964b39d0e8adc8affb56de1d12c,954613a24b7351d2493c27f25db41c23153267cecbe19e7f9a587f9a7978da3a,historical_preference_bank_only,9
standard,10,1,3,0.1875,0.5311514498523968,0.26751055755746544,0.5311514498523968,0.5220877718429023,0.4661476587703801,not_reached,7,[],0,24,0.0,0,0,0.0,0.0,0,0,0,0,,,0.0,,,,,,,,,,,,,0.04864141592618472,,,,True,5c53c8de7144d1d0bc3a66b1ca4233b2c17811f726e977e1a5c90f103140b260,b68525952f58693461ac32d4658a8d611a594706,02b8e6a3f8af6733fa500d14bc47f12c5f2abb7cda13e291b27a232cd4072701,3e77667225bbf0a993fd271052a0206d2ee8e7d16ad3b8ea70e12c6744e22c01,historical_preference_bank_only,4
standard,10,2,4,0.25,0.49620197163368435,0.5311514498523968,0.5311514498523968,0.5220877718429023,0.4661476587703801,not_reached,7,[],0,24,0.0,0,0,0.0,0.0,0,0,0,0,,,0.0,,,,,,,,,,,,,0.015285896480761486,,,,True,5c53c8de7144d1d0bc3a66b1ca4233b2c17811f726e977e1a5c90f103140b260,b68525952f58693461ac32d4658a8d611a594706,02b8e6a3f8af6733fa500d14bc47f12c5f2abb7cda13e291b27a232cd4072701,3e77667225bbf0a993fd271052a0206d2ee8e7d16ad3b8ea70e12c6744e22c01,historical_preference_bank_only,5
standard,10,3,5,0.3125,0.2022922747475235,0.5311514498523968,0.5311514498523968,0.5220877718429023,0.4661476587703801,not_reached,7,[],0,24,0.0,0,0,0.0,0.0,0,0,0,0,,,0.0,,,,,,,,,,,,,0.014247683386880358,,,,True,5c53c8de7144d1d0bc3a66b1ca4233b2c17811f726e977e1a5c90f103140b260,b68525952f58693461ac32d4658a8d611a594706,02b8e6a3f8af6733fa500d14bc47f12c5f2abb7cda13e291b27a232cd4072701,3e77667225bbf0a993fd271052a0206d2ee8e7d16ad3b8ea70e12c6744e22c01,historical_preference_bank_only,6
standard,10,4,1,0.0625,0.0812155631894364,0.5311514498523968,0.5311514498523968,0.5220877718429023,0.4661476587703801,not_reached,7,[],0,24,0.0,0,0,0.0,0.0,0,0,0,0,,,0.0,,,,,,,,,,,,,0.008875006433101393,,,,True,5c53c8de7144d1d0bc3a66b1ca4233b2c17811f726e977e1a5c90f103140b260,b68525952f58693461ac32d4658a8d611a594706,02b8e6a3f8af6733fa500d14bc47f12c5f2abb7cda13e291b27a232cd4072701,3e77667225bbf0a993fd271052a0206d2ee8e7d16ad3b8ea70e12c6744e22c01,historical_preference_bank_only,7
standard,10,5,6,0.375,0.009527734881349711,0.5311514498523968,0.5311514498523968,0.5220877718429023,0.4661476587703801,not_reached,7,[],0,24,0.0,0,0,0.0,0.0,0,0,0,0,,,0.0,,,,,,,,,,,,,0.007578236027652931,,,,True,5c53c8de7144d1d0bc3a66b1ca4233b2c17811f726e977e1a5c90f103140b260,b68525952f58693461ac32d4658a8d611a594706,02b8e6a3f8af6733fa500d14bc47f12c5f2abb7cda13e291b27a232cd4072701,3e77667225bbf0a993fd271052a0206d2ee8e7d16ad3b8ea70e12c6744e22c01,historical_preference_bank_only,8
standard,10,6,13,0.8125,0.7164014370679033,0.5311514498523968,0.7164014370679033,0.69338852619193,0.2948469044213524,not_reached,7,[],0,24,0.0,0,0,0.0,0.0,0,0,0,0,,,0.0,,,,,,,,,,,,,0.007044881716244976,,,,True,5c53c8de7144d1d0bc3a66b1ca4233b2c17811f726e977e1a5c90f103140b260,b68525952f58693461ac32d4658a8d611a594706,02b8e6a3f8af6733fa500d14bc47f12c5f2abb7cda13e291b27a232cd4072701,3e77667225bbf0a993fd271052a0206d2ee8e7d16ad3b8ea70e12c6744e22c01,historical_preference_bank_only,9
full,10,1,13,0.8125,0.7164014370679033,0.26751055755746544,0.7164014370679033,0.69338852619193,0.2948469044213524,not_reached,3,"[0, 1, 2, 3, 4, 5, 6, 7, 8, 9, 10, 11, 12, 13, 14, 15, 16, 17, 18, 19, 20, 21, 22, 23]",24,24,1.0,24,144,1.0,1.0,3145896,3145896,0,131072,130725.98109856814,0.9973600852857066,0.13170512486249208,True,3,2.495781359357352e-13,0.0010939359193384082,,,,,,,,,0.1009481079817473,0.0,,0.0,True,5c53c8de7144d1d0bc3a66b1ca4233b2c17811f726e977e1a5c90f103140b260,b68525952f58693461ac32d4658a8d611a594706,02b8e6a3f8af6733fa500d14bc47f12c5f2abb7cda13e291b27a232cd4072701,3e77667225bbf0a993fd271052a0206d2ee8e7d16ad3b8ea70e12c6744e22c01,historical_preference_bank_only,4
full,10,2,11,0.6875,0.5579591291666399,0.7164014370679033,0.7164014370679033,0.69338852619193,0.2948469044213524,not_reached,3,"[0, 1, 2, 3, 4, 5, 6, 7, 8, 9, 10, 11, 12, 13, 14, 15, 16, 17, 18, 19, 20, 21, 22, 23]",24,24,1.0,48,144,1.0,1.0,1573032,1573032,0,65536,65381.393926559154,0.9976408985375848,0.06008587498217821,True,3,9.192646643896296e-14,0.00032627508327372906,,,,,,,,,0.005365353863411081,0.0,,0.0,True,5c53c8de7144d1d0bc3a66b1ca4233b2c17811f726e977e1a5c90f103140b260,b68525952f58693461ac32d4658a8d611a594706,02b8e6a3f8af6733fa500d14bc47f12c5f2abb7cda13e291b27a232cd4072701,3e77667225bbf0a993fd271052a0206d2ee8e7d16ad3b8ea70e12c6744e22c01,historical_preference_bank_only,5
full,10,3,12,0.75,0.9900424783259543,0.7164014370679033,0.9900424783259543,0.9882354306132825,0.0,reached,3,"[0, 1, 2, 3, 4, 5, 6, 7, 8, 9, 10, 11, 12, 13, 14, 15, 16, 17, 18, 19, 20, 21, 22, 23]",24,24,1.0,72,144,1.0,1.0,1573032,1573032,0,65536,65409.07030009419,0.9980632064833708,0.06013187486678362,True,3,3.4899860779091796e-13,0.0004832718168007264,,,,,,,,,0.005632032587537375,0.0,,0.0,True,5c53c8de7144d1d0bc3a66b1ca4233b2c17811f726e977e1a5c90f103140b260,b68525952f58693461ac32d4658a8d611a594706,02b8e6a3f8af6733fa500d14bc47f12c5f2abb7cda13e291b27a232cd4072701,3e77667225bbf0a993fd271052a0206d2ee8e7d16ad3b8ea70e12c6744e22c01,historical_preference_bank_only,6
full,10,4,4,0.25,0.49620197163368435,0.9900424783259543,0.9900424783259543,0.9882354306132825,0.0,reached,3,"[0, 1, 2, 3, 4, 5, 6, 7, 8, 9, 10, 11, 12, 13, 14, 15, 16, 17, 18, 19, 20, 21, 22, 23]",24,24,1.0,96,144,1.0,1.0,1573032,1573032,0,65536,65421.13066472456,0.9982472330432824,0.05658979085274041,True,3,4.665157149474908e-13,8.68492357905697e-05,,,,,,,,,0.0005151754789475152,0.0,,0.0,True,5c53c8de7144d1d0bc3a66b1ca4233b2c17811f726e977e1a5c90f103140b260,b68525952f58693461ac32d4658a8d611a594706,02b8e6a3f8af6733fa500d14bc47f12c5f2abb7cda13e291b27a232cd4072701,3e77667225bbf0a993fd271052a0206d2ee8e7d16ad3b8ea70e12c6744e22c01,historical_preference_bank_only,7
full,10,5,3,0.1875,0.5311514498523968,0.9900424783259543,0.9900424783259543,0.9882354306132825,0.0,reached,3,"[0, 1, 2, 3, 4, 5, 6, 7, 8, 9, 10, 11, 12, 13, 14, 15, 16, 17, 18, 19, 20, 21, 22, 23]",24,24,1.0,120,144,1.0,1.0,1573032,1573032,0,65536,65436.20423539789,0.9984772374786055,0.05594016704708338,True,3,5.327405183663814e-13,3.70160914948785e-05,,,,,,,,,0.0003914104550053578,0.0,,0.0,True,5c53c8de7144d1d0bc3a66b1ca4233b2c17811f726e977e1a5c90f103140b260,b68525952f58693461ac32d4658a8d611a594706,02b8e6a3f8af6733fa500d14bc47f12c5f2abb7cda13e291b27a232cd4072701,3e77667225bbf0a993fd271052a0206d2ee8e7d16ad3b8ea70e12c6744e22c01,historical_preference_bank_only,8
full,10,6,1,0.0625,0.0812155631894364,0.9900424783259543,0.9900424783259543,0.9882354306132825,0.0,reached,3,"[0, 1, 2, 3, 4, 5, 6, 7, 8, 9, 10, 11, 12, 13, 14, 15, 16, 17, 18, 19, 20, 21, 22, 23]",24,24,1.0,144,144,1.0,1.0,1573032,1573032,0,65536,65445.32633576927,0.9986164296839793,0.05564579088240862,True,3,5.458411500569582e-13,5.828318948830546e-05,,,,,,,,,0.00026084154301478867,0.0,,0.0,True,5c53c8de7144d1d0bc3a66b1ca4233b2c17811f726e977e1a5c90f103140b260,b68525952f58693461ac32d4658a8d611a594706,02b8e6a3f8af6733fa500d14bc47f12c5f2abb7cda13e291b27a232cd4072701,3e77667225bbf0a993fd271052a0206d2ee8e7d16ad3b8ea70e12c6744e22c01,historical_preference_bank_only,9
adaptive,10,1,13,0.8125,0.7164014370679033,0.26751055755746544,0.7164014370679033,0.69338852619193,0.2948469044213524,not_reached,3,"[0, 1, 2, 3, 4, 5, 6, 7, 8, 9, 10, 11, 12, 13, 14, 15, 16, 17, 19, 20, 21, 22, 23]",23,24,0.9583333333333334,23,126,0.9583333333333334,0.875,6096928,4523896,1573032,16384,16342.6092614418,0.9974737098047973,0.3860383788123727,True,3,1.8174350913113813e-13,,65536,65367.73019416654,0.9974324065271994,0.06059237499721348,True,3,2.495781359357352e-13,0.0015648556862290358,0.10083220236490133,0.0,0.0,0.0,True,5c53c8de7144d1d0bc3a66b1ca4233b2c17811f726e977e1a5c90f103140b260,b68525952f58693461ac32d4658a8d611a594706,02b8e6a3f8af6733fa500d14bc47f12c5f2abb7cda13e291b27a232cd4072701,3e77667225bbf0a993fd271052a0206d2ee8e7d16ad3b8ea70e12c6744e22c01,historical_preference_bank_only,4
adaptive,10,2,11,0.6875,0.5579591291666399,0.7164014370679033,0.7164014370679033,0.69338852619193,0.2948469044213524,not_reached,3,"[0, 1, 2, 3, 4, 5, 7, 8, 9, 10, 11, 12, 13, 14, 15, 16, 17, 19, 20, 21, 22, 23]",22,24,0.9166666666666666,45,126,0.9375,0.875,5719925,4146893,1573032,16384,16346.277207308147,0.9976975834538664,0.36930258362554014,True,3,4.997668945350142e-13,,65536,65384.312675397436,0.9976854351104345,0.056776124984025955,True,3,9.192646643896296e-14,0.00025798257102373386,0.005304002892349101,0.0,0.0,0.0,True,5c53c8de7144d1d0bc3a66b1ca4233b2c17811f726e977e1a5c90f103140b260,b68525952f58693461ac32d4658a8d611a594706,02b8e6a3f8af6733fa500d14bc47f12c5f2abb7cda13e291b27a232cd4072701,3e77667225bbf0a993fd271052a0206d2ee8e7d16ad3b8ea70e12c6744e22c01,historical_preference_bank_only,5
adaptive,10,3,12,0.75,0.9900424783259543,0.7164014370679033,0.9900424783259543,0.9882354306132825,0.0,reached,3,"[0, 1, 2, 3, 4, 5, 7, 8, 9, 10, 11, 12, 13, 14, 15, 16, 17, 19, 20, 21, 22, 23]",22,24,0.9166666666666666,67,126,0.9305555555555556,0.875,5719943,4146911,1573032,16384,16351.93217584502,0.9980427353421033,0.35765729122795165,True,3,5.524469770534779e-13,,65536,65408.69463281906,0.9980574742556619,0.05769137502647936,True,3,3.4899860779091796e-13,0.0003764872816495136,0.00527925837744194,7.770609489352551e-05,0.0007483498400330936,0.0,True,5c53c8de7144d1d0bc3a66b1ca4233b2c17811f726e977e1a5c90f103140b260,b68525952f58693461ac32d4658a8d611a594706,02b8e6a3f8af6733fa500d14bc47f12c5f2abb7cda13e291b27a232cd4072701,3e77667225bbf0a993fd271052a0206d2ee8e7d16ad3b8ea70e12c6744e22c01,historical_preference_bank_only,6
adaptive,10,4,4,0.25,0.49620197163368435,0.9900424783259543,0.9900424783259543,0.9882354306132825,0.0,reached,3,"[0, 1, 2, 3, 4, 7, 8, 9, 10, 11, 12, 13, 14, 15, 16, 17, 19, 20, 21, 22, 23]",21,24,0.875,88,126,0.9166666666666666,0.875,5359347,3786315,1573032,16384,16354.817323099125,0.9982188307555618,0.3430503732524812,True,3,4.360956040727615e-13,,65536,65425.035592729364,0.998306817516012,0.05556079186499119,True,3,4.665157149474908e-13,6.755729439448382e-05,0.0004979717534219627,0.00010514978678978317,0.00028516686302144684,0.0,True,5c53c8de7144d1d0bc3a66b1ca4233b2c17811f726e977e1a5c90f103140b260,b68525952f58693461ac32d4658a8d611a594706,02b8e6a3f8af6733fa500d14bc47f12c5f2abb7cda13e291b27a232cd4072701,3e77667225bbf0a993fd271052a0206d2ee8e7d16ad3b8ea70e12c6744e22c01,historical_preference_bank_only,7
adaptive,10,5,3,0.1875,0.5311514498523968,0.9900424783259543,0.9900424783259543,0.9882354306132825,0.0,reached,3,"[0, 1, 2, 3, 4, 7, 8, 9, 10, 11, 12, 13, 14, 15, 16, 17, 19, 21, 22, 23]",20,24,0.8333333333333334,108,126,0.9,0.875,5015112,3442080,1573032,16384,16359.100284519744,0.998480241975082,0.33218425139784813,True,3,2.483568906086475e-13,,65536,65437.15532979513,0.9984917500273915,0.055928457994014025,True,3,5.327405183663814e-13,0.00013173328883973732,0.00028404021163757335,0.0001777994676423158,0.00014416650782526195,0.0,True,5c53c8de7144d1d0bc3a66b1ca4233b2c17811f726e977e1a5c90f103140b260,b68525952f58693461ac32d4658a8d611a594706,02b8e6a3f8af6733fa500d14bc47f12c5f2abb7cda13e291b27a232cd4072701,3e77667225bbf0a993fd271052a0206d2ee8e7d16ad3b8ea70e12c6744e22c01,historical_preference_bank_only,8
adaptive,10,6,1,0.0625,0.0812155631894364,0.9900424783259543,0.9900424783259543,0.9882354306132825,0.0,reached,3,"[0, 2, 3, 4, 7, 8, 9, 10, 11, 12, 13, 14, 15, 16, 17, 21, 22, 23]",18,24,0.75,126,126,0.875,0.875,4375863,2802831,1573032,16384,16360.824260050938,0.9985854650909997,0.2937830414157361,True,3,3.695932448977146e-13,,65536,65443.17162796978,0.9985835514521756,0.05340500012971461,True,3,5.458411500569582e-13,3.784105975657834e-05,0.000326069646276489,0.00018876353695626452,0.0001469567560438307,0.0,True,5c53c8de7144d1d0bc3a66b1ca4233b2c17811f726e977e1a5c90f103140b260,b68525952f58693461ac32d4658a8d611a594706,02b8e6a3f8af6733fa500d14bc47f12c5f2abb7cda13e291b27a232cd4072701,3e77667225bbf0a993fd271052a0206d2ee8e7d16ad3b8ea70e12c6744e22c01,historical_preference_bank_only,9
standard,11,1,1,0.0625,0.0618499889858727,0.2569797062719178,0.2569797062719178,0.258984272217597,0.7292511583956854,not_reached,7,[],0,24,0.0,0,0,0.0,0.0,0,0,0,0,,,0.0,,,,,,,,,,,,,0.05065789182837887,,,,True,5c53c8de7144d1d0bc3a66b1ca4233b2c17811f726e977e1a5c90f103140b260,b68525952f58693461ac32d4658a8d611a594706,ff7cef817520140eef7f9dd8f7a1717bdbd44cc6626adea5ff5a1327ab31ad8d,ea14a3ef8f995b4a519047914132cbe81505aaebb375b1f0f6d1805624c32711,historical_preference_bank_only,4
standard,11,2,3,0.1875,0.5269331918988971,0.2569797062719178,0.5269331918988971,0.5220877718429023,0.4661476587703801,not_reached,7,[],0,24,0.0,0,0,0.0,0.0,0,0,0,0,,,0.0,,,,,,,,,,,,,0.0506527239480384,,,,True,5c53c8de7144d1d0bc3a66b1ca4233b2c17811f726e977e1a5c90f103140b260,b68525952f58693461ac32d4658a8d611a594706,ff7cef817520140eef7f9dd8f7a1717bdbd44cc6626adea5ff5a1327ab31ad8d,ea14a3ef8f995b4a519047914132cbe81505aaebb375b1f0f6d1805624c32711,historical_preference_bank_only,5
standard,11,3,4,0.25,0.4992692609206388,0.5269331918988971,0.5269331918988971,0.5220877718429023,0.4661476587703801,not_reached,7,[],0,24,0.0,0,0,0.0,0.0,0,0,0,0,,,0.0,,,,,,,,,,,,,0.015598262321647433,,,,True,5c53c8de7144d1d0bc3a66b1ca4233b2c17811f726e977e1a5c90f103140b260,b68525952f58693461ac32d4658a8d611a594706,ff7cef817520140eef7f9dd8f7a1717bdbd44cc6626adea5ff5a1327ab31ad8d,ea14a3ef8f995b4a519047914132cbe81505aaebb375b1f0f6d1805624c32711,historical_preference_bank_only,6
standard,11,4,5,0.3125,0.20122776820059193,0.5269331918988971,0.5269331918988971,0.5220877718429023,0.4661476587703801,not_reached,7,[],0,24,0.0,0,0,0.0,0.0,0,0,0,0,,,0.0,,,,,,,,,,,,,0.014736383035230734,,,,True,5c53c8de7144d1d0bc3a66b1ca4233b2c17811f726e977e1a5c90f103140b260,b68525952f58693461ac32d4658a8d611a594706,ff7cef817520140eef7f9dd8f7a1717bdbd44cc6626adea5ff5a1327ab31ad8d,ea14a3ef8f995b4a519047914132cbe81505aaebb375b1f0f6d1805624c32711,historical_preference_bank_only,7
standard,11,5,6,0.375,0.020562048541142026,0.5269331918988971,0.5269331918988971,0.5220877718429023,0.4661476587703801,not_reached,7,[],0,24,0.0,0,0,0.0,0.0,0,0,0,0,,,0.0,,,,,,,,,,,,,0.007757998584748967,,,,True,5c53c8de7144d1d0bc3a66b1ca4233b2c17811f726e977e1a5c90f103140b260,b68525952f58693461ac32d4658a8d611a594706,ff7cef817520140eef7f9dd8f7a1717bdbd44cc6626adea5ff5a1327ab31ad8d,ea14a3ef8f995b4a519047914132cbe81505aaebb375b1f0f6d1805624c32711,historical_preference_bank_only,8
standard,11,6,15,0.9375,-0.015349331432358023,0.5269331918988971,0.5269331918988971,0.5220877718429023,0.4661476587703801,not_reached,7,[],0,24,0.0,0,0,0.0,0.0,0,0,0,0,,,0.0,,,,,,,,,,,,,0.0072828880968948025,,,,True,5c53c8de7144d1d0bc3a66b1ca4233b2c17811f726e977e1a5c90f103140b260,b68525952f58693461ac32d4658a8d611a594706,ff7cef817520140eef7f9dd8f7a1717bdbd44cc6626adea5ff5a1327ab31ad8d,ea14a3ef8f995b4a519047914132cbe81505aaebb375b1f0f6d1805624c32711,historical_preference_bank_only,9
full,11,1,13,0.8125,0.7123332699933747,0.2569797062719178,0.7123332699933747,0.69338852619193,0.2948469044213524,not_reached,2,"[0, 1, 2, 3, 4, 5, 6, 7, 8, 9, 10, 11, 12, 13, 14, 15, 16, 17, 18, 19, 20, 21, 22, 23]",24,24,1.0,24,144,1.0,1.0,1573032,1573032,0,65536,65401.55466320699,0.9979485269654387,0.05748720816336572,True,3,1.4166445794216997e-13,0.0012438765138528887,,,,,,,,,0.11278526484531985,0.0,,0.0,True,5c53c8de7144d1d0bc3a66b1ca4233b2c17811f726e977e1a5c90f103140b260,b68525952f58693461ac32d4658a8d611a594706,ff7cef817520140eef7f9dd8f7a1717bdbd44cc6626adea5ff5a1327ab31ad8d,ea14a3ef8f995b4a519047914132cbe81505aaebb375b1f0f6d1805624c32711,historical_preference_bank_only,4
full,11,2,12,0.75,0.9974987112096825,0.7123332699933747,0.9974987112096825,0.9882354306132825,0.0,reached,2,"[0, 1, 2, 3, 4, 5, 6, 7, 8, 9, 10, 11, 12, 13, 14, 15, 16, 17, 18, 19, 20, 21, 22, 23]",24,24,1.0,48,144,1.0,1.0,1573032,1573032,0,65536,65411.46492362171,0.9980997455386613,0.05711541697382927,True,3,2.1593837828959295e-13,0.0002336164442145166,,,,,,,,,0.006905555756808207,0.0,,0.0,True,5c53c8de7144d1d0bc3a66b1ca4233b2c17811f726e977e1a5c90f103140b260,b68525952f58693461ac32d4658a8d611a594706,ff7cef817520140eef7f9dd8f7a1717bdbd44cc6626adea5ff5a1327ab31ad8d,ea14a3ef8f995b4a519047914132cbe81505aaebb375b1f0f6d1805624c32711,historical_preference_bank_only,5
full,11,3,11,0.6875,0.5613962748535355,0.9974987112096825,0.9974987112096825,0.9882354306132825,0.0,reached,2,"[0, 1, 2, 3, 4, 5, 6, 7, 8, 9, 10, 11, 12, 13, 14, 15, 16, 17, 18, 19, 20, 21, 22, 23]",24,24,1.0,72,144,1.0,1.0,1573032,1573032,0,65536,65426.87676090646,0.9983349115128549,0.056371166836470366,True,3,5.514477763313153e-13,7.326962911860459e-05,,,,,,,,,0.0013033930746861814,0.0,,0.0,True,5c53c8de7144d1d0bc3a66b1ca4233b2c17811f726e977e1a5c90f103140b260,b68525952f58693461ac32d4658a8d611a594706,ff7cef817520140eef7f9dd8f7a1717bdbd44cc6626adea5ff5a1327ab31ad8d,ea14a3ef8f995b4a519047914132cbe81505aaebb375b1f0f6d1805624c32711,historical_preference_bank_only,6
full,11,4,10,0.625,0.13724019413569236,0.9974987112096825,0.9974987112096825,0.9882354306132825,0.0,reached,2,"[0, 1, 2, 3, 4, 5, 6, 7, 8, 9, 10, 11, 12, 13, 14, 15, 16, 17, 18, 19, 20, 21, 22, 23]",24,24,1.0,96,144,1.0,1.0,1573032,1573032,0,65536,65442.823385412914,0.9985782376924578,0.05440304218791425,True,3,4.840572387365683e-13,4.16655534719629e-05,,,,,,,,,0.0001901190597917801,0.0,,0.0,True,5c53c8de7144d1d0bc3a66b1ca4233b2c17811f726e977e1a5c90f103140b260,b68525952f58693461ac32d4658a8d611a594706,ff7cef817520140eef7f9dd8f7a1717bdbd44cc6626adea5ff5a1327ab31ad8d,ea14a3ef8f995b4a519047914132cbe81505aaebb375b1f0f6d1805624c32711,historical_preference_bank_only,7
full,11,5,4,0.25,0.4992692609206388,0.9974987112096825,0.9974987112096825,0.9882354306132825,0.0,reached,2,"[0, 1, 2, 3, 4, 5, 6, 7, 8, 9, 10, 11, 12, 13, 14, 15, 16, 17, 18, 19, 20, 21, 22, 23]",24,24,1.0,120,144,1.0,1.0,1573032,1573032,0,65536,65462.76461166842,0.9988825166575381,0.054823082871735096,True,3,3.532729664357248e-13,5.310481907423899e-05,,,,,,,,,0.0001019731322485794,0.0,,0.0,True,5c53c8de7144d1d0bc3a66b1ca4233b2c17811f726e977e1a5c90f103140b260,b68525952f58693461ac32d4658a8d611a594706,ff7cef817520140eef7f9dd8f7a1717bdbd44cc6626adea5ff5a1327ab31ad8d,ea14a3ef8f995b4a519047914132cbe81505aaebb375b1f0f6d1805624c32711,historical_preference_bank_only,8
full,11,6,0,0.0,0.021640637970482927,0.9974987112096825,0.9974987112096825,0.9882354306132825,0.0,reached,2,"[0, 1, 2, 3, 4, 5, 6, 7, 8, 9, 10, 11, 12, 13, 14, 15, 16, 17, 18, 19, 20, 21, 22, 23]",24,24,1.0,144,144,1.0,1.0,1573032,1573032,0,65536,65475.87279884878,0.999082531720715,0.05498183285817504,True,3,2.984279490192421e-13,6.212360485663613e-05,,,,,,,,,8.156638031879616e-05,0.0,,0.0,True,5c53c8de7144d1d0bc3a66b1ca4233b2c17811f726e977e1a5c90f103140b260,b68525952f58693461ac32d4658a8d611a594706,ff7cef817520140eef7f9dd8f7a1717bdbd44cc6626adea5ff5a1327ab31ad8d,ea14a3ef8f995b4a519047914132cbe81505aaebb375b1f0f6d1805624c32711,historical_preference_bank_only,9
adaptive,11,1,13,0.8125,0.7123332699933747,0.2569797062719178,0.7123332699933747,0.69338852619193,0.2948469044213524,not_reached,2,"[0, 1, 2, 3, 4, 5, 6, 7, 8, 9, 10, 11, 12, 13, 14, 15, 16, 17, 19, 20, 21, 22, 23]",23,24,0.9583333333333334,23,127,0.9583333333333334,0.8819444444444444,6096728,4523696,1573032,16384,16349.28198854283,0.9978809807460224,0.38370050163939595,True,3,1.539879335155092e-13,,65536,65398.57532700329,0.9979030659027601,0.06032700021751225,True,3,1.4166445794216997e-13,0.001618395251485348,0.1135668841278833,0.0,0.0,0.0,True,5c53c8de7144d1d0bc3a66b1ca4233b2c17811f726e977e1a5c90f103140b260,b68525952f58693461ac32d4658a8d611a594706,ff7cef817520140eef7f9dd8f7a1717bdbd44cc6626adea5ff5a1327ab31ad8d,ea14a3ef8f995b4a519047914132cbe81505aaebb375b1f0f6d1805624c32711,historical_preference_bank_only,4
adaptive,11,2,12,0.75,0.9974987112096825,0.7123332699933747,0.9974987112096825,0.9882354306132825,0.0,reached,2,"[0, 1, 2, 3, 4, 5, 7, 8, 9, 10, 11, 12, 13, 14, 15, 16, 17, 19, 20, 21, 22, 23]",22,24,0.9166666666666666,45,127,0.9375,0.8819444444444444,5719925,4146893,1573032,16384,16352.964186393208,0.9981057242671636,0.39263271167874336,True,3,3.735900477863652e-13,,65536,65413.488677168236,0.9981306255671423,0.06181770795956254,True,3,2.1593837828959295e-13,0.0006661755390010978,0.006804529001841133,0.0,0.0,0.0,True,5c53c8de7144d1d0bc3a66b1ca4233b2c17811f726e977e1a5c90f103140b260,b68525952f58693461ac32d4658a8d611a594706,ff7cef817520140eef7f9dd8f7a1717bdbd44cc6626adea5ff5a1327ab31ad8d,ea14a3ef8f995b4a519047914132cbe81505aaebb375b1f0f6d1805624c32711,historical_preference_bank_only,5
adaptive,11,3,11,0.6875,0.5613962748535355,0.9974987112096825,0.9974987112096825,0.9882354306132825,0.0,reached,2,"[0, 1, 2, 3, 4, 5, 7, 8, 9, 10, 11, 12, 13, 14, 15, 16, 17, 19, 20, 21, 22, 23]",22,24,0.9166666666666666,67,127,0.9305555555555556,0.8819444444444444,5719955,4146923,1573032,16384,16358.170795723916,0.998423510481196,0.36256712675094604,True,3,1.829647544582258e-13,,65536,65427.05694317804,0.9983376608761297,0.05624491604976356,True,3,5.514477763313153e-13,0.0002457527982517422,0.0011219652456464786,0.0,0.0,0.0,True,5c53c8de7144d1d0bc3a66b1ca4233b2c17811f726e977e1a5c90f103140b260,b68525952f58693461ac32d4658a8d611a594706,ff7cef817520140eef7f9dd8f7a1717bdbd44cc6626adea5ff5a1327ab31ad8d,ea14a3ef8f995b4a519047914132cbe81505aaebb375b1f0f6d1805624c32711,historical_preference_bank_only,6
adaptive,11,4,10,0.625,0.13724019413569236,0.9974987112096825,0.9974987112096825,0.9882354306132825,0.0,reached,2,"[0, 1, 2, 3, 4, 7, 8, 9, 10, 11, 12, 13, 14, 15, 16, 17, 19, 20, 21, 22, 23]",21,24,0.875,88,127,0.9166666666666666,0.8819444444444444,5359159,3786127,1573032,16384,16361.365761549972,0.9986185157196028,0.3339932099916041,True,3,4.2349457274326596e-13,,65536,65447.94442607039,0.9986563785716307,0.05436225002631545,True,3,4.840572387365683e-13,3.799385789361875e-05,0.00022513620872870773,0.00015298403863187314,0.00016236311011483327,0.0,True,5c53c8de7144d1d0bc3a66b1ca4233b2c17811f726e977e1a5c90f103140b260,b68525952f58693461ac32d4658a8d611a594706,ff7cef817520140eef7f9dd8f7a1717bdbd44cc6626adea5ff5a1327ab31ad8d,ea14a3ef8f995b4a519047914132cbe81505aaebb375b1f0f6d1805624c32711,historical_preference_bank_only,7
adaptive,11,5,4,0.25,0.4992692609206388,0.9974987112096825,0.9974987112096825,0.9882354306132825,0.0,reached,2,"[0, 1, 2, 3, 4, 7, 8, 9, 10, 11, 12, 14, 15, 16, 17, 19, 20, 21, 22, 23]",20,24,0.8333333333333334,108,127,0.9,0.8819444444444444,5015052,3442020,1573032,16384,16364.063292902567,0.9987831599671977,0.3478212486952543,True,3,5.218603327250548e-13,,65536,65463.56762391859,0.9988947696520781,0.0553850419819355,True,3,3.532729664357248e-13,8.034979377181039e-05,7.836430572205277e-05,0.00021325788694752604,5.171208218151947e-05,0.0,True,5c53c8de7144d1d0bc3a66b1ca4233b2c17811f726e977e1a5c90f103140b260,b68525952f58693461ac32d4658a8d611a594706,ff7cef817520140eef7f9dd8f7a1717bdbd44cc6626adea5ff5a1327ab31ad8d,ea14a3ef8f995b4a519047914132cbe81505aaebb375b1f0f6d1805624c32711,historical_preference_bank_only,8
adaptive,11,6,3,0.1875,0.5269331918988971,0.9974987112096825,0.9974987112096825,0.9882354306132825,0.0,reached,2,"[0, 1, 2, 3, 4, 7, 8, 9, 10, 11, 12, 14, 15, 16, 17, 19, 21, 22, 23]",19,24,0.7916666666666666,127,127,0.8819444444444444,0.8819444444444444,4687302,3114270,1573032,16384,16368.513626857877,0.9990547867955247,0.3214655395131558,True,3,3.790856517582597e-13,,65536,65474.16755365025,0.9990565117439308,0.057780916104093194,True,3,2.984279490192421e-13,5.165849910263883e-05,9.411194707126299e-05,0.0002831811826775773,5.972756195994738e-05,4.207573956004229e-05,True,5c53c8de7144d1d0bc3a66b1ca4233b2c17811f726e977e1a5c90f103140b260,b68525952f58693461ac32d4658a8d611a594706,ff7cef817520140eef7f9dd8f7a1717bdbd44cc6626adea5ff5a1327ab31ad8d,ea14a3ef8f995b4a519047914132cbe81505aaebb375b1f0f6d1805624c32711,historical_preference_bank_only,9
