component,count,cumulative_explained_squared_fraction,entropy_effective_rank,explained_squared_fraction,rank90,rank95,rank99,seed,singular_value,space,stable_rank
1,16,0.2705096160890811,15.388408244222216,0.2705096160890811,20,34,83,0,376.5965289273285,acquisition,3.696726254902124
2,16,0.4652262165560116,15.388408244222216,0.19471660046693054,20,34,83,0,319.511466188001,acquisition,3.696726254902124
3,16,0.580707306038171,15.388408244222216,0.11548108948215943,20,34,83,0,246.05964610724453,acquisition,3.696726254902124
4,16,0.6491929577460765,15.388408244222216,0.06848565170790555,20,34,83,0,189.48932783308507,acquisition,3.696726254902124
5,16,0.6952556481195399,15.388408244222216,0.046062690373463354,20,34,83,0,155.4030752930017,acquisition,3.696726254902124
6,16,0.7292724144970534,15.388408244222216,0.034016766377513497,20,34,83,0,133.54618081597766,acquisition,3.696726254902124
7,16,0.7575707350583752,15.388408244222216,0.028298320561321883,20,34,83,0,121.80504870675243,acquisition,3.696726254902124
8,16,0.7811476267827716,15.388408244222216,0.02357689172439641,20,34,83,0,111.18040028890141,acquisition,3.696726254902124
9,16,0.8013999566116833,15.388408244222216,0.020252329828911685,20,34,83,0,103.04393966333222,acquisition,3.696726254902124
10,16,0.816233438449632,15.388408244222216,0.014833481837948784,20,34,83,0,88.18739437047958,acquisition,3.696726254902124
11,16,0.8300583917815636,15.388408244222216,0.013824953331931612,20,34,83,0,85.13669674407014,acquisition,3.696726254902124
12,16,0.8435843130755075,15.388408244222216,0.01352592129394388,20,34,83,0,84.21091510819278,acquisition,3.696726254902124
13,16,0.8544808972660789,15.388408244222216,0.010896584190571407,20,34,83,0,75.58404813256764,acquisition,3.696726254902124
14,16,0.8639512561281353,15.388408244222216,0.009470358862056357,20,34,83,0,70.46414341400741,acquisition,3.696726254902124
15,16,0.8731614228242306,15.388408244222216,0.00921016669609531,20,34,83,0,69.48942276895397,acquisition,3.696726254902124
16,16,0.8810935554589877,15.388408244222216,0.007932132634757092,20,34,83,0,64.48815360057634,acquisition,3.696726254902124
17,16,0.888434815719073,15.388408244222216,0.007341260260085312,20,34,83,0,62.039782875503434,acquisition,3.696726254902124
18,16,0.8943409471073296,15.388408244222216,0.005906131388256578,20,34,83,0,55.646327940720994,acquisition,3.696726254902124
19,16,0.8998975202767572,15.388408244222216,0.00555657316942764,20,34,83,0,53.97448132083234,acquisition,3.696726254902124
20,16,0.9053349532787144,15.388408244222216,0.005437433001957208,20,34,83,0,53.39270431182655,acquisition,3.696726254902124
21,16,0.9103530095134591,15.388408244222216,0.0050180562347447374,20,34,83,0,51.292364609187686,acquisition,3.696726254902124
22,16,0.9146437751235353,15.388408244222216,0.004290765610076188,20,34,83,0,47.42991587780464,acquisition,3.696726254902124
23,16,0.9187098456950233,15.388408244222216,0.00406607057148801,20,34,83,0,46.17133318179481,acquisition,3.696726254902124
24,16,0.9224356911550012,15.388408244222216,0.0037258454599779136,20,34,83,0,44.19746672062666,acquisition,3.696726254902124
25,16,0.925976808703721,15.388408244222216,0.0035411175487197436,20,34,83,0,43.08788040021437,acquisition,3.696726254902124
26,16,0.929476091065631,15.388408244222216,0.0034992823619100343,20,34,83,0,42.832601496536356,acquisition,3.696726254902124
27,16,0.9327378840153254,15.388408244222216,0.003261792949694422,20,34,83,0,41.3535839076783,acquisition,3.696726254902124
28,16,0.9355787704981035,15.388408244222216,0.0028408864827780076,20,34,83,0,38.593298541103174,acquisition,3.696726254902124
29,16,0.9383632361471924,15.388408244222216,0.002784465649088971,20,34,83,0,38.20813952850307,acquisition,3.696726254902124
30,16,0.9409506340700087,15.388408244222216,0.0025873979228162045,20,34,83,0,36.8312595787527,acquisition,3.696726254902124
31,16,0.9434076489541291,15.388408244222216,0.0024570148841203954,20,34,83,0,35.891272192076364,acquisition,3.696726254902124
32,16,0.945793677359952,15.388408244222216,0.002386028405822863,20,34,83,0,35.368998583958486,acquisition,3.696726254902124
33,16,0.9480141519639805,15.388408244222216,0.00222047460402853,20,34,83,0,34.119908985765335,acquisition,3.696726254902124
34,16,0.9500877897443882,15.388408244222216,0.002073637780407736,20,34,83,0,32.97246433942133,acquisition,3.696726254902124
35,16,0.9520739927592521,15.388408244222216,0.001986203014863888,20,34,83,0,32.2698374067326,acquisition,3.696726254902124
36,16,0.9539374476476411,15.388408244222216,0.0018634548883890525,20,34,83,0,31.256791846312694,acquisition,3.696726254902124
37,16,0.9556616819881889,15.388408244222216,0.0017242343405478157,20,34,83,0,30.06651582636627,acquisition,3.696726254902124
38,16,0.9573644916087671,15.388408244222216,0.0017028096205782299,20,34,83,0,29.879134029514965,acquisition,3.696726254902124
39,16,0.9589095209245657,15.388408244222216,0.0015450293157985848,20,34,83,0,28.46120745719353,acquisition,3.696726254902124
40,16,0.9603973416808066,15.388408244222216,0.001487820756240866,20,34,83,0,27.929313787632008,acquisition,3.696726254902124
41,16,0.9618394848681165,15.388408244222216,0.0014421431873099663,20,34,83,0,27.497242905214474,acquisition,3.696726254902124
42,16,0.9632796298455888,15.388408244222216,0.0014401449774722474,20,34,83,0,27.47818643850008,acquisition,3.696726254902124
43,16,0.9645841574631109,15.388408244222216,0.0013045276175220543,20,34,83,0,26.15240286351147,acquisition,3.696726254902124
44,16,0.9658699523475575,15.388408244222216,0.0012857948844465542,20,34,83,0,25.963952479865526,acquisition,3.696726254902124
45,16,0.9670639701929049,15.388408244222216,0.0011940178453474731,20,34,83,0,25.020176420272023,acquisition,3.696726254902124
46,16,0.968233170794301,15.388408244222216,0.001169200601396104,20,34,83,0,24.7587932845032,acquisition,3.696726254902124
47,16,0.9693071341374617,15.388408244222216,0.0010739633431607286,20,34,83,0,23.72901374391806,acquisition,3.696726254902124
48,16,0.970337321451132,15.388408244222216,0.0010301873136703546,20,34,83,0,23.24037104500707,acquisition,3.696726254902124
49,16,0.9713363704103177,15.388408244222216,0.0009990489591856317,20,34,83,0,22.886445349016448,acquisition,3.696726254902124
50,16,0.9723209488610692,15.388408244222216,0.0009845784507515548,20,34,83,0,22.720093899181652,acquisition,3.696726254902124
51,16,0.9732142147050554,15.388408244222216,0.0008932658439862347,20,34,83,0,21.640900231086857,acquisition,3.696726254902124
52,16,0.9740788026311483,15.388408244222216,0.0008645879260929461,20,34,83,0,21.290680463419168,acquisition,3.696726254902124
53,16,0.974923860973385,15.388408244222216,0.0008450583422367144,20,34,83,0,21.048846717447553,acquisition,3.696726254902124
54,16,0.9757282811815123,15.388408244222216,0.0008044202081273108,20,34,83,0,20.536500726235023,acquisition,3.696726254902124
55,16,0.9764954383627188,15.388408244222216,0.0007671571812064914,20,34,83,0,20.055206411812097,acquisition,3.696726254902124
56,16,0.9772266857061038,15.388408244222216,0.0007312473433849994,20,34,83,0,19.580199364884788,acquisition,3.696726254902124
57,16,0.9779562930583139,15.388408244222216,0.0007296073522100049,20,34,83,0,19.558230479148136,acquisition,3.696726254902124
58,16,0.978654882428933,15.388408244222216,0.0006985893706190529,20,34,83,0,19.137973349942833,acquisition,3.696726254902124
59,16,0.979310636767077,15.388408244222216,0.0006557543381439953,20,34,83,0,18.541955949598172,acquisition,3.696726254902124
60,16,0.9799548141250373,15.388408244222216,0.0006441773579603456,20,34,83,0,18.377553119235262,acquisition,3.696726254902124
61,16,0.9805629614936628,15.388408244222216,0.0006081473686255983,20,34,83,0,17.856213697253338,acquisition,3.696726254902124
62,16,0.9811580098976929,15.388408244222216,0.0005950484040300577,20,34,83,0,17.662863234824385,acquisition,3.696726254902124
63,16,0.9817305488749316,15.388408244222216,0.0005725389772387315,20,34,83,0,17.325568253264887,acquisition,3.696726254902124
64,16,0.9822986474710781,15.388408244222216,0.0005680985961464343,20,34,83,0,17.258252425330376,acquisition,3.696726254902124
65,16,0.9828548062116264,15.388408244222216,0.000556158740548227,20,34,83,0,17.07592907471066,acquisition,3.696726254902124
66,16,0.983383395219243,15.388408244222216,0.000528589007616653,20,34,83,0,16.64730829970178,acquisition,3.696726254902124
67,16,0.983890778559783,15.388408244222216,0.0005073833405399832,20,34,83,0,16.309966181602793,acquisition,3.696726254902124
68,16,0.9843956903957879,15.388408244222216,0.0005049118360049258,20,34,83,0,16.270194119166206,acquisition,3.696726254902124
69,16,0.9848823731817485,15.388408244222216,0.00048668278596059354,20,34,83,0,15.973789296397637,acquisition,3.696726254902124
70,16,0.9853526372748315,15.388408244222216,0.00047026409308288745,20,34,83,0,15.702032379097966,acquisition,3.696726254902124
71,16,0.985807299726958,15.388408244222216,0.0004546624521265632,20,34,83,0,15.439367464392173,acquisition,3.696726254902124
72,16,0.9862408841964022,15.388408244222216,0.00043358446944416425,20,34,83,0,15.07723894869157,acquisition,3.696726254902124
73,16,0.9866623066599284,15.388408244222216,0.0004214224635261404,20,34,83,0,14.864277330472314,acquisition,3.696726254902124
74,16,0.9870612679641586,15.388408244222216,0.0003989613042302171,20,34,83,0,14.462732254738457,acquisition,3.696726254902124
75,16,0.9874496744655461,15.388408244222216,0.0003884065013874616,20,34,83,0,14.270139025231307,acquisition,3.696726254902124
76,16,0.9878172816435519,15.388408244222216,0.0003676071780057451,20,34,83,0,13.882796265244123,acquisition,3.696726254902124
77,16,0.9881709547315146,15.388408244222216,0.0003536730879627104,20,34,83,0,13.617141988750559,acquisition,3.696726254902124
78,16,0.9885103764244588,15.388408244222216,0.00033942169294423705,20,34,83,0,13.339967037078772,acquisition,3.696726254902124
79,16,0.9888413524643475,15.388408244222216,0.00033097603988865507,20,34,83,0,13.172955856645965,acquisition,3.696726254902124
80,16,0.9891552543230199,15.388408244222216,0.0003139018586724399,20,34,83,0,12.828677939665342,acquisition,3.696726254902124
81,16,0.9894657574531608,15.388408244222216,0.0003105031301409115,20,34,83,0,12.759038564692805,acquisition,3.696726254902124
82,16,0.9897559147079007,15.388408244222216,0.00029015725473989073,20,34,83,0,12.333935575195285,acquisition,3.696726254902124
83,16,0.9900326297190439,15.388408244222216,0.00027671501114326797,20,34,83,0,12.044847851354607,acquisition,3.696726254902124
84,16,0.9903052676112682,15.388408244222216,0.0002726378922243401,20,34,83,0,11.955784174972164,acquisition,3.696726254902124
85,16,0.9905717143381908,15.388408244222216,0.0002664467269225795,20,34,83,0,11.819256387979127,acquisition,3.696726254902124
86,16,0.9908207919352093,15.388408244222216,0.000249077597018559,20,34,83,0,11.427527956022084,acquisition,3.696726254902124
87,16,0.9910661833925689,15.388408244222216,0.0002453914573595609,20,34,83,0,11.342653851552091,acquisition,3.696726254902124
88,16,0.9913102066143222,15.388408244222216,0.00024402322175326723,20,34,83,0,11.310987882876411,acquisition,3.696726254902124
89,16,0.9915470282101124,15.388408244222216,0.00023682159579017594,20,34,83,0,11.142832710475366,acquisition,3.696726254902124
90,16,0.9917765108084702,15.388408244222216,0.000229482598357724,20,34,83,0,10.96881819193729,acquisition,3.696726254902124
91,16,0.992003487194894,15.388408244222216,0.0002269763864237244,20,34,83,0,10.908757751702145,acquisition,3.696726254902124
92,16,0.9922217958747721,15.388408244222216,0.00021830867987815135,20,34,83,0,10.698440127231457,acquisition,3.696726254902124
93,16,0.9924262467654847,15.388408244222216,0.00020445089071268092,20,34,83,0,10.353315825858404,acquisition,3.696726254902124
94,16,0.9926253185231895,15.388408244222216,0.00019907175770472984,20,34,83,0,10.216209360790206,acquisition,3.696726254902124
95,16,0.9928215767177072,15.388408244222216,0.00019625819451779216,20,34,83,0,10.143757503378334,acquisition,3.696726254902124
96,16,0.9930123579727163,15.388408244222216,0.00019078125500902166,20,34,83,0,10.001216057368723,acquisition,3.696726254902124
97,16,0.9931945229477954,15.388408244222216,0.00018216497507921834,20,34,83,0,9.772763706052308,acquisition,3.696726254902124
98,16,0.9933714217056729,15.388408244222216,0.0001768987578775112,20,34,83,0,9.630467069155296,acquisition,3.696726254902124
99,16,0.9935460073318645,15.388408244222216,0.0001745856261915421,20,34,83,0,9.567295792684119,acquisition,3.696726254902124
100,16,0.993715435343496,15.388408244222216,0.00016942801163160305,20,34,83,0,9.424917684643718,acquisition,3.696726254902124
101,16,0.9938764279862745,15.388408244222216,0.0001609926427784849,20,34,83,0,9.187301600418172,acquisition,3.696726254902124
102,16,0.9940351843031779,15.388408244222216,0.00015875631690339084,20,34,83,0,9.123268705713155,acquisition,3.696726254902124
103,16,0.994190674050644,15.388408244222216,0.0001554897474660925,20,34,83,0,9.028920684085264,acquisition,3.696726254902124
104,16,0.9943426206837467,15.388408244222216,0.000151946633102662,20,34,83,0,8.92545776843566,acquisition,3.696726254902124
105,16,0.9944889063504837,15.388408244222216,0.0001462856667370156,20,34,83,0,8.75761495169869,acquisition,3.696726254902124
106,16,0.9946303155004605,15.388408244222216,0.00014140914997679035,20,34,83,0,8.610407680419753,acquisition,3.696726254902124
107,16,0.994767827187791,15.388408244222216,0.00013751168733050048,20,34,83,0,8.49092029918627,acquisition,3.696726254902124
108,16,0.9949036176465678,15.388408244222216,0.00013579045877672318,20,34,83,0,8.437612698573611,acquisition,3.696726254902124
109,16,0.9950382174682788,15.388408244222216,0.00013459982171105342,20,34,83,0,8.400539942482554,acquisition,3.696726254902124
110,16,0.9951716137872756,15.388408244222216,0.00013339631899681755,20,34,83,0,8.362899574561654,acquisition,3.696726254902124
111,16,0.9953008708214037,15.388408244222216,0.00012925703412809873,20,34,83,0,8.232126815650536,acquisition,3.696726254902124
112,16,0.9954291298536184,15.388408244222216,0.000128259032214642,20,34,83,0,8.200284841500949,acquisition,3.696726254902124
113,16,0.9955481774443655,15.388408244222216,0.0001190475907471523,20,34,83,0,7.900330579010159,acquisition,3.696726254902124
114,16,0.9956634214603532,15.388408244222216,0.00011524401598767021,20,34,83,0,7.773098137431667,acquisition,3.696726254902124
115,16,0.9957763759660528,15.388408244222216,0.000112954505699577,20,34,83,0,7.6954981569889185,acquisition,3.696726254902124
116,16,0.9958873526591888,15.388408244222216,0.00011097669313600912,20,34,83,0,7.627827245742523,acquisition,3.696726254902124
117,16,0.9959957432072122,15.388408244222216,0.00010839054802336662,20,34,83,0,7.538425806630642,acquisition,3.696726254902124
118,16,0.9961037923335497,15.388408244222216,0.00010804912633751628,20,34,83,0,7.526543718682816,acquisition,3.696726254902124
119,16,0.9962080324894502,15.388408244222216,0.00010424015590052225,20,34,83,0,7.3926898255488185,acquisition,3.696726254902124
120,16,0.9963097438299988,15.388408244222216,0.0001017113405485824,20,34,83,0,7.302467755049329,acquisition,3.696726254902124
121,16,0.9964102095031716,15.388408244222216,0.000100465673172814,20,34,83,0,7.257613027464906,acquisition,3.696726254902124
122,16,0.99650811350551,15.388408244222216,9.790400233843766e-05,20,34,83,0,7.164488368195933,acquisition,3.696726254902124
123,16,0.9966031669668707,15.388408244222216,9.505346136068274e-05,20,34,83,0,7.059418471083128,acquisition,3.696726254902124
124,16,0.9966975248942411,15.388408244222216,9.435792737039348e-05,20,34,83,0,7.033543134521098,acquisition,3.696726254902124
125,16,0.9967893948197026,15.388408244222216,9.1869925461455e-05,20,34,83,0,6.940194484330776,acquisition,3.696726254902124
126,16,0.9968793059246721,15.388408244222216,8.99111049695102e-05,20,34,83,0,6.865807556453543,acquisition,3.696726254902124
127,16,0.9969667769536938,15.388408244222216,8.747102902174786e-05,20,34,83,0,6.772001983442869,acquisition,3.696726254902124
128,16,0.9970503514541914,15.388408244222216,8.357450049750833e-05,20,34,83,0,6.619449200412196,acquisition,3.696726254902124
129,16,0.9971325179129044,15.388408244222216,8.216645871293222e-05,20,34,83,0,6.5634509448677845,acquisition,3.696726254902124
130,16,0.9972115995772642,15.388408244222216,7.908166435984379e-05,20,34,83,0,6.4390657430945515,acquisition,3.696726254902124
131,16,0.9972904076061154,15.388408244222216,7.880802885118822e-05,20,34,83,0,6.427915978785953,acquisition,3.696726254902124
132,16,0.99736643093366,15.388408244222216,7.602332754455013e-05,20,34,83,0,6.313328626935011,acquisition,3.696726254902124
133,16,0.9974394251502646,15.388408244222216,7.299421660467861e-05,20,34,83,0,6.186274471378856,acquisition,3.696726254902124
134,16,0.9975119090359313,15.388408244222216,7.248388566670548e-05,20,34,83,0,6.16461121632384,acquisition,3.696726254902124
135,16,0.9975826384978173,15.388408244222216,7.072946188593211e-05,20,34,83,0,6.0895490894853275,acquisition,3.696726254902124
136,16,0.997651429291526,15.388408244222216,6.879079370873881e-05,20,34,83,0,6.0055131048035575,acquisition,3.696726254902124
137,16,0.9977184043479028,15.388408244222216,6.697505637683857e-05,20,34,83,0,5.925725133492098,acquisition,3.696726254902124
138,16,0.997783383999379,15.388408244222216,6.497965147618156e-05,20,34,83,0,5.836784346979447,acquisition,3.696726254902124
139,16,0.9978469698567457,15.388408244222216,6.358585736665629e-05,20,34,83,0,5.773846377160506,acquisition,3.696726254902124
140,16,0.9979099121446097,15.388408244222216,6.294228786397862e-05,20,34,83,0,5.744552743219408,acquisition,3.696726254902124
141,16,0.9979700781068991,15.388408244222216,6.0165962289410825e-05,20,34,83,0,5.616430542327629,acquisition,3.696726254902124
142,16,0.9980292133261216,15.388408244222216,5.913521922252292e-05,20,34,83,0,5.568113308450009,acquisition,3.696726254902124
143,16,0.9980870733869722,15.388408244222216,5.786006085066728e-05,20,34,83,0,5.5077523168053455,acquisition,3.696726254902124
144,16,0.9981417216133461,15.388408244222216,5.4648226373871155e-05,20,34,83,0,5.352701122714042,acquisition,3.696726254902124
145,16,0.9981956064749757,15.388408244222216,5.3884861629567284e-05,20,34,83,0,5.315184506114776,acquisition,3.696726254902124
146,16,0.9982469160595481,15.388408244222216,5.1309584572321315e-05,20,34,83,0,5.1866173443057475,acquisition,3.696726254902124
147,16,0.9982979682765925,15.388408244222216,5.105221704439651e-05,20,34,83,0,5.173593023206654,acquisition,3.696726254902124
148,16,0.9983477238033683,15.388408244222216,4.975552677594001e-05,20,34,83,0,5.107467633015802,acquisition,3.696726254902124
149,16,0.9983952617660659,15.388408244222216,4.7537962697514746e-05,20,34,83,0,4.992352490234901,acquisition,3.696726254902124
150,16,0.9984423126243832,15.388408244222216,4.7050858317377274e-05,20,34,83,0,4.966709212899533,acquisition,3.696726254902124
151,16,0.998487242147242,15.388408244222216,4.492952285885881e-05,20,34,83,0,4.853453376784964,acquisition,3.696726254902124
152,16,0.9985314621620703,15.388408244222216,4.422001482827388e-05,20,34,83,0,4.814979037782622,acquisition,3.696726254902124
153,16,0.9985754720707829,15.388408244222216,4.400990871258698e-05,20,34,83,0,4.803526519038362,acquisition,3.696726254902124
154,16,0.998618664291488,15.388408244222216,4.3192220705144416e-05,20,34,83,0,4.758693414064281,acquisition,3.696726254902124
155,16,0.9986596983658859,15.388408244222216,4.1034074397804656e-05,20,34,83,0,4.638283389129669,acquisition,3.696726254902124
156,16,0.998700307795636,15.388408244222216,4.0609429750173954e-05,20,34,83,0,4.614221137403279,acquisition,3.696726254902124
157,16,0.9987396255843947,15.388408244222216,3.931778875861253e-05,20,34,83,0,4.54024722153711,acquisition,3.696726254902124
158,16,0.9987773074339921,15.388408244222216,3.768184959744757e-05,20,34,83,0,4.444788134629883,acquisition,3.696726254902124
159,16,0.9988146556558093,15.388408244222216,3.7348221817249283e-05,20,34,83,0,4.42506774186814,acquisition,3.696726254902124
160,16,0.9988510937861336,15.388408244222216,3.643813032428698e-05,20,34,83,0,4.370820800657444,acquisition,3.696726254902124
161,16,0.99888604618721,15.388408244222216,3.495240107645319e-05,20,34,83,0,4.280785495159912,acquisition,3.696726254902124
162,16,0.9989198780747603,15.388408244222216,3.383188755038639e-05,20,34,83,0,4.211609272002447,acquisition,3.696726254902124
163,16,0.9989526361787503,15.388408244222216,3.275810398994025e-05,20,34,83,0,4.144234648843836,acquisition,3.696726254902124
164,16,0.9989842211107811,15.388408244222216,3.1584932030854595e-05,20,34,83,0,4.069348946034574,acquisition,3.696726254902124
165,16,0.9990155038313163,15.388408244222216,3.128272053516657e-05,20,34,83,0,4.049833945230522,acquisition,3.696726254902124
166,16,0.9990453559889513,15.388408244222216,2.985215763491814e-05,20,34,83,0,3.956150657153487,acquisition,3.696726254902124
167,16,0.999074997791465,15.388408244222216,2.9641802513730968e-05,20,34,83,0,3.942187382192656,acquisition,3.696726254902124
168,16,0.999103749074999,15.388408244222216,2.8751283533935716e-05,20,34,83,0,3.8825188913178637,acquisition,3.696726254902124
169,16,0.9991320719551038,15.388408244222216,2.8322880104738478e-05,20,34,83,0,3.8534849376055864,acquisition,3.696726254902124
170,16,0.9991598020899475,15.388408244222216,2.7730134843706432e-05,20,34,83,0,3.8129485882892733,acquisition,3.696726254902124
171,16,0.9991869085478051,15.388408244222216,2.7106457857599122e-05,20,34,83,0,3.76982633250458,acquisition,3.696726254902124
172,16,0.9992129787463855,15.388408244222216,2.607019858039824e-05,20,34,83,0,3.6970653596223904,acquisition,3.696726254902124
173,16,0.9992383695913382,15.388408244222216,2.5390844952723822e-05,20,34,83,0,3.6485771635767374,acquisition,3.696726254902124
174,16,0.9992629899067501,15.388408244222216,2.4620315411912335e-05,20,34,83,0,3.592789435338606,acquisition,3.696726254902124
175,16,0.9992871221250175,15.388408244222216,2.413221826738532e-05,20,34,83,0,3.5569976737370688,acquisition,3.696726254902124
176,16,0.9993109547608038,15.388408244222216,2.3832635786295432e-05,20,34,83,0,3.5348500606284934,acquisition,3.696726254902124
177,16,0.9993337615670111,15.388408244222216,2.280680620735038e-05,20,34,83,0,3.45793794230598,acquisition,3.696726254902124
178,16,0.9993555616172718,15.388408244222216,2.180005026066351e-05,20,34,83,0,3.380755056353943,acquisition,3.696726254902124
179,16,0.9993766676585331,15.388408244222216,2.1106041261260157e-05,20,34,83,0,3.32650629952561,acquisition,3.696726254902124
180,16,0.9993971913501402,15.388408244222216,2.0523691607059985e-05,20,34,83,0,3.280293466335332,acquisition,3.696726254902124
181,16,0.9994174331234494,15.388408244222216,2.024177330924404e-05,20,34,83,0,3.2576861182067467,acquisition,3.696726254902124
182,16,0.9994373956168795,15.388408244222216,1.9962493430042773e-05,20,34,83,0,3.2351345807323484,acquisition,3.696726254902124
183,16,0.9994566702967925,15.388408244222216,1.9274679913082763e-05,20,34,83,0,3.178912295466853,acquisition,3.696726254902124
184,16,0.9994753727318682,15.388408244222216,1.8702435075647694e-05,20,34,83,0,3.13136747778685,acquisition,3.696726254902124
185,16,0.9994937372972678,15.388408244222216,1.8364565399575668e-05,20,34,83,0,3.1029536355241807,acquisition,3.696726254902124
186,16,0.9995117850764625,15.388408244222216,1.8047779194822907e-05,20,34,83,0,3.0760744559414217,acquisition,3.696726254902124
187,16,0.9995287676278731,15.388408244222216,1.6982551410559595e-05,20,34,83,0,2.98391486372173,acquisition,3.696726254902124
188,16,0.9995455475920192,15.388408244222216,1.6779964146019342e-05,20,34,83,0,2.966063694897362,acquisition,3.696726254902124
189,16,0.9995622373511384,15.388408244222216,1.6689759119133126e-05,20,34,83,0,2.9580805311979033,acquisition,3.696726254902124
190,16,0.9995781574037005,15.388408244222216,1.5920052562146737e-05,20,34,83,0,2.88906429795233,acquisition,3.696726254902124
191,16,0.999593858672678,15.388408244222216,1.5701268977487226e-05,20,34,83,0,2.869143933243647,acquisition,3.696726254902124
192,16,0.9996086455006536,15.388408244222216,1.478682797559106e-05,20,34,83,0,2.7843412983444913,acquisition,3.696726254902124
193,16,0.9996230699266491,15.388408244222216,1.4424425995472719e-05,20,34,83,0,2.750009719312716,acquisition,3.696726254902124
194,16,0.9996373124288975,15.388408244222216,1.4242502248435694e-05,20,34,83,0,2.732612855643451,acquisition,3.696726254902124
195,16,0.9996514200578832,15.388408244222216,1.4107628985660967e-05,20,34,83,0,2.7196434666393716,acquisition,3.696726254902124
196,16,0.9996651082557102,15.388408244222216,1.3688197827034697e-05,20,34,83,0,2.6789098272133702,acquisition,3.696726254902124
197,16,0.99967864642519,15.388408244222216,1.3538169479839945e-05,20,34,83,0,2.6641883942856457,acquisition,3.696726254902124
198,16,0.9996918646191183,15.388408244222216,1.3218193928285415e-05,20,34,83,0,2.632515993925375,acquisition,3.696726254902124
199,16,0.9997045622584803,15.388408244222216,1.2697639361904746e-05,20,34,83,0,2.5801588993266127,acquisition,3.696726254902124
200,16,0.999716412420919,15.388408244222216,1.1850162438809716e-05,20,34,83,0,2.492568547646919,acquisition,3.696726254902124
201,16,0.9997279372648248,15.388408244222216,1.152484390571809e-05,20,34,83,0,2.458116628974534,acquisition,3.696726254902124
202,16,0.9997390596183442,15.388408244222216,1.1122353519370637e-05,20,34,83,0,2.414811893701825,acquisition,3.696726254902124
203,16,0.9997501081033086,15.388408244222216,1.1048484964310404e-05,20,34,83,0,2.4067796087237348,acquisition,3.696726254902124
204,16,0.9997606481504763,15.388408244222216,1.0540047167715369e-05,20,34,83,0,2.3507488699278696,acquisition,3.696726254902124
205,16,0.9997707917103716,15.388408244222216,1.0143559895425124e-05,20,34,83,0,2.306110736814832,acquisition,3.696726254902124
206,16,0.99978081863488,15.388408244222216,1.0026924508398778e-05,20,34,83,0,2.292814034469298,acquisition,3.696726254902124
207,16,0.9997905581399065,15.388408244222216,9.739505026449372e-06,20,34,83,0,2.2597136126746435,acquisition,3.696726254902124
208,16,0.999800198576136,15.388408244222216,9.640436229541474e-06,20,34,83,0,2.248191502055339,acquisition,3.696726254902124
209,16,0.9998096336062294,15.388408244222216,9.43503009337581e-06,20,34,83,0,2.224111745752856,acquisition,3.696726254902124
210,16,0.9998188211085494,15.388408244222216,9.187502319901649e-06,20,34,83,0,2.1947430866269055,acquisition,3.696726254902124
211,16,0.9998275489480098,15.388408244222216,8.727839460453859e-06,20,34,83,0,2.139135688787047,acquisition,3.696726254902124
212,16,0.9998359113465619,15.388408244222216,8.362398552105658e-06,20,34,83,0,2.093873255974767,acquisition,3.696726254902124
213,16,0.9998439928455435,15.388408244222216,8.081498981521669e-06,20,34,83,0,2.05840543577402,acquisition,3.696726254902124
214,16,0.9998519800600935,15.388408244222216,7.987214549920795e-06,20,34,83,0,2.0463628079959024,acquisition,3.696726254902124
215,16,0.9998596387518383,15.388408244222216,7.658691744760353e-06,20,34,83,0,2.003836364945231,acquisition,3.696726254902124
216,16,0.999867062567287,15.388408244222216,7.4238154487569714e-06,20,34,83,0,1.9728703338024767,acquisition,3.696726254902124
217,16,0.9998741241371337,15.388408244222216,7.06156984678394e-06,20,34,83,0,1.924135216618276,acquisition,3.696726254902124
218,16,0.9998810372729097,15.388408244222216,6.913135775951673e-06,20,34,83,0,1.9038051711512267,acquisition,3.696726254902124
219,16,0.9998876452046113,15.388408244222216,6.607931701643174e-06,20,34,83,0,1.8613058039965107,acquisition,3.696726254902124
220,16,0.9998939632579698,15.388408244222216,6.3180533585388494e-06,20,34,83,0,1.8200218568032684,acquisition,3.696726254902124
221,16,0.9999002213073815,15.388408244222216,6.258049411747505e-06,20,34,83,0,1.8113586640934138,acquisition,3.696726254902124
222,16,0.9999061499415123,15.388408244222216,5.92863413073479e-06,20,34,83,0,1.7630404791537495,acquisition,3.696726254902124
223,16,0.999911802265312,15.388408244222216,5.652323799645729e-06,20,34,83,0,1.72146610198071,acquisition,3.696726254902124
224,16,0.9999173334893058,15.388408244222216,5.5312239938496916e-06,20,34,83,0,1.702925237726973,acquisition,3.696726254902124
225,16,0.9999225013024927,15.388408244222216,5.167813186901077e-06,20,34,83,0,1.6460323326514557,acquisition,3.696726254902124
226,16,0.9999275474495427,15.388408244222216,5.0461470500203e-06,20,34,83,0,1.6265406064900574,acquisition,3.696726254902124
227,16,0.9999324152823581,15.388408244222216,4.867832815413673e-06,20,34,83,0,1.5975438432567677,acquisition,3.696726254902124
228,16,0.9999371689831275,15.388408244222216,4.7537007693934464e-06,20,34,83,0,1.5787046173948285,acquisition,3.696726254902124
229,16,0.9999417362440653,15.388408244222216,4.567260937870673e-06,20,34,83,0,1.547436623126886,acquisition,3.696726254902124
230,16,0.999946104331649,15.388408244222216,4.368087583617114e-06,20,34,83,0,1.5133194980041227,acquisition,3.696726254902124
231,16,0.9999501663704126,15.388408244222216,4.062038763545184e-06,20,34,83,0,1.4593416937994945,acquisition,3.696726254902124
232,16,0.9999539680652241,15.388408244222216,3.801694811526242e-06,20,34,83,0,1.411801320776217,acquisition,3.696726254902124
233,16,0.9999575442789667,15.388408244222216,3.5762137425416795e-06,20,34,83,0,1.3692939606416485,acquisition,3.696726254902124
234,16,0.9999609068735079,15.388408244222216,3.362594541245036e-06,20,34,83,0,1.3277680395461693,acquisition,3.696726254902124
235,16,0.9999642539182934,15.388408244222216,3.3470447854535057e-06,20,34,83,0,1.324694461555512,acquisition,3.696726254902124
236,16,0.9999675353011084,15.388408244222216,3.2813828150334015e-06,20,34,83,0,1.3116362427625399,acquisition,3.696726254902124
237,16,0.9999705978447504,15.388408244222216,3.0625436419680656e-06,20,34,83,0,1.2671443804713627,acquisition,3.696726254902124
238,16,0.999973445277453,15.388408244222216,2.8474327026728536e-06,20,34,83,0,1.2218325567846624,acquisition,3.696726254902124
239,16,0.9999761738315688,15.388408244222216,2.7285541158017596e-06,20,34,83,0,1.1960552580317823,acquisition,3.696726254902124
240,16,0.9999787225852239,15.388408244222216,2.5487536551831156e-06,20,34,83,0,1.1559761919558056,acquisition,3.696726254902124
241,16,0.9999811156100328,15.388408244222216,2.393024808834088e-06,20,34,83,0,1.1201045446626876,acquisition,3.696726254902124
242,16,0.9999833580212552,15.388408244222216,2.2424112223760125e-06,20,34,83,0,1.0842828482259945,acquisition,3.696726254902124
243,16,0.9999854967442176,15.388408244222216,2.1387229624518544e-06,20,34,83,0,1.0589177421017923,acquisition,3.696726254902124
244,16,0.9999875284567574,15.388408244222216,2.03171253986125e-06,20,34,83,0,1.0320864809204582,acquisition,3.696726254902124
245,16,0.9999894858873323,15.388408244222216,1.957430574897926e-06,20,34,83,0,1.0130436127097806,acquisition,3.696726254902124
246,16,0.9999914100948119,15.388408244222216,1.924207479563876e-06,20,34,83,0,1.0044097226956665,acquisition,3.696726254902124
247,16,0.9999930985218535,15.388408244222216,1.6884270416250571e-06,20,34,83,0,0.9408623899378262,acquisition,3.696726254902124
248,16,0.9999944964085927,15.388408244222216,1.3978867392446024e-06,20,34,83,0,0.8560930105689885,acquisition,3.696726254902124
249,16,0.9999957997482347,15.388408244222216,1.3033396419526183e-06,20,34,83,0,0.8266349461522023,acquisition,3.696726254902124
250,16,0.9999970353965181,15.388408244222216,1.2356482833353668e-06,20,34,83,0,0.8048823312592549,acquisition,3.696726254902124
251,16,0.9999980876582956,15.388408244222216,1.0522617774814796e-06,20,34,83,0,0.7427571761970463,acquisition,3.696726254902124
252,16,0.9999990195712587,15.388408244222216,9.31912963154598e-07,20,34,83,0,0.6989926921122981,acquisition,3.696726254902124
253,16,0.9999995890189164,15.388408244222216,5.694476577459933e-07,20,34,83,0,0.5464014765576054,acquisition,3.696726254902124
254,16,1.0000000000000002,15.388408244222216,4.109810837895596e-07,20,34,83,0,0.4641901016370994,acquisition,3.696726254902124
255,16,1.0000000000000002,15.388408244222216,1.592049341895837e-32,20,34,83,0,9.13614998434179e-14,acquisition,3.696726254902124
256,16,1.0000000000000002,15.388408244222216,1.447500449732047e-34,20,34,83,0,8.711527511229679e-15,acquisition,3.696726254902124
1,16,0.37167869943283177,8.036374312513514,0.37167869943283177,9,11,12,0,33.79048630395335,structural,2.6904958544193245
2,16,0.5136041340513722,8.036374312513514,0.14192543461854043,9,11,12,0,20.880491736263206,structural,2.6904958544193245
3,16,0.6007746221201739,8.036374312513514,0.08717048806880166,9,11,12,0,16.364221318087782,structural,2.6904958544193245
4,16,0.6669321839227005,8.036374312513514,0.06615756180252666,9,11,12,0,14.256087466670575,structural,2.6904958544193245
5,16,0.723826579781337,8.036374312513514,0.05689439585863651,9,11,12,0,13.220422991634242,structural,2.6904958544193245
6,16,0.7763913487904743,8.036374312513514,0.052564769009137285,9,11,12,0,12.707437601502109,structural,2.6904958544193245
7,16,0.8255619151582704,8.036374312513514,0.04917056636779608,9,11,12,0,12.290320576855166,structural,2.6904958544193245
8,16,0.8724350884633737,8.036374312513514,0.04687317330510329,9,11,12,0,11.999766180775243,structural,2.6904958544193245
9,16,0.9121699164028386,8.036374312513514,0.03973482793946488,9,11,12,0,11.048320751590989,structural,2.6904958544193245
10,16,0.9457612702390354,8.036374312513514,0.03359135383619685,9,11,12,0,10.15837777328628,structural,2.6904958544193245
11,16,0.9771116281291758,8.036374312513514,0.03135035789014041,9,11,12,0,9.813679199898033,structural,2.6904958544193245
12,16,1.0,8.036374312513514,0.02288837187082417,9,11,12,0,8.385289403900847,structural,2.6904958544193245
1,18,0.28130174794596624,14.145748541900167,0.28130174794596624,17,27,65,0,384.03532497297005,acquisition,3.5549014796455682
2,18,0.5000500845105464,14.145748541900167,0.21874833656458018,17,27,65,0,338.65488019630044,acquisition,3.5549014796455682
3,18,0.5700679334908572,14.145748541900167,0.0700178489803107,17,27,65,0,191.59728079017492,acquisition,3.5549014796455682
4,18,0.6322122953446585,14.145748541900167,0.06214436185380139,17,27,65,0,180.50358220158907,acquisition,3.5549014796455682
5,18,0.6855763197726881,14.145748541900167,0.05336402442802959,17,27,65,0,167.26660646800596,acquisition,3.5549014796455682
6,18,0.7233866664953285,14.145748541900167,0.03781034672264034,17,27,65,0,140.7959909319852,acquisition,3.5549014796455682
7,18,0.7547249268074565,14.145748541900167,0.03133826031212804,17,27,65,0,128.1806296697164,acquisition,3.5549014796455682
8,18,0.7827405162044737,14.145748541900167,0.028015589397017152,17,27,65,0,121.19503840414973,acquisition,3.5549014796455682
9,18,0.8055035283577864,14.145748541900167,0.022763012153312702,17,27,65,0,109.24456103548592,acquisition,3.5549014796455682
10,18,0.8268151689883679,14.145748541900167,0.02131164063058153,17,27,65,0,105.70448165960764,acquisition,3.5549014796455682
11,18,0.8426700291696044,14.145748541900167,0.015854860181236507,17,27,65,0,91.1729835790193,acquisition,3.5549014796455682
12,18,0.8576520928147598,14.145748541900167,0.014982063645155402,17,27,65,0,88.62796502454084,acquisition,3.5549014796455682
13,18,0.8705795623519339,14.145748541900167,0.012927469537174045,17,27,65,0,82.32689201412808,acquisition,3.5549014796455682
14,18,0.8817422567725238,14.145748541900167,0.011162694420589975,17,27,65,0,76.50141653840323,acquisition,3.5549014796455682
15,18,0.8910609152642981,14.145748541900167,0.009318658491774245,17,27,65,0,69.89750226821653,acquisition,3.5549014796455682
16,18,0.899479949311351,14.145748541900167,0.008419034047052906,17,27,65,0,66.43792984780059,acquisition,3.5549014796455682
17,18,0.9067085354247824,14.145748541900167,0.007228586113431362,17,27,65,0,61.56184659542549,acquisition,3.5549014796455682
18,18,0.913734126280711,14.145748541900167,0.0070255908559287115,17,27,65,0,60.69129244523593,acquisition,3.5549014796455682
19,18,0.9195572122999841,14.145748541900167,0.005823086019273039,17,27,65,0,55.25372496830076,acquisition,3.5549014796455682
20,18,0.9248495758886865,14.145748541900167,0.005292363588702438,17,27,65,0,52.675636884556255,acquisition,3.5549014796455682
21,18,0.929572699005903,14.145748541900167,0.0047231231172164875,17,27,65,0,49.762202251098145,acquisition,3.5549014796455682
22,18,0.9339763566203215,14.145748541900167,0.00440365761441857,17,27,65,0,48.04981626758091,acquisition,3.5549014796455682
23,18,0.9379935166795563,14.145748541900167,0.004017160059234778,17,27,65,0,45.89279696353321,acquisition,3.5549014796455682
24,18,0.941669947914015,14.145748541900167,0.0036764312344586664,17,27,65,0,43.903402818595566,acquisition,3.5549014796455682
25,18,0.9451645658126859,14.145748541900167,0.003494617898670898,17,27,65,0,42.80404453855228,acquisition,3.5549014796455682
26,18,0.9481794502109626,14.145748541900167,0.003014884398276714,17,27,65,0,39.757611993223406,acquisition,3.5549014796455682
27,18,0.9507824625814835,14.145748541900167,0.0026030123705208033,17,27,65,0,36.942227189432025,acquisition,3.5549014796455682
28,18,0.9532468019478789,14.145748541900167,0.0024643393663954447,17,27,65,0,35.94472920650168,acquisition,3.5549014796455682
29,18,0.9555716816678407,14.145748541900167,0.0023248797199617688,17,27,65,0,34.91284203010857,acquisition,3.5549014796455682
30,18,0.9578252671643129,14.145748541900167,0.0022535854964722247,17,27,65,0,34.37335934665725,acquisition,3.5549014796455682
31,18,0.9597919997129832,14.145748541900167,0.0019667325486702764,17,27,65,0,32.11127955216425,acquisition,3.5549014796455682
32,18,0.9616862058966382,14.145748541900167,0.0018942061836549986,17,27,65,0,31.513641040287805,acquisition,3.5549014796455682
33,18,0.9635313417817645,14.145748541900167,0.001845135885126199,17,27,65,0,31.10277484310756,acquisition,3.5549014796455682
34,18,0.9652063985933907,14.145748541900167,0.001675056811626317,17,27,65,0,29.634645023248353,acquisition,3.5549014796455682
35,18,0.9666984105864392,14.145748541900167,0.0014920119930485467,17,27,65,0,27.968624989645743,acquisition,3.5549014796455682
36,18,0.968097648916836,14.145748541900167,0.0013992383303968062,17,27,65,0,27.085122590955365,acquisition,3.5549014796455682
37,18,0.9694841716650446,14.145748541900167,0.001386522748208575,17,27,65,0,26.961773654802037,acquisition,3.5549014796455682
38,18,0.9708578334548958,14.145748541900167,0.0013736617898512289,17,27,65,0,26.836437775485795,acquisition,3.5549014796455682
39,18,0.9721609102857051,14.145748541900167,0.0013030768308091628,17,27,65,0,26.137856558472315,acquisition,3.5549014796455682
40,18,0.9733663563668025,14.145748541900167,0.0012054460810974556,17,27,65,0,25.13962837765154,acquisition,3.5549014796455682
41,18,0.9745379823728231,14.145748541900167,0.0011716260060206207,17,27,65,0,24.784459958702733,acquisition,3.5549014796455682
42,18,0.9756772063654168,14.145748541900167,0.001139223992593663,17,27,65,0,24.439342639051205,acquisition,3.5549014796455682
43,18,0.9766843447873269,14.145748541900167,0.0010071384219100818,17,27,65,0,22.978916183022925,acquisition,3.5549014796455682
44,18,0.9776437219263825,14.145748541900167,0.0009593771390556393,17,27,65,0,22.427436801409183,acquisition,3.5549014796455682
45,18,0.9785943992281518,14.145748541900167,0.0009506773017692974,17,27,65,0,22.325516817982543,acquisition,3.5549014796455682
46,18,0.9794934014397778,14.145748541900167,0.0008990022116259725,17,27,65,0,21.710275712872875,acquisition,3.5549014796455682
47,18,0.9803220598543565,14.145748541900167,0.0008286584145787003,17,27,65,0,20.84360004564081,acquisition,3.5549014796455682
48,18,0.9810922351565702,14.145748541900167,0.0007701753022136753,17,27,65,0,20.09461790746476,acquisition,3.5549014796455682
49,18,0.9818252336018859,14.145748541900167,0.0007329984453157034,17,27,65,0,19.60362948276873,acquisition,3.5549014796455682
50,18,0.9825426858410805,14.145748541900167,0.0007174522391946705,17,27,65,0,19.39462811148735,acquisition,3.5549014796455682
51,18,0.9832247726839775,14.145748541900167,0.000682086842896978,17,27,65,0,18.910577640272408,acquisition,3.5549014796455682
52,18,0.9838927436594461,14.145748541900167,0.0006679709754686129,17,27,65,0,18.71387631642595,acquisition,3.5549014796455682
53,18,0.9845387904223729,14.145748541900167,0.000646046762926825,17,27,65,0,18.40419966315784,acquisition,3.5549014796455682
54,18,0.9851419052167228,14.145748541900167,0.000603114794349901,17,27,65,0,17.782177855935444,acquisition,3.5549014796455682
55,18,0.9857340460818964,14.145748541900167,0.0005921408651735171,17,27,65,0,17.619658053438293,acquisition,3.5549014796455682
56,18,0.98629324533749,14.145748541900167,0.0005591992555935679,17,27,65,0,17.122542431445176,acquisition,3.5549014796455682
57,18,0.9868459589406813,14.145748541900167,0.0005527136031912677,17,27,65,0,17.02295830899974,acquisition,3.5549014796455682
58,18,0.9873581285470583,14.145748541900167,0.0005121696063769995,17,27,65,0,16.386713477332307,acquisition,3.5549014796455682
59,18,0.9878480192612257,14.145748541900167,0.0004898907141674183,17,27,65,0,16.02634776701814,acquisition,3.5549014796455682
60,18,0.9883087430787981,14.145748541900167,0.0004607238175724517,17,27,65,0,15.541942248876925,acquisition,3.5549014796455682
61,18,0.9887353125375028,14.145748541900167,0.0004265694587046444,17,27,65,0,14.954773430759175,acquisition,3.5549014796455682
62,18,0.9891481723745045,14.145748541900167,0.00041285983700164726,17,27,65,0,14.712493270072194,acquisition,3.5549014796455682
63,18,0.9895480877955528,14.145748541900167,0.00039991542104831176,17,27,65,0,14.48001575519092,acquisition,3.5549014796455682
64,18,0.989917937023053,14.145748541900167,0.0003698492275001351,17,27,65,0,13.925067748043125,acquisition,3.5549014796455682
65,18,0.9902776177333644,14.145748541900167,0.0003596807103114855,17,27,65,0,13.732307899540706,acquisition,3.5549014796455682
66,18,0.990630674334204,14.145748541900167,0.00035305660083966955,17,27,65,0,13.605268800763499,acquisition,3.5549014796455682
67,18,0.990960469310869,14.145748541900167,0.0003297949766649345,17,27,65,0,13.149431498194328,acquisition,3.5549014796455682
68,18,0.9912818025912254,14.145748541900167,0.00032133328035646833,17,27,65,0,12.97964494474067,acquisition,3.5549014796455682
69,18,0.9915847770282435,14.145748541900167,0.0003029744370180802,17,27,65,0,12.60340674719876,acquisition,3.5549014796455682
70,18,0.9918830186085245,14.145748541900167,0.0002982415802809116,17,27,65,0,12.504578427212913,acquisition,3.5549014796455682
71,18,0.9921733184121216,14.145748541900167,0.0002902998035971463,17,27,65,0,12.336964919636458,acquisition,3.5549014796455682
72,18,0.9924539146378436,14.145748541900167,0.00028059622572199696,17,27,65,0,12.129024445161875,acquisition,3.5549014796455682
73,18,0.9927208752128637,14.145748541900167,0.0002669605750201055,17,27,65,0,11.830647740345455,acquisition,3.5549014796455682
74,18,0.9929688132192355,14.145748541900167,0.0002479380063718126,17,27,65,0,11.401356124806595,acquisition,3.5549014796455682
75,18,0.9932103120369667,14.145748541900167,0.00024149881773125915,17,27,65,0,11.252330076507993,acquisition,3.5549014796455682
76,18,0.993436697806109,14.145748541900167,0.00022638576914226519,17,27,65,0,10.894555618842832,acquisition,3.5549014796455682
77,18,0.9936583223837644,14.145748541900167,0.00022162457765537104,17,27,65,0,10.779383403969781,acquisition,3.5549014796455682
78,18,0.9938735847199538,14.145748541900167,0.0002152623361893748,17,27,65,0,10.623533297168834,acquisition,3.5549014796455682
79,18,0.9940838235435633,14.145748541900167,0.00021023882360947792,17,27,65,0,10.498842429171225,acquisition,3.5549014796455682
80,18,0.9942897337985178,14.145748541900167,0.0002059102549544836,17,27,65,0,10.39020094846949,acquisition,3.5549014796455682
81,18,0.9944856287199033,14.145748541900167,0.0001958949213855028,17,27,65,0,10.134365127789826,acquisition,3.5549014796455682
82,18,0.9946784630287268,14.145748541900167,0.00019283430882340152,17,27,65,0,10.054885086583711,acquisition,3.5549014796455682
83,18,0.9948670311167943,14.145748541900167,0.00018856808806751396,17,27,65,0,9.943037048947406,acquisition,3.5549014796455682
84,18,0.9950431267105051,14.145748541900167,0.00017609559371077008,17,27,65,0,9.608579844879898,acquisition,3.5549014796455682
85,18,0.9952165672451053,14.145748541900167,0.0001734405346002402,17,27,65,0,9.53586865495172,acquisition,3.5549014796455682
86,18,0.9953787042223213,14.145748541900167,0.00016213697721599482,17,27,65,0,9.219895417553253,acquisition,3.5549014796455682
87,18,0.9955352603034966,14.145748541900167,0.00015655608117521268,17,27,65,0,9.059827519726294,acquisition,3.5549014796455682
88,18,0.9956884084783448,14.145748541900167,0.0001531481748481967,17,27,65,0,8.960678004192056,acquisition,3.5549014796455682
89,18,0.99583991411301,14.145748541900167,0.00015150563466516785,17,27,65,0,8.912496069414646,acquisition,3.5549014796455682
90,18,0.995985786903324,14.145748541900167,0.00014587279031400487,17,27,65,0,8.745247480097346,acquisition,3.5549014796455682
91,18,0.9961264182072772,14.145748541900167,0.0001406313039532108,17,27,65,0,8.586693489756168,acquisition,3.5549014796455682
92,18,0.9962649415423029,14.145748541900167,0.00013852333502573623,17,27,65,0,8.52209611973329,acquisition,3.5549014796455682
93,18,0.9963990227341849,14.145748541900167,0.0001340811918820005,17,27,65,0,8.384340160646529,acquisition,3.5549014796455682
94,18,0.9965234261869454,14.145748541900167,0.0001244034527605877,17,27,65,0,8.076090479987393,acquisition,3.5549014796455682
95,18,0.9966410964474488,14.145748541900167,0.0001176702605033589,17,27,65,0,7.854495880626906,acquisition,3.5549014796455682
96,18,0.9967580770748788,14.145748541900167,0.00011698062743002606,17,27,65,0,7.83144553668309,acquisition,3.5549014796455682
97,18,0.9968705242757665,14.145748541900167,0.00011244720088760712,17,27,65,0,7.678197578791637,acquisition,3.5549014796455682
98,18,0.9969800056501726,14.145748541900167,0.0001094813744060982,17,27,65,0,7.576263645400971,acquisition,3.5549014796455682
99,18,0.9970850578874418,14.145748541900167,0.00010505223726924509,17,27,65,0,7.421430278148408,acquisition,3.5549014796455682
100,18,0.9971848928277391,14.145748541900167,9.983494029726952e-05,17,27,65,0,7.2347951718465975,acquisition,3.5549014796455682
101,18,0.9972819858549684,14.145748541900167,9.709302722930352e-05,17,27,65,0,7.134753608920008,acquisition,3.5549014796455682
102,18,0.997377171458873,14.145748541900167,9.518560390449075e-05,17,27,65,0,7.064323739741663,acquisition,3.5549014796455682
103,18,0.9974688980160765,14.145748541900167,9.172655720356516e-05,17,27,65,0,6.934777085324572,acquisition,3.5549014796455682
104,18,0.9975590216808631,14.145748541900167,9.01236647865964e-05,17,27,65,0,6.873918530476997,acquisition,3.5549014796455682
105,18,0.9976406281577092,14.145748541900167,8.160647684603678e-05,17,27,65,0,6.541047051707771,acquisition,3.5549014796455682
106,18,0.9977217687647398,14.145748541900167,8.11406070307346e-05,17,27,65,0,6.522349774347415,acquisition,3.5549014796455682
107,18,0.9977986066077326,14.145748541900167,7.683784299268839e-05,17,27,65,0,6.3470590848794375,acquisition,3.5549014796455682
108,18,0.9978738872875145,14.145748541900167,7.528067978190405e-05,17,27,65,0,6.282416496977489,acquisition,3.5549014796455682
109,18,0.997948218161079,14.145748541900167,7.433087356457124e-05,17,27,65,0,6.242658491333794,acquisition,3.5549014796455682
110,18,0.9980185591620195,14.145748541900167,7.034100094048975e-05,17,27,65,0,6.072803528938466,acquisition,3.5549014796455682
111,18,0.9980841327623,14.145748541900167,6.557360028045339e-05,17,27,65,0,5.863399333478689,acquisition,3.5549014796455682
112,18,0.9981475065472286,14.145748541900167,6.337378492858532e-05,17,27,65,0,5.764209828991146,acquisition,3.5549014796455682
113,18,0.998208149565754,14.145748541900167,6.064301852536144e-05,17,27,65,0,5.638652932804492,acquisition,3.5549014796455682
114,18,0.9982663957619988,14.145748541900167,5.8246196244817554e-05,17,27,65,0,5.526100047664981,acquisition,3.5549014796455682
115,18,0.9983242705802817,14.145748541900167,5.787481828290678e-05,17,27,65,0,5.508454658786675,acquisition,3.5549014796455682
116,18,0.9983817293527194,14.145748541900167,5.745877243764761e-05,17,27,65,0,5.488619579073538,acquisition,3.5549014796455682
117,18,0.9984362124751703,14.145748541900167,5.44831224509575e-05,17,27,65,0,5.344609181555524,acquisition,3.5549014796455682
118,18,0.9984888522390646,14.145748541900167,5.26397638942932e-05,17,27,65,0,5.253417605008305,acquisition,3.5549014796455682
119,18,0.9985396949481264,14.145748541900167,5.084270906184427e-05,17,27,65,0,5.162966419474003,acquisition,3.5549014796455682
120,18,0.9985890869817802,14.145748541900167,4.939203365373476e-05,17,27,65,0,5.088776919874685,acquisition,3.5549014796455682
121,18,0.998636329175298,14.145748541900167,4.7242193517833715e-05,17,27,65,0,4.976797680745923,acquisition,3.5549014796455682
122,18,0.9986823510972785,14.145748541900167,4.602192198058679e-05,17,27,65,0,4.91210152901565,acquisition,3.5549014796455682
123,18,0.9987261182217502,14.145748541900167,4.376712447168037e-05,17,27,65,0,4.790258673078976,acquisition,3.5549014796455682
124,18,0.9987681310265972,14.145748541900167,4.201280484703029e-05,17,27,65,0,4.693272784277493,acquisition,3.5549014796455682
125,18,0.9988089846099563,14.145748541900167,4.085358335906568e-05,17,27,65,0,4.628071251845397,acquisition,3.5549014796455682
126,18,0.998848745769133,14.145748541900167,3.97611591767478e-05,17,27,65,0,4.565774701237321,acquisition,3.5549014796455682
127,18,0.9988862376392517,14.145748541900167,3.7491870118751394e-05,17,27,65,0,4.433569397316335,acquisition,3.5549014796455682
128,18,0.9989219122688932,14.145748541900167,3.5674629641541004e-05,17,27,65,0,4.324786726013694,acquisition,3.5549014796455682
129,18,0.9989567163960296,14.145748541900167,3.480412713640189e-05,17,27,65,0,4.271695940500666,acquisition,3.5549014796455682
130,18,0.998990728329725,14.145748541900167,3.401193369540211e-05,17,27,65,0,4.222801048272933,acquisition,3.5549014796455682
131,18,0.9990241956712477,14.145748541900167,3.346734152266684e-05,17,27,65,0,4.188857308650648,acquisition,3.5549014796455682
132,18,0.9990571138454716,14.145748541900167,3.291817422385646e-05,17,27,65,0,4.154347569411742,acquisition,3.5549014796455682
133,18,0.9990885561383046,14.145748541900167,3.144229283307842e-05,17,27,65,0,4.060149852513946,acquisition,3.5549014796455682
134,18,0.9991184447577525,14.145748541900167,2.988861944789013e-05,17,27,65,0,3.958565966747986,acquisition,3.5549014796455682
135,18,0.9991480963793723,14.145748541900167,2.965162161985652e-05,17,27,65,0,3.9428402701391967,acquisition,3.5549014796455682
136,18,0.9991770889197281,14.145748541900167,2.8992540355856976e-05,17,27,65,0,3.8987742943252743,acquisition,3.5549014796455682
137,18,0.9992048314748309,14.145748541900167,2.7742555102683495e-05,17,27,65,0,3.8138023978276223,acquisition,3.5549014796455682
138,18,0.9992320407663701,14.145748541900167,2.720929153924298e-05,17,27,65,0,3.776970352349436,acquisition,3.5549014796455682
139,18,0.9992582959490136,14.145748541900167,2.6255182643585106e-05,17,27,65,0,3.710158648607893,acquisition,3.5549014796455682
140,18,0.999283451235203,14.145748541900167,2.515528618943927e-05,17,27,65,0,3.631613234595437,acquisition,3.5549014796455682
141,18,0.9993083217855673,14.145748541900167,2.4870550364318874e-05,17,27,65,0,3.611001399806986,acquisition,3.5549014796455682
142,18,0.9993329163622858,14.145748541900167,2.459457671855673e-05,17,27,65,0,3.5909109482997024,acquisition,3.5549014796455682
143,18,0.9993562575131559,14.145748541900167,2.334115087008111e-05,17,27,65,0,3.4982117299233164,acquisition,3.5549014796455682
144,18,0.999378458688375,14.145748541900167,2.2201175219138657e-05,17,27,65,0,3.4117165405836056,acquisition,3.5549014796455682
145,18,0.9993996703571392,14.145748541900167,2.1211668764087196e-05,17,27,65,0,3.334819844157364,acquisition,3.5549014796455682
146,18,0.9994202426960159,14.145748541900167,2.0572338876731396e-05,17,27,65,0,3.284178802228001,acquisition,3.5549014796455682
147,18,0.9994403382850516,14.145748541900167,2.009558903570644e-05,17,27,65,0,3.2459014440294482,acquisition,3.5549014796455682
148,18,0.9994596550011353,14.145748541900167,1.931671608370175e-05,17,27,65,0,3.182376854191191,acquisition,3.5549014796455682
149,18,0.9994786292086787,14.145748541900167,1.8974207543340632e-05,17,27,65,0,3.154036988445597,acquisition,3.5549014796455682
150,18,0.9994969572394752,14.145748541900167,1.8328030796497352e-05,17,27,65,0,3.0998655793814676,acquisition,3.5549014796455682
151,18,0.9995149208029649,14.145748541900167,1.7963563489761478e-05,17,27,65,0,3.068889176057041,acquisition,3.5549014796455682
152,18,0.9995321445282753,14.145748541900167,1.7223725310469723e-05,17,27,65,0,3.0050278693508896,acquisition,3.5549014796455682
153,18,0.9995489483751226,14.145748541900167,1.6803846847281354e-05,17,27,65,0,2.9681737240039445,acquisition,3.5549014796455682
154,18,0.9995647530762453,14.145748541900167,1.5804701122600007e-05,17,27,65,0,2.8785786670101117,acquisition,3.5549014796455682
155,18,0.9995798085851668,14.145748541900167,1.5055508921545147e-05,17,27,65,0,2.809523564852066,acquisition,3.5549014796455682
156,18,0.9995948073112009,14.145748541900167,1.4998726034072297e-05,17,27,65,0,2.80422040413226,acquisition,3.5549014796455682
157,18,0.9996093535103424,14.145748541900167,1.4546199141520151e-05,17,27,65,0,2.7615933182692407,acquisition,3.5549014796455682
158,18,0.9996228671348055,14.145748541900167,1.3513624463130991e-05,17,27,65,0,2.6617721808084966,acquisition,3.5549014796455682
159,18,0.9996362407936044,14.145748541900167,1.3373658798777233e-05,17,27,65,0,2.6479518168375566,acquisition,3.5549014796455682
160,18,0.9996493870181804,14.145748541900167,1.3146224576020284e-05,17,27,65,0,2.6253395571835125,acquisition,3.5549014796455682
161,18,0.999661994135308,14.145748541900167,1.2607117127579506e-05,17,27,65,0,2.57094539509971,acquisition,3.5549014796455682
162,18,0.999673880827809,14.145748541900167,1.1886692500930593e-05,17,27,65,0,2.4964074663259397,acquisition,3.5549014796455682
163,18,0.9996855628438255,14.145748541900167,1.168201601652657e-05,17,27,65,0,2.474821369972524,acquisition,3.5549014796455682
164,18,0.9996965538575746,14.145748541900167,1.0991013749121696e-05,17,27,65,0,2.4005117405460683,acquisition,3.5549014796455682
165,18,0.9997072448424161,14.145748541900167,1.0690984841489167e-05,17,27,65,0,2.3675208680336213,acquisition,3.5549014796455682
166,18,0.999717718313279,14.145748541900167,1.0473470862874798e-05,17,27,65,0,2.343312845472175,acquisition,3.5549014796455682
167,18,0.999727964517951,14.145748541900167,1.0246204671982648e-05,17,27,65,0,2.317749372789137,acquisition,3.5549014796455682
168,18,0.9997377835734824,14.145748541900167,9.819055531481139e-06,17,27,65,0,2.2689233099620583,acquisition,3.5549014796455682
169,18,0.9997473409134169,14.145748541900167,9.55733993442881e-06,17,27,65,0,2.2384813243674406,acquisition,3.5549014796455682
170,18,0.9997566596681015,14.145748541900167,9.318754684540146e-06,17,27,65,0,2.210364507507344,acquisition,3.5549014796455682
171,18,0.9997658724543304,14.145748541900167,9.212786228948145e-06,17,27,65,0,2.1977609666209754,acquisition,3.5549014796455682
172,18,0.9997746066721171,14.145748541900167,8.734217786752774e-06,17,27,65,0,2.1399171888138655,acquisition,3.5549014796455682
173,18,0.9997830097036616,14.145748541900167,8.403031544529564e-06,17,27,65,0,2.098954168727444,acquisition,3.5549014796455682
174,18,0.9997909264906699,14.145748541900167,7.91678700830923e-06,17,27,65,0,2.037320894462242,acquisition,3.5549014796455682
175,18,0.9997986914040926,14.145748541900167,7.76491342274361e-06,17,27,65,0,2.0176845463509405,acquisition,3.5549014796455682
176,18,0.9998064222537486,14.145748541900167,7.730849656012147e-06,17,27,65,0,2.01325400892468,acquisition,3.5549014796455682
177,18,0.9998137869963463,14.145748541900167,7.364742597660014e-06,17,27,65,0,1.9650053860083878,acquisition,3.5549014796455682
178,18,0.9998208824136743,14.145748541900167,7.095417328059607e-06,17,27,65,0,1.928741081662781,acquisition,3.5549014796455682
179,18,0.9998278117501513,14.145748541900167,6.929336477068666e-06,17,27,65,0,1.9060346174425522,acquisition,3.5549014796455682
180,18,0.9998346346395128,14.145748541900167,6.822889361457937e-06,17,27,65,0,1.8913378908962983,acquisition,3.5549014796455682
181,18,0.9998411434941586,14.145748541900167,6.508854645780828e-06,17,27,65,0,1.8472992135891626,acquisition,3.5549014796455682
182,18,0.9998474211937504,14.145748541900167,6.27769959176695e-06,17,27,65,0,1.8142002545387073,acquisition,3.5549014796455682
183,18,0.9998535548040458,14.145748541900167,6.133610295435593e-06,17,27,65,0,1.7932591208671813,acquisition,3.5549014796455682
184,18,0.9998595975553028,14.145748541900167,6.042751257071813e-06,17,27,65,0,1.7799275184871057,acquisition,3.5549014796455682
185,18,0.9998654959368438,14.145748541900167,5.898381540992109e-06,17,27,65,0,1.7585365112398634,acquisition,3.5549014796455682
186,18,0.9998712959000815,14.145748541900167,5.799963237712168e-06,17,27,65,0,1.7438036374470713,acquisition,3.5549014796455682
187,18,0.9998766536953363,14.145748541900167,5.357795254737054e-06,17,27,65,0,1.676015441013471,acquisition,3.5549014796455682
188,18,0.9998818920811681,14.145748541900167,5.238385831784968e-06,17,27,65,0,1.6572334871631327,acquisition,3.5549014796455682
189,18,0.99988695061096,14.145748541900167,5.058529791923909e-06,17,27,65,0,1.6285350679516244,acquisition,3.5549014796455682
190,18,0.9998918857728256,14.145748541900167,4.935161865665059e-06,17,27,65,0,1.6085540538713028,acquisition,3.5549014796455682
191,18,0.999896619501411,14.145748541900167,4.733728585311587e-06,17,27,65,0,1.5753847442881503,acquisition,3.5549014796455682
192,18,0.9999012588798109,14.145748541900167,4.639378399896221e-06,17,27,65,0,1.55960585486359,acquisition,3.5549014796455682
193,18,0.9999054538932299,14.145748541900167,4.195013419110785e-06,17,27,65,0,1.483035803842495,acquisition,3.5549014796455682
194,18,0.9999095914250448,14.145748541900167,4.137531814831919e-06,17,27,65,0,1.4728402086223056,acquisition,3.5549014796455682
195,18,0.9999136323365235,14.145748541900167,4.0409114787151e-06,17,27,65,0,1.4555416164962725,acquisition,3.5549014796455682
196,18,0.9999175580585705,14.145748541900167,3.925722046982575e-06,17,27,65,0,1.4346459356121286,acquisition,3.5549014796455682
197,18,0.9999214546561316,14.145748541900167,3.896597561110815e-06,17,27,65,0,1.429314290882053,acquisition,3.5549014796455682
198,18,0.9999250921843947,14.145748541900167,3.637528263166975e-06,17,27,65,0,1.380982410474256,acquisition,3.5549014796455682
199,18,0.9999285707914493,14.145748541900167,3.478607054507381e-06,17,27,65,0,1.3504784098213365,acquisition,3.5549014796455682
200,18,0.999931934007357,14.145748541900167,3.363215907810951e-06,17,27,65,0,1.3278907115701908,acquisition,3.5549014796455682
201,18,0.9999351334835015,14.145748541900167,3.199476144492185e-06,17,27,65,0,1.2951629043651298,acquisition,3.5549014796455682
202,18,0.9999382669296654,14.145748541900167,3.1334461638778927e-06,17,27,65,0,1.281728607142406,acquisition,3.5549014796455682
203,18,0.9999411974612381,14.145748541900167,2.930531572797281e-06,17,27,65,0,1.2395331932783167,acquisition,3.5549014796455682
204,18,0.9999440551819886,14.145748541900167,2.8577207504962383e-06,17,27,65,0,1.224037865768936,acquisition,3.5549014796455682
205,18,0.9999467217489711,14.145748541900167,2.666566982533646e-06,17,27,65,0,1.1823912508719776,acquisition,3.5549014796455682
206,18,0.9999493278778187,14.145748541900167,2.6061288474840154e-06,17,27,65,0,1.1689149161464658,acquisition,3.5549014796455682
207,18,0.9999518201896368,14.145748541900167,2.49231181812756e-06,17,27,65,0,1.1431050601333466,acquisition,3.5549014796455682
208,18,0.9999542998000798,14.145748541900167,2.479610442988436e-06,17,27,65,0,1.1401885808643766,acquisition,3.5549014796455682
209,18,0.999956687013765,14.145748541900167,2.387213685278765e-06,17,27,65,0,1.118743709983405,acquisition,3.5549014796455682
210,18,0.9999590232622444,14.145748541900167,2.3362484793338957e-06,17,27,65,0,1.106737115458323,acquisition,3.5549014796455682
211,18,0.9999612507388157,14.145748541900167,2.2274765712852075e-06,17,27,65,0,1.08066610782701,acquisition,3.5549014796455682
212,18,0.9999633989668173,14.145748541900167,2.148228001599487e-06,17,27,65,0,1.0612681859466964,acquisition,3.5549014796455682
213,18,0.9999654416755982,14.145748541900167,2.0427087809573535e-06,17,27,65,0,1.0348756936707755,acquisition,3.5549014796455682
214,18,0.9999673437560102,14.145748541900167,1.9020804119609728e-06,17,27,65,0,0.9986180125684667,acquisition,3.5549014796455682
215,18,0.9999691752200872,14.145748541900167,1.8314640770912237e-06,17,27,65,0,0.9799054230128555,acquisition,3.5549014796455682
216,18,0.9999709601815718,14.145748541900167,1.7849614846464936e-06,17,27,65,0,0.9673850768242916,acquisition,3.5549014796455682
217,18,0.9999726470815926,14.145748541900167,1.6869000208077388e-06,17,27,65,0,0.9404368336625526,acquisition,3.5549014796455682
218,18,0.9999743061726228,14.145748541900167,1.6590910302564903e-06,17,27,65,0,0.9326529462083496,acquisition,3.5549014796455682
219,18,0.9999759021187508,14.145748541900167,1.5959461279389119e-06,17,27,65,0,0.9147324218178976,acquisition,3.5549014796455682
220,18,0.9999773587241195,14.145748541900167,1.4566053687578573e-06,17,27,65,0,0.8738882740804567,acquisition,3.5549014796455682
221,18,0.9999787463163035,14.145748541900167,1.387592183951017e-06,17,27,65,0,0.8529348925558801,acquisition,3.5549014796455682
222,18,0.999980067408832,14.145748541900167,1.3210925286031814e-06,17,27,65,0,0.8322457327233974,acquisition,3.5549014796455682
223,18,0.999981370873948,14.145748541900167,1.3034651159589612e-06,17,27,65,0,0.8266747357430804,acquisition,3.5549014796455682
224,18,0.9999826038471098,14.145748541900167,1.2329731617707647e-06,17,27,65,0,0.8040105926158377,acquisition,3.5549014796455682
225,18,0.9999837565578298,14.145748541900167,1.1527107200203901e-06,17,27,65,0,0.7774010534968744,acquisition,3.5549014796455682
226,18,0.9999848628949901,14.145748541900167,1.1063371602823568e-06,17,27,65,0,0.7616031099530228,acquisition,3.5549014796455682
227,18,0.9999859325838886,14.145748541900167,1.0696888984780354e-06,17,27,65,0,0.7488825363201175,acquisition,3.5549014796455682
228,18,0.9999868882378665,14.145748541900167,9.556539780012624e-07,17,27,65,0,0.7078403159034711,acquisition,3.5549014796455682
229,18,0.9999877893770281,14.145748541900167,9.011391616757267e-07,17,27,65,0,0.6873546746743222,acquisition,3.5549014796455682
230,18,0.9999886721336168,14.145748541900167,8.82756588623043e-07,17,27,65,0,0.6803077879430736,acquisition,3.5549014796455682
231,18,0.9999895297584563,14.145748541900167,8.576248395482258e-07,17,27,65,0,0.6705538098296513,acquisition,3.5549014796455682
232,18,0.9999902870236225,14.145748541900167,7.572651661015687e-07,17,27,65,0,0.6300992298083368,acquisition,3.5549014796455682
233,18,0.999991017757951,14.145748541900167,7.30734328543497e-07,17,27,65,0,0.6189630357649905,acquisition,3.5549014796455682
234,18,0.9999917069597848,14.145748541900167,6.892018337933736e-07,17,27,65,0,0.6011158382839868,acquisition,3.5549014796455682
235,18,0.999992389659248,14.145748541900167,6.8269946321223e-07,17,27,65,0,0.5982734626979652,acquisition,3.5549014796455682
236,18,0.9999930451294681,14.145748541900167,6.554702200808617e-07,17,27,65,0,0.5862210937400281,acquisition,3.5549014796455682
237,18,0.9999936429551616,14.145748541900167,5.978256934758629e-07,17,27,65,0,0.5598507275882324,acquisition,3.5549014796455682
238,18,0.9999942240743275,14.145748541900167,5.81119165927408e-07,17,27,65,0,0.5519726490196311,acquisition,3.5549014796455682
239,18,0.9999947953019316,14.145748541900167,5.71227604094699e-07,17,27,65,0,0.5472547652561844,acquisition,3.5549014796455682
240,18,0.9999953412940087,14.145748541900167,5.459920771486986e-07,17,27,65,0,0.5350299936864632,acquisition,3.5549014796455682
241,18,0.999995849737326,14.145748541900167,5.084433173106057e-07,17,27,65,0,0.5163048808079803,acquisition,3.5549014796455682
242,18,0.999996321091157,14.145748541900167,4.7135383091671164e-07,17,27,65,0,0.4971168447192882,acquisition,3.5549014796455682
243,18,0.9999967432513953,14.145748541900167,4.22160238307655e-07,17,27,65,0,0.4704609941555663,acquisition,3.5549014796455682
244,18,0.9999971531110555,14.145748541900167,4.098596601812772e-07,17,27,65,0,0.4635563628267025,acquisition,3.5549014796455682
245,18,0.9999975335776362,14.145748541900167,3.80466580718504e-07,17,27,65,0,0.4466251926075633,acquisition,3.5549014796455682
246,18,0.9999978927256012,14.145748541900167,3.5914796499583425e-07,17,27,65,0,0.4339319857670507,acquisition,3.5549014796455682
247,18,0.9999982339345669,14.145748541900167,3.4120896566432627e-07,17,27,65,0,0.4229559861146527,acquisition,3.5549014796455682
248,18,0.9999985491218416,14.145748541900167,3.1518727468929817e-07,17,27,65,0,0.406508186722362,acquisition,3.5549014796455682
249,18,0.9999988450032514,14.145748541900167,2.9588140978952264e-07,17,27,65,0,0.39386174297046067,acquisition,3.5549014796455682
250,18,0.9999991096671841,14.145748541900167,2.646639326083837e-07,17,27,65,0,0.3725051998286524,acquisition,3.5549014796455682
251,18,0.9999993616218583,14.145748541900167,2.5195467427806037e-07,17,27,65,0,0.3634512515701324,acquisition,3.5549014796455682
252,18,0.9999995692212318,14.145748541900167,2.0759937344459138e-07,17,27,65,0,0.32991189779169516,acquisition,3.5549014796455682
253,18,0.9999997517135761,14.145748541900167,1.824923443217746e-07,17,27,65,0,0.3093194889103733,acquisition,3.5549014796455682
254,18,0.9999998920362119,14.145748541900167,1.4032263574311622e-07,17,27,65,0,0.2712369334152097,acquisition,3.5549014796455682
255,18,0.9999999999999999,14.145748541900167,1.0796378803442167e-07,17,27,65,0,0.237916200585397,acquisition,3.5549014796455682
256,18,0.9999999999999999,14.145748541900167,1.7671718692980708e-32,17,27,65,0,9.625523388421778e-14,acquisition,3.5549014796455682
1,18,0.3860122829143615,7.599688227805149,0.3860122829143615,9,10,12,0,34.43587857326888,structural,2.5905911398727546
2,18,0.5490262852987497,7.599688227805149,0.16301400238438818,9,10,12,0,22.378092307541333,structural,2.5905911398727546
3,18,0.6346459603632408,7.599688227805149,0.08561967506449107,9,10,12,0,16.2180036317087,structural,2.5905911398727546
4,18,0.6916000216088476,7.599688227805149,0.05695406124560679,9,10,12,0,13.227353331128041,structural,2.5905911398727546
5,18,0.7461178527534,7.599688227805149,0.05451783114455246,9,10,12,0,12.941359174216021,structural,2.5905911398727546
6,18,0.7944233471001542,7.599688227805149,0.04830549434675412,9,10,12,0,12.18172724342606,structural,2.5905911398727546
7,18,0.8394541270122298,7.599688227805149,0.045030779912075616,9,10,12,0,11.761571148868518,structural,2.5905911398727546
8,18,0.8798455809098171,7.599688227805149,0.04039145389758732,9,10,12,0,11.139234550604824,structural,2.5905911398727546
9,18,0.917892975289409,7.599688227805149,0.038047394379591974,9,10,12,0,10.811179192581472,structural,2.5905911398727546
10,18,0.9529347732907385,7.599688227805149,0.035041798001329456,9,10,12,0,10.375374858774217,structural,2.5905911398727546
11,18,0.9816619883707729,7.599688227805149,0.028727215080034414,9,10,12,0,9.394147365560418,structural,2.5905911398727546
12,18,1.0,7.599688227805149,0.018338011629227186,9,10,12,0,7.505622674034841,structural,2.5905911398727546
1,20,0.32044068343801074,12.988458407162568,0.32044068343801074,16,28,64,0,409.88194036618376,acquisition,3.120702369221635
2,20,0.4874808207398895,12.988458407162568,0.1670401373018788,16,28,64,0,295.9343499929122,acquisition,3.120702369221635
3,20,0.6246178664892955,12.988458407162568,0.13713704574940597,16,28,64,0,268.1404621497184,acquisition,3.120702369221635
4,20,0.678009983790927,12.988458407162568,0.05339211730163155,16,28,64,0,167.31062846047112,acquisition,3.120702369221635
5,20,0.7238959186032703,12.988458407162568,0.045885934812343314,16,28,64,0,155.1046259493696,acquisition,3.120702369221635
6,20,0.7528502584818898,12.988458407162568,0.0289543398786195,16,28,64,0,123.2088184598881,acquisition,3.120702369221635
7,20,0.7809071767002117,12.988458407162568,0.028056918218321857,16,28,64,0,121.28439940424133,acquisition,3.120702369221635
8,20,0.8049198730879905,12.988458407162568,0.024012696387778854,16,28,64,0,112.20324667208077,acquisition,3.120702369221635
9,20,0.824591811524871,12.988458407162568,0.01967193843688052,16,28,64,0,101.55668987907796,acquisition,3.120702369221635
10,20,0.8422035468235795,12.988458407162568,0.0176117352987084,16,28,64,0,96.09173469289246,acquisition,3.120702369221635
11,20,0.8562564886163356,12.988458407162568,0.01405294179275617,16,28,64,0,85.83582437793994,acquisition,3.120702369221635
12,20,0.8694137173529497,12.988458407162568,0.013157228736614108,16,28,64,0,83.05526557577153,acquisition,3.120702369221635
13,20,0.878871062398726,12.988458407162568,0.00945734504577632,16,28,64,0,70.41571216255628,acquisition,3.120702369221635
14,20,0.8874007782426553,12.988458407162568,0.008529715843929243,16,28,64,0,66.87322080161816,acquisition,3.120702369221635
15,20,0.895235338057227,12.988458407162568,0.007834559814571741,16,28,64,0,64.09029330610205,acquisition,3.120702369221635
16,20,0.9022319978101079,12.988458407162568,0.006996659752880905,16,28,64,0,60.56620137104873,acquisition,3.120702369221635
17,20,0.9081625050285068,12.988458407162568,0.005930507218398952,16,28,64,0,55.76104167355512,acquisition,3.120702369221635
18,20,0.9137936991347471,12.988458407162568,0.005631194106240273,16,28,64,0,54.3356926483182,acquisition,3.120702369221635
19,20,0.9192698961899471,12.988458407162568,0.005476197055200119,16,28,64,0,53.58268751823447,acquisition,3.120702369221635
20,20,0.9242093399022773,12.988458407162568,0.004939443712330119,16,28,64,0,50.889007310519766,acquisition,3.120702369221635
21,20,0.9286275979306624,12.988458407162568,0.004418258028385103,16,28,64,0,48.12940541068391,acquisition,3.120702369221635
22,20,0.932741620895928,12.988458407162568,0.0041140229652655924,16,28,64,0,46.44279139342474,acquisition,3.120702369221635
23,20,0.9364822263655694,12.988458407162568,0.003740605469641392,16,28,64,0,44.28492475399892,acquisition,3.120702369221635
24,20,0.9399253239055282,12.988458407162568,0.0034430975399587045,16,28,64,0,42.48734779943165,acquisition,3.120702369221635
25,20,0.9433257944151775,12.988458407162568,0.0034004705096493137,16,28,64,0,42.22352285827202,acquisition,3.120702369221635
26,20,0.9463898627740123,12.988458407162568,0.0030640683588347996,16,28,64,0,40.08059719760647,acquisition,3.120702369221635
27,20,0.9490689996098142,12.988458407162568,0.0026791368358019363,16,28,64,0,37.47851775842964,acquisition,3.120702369221635
28,20,0.951688273209674,12.988458407162568,0.0026192735998598607,16,28,64,0,37.05743808094843,acquisition,3.120702369221635
29,20,0.9542010710711069,12.988458407162568,0.002512797861432931,16,28,64,0,36.296415321281366,acquisition,3.120702369221635
30,20,0.95647384594164,12.988458407162568,0.002272774870533154,16,28,64,0,34.519394422876054,acquisition,3.120702369221635
31,20,0.9585922778579503,12.988458407162568,0.0021184319163103016,16,28,64,0,33.32669249323274,acquisition,3.120702369221635
32,20,0.9606877561476789,12.988458407162568,0.00209547828972852,16,28,64,0,33.145650115289435,acquisition,3.120702369221635
33,20,0.9625411065334541,12.988458407162568,0.001853350385775315,16,28,64,0,31.171932360015294,acquisition,3.120702369221635
34,20,0.9643180532700332,12.988458407162568,0.0017769467365789991,16,28,64,0,30.522644882570884,acquisition,3.120702369221635
35,20,0.9660310053398797,12.988458407162568,0.0017129520698465238,16,28,64,0,29.967986498857318,acquisition,3.120702369221635
36,20,0.9676867389209988,12.988458407162568,0.0016557335811190387,16,28,64,0,29.46321855768203,acquisition,3.120702369221635
37,20,0.9692369361825564,12.988458407162568,0.0015501972615575377,16,28,64,0,28.50876745612617,acquisition,3.120702369221635
38,20,0.9707585360018887,12.988458407162568,0.0015215998193323494,16,28,64,0,28.244584013189485,acquisition,3.120702369221635
39,20,0.9721427400257278,12.988458407162568,0.0013842040238391323,16,28,64,0,26.93921972237821,acquisition,3.120702369221635
40,20,0.9734443959677143,12.988458407162568,0.0013016559419865002,16,28,64,0,26.123602173364574,acquisition,3.120702369221635
41,20,0.9746401005148064,12.988458407162568,0.0011957045470922117,16,28,64,0,25.03784227096819,acquisition,3.120702369221635
42,20,0.9757986308593313,12.988458407162568,0.0011585303445248408,16,28,64,0,24.645558570871138,acquisition,3.120702369221635
43,20,0.9768555414054827,12.988458407162568,0.001056910546151401,16,28,64,0,23.5398707817317,acquisition,3.120702369221635
44,20,0.9778544148792878,12.988458407162568,0.000998873473805082,16,28,64,0,22.884435230835802,acquisition,3.120702369221635
45,20,0.9787941854269984,12.988458407162568,0.0009397705477105984,16,28,64,0,22.197081360352183,acquisition,3.120702369221635
46,20,0.9796855783417091,12.988458407162568,0.0008913929147107828,16,28,64,0,21.618200861031127,acquisition,3.120702369221635
47,20,0.9805589247515375,12.988458407162568,0.0008733464098283922,16,28,64,0,21.39824858524894,acquisition,3.120702369221635
48,20,0.9813628937141347,12.988458407162568,0.0008039689625971539,16,28,64,0,20.530739866408535,acquisition,3.120702369221635
49,20,0.9821547894272599,12.988458407162568,0.0007918957131251742,16,28,64,0,20.376001070940575,acquisition,3.120702369221635
50,20,0.9828576693942709,12.988458407162568,0.0007028799670109634,16,28,64,0,19.196654191401272,acquisition,3.120702369221635
51,20,0.9835344884467705,12.988458407162568,0.0006768190524995629,16,28,64,0,18.83741243899732,acquisition,3.120702369221635
52,20,0.9841760598297974,12.988458407162568,0.0006415713830268924,16,28,64,0,18.340342888408696,acquisition,3.120702369221635
53,20,0.9848007567491727,12.988458407162568,0.0006246969193752529,16,28,64,0,18.09754398987367,acquisition,3.120702369221635
54,20,0.9854117515713436,12.988458407162568,0.0006109948221709611,16,28,64,0,17.89796785465794,acquisition,3.120702369221635
55,20,0.985974163869462,12.988458407162568,0.0005624122981183557,16,28,64,0,17.171663255371524,acquisition,3.120702369221635
56,20,0.9865198181337532,12.988458407162568,0.000545654264291229,16,28,64,0,16.913899104485633,acquisition,3.120702369221635
57,20,0.987045337943188,12.988458407162568,0.0005255198094347862,16,28,64,0,16.598907489619467,acquisition,3.120702369221635
58,20,0.9875674034701325,12.988458407162568,0.0005220655269444672,16,28,64,0,16.544264595038996,acquisition,3.120702369221635
59,20,0.988069432658655,12.988458407162568,0.0005020291885225318,16,28,64,0,16.223682664305944,acquisition,3.120702369221635
60,20,0.9885566280095343,12.988458407162568,0.00048719535087931616,16,28,64,0,15.982198726139497,acquisition,3.120702369221635
61,20,0.9889903472515436,12.988458407162568,0.000433719242009312,16,28,64,0,15.079582021879062,acquisition,3.120702369221635
62,20,0.9894170381547498,12.988458407162568,0.0004266909032061929,16,28,64,0,14.95690209435659,acquisition,3.120702369221635
63,20,0.9898245090939246,12.988458407162568,0.0004074709391747808,16,28,64,0,14.616159678864607,acquisition,3.120702369221635
64,20,0.9902255670992721,12.988458407162568,0.00040105800534753484,16,28,64,0,14.500686173683244,acquisition,3.120702369221635
65,20,0.9906008748715757,12.988458407162568,0.00037530777230357517,16,28,64,0,14.027450278846006,acquisition,3.120702369221635
66,20,0.9909603906616048,12.988458407162568,0.00035951579002916863,16,28,64,0,13.729159279533937,acquisition,3.120702369221635
67,20,0.9913101605066634,12.988458407162568,0.0003497698450586154,16,28,64,0,13.541792072177573,acquisition,3.120702369221635
68,20,0.9916413127419433,12.988458407162568,0.00033115223527990887,16,28,64,0,13.17646170754626,acquisition,3.120702369221635
69,20,0.991949461230942,12.988458407162568,0.00030814848899865125,16,28,64,0,12.71056863401968,acquisition,3.120702369221635
70,20,0.9922541978354292,12.988458407162568,0.0003047366044872154,16,28,64,0,12.640005731541153,acquisition,3.120702369221635
71,20,0.9925484461933659,12.988458407162568,0.00029424835793665123,16,28,64,0,12.420583041302491,acquisition,3.120702369221635
72,20,0.9928260912778892,12.988458407162568,0.0002776450845233794,16,28,64,0,12.065072982563908,acquisition,3.120702369221635
73,20,0.9930941652574113,12.988458407162568,0.00026807397952214045,16,28,64,0,11.855292935043993,acquisition,3.120702369221635
74,20,0.993354017149478,12.988458407162568,0.0002598518920666985,16,28,64,0,11.672070458486157,acquisition,3.120702369221635
75,20,0.9936082099230689,12.988458407162568,0.00025419277359085065,16,28,64,0,11.54427221094513,acquisition,3.120702369221635
76,20,0.9938397725517631,12.988458407162568,0.00023156262869423655,16,28,64,0,11.018416740750185,acquisition,3.120702369221635
77,20,0.9940648735153734,12.988458407162568,0.00022510096361030624,16,28,64,0,10.863596734476122,acquisition,3.120702369221635
78,20,0.9942882007376609,12.988458407162568,0.0002233272222874074,16,28,64,0,10.820710823167778,acquisition,3.120702369221635
79,20,0.9944936515146313,12.988458407162568,0.0002054507769704188,16,28,64,0,10.378601878686116,acquisition,3.120702369221635
80,20,0.9946933877252905,12.988458407162568,0.00019973621065912575,16,28,64,0,10.233244764689827,acquisition,3.120702369221635
81,20,0.9948905129241242,12.988458407162568,0.00019712519883379736,16,28,64,0,10.16613870878093,acquisition,3.120702369221635
82,20,0.9950825589671587,12.988458407162568,0.00019204604303447136,16,28,64,0,10.034312921693092,acquisition,3.120702369221635
83,20,0.995268136795455,12.988458407162568,0.00018557782829627518,16,28,64,0,9.863885058221104,acquisition,3.120702369221635
84,20,0.9954364152217174,12.988458407162568,0.000168278426262403,16,28,64,0,9.39288877546534,acquisition,3.120702369221635
85,20,0.9955997808499606,12.988458407162568,0.00016336562824314143,16,28,64,0,9.254763016973484,acquisition,3.120702369221635
86,20,0.9957554947471678,12.988458407162568,0.00015571389720727118,16,28,64,0,9.03542626216416,acquisition,3.120702369221635
87,20,0.9959023831390222,12.988458407162568,0.00014688839185442366,16,28,64,0,8.77563793627404,acquisition,3.120702369221635
88,20,0.9960473698108844,12.988458407162568,0.0001449866718621196,16,28,64,0,8.718645090680488,acquisition,3.120702369221635
89,20,0.9961862209444051,12.988458407162568,0.00013885113352079745,16,28,64,0,8.53217340959218,acquisition,3.120702369221635
90,20,0.9963153276883444,12.988458407162568,0.00012910674393930622,16,28,64,0,8.227339580110389,acquisition,3.120702369221635
91,20,0.9964388774999323,12.988458407162568,0.00012354981158787173,16,28,64,0,8.048334213847118,acquisition,3.120702369221635
92,20,0.9965591986146622,12.988458407162568,0.00012032111472997793,16,28,64,0,7.942475470503556,acquisition,3.120702369221635
93,20,0.9966757540039393,12.988458407162568,0.00011655538927705891,16,28,64,0,7.817198470890366,acquisition,3.120702369221635
94,20,0.9967898897755708,12.988458407162568,0.0001141357716315151,16,28,64,0,7.735632840120051,acquisition,3.120702369221635
95,20,0.9968988238314135,12.988458407162568,0.00010893405584268308,16,28,64,0,7.557302314295005,acquisition,3.120702369221635
96,20,0.9970025544263535,12.988458407162568,0.00010373059494001904,16,28,64,0,7.374598711788508,acquisition,3.120702369221635
97,20,0.9971055799478831,12.988458407162568,0.00010302552152949976,16,28,64,0,7.349492814586486,acquisition,3.120702369221635
98,20,0.997204672498282,12.988458407162568,9.909255039894337e-05,16,28,64,0,7.207845382883933,acquisition,3.120702369221635
99,20,0.9973013585239466,12.988458407162568,9.668602566460656e-05,16,28,64,0,7.119783916920882,acquisition,3.120702369221635
100,20,0.9973925177095565,12.988458407162568,9.115918560981575e-05,16,28,64,0,6.9132963993307195,acquisition,3.120702369221635
101,20,0.9974811499456234,12.988458407162568,8.863223606687083e-05,16,28,64,0,6.816804073979799,acquisition,3.120702369221635
102,20,0.9975675306448684,12.988458407162568,8.638069924489833e-05,16,28,64,0,6.729662996444121,acquisition,3.120702369221635
103,20,0.9976511114182782,12.988458407162568,8.358077340990565e-05,16,28,64,0,6.619697616170441,acquisition,3.120702369221635
104,20,0.9977293184174407,12.988458407162568,7.820699916244803e-05,16,28,64,0,6.403357804845951,acquisition,3.120702369221635
105,20,0.9978067147472071,12.988458407162568,7.73963297662918e-05,16,28,64,0,6.370083746742236,acquisition,3.120702369221635
106,20,0.9978816271243973,12.988458407162568,7.491237719023752e-05,16,28,64,0,6.267029632315078,acquisition,3.120702369221635
107,20,0.9979560427378315,12.988458407162568,7.441561343407746e-05,16,28,64,0,6.246215905340257,acquisition,3.120702369221635
108,20,0.9980286062951681,12.988458407162568,7.25635573366496e-05,16,28,64,0,6.167998244886046,acquisition,3.120702369221635
109,20,0.9980994140547792,12.988458407162568,7.080775961112194e-05,16,28,64,0,6.092918731691397,acquisition,3.120702369221635
110,20,0.9981642301369139,12.988458407162568,6.48160821346879e-05,16,28,64,0,5.829433426177132,acquisition,3.120702369221635
111,20,0.9982268853993537,12.988458407162568,6.265526243970628e-05,16,28,64,0,5.73143980462054,acquisition,3.120702369221635
112,20,0.9982890955167312,12.988458407162568,6.221011737749424e-05,16,28,64,0,5.711043514070936,acquisition,3.120702369221635
113,20,0.9983476473060485,12.988458407162568,5.855178931729855e-05,16,28,64,0,5.540577633928418,acquisition,3.120702369221635
114,20,0.9984042735922162,12.988458407162568,5.662628616759992e-05,16,28,64,0,5.448713822751075,acquisition,3.120702369221635
115,20,0.9984597537596929,12.988458407162568,5.54801674767103e-05,16,28,64,0,5.393290836403086,acquisition,3.120702369221635
116,20,0.9985131678419076,12.988458407162568,5.3414082214731985e-05,16,28,64,0,5.291914808100883,acquisition,3.120702369221635
117,20,0.9985642877677394,12.988458407162568,5.1119925831815465e-05,16,28,64,0,5.177022665056709,acquisition,3.120702369221635
118,20,0.998612980728843,12.988458407162568,4.8692961103572434e-05,16,28,64,0,5.052636459420942,acquisition,3.120702369221635
119,20,0.9986607571363586,12.988458407162568,4.777640751566525e-05,16,28,64,0,5.004857354967583,acquisition,3.120702369221635
120,20,0.998708347968424,12.988458407162568,4.759083206539328e-05,16,28,64,0,4.995127842398122,acquisition,3.120702369221635
121,20,0.9987532737451847,12.988458407162568,4.4925776760783604e-05,16,28,64,0,4.853251038876695,acquisition,3.120702369221635
122,20,0.9987965259206283,12.988458407162568,4.325217544350358e-05,16,28,64,0,4.761995018783998,acquisition,3.120702369221635
123,20,0.9988357427861405,12.988458407162568,3.9216865512200266e-05,16,28,64,0,4.534416388650303,acquisition,3.120702369221635
124,20,0.9988744238659291,12.988458407162568,3.8681079788599526e-05,16,28,64,0,4.50333498201114,acquisition,3.120702369221635
125,20,0.9989118909156125,12.988458407162568,3.7467049683400554e-05,16,28,64,0,4.432101594549781,acquisition,3.120702369221635
126,20,0.9989489808802545,12.988458407162568,3.7089964642041474e-05,16,28,64,0,4.409741872518917,acquisition,3.120702369221635
127,20,0.9989854010019967,12.988458407162568,3.642012174216685e-05,16,28,64,0,4.369740585888043,acquisition,3.120702369221635
128,20,0.9990194242597855,12.988458407162568,3.402325778881655e-05,16,28,64,0,4.223503969405386,acquisition,3.120702369221635
129,20,0.9990524156242576,12.988458407162568,3.2991364472125986e-05,16,28,64,0,4.158963392043983,acquisition,3.120702369221635
130,20,0.9990838922388692,12.988458407162568,3.147661461155181e-05,16,28,64,0,4.062365237329268,acquisition,3.120702369221635
131,20,0.99911400391574,12.988458407162568,3.0111676870788545e-05,16,28,64,0,3.9733098096211914,acquisition,3.120702369221635
132,20,0.9991429472531997,12.988458407162568,2.8943337459771502e-05,16,28,64,0,3.8954646077340613,acquisition,3.120702369221635
133,20,0.9991712108157097,12.988458407162568,2.8263562509976346e-05,16,28,64,0,3.849447578709247,acquisition,3.120702369221635
134,20,0.9991989330971495,12.988458407162568,2.7722281439823588e-05,16,28,64,0,3.812408620743877,acquisition,3.120702369221635
135,20,0.9992254755925633,12.988458407162568,2.6542495413789132e-05,16,28,64,0,3.730403709453533,acquisition,3.120702369221635
136,20,0.9992506114840716,12.988458407162568,2.5135891508296892e-05,16,28,64,0,3.6302129809560713,acquisition,3.120702369221635
137,20,0.9992752439513158,12.988458407162568,2.4632467244266394e-05,16,28,64,0,3.593675971280931,acquisition,3.120702369221635
138,20,0.9992980538064591,12.988458407162568,2.2809855143239424e-05,16,28,64,0,3.458169072405037,acquisition,3.120702369221635
139,20,0.9993204157183049,12.988458407162568,2.236191184583767e-05,16,28,64,0,3.424044689812115,acquisition,3.120702369221635
140,20,0.9993427447898117,12.988458407162568,2.23290715068191e-05,16,28,64,0,3.4215295179447414,acquisition,3.120702369221635
141,20,0.999364035226811,12.988458407162568,2.1290436999347923e-05,16,28,64,0,3.3410059313796685,acquisition,3.120702369221635
142,20,0.999385021811419,12.988458407162568,2.09865846079055e-05,16,28,64,0,3.3170792078136393,acquisition,3.120702369221635
143,20,0.9994053023941246,12.988458407162568,2.0280582705590223e-05,16,28,64,0,3.260807591003874,acquisition,3.120702369221635
144,20,0.99942498501987,12.988458407162568,1.9682625745408393e-05,16,28,64,0,3.2123767660112157,acquisition,3.120702369221635
145,20,0.9994445093236132,12.988458407162568,1.952430374323642e-05,16,28,64,0,3.1994309120426303,acquisition,3.120702369221635
146,20,0.9994628352939138,12.988458407162568,1.8325970300634763e-05,16,28,64,0,3.0996913260805825,acquisition,3.120702369221635
147,20,0.99948099812711,12.988458407162568,1.816283319626466e-05,16,28,64,0,3.0858638159846277,acquisition,3.120702369221635
148,20,0.9994982423701483,12.988458407162568,1.7244243038252317e-05,16,28,64,0,3.006817203296408,acquisition,3.120702369221635
149,20,0.9995152344817155,12.988458407162568,1.6992111567233702e-05,16,28,64,0,2.984754627999063,acquisition,3.120702369221635
150,20,0.9995318772925991,12.988458407162568,1.664281088356168e-05,16,28,64,0,2.953917065951715,acquisition,3.120702369221635
151,20,0.9995475197114745,12.988458407162568,1.564241887542552e-05,16,28,64,0,2.863761950190535,acquisition,3.120702369221635
152,20,0.9995628391355217,12.988458407162568,1.5319424047194138e-05,16,28,64,0,2.8340413184806112,acquisition,3.120702369221635
153,20,0.9995776856792388,12.988458407162568,1.48465437170872e-05,16,28,64,0,2.7899578334348023,acquisition,3.120702369221635
154,20,0.9995915804177369,12.988458407162568,1.389473849812478e-05,16,28,64,0,2.6990451381377167,acquisition,3.120702369221635
155,20,0.9996053513761102,12.988458407162568,1.3770958373285627e-05,16,28,64,0,2.6869961339036528,acquisition,3.120702369221635
156,20,0.9996188052172977,12.988458407162568,1.345384118759946e-05,16,28,64,0,2.6558779129628958,acquisition,3.120702369221635
157,20,0.9996321629758789,12.988458407162568,1.3357758581141344e-05,16,28,64,0,2.6463772465371287,acquisition,3.120702369221635
158,20,0.9996449935896461,12.988458407162568,1.2830613767217145e-05,16,28,64,0,2.5936339045414147,acquisition,3.120702369221635
159,20,0.9996574711109945,12.988458407162568,1.24775213483443e-05,16,28,64,0,2.557697150305473,acquisition,3.120702369221635
160,20,0.9996694737259354,12.988458407162568,1.2002614940895483e-05,16,28,64,0,2.5085507732816996,acquisition,3.120702369221635
161,20,0.9996810697531164,12.988458407162568,1.1596027181056795e-05,16,28,64,0,2.4656962300133216,acquisition,3.120702369221635
162,20,0.9996921513644713,12.988458407162568,1.1081611354875427e-05,16,28,64,0,2.4103850012031125,acquisition,3.120702369221635
163,20,0.9997030778473227,12.988458407162568,1.092648285139277e-05,16,28,64,0,2.393454374161123,acquisition,3.120702369221635
164,20,0.999713388362586,12.988458407162568,1.0310515263317993e-05,16,28,64,0,2.3250117045671974,acquisition,3.120702369221635
165,20,0.9997235781365381,12.988458407162568,1.018977395202083e-05,16,28,64,0,2.31135808687384,acquisition,3.120702369221635
166,20,0.9997334373783339,12.988458407162568,9.85924179577503e-06,16,28,64,0,2.273561559013369,acquisition,3.120702369221635
167,20,0.9997431099974227,12.988458407162568,9.672619088819072e-06,16,28,64,0,2.2519409665528034,acquisition,3.120702369221635
168,20,0.9997518543026422,12.988458407162568,8.744305219604815e-06,16,28,64,0,2.1411525622841943,acquisition,3.120702369221635
169,20,0.9997602963007943,12.988458407162568,8.441998152081604e-06,16,28,64,0,2.103815183698074,acquisition,3.120702369221635
170,20,0.999768594016504,12.988458407162568,8.297715709666388e-06,16,28,64,0,2.0857595196929037,acquisition,3.120702369221635
171,20,0.9997763955477952,12.988458407162568,7.801531291156003e-06,16,28,64,0,2.0224364607021896,acquisition,3.120702369221635
172,20,0.9997840184613629,12.988458407162568,7.622913567698054e-06,16,28,64,0,1.9991503466676233,acquisition,3.120702369221635
173,20,0.9997916354792494,12.988458407162568,7.617017886505185e-06,16,28,64,0,1.9983771099770011,acquisition,3.120702369221635
174,20,0.999798838389811,12.988458407162568,7.2029105615130315e-06,16,28,64,0,1.943296058884118,acquisition,3.120702369221635
175,20,0.999805958698465,12.988458407162568,7.120308654009154e-06,16,28,64,0,1.9321212134835517,acquisition,3.120702369221635
176,20,0.9998129024564023,12.988458407162568,6.9437579373394075e-06,16,28,64,0,1.9080170233653064,acquisition,3.120702369221635
177,20,0.9998196867406385,12.988458407162568,6.78428423617304e-06,16,28,64,0,1.8859795369024266,acquisition,3.120702369221635
178,20,0.9998260100109965,12.988458407162568,6.323270358016735e-06,16,28,64,0,1.820773124105219,acquisition,3.120702369221635
179,20,0.9998322443516924,12.988458407162568,6.234340695931196e-06,16,28,64,0,1.807924228165654,acquisition,3.120702369221635
180,20,0.999838332470494,12.988458407162568,6.08811880166317e-06,16,28,64,0,1.7865966613330444,acquisition,3.120702369221635
181,20,0.999844384640153,12.988458407162568,6.052169658948032e-06,16,28,64,0,1.781314100923963,acquisition,3.120702369221635
182,20,0.9998502135809254,12.988458407162568,5.828940772355421e-06,16,28,64,0,1.7481543695156558,acquisition,3.120702369221635
183,20,0.999855958320398,12.988458407162568,5.744739472586668e-06,16,28,64,0,1.7354820565489923,acquisition,3.120702369221635
184,20,0.9998613937920159,12.988458407162568,5.435471617854503e-06,16,28,64,0,1.6881210097566175,acquisition,3.120702369221635
185,20,0.9998667091274525,12.988458407162568,5.315335436556386e-06,16,28,64,0,1.6693611309004637,acquisition,3.120702369221635
186,20,0.9998718767307745,12.988458407162568,5.1676033220098225e-06,16,28,64,0,1.6459989096259713,acquisition,3.120702369221635
187,20,0.9998768879470742,12.988458407162568,5.011216299691274e-06,16,28,64,0,1.6209011602601002,acquisition,3.120702369221635
188,20,0.9998818616980771,12.988458407162568,4.973751002953547e-06,16,28,64,0,1.6148306306967644,acquisition,3.120702369221635
189,20,0.999886480600653,12.988458407162568,4.618902575826286e-06,16,28,64,0,1.5561604010110308,acquisition,3.120702369221635
190,20,0.999890803252908,12.988458407162568,4.322652255033574e-06,16,28,64,0,1.5054284126078672,acquisition,3.120702369221635
191,20,0.9998951171335558,12.988458407162568,4.313880647825543e-06,16,28,64,0,1.5039002151363496,acquisition,3.120702369221635
192,20,0.9998993554039797,12.988458407162568,4.238270423842058e-06,16,28,64,0,1.4906623775943717,acquisition,3.120702369221635
193,20,0.999903347019031,12.988458407162568,3.991615051428359e-06,16,28,64,0,1.4466360537755416,acquisition,3.120702369221635
194,20,0.9999072631447656,12.988458407162568,3.916125734563619e-06,16,28,64,0,1.432891387762133,acquisition,3.120702369221635
195,20,0.9999110789451758,12.988458407162568,3.81580041015678e-06,16,28,64,0,1.4144180306544025,acquisition,3.120702369221635
196,20,0.9999148471224028,12.988458407162568,3.768177226939903e-06,16,28,64,0,1.4055639800300335,acquisition,3.120702369221635
197,20,0.999918429841145,12.988458407162568,3.582718742288937e-06,16,28,64,0,1.3705387422313835,acquisition,3.120702369221635
198,20,0.9999219159314096,12.988458407162568,3.486090264596464e-06,16,28,64,0,1.35193020997563,acquisition,3.120702369221635
199,20,0.9999252179421289,12.988458407162568,3.302010719341249e-06,16,28,64,0,1.3157524828104963,acquisition,3.120702369221635
200,20,0.9999283574434161,12.988458407162568,3.1395012873261194e-06,16,28,64,0,1.2829664262675142,acquisition,3.120702369221635
201,20,0.9999314063054907,12.988458407162568,3.048862074545071e-06,16,28,64,0,1.2643108001354282,acquisition,3.120702369221635
202,20,0.9999343680356966,12.988458407162568,2.961730205870149e-06,16,28,64,0,1.2461138014544455,acquisition,3.120702369221635
203,20,0.9999371252349046,12.988458407162568,2.7571992080874105e-06,16,28,64,0,1.2023171205675034,acquisition,3.120702369221635
204,20,0.9999398056403315,12.988458407162568,2.6804054268155726e-06,16,28,64,0,1.1854553557238177,acquisition,3.120702369221635
205,20,0.9999424576379442,12.988458407162568,2.6519976127555458e-06,16,28,64,0,1.1791567005264312,acquisition,3.120702369221635
206,20,0.9999450317127457,12.988458407162568,2.5740748014787197e-06,16,28,64,0,1.1617041488768451,acquisition,3.120702369221635
207,20,0.9999475771438561,12.988458407162568,2.5454311103183457e-06,16,28,64,0,1.1552224833193756,acquisition,3.120702369221635
208,20,0.9999500555025383,12.988458407162568,2.478358682301742e-06,16,28,64,0,1.1399007486735921,acquisition,3.120702369221635
209,20,0.9999524329963845,12.988458407162568,2.3774938461108974e-06,16,28,64,0,1.116463834429844,acquisition,3.120702369221635
210,20,0.9999547882772863,12.988458407162568,2.3552809018383e-06,16,28,64,0,1.1112360295918229,acquisition,3.120702369221635
211,20,0.9999569602771448,12.988458407162568,2.1719998584645855e-06,16,28,64,0,1.067123920542821,acquisition,3.120702369221635
212,20,0.9999591006698525,12.988458407162568,2.1403927077070224e-06,16,28,64,0,1.059331020945908,acquisition,3.120702369221635
213,20,0.9999612042216027,12.988458407162568,2.10355175026778e-06,16,28,64,0,1.050174718817966,acquisition,3.120702369221635
214,20,0.9999631658155594,12.988458407162568,1.9615939566694102e-06,16,28,64,0,1.0141203934219507,acquisition,3.120702369221635
215,20,0.9999650531416645,12.988458407162568,1.8873261050736593e-06,16,28,64,0,0.9947373668345122,acquisition,3.120702369221635
216,20,0.9999668627763199,12.988458407162568,1.8096346553922415e-06,16,28,64,0,0.9740481169871885,acquisition,3.120702369221635
217,20,0.9999686241624844,12.988458407162568,1.761386164614012e-06,16,28,64,0,0.9609753532079537,acquisition,3.120702369221635
218,20,0.999970270096571,12.988458407162568,1.6459340865631928e-06,16,28,64,0,0.9289475175573932,acquisition,3.120702369221635
219,20,0.9999718275471442,12.988458407162568,1.5574505732116154e-06,16,28,64,0,0.9036330262490253,acquisition,3.120702369221635
220,20,0.9999733154241307,12.988458407162568,1.4878769865371903e-06,16,28,64,0,0.8832191401445117,acquisition,3.120702369221635
221,20,0.9999747886227559,12.988458407162568,1.4731986251495972e-06,16,28,64,0,0.8788517285540447,acquisition,3.120702369221635
222,20,0.9999761632087842,12.988458407162568,1.3745860283001458e-06,16,28,64,0,0.8489281239336031,acquisition,3.120702369221635
223,20,0.9999775014685895,12.988458407162568,1.338259805318032e-06,16,28,64,0,0.8376356945657106,acquisition,3.120702369221635
224,20,0.9999788115282761,12.988458407162568,1.3100596864744554e-06,16,28,64,0,0.8287632791710304,acquisition,3.120702369221635
225,20,0.9999800910941551,12.988458407162568,1.2795658790863554e-06,16,28,64,0,0.8190610695268254,acquisition,3.120702369221635
226,20,0.9999813135675708,12.988458407162568,1.222473415766034e-06,16,28,64,0,0.8005798787161357,acquisition,3.120702369221635
227,20,0.9999825064241087,12.988458407162568,1.192856537910799e-06,16,28,64,0,0.7908225898064477,acquisition,3.120702369221635
228,20,0.9999836322300715,12.988458407162568,1.1258059627621447e-06,16,28,64,0,0.7682750527022464,acquisition,3.120702369221635
229,20,0.9999847373135631,12.988458407162568,1.1050834916486857e-06,16,28,64,0,0.7611714745505813,acquisition,3.120702369221635
230,20,0.9999857867560086,12.988458407162568,1.0494424455416208e-06,16,28,64,0,0.7417614716929731,acquisition,3.120702369221635
231,20,0.9999868206323744,12.988458407162568,1.033876365864683e-06,16,28,64,0,0.7362397517836585,acquisition,3.120702369221635
232,20,0.9999877854253943,12.988458407162568,9.647930199485634e-07,16,28,64,0,0.7112168465684657,acquisition,3.120702369221635
233,20,0.9999887285000231,12.988458407162568,9.430746287681903e-07,16,28,64,0,0.7031662043696476,acquisition,3.120702369221635
234,20,0.9999896559267696,12.988458407162568,9.274267465522363e-07,16,28,64,0,0.6973081916171493,acquisition,3.120702369221635
235,20,0.9999904715385276,12.988458407162568,8.156117580277722e-07,16,28,64,0,0.6539231280455408,acquisition,3.120702369221635
236,20,0.9999912710467495,12.988458407162568,7.995082218670448e-07,16,28,64,0,0.6474353764092825,acquisition,3.120702369221635
237,20,0.9999920303670948,12.988458407162568,7.593203453904849e-07,16,28,64,0,0.6309536791588481,acquisition,3.120702369221635
238,20,0.9999927388307092,12.988458407162568,7.084636143470198e-07,16,28,64,0,0.6094579324602891,acquisition,3.120702369221635
239,20,0.9999933961375425,12.988458407162568,6.573068333441756e-07,16,28,64,0,0.5870418085965864,acquisition,3.120702369221635
240,20,0.9999940431377581,12.988458407162568,6.470002156016736e-07,16,28,64,0,0.5824211955598545,acquisition,3.120702369221635
241,20,0.9999946686365208,12.988458407162568,6.254987627225486e-07,16,28,64,0,0.5726617634435528,acquisition,3.120702369221635
242,20,0.999995244382187,12.988458407162568,5.757456662698558e-07,16,28,64,0,0.5494147284859501,acquisition,3.120702369221635
243,20,0.9999957918355201,12.988458407162568,5.474533331510117e-07,16,28,64,0,0.5357454742049416,acquisition,3.120702369221635
244,20,0.9999963056469743,12.988458407162568,5.13811454136406e-07,16,28,64,0,0.5190232939534295,acquisition,3.120702369221635
245,20,0.9999968050920072,12.988458407162568,4.994450328888919e-07,16,28,64,0,0.5117157779502713,acquisition,3.120702369221635
246,20,0.999997288118808,12.988458407162568,4.830268007537975e-07,16,28,64,0,0.5032346920807498,acquisition,3.120702369221635
247,20,0.9999977093989041,12.988458407162568,4.212800961595653e-07,16,28,64,0,0.4699703172066362,acquisition,3.120702369221635
248,20,0.9999981166491027,12.988458407162568,4.072501986155795e-07,16,28,64,0,0.4620783398210362,acquisition,3.120702369221635
249,20,0.9999984739810895,12.988458407162568,3.573319869217608e-07,16,28,64,0,0.4328335393187965,acquisition,3.120702369221635
250,20,0.9999988038814349,12.988458407162568,3.2990034534206143e-07,16,28,64,0,0.41588795637611187,acquisition,3.120702369221635
251,20,0.9999990955783835,12.988458407162568,2.9169694862691253e-07,16,28,64,0,0.39106675875316577,acquisition,3.120702369221635
252,20,0.9999993528110404,12.988458407162568,2.5723265681509317e-07,16,28,64,0,0.36723833565720176,acquisition,3.120702369221635
253,20,0.9999995859204003,12.988458407162568,2.3310935996405278e-07,16,28,64,0,0.3495946797604811,acquisition,3.120702369221635
254,20,0.9999998086365022,12.988458407162568,2.2271610190812625e-07,16,28,64,0,0.3417124224215557,acquisition,3.120702369221635
255,20,0.9999999999999997,12.988458407162568,1.9136349743981227e-07,16,28,64,0,0.31674845752698516,acquisition,3.120702369221635
256,20,0.9999999999999997,12.988458407162568,3.113765774718101e-32,16,28,64,0,1.2776971591482092e-13,acquisition,3.120702369221635
1,20,0.3671446026099469,8.078635197461196,0.3671446026099469,9,10,12,0,33.5837493323446,structural,2.723722459464824
2,20,0.5048292976678678,8.078635197461196,0.1376846950579209,9,10,12,0,20.566170844810486,structural,2.723722459464824
3,20,0.5908889300523673,8.078635197461196,0.0860596323844995,9,10,12,0,16.259618405275763,structural,2.723722459464824
4,20,0.663627290859991,8.078635197461196,0.07273836080762369,9,10,12,0,14.948319116242464,structural,2.723722459464824
5,20,0.725690062145975,8.078635197461196,0.062062771285984024,9,10,12,0,13.807854047263929,structural,2.723722459464824
6,20,0.7829940478038752,8.078635197461196,0.05730398565790014,9,10,12,0,13.26792538195287,structural,2.723722459464824
7,20,0.8364117158851573,8.078635197461196,0.053417668081282094,9,10,12,0,12.810116172217118,structural,2.723722459464824
8,20,0.8787203716844825,8.078635197461196,0.04230865579932524,9,10,12,0,11.400534663581665,structural,2.723722459464824
9,20,0.9185174545947682,8.078635197461196,0.039797082910285754,9,10,12,0,11.056972402081765,structural,2.723722459464824
10,20,0.9531586147969566,8.078635197461196,0.03464116020218846,9,10,12,0,10.315892794185238,structural,2.723722459464824
11,20,0.9805761364407644,8.078635197461196,0.02741752164380777,9,10,12,0,9.177506550789133,structural,2.723722459464824
12,20,0.9999999999999999,8.078635197461196,0.019423863559235515,9,10,12,0,7.724642959643603,structural,2.723722459464824
1,24,0.39698146659106537,9.61122893416619,0.39698146659106537,11,18,43,0,456.21554023958527,acquisition,2.5190092842044693
2,24,0.5612344438715959,9.61122893416619,0.16425297728053054,11,18,43,0,293.4550475838759,acquisition,2.5190092842044693
3,24,0.6653014567524238,9.61122893416619,0.10406701288082792,11,18,43,0,233.58314590154737,acquisition,2.5190092842044693
4,24,0.735748807606777,9.61122893416619,0.07044735085435312,11,18,43,0,192.1840281728092,acquisition,2.5190092842044693
5,24,0.7783595806726992,9.61122893416619,0.04261077306592222,11,18,43,0,149.46677553619148,acquisition,2.5190092842044693
6,24,0.8105677957889356,9.61122893416619,0.03220821511623638,11,18,43,0,129.94760746878472,acquisition,2.5190092842044693
7,24,0.8367088901328761,9.61122893416619,0.026141094343940536,11,18,43,0,117.0703295946326,acquisition,2.5190092842044693
8,24,0.857783829211222,9.61122893416619,0.02107493907834595,11,18,43,0,105.115829728485,acquisition,2.5190092842044693
9,24,0.8764723946185898,9.61122893416619,0.01868856540736783,11,18,43,0,98.98580999465567,acquisition,2.5190092842044693
10,24,0.890654293065338,9.61122893416619,0.014181898446748196,11,18,43,0,86.22876070574553,acquisition,2.5190092842044693
11,24,0.9034459709615589,9.61122893416619,0.012791677896220783,11,18,43,0,81.89336493791062,acquisition,2.5190092842044693
12,24,0.9134244360263882,9.61122893416619,0.009978465064829382,11,18,43,0,72.32972758077602,acquisition,2.5190092842044693
13,24,0.9221945103445534,9.61122893416619,0.008770074318165141,11,18,43,0,67.8088838141594,acquisition,2.5190092842044693
14,24,0.9305500605899037,9.61122893416619,0.008355550245350417,11,18,43,0,66.18696795468337,acquisition,2.5190092842044693
15,24,0.9374928732558416,9.61122893416619,0.006942812665937868,11,18,43,0,60.33268904167322,acquisition,2.5190092842044693
16,24,0.9434052174494542,9.61122893416619,0.005912344193612544,11,18,43,0,55.67558812065425,acquisition,2.5190092842044693
17,24,0.9491391382959552,9.61122893416619,0.005733920846501046,11,18,43,0,54.829060659201005,acquisition,2.5190092842044693
18,24,0.9539387913076375,9.61122893416619,0.004799653011682323,11,18,43,0,50.16373668486932,acquisition,2.5190092842044693
19,24,0.9577066053148836,9.61122893416619,0.0037678140072461195,11,18,43,0,44.44569349477017,acquisition,2.5190092842044693
20,24,0.961291605939662,9.61122893416619,0.003585000624778382,11,18,43,0,43.35404026805126,acquisition,2.5190092842044693
21,24,0.9641985943575825,9.61122893416619,0.0029069884179204844,11,18,43,0,39.039712392059144,acquisition,2.5190092842044693
22,24,0.9669974232568849,9.61122893416619,0.002798828899302433,11,18,43,0,38.30655826301125,acquisition,2.5190092842044693
23,24,0.9694033152787237,9.61122893416619,0.002405892021838849,11,18,43,0,35.51591638048845,acquisition,2.5190092842044693
24,24,0.9715847570204129,9.61122893416619,0.0021814417416891785,11,18,43,0,33.81868903234921,acquisition,2.5190092842044693
25,24,0.9734875614243376,9.61122893416619,0.001902804403924654,11,18,43,0,31.585083747314172,acquisition,2.5190092842044693
26,24,0.975070317566088,9.61122893416619,0.0015827561417503706,11,18,43,0,28.806597370151493,acquisition,2.5190092842044693
27,24,0.9765450955968712,9.61122893416619,0.001474778030783166,11,18,43,0,27.806625545061113,acquisition,2.5190092842044693
28,24,0.9779947094984287,9.61122893416619,0.0014496139015574736,11,18,43,0,27.568372698071343,acquisition,2.5190092842044693
29,24,0.9792040873476984,9.61122893416619,0.001209377849269655,11,18,43,0,25.18059359582076,acquisition,2.5190092842044693
30,24,0.9803990651904047,9.61122893416619,0.0011949778427062536,11,18,43,0,25.03023258375313,acquisition,2.5190092842044693
31,24,0.9814971570906482,9.61122893416619,0.0010980919002435631,11,18,43,0,23.994091068321335,acquisition,2.5190092842044693
32,24,0.9825325961943286,9.61122893416619,0.0010354391036804067,11,18,43,0,23.299534261233497,acquisition,2.5190092842044693
33,24,0.9835149435702933,9.61122893416619,0.0009823473759647378,11,18,43,0,22.694337202258207,acquisition,2.5190092842044693
34,24,0.984404459269786,9.61122893416619,0.000889515699492671,11,18,43,0,21.59542560487322,acquisition,2.5190092842044693
35,24,0.9851763942745625,9.61122893416619,0.0007719350047765068,11,18,43,0,20.11756098000614,acquisition,2.5190092842044693
36,24,0.9858660956026549,9.61122893416619,0.0006897013280923811,11,18,43,0,19.015838921880324,acquisition,2.5190092842044693
37,24,0.9865511470674198,9.61122893416619,0.0006850514647648197,11,18,43,0,18.951629543620204,acquisition,2.5190092842044693
38,24,0.987194120508264,9.61122893416619,0.0006429734408442413,11,18,43,0,18.36037198297861,acquisition,2.5190092842044693
39,24,0.9878064904132023,9.61122893416619,0.0006123699049382598,11,18,43,0,17.918096794031186,acquisition,2.5190092842044693
40,24,0.9883961881278391,9.61122893416619,0.0005896977146368118,11,18,43,0,17.583271464989245,acquisition,2.5190092842044693
41,24,0.9889608028652507,9.61122893416619,0.000564614737411551,11,18,43,0,17.205253019006364,acquisition,2.5190092842044693
42,24,0.989506626933535,9.61122893416619,0.0005458240682842774,11,18,43,0,16.91653064646021,acquisition,2.5190092842044693
43,24,0.9900163887632667,9.61122893416619,0.0005097618297317135,11,18,43,0,16.348150053947414,acquisition,2.5190092842044693
44,24,0.9904706096575371,9.61122893416619,0.00045422089427037615,11,18,43,0,15.431868461570918,acquisition,2.5190092842044693
45,24,0.9909087685770904,9.61122893416619,0.00043815891955337617,11,18,43,0,15.156565033502831,acquisition,2.5190092842044693
46,24,0.9913287292611904,9.61122893416619,0.0004199606840999421,11,18,43,0,14.838475229800084,acquisition,2.5190092842044693
47,24,0.9916970561632777,9.61122893416619,0.0003683269020873212,11,18,43,0,13.896379918581589,acquisition,2.5190092842044693
48,24,0.9920444811634969,9.61122893416619,0.00034742500021914984,11,18,43,0,13.496323888929822,acquisition,2.5190092842044693
49,24,0.9923848621247667,9.61122893416619,0.00034038096126985223,11,18,43,0,13.35880434104222,acquisition,2.5190092842044693
50,24,0.9927122344400118,9.61122893416619,0.0003273723152450751,11,18,43,0,13.101044859674746,acquisition,2.5190092842044693
51,24,0.9930207496620681,9.61122893416619,0.0003085152220563539,11,18,43,0,12.718129923124776,acquisition,2.5190092842044693
52,24,0.9933143960461965,9.61122893416619,0.0002936463841283928,11,18,43,0,12.407871511339362,acquisition,2.5190092842044693
53,24,0.9935814312763991,9.61122893416619,0.00026703523020258203,11,18,43,0,11.832301837446991,acquisition,2.5190092842044693
54,24,0.9938455959876178,9.61122893416619,0.0002641647112187073,11,18,43,0,11.768533813327544,acquisition,2.5190092842044693
55,24,0.9940987578383235,9.61122893416619,0.0002531618507057235,11,18,43,0,11.520838527763614,acquisition,2.5190092842044693
56,24,0.9943437523368909,9.61122893416619,0.00024499449856736947,11,18,43,0,11.33347588627995,acquisition,2.5190092842044693
57,24,0.9945737733070485,9.61122893416619,0.00023002097015769457,11,18,43,0,10.981677212613631,acquisition,2.5190092842044693
58,24,0.9947995754857528,9.61122893416619,0.00022580217870426337,11,18,43,0,10.880504246977754,acquisition,2.5190092842044693
59,24,0.9950125899721948,9.61122893416619,0.00021301448644194077,11,18,43,0,10.567920281099415,acquisition,2.5190092842044693
60,24,0.9952018147802102,9.61122893416619,0.0001892248080153782,11,18,43,0,9.960336146173315,acquisition,2.5190092842044693
61,24,0.9953796052712526,9.61122893416619,0.00017779049104236372,11,18,43,0,9.654709781636052,acquisition,2.5190092842044693
62,24,0.9955482234110763,9.61122893416619,0.00016861813982372363,11,18,43,0,9.402364983976133,acquisition,2.5190092842044693
63,24,0.9957095917691412,9.61122893416619,0.0001613683580649453,11,18,43,0,9.198015748690263,acquisition,2.5190092842044693
64,24,0.9958642739363218,9.61122893416619,0.0001546821671805765,11,18,43,0,9.005443024458605,acquisition,2.5190092842044693
65,24,0.9960119474914381,9.61122893416619,0.00014767355511621517,11,18,43,0,8.799060908117996,acquisition,2.5190092842044693
66,24,0.9961524315171922,9.61122893416619,0.00014048402575422288,11,18,43,0,8.582196041493697,acquisition,2.5190092842044693
67,24,0.9962879759655476,9.61122893416619,0.00013554444835535927,11,18,43,0,8.429966058017948,acquisition,2.5190092842044693
68,24,0.9964199469556964,9.61122893416619,0.00013197099014877422,11,18,43,0,8.318101134460953,acquisition,2.5190092842044693
69,24,0.9965457975449669,9.61122893416619,0.0001258505892704493,11,18,43,0,8.122927658635486,acquisition,2.5190092842044693
70,24,0.9966699477958473,9.61122893416619,0.0001241502508804275,11,18,43,0,8.06786754561561,acquisition,2.5190092842044693
71,24,0.9967893965474985,9.61122893416619,0.00011944875165124926,11,18,43,0,7.913630463051091,acquisition,2.5190092842044693
72,24,0.9968993768861377,9.61122893416619,0.0001099803386391629,11,18,43,0,7.59350852929326,acquisition,2.5190092842044693
73,24,0.9970053246954298,9.61122893416619,0.00010594780929209086,11,18,43,0,7.452997050726089,acquisition,2.5190092842044693
74,24,0.9971043588107279,9.61122893416619,9.90341152980586e-05,11,18,43,0,7.205719828121865,acquisition,2.5190092842044693
75,24,0.9972007780488175,9.61122893416619,9.641923808956453e-05,11,18,43,0,7.109954254388818,acquisition,2.5190092842044693
76,24,0.9972951147065527,9.61122893416619,9.433665773529606e-05,11,18,43,0,7.032750358908166,acquisition,2.5190092842044693
77,24,0.9973855717402189,9.61122893416619,9.045703366615411e-05,11,18,43,0,6.886620162805602,acquisition,2.5190092842044693
78,24,0.9974734968598217,9.61122893416619,8.792511960274253e-05,11,18,43,0,6.789557062598614,acquisition,2.5190092842044693
79,24,0.9975590642706657,9.61122893416619,8.556741084394504e-05,11,18,43,0,6.697907635713581,acquisition,2.5190092842044693
80,24,0.9976435208496209,9.61122893416619,8.445657895523814e-05,11,18,43,0,6.654289659105917,acquisition,2.5190092842044693
81,24,0.9977272244619173,9.61122893416619,8.370361229641272e-05,11,18,43,0,6.624560323799736,acquisition,2.5190092842044693
82,24,0.9978051232240507,9.61122893416619,7.78987621334194e-05,11,18,43,0,6.390726578520335,acquisition,2.5190092842044693
83,24,0.9978791738751662,9.61122893416619,7.405065111553055e-05,11,18,43,0,6.2308801763522395,acquisition,2.5190092842044693
84,24,0.9979489300312161,9.61122893416619,6.975615604981893e-05,11,18,43,0,6.047504902275607,acquisition,2.5190092842044693
85,24,0.9980132661703166,9.61122893416619,6.433613910055219e-05,11,18,43,0,5.807810749047384,acquisition,2.5190092842044693
86,24,0.9980773712778203,9.61122893416619,6.41051075036662e-05,11,18,43,0,5.797373422756393,acquisition,2.5190092842044693
87,24,0.9981387891218291,9.61122893416619,6.141784400882782e-05,11,18,43,0,5.674560652570412,acquisition,2.5190092842044693
88,24,0.9981994274007309,9.61122893416619,6.063827890173804e-05,11,18,43,0,5.6384325808538724,acquisition,2.5190092842044693
89,24,0.998257142254258,9.61122893416619,5.7714853527174255e-05,11,18,43,0,5.500836765988895,acquisition,2.5190092842044693
90,24,0.9983139409924947,9.61122893416619,5.679873823676596e-05,11,18,43,0,5.457004386353155,acquisition,2.5190092842044693
91,24,0.9983681414070438,9.61122893416619,5.4200414549094457e-05,11,18,43,0,5.330724804669217,acquisition,2.5190092842044693
92,24,0.9984206483425662,9.61122893416619,5.250693552236011e-05,11,18,43,0,5.246785321618101,acquisition,2.5190092842044693
93,24,0.9984704240497517,9.61122893416619,4.9775707185552844e-05,11,18,43,0,5.108503300272904,acquisition,2.5190092842044693
94,24,0.9985196199771024,9.61122893416619,4.9195927350688765e-05,11,18,43,0,5.078664623583441,acquisition,2.5190092842044693
95,24,0.9985661337530383,9.61122893416619,4.651377593592423e-05,11,18,43,0,4.938280526447831,acquisition,2.5190092842044693
96,24,0.9986125194698258,9.61122893416619,4.638571678752072e-05,11,18,43,0,4.931477941053339,acquisition,2.5190092842044693
97,24,0.9986578979073604,9.61122893416619,4.537843753464905e-05,11,18,43,0,4.877639824563321,acquisition,2.5190092842044693
98,24,0.998700713077759,9.61122893416619,4.281517039857484e-05,11,18,43,0,4.737877167880994,acquisition,2.5190092842044693
99,24,0.998743337289885,9.61122893416619,4.262421212602348e-05,11,18,43,0,4.727299750082347,acquisition,2.5190092842044693
100,24,0.9987844612892718,9.61122893416619,4.11239993868757e-05,11,18,43,0,4.643362939782578,acquisition,2.5190092842044693
101,24,0.9988238294427384,9.61122893416619,3.936815346659436e-05,11,18,43,0,4.543154239588817,acquisition,2.5190092842044693
102,24,0.9988612340429356,9.61122893416619,3.740460019720757e-05,11,18,43,0,4.428406375683422,acquisition,2.5190092842044693
103,24,0.9988970768229489,9.61122893416619,3.584278001333508e-05,11,18,43,0,4.334967064192234,acquisition,2.5190092842044693
104,24,0.9989312719363153,9.61122893416619,3.419511336634122e-05,11,18,43,0,4.234157247506559,acquisition,2.5190092842044693
105,24,0.9989647251108267,9.61122893416619,3.345317451143302e-05,11,18,43,0,4.187970625285021,acquisition,2.5190092842044693
106,24,0.9989977657929213,9.61122893416619,3.304068209465551e-05,11,18,43,0,4.162070774751766,acquisition,2.5190092842044693
107,24,0.9990286335639604,9.61122893416619,3.0867771039071485e-05,11,18,43,0,4.022884778679688,acquisition,2.5190092842044693
108,24,0.9990580981496621,9.61122893416619,2.9464585701683647e-05,11,18,43,0,3.930385312964154,acquisition,2.5190092842044693
109,24,0.9990870604415025,9.61122893416619,2.8962291840434917e-05,11,18,43,0,3.896739927739335,acquisition,2.5190092842044693
110,24,0.9991158965907745,9.61122893416619,2.88361492719088e-05,11,18,43,0,3.8882447234543425,acquisition,2.5190092842044693
111,24,0.9991436905993921,9.61122893416619,2.7794008617647606e-05,11,18,43,0,3.8173374477676507,acquisition,2.5190092842044693
112,24,0.9991710911204383,9.61122893416619,2.7400521046194548e-05,11,18,43,0,3.790219568609088,acquisition,2.5190092842044693
113,24,0.9991968527174512,9.61122893416619,2.5761597012802218e-05,11,18,43,0,3.675118525251677,acquisition,2.5190092842044693
114,24,0.9992220736803924,9.61122893416619,2.5220962941204628e-05,11,18,43,0,3.636350948205949,acquisition,2.5190092842044693
115,24,0.9992464030998122,9.61122893416619,2.4329419419727326e-05,11,18,43,0,3.571501455792789,acquisition,2.5190092842044693
116,24,0.9992694693419673,9.61122893416619,2.3066242155052147e-05,11,18,43,0,3.477549994894105,acquisition,2.5190092842044693
117,24,0.9992914956008394,9.61122893416619,2.2026258872110873e-05,11,18,43,0,3.3982500219291216,acquisition,2.5190092842044693
118,24,0.9993126945239689,9.61122893416619,2.119892312949557e-05,11,18,43,0,3.333817782920504,acquisition,2.5190092842044693
119,24,0.9993332959556545,9.61122893416619,2.060143168559783e-05,11,18,43,0,3.286500177328266,acquisition,2.5190092842044693
120,24,0.9993537578251199,9.61122893416619,2.0461869465443364e-05,11,18,43,0,3.2753492360813037,acquisition,2.5190092842044693
121,24,0.9993734636747258,9.61122893416619,1.9705849605908144e-05,11,18,43,0,3.2142713759392465,acquisition,2.5190092842044693
122,24,0.9993922583533467,9.61122893416619,1.8794678620860573e-05,11,18,43,0,3.139080194065414,acquisition,2.5190092842044693
123,24,0.9994107108575032,9.61122893416619,1.84525041565516e-05,11,18,43,0,3.1103740127563655,acquisition,2.5190092842044693
124,24,0.9994281866676653,9.61122893416619,1.747581016210686e-05,11,18,43,0,3.026938644616156,acquisition,2.5190092842044693
125,24,0.9994454119466866,9.61122893416619,1.7225279021276514e-05,11,18,43,0,3.005163404460235,acquisition,2.5190092842044693
126,24,0.9994617013659867,9.61122893416619,1.6289419300072398e-05,11,18,43,0,2.9223872204066943,acquisition,2.5190092842044693
127,24,0.9994775586813242,9.61122893416619,1.5857315337485877e-05,11,18,43,0,2.8833661133577544,acquisition,2.5190092842044693
128,24,0.9994932986191967,9.61122893416619,1.5739937872480696e-05,11,18,43,0,2.872674807089582,acquisition,2.5190092842044693
129,24,0.9995083901107803,9.61122893416619,1.5091491583623885e-05,11,18,43,0,2.812878941475265,acquisition,2.5190092842044693
130,24,0.9995231958797296,9.61122893416619,1.4805768949279154e-05,11,18,43,0,2.786124008525047,acquisition,2.5190092842044693
131,24,0.9995375612075321,9.61122893416619,1.4365327802566975e-05,11,18,43,0,2.7443704164985165,acquisition,2.5190092842044693
132,24,0.9995517305811251,9.61122893416619,1.416937359302392e-05,11,18,43,0,2.725588476336685,acquisition,2.5190092842044693
133,24,0.9995650052254588,9.61122893416619,1.3274644333629736e-05,11,18,43,0,2.6381312947596207,acquisition,2.5190092842044693
134,24,0.9995782441188615,9.61122893416619,1.3238893402816136e-05,11,18,43,0,2.634576425988753,acquisition,2.5190092842044693
135,24,0.9995912986796773,9.61122893416619,1.305456081584092e-05,11,18,43,0,2.6161707859036287,acquisition,2.5190092842044693
136,24,0.9996036748130025,9.61122893416619,1.2376133325175556e-05,11,18,43,0,2.5472844734716316,acquisition,2.5190092842044693
137,24,0.9996155919884907,9.61122893416619,1.1917175488208918e-05,11,18,43,0,2.499606389486569,acquisition,2.5190092842044693
138,24,0.9996274253801628,9.61122893416619,1.1833391672122226e-05,11,18,43,0,2.490804137822487,acquisition,2.5190092842044693
139,24,0.999638729588992,9.61122893416619,1.1304208829251604e-05,11,18,43,0,2.4344734623056934,acquisition,2.5190092842044693
140,24,0.9996496199551098,9.61122893416619,1.089036611781374e-05,11,18,43,0,2.389495400953167,acquisition,2.5190092842044693
141,24,0.9996601880012932,9.61122893416619,1.0568046183375391e-05,11,18,43,0,2.3538691122043134,acquisition,2.5190092842044693
142,24,0.9996701881493417,9.61122893416619,1.0000148048527223e-05,11,18,43,0,2.289750558481479,acquisition,2.5190092842044693
143,24,0.9996799485685145,9.61122893416619,9.76041917281429e-06,11,18,43,0,2.2621385119564326,acquisition,2.5190092842044693
144,24,0.9996894529613645,9.61122893416619,9.504392850019502e-06,11,18,43,0,2.2322721873801656,acquisition,2.5190092842044693
145,24,0.9996986735622594,9.61122893416619,9.220600894967817e-06,11,18,43,0,2.198692884879762,acquisition,2.5190092842044693
146,24,0.9997076651890591,9.61122893416619,8.991626799674236e-06,11,18,43,0,2.1712213225619377,acquisition,2.5190092842044693
147,24,0.9997163542338948,9.61122893416619,8.689044835712267e-06,11,18,43,0,2.134376241159444,acquisition,2.5190092842044693
148,24,0.9997248734243371,9.61122893416619,8.51919044225847e-06,11,18,43,0,2.11341177213311,acquisition,2.5190092842044693
149,24,0.999733330682245,9.61122893416619,8.457257907828371e-06,11,18,43,0,2.1057157533673734,acquisition,2.5190092842044693
150,24,0.9997415361437366,9.61122893416619,8.205461491609232e-06,11,18,43,0,2.07413234739561,acquisition,2.5190092842044693
151,24,0.9997496086132092,9.61122893416619,8.072469472532776e-06,11,18,43,0,2.057255179800325,acquisition,2.5190092842044693
152,24,0.9997571064297877,9.61122893416619,7.497816578498793e-06,11,18,43,0,1.9826788086596323,acquisition,2.5190092842044693
153,24,0.9997645097479804,9.61122893416619,7.4033181926891086e-06,11,18,43,0,1.9701448902577168,acquisition,2.5190092842044693
154,24,0.9997718269663455,9.61122893416619,7.317218365069936e-06,11,18,43,0,1.9586550952594461,acquisition,2.5190092842044693
155,24,0.9997787606311043,9.61122893416619,6.933664758791841e-06,11,18,43,0,1.9066298091285208,acquisition,2.5190092842044693
156,24,0.9997855908106694,9.61122893416619,6.830179565143144e-06,11,18,43,0,1.8923480609681116,acquisition,2.5190092842044693
157,24,0.9997921549243548,9.61122893416619,6.564113685372265e-06,11,18,43,0,1.8551242642681534,acquisition,2.5190092842044693
158,24,0.9997986529664947,9.61122893416619,6.498042139892876e-06,11,18,43,0,1.8457642095999585,acquisition,2.5190092842044693
159,24,0.9998050079517501,9.61122893416619,6.354985255314463e-06,11,18,43,0,1.8253335337790495,acquisition,2.5190092842044693
160,24,0.9998112428114775,9.61122893416619,6.234859727382083e-06,11,18,43,0,1.8079994847205296,acquisition,2.5190092842044693
161,24,0.9998172974049228,9.61122893416619,6.0545934453234246e-06,11,18,43,0,1.7816707575367932,acquisition,2.5190092842044693
162,24,0.9998231421870878,9.61122893416619,5.844782165053118e-06,11,18,43,0,1.7505282493440006,acquisition,2.5190092842044693
163,24,0.9998287337439975,9.61122893416619,5.5915569096880544e-06,11,18,43,0,1.7121875449455102,acquisition,2.5190092842044693
164,24,0.9998341740086825,9.61122893416619,5.440264684955766e-06,11,18,43,0,1.688865148893212,acquisition,2.5190092842044693
165,24,0.9998394485451193,9.61122893416619,5.274536436891405e-06,11,18,43,0,1.6629420192613222,acquisition,2.5190092842044693
166,24,0.9998444853981122,9.61122893416619,5.036852992921268e-06,11,18,43,0,1.6250420246728108,acquisition,2.5190092842044693
167,24,0.9998494234740496,9.61122893416619,4.938075937399301e-06,11,18,43,0,1.6090288863370996,acquisition,2.5190092842044693
168,24,0.9998542094218495,9.61122893416619,4.785947799979903e-06,11,18,43,0,1.584050188648032,acquisition,2.5190092842044693
169,24,0.9998588571690916,9.61122893416619,4.647747242029461e-06,11,18,43,0,1.5610118852940051,acquisition,2.5190092842044693
170,24,0.9998634702278008,9.61122893416619,4.6130587091137124e-06,11,18,43,0,1.555175657115238,acquisition,2.5190092842044693
171,24,0.9998679852592347,9.61122893416619,4.515031433998981e-06,11,18,43,0,1.5385632260224018,acquisition,2.5190092842044693
172,24,0.9998723056845731,9.61122893416619,4.320425338380249e-06,11,18,43,0,1.505040584106856,acquisition,2.5190092842044693
173,24,0.999876564982926,9.61122893416619,4.259298352915618e-06,11,18,43,0,1.4943557189817374,acquisition,2.5190092842044693
174,24,0.9998806749644248,9.61122893416619,4.109981498757448e-06,11,18,43,0,1.4679284655665434,acquisition,2.5190092842044693
175,24,0.999884644203942,9.61122893416619,3.969239517196529e-06,11,18,43,0,1.4425756992241119,acquisition,2.5190092842044693
176,24,0.9998885008029419,9.61122893416619,3.8565989999150284e-06,11,18,43,0,1.4219594144937655,acquisition,2.5190092842044693
177,24,0.9998922810680659,9.61122893416619,3.7802651240064694e-06,11,18,43,0,1.4078166220552681,acquisition,2.5190092842044693
178,24,0.9998959249382984,9.61122893416619,3.6438702324178405e-06,11,18,43,0,1.3821857459885363,acquisition,2.5190092842044693
179,24,0.9998993907148859,9.61122893416619,3.465776587538954e-06,11,18,43,0,1.347985562062007,acquisition,2.5190092842044693
180,24,0.9999027514053257,9.61122893416619,3.360690439783498e-06,11,18,43,0,1.327392055608746,acquisition,2.5190092842044693
181,24,0.9999060352990765,9.61122893416619,3.283893750845037e-06,11,18,43,0,1.3121379831568951,acquisition,2.5190092842044693
182,24,0.9999093020321221,9.61122893416619,3.2667330456415185e-06,11,18,43,0,1.3087050603681878,acquisition,2.5190092842044693
183,24,0.9999124936419046,9.61122893416619,3.1916097824668475e-06,11,18,43,0,1.2935697544508298,acquisition,2.5190092842044693
184,24,0.9999156291082641,9.61122893416619,3.1354663595662707e-06,11,18,43,0,1.282141718658387,acquisition,2.5190092842044693
185,24,0.9999185726686703,9.61122893416619,2.943560406217252e-06,11,18,43,0,1.242285554232533,acquisition,2.5190092842044693
186,24,0.9999214925483147,9.61122893416619,2.9198796443653677e-06,11,18,43,0,1.237278408033144,acquisition,2.5190092842044693
187,24,0.9999243637597857,9.61122893416619,2.8712114709457847e-06,11,18,43,0,1.2269236812773747,acquisition,2.5190092842044693
188,24,0.9999270717614387,9.61122893416619,2.7080016530578986e-06,11,18,43,0,1.1915421816614051,acquisition,2.5190092842044693
189,24,0.9999297308893385,9.61122893416619,2.6591278997263373e-06,11,18,43,0,1.1807408048728236,acquisition,2.5190092842044693
190,24,0.9999323029249396,9.61122893416619,2.572035601138082e-06,11,18,43,0,1.1612439025671928,acquisition,2.5190092842044693
191,24,0.9999347831613989,9.61122893416619,2.480236459316188e-06,11,18,43,0,1.1403325009759069,acquisition,2.5190092842044693
192,24,0.9999371768928351,9.61122893416619,2.393731436142213e-06,11,18,43,0,1.1202699081882588,acquisition,2.5190092842044693
193,24,0.9999395171169452,9.61122893416619,2.340224110030024e-06,11,18,43,0,1.1076783911404169,acquisition,2.5190092842044693
194,24,0.9999418466477427,9.61122893416619,2.329530797504463e-06,11,18,43,0,1.105144806241255,acquisition,2.5190092842044693
195,24,0.9999440519281679,9.61122893416619,2.2052804252283185e-06,11,18,43,0,1.075268368167736,acquisition,2.5190092842044693
196,24,0.9999461709966178,9.61122893416619,2.119068449848295e-06,11,18,43,0,1.054040871804345,acquisition,2.5190092842044693
197,24,0.9999482490395994,9.61122893416619,2.0780429816573253e-06,11,18,43,0,1.0437878130957252,acquisition,2.5190092842044693
198,24,0.9999503025578882,9.61122893416619,2.053518288789397e-06,11,18,43,0,1.0376102334657347,acquisition,2.5190092842044693
199,24,0.9999523294195375,9.61122893416619,2.026861649255605e-06,11,18,43,0,1.0308536464333449,acquisition,2.5190092842044693
200,24,0.9999542619964688,9.61122893416619,1.9325769312350764e-06,11,18,43,0,1.0065917216644376,acquisition,2.5190092842044693
201,24,0.9999561350149176,9.61122893416619,1.8730184489154943e-06,11,18,43,0,0.9909596846214318,acquisition,2.5190092842044693
202,24,0.9999579088606774,9.61122893416619,1.7738457596985626e-06,11,18,43,0,0.9643682106233287,acquisition,2.5190092842044693
203,24,0.9999596416706676,9.61122893416619,1.7328099902871882e-06,11,18,43,0,0.9531481963407842,acquisition,2.5190092842044693
204,24,0.9999612824375236,9.61122893416619,1.6407668559611488e-06,11,18,43,0,0.9274882065978842,acquisition,2.5190092842044693
205,24,0.9999629037269641,9.61122893416619,1.6212894404861826e-06,11,18,43,0,0.9219667012282062,acquisition,2.5190092842044693
206,24,0.9999644610600963,9.61122893416619,1.557333132250775e-06,11,18,43,0,0.9035989559763198,acquisition,2.5190092842044693
207,24,0.999966007865149,9.61122893416619,1.546805052757799e-06,11,18,43,0,0.9005394647100601,acquisition,2.5190092842044693
208,24,0.9999675102354302,9.61122893416619,1.5023702811326683e-06,11,18,43,0,0.8875103999134236,acquisition,2.5190092842044693
209,24,0.9999689547396748,9.61122893416619,1.4445042446977837e-06,11,18,43,0,0.8702506773591804,acquisition,2.5190092842044693
210,24,0.9999703326067574,9.61122893416619,1.3778670825837086e-06,11,18,43,0,0.8499406902800031,acquisition,2.5190092842044693
211,24,0.9999716596101023,9.61122893416619,1.3270033449054621e-06,11,18,43,0,0.8341054667689186,acquisition,2.5190092842044693
212,24,0.9999729318013223,9.61122893416619,1.2721912200618414e-06,11,18,43,0,0.8166973676851073,acquisition,2.5190092842044693
213,24,0.9999741773033414,9.61122893416619,1.245502019111635e-06,11,18,43,0,0.808085244634501,acquisition,2.5190092842044693
214,24,0.9999753741787792,9.61122893416619,1.1968754378735593e-06,11,18,43,0,0.7921536653780333,acquisition,2.5190092842044693
215,24,0.9999764966740607,9.61122893416619,1.1224952815486914e-06,11,18,43,0,0.7671445797061991,acquisition,2.5190092842044693
216,24,0.9999775916928542,9.61122893416619,1.0950187934048203e-06,11,18,43,0,0.757697309719803,acquisition,2.5190092842044693
217,24,0.9999786614079283,9.61122893416619,1.069715074229341e-06,11,18,43,0,0.7488916990043041,acquisition,2.5190092842044693
218,24,0.9999796953045204,9.61122893416619,1.0338965920332578e-06,11,18,43,0,0.7362469534360961,acquisition,2.5190092842044693
219,24,0.9999807160003644,9.61122893416619,1.0206958440736739e-06,11,18,43,0,0.7315316689643031,acquisition,2.5190092842044693
220,24,0.9999816916268998,9.61122893416619,9.756265353147988e-07,11,18,43,0,0.7151987730324526,acquisition,2.5190092842044693
221,24,0.9999826308147586,9.61122893416619,9.391878588524103e-07,11,18,43,0,0.7017157003673303,acquisition,2.5190092842044693
222,24,0.9999835313944334,9.61122893416619,9.005796748496608e-07,11,18,43,0,0.687141263909816,acquisition,2.5190092842044693
223,24,0.9999844259901838,9.61122893416619,8.945957503743201e-07,11,18,43,0,0.684854595350175,acquisition,2.5190092842044693
224,24,0.9999852920016975,9.61122893416619,8.660115137037684e-07,11,18,43,0,0.6738244908703762,acquisition,2.5190092842044693
225,24,0.9999861072164344,9.61122893416619,8.15214736934075e-07,11,18,43,0,0.6537639512834068,acquisition,2.5190092842044693
226,24,0.9999869039319281,9.61122893416619,7.967154937292695e-07,11,18,43,0,0.6463036227473367,acquisition,2.5190092842044693
227,24,0.9999876648223627,9.61122893416619,7.608904345926804e-07,11,18,43,0,0.6316056714214396,acquisition,2.5190092842044693
228,24,0.9999884017660624,9.61122893416619,7.369436997724523e-07,11,18,43,0,0.6215872734108219,acquisition,2.5190092842044693
229,24,0.9999891243250237,9.61122893416619,7.225589613169277e-07,11,18,43,0,0.6154908550993505,acquisition,2.5190092842044693
230,24,0.9999898072933254,9.61122893416619,6.82968301717833e-07,11,18,43,0,0.5983912474051066,acquisition,2.5190092842044693
231,24,0.9999904552370323,9.61122893416619,6.479437068790792e-07,11,18,43,0,0.5828457001576137,acquisition,2.5190092842044693
232,24,0.9999910937677843,9.61122893416619,6.385307519546532e-07,11,18,43,0,0.5785965873394013,acquisition,2.5190092842044693
233,24,0.9999917095446105,9.61122893416619,6.15776826180107e-07,11,18,43,0,0.568193981527714,acquisition,2.5190092842044693
234,24,0.9999922891983406,9.61122893416619,5.796537301277658e-07,11,18,43,0,0.5512762418799003,acquisition,2.5190092842044693
235,24,0.9999928450025608,9.61122893416619,5.558042201956415e-07,11,18,43,0,0.5398161566662606,acquisition,2.5190092842044693
236,24,0.9999933857489375,9.61122893416619,5.407463766299111e-07,11,18,43,0,0.5324536001479783,acquisition,2.5190092842044693
237,24,0.9999939064418657,9.61122893416619,5.206929282045085e-07,11,18,43,0,0.5224873720411677,acquisition,2.5190092842044693
238,24,0.9999944172135008,9.61122893416619,5.107716351410599e-07,11,18,43,0,0.5174856897005329,acquisition,2.5190092842044693
239,24,0.999994905983184,9.61122893416619,4.887696831799134e-07,11,18,43,0,0.5062174233025081,acquisition,2.5190092842044693
240,24,0.9999953798804206,9.61122893416619,4.7389723665355565e-07,11,18,43,0,0.49845625125041776,acquisition,2.5190092842044693
241,24,0.9999958257884205,9.61122893416619,4.45907999826136e-07,11,18,43,0,0.4835123715199492,acquisition,2.5190092842044693
242,24,0.9999962664070453,9.61122893416619,4.4061862480759824e-07,11,18,43,0,0.4806360968166314,acquisition,2.5190092842044693
243,24,0.9999966989431083,9.61122893416619,4.3253606295719794e-07,11,18,43,0,0.476207378539753,acquisition,2.5190092842044693
244,24,0.9999971057929049,9.61122893416619,4.068497965768537e-07,11,18,43,0,0.46185112985429155,acquisition,2.5190092842044693
245,24,0.9999974929761072,9.61122893416619,3.8718320223309264e-07,11,18,43,0,0.45055022664779987,acquisition,2.5190092842044693
246,24,0.9999978453595575,9.61122893416619,3.523834503466097e-07,11,18,43,0,0.4298260280803426,acquisition,2.5190092842044693
247,24,0.9999981643317942,9.61122893416619,3.189722367767413e-07,11,18,43,0,0.40894170253864337,acquisition,2.5190092842044693
248,24,0.9999984660729538,9.61122893416619,3.0174115966748644e-07,11,18,43,0,0.3977427172428771,acquisition,2.5190092842044693
249,24,0.9999987529548663,9.61122893416619,2.868819124746769e-07,11,18,43,0,0.38782566202808644,acquisition,2.5190092842044693
250,24,0.999999036787094,9.61122893416619,2.838322277019249e-07,11,18,43,0,0.3857587730660016,acquisition,2.5190092842044693
251,24,0.9999992758778932,9.61122893416619,2.3909079920569437e-07,11,18,43,0,0.35405146085555866,acquisition,2.5190092842044693
252,24,0.9999994958798842,9.61122893416619,2.2000199107946787e-07,11,18,43,0,0.3396239153815175,acquisition,2.5190092842044693
253,24,0.9999997032097584,9.61122893416619,2.0732987416366856e-07,11,18,43,0,0.3296976873827318,acquisition,2.5190092842044693
254,24,0.9999998910471817,9.61122893416619,1.87837423254533e-07,11,18,43,0,0.31381667731857826,acquisition,2.5190092842044693
255,24,0.9999999999999997,9.61122893416619,1.0895281803544794e-07,11,18,43,0,0.23900346244807621,acquisition,2.5190092842044693
256,24,0.9999999999999997,9.61122893416619,3.5755441791290926e-32,11,18,43,0,1.3691657703095106e-13,acquisition,2.5190092842044693
1,24,0.36034733752147186,8.448137212067927,0.36034733752147186,9,11,12,0,33.271414470472415,structural,2.775100287622948
2,24,0.4648980715743929,8.448137212067927,0.10455073405292106,9,11,12,0,17.921491428186815,structural,2.775100287622948
3,24,0.5439959727372963,8.448137212067927,0.07909790116290341,9,11,12,0,15.588096496122906,structural,2.775100287622948
4,24,0.6159943818424959,8.448137212067927,0.07199840910519961,9,11,12,0,14.872091741620382,structural,2.775100287622948
5,24,0.6806579813620512,8.448137212067927,0.06466359951955537,9,11,12,0,14.094203692443006,structural,2.775100287622948
6,24,0.7442532801660159,8.448137212067927,0.06359529880396465,9,11,12,0,13.977294370720658,structural,2.775100287622948
7,24,0.8016439595718765,8.448137212067927,0.05739067940586067,9,11,12,0,13.277957942952069,structural,2.775100287622948
8,24,0.8537454924895412,8.448137212067927,0.05210153291766473,9,11,12,0,12.651320449781755,structural,2.775100287622948
9,24,0.9020614831619458,8.448137212067927,0.04831599067240455,9,11,12,0,12.18305065841995,structural,2.775100287622948
10,24,0.948503505558365,8.448137212067927,0.046442022396419286,9,11,12,0,11.944450292993814,structural,2.775100287622948
11,24,0.987975557637312,8.448137212067927,0.03947205207894702,9,11,12,0,11.011727565941923,structural,2.775100287622948
12,24,0.9999999999999999,8.448137212067927,0.012024442362687883,9,11,12,0,6.077753444997351,structural,2.775100287622948
1,32,0.5204329142387321,5.249869445909086,0.5204329142387321,6,11,27,0,522.3569007301389,acquisition,1.921477240659844
2,32,0.7644878370214834,5.249869445909086,0.24405492278275126,6,11,27,0,357.7080756090405,acquisition,1.921477240659844
3,32,0.8248321385966352,5.249869445909086,0.06034430157515179,6,11,27,0,177.87015821726018,acquisition,1.921477240659844
4,32,0.8618783314230483,5.249869445909086,0.0370461928264131,6,11,27,0,139.36597269267153,acquisition,1.921477240659844
5,32,0.8914031601040698,5.249869445909086,0.02952482868102153,6,11,27,0,124.41669252763236,acquisition,1.921477240659844
6,32,0.9091354931294203,5.249869445909086,0.017732333025350443,6,11,27,0,96.42017121533715,acquisition,1.921477240659844
7,32,0.92134401722924,5.249869445909086,0.01220852409981967,6,11,27,0,80.00489162073937,acquisition,1.921477240659844
8,32,0.9322473407129713,5.249869445909086,0.010903323483731324,6,11,27,0,75.6074180397567,acquisition,1.921477240659844
9,32,0.9412123309676877,5.249869445909086,0.008964990254716374,6,11,27,0,68.55827310153558,acquisition,1.921477240659844
10,32,0.9478125808861603,5.249869445909086,0.006600249918472535,6,11,27,0,58.82543522368642,acquisition,1.921477240659844
11,32,0.9538682381244186,5.249869445909086,0.006055657238258256,6,11,27,0,56.346325719890054,acquisition,1.921477240659844
12,32,0.9591315355817427,5.249869445909086,0.005263297457324177,6,11,27,0,52.53078808951544,acquisition,1.921477240659844
13,32,0.9634413699553227,5.249869445909086,0.004309834373580035,6,11,27,0,47.5351916379384,acquisition,1.921477240659844
14,32,0.9676211245613194,5.249869445909086,0.004179754605996776,6,11,27,0,46.812340070421996,acquisition,1.921477240659844
15,32,0.9712328168774774,5.249869445909086,0.0036116923161580395,6,11,27,0,43.51513462065659,acquisition,1.921477240659844
16,32,0.9743386561283564,5.249869445909086,0.0031058392508789747,6,11,27,0,40.352871634678436,acquisition,1.921477240659844
17,32,0.976858511172954,5.249869445909086,0.0025198550445976638,6,11,27,0,36.34734875643641,acquisition,1.921477240659844
18,32,0.9789082993789502,5.249869445909086,0.0020497882059962013,6,11,27,0,32.78230252659712,acquisition,1.921477240659844
19,32,0.9808726654547608,5.249869445909086,0.00196436607581064,6,11,27,0,32.09195477303631,acquisition,1.921477240659844
20,32,0.9826872317889969,5.249869445909086,0.0018145663342359955,6,11,27,0,30.84404892753092,acquisition,1.921477240659844
21,32,0.9840867255923587,5.249869445909086,0.0013994938033618403,6,11,27,0,27.087595079241943,acquisition,1.921477240659844
22,32,0.9853698130240661,5.249869445909086,0.001283087431707456,6,11,27,0,25.93660238726419,acquisition,1.921477240659844
23,32,0.9865837424761681,5.249869445909086,0.0012139294521019564,6,11,27,0,25.22793381519046,acquisition,1.921477240659844
24,32,0.9876999053701411,5.249869445909086,0.0011161628939729859,6,11,27,0,24.190717462599338,acquisition,1.921477240659844
25,32,0.9885808294657839,5.249869445909086,0.0008809240956427227,6,11,27,0,21.49088021129734,acquisition,1.921477240659844
26,32,0.9894349082036966,5.249869445909086,0.0008540787379128094,6,11,27,0,21.160889237998266,acquisition,1.921477240659844
27,32,0.9902255844896407,5.249869445909086,0.0007906762859441426,6,11,27,0,20.36030669231391,acquisition,1.921477240659844
28,32,0.9908933890932201,5.249869445909086,0.0006678046035794161,6,11,27,0,18.71154563368416,acquisition,1.921477240659844
29,32,0.9915199998283521,5.249869445909086,0.0006266107351320748,6,11,27,0,18.12524452527262,acquisition,1.921477240659844
30,32,0.9920433958463947,5.249869445909086,0.0005233960180425618,6,11,27,0,16.56533282211675,acquisition,1.921477240659844
31,32,0.9925442269987635,5.249869445909086,0.0005008311523688266,6,11,27,0,16.204313105255256,acquisition,1.921477240659844
32,32,0.9930090980247751,5.249869445909086,0.00046487102601158313,6,11,27,0,15.61173598564749,acquisition,1.921477240659844
33,32,0.9934428392835076,5.249869445909086,0.00043374125873251915,6,11,27,0,15.07996475653557,acquisition,1.921477240659844
34,32,0.9938366687781703,5.249869445909086,0.00039382949466268446,6,11,27,0,14.36941467484704,acquisition,1.921477240659844
35,32,0.9942075661198645,5.249869445909086,0.0003708973416941425,6,11,27,0,13.944784884756686,acquisition,1.921477240659844
36,32,0.994575731581846,5.249869445909086,0.0003681654619814951,6,11,27,0,13.893334147401553,acquisition,1.921477240659844
37,32,0.9949024272160949,5.249869445909086,0.00032669563424890806,6,11,27,0,13.087497877329014,acquisition,1.921477240659844
38,32,0.9952078951417243,5.249869445909086,0.00030546792562936045,6,11,27,0,12.655163680978847,acquisition,1.921477240659844
39,32,0.995494703904889,5.249869445909086,0.0002868087631648077,6,11,27,0,12.262560614412907,acquisition,1.921477240659844
40,32,0.995767313430179,5.249869445909086,0.0002726095252899848,6,11,27,0,11.9551621818876,acquisition,1.921477240659844
41,32,0.9960214073431609,5.249869445909086,0.0002540939129819477,6,11,27,0,11.542027094469988,acquisition,1.921477240659844
42,32,0.9962463373327048,5.249869445909086,0.00022492998954391901,6,11,27,0,10.859470261389465,acquisition,1.921477240659844
43,32,0.9964578046928505,5.249869445909086,0.00021146736014569025,6,11,27,0,10.529472888804245,acquisition,1.921477240659844
44,32,0.9966510543204828,5.249869445909086,0.0001932496276323058,6,11,27,0,10.065707167014462,acquisition,1.921477240659844
45,32,0.9968395754900233,5.249869445909086,0.00018852116954043915,6,11,27,0,9.94179998471191,acquisition,1.921477240659844
46,32,0.9970147473160279,5.249869445909086,0.00017517182600459418,6,11,27,0,9.583344213389012,acquisition,1.921477240659844
47,32,0.9971797534989141,5.249869445909086,0.00016500618288614252,6,11,27,0,9.301116148775364,acquisition,1.921477240659844
48,32,0.9973289830508674,5.249869445909086,0.00014922955195323726,6,11,27,0,8.845296113441247,acquisition,1.921477240659844
49,32,0.9974769577430563,5.249869445909086,0.00014797469218902088,6,11,27,0,8.808027896095547,acquisition,1.921477240659844
50,32,0.9976127794240591,5.249869445909086,0.0001358216810027983,6,11,27,0,8.438582670661885,acquisition,1.921477240659844
51,32,0.9977448491472822,5.249869445909086,0.00013206972322313975,6,11,27,0,8.321212114182252,acquisition,1.921477240659844
52,32,0.9978639012395102,5.249869445909086,0.00011905209222797699,6,11,27,0,7.900479943017486,acquisition,1.921477240659844
53,32,0.9979808329522672,5.249869445909086,0.00011693171275707113,6,11,27,0,7.829808032000484,acquisition,1.921477240659844
54,32,0.998082947012782,5.249869445909086,0.00010211406051474426,6,11,27,0,7.316910315095725,acquisition,1.921477240659844
55,32,0.9981824427189543,5.249869445909086,9.949570617224735e-05,6,11,27,0,7.222492976641459,acquisition,1.921477240659844
56,32,0.9982714452558661,5.249869445909086,8.900253691182587e-05,6,11,27,0,6.831029356724164,acquisition,1.921477240659844
57,32,0.9983552574335582,5.249869445909086,8.38121776921565e-05,6,11,27,0,6.628855030687074,acquisition,1.921477240659844
58,32,0.998436498835963,5.249869445909086,8.124140240475962e-05,6,11,27,0,6.526399649422842,acquisition,1.921477240659844
59,32,0.9985103157392727,5.249869445909086,7.381690330972514e-05,6,11,27,0,6.2210382254451035,acquisition,1.921477240659844
60,32,0.9985836700745762,5.249869445909086,7.335433530338436e-05,6,11,27,0,6.2015157620972605,acquisition,1.921477240659844
61,32,0.9986549087103697,5.249869445909086,7.123863579355577e-05,6,11,27,0,6.1114287922655,acquisition,1.921477240659844
62,32,0.9987232836309696,5.249869445909086,6.837492060001406e-05,6,11,27,0,5.98733249214875,acquisition,1.921477240659844
63,32,0.9987828480788166,5.249869445909086,5.9564447846917504e-05,6,11,27,0,5.588284641351465,acquisition,1.921477240659844
64,32,0.9988387988781896,5.249869445909086,5.595079937308672e-05,6,11,27,0,5.416117862613117,acquisition,1.921477240659844
65,32,0.9988920825351949,5.249869445909086,5.3283657005336486e-05,6,11,27,0,5.285450024739033,acquisition,1.921477240659844
66,32,0.9989436327542666,5.249869445909086,5.15502190716242e-05,6,11,27,0,5.1987653588735565,acquisition,1.921477240659844
67,32,0.9989931313809653,5.249869445909086,4.949862669878638e-05,6,11,27,0,5.094265010249595,acquisition,1.921477240659844
68,32,0.999038185074499,5.249869445909086,4.5053693533680765e-05,6,11,27,0,4.860155437368893,acquisition,1.921477240659844
69,32,0.9990831189227546,5.249869445909086,4.4933848255544505e-05,6,11,27,0,4.853686993843228,acquisition,1.921477240659844
70,32,0.9991252026170852,5.249869445909086,4.208369433052099e-05,6,11,27,0,4.697230666377816,acquisition,1.921477240659844
71,32,0.9991655448358531,5.249869445909086,4.0342218767949795e-05,6,11,27,0,4.599015241702386,acquisition,1.921477240659844
72,32,0.9992045805790184,5.249869445909086,3.903574316528185e-05,6,11,27,0,4.523933212663432,acquisition,1.921477240659844
73,32,0.9992395481825039,5.249869445909086,3.496760348553181e-05,6,11,27,0,4.281716349341989,acquisition,1.921477240659844
74,32,0.9992732740676578,5.249869445909086,3.3725885153770694e-05,6,11,27,0,4.205006168307024,acquisition,1.921477240659844
75,32,0.9993055569606535,5.249869445909086,3.228289299575958e-05,6,11,27,0,4.114065313404831,acquisition,1.921477240659844
76,32,0.9993362160062331,5.249869445909086,3.0659045579641975e-05,6,11,27,0,4.009260491519518,acquisition,1.921477240659844
77,32,0.9993666624063959,5.249869445909086,3.0446400162808037e-05,6,11,27,0,3.9953325579428673,acquisition,1.921477240659844
78,32,0.9993951163498775,5.249869445909086,2.8453943481624465e-05,6,11,27,0,3.86239059652101,acquisition,1.921477240659844
79,32,0.999421254010952,5.249869445909086,2.6137661074530943e-05,6,11,27,0,3.70184576251411,acquisition,1.921477240659844
80,32,0.9994451182862795,5.249869445909086,2.3864275327453037e-05,6,11,27,0,3.537195666467957,acquisition,1.921477240659844
81,32,0.9994688331473556,5.249869445909086,2.3714861076145242e-05,6,11,27,0,3.526105086903967,acquisition,1.921477240659844
82,32,0.9994916852887044,5.249869445909086,2.2852141348773297e-05,6,11,27,0,3.46137306331832,acquisition,1.921477240659844
83,32,0.9995137741044032,5.249869445909086,2.2088815698839172e-05,6,11,27,0,3.403072289140063,acquisition,1.921477240659844
84,32,0.9995344631922565,5.249869445909086,2.0689087853292578e-05,6,11,27,0,3.2934845517213307,acquisition,1.921477240659844
85,32,0.9995548265215057,5.249869445909086,2.0363329249227662e-05,6,11,27,0,3.26745300890756,acquisition,1.921477240659844
86,32,0.9995745767655032,5.249869445909086,1.9750243997481866e-05,6,11,27,0,3.2178899802435397,acquisition,1.921477240659844
87,32,0.9995932596287279,5.249869445909086,1.868286322472246e-05,6,11,27,0,3.129728581580723,acquisition,1.921477240659844
88,32,0.9996105004116177,5.249869445909086,1.724078288974257e-05,6,11,27,0,3.0065155212799666,acquisition,1.921477240659844
89,32,0.9996273691152142,5.249869445909086,1.686870359646724e-05,6,11,27,0,2.9738962441861707,acquisition,1.921477240659844
90,32,0.9996438698646717,5.249869445909086,1.650074945748344e-05,6,11,27,0,2.9412828717355755,acquisition,1.921477240659844
91,32,0.9996590169259766,5.249869445909086,1.5147061304845663e-05,6,11,27,0,2.8180529585859313,acquisition,1.921477240659844
92,32,0.999674063670942,5.249869445909086,1.5046744965435173e-05,6,11,27,0,2.808705720512221,acquisition,1.921477240659844
93,32,0.9996883109242952,5.249869445909086,1.4247253353142835e-05,6,11,27,0,2.7330685988486545,acquisition,1.921477240659844
94,32,0.9997016460444105,5.249869445909086,1.3335120115306673e-05,6,11,27,0,2.6441337816029473,acquisition,1.921477240659844
95,32,0.9997143093432794,5.249869445909086,1.26632988689929e-05,6,11,27,0,2.5766675449942213,acquisition,1.921477240659844
96,32,0.9997265160529482,5.249869445909086,1.2206709668705884e-05,6,11,27,0,2.5297888051745483,acquisition,1.921477240659844
97,32,0.9997379990010753,5.249869445909086,1.1482948127097254e-05,6,11,27,0,2.453644617229554,acquisition,1.921477240659844
98,32,0.9997493699469138,5.249869445909086,1.137094583850912e-05,6,11,27,0,2.441649125443758,acquisition,1.921477240659844
99,32,0.9997599668844257,5.249869445909086,1.059693751191569e-05,6,11,27,0,2.3570844648097045,acquisition,1.921477240659844
100,32,0.9997701661071099,5.249869445909086,1.0199222684170577e-05,6,11,27,0,2.3124294719273975,acquisition,1.921477240659844
101,32,0.9997801699839057,5.249869445909086,1.000387679586534e-05,6,11,27,0,2.2901774074404466,acquisition,1.921477240659844
102,32,0.9997892505060231,5.249869445909086,9.080522117376041e-06,6,11,27,0,2.181927766878374,acquisition,1.921477240659844
103,32,0.999798223319095,5.249869445909086,8.972813071904099e-06,6,11,27,0,2.1689486438923478,acquisition,1.921477240659844
104,32,0.999806806824072,5.249869445909086,8.583504976976061e-06,6,11,27,0,2.1213742379337086,acquisition,1.921477240659844
105,32,0.9998148738670162,5.249869445909086,8.06704294421834e-06,6,11,27,0,2.056563592777608,acquisition,1.921477240659844
106,32,0.9998225081830902,5.249869445909086,7.634316073969835e-06,6,11,27,0,2.0006449724500084,acquisition,1.921477240659844
107,32,0.9998297538666281,5.249869445909086,7.245683537936503e-06,6,11,27,0,1.9490574467515451,acquisition,1.921477240659844
108,32,0.999836757386098,5.249869445909086,7.003519469879651e-06,6,11,27,0,1.9162101178691915,acquisition,1.921477240659844
109,32,0.9998436133315287,5.249869445909086,6.855945430674373e-06,6,11,27,0,1.8959140059500073,acquisition,1.921477240659844
110,32,0.9998502026256695,5.249869445909086,6.589294140768525e-06,6,11,27,0,1.8586790595676401,acquisition,1.921477240659844
111,32,0.9998565229530552,5.249869445909086,6.320327385727814e-06,6,11,27,0,1.8203493632839998,acquisition,1.921477240659844
112,32,0.9998625535145899,5.249869445909086,6.03056153468816e-06,6,11,27,0,1.7781313353907762,acquisition,1.921477240659844
113,32,0.9998680797680699,5.249869445909086,5.526253480039909e-06,6,11,27,0,1.7021599174411208,acquisition,1.921477240659844
114,32,0.9998734591737531,5.249869445909086,5.379405683254284e-06,6,11,27,0,1.679392106347419,acquisition,1.921477240659844
115,32,0.9998784331708979,5.249869445909086,4.9739971447715335e-06,6,11,27,0,1.614870587706017,acquisition,1.921477240659844
116,32,0.9998832839890686,5.249869445909086,4.850818170711122e-06,6,11,27,0,1.5947494339506103,acquisition,1.921477240659844
117,32,0.9998879659702713,5.249869445909086,4.681981202753697e-06,6,11,27,0,1.5667503185987643,acquisition,1.921477240659844
118,32,0.9998923527780792,5.249869445909086,4.3868078079366144e-06,6,11,27,0,1.516558832359454,acquisition,1.921477240659844
119,32,0.9998965401107475,5.249869445909086,4.1873326682662225e-06,6,11,27,0,1.481677518888628,acquisition,1.921477240659844
120,32,0.9999005834308737,5.249869445909086,4.043320126219618e-06,6,11,27,0,1.4559753508680806,acquisition,1.921477240659844
121,32,0.9999045760585873,5.249869445909086,3.992627713528551e-06,6,11,27,0,1.4468195459940594,acquisition,1.921477240659844
122,32,0.999908310241562,5.249869445909086,3.734182974682215e-06,6,11,27,0,1.3992095352127174,acquisition,1.921477240659844
123,32,0.9999119947060505,5.249869445909086,3.684464488493761e-06,6,11,27,0,1.3898634888878174,acquisition,1.921477240659844
124,32,0.9999153766556532,5.249869445909086,3.3819496027242842e-06,6,11,27,0,1.3315838664211537,acquisition,1.921477240659844
125,32,0.9999186316922603,5.249869445909086,3.255036607017648e-06,6,11,27,0,1.3063600700496276,acquisition,1.921477240659844
126,32,0.9999218424318854,5.249869445909086,3.2107396251632894e-06,6,11,27,0,1.2974406562913041,acquisition,1.921477240659844
127,32,0.9999250079651876,5.249869445909086,3.1655333021460445e-06,6,11,27,0,1.288274475379973,acquisition,1.921477240659844
128,32,0.9999279816395017,5.249869445909086,2.973674314078655e-06,6,11,27,0,1.2486239461021358,acquisition,1.921477240659844
129,32,0.9999308985077118,5.249869445909086,2.916868210103049e-06,6,11,27,0,1.23664020642162,acquisition,1.921477240659844
130,32,0.9999336698769217,5.249869445909086,2.7713692098987166e-06,6,11,27,0,1.205402679737928,acquisition,1.921477240659844
131,32,0.9999363593480329,5.249869445909086,2.6894711112176915e-06,6,11,27,0,1.1874583908323275,acquisition,1.921477240659844
132,32,0.9999389225018936,5.249869445909086,2.563153860740214e-06,6,11,27,0,1.1592371678564162,acquisition,1.921477240659844
133,32,0.9999414398636991,5.249869445909086,2.5173618055091774e-06,6,11,27,0,1.148835317304789,acquisition,1.921477240659844
134,32,0.999943778942736,5.249869445909086,2.3390790368837742e-06,6,11,27,0,1.1074073641121047,acquisition,1.921477240659844
135,32,0.9999460884203979,5.249869445909086,2.309477661891814e-06,6,11,27,0,1.1003778552833272,acquisition,1.921477240659844
136,32,0.9999482028821773,5.249869445909086,2.1144617794626305e-06,6,11,27,0,1.0528945519048445,acquisition,1.921477240659844
137,32,0.9999502755994477,5.249869445909086,2.0727172703569035e-06,6,11,27,0,1.0424494195119876,acquisition,1.921477240659844
138,32,0.9999521981481879,5.249869445909086,1.9225487401592426e-06,6,11,27,0,1.0039767098297692,acquisition,1.921477240659844
139,32,0.9999541170699817,5.249869445909086,1.9189217938089645e-06,6,11,27,0,1.0030292465489299,acquisition,1.921477240659844
140,32,0.9999559694051753,5.249869445909086,1.852335193543177e-06,6,11,27,0,0.9854730407029737,acquisition,1.921477240659844
141,32,0.999957757197646,5.249869445909086,1.7877924707126373e-06,6,11,27,0,0.9681519193210262,acquisition,1.921477240659844
142,32,0.999959429388447,5.249869445909086,1.6721908009686566e-06,6,11,27,0,0.9363277047371047,acquisition,1.921477240659844
143,32,0.9999610388995877,5.249869445909086,1.6095111406923863e-06,6,11,27,0,0.9186116573021101,acquisition,1.921477240659844
144,32,0.9999625961264446,5.249869445909086,1.557226856937009e-06,6,11,27,0,0.9035681238123611,acquisition,1.921477240659844
145,32,0.9999641076477795,5.249869445909086,1.5115213349858906e-06,6,11,27,0,0.8902092437607477,acquisition,1.921477240659844
146,32,0.9999655597411673,5.249869445909086,1.4520933877667983e-06,6,11,27,0,0.872533746101249,acquisition,1.921477240659844
147,32,0.9999669528045441,5.249869445909086,1.393063376804845e-06,6,11,27,0,0.8546147738591103,acquisition,1.921477240659844
148,32,0.9999683039556339,5.249869445909086,1.3511510898324987e-06,6,11,27,0,0.8416604437575173,acquisition,1.921477240659844
149,32,0.9999695725696872,5.249869445909086,1.2686140533732242e-06,6,11,27,0,0.8155483583546353,acquisition,1.921477240659844
150,32,0.9999707798331,5.249869445909086,1.2072634127813044e-06,6,11,27,0,0.7955838863126152,acquisition,1.921477240659844
151,32,0.9999719590979791,5.249869445909086,1.1792648791079243e-06,6,11,27,0,0.7863042826652639,acquisition,1.921477240659844
152,32,0.9999730918622521,5.249869445909086,1.1327642730106344e-06,6,11,27,0,0.7706456482509969,acquisition,1.921477240659844
153,32,0.999974215629481,5.249869445909086,1.1237672288049463e-06,6,11,27,0,0.7675790987616113,acquisition,1.921477240659844
154,32,0.9999752725300181,5.249869445909086,1.0569005371087126e-06,6,11,27,0,0.7443925502042941,acquisition,1.921477240659844
155,32,0.9999762780957596,5.249869445909086,1.0055657415666082e-06,6,11,27,0,0.7260895616344265,acquisition,1.921477240659844
156,32,0.9999772520689699,5.249869445909086,9.739732103332722e-07,6,11,27,0,0.7145925178024259,acquisition,1.921477240659844
157,32,0.9999782177416574,5.249869445909086,9.656726875225084e-07,6,11,27,0,0.7115410051401119,acquisition,1.921477240659844
158,32,0.9999791367365964,5.249869445909086,9.189949390209155e-07,6,11,27,0,0.6941311249248211,acquisition,1.921477240659844
159,32,0.9999800078981422,5.249869445909086,8.711615457575626e-07,6,11,27,0,0.6758250842504596,acquisition,1.921477240659844
160,32,0.9999808113220738,5.249869445909086,8.034239316461424e-07,6,11,27,0,0.6490188951601429,acquisition,1.921477240659844
161,32,0.9999815993622138,5.249869445909086,7.880401399692845e-07,6,11,27,0,0.6427752242457826,acquisition,1.921477240659844
162,32,0.9999823513067051,5.249869445909086,7.519444913378311e-07,6,11,27,0,0.6278817352611308,acquisition,1.921477240659844
163,32,0.9999830813624442,5.249869445909086,7.300557390724222e-07,6,11,27,0,0.6186755719493069,acquisition,1.921477240659844
164,32,0.9999837797772423,5.249869445909086,6.984147980836138e-07,6,11,27,0,0.6051202340507724,acquisition,1.921477240659844
165,32,0.9999844566460246,5.249869445909086,6.768687823464636e-07,6,11,27,0,0.5957131693683316,acquisition,1.921477240659844
166,32,0.9999850968751517,5.249869445909086,6.402291270247448e-07,6,11,27,0,0.5793655569237347,acquisition,1.921477240659844
167,32,0.9999857249026983,5.249869445909086,6.280275466888359e-07,6,11,27,0,0.5738181823525604,acquisition,1.921477240659844
168,32,0.9999863196585738,5.249869445909086,5.947558754169563e-07,6,11,27,0,0.5584114687312619,acquisition,1.921477240659844
169,32,0.9999868827871037,5.249869445909086,5.631285299339012e-07,6,11,27,0,0.5433613261007679,acquisition,1.921477240659844
170,32,0.9999874403005856,5.249869445909086,5.575134819418607e-07,6,11,27,0,0.5406455663559391,acquisition,1.921477240659844
171,32,0.9999879704708824,5.249869445909086,5.301702968136405e-07,6,11,27,0,0.5272209447431218,acquisition,1.921477240659844
172,32,0.9999884825306572,5.249869445909086,5.120597747928123e-07,6,11,27,0,0.5181378148780243,acquisition,1.921477240659844
173,32,0.9999889788921176,5.249869445909086,4.963614604041163e-07,6,11,27,0,0.510133666162461,acquisition,1.921477240659844
174,32,0.9999894670054672,5.249869445909086,4.881133496648857e-07,6,11,27,0,0.5058774277125868,acquisition,1.921477240659844
175,32,0.9999899371557978,5.249869445909086,4.701503306069427e-07,6,11,27,0,0.49648179879352344,acquisition,1.921477240659844
176,32,0.9999904007950234,5.249869445909086,4.6363922563921885e-07,6,11,27,0,0.49303192830884157,acquisition,1.921477240659844
177,32,0.9999908252895104,5.249869445909086,4.2449448704628065e-07,6,11,27,0,0.47175986012432247,acquisition,1.921477240659844
178,32,0.999991240562032,5.249869445909086,4.1527252160166113e-07,6,11,27,0,0.4666073293525206,acquisition,1.921477240659844
179,32,0.9999916383072415,5.249869445909086,3.9774520948368086e-07,6,11,27,0,0.45665418030472466,acquisition,1.921477240659844
180,32,0.9999920231737799,5.249869445909086,3.8486653842054155e-07,6,11,27,0,0.44920029796898936,acquisition,1.921477240659844
181,32,0.9999923967848328,5.249869445909086,3.7361105285650667e-07,6,11,27,0,0.44258309014244107,acquisition,1.921477240659844
182,32,0.9999927410584217,5.249869445909086,3.4427358898738524e-07,6,11,27,0,0.42485116384802124,acquisition,1.921477240659844
183,32,0.9999930717053166,5.249869445909086,3.3064689483002767e-07,6,11,27,0,0.41635825823039163,acquisition,1.921477240659844
184,32,0.999993378160585,5.249869445909086,3.0645526837538583e-07,6,11,27,0,0.40083764761558294,acquisition,1.921477240659844
185,32,0.9999936699995412,5.249869445909086,2.9183895617833016e-07,6,11,27,0,0.3911619391720318,acquisition,1.921477240659844
186,32,0.999993957433707,5.249869445909086,2.874341657943232e-07,6,11,27,0,0.388198768565762,acquisition,1.921477240659844
187,32,0.9999942412743494,5.249869445909086,2.838406424690844e-07,6,11,27,0,0.3857644913141064,acquisition,1.921477240659844
188,32,0.9999945197414186,5.249869445909086,2.784670691352702e-07,6,11,27,0,0.3820954628660127,acquisition,1.921477240659844
189,32,0.9999947823545795,5.249869445909086,2.626131608876792e-07,6,11,27,0,0.3710591986401624,acquisition,1.921477240659844
190,32,0.9999950380161862,5.249869445909086,2.556616066918189e-07,6,11,27,0,0.3661151628234486,acquisition,1.921477240659844
191,32,0.9999952845666373,5.249869445909086,2.4655045119701345e-07,6,11,27,0,0.3595322557951925,acquisition,1.921477240659844
192,32,0.9999955200246694,5.249869445909086,2.3545803205303557e-07,6,11,27,0,0.35135142053081536,acquisition,1.921477240659844
193,32,0.9999957516811485,5.249869445909086,2.3165647913132111e-07,6,11,27,0,0.34850353245096677,acquisition,1.921477240659844
194,32,0.9999959641585145,5.249869445909086,2.1247736607043847e-07,6,11,27,0,0.33376538661511623,acquisition,1.921477240659844
195,32,0.9999961717676807,5.249869445909086,2.0760916624212628e-07,6,11,27,0,0.3299196789383014,acquisition,1.921477240659844
196,32,0.999996367749809,5.249869445909086,1.9598212829889043e-07,6,11,27,0,0.3205480901231025,acquisition,1.921477240659844
197,32,0.9999965461414598,5.249869445909086,1.783916507820815e-07,6,11,27,0,0.30582446240488337,acquisition,1.921477240659844
198,32,0.9999967136833197,5.249869445909086,1.6754185978942753e-07,6,11,27,0,0.2963784516210302,acquisition,1.921477240659844
199,32,0.9999968748268279,5.249869445909086,1.6114350816804363e-07,6,11,27,0,0.290664080358078,acquisition,1.921477240659844
200,32,0.9999970313842129,5.249869445909086,1.5655738502837111e-07,6,11,27,0,0.28649809472622084,acquisition,1.921477240659844
201,32,0.9999971819016973,5.249869445909086,1.5051748432814737e-07,6,11,27,0,0.2809172668659506,acquisition,1.921477240659844
202,32,0.9999973298538559,5.249869445909086,1.479521586563999e-07,6,11,27,0,0.27851309010106967,acquisition,1.921477240659844
203,32,0.999997466769968,5.249869445909086,1.3691611214848082e-07,6,11,27,0,0.2679243822538417,acquisition,1.921477240659844
204,32,0.9999975990496567,5.249869445909086,1.3227968860082188e-07,6,11,27,0,0.26334891945316136,acquisition,1.921477240659844
205,32,0.999997726107032,5.249869445909086,1.2705737523336314e-07,6,11,27,0,0.2580981540932625,acquisition,1.921477240659844
206,32,0.9999978478562643,5.249869445909086,1.2174923239292348e-07,6,11,27,0,0.2526492856764512,acquisition,1.921477240659844
207,32,0.9999979612991122,5.249869445909086,1.1344284788450332e-07,6,11,27,0,0.24387850219252713,acquisition,1.921477240659844
208,32,0.9999980700749858,5.249869445909086,1.0877587355251023e-07,6,11,27,0,0.23880930717436133,acquisition,1.921477240659844
209,32,0.9999981727396255,5.249869445909086,1.0266463982297781e-07,6,11,27,0,0.23200396264613535,acquisition,1.921477240659844
210,32,0.9999982712940393,5.249869445909086,9.85544137300098e-08,6,11,27,0,0.22731233241001106,acquisition,1.921477240659844
211,32,0.9999983632173634,5.249869445909086,9.19233240197579e-08,6,11,27,0,0.21953199243771013,acquisition,1.921477240659844
212,32,0.999998451016829,5.249869445909086,8.779946564358077e-08,6,11,27,0,0.2145511739500431,acquisition,1.921477240659844
213,32,0.9999985381746895,5.249869445909086,8.715786052550675e-08,6,11,27,0,0.21376580732005965,acquisition,1.921477240659844
214,32,0.9999986205986074,5.249869445909086,8.242391786229233e-08,6,11,27,0,0.20787946278597486,acquisition,1.921477240659844
215,32,0.9999987015016566,5.249869445909086,8.090304916701354e-08,6,11,27,0,0.20595265922457806,acquisition,1.921477240659844
216,32,0.999998778962814,5.249869445909086,7.746115733076264e-08,6,11,27,0,0.20152408107874073,acquisition,1.921477240659844
217,32,0.9999988528549202,5.249869445909086,7.389210620403936e-08,6,11,27,0,0.19682668664971062,acquisition,1.921477240659844
218,32,0.9999989216665798,5.249869445909086,6.881165960499833e-08,6,11,27,0,0.1899397993865039,acquisition,1.921477240659844
219,32,0.999998988440557,5.249869445909086,6.677397724601755e-08,6,11,27,0,0.1871063734413129,acquisition,1.921477240659844
220,32,0.9999990525059369,5.249869445909086,6.40653798490464e-08,6,11,27,0,0.18327222885722982,acquisition,1.921477240659844
221,32,0.9999991138255686,5.249869445909086,6.131963165461149e-08,6,11,27,0,0.17930183222971519,acquisition,1.921477240659844
222,32,0.9999991738759398,5.249869445909086,6.005037120686699e-08,6,11,27,0,0.1774364365605494,acquisition,1.921477240659844
223,32,0.9999992254108,5.249869445909086,5.153486021204902e-08,6,11,27,0,0.16437490316606956,acquisition,1.921477240659844
224,32,0.9999992760762214,5.249869445909086,5.066542136500544e-08,6,11,27,0,0.16298242984020075,acquisition,1.921477240659844
225,32,0.9999993242997777,5.249869445909086,4.8223556256577284e-08,6,11,27,0,0.1590063893768058,acquisition,1.921477240659844
226,32,0.9999993703490943,5.249869445909086,4.604931658548965e-08,6,11,27,0,0.15538051388115948,acquisition,1.921477240659844
227,32,0.9999994152118621,5.249869445909086,4.486276783721638e-08,6,11,27,0,0.15336561160781284,acquisition,1.921477240659844
228,32,0.999999457723784,5.249869445909086,4.251192187284479e-08,6,11,27,0,0.14929330358348308,acquisition,1.921477240659844
229,32,0.9999994968711416,5.249869445909086,3.914735773128936e-08,6,11,27,0,0.14326370751248282,acquisition,1.921477240659844
230,32,0.9999995355979184,5.249869445909086,3.872677673486778e-08,6,11,27,0,0.14249205002655535,acquisition,1.921477240659844
231,32,0.9999995704069579,5.249869445909086,3.4809039467681744e-08,6,11,27,0,0.13509241904870872,acquisition,1.921477240659844
232,32,0.9999996041055003,5.249869445909086,3.369854239802249e-08,6,11,27,0,0.1329200564127717,acquisition,1.921477240659844
233,32,0.9999996370482499,5.249869445909086,3.294274964768279e-08,6,11,27,0,0.1314210345693729,acquisition,1.921477240659844
234,32,0.9999996685249478,5.249869445909086,3.1476697878248e-08,6,11,27,0,0.1284634382896195,acquisition,1.921477240659844
235,32,0.99999969766433,5.249869445909086,2.9139382137614084e-08,6,11,27,0,0.12360189473533732,acquisition,1.921477240659844
236,32,0.9999997245266655,5.249869445909086,2.686233554279963e-08,6,11,27,0,0.11867434506692391,acquisition,1.921477240659844
237,32,0.999999749504439,5.249869445909086,2.4977773527191716e-08,6,11,27,0,0.11443577642950777,acquisition,1.921477240659844
238,32,0.999999773197861,5.249869445909086,2.3693421991788798e-08,6,11,27,0,0.11145481967699271,acquisition,1.921477240659844
239,32,0.9999997955694867,5.249869445909086,2.237162562958551e-08,6,11,27,0,0.10830131512629071,acquisition,1.921477240659844
240,32,0.9999998167487169,5.249869445909086,2.1179230196361207e-08,6,11,27,0,0.1053755960419196,acquisition,1.921477240659844
241,32,0.999999837352744,5.249869445909086,2.0604027188836634e-08,6,11,27,0,0.10393480748421473,acquisition,1.921477240659844
242,32,0.9999998563667429,5.249869445909086,1.9013998958071032e-08,6,11,27,0,0.09984393564823625,acquisition,1.921477240659844
243,32,0.99999987418682,5.249869445909086,1.7820077121051813e-08,6,11,27,0,0.09665843260493111,acquisition,1.921477240659844
244,32,0.9999998893060965,5.249869445909086,1.511927652972197e-08,6,11,27,0,0.08903288860423922,acquisition,1.921477240659844
245,32,0.999999904137657,5.249869445909086,1.4831560500067669e-08,6,11,27,0,0.08818168285681259,acquisition,1.921477240659844
246,32,0.9999999184796465,5.249869445909086,1.4341989504829115e-08,6,11,27,0,0.0867140876300261,acquisition,1.921477240659844
247,32,0.9999999316534587,5.249869445909086,1.3173812207228653e-08,6,11,27,0,0.08310759083563603,acquisition,1.921477240659844
248,32,0.9999999436761232,5.249869445909086,1.2022664544796294e-08,6,11,27,0,0.07939356868703004,acquisition,1.921477240659844
249,32,0.9999999548581132,5.249869445909086,1.1181989987496545e-08,6,11,27,0,0.07656750725056019,acquisition,1.921477240659844
250,32,0.9999999653318253,5.249869445909086,1.0473712145993136e-08,6,11,27,0,0.07410291218028106,acquisition,1.921477240659844
251,32,0.9999999743109288,5.249869445909086,8.979103485616802e-09,6,11,27,0,0.06861221617370379,acquisition,1.921477240659844
252,32,0.9999999824891868,5.249869445909086,8.178257980159651e-09,6,11,27,0,0.06548100884914604,acquisition,1.921477240659844
253,32,0.9999999893589193,5.249869445909086,6.869732604723893e-09,6,11,27,0,0.06001431802383061,acquisition,1.921477240659844
254,32,0.9999999957182235,5.249869445909086,6.359304202444119e-09,6,11,27,0,0.057741725655638496,acquisition,1.921477240659844
255,32,0.9999999999999998,5.249869445909086,4.281776290104435e-09,6,11,27,0,0.04738020607369994,acquisition,1.921477240659844
256,32,0.9999999999999998,5.249869445909086,2.090752685615254e-32,6,11,27,0,1.0469749490966104e-13,acquisition,1.921477240659844
1,32,0.4475637847464156,6.879101458570441,0.4475637847464156,9,10,12,0,37.079859044243804,structural,2.234318401267851
2,32,0.576834637215972,6.879101458570441,0.12927085246955636,9,10,12,0,19.92787140631124,structural,2.234318401267851
3,32,0.6505066179761454,6.879101458570441,0.0736719807601734,9,10,12,0,15.043946453482633,structural,2.234318401267851
4,32,0.7083619264253751,6.879101458570441,0.05785530844922974,9,10,12,0,13.331598087102453,structural,2.234318401267851
5,32,0.761853079012174,6.879101458570441,0.053491152586798915,9,10,12,0,12.818924320965714,structural,2.234318401267851
6,32,0.8066478632435748,6.879101458570441,0.044794784231400805,9,10,12,0,11.730710854797474,structural,2.234318401267851
7,32,0.8486982835900861,6.879101458570441,0.042050420346511255,9,10,12,0,11.36568921379089,structural,2.234318401267851
8,32,0.8885090126461483,6.879101458570441,0.039810729056062255,9,10,12,0,11.058867919467312,structural,2.234318401267851
9,32,0.9258607032818266,6.879101458570441,0.03735169063567821,9,10,12,0,10.711880956806954,structural,2.234318401267851
10,32,0.9582440637982186,6.879101458570441,0.03238336051639202,9,10,12,0,9.974050506507188,structural,2.234318401267851
11,32,0.989667319687745,6.879101458570441,0.03142325588952642,9,10,12,0,9.825082294445435,structural,2.234318401267851
12,32,0.9999999999999999,6.879101458570441,0.01033268031225492,9,10,12,0,5.634003365214395,structural,2.234318401267851
1,40,0.6501140207217314,3.913388119152607,0.6501140207217314,5,7,16,0,583.821016833203,acquisition,1.5381917142624286
2,40,0.7915729500358083,3.913388119152607,0.14145892931407686,5,7,16,0,272.33291966308207,acquisition,1.5381917142624286
3,40,0.8442098357859444,3.913388119152607,0.052636885750136087,5,7,16,0,166.12310963910875,acquisition,1.5381917142624286
4,40,0.8842637825798616,3.913388119152607,0.04005394679391712,5,7,16,0,144.913090011528,acquisition,1.5381917142624286
5,40,0.9190315044448227,3.913388119152607,0.03476772186496111,5,7,16,0,135.0122193030569,acquisition,1.5381917142624286
6,40,0.9395562913436639,3.913388119152607,0.020524786898841227,5,7,16,0,103.73475537937932,acquisition,1.5381917142624286
7,40,0.9540321677698941,3.913388119152607,0.014475876426230213,5,7,16,0,87.1178988483732,acquisition,1.5381917142624286
8,40,0.965940836234062,3.913388119152607,0.01190866846416797,5,7,16,0,79.01627662539975,acquisition,1.5381917142624286
9,40,0.9731915806287154,3.913388119152607,0.00725074439465337,5,7,16,0,61.65612927506904,acquisition,1.5381917142624286
10,40,0.9773771064419551,3.913388119152607,0.004185525813239689,5,7,16,0,46.84464705355148,acquisition,1.5381917142624286
11,40,0.9812638169100307,3.913388119152607,0.003886710468075681,5,7,16,0,45.141507040488385,acquisition,1.5381917142624286
12,40,0.983781712741879,3.913388119152607,0.002517895831848239,5,7,16,0,36.333215793376304,acquisition,1.5381917142624286
13,40,0.9861709374442088,3.913388119152607,0.0023892247023298606,5,7,16,0,35.39268060962772,acquisition,1.5381917142624286
14,40,0.9880107399641852,3.913388119152607,0.0018398025199764297,5,7,16,0,31.057791028877155,acquisition,1.5381917142624286
15,40,0.9895931044995753,3.913388119152607,0.0015823645353900326,5,7,16,0,28.803033477926753,acquisition,1.5381917142624286
16,40,0.9909083276185673,3.913388119152607,0.0013152231189920442,5,7,16,0,26.259392578848825,acquisition,1.5381917142624286
17,40,0.9919990072481121,3.913388119152607,0.001090679629544821,5,7,16,0,23.91297224551551,acquisition,1.5381917142624286
18,40,0.9929461432475127,3.913388119152607,0.000947135999400616,5,7,16,0,22.283896401970416,acquisition,1.5381917142624286
19,40,0.9937099960114244,3.913388119152607,0.0007638527639116826,5,7,16,0,20.011967366696563,acquisition,1.5381917142624286
20,40,0.9944006817431078,3.913388119152607,0.0006906857316834149,5,7,16,0,19.029404638422985,acquisition,1.5381917142624286
21,40,0.9949315650194466,3.913388119152607,0.0005308832763388149,5,7,16,0,16.68339687189406,acquisition,1.5381917142624286
22,40,0.9954279445394167,3.913388119152607,0.000496379519970115,5,7,16,0,16.13213642906889,acquisition,1.5381917142624286
23,40,0.9958420774075761,3.913388119152607,0.0004141328681593915,5,7,16,0,14.735158403680328,acquisition,1.5381917142624286
24,40,0.9962103544687557,3.913388119152607,0.0003682770611796416,5,7,16,0,13.89543967824523,acquisition,1.5381917142624286
25,40,0.996534637443955,3.913388119152607,0.00032428297519928727,5,7,16,0,13.039082502280746,acquisition,1.5381917142624286
26,40,0.9968336449009682,3.913388119152607,0.0002990074570131292,5,7,16,0,12.520623851170495,acquisition,1.5381917142624286
27,40,0.9970951712589657,3.913388119152607,0.0002615263579975424,5,7,16,0,11.709617038221852,acquisition,1.5381917142624286
28,40,0.997331988287054,3.913388119152607,0.00023681702808828043,5,7,16,0,11.142725251137998,acquisition,1.5381917142624286
29,40,0.9975571012909324,3.913388119152607,0.00022511300387842673,5,7,16,0,10.863887268257738,acquisition,1.5381917142624286
30,40,0.9977701644142981,3.913388119152607,0.00021306312336567327,5,7,16,0,10.56912668214087,acquisition,1.5381917142624286
31,40,0.9979615068532711,3.913388119152607,0.00019134243897301394,5,7,16,0,10.015914568539586,acquisition,1.5381917142624286
32,40,0.9981171993787041,3.913388119152607,0.00015569252543306172,5,7,16,0,9.034806183546443,acquisition,1.5381917142624286
33,40,0.9982651891250182,3.913388119152607,0.00014798974631407573,5,7,16,0,8.808475924671312,acquisition,1.5381917142624286
34,40,0.9984007624298922,3.913388119152607,0.00013557330487404072,5,7,16,0,8.430863352338303,acquisition,1.5381917142624286
35,40,0.9985235112073251,3.913388119152607,0.00012274877743293885,5,7,16,0,8.022201133277614,acquisition,1.5381917142624286
36,40,0.9986293560701763,3.913388119152607,0.0001058448628512226,5,7,16,0,7.44937523920911,acquisition,1.5381917142624286
37,40,0.9987256755004489,3.913388119152607,9.631943027258331e-05,5,7,16,0,7.10627338756061,acquisition,1.5381917142624286
38,40,0.9988134167546057,3.913388119152607,8.77412541568146e-05,5,7,16,0,6.782454324163783,acquisition,1.5381917142624286
39,40,0.998897846059156,3.913388119152607,8.442930455035244e-05,5,7,16,0,6.653215104300715,acquisition,1.5381917142624286
40,40,0.9989693056410254,3.913388119152607,7.145958186932682e-05,5,7,16,0,6.120898729688771,acquisition,1.5381917142624286
41,40,0.999038176100091,3.913388119152607,6.887045906562356e-05,5,7,16,0,6.00898953590349,acquisition,1.5381917142624286
42,40,0.9990988548222957,3.913388119152607,6.067872220465686e-05,5,7,16,0,5.6403125717672005,acquisition,1.5381917142624286
43,40,0.9991584266523602,3.913388119152607,5.957183006459462e-05,5,7,16,0,5.588630927240247,acquisition,1.5381917142624286
44,40,0.9992102871939486,3.913388119152607,5.186054158833653e-05,5,7,16,0,5.214389669775915,acquisition,1.5381917142624286
45,40,0.9992605110807032,3.913388119152607,5.022388675464067e-05,5,7,16,0,5.131450198415361,acquisition,1.5381917142624286
46,40,0.9993085307321226,3.913388119152607,4.801965141929993e-05,5,7,16,0,5.017581788403844,acquisition,1.5381917142624286
47,40,0.9993528684323069,3.913388119152607,4.433770018434312e-05,5,7,16,0,4.821381975559381,acquisition,1.5381917142624286
48,40,0.9993962574310408,3.913388119152607,4.338899873392436e-05,5,7,16,0,4.769521083736996,acquisition,1.5381917142624286
49,40,0.9994336462390302,3.913388119152607,3.738880798943674e-05,5,7,16,0,4.427471441259199,acquisition,1.5381917142624286
50,40,0.9994702018066026,3.913388119152607,3.655556757237465e-05,5,7,16,0,4.3778585417284965,acquisition,1.5381917142624286
51,40,0.99950129626586,3.913388119152607,3.109445925745754e-05,5,7,16,0,4.037629484632523,acquisition,1.5381917142624286
52,40,0.9995311472523151,3.913388119152607,2.985098645500719e-05,5,7,16,0,3.956073051211619,acquisition,1.5381917142624286
53,40,0.9995574761451717,3.913388119152607,2.6328892856551164e-05,5,7,16,0,3.7153630479369704,acquisition,1.5381917142624286
54,40,0.9995815788140969,3.913388119152607,2.4102668925238897e-05,5,7,16,0,3.5548192760639252,acquisition,1.5381917142624286
55,40,0.999605525335815,3.913388119152607,2.394652171813159e-05,5,7,16,0,3.5432857602168886,acquisition,1.5381917142624286
56,40,0.9996282078169563,3.913388119152607,2.2682481141205657e-05,5,7,16,0,3.4485000612672794,acquisition,1.5381917142624286
57,40,0.9996494879654569,3.913388119152607,2.128014850071889e-05,5,7,16,0,3.3401985715141103,acquisition,1.5381917142624286
58,40,0.9996685440800667,3.913388119152607,1.9056114609687712e-05,5,7,16,0,3.1608372651061853,acquisition,1.5381917142624286
59,40,0.9996874720713482,3.913388119152607,1.892799128152132e-05,5,7,16,0,3.150193437394956,acquisition,1.5381917142624286
60,40,0.999704187636831,3.913388119152607,1.6715565482804e-05,5,7,16,0,2.960366598218596,acquisition,1.5381917142624286
61,40,0.9997206137501556,3.913388119152607,1.6426113324694733e-05,5,7,16,0,2.934623332350772,acquisition,1.5381917142624286
62,40,0.9997361683394544,3.913388119152607,1.5554589298803623e-05,5,7,16,0,2.855710859714469,acquisition,1.5381917142624286
63,40,0.9997506315714064,3.913388119152607,1.4463231952019695e-05,5,7,16,0,2.753706402952301,acquisition,1.5381917142624286
64,40,0.9997648450751758,3.913388119152607,1.4213503769363069e-05,5,7,16,0,2.7298295668835855,acquisition,1.5381917142624286
65,40,0.9997776324591476,3.913388119152607,1.2787383971846095e-05,5,7,16,0,2.589260892191292,acquisition,1.5381917142624286
66,40,0.9997891419560826,3.913388119152607,1.1509496934988389e-05,5,7,16,0,2.456479417591605,acquisition,1.5381917142624286
67,40,0.9998003470258116,3.913388119152607,1.1205069728940727e-05,5,7,16,0,2.423774659090006,acquisition,1.5381917142624286
68,40,0.999811074354515,3.913388119152607,1.0727328703469455e-05,5,7,16,0,2.3715416317839737,acquisition,1.5381917142624286
69,40,0.9998209709135656,3.913388119152607,9.896559050556524e-06,5,7,16,0,2.2778602133357917,acquisition,1.5381917142624286
70,40,0.9998300508167202,3.913388119152607,9.079903154541267e-06,5,7,16,0,2.181853401374192,acquisition,1.5381917142624286
71,40,0.9998383481676616,3.913388119152607,8.297350941466183e-06,5,7,16,0,2.0857136741171884,acquisition,1.5381917142624286
72,40,0.999846431090977,3.913388119152607,8.08292331540749e-06,5,7,16,0,2.058586820901261,acquisition,1.5381917142624286
73,40,0.9998541157183448,3.913388119152607,7.68462736776975e-06,5,7,16,0,2.0072264230507892,acquisition,1.5381917142624286
74,40,0.999861667719365,3.913388119152607,7.552001020258574e-06,5,7,16,0,1.9898300206071189,acquisition,1.5381917142624286
75,40,0.9998690052378714,3.913388119152607,7.337518506299673e-06,5,7,16,0,1.9613701595137116,acquisition,1.5381917142624286
76,40,0.9998760260352002,3.913388119152607,7.020797328811922e-06,5,7,16,0,1.9185723311692329,acquisition,1.5381917142624286
77,40,0.9998825987356916,3.913388119152607,6.572700491412389e-06,5,7,16,0,1.8563372525598947,acquisition,1.5381917142624286
78,40,0.9998884798581718,3.913388119152607,5.88112248012163e-06,5,7,16,0,1.755961828417124,acquisition,1.5381917142624286
79,40,0.9998940570342466,3.913388119152607,5.577176074808574e-06,5,7,16,0,1.70998435370305,acquisition,1.5381917142624286
80,40,0.9998995032574589,3.913388119152607,5.446223212256768e-06,5,7,16,0,1.6897897725775464,acquisition,1.5381917142624286
81,40,0.9999046319614129,3.913388119152607,5.128703953928162e-06,5,7,16,0,1.6397920412653209,acquisition,1.5381917142624286
82,40,0.9999094851266035,3.913388119152607,4.853165190587828e-06,5,7,16,0,1.5951351890805088,acquisition,1.5381917142624286
83,40,0.9999141402567464,3.913388119152607,4.655130142962594e-06,5,7,16,0,1.5622512193605649,acquisition,1.5381917142624286
84,40,0.999918302758028,3.913388119152607,4.162501281508412e-06,5,7,16,0,1.4772777233409708,acquisition,1.5381917142624286
85,40,0.9999224102002632,3.913388119152607,4.107442235221975e-06,5,7,16,0,1.467474931513332,acquisition,1.5381917142624286
86,40,0.9999263135358485,3.913388119152607,3.903335585282553e-06,5,7,16,0,1.430549547319707,acquisition,1.5381917142624286
87,40,0.9999300119642073,3.913388119152607,3.6984283588152495e-06,5,7,16,0,1.3924947423191691,acquisition,1.5381917142624286
88,40,0.9999332685171721,3.913388119152607,3.2565529648459364e-06,5,7,16,0,1.3066643183439066,acquisition,1.5381917142624286
89,40,0.9999364347580578,3.913388119152607,3.1662408857106185e-06,5,7,16,0,1.2884184496845148,acquisition,1.5381917142624286
90,40,0.9999393921241725,3.913388119152607,2.957366114662104e-06,5,7,16,0,1.2451953925083263,acquisition,1.5381917142624286
91,40,0.9999422773862549,3.913388119152607,2.885262082338627e-06,5,7,16,0,1.2299220652647687,acquisition,1.5381917142624286
92,40,0.9999450612029346,3.913388119152607,2.7838166796961946e-06,5,7,16,0,1.2081066506581934,acquisition,1.5381917142624286
93,40,0.9999476888136805,3.913388119152607,2.627610745844137e-06,5,7,16,0,1.1737226174514703,acquisition,1.5381917142624286
94,40,0.9999502106797223,3.913388119152607,2.5218660419152592e-06,5,7,16,0,1.1498626454423446,acquisition,1.5381917142624286
95,40,0.9999524807413538,3.913388119152607,2.2700616314893474e-06,5,7,16,0,1.0909473280824729,acquisition,1.5381917142624286
96,40,0.9999546746350947,3.913388119152607,2.193893740884347e-06,5,7,16,0,1.0724887699275794,acquisition,1.5381917142624286
97,40,0.9999567987217517,3.913388119152607,2.124086657039079e-06,5,7,16,0,1.0552881811361787,acquisition,1.5381917142624286
98,40,0.9999587793178625,3.913388119152607,1.980596110756958e-06,5,7,16,0,1.019020497201378,acquisition,1.5381917142624286
99,40,0.9999607018895219,3.913388119152607,1.922571659432181e-06,5,7,16,0,1.0039826941637884,acquisition,1.5381917142624286
100,40,0.9999625725130581,3.913388119152607,1.8706235361854534e-06,5,7,16,0,0.9903259425762807,acquisition,1.5381917142624286
101,40,0.9999642983170773,3.913388119152607,1.725804019274623e-06,5,7,16,0,0.9512193951226254,acquisition,1.5381917142624286
102,40,0.9999658433802643,3.913388119152607,1.5450631869465618e-06,5,7,16,0,0.9000322706202477,acquisition,1.5381917142624286
103,40,0.9999673654147845,3.913388119152607,1.5220345201909543e-06,5,7,16,0,0.8932997450586645,acquisition,1.5381917142624286
104,40,0.9999687697862198,3.913388119152607,1.4043714353626395e-06,5,7,16,0,0.8580763900163012,acquisition,1.5381917142624286
105,40,0.999970137626336,3.913388119152607,1.3678401162113e-06,5,7,16,0,0.8468424640086195,acquisition,1.5381917142624286
106,40,0.9999714408412894,3.913388119152607,1.3032149533490856e-06,5,7,16,0,0.8265954037263245,acquisition,1.5381917142624286
107,40,0.9999726680203099,3.913388119152607,1.2271790205058527e-06,5,7,16,0,0.8021192145204928,acquisition,1.5381917142624286
108,40,0.9999738512324818,3.913388119152607,1.1832121719472985e-06,5,7,16,0,0.7876191612739657,acquisition,1.5381917142624286
109,40,0.9999750038971025,3.913388119152607,1.1526646206436798e-06,5,7,16,0,0.777385508372798,acquisition,1.5381917142624286
110,40,0.9999761447858158,3.913388119152607,1.140888713334761e-06,5,7,16,0,0.7734043326338785,acquisition,1.5381917142624286
111,40,0.9999771860715491,3.913388119152607,1.0412857332667437e-06,5,7,16,0,0.7388732059852722,acquisition,1.5381917142624286
112,40,0.9999782250033132,3.913388119152607,1.0389317641476488e-06,5,7,16,0,0.7380375713752264,acquisition,1.5381917142624286
113,40,0.9999792525036224,3.913388119152607,1.0275003091850783e-06,5,7,16,0,0.7339659951946181,acquisition,1.5381917142624286
114,40,0.9999801814147522,3.913388119152607,9.289111298409036e-07,5,7,16,0,0.6978660032141039,acquisition,1.5381917142624286
115,40,0.9999810259386211,3.913388119152607,8.445238689017255e-07,5,7,16,0,0.6654124511750196,acquisition,1.5381917142624286
116,40,0.9999818554252333,3.913388119152607,8.29486612162824e-07,5,7,16,0,0.6594618085360384,acquisition,1.5381917142624286
117,40,0.9999826414979053,3.913388119152607,7.860726719679834e-07,5,7,16,0,0.6419723273169569,acquisition,1.5381917142624286
118,40,0.999983420309009,3.913388119152607,7.78811103708224e-07,5,7,16,0,0.6390002472151144,acquisition,1.5381917142624286
119,40,0.9999841660495092,3.913388119152607,7.45740500190944e-07,5,7,16,0,0.6252861707763171,acquisition,1.5381917142624286
120,40,0.9999848723858265,3.913388119152607,7.063363171687276e-07,5,7,16,0,0.6085422376924693,acquisition,1.5381917142624286
121,40,0.9999855456327681,3.913388119152607,6.732469416865373e-07,5,7,16,0,0.5941172380624478,acquisition,1.5381917142624286
122,40,0.9999861709448548,3.913388119152607,6.253120866406918e-07,5,7,16,0,0.572576303457168,acquisition,1.5381917142624286
123,40,0.9999867624289999,3.913388119152607,5.914841451089556e-07,5,7,16,0,0.5568734501400512,acquisition,1.5381917142624286
124,40,0.9999873501609302,3.913388119152607,5.877319303606159e-07,5,7,16,0,0.5551043129943295,acquisition,1.5381917142624286
125,40,0.9999879106898458,3.913388119152607,5.605289155772819e-07,5,7,16,0,0.5421056945745746,acquisition,1.5381917142624286
126,40,0.9999884486079947,3.913388119152607,5.379181488610052e-07,5,7,16,0,0.5310593473709305,acquisition,1.5381917142624286
127,40,0.9999889746157518,3.913388119152607,5.260077570202212e-07,5,7,16,0,0.5251471745259777,acquisition,1.5381917142624286
128,40,0.9999894607395846,3.913388119152607,4.861238329042976e-07,5,7,16,0,0.5048454140682357,acquisition,1.5381917142624286
129,40,0.9999899407938634,3.913388119152607,4.800542787267e-07,5,7,16,0,0.5016838622928428,acquisition,1.5381917142624286
130,40,0.9999903981974698,3.913388119152607,4.5740360641415846e-07,5,7,16,0,0.4897052399144472,acquisition,1.5381917142624286
131,40,0.9999908398200166,3.913388119152607,4.416225466989841e-07,5,7,16,0,0.48118333487738013,acquisition,1.5381917142624286
132,40,0.9999912689947134,3.913388119152607,4.29174696810525e-07,5,7,16,0,0.4743533950984187,acquisition,1.5381917142624286
133,40,0.9999916538558582,3.913388119152607,3.848611447930373e-07,5,7,16,0,0.4491971503485434,acquisition,1.5381917142624286
134,40,0.9999920264240069,3.913388119152607,3.725681486264122e-07,5,7,16,0,0.4419649414908884,acquisition,1.5381917142624286
135,40,0.9999923935572425,3.913388119152607,3.6713323559837956e-07,5,7,16,0,0.43872947225528763,acquisition,1.5381917142624286
136,40,0.9999927493647841,3.913388119152607,3.558075416348487e-07,5,7,16,0,0.43190927796083695,acquisition,1.5381917142624286
137,40,0.9999930875184647,3.913388119152607,3.3815368056518385e-07,5,7,16,0,0.4210580920445053,acquisition,1.5381917142624286
138,40,0.9999934149444049,3.913388119152607,3.274259401598422e-07,5,7,16,0,0.4143253447648639,acquisition,1.5381917142624286
139,40,0.9999937170442238,3.913388119152607,3.020998189891965e-07,5,7,16,0,0.39797903198310314,acquisition,1.5381917142624286
140,40,0.9999940078487377,3.913388119152607,2.908045138886847e-07,5,7,16,0,0.3904680742105181,acquisition,1.5381917142624286
141,40,0.9999942828135713,3.913388119152607,2.7496483360561493e-07,5,7,16,0,0.3796850835645517,acquisition,1.5381917142624286
142,40,0.9999945482280769,3.913388119152607,2.65414505618494e-07,5,7,16,0,0.3730330284595574,acquisition,1.5381917142624286
143,40,0.9999948067398385,3.913388119152607,2.5851176165159575e-07,5,7,16,0,0.36815026075339374,acquisition,1.5381917142624286
144,40,0.9999950520529725,3.913388119152607,2.453131339204448e-07,5,7,16,0,0.35862896196052285,acquisition,1.5381917142624286
145,40,0.9999952824351142,3.913388119152607,2.3038214171530396e-07,5,7,16,0,0.3475436552659727,acquisition,1.5381917142624286
146,40,0.999995508314721,3.913388119152607,2.2587960681932376e-07,5,7,16,0,0.3441307415795479,acquisition,1.5381917142624286
147,40,0.9999957254184721,3.913388119152607,2.171037512395275e-07,5,7,16,0,0.3373794474028751,acquisition,1.5381917142624286
148,40,0.9999959388415054,3.913388119152607,2.1342303321362955e-07,5,7,16,0,0.3345073022185127,acquisition,1.5381917142624286
149,40,0.999996144288819,3.913388119152607,2.0544731355570112e-07,5,7,16,0,0.32819744229577935,acquisition,1.5381917142624286
150,40,0.9999963329730192,3.913388119152607,1.8868420011159223e-07,5,7,16,0,0.3145232295206611,acquisition,1.5381917142624286
151,40,0.9999965071881439,3.913388119152607,1.7421512479192247e-07,5,7,16,0,0.3022232607641368,acquisition,1.5381917142624286
152,40,0.9999966694533159,3.913388119152607,1.6226517201333565e-07,5,7,16,0,0.29167393182203943,acquisition,1.5381917142624286
153,40,0.9999968278670983,3.913388119152607,1.5841378239735232e-07,5,7,16,0,0.2881916812566647,acquisition,1.5381917142624286
154,40,0.99999697413106,3.913388119152607,1.4626396172777718e-07,5,7,16,0,0.27691955504502175,acquisition,1.5381917142624286
155,40,0.9999971177610416,3.913388119152607,1.436299816144878e-07,5,7,16,0,0.2744147878681041,acquisition,1.5381917142624286
156,40,0.9999972580862084,3.913388119152607,1.4032516678943066e-07,5,7,16,0,0.27123937959982325,acquisition,1.5381917142624286
157,40,0.9999973942356685,3.913388119152607,1.3614946005199216e-07,5,7,16,0,0.26717321742970207,acquisition,1.5381917142624286
158,40,0.9999975256915439,3.913388119152607,1.3145587543506318e-07,5,7,16,0,0.26252759477833637,acquisition,1.5381917142624286
159,40,0.9999976465045145,3.913388119152607,1.2081297061894903e-07,5,7,16,0,0.25167596377061424,acquisition,1.5381917142624286
160,40,0.9999977636449068,3.913388119152607,1.1714039231232754e-07,5,7,16,0,0.24782110887623268,acquisition,1.5381917142624286
161,40,0.9999978704448254,3.913388119152607,1.0679991852759959e-07,5,7,16,0,0.23663033551300672,acquisition,1.5381917142624286
162,40,0.9999979675999622,3.913388119152607,9.715513687105891e-08,5,7,16,0,0.22569287184103473,acquisition,1.5381917142624286
163,40,0.9999980630105684,3.913388119152607,9.541060618711663e-08,5,7,16,0,0.22365740742624868,acquisition,1.5381917142624286
164,40,0.9999981547910978,3.913388119152607,9.178052937933773e-08,5,7,16,0,0.21936141453599858,acquisition,1.5381917142624286
165,40,0.9999982417454466,3.913388119152607,8.69543488007257e-08,5,7,16,0,0.21351609218987422,acquisition,1.5381917142624286
166,40,0.9999983242438155,3.913388119152607,8.249836888516903e-08,5,7,16,0,0.2079733271986278,acquisition,1.5381917142624286
167,40,0.999998405967583,3.913388119152607,8.172376756562543e-08,5,7,16,0,0.20699466333566818,acquisition,1.5381917142624286
168,40,0.9999984823770023,3.913388119152607,7.640941926469085e-08,5,7,16,0,0.20015129679181753,acquisition,1.5381917142624286
169,40,0.9999985558559172,3.913388119152607,7.347891499306284e-08,5,7,16,0,0.1962756056770248,acquisition,1.5381917142624286
170,40,0.9999986272186593,3.913388119152607,7.136274203515407e-08,5,7,16,0,0.1934286155048597,acquisition,1.5381917142624286
171,40,0.9999986947066323,3.913388119152607,6.748797297642643e-08,5,7,16,0,0.18810405199214783,acquisition,1.5381917142624286
172,40,0.9999987614649091,3.913388119152607,6.675827675803033e-08,5,7,16,0,0.18708437509560813,acquisition,1.5381917142624286
173,40,0.9999988227176371,3.913388119152607,6.125272794625645e-08,5,7,16,0,0.17920399055123437,acquisition,1.5381917142624286
174,40,0.9999988829887374,3.913388119152607,6.027110035367329e-08,5,7,16,0,0.17776224194757068,acquisition,1.5381917142624286
175,40,0.9999989380798878,3.913388119152607,5.509115039216504e-08,5,7,16,0,0.16995184334630625,acquisition,1.5381917142624286
176,40,0.999998990007204,3.913388119152607,5.1927316249612775e-08,5,7,16,0,0.16499960236884506,acquisition,1.5381917142624286
177,40,0.9999990404225785,3.913388119152607,5.041537448621129e-08,5,7,16,0,0.16257975230214475,acquisition,1.5381917142624286
178,40,0.9999990889904425,3.913388119152607,4.8567864097791553e-08,5,7,16,0,0.15957301880989447,acquisition,1.5381917142624286
179,40,0.9999991349236002,3.913388119152607,4.593315766473917e-08,5,7,16,0,0.1551844172774147,acquisition,1.5381917142624286
180,40,0.999999178381869,3.913388119152607,4.3458268906271127e-08,5,7,16,0,0.15094584753589968,acquisition,1.5381917142624286
181,40,0.9999992202131659,3.913388119152607,4.1831296888266155e-08,5,7,16,0,0.14809337251529955,acquisition,1.5381917142624286
182,40,0.9999992608437708,3.913388119152607,4.063060492279513e-08,5,7,16,0,0.14595252171087147,acquisition,1.5381917142624286
183,40,0.9999993006434764,3.913388119152607,3.9799705596050005e-08,5,7,16,0,0.14445244216537795,acquisition,1.5381917142624286
184,40,0.999999338232437,3.913388119152607,3.758896064414905e-08,5,7,16,0,0.14038319343211855,acquisition,1.5381917142624286
185,40,0.9999993732038976,3.913388119152607,3.497146063588914e-08,5,7,16,0,0.13540722711092285,acquisition,1.5381917142624286
186,40,0.9999994059007534,3.913388119152607,3.269685580759298e-08,5,7,16,0,0.13092963429892907,acquisition,1.5381917142624286
187,40,0.9999994366634178,3.913388119152607,3.076266436418693e-08,5,7,16,0,0.12699801484342516,acquisition,1.5381917142624286
188,40,0.999999465293115,3.913388119152607,2.862969721002025e-08,5,7,16,0,0.12251614869415009,acquisition,1.5381917142624286
189,40,0.9999994935505915,3.913388119152607,2.8257476435514344e-08,5,7,16,0,0.12171711385595266,acquisition,1.5381917142624286
190,40,0.9999995204202018,3.913388119152607,2.6869610353800868e-08,5,7,16,0,0.11869041356897173,acquisition,1.5381917142624286
191,40,0.9999995464776522,3.913388119152607,2.6057450474027253e-08,5,7,16,0,0.11688288409398015,acquisition,1.5381917142624286
192,40,0.9999995713873782,3.913388119152607,2.4909725975686457e-08,5,7,16,0,0.11427979004329987,acquisition,1.5381917142624286
193,40,0.999999594279145,3.913388119152607,2.289176679257914e-08,5,7,16,0,0.10955308589057512,acquisition,1.5381917142624286
194,40,0.9999996168838957,3.913388119152607,2.2604750755199577e-08,5,7,16,0,0.10886413350567796,acquisition,1.5381917142624286
195,40,0.9999996374426651,3.913388119152607,2.055876938951177e-08,5,7,16,0,0.1038205956719973,acquisition,1.5381917142624286
196,40,0.99999965724079,3.913388119152607,1.9798124911156742e-08,5,7,16,0,0.10188188903539502,acquisition,1.5381917142624286
197,40,0.9999996766386665,3.913388119152607,1.9397876487331866e-08,5,7,16,0,0.10084678412220316,acquisition,1.5381917142624286
198,40,0.9999996953055259,3.913388119152607,1.86668594423756e-08,5,7,16,0,0.0989283094130503,acquisition,1.5381917142624286
199,40,0.9999997137579077,3.913388119152607,1.8452381858828603e-08,5,7,16,0,0.09835833660652019,acquisition,1.5381917142624286
200,40,0.9999997288589727,3.913388119152607,1.510106496072493e-08,5,7,16,0,0.08897925121132763,acquisition,1.5381917142624286
201,40,0.9999997436232195,3.913388119152607,1.4764246802182786e-08,5,7,16,0,0.08798134704255674,acquisition,1.5381917142624286
202,40,0.999999757840131,3.913388119152607,1.4216911387347011e-08,5,7,16,0,0.0863351379071661,acquisition,1.5381917142624286
203,40,0.9999997710771453,3.913388119152607,1.3237014424395715e-08,5,7,16,0,0.08330670932486518,acquisition,1.5381917142624286
204,40,0.9999997834712586,3.913388119152607,1.2394113308470165e-08,5,7,16,0,0.08061069952724145,acquisition,1.5381917142624286
205,40,0.9999997955870199,3.913388119152607,1.211576123605431e-08,5,7,16,0,0.07970036528729615,acquisition,1.5381917142624286
206,40,0.9999998072036074,3.913388119152607,1.1616587437359807e-08,5,7,16,0,0.0780412544386525,acquisition,1.5381917142624286
207,40,0.9999998185704487,3.913388119152607,1.136684141200777e-08,5,7,16,0,0.07719778850601051,acquisition,1.5381917142624286
208,40,0.999999829489823,3.913388119152607,1.0919374266593807e-08,5,7,16,0,0.07566304841522005,acquisition,1.5381917142624286
209,40,0.9999998400380414,3.913388119152607,1.0548218451279682e-08,5,7,16,0,0.0743660161322665,acquisition,1.5381917142624286
210,40,0.9999998498727444,3.913388119152607,9.834702925447897e-09,5,7,16,0,0.0718068014005444,acquisition,1.5381917142624286
211,40,0.9999998593560409,3.913388119152607,9.483296506073188e-09,5,7,16,0,0.0705122582149806,acquisition,1.5381917142624286
212,40,0.9999998685809497,3.913388119152607,9.224908853478887e-09,5,7,16,0,0.0695450142927064,acquisition,1.5381917142624286
213,40,0.9999998772776985,3.913388119152607,8.696748740087433e-09,5,7,16,0,0.06752481768537372,acquisition,1.5381917142624286
214,40,0.9999998855520991,3.913388119152607,8.274400602358251e-09,5,7,16,0,0.0658647777116814,acquisition,1.5381917142624286
215,40,0.9999998936988327,3.913388119152607,8.146733599749683e-09,5,7,16,0,0.06535468357773268,acquisition,1.5381917142624286
216,40,0.9999999012995339,3.913388119152607,7.600701189644465e-09,5,7,16,0,0.06312651127154356,acquisition,1.5381917142624286
217,40,0.9999999080617348,3.913388119152607,6.762200864444635e-09,5,7,16,0,0.059542764185230336,acquisition,1.5381917142624286
218,40,0.9999999144504189,3.913388119152607,6.388684161683976e-09,5,7,16,0,0.05787495522037981,acquisition,1.5381917142624286
219,40,0.9999999205343183,3.913388119152607,6.083899415983629e-09,5,7,16,0,0.05647756596213424,acquisition,1.5381917142624286
220,40,0.9999999263846838,3.913388119152607,5.850365488678769e-09,5,7,16,0,0.05538299758344987,acquisition,1.5381917142624286
221,40,0.9999999315420514,3.913388119152607,5.157367493502902e-09,5,7,16,0,0.051999479693874334,acquisition,1.5381917142624286
222,40,0.9999999365002885,3.913388119152607,4.9582371911961215e-09,5,7,16,0,0.050985726046589075,acquisition,1.5381917142624286
223,40,0.999999941327252,3.913388119152607,4.826963469465375e-09,5,7,16,0,0.05030625232989496,acquisition,1.5381917142624286
224,40,0.9999999460000394,3.913388119152607,4.672787356674918e-09,5,7,16,0,0.04949632650668511,acquisition,1.5381917142624286
225,40,0.9999999503039252,3.913388119152607,4.3038857676320455e-09,5,7,16,0,0.047502375323137995,acquisition,1.5381917142624286
226,40,0.9999999544062964,3.913388119152607,4.102371176348104e-09,5,7,16,0,0.04637697682369124,acquisition,1.5381917142624286
227,40,0.9999999581229784,3.913388119152607,3.716681938753728e-09,5,7,16,0,0.04414308258725612,acquisition,1.5381917142624286
228,40,0.9999999616657295,3.913388119152607,3.5427510864278363e-09,5,7,16,0,0.04309781759673078,acquisition,1.5381917142624286
229,40,0.9999999649351514,3.913388119152607,3.269421970117833e-09,5,7,16,0,0.04140191669318147,acquisition,1.5381917142624286
230,40,0.9999999678314037,3.913388119152607,2.8962521980734724e-09,5,7,16,0,0.038967554098551585,acquisition,1.5381917142624286
231,40,0.9999999706801235,3.913388119152607,2.8487198240829628e-09,5,7,16,0,0.03864646968519645,acquisition,1.5381917142624286
232,40,0.9999999733608284,3.913388119152607,2.6807048646152176e-09,5,7,16,0,0.037489483752905735,acquisition,1.5381917142624286
233,40,0.9999999758424745,3.913388119152607,2.481646099718395e-09,5,7,16,0,0.036070725946800095,acquisition,1.5381917142624286
234,40,0.9999999781974309,3.913388119152607,2.354956415824937e-09,5,7,16,0,0.03513794799557914,acquisition,1.5381917142624286
235,40,0.9999999804266152,3.913388119152607,2.2291842439624245e-09,5,7,16,0,0.03418675984790854,acquisition,1.5381917142624286
236,40,0.9999999825459787,3.913388119152607,2.1193634085693122e-09,5,7,16,0,0.033334018700900546,acquisition,1.5381917142624286
237,40,0.9999999843888704,3.913388119152607,1.8428917631783795e-09,5,7,16,0,0.03108385492073443,acquisition,1.5381917142624286
238,40,0.9999999861233978,3.913388119152607,1.734527363142025e-09,5,7,16,0,0.03015612511857261,acquisition,1.5381917142624286
239,40,0.9999999877162948,3.913388119152607,1.5928970714189747e-09,5,7,16,0,0.028898733878495633,acquisition,1.5381917142624286
240,40,0.9999999891628337,3.913388119152607,1.446538923772076e-09,5,7,16,0,0.027539117619608186,acquisition,1.5381917142624286
241,40,0.9999999905556672,3.913388119152607,1.3928335488496159e-09,5,7,16,0,0.02702306266246051,acquisition,1.5381917142624286
242,40,0.9999999918069933,3.913388119152607,1.2513260610321271e-09,5,7,16,0,0.025613575265597183,acquisition,1.5381917142624286
243,40,0.99999999289536,3.913388119152607,1.0883666953172332e-09,5,7,16,0,0.023887603436813863,acquisition,1.5381917142624286
244,40,0.9999999939162362,3.913388119152607,1.0208761209564038e-09,5,7,16,0,0.02313510535320708,acquisition,1.5381917142624286
245,40,0.9999999949341852,3.913388119152607,1.0179490371383104e-09,5,7,16,0,0.0231019147427907,acquisition,1.5381917142624286
246,40,0.9999999958098489,3.913388119152607,8.75663670703994e-10,5,7,16,0,0.021426617898913855,acquisition,1.5381917142624286
247,40,0.9999999965538189,3.913388119152607,7.439699742144361e-10,5,7,16,0,0.019749798222790486,acquisition,1.5381917142624286
248,40,0.999999997194325,3.913388119152607,6.40506060920682e-10,5,7,16,0,0.018325109594978756,acquisition,1.5381917142624286
249,40,0.9999999978275474,3.913388119152607,6.332224647412671e-10,5,7,16,0,0.018220618529409736,acquisition,1.5381917142624286
250,40,0.9999999983625125,3.913388119152607,5.349650932791123e-10,5,7,16,0,0.016747411108142034,acquisition,1.5381917142624286
251,40,0.9999999988348711,3.913388119152607,4.723586405879048e-10,5,7,16,0,0.015736961808320925,acquisition,1.5381917142624286
252,40,0.9999999991785318,3.913388119152607,3.4366071029629707e-10,5,7,16,0,0.013423009590990576,acquisition,1.5381917142624286
253,40,0.9999999994969355,3.913388119152607,3.1840372312090037e-10,5,7,16,0,0.012920342533679616,acquisition,1.5381917142624286
254,40,0.9999999997674163,3.913388119152607,2.704807220486882e-10,5,7,16,0,0.01190839186462482,acquisition,1.5381917142624286
255,40,1.0000000000000002,3.913388119152607,2.325839669969196e-10,5,7,16,0,0.011042689114924904,acquisition,1.5381917142624286
256,40,1.0000000000000002,3.913388119152607,7.542554801748095e-32,5,7,16,0,1.988585168379495e-13,acquisition,1.5381917142624286
1,40,0.42072913154938607,7.363978753989125,0.42072913154938607,9,10,11,0,35.95107636941784,structural,2.3768261454047135
2,40,0.5221878242543192,7.363978753989125,0.1014586927049331,9,10,11,0,17.654492459132165,structural,2.3768261454047135
3,40,0.6108711249384251,7.363978753989125,0.08868330068410585,9,10,11,0,16.505608128801953,structural,2.3768261454047135
4,40,0.6749290620437025,7.363978753989125,0.0640579371052774,9,10,11,0,14.028042728314315,structural,2.3768261454047135
5,40,0.7363394803410978,7.363978753989125,0.061410418297395276,9,10,11,0,13.73509392066899,structural,2.3768261454047135
6,40,0.7919122230653326,7.363978753989125,0.055572742724234826,9,10,11,0,13.06596592865791,structural,2.3768261454047135
7,40,0.8434329943557664,7.363978753989125,0.0515207712904337,9,10,11,0,12.580612441539255,structural,2.3768261454047135
8,40,0.8897586222674252,7.363978753989125,0.046325627911658895,9,10,11,0,11.929473120998098,structural,2.3768261454047135
9,40,0.9304609031714945,7.363978753989125,0.04070228090406933,9,10,11,0,11.182012651455057,structural,2.3768261454047135
10,40,0.9697624933627919,7.363978753989125,0.03930159019129735,9,10,11,0,10.98792451137454,structural,2.3768261454047135
11,40,0.9903269617266384,7.363978753989125,0.020564468363846518,9,10,11,0,7.948210289979531,structural,2.3768261454047135
12,40,1.0,7.363978753989125,0.009673038273361734,9,10,11,0,5.451199278669534,structural,2.3768261454047135
1,16,0.45605813496641295,10.935540868512925,0.45605813496641295,16,29,74,1,488.9844654641604,acquisition,2.192702910723534
2,16,0.5554261913463892,10.935540868512925,0.09936805637997617,16,29,74,1,228.24872298294449,acquisition,2.192702910723534
3,16,0.647209808860998,10.935540868512925,0.09178361751460888,16,29,74,1,219.3651049266935,acquisition,2.192702910723534
4,16,0.6977437974682161,10.935540868512925,0.050533988607218125,16,29,74,1,162.7708936477931,acquisition,2.192702910723534
5,16,0.735212860452204,10.935540868512925,0.03746906298398794,16,29,74,1,140.15912419014705,acquisition,2.192702910723534
6,16,0.7635509597906501,10.935540868512925,0.028338099338446086,16,29,74,1,121.89062895052768,acquisition,2.192702910723534
7,16,0.7875966502203556,10.935540868512925,0.024045690429705512,16,29,74,1,112.28030523653487,acquisition,2.192702910723534
8,16,0.8100111851718216,10.935540868512925,0.022414534951465958,16,29,74,1,108.40512764917618,acquisition,2.192702910723534
9,16,0.8287300502568824,10.935540868512925,0.018718865085060776,16,29,74,1,99.06602009627893,acquisition,2.192702910723534
10,16,0.8448234067416173,10.935540868512925,0.016093356484734842,16,29,74,1,91.85615757622708,acquisition,2.192702910723534
11,16,0.8582336457627147,10.935540868512925,0.01341023902109739,16,29,74,1,83.85002919434856,acquisition,2.192702910723534
12,16,0.8694406045015247,10.935540868512925,0.01120695873881001,16,29,74,1,76.65294503966055,acquisition,2.192702910723534
13,16,0.8799960080133696,10.935540868512925,0.01055540351184496,16,29,74,1,74.3913395256341,acquisition,2.192702910723534
14,16,0.8901845729033716,10.935540868512925,0.010188564890001982,16,29,74,1,73.08722397963517,acquisition,2.192702910723534
15,16,0.8972894220348577,10.935540868512925,0.007104849131486175,16,29,74,1,61.03267273722021,acquisition,2.192702910723534
16,16,0.9029947726463897,10.935540868512925,0.005705350611532006,16,29,74,1,54.692292522977056,acquisition,2.192702910723534
17,16,0.9086124905230974,10.935540868512925,0.005617717876707769,16,29,74,1,54.27063727415924,acquisition,2.192702910723534
18,16,0.9137486992616329,10.935540868512925,0.005136208738535452,16,29,74,1,51.89270283102697,acquisition,2.192702910723534
19,16,0.9186761469217114,10.935540868512925,0.004927447660078452,16,29,74,1,50.82717460972241,acquisition,2.192702910723534
20,16,0.9230070294945992,10.935540868512925,0.004330882572887868,16,29,74,1,47.65112551004681,acquisition,2.192702910723534
21,16,0.9270938951640503,10.935540868512925,0.004086865669451004,16,29,74,1,46.28924959539879,acquisition,2.192702910723534
22,16,0.9306378444539475,10.935540868512925,0.0035439492898971595,16,29,74,1,43.105105095587014,acquisition,2.192702910723534
23,16,0.9340730896526591,10.935540868512925,0.0034352451987116816,16,29,74,1,42.438871742096886,acquisition,2.192702910723534
24,16,0.9373032649770978,10.935540868512925,0.003230175324438717,16,29,74,1,41.152668935311176,acquisition,2.192702910723534
25,16,0.9402705065748025,10.935540868512925,0.002967241597704629,16,29,74,1,39.44222563164209,acquisition,2.192702910723534
26,16,0.9429650897103986,10.935540868512925,0.0026945831355961536,16,29,74,1,37.586401836241734,acquisition,2.192702910723534
27,16,0.9455056026742739,10.935540868512925,0.0025405129638752543,16,29,74,1,36.49603349412411,acquisition,2.192702910723534
28,16,0.9478273290871215,10.935540868512925,0.002321726412847624,16,29,74,1,34.88915730623276,acquisition,2.192702910723534
29,16,0.9500303300561316,10.935540868512925,0.002203000969010018,16,29,74,1,33.98539351015851,acquisition,2.192702910723534
30,16,0.9521468546729563,10.935540868512925,0.002116524616824808,16,29,74,1,33.31168651248154,acquisition,2.192702910723534
31,16,0.9541932256242149,10.935540868512925,0.002046370951258568,16,29,74,1,32.754965017435936,acquisition,2.192702910723534
32,16,0.9561061593587907,10.935540868512925,0.0019129337345758315,16,29,74,1,31.66904169426813,acquisition,2.192702910723534
33,16,0.9579128253486927,10.935540868512925,0.0018066659899019781,16,29,74,1,30.776830546918376,acquisition,2.192702910723534
34,16,0.9596557131574731,10.935540868512925,0.0017428878087804558,16,29,74,1,30.228714221578915,acquisition,2.192702910723534
35,16,0.9612177110974607,10.935540868512925,0.001561997939987516,16,29,74,1,28.61707140781835,acquisition,2.192702910723534
36,16,0.9626812702939613,10.935540868512925,0.0014635591965006744,16,29,74,1,27.70065927040267,acquisition,2.192702910723534
37,16,0.9641235827288422,10.935540868512925,0.0014423124348808753,16,29,74,1,27.49885637365351,acquisition,2.192702910723534
38,16,0.9654998097135166,10.935540868512925,0.0013762269846742763,16,29,74,1,26.861483453839753,acquisition,2.192702910723534
39,16,0.9668427022459699,10.935540868512925,0.0013428925324533555,16,29,74,1,26.53417494581101,acquisition,2.192702910723534
40,16,0.9680311136204238,10.935540868512925,0.0011884113744538756,16,29,74,1,24.9613666030062,acquisition,2.192702910723534
41,16,0.9691818237656797,10.935540868512925,0.0011507101452559586,16,29,74,1,24.562237696023463,acquisition,2.192702910723534
42,16,0.9703208471648735,10.935540868512925,0.001139023399193773,16,29,74,1,24.437190917053144,acquisition,2.192702910723534
43,16,0.9714123661888631,10.935540868512925,0.0010915190239894782,16,29,74,1,23.92217226861715,acquisition,2.192702910723534
44,16,0.972483794932013,10.935540868512925,0.0010714287431499278,16,29,74,1,23.70099645349514,acquisition,2.192702910723534
45,16,0.9735026731483546,10.935540868512925,0.0010188782163416208,16,29,74,1,23.11245599864531,acquisition,2.192702910723534
46,16,0.9744896640154029,10.935540868512925,0.0009869908670483787,16,29,74,1,22.747911282204797,acquisition,2.192702910723534
47,16,0.9754459120291186,10.935540868512925,0.0009562480137156563,16,29,74,1,22.390832021498305,acquisition,2.192702910723534
48,16,0.9763665962773598,10.935540868512925,0.0009206842482412405,16,29,74,1,21.970518954769897,acquisition,2.192702910723534
49,16,0.977208415089481,10.935540868512925,0.0008418188121212447,16,29,74,1,21.00846261318098,acquisition,2.192702910723534
50,16,0.9780080341903649,10.935540868512925,0.0007996191008838525,16,29,74,1,20.475123910838565,acquisition,2.192702910723534
51,16,0.9787917176585113,10.935540868512925,0.0007836834681464159,16,29,74,1,20.270072475142953,acquisition,2.192702910723534
52,16,0.9795586887199015,10.935540868512925,0.000766971061390285,16,29,74,1,20.05277346987667,acquisition,2.192702910723534
53,16,0.9802783247019227,10.935540868512925,0.000719635982021235,16,29,74,1,19.424121852530405,acquisition,2.192702910723534
54,16,0.9809779276064983,10.935540868512925,0.000699602904575636,16,29,74,1,19.151851284775343,acquisition,2.192702910723534
55,16,0.9816551222722494,10.935540868512925,0.0006771946657511141,16,29,74,1,18.842638799205382,acquisition,2.192702910723534
56,16,0.9822937434736129,10.935540868512925,0.0006386212013635188,16,29,74,1,18.29812647296101,acquisition,2.192702910723534
57,16,0.9829118140140124,10.935540868512925,0.000618070540399559,16,29,74,1,18.001304605083597,acquisition,2.192702910723534
58,16,0.9834909518947038,10.935540868512925,0.0005791378806914291,16,29,74,1,17.425126719537737,acquisition,2.192702910723534
59,16,0.9840539013627574,10.935540868512925,0.0005629494680535345,16,29,74,1,17.179861777873867,acquisition,2.192702910723534
60,16,0.9845784876364563,10.935540868512925,0.0005245862736988486,16,29,74,1,16.584157749642333,acquisition,2.192702910723534
61,16,0.9850920485055876,10.935540868512925,0.000513560869131337,16,29,74,1,16.408954901368045,acquisition,2.192702910723534
62,16,0.9855859323604241,10.935540868512925,0.000493883854836457,16,29,74,1,16.09153126599505,acquisition,2.192702910723534
63,16,0.9860572711417473,10.935540868512925,0.000471338781323251,16,29,74,1,15.719963962503368,acquisition,2.192702910723534
64,16,0.9865150545805396,10.935540868512925,0.0004577834387921877,16,29,74,1,15.49226786359823,acquisition,2.192702910723534
65,16,0.9869584852146059,10.935540868512925,0.0004434306340663474,16,29,74,1,15.2474706188724,acquisition,2.192702910723534
66,16,0.9873744111425421,10.935540868512925,0.00041592592793616946,16,29,74,1,14.767023156540331,acquisition,2.192702910723534
67,16,0.9877730342249083,10.935540868512925,0.00039862308236616773,16,29,74,1,14.456600520440249,acquisition,2.192702910723534
68,16,0.9881581080949178,10.935540868512925,0.0003850738700094766,16,29,74,1,14.208786336613286,acquisition,2.192702910723534
69,16,0.9885384439737956,10.935540868512925,0.00038033587887782754,16,29,74,1,14.121102551327159,acquisition,2.192702910723534
70,16,0.988912290979129,10.935540868512925,0.00037384700533343184,16,29,74,1,14.00012495416574,acquisition,2.192702910723534
71,16,0.9892689185956044,10.935540868512925,0.0003566276164753449,16,29,74,1,13.673901410593306,acquisition,2.192702910723534
72,16,0.9896222635352013,10.935540868512925,0.0003533449395969058,16,29,74,1,13.610823328931374,acquisition,2.192702910723534
73,16,0.9899492820603483,10.935540868512925,0.0003270185251469191,16,29,74,1,13.093963819723495,acquisition,2.192702910723534
74,16,0.9902727369949291,10.935540868512925,0.0003234549345808294,16,29,74,1,13.022424533915098,acquisition,2.192702910723534
75,16,0.9905740490845663,10.935540868512925,0.0003013120896371018,16,29,74,1,12.568783268545003,acquisition,2.192702910723534
76,16,0.9908712963752607,10.935540868512925,0.00029724729069450167,16,29,74,1,12.483716896166737,acquisition,2.192702910723534
77,16,0.991148718805165,10.935540868512925,0.00027742242990419784,16,29,74,1,12.06023428170498,acquisition,2.192702910723534
78,16,0.9914238718141268,10.935540868512925,0.0002751530089618284,16,29,74,1,12.010804334538927,acquisition,2.192702910723534
79,16,0.9916943926686376,10.935540868512925,0.0002705208545106843,16,29,74,1,11.909275283143707,acquisition,2.192702910723534
80,16,0.9919540840709428,10.935540868512925,0.0002596914023051716,16,29,74,1,11.66846544888289,acquisition,2.192702910723534
81,16,0.9922113146802187,10.935540868512925,0.00025723060927592756,16,29,74,1,11.613049628588413,acquisition,2.192702910723534
82,16,0.9924507394383695,10.935540868512925,0.00023942475815078452,16,29,74,1,11.20390680081544,acquisition,2.192702910723534
83,16,0.9926864487309603,10.935540868512925,0.00023570929259083027,16,29,74,1,11.116634094628697,acquisition,2.192702910723534
84,16,0.9929144797949397,10.935540868512925,0.00022803106397944144,16,29,74,1,10.934072913221923,acquisition,2.192702910723534
85,16,0.9931284209008125,10.935540868512925,0.00021394110587285642,16,29,74,1,10.590880724277284,acquisition,2.192702910723534
86,16,0.9933368382283224,10.935540868512925,0.0002084173275098776,16,29,74,1,10.453262830594985,acquisition,2.192702910723534
87,16,0.9935445388846121,10.935540868512925,0.0002077006562897115,16,29,74,1,10.435274873467408,acquisition,2.192702910723534
88,16,0.9937402022619868,10.935540868512925,0.00019566337737463322,16,29,74,1,10.128374045077111,acquisition,2.192702910723534
89,16,0.9939329194901109,10.935540868512925,0.0001927172281240732,16,29,74,1,10.051832176211164,acquisition,2.192702910723534
90,16,0.9941193671929296,10.935540868512925,0.00018644770281876582,16,29,74,1,9.886975938852338,acquisition,2.192702910723534
91,16,0.994301880654814,10.935540868512925,0.00018251346188439293,16,29,74,1,9.782107027856759,acquisition,2.192702910723534
92,16,0.9944827812590609,10.935540868512925,0.00018090060424696134,16,29,74,1,9.738789247100014,acquisition,2.192702910723534
93,16,0.9946531380718188,10.935540868512925,0.00017035681275790601,16,29,74,1,9.450715985956673,acquisition,2.192702910723534
94,16,0.99481838196895,10.935540868512925,0.0001652438971312248,16,29,74,1,9.307813510118022,acquisition,2.192702910723534
95,16,0.9949806894591552,10.935540868512925,0.0001623074902051545,16,29,74,1,9.22474224163906,acquisition,2.192702910723534
96,16,0.9951356720390803,10.935540868512925,0.00015498257992510735,16,29,74,1,9.014183649325915,acquisition,2.192702910723534
97,16,0.9952884602363419,10.935540868512925,0.000152788197261653,16,29,74,1,8.950140689727593,acquisition,2.192702910723534
98,16,0.9954380516329053,10.935540868512925,0.00014959139656347476,16,29,74,1,8.856013444065622,acquisition,2.192702910723534
99,16,0.9955838358603067,10.935540868512925,0.00014578422740137192,16,29,74,1,8.742592351002674,acquisition,2.192702910723534
100,16,0.9957237933213867,10.935540868512925,0.00013995746107996313,16,29,74,1,8.566096973224836,acquisition,2.192702910723534
101,16,0.9958563685361521,10.935540868512925,0.00013257521476542721,16,29,74,1,8.337121457609712,acquisition,2.192702910723534
102,16,0.9959847568480742,10.935540868512925,0.0001283883119220608,16,29,74,1,8.204416571639534,acquisition,2.192702910723534
103,16,0.9961110727176783,10.935540868512925,0.00012631586960404353,16,29,74,1,8.137929383016589,acquisition,2.192702910723534
104,16,0.9962314420841198,10.935540868512925,0.00012036936644157524,16,29,74,1,7.944067874390336,acquisition,2.192702910723534
105,16,0.9963497241133815,10.935540868512925,0.00011828202926163023,16,29,74,1,7.874887209193639,acquisition,2.192702910723534
106,16,0.9964653604666216,10.935540868512925,0.0001156363532400332,16,29,74,1,7.786318280645257,acquisition,2.192702910723534
107,16,0.9965733642710438,10.935540868512925,0.00010800380442225533,16,29,74,1,7.5249650240340245,acquisition,2.192702910723534
108,16,0.9966798255858222,10.935540868512925,0.00010646131477844563,16,29,74,1,7.471036728765405,acquisition,2.192702910723534
109,16,0.9967809833669573,10.935540868512925,0.00010115778113505401,16,29,74,1,7.282568966768196,acquisition,2.192702910723534
110,16,0.9968798002479077,10.935540868512925,9.881688095041368e-05,16,29,74,1,7.19781250656965,acquisition,2.192702910723534
111,16,0.9969755479736607,10.935540868512925,9.574772575308085e-05,16,29,74,1,7.085152337080074,acquisition,2.192702910723534
112,16,0.9970683849252363,10.935540868512925,9.283695157553059e-05,16,29,74,1,6.97662523485616,acquisition,2.192702910723534
113,16,0.9971586986807252,10.935540868512925,9.031375548880601e-05,16,29,74,1,6.881164017643753,acquisition,2.192702910723534
114,16,0.9972475042191319,10.935540868512925,8.880553840669412e-05,16,29,74,1,6.82346525748969,acquisition,2.192702910723534
115,16,0.9973334297656727,10.935540868512925,8.592554654090117e-05,16,29,74,1,6.71190978372296,acquisition,2.192702910723534
116,16,0.9974185759061639,10.935540868512925,8.514614049110275e-05,16,29,74,1,6.6813995319692765,acquisition,2.192702910723534
117,16,0.9975007251441089,10.935540868512925,8.21492379449772e-05,16,29,74,1,6.562763111959489,acquisition,2.192702910723534
118,16,0.9975798428434417,10.935540868512925,7.911769933277411e-05,16,29,74,1,6.440532613672682,acquisition,2.192702910723534
119,16,0.9976565434239117,10.935540868512925,7.670058046999548e-05,16,29,74,1,6.341387382383526,acquisition,2.192702910723534
120,16,0.9977307407266061,10.935540868512925,7.419730269436185e-05,16,29,74,1,6.237047012410727,acquisition,2.192702910723534
121,16,0.9977998822111414,10.935540868512925,6.914148453531455e-05,16,29,74,1,6.020801495154195,acquisition,2.192702910723534
122,16,0.9978676065617933,10.935540868512925,6.772435065197822e-05,16,29,74,1,5.958780441887781,acquisition,2.192702910723534
123,16,0.9979338028537397,10.935540868512925,6.619629194634756e-05,16,29,74,1,5.891173186383733,acquisition,2.192702910723534
124,16,0.9979981406619722,10.935540868512925,6.433780823252478e-05,16,29,74,1,5.80788608726221,acquisition,2.192702910723534
125,16,0.9980615708591785,10.935540868512925,6.343019720617147e-05,16,29,74,1,5.766774768692568,acquisition,2.192702910723534
126,16,0.9981235504066099,10.935540868512925,6.197954743151223e-05,16,29,74,1,5.700450242197776,acquisition,2.192702910723534
127,16,0.9981829983014562,10.935540868512925,5.9447894846234996e-05,16,29,74,1,5.582814513589256,acquisition,2.192702910723534
128,16,0.9982408268870012,10.935540868512925,5.7828585545084224e-05,16,29,74,1,5.506254031395674,acquisition,2.192702910723534
129,16,0.9982953295067849,10.935540868512925,5.45026197836993e-05,16,29,74,1,5.345565407059961,acquisition,2.192702910723534
130,16,0.9983482301620419,10.935540868512925,5.29006552569844e-05,16,29,74,1,5.266419917113886,acquisition,2.192702910723534
131,16,0.9983990342545483,10.935540868512925,5.0804092506418206e-05,16,29,74,1,5.161005333460234,acquisition,2.192702910723534
132,16,0.9984491214070271,10.935540868512925,5.0087152478829655e-05,16,29,74,1,5.1244602641469115,acquisition,2.192702910723534
133,16,0.9984984795975811,10.935540868512925,4.935819055400923e-05,16,29,74,1,5.087033222732124,acquisition,2.192702910723534
134,16,0.9985446680550132,10.935540868512925,4.618845743208432e-05,16,29,74,1,4.920980996727443,acquisition,2.192702910723534
135,16,0.9985905411278581,10.935540868512925,4.5873072844924306e-05,16,29,74,1,4.904151467452822,acquisition,2.192702910723534
136,16,0.9986342384638931,10.935540868512925,4.3697336034999955e-05,16,29,74,1,4.786438019562987,acquisition,2.192702910723534
137,16,0.9986774012629197,10.935540868512925,4.316279902659091e-05,16,29,74,1,4.757072374481314,acquisition,2.192702910723534
138,16,0.9987200733832632,10.935540868512925,4.267212034351707e-05,16,29,74,1,4.729955668995416,acquisition,2.192702910723534
139,16,0.9987600835192184,10.935540868512925,4.0010135955171896e-05,16,29,74,1,4.580047397098109,acquisition,2.192702910723534
140,16,0.9987988725474667,10.935540868512925,3.878902824823261e-05,16,29,74,1,4.509614400612249,acquisition,2.192702910723534
141,16,0.998836304255759,10.935540868512925,3.743170829223614e-05,16,29,74,1,4.430010776185528,acquisition,2.192702910723534
142,16,0.9988710018403849,10.935540868512925,3.469758462590812e-05,16,29,74,1,4.265152664131509,acquisition,2.192702910723534
143,16,0.9989054784418928,10.935540868512925,3.44766015078847e-05,16,29,74,1,4.251548947309186,acquisition,2.192702910723534
144,16,0.9989397401414261,10.935540868512925,3.426169953325852e-05,16,29,74,1,4.238277707382214,acquisition,2.192702910723534
145,16,0.99897356160551,10.935540868512925,3.382146408387503e-05,16,29,74,1,4.210960432206252,acquisition,2.192702910723534
146,16,0.9990053255155573,10.935540868512925,3.176391004733399e-05,16,29,74,1,4.080862270513015,acquisition,2.192702910723534
147,16,0.9990353046120629,10.935540868512925,2.9979096505606744e-05,16,29,74,1,3.9645530074311712,acquisition,2.192702910723534
148,16,0.9990646942662247,10.935540868512925,2.9389654161795383e-05,16,29,74,1,3.925384439921697,acquisition,2.192702910723534
149,16,0.9990935495299308,10.935540868512925,2.8855263706136538e-05,16,29,74,1,3.889533197950997,acquisition,2.192702910723534
150,16,0.9991213132903749,10.935540868512925,2.776376044409475e-05,16,29,74,1,3.81525968129478,acquisition,2.192702910723534
151,16,0.9991488830006465,10.935540868512925,2.756971027160214e-05,16,29,74,1,3.8019032416511784,acquisition,2.192702910723534
152,16,0.9991758772557573,10.935540868512925,2.699425511080426e-05,16,29,74,1,3.7620159520572662,acquisition,2.192702910723534
153,16,0.9992019319112385,10.935540868512925,2.6054655481176293e-05,16,29,74,1,3.6959630968010155,acquisition,2.192702910723534
154,16,0.9992266624514703,10.935540868512925,2.4730540231759198e-05,16,29,74,1,3.600822888872565,acquisition,2.192702910723534
155,16,0.9992509058924998,10.935540868512925,2.4243441029433996e-05,16,29,74,1,3.5651851579462024,acquisition,2.192702910723534
156,16,0.9992742821633342,10.935540868512925,2.3376270834439546e-05,16,29,74,1,3.500842510488959,acquisition,2.192702910723534
157,16,0.9992971036063032,10.935540868512925,2.282144296895346e-05,16,29,74,1,3.4590473676008933,acquisition,2.192702910723534
158,16,0.9993190663550134,10.935540868512925,2.1962748710223588e-05,16,29,74,1,3.3933472554081026,acquisition,2.192702910723534
159,16,0.9993406228308668,10.935540868512925,2.155647585338713e-05,16,29,74,1,3.361815225770243,acquisition,2.192702910723534
160,16,0.9993616414532981,10.935540868512925,2.1018622431334445e-05,16,29,74,1,3.319610145375428,acquisition,2.192702910723534
161,16,0.9993815079333493,10.935540868512925,1.986648005120539e-05,16,29,74,1,3.22734520823019,acquisition,2.192702910723534
162,16,0.9994006735664194,10.935540868512925,1.9165633070039984e-05,16,29,74,1,3.169907164417457,acquisition,2.192702910723534
163,16,0.9994195166520405,10.935540868512925,1.8843085621173714e-05,16,29,74,1,3.1431200540472397,acquisition,2.192702910723534
164,16,0.9994381715096187,10.935540868512925,1.8654857578158356e-05,16,29,74,1,3.1273819673870165,acquisition,2.192702910723534
165,16,0.9994561186944892,10.935540868512925,1.7947184870610437e-05,16,29,74,1,3.067489798099189,acquisition,2.192702910723534
166,16,0.9994735900725258,10.935540868512925,1.747137803657547e-05,16,29,74,1,3.0265547819327634,acquisition,2.192702910723534
167,16,0.99949043889529,10.935540868512925,1.684882276417882e-05,16,29,74,1,2.972143265286144,acquisition,2.192702910723534
168,16,0.9995067603638353,10.935540868512925,1.632146854532056e-05,16,29,74,1,2.9252606893555697,acquisition,2.192702910723534
169,16,0.9995228251896092,10.935540868512925,1.606482577383002e-05,16,29,74,1,2.9021708039517233,acquisition,2.192702910723534
170,16,0.9995386081462766,10.935540868512925,1.5782956667411477e-05,16,29,74,1,2.876597779538152,acquisition,2.192702910723534
171,16,0.9995540966041554,10.935540868512925,1.548845787879535e-05,16,29,74,1,2.849633766707198,acquisition,2.192702910723534
172,16,0.9995689374812702,10.935540868512925,1.4840877114765635e-05,16,29,74,1,2.789425349556113,acquisition,2.192702910723534
173,16,0.9995834603796953,10.935540868512925,1.452289842503897e-05,16,29,74,1,2.7593806133744634,acquisition,2.192702910723534
174,16,0.9995976176920022,10.935540868512925,1.4157312306883095e-05,16,29,74,1,2.724428188584005,acquisition,2.192702910723534
175,16,0.9996111978859228,10.935540868512925,1.3580193920646934e-05,16,29,74,1,2.668320203848882,acquisition,2.192702910723534
176,16,0.9996245602596329,10.935540868512925,1.3362373710044367e-05,16,29,74,1,2.6468343710349047,acquisition,2.192702910723534
177,16,0.9996375597917185,10.935540868512925,1.2999532085717932e-05,16,29,74,1,2.6106510065799453,acquisition,2.192702910723534
178,16,0.9996501664862153,10.935540868512925,1.2606694496753142e-05,16,29,74,1,2.570902301588629,acquisition,2.192702910723534
179,16,0.9996622891310198,10.935540868512925,1.2122644804535617e-05,16,29,74,1,2.5210627122863025,acquisition,2.192702910723534
180,16,0.9996739666558249,10.935540868512925,1.167752480499849e-05,16,29,74,1,2.474345595296471,acquisition,2.192702910723534
181,16,0.9996855576973263,10.935540868512925,1.1591041501383601e-05,16,29,74,1,2.46516611340441,acquisition,2.192702910723534
182,16,0.9996967203056912,10.935540868512925,1.116260836497509e-05,16,29,74,1,2.4191778798707753,acquisition,2.192702910723534
183,16,0.9997075008761191,10.935540868512925,1.07805704278669e-05,16,29,74,1,2.377419548267718,acquisition,2.192702910723534
184,16,0.9997180985447647,10.935540868512925,1.0597668645544876e-05,16,29,74,1,2.3571657766978187,acquisition,2.192702910723534
185,16,0.9997283709835243,10.935540868512925,1.0272438759604531e-05,16,29,74,1,2.320714625367699,acquisition,2.192702910723534
186,16,0.9997381144511427,10.935540868512925,9.74346761839827e-06,16,29,74,1,2.260173256791344,acquisition,2.192702910723534
187,16,0.9997474897240914,10.935540868512925,9.375272948791748e-06,16,29,74,1,2.2170573072828152,acquisition,2.192702910723534
188,16,0.9997568063143234,10.935540868512925,9.316590231983362e-06,16,29,74,1,2.210107793648557,acquisition,2.192702910723534
189,16,0.9997657553710267,10.935540868512925,8.949056703340645e-06,16,29,74,1,2.166075492885938,acquisition,2.192702910723534
190,16,0.9997744160662857,10.935540868512925,8.660695258969891e-06,16,29,74,1,2.130891502619222,acquisition,2.192702910723534
191,16,0.9997827727632909,10.935540868512925,8.356697005171949e-06,16,29,74,1,2.093159324907588,acquisition,2.192702910723534
192,16,0.9997908332388901,10.935540868512925,8.060475599198171e-06,16,29,74,1,2.0557263025394237,acquisition,2.192702910723534
193,16,0.9997987571565561,10.935540868512925,7.923917666063181e-06,16,29,74,1,2.0382381964100595,acquisition,2.192702910723534
194,16,0.999806569898513,10.935540868512925,7.812741956985474e-06,16,29,74,1,2.0238890422016715,acquisition,2.192702910723534
195,16,0.9998138946039706,10.935540868512925,7.324705457658571e-06,16,29,74,1,1.9596569023645174,acquisition,2.192702910723534
196,16,0.9998210813945836,10.935540868512925,7.186790612948768e-06,16,29,74,1,1.9411203148907805,acquisition,2.192702910723534
197,16,0.9998281731249291,10.935540868512925,7.091730345553176e-06,16,29,74,1,1.9282399019337253,acquisition,2.192702910723534
198,16,0.9998349915678562,10.935540868512925,6.8184429270247674e-06,16,29,74,1,1.8907215039037242,acquisition,2.192702910723534
199,16,0.9998416974508749,10.935540868512925,6.7058830187475985e-06,16,29,74,1,1.8750503982915072,acquisition,2.192702910723534
200,16,0.9998480154558136,10.935540868512925,6.318004938670461e-06,16,29,74,1,1.8200148827099347,acquisition,2.192702910723534
201,16,0.9998543212374615,10.935540868512925,6.305781647963313e-06,16,29,74,1,1.818253461057448,acquisition,2.192702910723534
202,16,0.9998603984271475,10.935540868512925,6.0771896859688166e-06,16,29,74,1,1.7849923322180457,acquisition,2.192702910723534
203,16,0.9998664406570438,10.935540868512925,6.04222989633443e-06,16,29,74,1,1.7798507319124783,acquisition,2.192702910723534
204,16,0.9998721667806004,10.935540868512925,5.726123556625399e-06,16,29,74,1,1.7326678467773378,acquisition,2.192702910723534
205,16,0.9998777314148557,10.935540868512925,5.564634255296559e-06,16,29,74,1,1.7080605857055897,acquisition,2.192702910723534
206,16,0.9998831605272789,10.935540868512925,5.429112423177974e-06,16,29,74,1,1.6871332176574358,acquisition,2.192702910723534
207,16,0.9998883817326885,10.935540868512925,5.2212054095356295e-06,16,29,74,1,1.6545136269473926,acquisition,2.192702910723534
208,16,0.9998934069818497,10.935540868512925,5.02524916122464e-06,16,29,74,1,1.6231690707502233,acquisition,2.192702910723534
209,16,0.9998982766149569,10.935540868512925,4.8696331072373385e-06,16,29,74,1,1.597839229249066,acquisition,2.192702910723534
210,16,0.99990299338836,10.935540868512925,4.7167734030389666e-06,16,29,74,1,1.5725608712964,acquisition,2.192702910723534
211,16,0.9999075785174963,10.935540868512925,4.585129136319145e-06,16,29,74,1,1.5504606362699092,acquisition,2.192702910723534
212,16,0.999911941279501,10.935540868512925,4.362762004688844e-06,16,29,74,1,1.5123966959479593,acquisition,2.192702910723534
213,16,0.999916096758968,10.935540868512925,4.1554794669494665e-06,16,29,74,1,1.4760311713402265,acquisition,2.192702910723534
214,16,0.9999201748332158,10.935540868512925,4.078074247844598e-06,16,29,74,1,1.4622193376008772,acquisition,2.192702910723534
215,16,0.9999241131344067,10.935540868512925,3.938301190807286e-06,16,29,74,1,1.4369426066221191,acquisition,2.192702910723534
216,16,0.9999279916339167,10.935540868512925,3.878499510011286e-06,16,29,74,1,1.4259911469237097,acquisition,2.192702910723534
217,16,0.9999316280169985,10.935540868512925,3.6363830818218917e-06,16,29,74,1,1.3807650101310633,acquisition,2.192702910723534
218,16,0.999935172406632,10.935540868512925,3.5443896334825025e-06,16,29,74,1,1.3631877904966996,acquisition,2.192702910723534
219,16,0.9999386457174873,10.935540868512925,3.473310855243857e-06,16,29,74,1,1.3494499626418501,acquisition,2.192702910723534
220,16,0.9999418777315214,10.935540868512925,3.232014034150014e-06,16,29,74,1,1.3017319900564948,acquisition,2.192702910723534
221,16,0.9999449511039793,10.935540868512925,3.073372457887217e-06,16,29,74,1,1.2693826449108137,acquisition,2.192702910723534
222,16,0.9999479733351277,10.935540868512925,3.0222311484104166e-06,16,29,74,1,1.2587769954752908,acquisition,2.192702910723534
223,16,0.9999509928172284,10.935540868512925,3.019482100702906e-06,16,29,74,1,1.258204367983725,acquisition,2.192702910723534
224,16,0.9999538935028291,10.935540868512925,2.9006856006743935e-06,16,29,74,1,1.2332050325093455,acquisition,2.192702910723534
225,16,0.9999566975110152,10.935540868512925,2.8040081860952586e-06,16,29,74,1,1.212480038545588,acquisition,2.192702910723534
226,16,0.9999594079569922,10.935540868512925,2.7104459770439565e-06,16,29,74,1,1.1920798213259134,acquisition,2.192702910723534
227,16,0.999962012373183,10.935540868512925,2.604416190813473e-06,16,29,74,1,1.1685307680370312,acquisition,2.192702910723534
228,16,0.9999644521039827,10.935540868512925,2.439730799615219e-06,16,29,74,1,1.1309825734593189,acquisition,2.192702910723534
229,16,0.9999668199516442,10.935540868512925,2.367847661460468e-06,16,29,74,1,1.1141966230121978,acquisition,2.192702910723534
230,16,0.999969140318729,10.935540868512925,2.3203670847709968e-06,16,29,74,1,1.102969001441299,acquisition,2.192702910723534
231,16,0.9999713700827323,10.935540868512925,2.2297640033255294e-06,16,29,74,1,1.0812208422776242,acquisition,2.192702910723534
232,16,0.9999734940261638,10.935540868512925,2.123943431409619e-06,16,29,74,1,1.0552526018763877,acquisition,2.192702910723534
233,16,0.9999755493065239,10.935540868512925,2.0552803601174e-06,16,29,74,1,1.038055311361216,acquisition,2.192702910723534
234,16,0.9999774985594386,10.935540868512925,1.949252914728469e-06,16,29,74,1,1.010925275258839,acquisition,2.192702910723534
235,16,0.9999793579453393,10.935540868512925,1.8593859006809364e-06,16,29,74,1,0.9873468058874787,acquisition,2.192702910723534
236,16,0.9999811926538478,10.935540868512925,1.834708508459384e-06,16,29,74,1,0.9807729882511821,acquisition,2.192702910723534
237,16,0.9999828907561443,10.935540868512925,1.6981022965451739e-06,16,29,74,1,0.943554268100715,acquisition,2.192702910723534
238,16,0.9999844892533122,10.935540868512925,1.5984971678490373e-06,16,29,74,1,0.915463206872475,acquisition,2.192702910723534
239,16,0.9999859259753808,10.935540868512925,1.436722068639459e-06,16,29,74,1,0.8679033010208248,acquisition,2.192702910723534
240,16,0.9999873005005412,10.935540868512925,1.3745251603456518e-06,16,29,74,1,0.848909328060012,acquisition,2.192702910723534
241,16,0.9999885743219332,10.935540868512925,1.2738213920201775e-06,16,29,74,1,0.8172204537207048,acquisition,2.192702910723534
242,16,0.9999898128934853,10.935540868512925,1.2385715520627542e-06,16,29,74,1,0.8058338550147153,acquisition,2.192702910723534
243,16,0.9999909531423309,10.935540868512925,1.1402488455785586e-06,16,29,74,1,0.77318742019687,acquisition,2.192702910723534
244,16,0.9999920375556591,10.935540868512925,1.084413328253933e-06,16,29,74,1,0.7540191609260324,acquisition,2.192702910723534
245,16,0.9999930907257913,10.935540868512925,1.0531701322137382e-06,16,29,74,1,0.7430776959901813,acquisition,2.192702910723534
246,16,0.9999940940242122,10.935540868512925,1.0032984209258167e-06,16,29,74,1,0.7252705167800181,acquisition,2.192702910723534
247,16,0.9999950622402476,10.935540868512925,9.682160353655785e-07,16,29,74,1,0.7124774022730463,acquisition,2.192702910723534
248,16,0.9999959192427522,10.935540868512925,8.570025046491917e-07,16,29,74,1,0.6703104722123289,acquisition,2.192702910723534
249,16,0.999996692040508,10.935540868512925,7.727977557431528e-07,16,29,74,1,0.6365285459137445,acquisition,2.192702910723534
250,16,0.9999974072241299,10.935540868512925,7.151836218841469e-07,16,29,74,1,0.6123415637945832,acquisition,2.192702910723534
251,16,0.9999981019112952,10.935540868512925,6.946871653749194e-07,16,29,74,1,0.6035032266360186,acquisition,2.192702910723534
252,16,0.9999986514262376,10.935540868512925,5.495149423119781e-07,16,29,74,1,0.5367532860401157,acquisition,2.192702910723534
253,16,0.9999991662041224,10.935540868512925,5.147778848720473e-07,16,29,74,1,0.5195111815002598,acquisition,2.192702910723534
254,16,0.9999996373232092,10.935540868512925,4.711190867945086e-07,16,29,74,1,0.49699304198079,acquisition,2.192702910723534
255,16,1.0000000000000004,10.935540868512925,3.6267679132483213e-07,16,29,74,1,0.43605858502053774,acquisition,2.192702910723534
256,16,1.0000000000000004,10.935540868512925,1.5445214292321673e-32,16,29,74,1,8.998744640722252e-14,acquisition,2.192702910723534
1,16,0.36679385680778026,8.271326697977145,0.36679385680778026,9,11,12,1,33.56770364671228,structural,2.7263270129522748
2,16,0.4906999352570391,8.271326697977145,0.12390607844925881,9,11,12,1,19.5099839312113,structural,2.7263270129522748
3,16,0.5784422352332498,8.271326697977145,0.08774229997621065,9,11,12,1,16.417805746412007,structural,2.7263270129522748
4,16,0.6499794741825955,8.271326697977145,0.07153723894934569,9,11,12,1,14.824385250403807,structural,2.7263270129522748
5,16,0.7080493471934199,8.271326697977145,0.058069873010824495,9,11,12,1,13.356296263906879,structural,2.7263270129522748
6,16,0.7628877085204194,8.271326697977145,0.05483836132699948,9,11,12,1,12.979346901772153,structural,2.7263270129522748
7,16,0.813638110216417,8.271326697977145,0.05075040169599754,9,11,12,1,12.486201744730238,structural,2.7263270129522748
8,16,0.859806923536256,8.271326697977145,0.046168813319838985,9,11,12,1,11.909265070462801,structural,2.7263270129522748
9,16,0.9032508049679896,8.271326697977145,0.043443881431733604,9,11,12,1,11.552471759683536,structural,2.7263270129522748
10,16,0.9437838592650705,8.271326697977145,0.04053305429708091,9,11,12,1,11.158742886214045,structural,2.7263270129522748
11,16,0.9764691332617108,8.271326697977145,0.032685273996640354,9,11,12,1,10.020437201922837,structural,2.7263270129522748
12,16,1.0,8.271326697977145,0.02353086673828925,9,11,12,1,8.502165760559164,structural,2.7263270129522748
1,18,0.3793841878270931,11.256944126703418,0.3793841878270931,14,23,57,1,445.98943604920845,acquisition,2.635850496899878
2,18,0.543711793046762,11.256944126703418,0.16432760521966885,14,23,57,1,293.5217053054335,acquisition,2.635850496899878
3,18,0.6266053539172007,11.256944126703418,0.08289356087043873,14,23,57,1,208.47085945436254,acquisition,2.635850496899878
4,18,0.692414712891474,11.256944126703418,0.06580935897427335,14,23,57,1,185.74998572786978,acquisition,2.635850496899878
5,18,0.742257203659622,11.256944126703418,0.04984249076814798,14,23,57,1,161.65339402515113,acquisition,2.635850496899878
6,18,0.7794317892801629,11.256944126703418,0.03717458562054087,14,23,57,1,139.6072675250903,acquisition,2.635850496899878
7,18,0.8071810965652289,11.256944126703418,0.027749307285066017,14,23,57,1,120.61769695145357,acquisition,2.635850496899878
8,18,0.8287765471382375,11.256944126703418,0.02159545057300865,14,23,57,1,106.40599414516815,acquisition,2.635850496899878
9,18,0.8476831712737971,11.256944126703418,0.01890662413555963,14,23,57,1,99.5616198883098,acquisition,2.635850496899878
10,18,0.8631856055070456,11.256944126703418,0.01550243423324846,14,23,57,1,90.15398071788826,acquisition,2.635850496899878
11,18,0.8755639614887988,11.256944126703418,0.01237835598175319,14,23,57,1,80.5594407934999,acquisition,2.635850496899878
12,18,0.8864413364481128,11.256944126703418,0.010877374959314094,14,23,57,1,75.51739642406157,acquisition,2.635850496899878
13,18,0.8958367339031184,11.256944126703418,0.009395397455005455,14,23,57,1,70.18471443904221,acquisition,2.635850496899878
14,18,0.9046315074240739,11.256944126703418,0.008794773520955538,14,23,57,1,67.90430192377164,acquisition,2.635850496899878
15,18,0.9128617143107377,11.256944126703418,0.00823020688666376,14,23,57,1,65.68864976687502,acquisition,2.635850496899878
16,18,0.9198849203205315,11.256944126703418,0.007023206009793791,14,23,57,1,60.68099070106525,acquisition,2.635850496899878
17,18,0.9259705220018671,11.256944126703418,0.006085601681335626,14,23,57,1,56.48546657596176,acquisition,2.635850496899878
18,18,0.93128929006398,11.256944126703418,0.005318768062112867,14,23,57,1,52.806877106576096,acquisition,2.635850496899878
19,18,0.9359067629547589,11.256944126703418,0.004617472890778952,14,23,57,1,49.2024961456298,acquisition,2.635850496899878
20,18,0.9403820688055845,11.256944126703418,0.004475305850825598,14,23,57,1,48.43912833565083,acquisition,2.635850496899878
21,18,0.9446436554742232,11.256944126703418,0.004261586668638766,14,23,57,1,47.268369459156105,acquisition,2.635850496899878
22,18,0.9483776274559377,11.256944126703418,0.003733971981714412,14,23,57,1,44.24564048975996,acquisition,2.635850496899878
23,18,0.9517233840759616,11.256944126703418,0.0033457566200239455,14,23,57,1,41.88245511904853,acquisition,2.635850496899878
24,18,0.9546937433416485,11.256944126703418,0.002970359265686865,14,23,57,1,39.462941080061874,acquisition,2.635850496899878
25,18,0.9572839837290267,11.256944126703418,0.00259024038737816,14,23,57,1,36.8514850747934,acquisition,2.635850496899878
26,18,0.9597419740586162,11.256944126703418,0.0024579903295895425,14,23,57,1,35.89839597976269,acquisition,2.635850496899878
27,18,0.9620597932967874,11.256944126703418,0.0023178192381711968,14,23,57,1,34.859787904436544,acquisition,2.635850496899878
28,18,0.9641122703724307,11.256944126703418,0.0020524770756434048,14,23,57,1,32.803797052093365,acquisition,2.635850496899878
29,18,0.9661042340610508,11.256944126703418,0.001991963688620038,14,23,57,1,32.31660035305729,acquisition,2.635850496899878
30,18,0.9679110883164789,11.256944126703418,0.0018068542554280716,14,23,57,1,30.778434071113377,acquisition,2.635850496899878
31,18,0.9695971241303579,11.256944126703418,0.0016860358138790193,14,23,57,1,29.731605149857,acquisition,2.635850496899878
32,18,0.9711053664435852,11.256944126703418,0.001508242313227297,14,23,57,1,28.120336874179035,acquisition,2.635850496899878
33,18,0.972539777582527,11.256944126703418,0.001434411138941752,14,23,57,1,27.423430624440357,acquisition,2.635850496899878
34,18,0.97385028814989,11.256944126703418,0.001310510567363106,14,23,57,1,26.212305589964192,acquisition,2.635850496899878
35,18,0.9750323729808343,11.256944126703418,0.0011820848309443061,14,23,57,1,24.89483665032025,acquisition,2.635850496899878
36,18,0.9761904055854964,11.256944126703418,0.0011580326046620967,14,23,57,1,24.640263761434888,acquisition,2.635850496899878
37,18,0.9772809879319961,11.256944126703418,0.001090582346499739,14,23,57,1,23.911905764318643,acquisition,2.635850496899878
38,18,0.9782663820238046,11.256944126703418,0.0009853940918084767,14,23,57,1,22.729502801559093,acquisition,2.635850496899878
39,18,0.9792344422186786,11.256944126703418,0.0009680601948740525,14,23,57,1,22.528700438554534,acquisition,2.635850496899878
40,18,0.9801518914310364,11.256944126703418,0.0009174492123578564,14,23,57,1,21.93188575222559,acquisition,2.635850496899878
41,18,0.9809969321059155,11.256944126703418,0.0008450406748790727,14,23,57,1,21.048626685629618,acquisition,2.635850496899878
42,18,0.9817977026730484,11.256944126703418,0.0008007705671328652,14,23,57,1,20.489860885349017,acquisition,2.635850496899878
43,18,0.9825842524953715,11.256944126703418,0.0007865498223230766,14,23,57,1,20.307107948846905,acquisition,2.635850496899878
44,18,0.9833292765354193,11.256944126703418,0.0007450240400478064,14,23,57,1,19.763784149514088,acquisition,2.635850496899878
45,18,0.984031409648666,11.256944126703418,0.0007021331132465867,14,23,57,1,19.186452660088744,acquisition,2.635850496899878
46,18,0.9846692391372583,11.256944126703418,0.0006378294885923872,14,23,57,1,18.286780660223535,acquisition,2.635850496899878
47,18,0.9852808102280254,11.256944126703418,0.0006115710907670205,14,23,57,1,17.906406228946658,acquisition,2.635850496899878
48,18,0.9858862584345135,11.256944126703418,0.0006054482064881447,14,23,57,1,17.816543696330566,acquisition,2.635850496899878
49,18,0.986433933761015,11.256944126703418,0.0005476753265014127,14,23,57,1,16.94519405556551,acquisition,2.635850496899878
50,18,0.9869576020390812,11.256944126703418,0.0005236682780662675,14,23,57,1,16.569640737529806,acquisition,2.635850496899878
51,18,0.9874496700077642,11.256944126703418,0.0004920679686830069,14,23,57,1,16.06192177682597,acquisition,2.635850496899878
52,18,0.9879316186519463,11.256944126703418,0.0004819486441822044,14,23,57,1,15.895907987938266,acquisition,2.635850496899878
53,18,0.9884051003354445,11.256944126703418,0.0004734816834981807,14,23,57,1,15.755658186121396,acquisition,2.635850496899878
54,18,0.9888547507907035,11.256944126703418,0.00044965045525906385,14,23,57,1,15.354033277509336,acquisition,2.635850496899878
55,18,0.9892817748985209,11.256944126703418,0.0004270241078174144,14,23,57,1,14.96274090664463,acquisition,2.635850496899878
56,18,0.9896867019004053,11.256944126703418,0.00040492700188447887,14,23,57,1,14.57046217400154,acquisition,2.635850496899878
57,18,0.9900777027881311,11.256944126703418,0.0003910008877258207,14,23,57,1,14.317718862444362,acquisition,2.635850496899878
58,18,0.9904520700751047,11.256944126703418,0.00037436728697358673,14,23,57,1,14.009863530841685,acquisition,2.635850496899878
59,18,0.9908037338075715,11.256944126703418,0.00035166373246674817,14,23,57,1,13.578404728373892,acquisition,2.635850496899878
60,18,0.9911401652759413,11.256944126703418,0.00033643146836975855,14,23,57,1,13.281076074198355,acquisition,2.635850496899878
61,18,0.9914736857739603,11.256944126703418,0.00033352049801906275,14,23,57,1,13.22349404905596,acquisition,2.635850496899878
62,18,0.9917918718670772,11.256944126703418,0.00031818609311688224,14,23,57,1,12.915926230358547,acquisition,2.635850496899878
63,18,0.9920864564001282,11.256944126703418,0.0002945845330510077,14,23,57,1,12.427676197272229,acquisition,2.635850496899878
64,18,0.9923685728042093,11.256944126703418,0.0002821164040811172,14,23,57,1,12.161835604170975,acquisition,2.635850496899878
65,18,0.9926462067340209,11.256944126703418,0.0002776339298115886,14,23,57,1,12.064830616011903,acquisition,2.635850496899878
66,18,0.9929087972210491,11.256944126703418,0.00026259048702818806,14,23,57,1,11.733415583837242,acquisition,2.635850496899878
67,18,0.993162858224142,11.256944126703418,0.00025406100309288086,14,23,57,1,11.541279616643916,acquisition,2.635850496899878
68,18,0.9934087779323858,11.256944126703418,0.00024591970824387564,14,23,57,1,11.354855877366523,acquisition,2.635850496899878
69,18,0.9936344552020011,11.256944126703418,0.00022567726961528873,14,23,57,1,10.877494395864357,acquisition,2.635850496899878
70,18,0.9938561678214242,11.256944126703418,0.00022171261942302852,14,23,57,1,10.781524280548682,acquisition,2.635850496899878
71,18,0.9940594871340954,11.256944126703418,0.0002033193126713044,14,23,57,1,10.32462472934551,acquisition,2.635850496899878
72,18,0.9942546237135826,11.256944126703418,0.0001951365794871917,14,23,57,1,10.114730198387932,acquisition,2.635850496899878
73,18,0.9944462296409141,11.256944126703418,0.00019160592733148902,14,23,57,1,10.022808410259657,acquisition,2.635850496899878
74,18,0.9946302887275019,11.256944126703418,0.0001840590865877646,14,23,57,1,9.823439845030148,acquisition,2.635850496899878
75,18,0.9948075133292599,11.256944126703418,0.0001772246017579524,14,23,57,1,9.63933254984355,acquisition,2.635850496899878
76,18,0.9949813975624819,11.256944126703418,0.00017388423322205966,14,23,57,1,9.548058277342426,acquisition,2.635850496899878
77,18,0.9951447068189673,11.256944126703418,0.00016330925648529857,14,23,57,1,9.25316613187963,acquisition,2.635850496899878
78,18,0.9953056854945437,11.256944126703418,0.00016097867557641647,14,23,57,1,9.186903061457013,acquisition,2.635850496899878
79,18,0.9954628780795918,11.256944126703418,0.00015719258504803905,14,23,57,1,9.07822592964431,acquisition,2.635850496899878
80,18,0.9956104453783111,11.256944126703418,0.00014756729871930196,14,23,57,1,8.795894719182659,acquisition,2.635850496899878
81,18,0.9957517187808362,11.256944126703418,0.0001412734025251639,14,23,57,1,8.606273854759278,acquisition,2.635850496899878
82,18,0.9958860000527531,11.256944126703418,0.00013428127191688081,14,23,57,1,8.390593512425543,acquisition,2.635850496899878
83,18,0.996016412236121,11.256944126703418,0.00013041218336798749,14,23,57,1,8.268829590312974,acquisition,2.635850496899878
84,18,0.9961438251896381,11.256944126703418,0.0001274129535170491,14,23,57,1,8.17319292403811,acquisition,2.635850496899878
85,18,0.9962680902856138,11.256944126703418,0.00012426509597570495,14,23,57,1,8.07159827041153,acquisition,2.635850496899878
86,18,0.9963873493614906,11.256944126703418,0.00011925907587689472,14,23,57,1,7.907344837133725,acquisition,2.635850496899878
87,18,0.9965037016063821,11.256944126703418,0.0001163522448915318,14,23,57,1,7.810383202487022,acquisition,2.635850496899878
88,18,0.996616065101922,11.256944126703418,0.00011236349553987948,14,23,57,1,7.675339233520062,acquisition,2.635850496899878
89,18,0.996722545471447,11.256944126703418,0.00010648036952494779,14,23,57,1,7.4717052924681004,acquisition,2.635850496899878
90,18,0.9968232110999727,11.256944126703418,0.00010066562852576689,14,23,57,1,7.264831797675516,acquisition,2.635850496899878
91,18,0.9969234378623285,11.256944126703418,0.00010022676235579324,14,23,57,1,7.2489784647213655,acquisition,2.635850496899878
92,18,0.997020405051877,11.256944126703418,9.69671895484674e-05,14,23,57,1,7.130128601504104,acquisition,2.635850496899878
93,18,0.9971131134359719,11.256944126703418,9.270838409488207e-05,14,23,57,1,6.971792687705045,acquisition,2.635850496899878
94,18,0.9972026911820542,11.256944126703418,8.957774608233144e-05,14,23,57,1,6.853067731900319,acquisition,2.635850496899878
95,18,0.9972908439638137,11.256944126703418,8.815278175959988e-05,14,23,57,1,6.798341389131403,acquisition,2.635850496899878
96,18,0.9973729111948864,11.256944126703418,8.206723107262834e-05,14,23,57,1,6.559486599163548,acquisition,2.635850496899878
97,18,0.9974487892572578,11.256944126703418,7.587806237139716e-05,14,23,57,1,6.30729399699864,acquisition,2.635850496899878
98,18,0.9975237612558728,11.256944126703418,7.497199861508713e-05,14,23,57,1,6.269523044850127,acquisition,2.635850496899878
99,18,0.9975966014709191,11.256944126703418,7.284021504627403e-05,14,23,57,1,6.1797451942762915,acquisition,2.635850496899878
100,18,0.9976670233148804,11.256944126703418,7.042184396133594e-05,14,23,57,1,6.0762922680530185,acquisition,2.635850496899878
101,18,0.9977368474388343,11.256944126703418,6.982412395381317e-05,14,23,57,1,6.050450421208061,acquisition,2.635850496899878
102,18,0.9978051935136317,11.256944126703418,6.834607479739548e-05,14,23,57,1,5.986069400147051,acquisition,2.635850496899878
103,18,0.9978695439907779,11.256944126703418,6.435047714616431e-05,14,23,57,1,5.80845788157306,acquisition,2.635850496899878
104,18,0.9979332966124551,11.256944126703418,6.375262167723163e-05,14,23,57,1,5.781412847558322,acquisition,2.635850496899878
105,18,0.9979960418217703,11.256944126703418,6.27452093151663e-05,14,23,57,1,5.735552310059591,acquisition,2.635850496899878
106,18,0.9980546740413564,11.256944126703418,5.863221958614693e-05,14,23,57,1,5.544381763766074,acquisition,2.635850496899878
107,18,0.9981115025386756,11.256944126703418,5.682849731926499e-05,14,23,57,1,5.4584337682638235,acquisition,2.635850496899878
108,18,0.9981677065267747,11.256944126703418,5.6203988099020645e-05,14,23,57,1,5.428358546785514,acquisition,2.635850496899878
109,18,0.9982219077713876,11.256944126703418,5.420124461293738e-05,14,23,57,1,5.330765623775605,acquisition,2.635850496899878
110,18,0.9982745876116305,11.256944126703418,5.267984024279627e-05,14,23,57,1,5.255417022579195,acquisition,2.635850496899878
111,18,0.9983264589118758,11.256944126703418,5.187130024530064e-05,14,23,57,1,5.214930513727693,acquisition,2.635850496899878
112,18,0.9983752696686772,11.256944126703418,4.8810756801398285e-05,14,23,57,1,5.058744316714525,acquisition,2.635850496899878
113,18,0.9984222757459983,11.256944126703418,4.700607732113775e-05,14,23,57,1,4.964345099461224,acquisition,2.635850496899878
114,18,0.9984689875969041,11.256944126703418,4.671185090581067e-05,14,23,57,1,4.948783980707348,acquisition,2.635850496899878
115,18,0.9985144297435353,11.256944126703418,4.544214663122756e-05,14,23,57,1,4.881062606952818,acquisition,2.635850496899878
116,18,0.9985581846856952,11.256944126703418,4.37549421598725e-05,14,23,57,1,4.789591957058057,acquisition,2.635850496899878
117,18,0.9986009793093575,11.256944126703418,4.2794623662260606e-05,14,23,57,1,4.736740192436069,acquisition,2.635850496899878
118,18,0.9986426209134395,11.256944126703418,4.164160408197043e-05,14,23,57,1,4.672493266012067,acquisition,2.635850496899878
119,18,0.9986822882725284,11.256944126703418,3.966735908893829e-05,14,23,57,1,4.5603859882713085,acquisition,2.635850496899878
120,18,0.9987211478689785,11.256944126703418,3.885959645009742e-05,14,23,57,1,4.513714667945757,acquisition,2.635850496899878
121,18,0.9987588998474607,11.256944126703418,3.7751978482252645e-05,14,23,57,1,4.448922262133075,acquisition,2.635850496899878
122,18,0.9987953982735482,11.256944126703418,3.649842608755192e-05,14,23,57,1,4.374435599776321,acquisition,2.635850496899878
123,18,0.9988298831596328,11.256944126703418,3.44848860845659e-05,14,23,57,1,4.252059730942745,acquisition,2.635850496899878
124,18,0.9988637229049386,11.256944126703418,3.383974530577144e-05,14,23,57,1,4.212098335375409,acquisition,2.635850496899878
125,18,0.9988967071977596,11.256944126703418,3.298429282093816e-05,14,23,57,1,4.158517634266329,acquisition,2.635850496899878
126,18,0.9989291430085797,11.256944126703418,3.2435810820101067e-05,14,23,57,1,4.123797568170526,acquisition,2.635850496899878
127,18,0.9989613440466137,11.256944126703418,3.220103803404234e-05,14,23,57,1,4.1088462892632025,acquisition,2.635850496899878
128,18,0.9989923294102222,11.256944126703418,3.098536360842889e-05,14,23,57,1,4.03054020145389,acquisition,2.635850496899878
129,18,0.9990220367236661,11.256944126703418,2.970731344391819e-05,14,23,57,1,3.9465412643078976,acquisition,2.635850496899878
130,18,0.999050582094842,11.256944126703418,2.8545371175860252e-05,14,23,57,1,3.8685909014845987,acquisition,2.635850496899878
131,18,0.9990779772580511,11.256944126703418,2.7395163209124764e-05,14,23,57,1,3.7898489849314054,acquisition,2.635850496899878
132,18,0.999105101356357,11.256944126703418,2.712409830582251e-05,14,23,57,1,3.771052804266081,acquisition,2.635850496899878
133,18,0.999131286259932,11.256944126703418,2.618490357494839e-05,14,23,57,1,3.705189701689043,acquisition,2.635850496899878
134,18,0.9991568973853557,11.256944126703418,2.5611125423745438e-05,14,23,57,1,3.6643697583847414,acquisition,2.635850496899878
135,18,0.9991812649017279,11.256944126703418,2.4367516372087188e-05,14,23,57,1,3.574296633421581,acquisition,2.635850496899878
136,18,0.9992048485462454,11.256944126703418,2.3583644517492126e-05,14,23,57,1,3.516336419739572,acquisition,2.635850496899878
137,18,0.9992282942431043,11.256944126703418,2.3445696858920598e-05,14,23,57,1,3.506037295119629,acquisition,2.635850496899878
138,18,0.9992511887033116,11.256944126703418,2.2894460207327326e-05,14,23,57,1,3.4645765618873585,acquisition,2.635850496899878
139,18,0.9992732302846999,11.256944126703418,2.2041581388331447e-05,14,23,57,1,3.399431808835929,acquisition,2.635850496899878
140,18,0.9992948087534234,11.256944126703418,2.157846872344839e-05,14,23,57,1,3.363529724869294,acquisition,2.635850496899878
141,18,0.9993158898725693,11.256944126703418,2.108111914587725e-05,14,23,57,1,3.3245417420681744,acquisition,2.635850496899878
142,18,0.9993360842274531,11.256944126703418,2.0194354883860122e-05,14,23,57,1,3.2538681493492105,acquisition,2.635850496899878
143,18,0.9993561364084018,11.256944126703418,2.0052180948687607e-05,14,23,57,1,3.2423938448660934,acquisition,2.635850496899878
144,18,0.9993756208382361,11.256944126703418,1.9484429834192123e-05,14,23,57,1,3.196162190645043,acquisition,2.635850496899878
145,18,0.9993944252850816,11.256944126703418,1.8804446845567206e-05,14,23,57,1,3.139895830719347,acquisition,2.635850496899878
146,18,0.9994127328278508,11.256944126703418,1.830754276918736e-05,14,23,57,1,3.098132499324666,acquisition,2.635850496899878
147,18,0.9994304811597342,11.256944126703418,1.7748331883421946e-05,14,23,57,1,3.0504487254329526,acquisition,2.635850496899878
148,18,0.999447926616804,11.256944126703418,1.7445457069859273e-05,14,23,57,1,3.024308812975682,acquisition,2.635850496899878
149,18,0.9994649344002746,11.256944126703418,1.700778347055037e-05,14,23,57,1,2.986130737293314,acquisition,2.635850496899878
150,18,0.9994810396331313,11.256944126703418,1.6105232856636082e-05,14,23,57,1,2.9058183570106406,acquisition,2.635850496899878
151,18,0.9994967442319117,11.256944126703418,1.5704598780365806e-05,14,23,57,1,2.8694481499689846,acquisition,2.635850496899878
152,18,0.9995121281829753,11.256944126703418,1.5383951063639916e-05,14,23,57,1,2.8400036857817006,acquisition,2.635850496899878
153,18,0.9995272331005876,11.256944126703418,1.5104917612290026e-05,14,23,57,1,2.8141298913007398,acquisition,2.635850496899878
154,18,0.9995416015690912,11.256944126703418,1.4368468503674128e-05,14,23,57,1,2.7446704018614514,acquisition,2.635850496899878
155,18,0.999555927599161,11.256944126703418,1.4326030069778693e-05,14,23,57,1,2.7406141014787417,acquisition,2.635850496899878
156,18,0.9995697337405945,11.256944126703418,1.3806141433534592e-05,14,23,57,1,2.6904264122820725,acquisition,2.635850496899878
157,18,0.9995831790157614,11.256944126703418,1.3445275166862683e-05,14,23,57,1,2.6550322835483757,acquisition,2.635850496899878
158,18,0.9995960219447917,11.256944126703418,1.2842929030222093e-05,14,23,57,1,2.5948783353747205,acquisition,2.635850496899878
159,18,0.9996087606323273,11.256944126703418,1.2738687535549618e-05,14,23,57,1,2.5843260263825534,acquisition,2.635850496899878
160,18,0.9996211172941499,11.256944126703418,1.235666182260668e-05,14,23,57,1,2.5452798497711036,acquisition,2.635850496899878
161,18,0.9996330351787903,11.256944126703418,1.191788464038234e-05,14,23,57,1,2.4996807600845306,acquisition,2.635850496899878
162,18,0.9996448629606955,11.256944126703418,1.1827781905205051e-05,14,23,57,1,2.4902136694501027,acquisition,2.635850496899878
163,18,0.9996559560456582,11.256944126703418,1.1093084962653377e-05,14,23,57,1,2.411632502870123,acquisition,2.635850496899878
164,18,0.999666976202612,11.256944126703418,1.1020156953875543e-05,14,23,57,1,2.403692170190164,acquisition,2.635850496899878
165,18,0.9996777373540191,11.256944126703418,1.0761151407026398e-05,14,23,57,1,2.375277362517282,acquisition,2.635850496899878
166,18,0.999688055007385,11.256944126703418,1.031765336588019e-05,14,23,57,1,2.325816383098759,acquisition,2.635850496899878
167,18,0.9996981168602603,11.256944126703418,1.006185287538603e-05,14,23,57,1,2.2968040230569065,acquisition,2.635850496899878
168,18,0.9997078574823348,11.256944126703418,9.740622074482761e-06,14,23,57,1,2.2598431950439433,acquisition,2.635850496899878
169,18,0.9997174390559336,11.256944126703418,9.581573598798632e-06,14,23,57,1,2.2413174828584497,acquisition,2.635850496899878
170,18,0.9997263765101415,11.256944126703418,8.937454207912243e-06,14,23,57,1,2.164670873772245,acquisition,2.635850496899878
171,18,0.999735303362602,11.256944126703418,8.926852460404648e-06,14,23,57,1,2.163386609637915,acquisition,2.635850496899878
172,18,0.9997436992377523,11.256944126703418,8.395875150308653e-06,14,23,57,1,2.0980601971356836,acquisition,2.635850496899878
173,18,0.9997520507086786,11.256944126703418,8.351470926207373e-06,14,23,57,1,2.092504716591915,acquisition,2.635850496899878
174,18,0.9997602279338501,11.256944126703418,8.17722517151541e-06,14,23,57,1,2.070560559540211,acquisition,2.635850496899878
175,18,0.9997682243882341,11.256944126703418,7.996454383953499e-06,14,23,57,1,2.047546110849329,acquisition,2.635850496899878
176,18,0.9997758217745878,11.256944126703418,7.597386353657048e-06,14,23,57,1,1.9958002145971792,acquisition,2.635850496899878
177,18,0.9997833351235542,11.256944126703418,7.513348966405631e-06,14,23,57,1,1.9847313931358257,acquisition,2.635850496899878
178,18,0.999790560149138,11.256944126703418,7.225025583768199e-06,14,23,57,1,1.9462770134959364,acquisition,2.635850496899878
179,18,0.9997976848320632,11.256944126703418,7.124682925238341e-06,14,23,57,1,1.9327146094308283,acquisition,2.635850496899878
180,18,0.9998046476753693,11.256944126703418,6.962843306020522e-06,14,23,57,1,1.910637378265925,acquisition,2.635850496899878
181,18,0.9998113653999013,11.256944126703418,6.7177245320806355e-06,14,23,57,1,1.8767051871499403,acquisition,2.635850496899878
182,18,0.9998178514946364,11.256944126703418,6.486094735093757e-06,14,23,57,1,1.8440666030468735,acquisition,2.635850496899878
183,18,0.9998241857051867,11.256944126703418,6.334210550311783e-06,14,23,57,1,1.8223475467105237,acquisition,2.635850496899878
184,18,0.9998304419303482,11.256944126703418,6.2562251614592795e-06,14,23,57,1,1.8110946351450448,acquisition,2.635850496899878
185,18,0.9998364603749957,11.256944126703418,6.018444647570229e-06,14,23,57,1,1.7763440847384553,acquisition,2.635850496899878
186,18,0.9998423664820163,11.256944126703418,5.906107020509437e-06,14,23,57,1,1.7596877670680249,acquisition,2.635850496899878
187,18,0.9998479328895842,11.256944126703418,5.566407567901986e-06,14,23,57,1,1.7083327225573466,acquisition,2.635850496899878
188,18,0.9998533665826574,11.256944126703418,5.4336930732377e-06,14,23,57,1,1.687844801509205,acquisition,2.635850496899878
189,18,0.9998586688472565,11.256944126703418,5.302264598998686e-06,14,23,57,1,1.6673073208259548,acquisition,2.635850496899878
190,18,0.9998639028341677,11.256944126703418,5.23398691126107e-06,14,23,57,1,1.6565375123223873,acquisition,2.635850496899878
191,18,0.9998689564614806,11.256944126703418,5.0536273128051744e-06,14,23,57,1,1.6277457284772703,acquisition,2.635850496899878
192,18,0.9998737236777371,11.256944126703418,4.767216256486802e-06,14,23,57,1,1.580947271948357,acquisition,2.635850496899878
193,18,0.9998784072141281,11.256944126703418,4.683536391020397e-06,14,23,57,1,1.5670105064661506,acquisition,2.635850496899878
194,18,0.9998829540745728,11.256944126703418,4.546860444676354e-06,14,23,57,1,1.5439768031996064,acquisition,2.635850496899878
195,18,0.9998872895643869,11.256944126703418,4.3354898140551e-06,14,23,57,1,1.507662191484326,acquisition,2.635850496899878
196,18,0.9998915978418237,11.256944126703418,4.308277436782787e-06,14,23,57,1,1.5029232052157468,acquisition,2.635850496899878
197,18,0.9998957838610116,11.256944126703418,4.186019187982911e-06,14,23,57,1,1.4814451147542336,acquisition,2.635850496899878
198,18,0.9998997949058723,11.256944126703418,4.011044860739488e-06,14,23,57,1,1.450152642981898,acquisition,2.635850496899878
199,18,0.9999037397566533,11.256944126703418,3.944850780895463e-06,14,23,57,1,1.438136963649193,acquisition,2.635850496899878
200,18,0.9999074259821837,11.256944126703418,3.686225530524889e-06,14,23,57,1,1.3901956016862638,acquisition,2.635850496899878
201,18,0.9999110205613836,11.256944126703418,3.594579199901374e-06,14,23,57,1,1.3728054266930516,acquisition,2.635850496899878
202,18,0.9999145846441275,11.256944126703418,3.564082743895624e-06,14,23,57,1,1.3669695730452631,acquisition,2.635850496899878
203,18,0.9999180432214804,11.256944126703418,3.4585773528060546e-06,14,23,57,1,1.3465847924092937,acquisition,2.635850496899878
204,18,0.9999214279824,11.256944126703418,3.384760919709459e-06,14,23,57,1,1.3321372050478257,acquisition,2.635850496899878
205,18,0.9999246770777844,11.256944126703418,3.2490953844377603e-06,14,23,57,1,1.305167315295669,acquisition,2.635850496899878
206,18,0.9999278014644601,11.256944126703418,3.124386675663429e-06,14,23,57,1,1.2798743850121495,acquisition,2.635850496899878
207,18,0.9999307777388231,11.256944126703418,2.9762743630026928e-06,14,23,57,1,1.2491696975311064,acquisition,2.635850496899878
208,18,0.999933668247722,11.256944126703418,2.8905088989227717e-06,14,23,57,1,1.2310398570308039,acquisition,2.635850496899878
209,18,0.999936532624901,11.256944126703418,2.8643771789814554e-06,14,23,57,1,1.2254625993533337,acquisition,2.635850496899878
210,18,0.9999393579631152,11.256944126703418,2.825338214161471e-06,14,23,57,1,1.217082955934512,acquisition,2.635850496899878
211,18,0.9999421104352653,11.256944126703418,2.752472150041844e-06,14,23,57,1,1.2012860269732344,acquisition,2.635850496899878
212,18,0.9999447372053242,11.256944126703418,2.626770058953783e-06,14,23,57,1,1.1735348399893208,acquisition,2.635850496899878
213,18,0.9999472918451425,11.256944126703418,2.554639818333341e-06,14,23,57,1,1.1573102440894363,acquisition,2.635850496899878
214,18,0.9999497903051232,11.256944126703418,2.498459980662862e-06,14,23,57,1,1.1445141267550045,acquisition,2.635850496899878
215,18,0.9999522479329315,11.256944126703418,2.457627808232187e-06,14,23,57,1,1.1351232392663084,acquisition,2.635850496899878
216,18,0.999954595066603,11.256944126703418,2.3471336715234526e-06,14,23,57,1,1.1093124079246963,acquisition,2.635850496899878
217,18,0.9999568800617581,11.256944126703418,2.284995155126739e-06,14,23,57,1,1.094529825948607,acquisition,2.635850496899878
218,18,0.9999590876248006,11.256944126703418,2.207563042438058e-06,14,23,57,1,1.075824712671058,acquisition,2.635850496899878
219,18,0.9999611989714499,11.256944126703418,2.1113466493072237e-06,14,23,57,1,1.0521186777507496,acquisition,2.635850496899878
220,18,0.9999632532214264,11.256944126703418,2.0542499765828004e-06,14,23,57,1,1.0377950721229328,acquisition,2.635850496899878
221,18,0.9999652310243891,11.256944126703418,1.9778029625785717e-06,14,23,57,1,1.0183017036440596,acquisition,2.635850496899878
222,18,0.9999671710104252,11.256944126703418,1.939986036094538e-06,14,23,57,1,1.0085194092787373,acquisition,2.635850496899878
223,18,0.9999690386177037,11.256944126703418,1.8676072784677092e-06,14,23,57,1,0.9895272026646252,acquisition,2.635850496899878
224,18,0.9999708820607114,11.256944126703418,1.8434430076818857e-06,14,23,57,1,0.9831047999127664,acquisition,2.635850496899878
225,18,0.9999726060454898,11.256944126703418,1.7239847783391314e-06,14,23,57,1,0.9507179032004534,acquisition,2.635850496899878
226,18,0.999974282435194,11.256944126703418,1.6763897042325655e-06,14,23,57,1,0.937502536131334,acquisition,2.635850496899878
227,18,0.9999759433268219,11.256944126703418,1.660891627908723e-06,14,23,57,1,0.9331589091966108,acquisition,2.635850496899878
228,18,0.999977535681809,11.256944126703418,1.5923549871237986e-06,14,23,57,1,0.913702693160725,acquisition,2.635850496899878
229,18,0.9999790758311785,11.256944126703418,1.5401493694471922e-06,14,23,57,1,0.8985999291168064,acquisition,2.635850496899878
230,18,0.9999804943524464,11.256944126703418,1.4185212679014502e-06,14,23,57,1,0.86238835712544,acquisition,2.635850496899878
231,18,0.9999818438494144,11.256944126703418,1.3494969679422111e-06,14,23,57,1,0.8411450923167096,acquisition,2.635850496899878
232,18,0.9999831733877383,11.256944126703418,1.3295383239696326e-06,14,23,57,1,0.8349017839227503,acquisition,2.635850496899878
233,18,0.999984475925953,11.256944126703418,1.302538214581209e-06,14,23,57,1,0.8263807569434037,acquisition,2.635850496899878
234,18,0.9999856889663279,11.256944126703418,1.2130403749614518e-06,14,23,57,1,0.7974851171700884,acquisition,2.635850496899878
235,18,0.9999868389083644,11.256944126703418,1.1499420364612988e-06,14,23,57,1,0.7764668765711912,acquisition,2.635850496899878
236,18,0.9999879402691477,11.256944126703418,1.1013607833440598e-06,14,23,57,1,0.7598883091467393,acquisition,2.635850496899878
237,18,0.9999890207881514,11.256944126703418,1.0805190036797353e-06,14,23,57,1,0.7526640335509869,acquisition,2.635850496899878
238,18,0.9999900617962635,11.256944126703418,1.0410081120143645e-06,14,23,57,1,0.7387747024849911,acquisition,2.635850496899878
239,18,0.9999910226705855,11.256944126703418,9.608743219908584e-07,14,23,57,1,0.7097710028790576,acquisition,2.635850496899878
240,18,0.9999918969216115,11.256944126703418,8.742510260157524e-07,14,23,57,1,0.6770223939632624,acquisition,2.635850496899878
241,18,0.9999927250861573,11.256944126703418,8.281645458299739e-07,14,23,57,1,0.6589360616965089,acquisition,2.635850496899878
242,18,0.9999935166049798,11.256944126703418,7.915188224696185e-07,14,23,57,1,0.6441923784048919,acquisition,2.635850496899878
243,18,0.9999942956758922,11.256944126703418,7.790709122891351e-07,14,23,57,1,0.6391068224187926,acquisition,2.635850496899878
244,18,0.9999950137559483,11.256944126703418,7.180800561693569e-07,14,23,57,1,0.613580277134883,acquisition,2.635850496899878
245,18,0.9999956688123447,11.256944126703418,6.550563962980858e-07,14,23,57,1,0.5860360124619739,acquisition,2.635850496899878
246,18,0.9999963164173269,11.256944126703418,6.476049821880555e-07,14,23,57,1,0.5826933334966269,acquisition,2.635850496899878
247,18,0.9999968954518795,11.256944126703418,5.790345525850871e-07,14,23,57,1,0.5509817306460625,acquisition,2.635850496899878
248,18,0.999997457027666,11.256944126703418,5.615757864162467e-07,14,23,57,1,0.542611689800912,acquisition,2.635850496899878
249,18,0.9999979388530761,11.256944126703418,4.818254101612591e-07,14,23,57,1,0.5026084764930117,acquisition,2.635850496899878
250,18,0.9999984061849628,11.256944126703418,4.673318867746604e-07,14,23,57,1,0.49499141432282756,acquisition,2.635850496899878
251,18,0.9999988318772497,11.256944126703418,4.2569228681003077e-07,14,23,57,1,0.4724249757020234,acquisition,2.635850496899878
252,18,0.9999992086366647,11.256944126703418,3.7675941496224106e-07,14,23,57,1,0.44444396739265507,acquisition,2.635850496899878
253,18,0.9999995560297555,11.256944126703418,3.473930908352869e-07,14,23,57,1,0.42677163543029767,acquisition,2.635850496899878
254,18,0.9999998052292719,11.256944126703418,2.4919951634099474e-07,14,23,57,1,0.3614585951715458,acquisition,2.635850496899878
255,18,1.0000000000000009,11.256944126703418,1.947707290924417e-07,14,23,57,1,0.3195558730713896,acquisition,2.635850496899878
256,18,1.0000000000000009,11.256944126703418,2.0430373053017345e-32,14,23,57,1,1.0349589087118559e-13,acquisition,2.635850496899878
1,18,0.30878996382335006,8.9911443001581,0.30878996382335006,9,11,12,1,30.799395592532843,structural,3.23844722029914
2,18,0.44380357255117175,8.9911443001581,0.1350136087278217,9,11,12,1,20.365701706837118,structural,3.23844722029914
3,18,0.5334437772476187,8.9911443001581,0.08964020469644694,9,11,12,1,16.594418002071812,structural,3.23844722029914
4,18,0.6191930609103403,8.9911443001581,0.08574928366272158,9,11,12,1,16.230274163176688,structural,3.23844722029914
5,18,0.6873975526064052,8.9911443001581,0.06820449169606495,9,11,12,1,14.47495072497007,structural,3.23844722029914
6,18,0.748336447062611,8.9911443001581,0.060938894456205865,9,11,12,1,13.682261646725824,structural,3.23844722029914
7,18,0.8066565253959777,8.9911443001581,0.05832007833336663,9,11,12,1,13.385039433640168,structural,3.23844722029914
8,18,0.8626620770669955,8.9911443001581,0.05600555167101779,9,11,12,1,13.116747109453879,structural,3.23844722029914
9,18,0.9054339339763456,8.9911443001581,0.04277185690935016,9,11,12,1,11.462772109115827,structural,3.23844722029914
10,18,0.9471464430969987,8.9911443001581,0.041712509120653045,9,11,12,1,11.319930565981673,structural,3.23844722029914
11,18,0.9836908005784265,8.9911443001581,0.03654435748142785,9,11,12,1,10.595483291617535,structural,3.23844722029914
12,18,0.9999999999999998,8.9911443001581,0.016309199421573314,9,11,12,1,7.078266781004601,structural,3.23844722029914
1,20,0.48657588853286204,7.832327558740749,0.48657588853286204,10,19,49,1,505.08009211125835,acquisition,2.0551778737233146
2,20,0.6473218007809184,7.832327558740749,0.16074591224805634,10,19,49,1,290.3052752547032,acquisition,2.0551778737233146
3,20,0.7304689615962375,7.832327558740749,0.0831471608153191,10,19,49,1,208.78950799679095,acquisition,2.0551778737233146
4,20,0.7749563026949562,7.832327558740749,0.044487341098718644,10,19,49,1,152.72255593056647,acquisition,2.0551778737233146
5,20,0.8127946227308666,7.832327558740749,0.03783832003591041,10,19,49,1,140.84806400865935,acquisition,2.0551778737233146
6,20,0.8431516675385298,7.832327558740749,0.030357044807663255,10,19,49,1,126.15797362085425,acquisition,2.0551778737233146
7,20,0.8631654014716097,7.832327558740749,0.020013733933079904,10,19,49,1,102.43515283488671,acquisition,2.0551778737233146
8,20,0.8812302714708675,7.832327558740749,0.018064869999257785,10,19,49,1,97.32006248544474,acquisition,2.0551778737233146
9,20,0.8940590045304593,7.832327558740749,0.012828733059591714,10,19,49,1,82.01189424923206,acquisition,2.0551778737233146
10,20,0.903687426566745,7.832327558740749,0.00962842203628565,10,19,49,1,71.04974407103893,acquisition,2.0551778737233146
11,20,0.9114849276614004,7.832327558740749,0.007797501094655472,10,19,49,1,63.93853496847366,acquisition,2.0551778737233146
12,20,0.9187167138444703,7.832327558740749,0.007231786183069821,10,19,49,1,61.575471694087014,acquisition,2.0551778737233146
13,20,0.9245741759031323,7.832327558740749,0.00585746205866199,10,19,49,1,55.41657755411983,acquisition,2.0551778737233146
14,20,0.9301737607089829,7.832327558740749,0.005599584805850682,10,19,49,1,54.182978126805125,acquisition,2.0551778737233146
15,20,0.9351464515418587,7.832327558740749,0.004972690832875723,10,19,49,1,51.05998561874795,acquisition,2.0551778737233146
16,20,0.9399957733434503,7.832327558740749,0.004849321801591594,10,19,49,1,50.42262615843064,acquisition,2.0551778737233146
17,20,0.944115130603766,7.832327558740749,0.004119357260315654,10,19,49,1,46.47289079986712,acquisition,2.0551778737233146
18,20,0.9477966597258822,7.832327558740749,0.0036815291221162557,10,19,49,1,43.93383138739539,acquisition,2.0551778737233146
19,20,0.951032727642501,7.832327558740749,0.003236067916618794,10,19,49,1,41.19018785910347,acquisition,2.0551778737233146
20,20,0.9541303091593751,7.832327558740749,0.0030975815168740937,10,19,49,1,40.29919128616461,acquisition,2.0551778737233146
21,20,0.9569205282924013,7.832327558740749,0.002790219133026172,10,19,49,1,38.24759350359217,acquisition,2.0551778737233146
22,20,0.9596023120827708,7.832327558740749,0.002681783790369574,10,19,49,1,37.497027347314926,acquisition,2.0551778737233146
23,20,0.9621496798696285,7.832327558740749,0.0025473677868576615,10,19,49,1,36.54523720317095,acquisition,2.0551778737233146
24,20,0.9644116840189888,7.832327558740749,0.002262004149360251,10,19,49,1,34.43750326983342,acquisition,2.0551778737233146
25,20,0.966569030665511,7.832327558740749,0.0021573466465221935,10,19,49,1,33.63139840404838,acquisition,2.0551778737233146
26,20,0.9684773493013248,7.832327558740749,0.0019083186358137872,10,19,49,1,31.630816633996965,acquisition,2.0551778737233146
27,20,0.970316761190594,7.832327558740749,0.0018394118892691386,10,19,49,1,31.054493726369753,acquisition,2.0551778737233146
28,20,0.972006096007814,7.832327558740749,0.0016893348172199766,10,19,49,1,29.760678296212056,acquisition,2.0551778737233146
29,20,0.9736251625223382,7.832327558740749,0.0016190665145242697,10,19,49,1,29.13515307608492,acquisition,2.0551778737233146
30,20,0.9750127011669085,7.832327558740749,0.0013875386445702652,10,19,49,1,26.971649205869028,acquisition,2.0551778737233146
31,20,0.9763928296678878,7.832327558740749,0.0013801285009792026,10,19,49,1,26.899531808590726,acquisition,2.0551778737233146
32,20,0.9776568957753843,7.832327558740749,0.0012640661074964916,10,19,49,1,25.743633996915058,acquisition,2.0551778737233146
33,20,0.9788759572053505,7.832327558740749,0.0012190614299661484,10,19,49,1,25.281204065354405,acquisition,2.0551778737233146
34,20,0.9798970734846489,7.832327558740749,0.0010211162792984297,10,19,49,1,23.13782642861717,acquisition,2.0551778737233146
35,20,0.9808998462122623,7.832327558740749,0.0010027727276134214,10,19,49,1,22.92905815368319,acquisition,2.0551778737233146
36,20,0.9818744196608351,7.832327558740749,0.0009745734485727746,10,19,49,1,22.604361619061994,acquisition,2.0551778737233146
37,20,0.9828017432023572,7.832327558740749,0.0009273235415221157,10,19,49,1,22.049594212537045,acquisition,2.0551778737233146
38,20,0.9836359034250625,7.832327558740749,0.0008341602227051802,10,19,49,1,20.912680240506084,acquisition,2.0551778737233146
39,20,0.9844074089485686,7.832327558740749,0.0007715055235061864,10,19,49,1,20.11196380038537,acquisition,2.0551778737233146
40,20,0.9851591857155556,7.832327558740749,0.0007517767669870375,10,19,49,1,19.853149312139372,acquisition,2.0551778737233146
41,20,0.985857495455479,7.832327558740749,0.0006983097399234044,10,19,49,1,19.134142701593973,acquisition,2.0551778737233146
42,20,0.9865237680949698,7.832327558740749,0.0006662726394908534,10,19,49,1,18.690070883048588,acquisition,2.0551778737233146
43,20,0.9871658748895542,7.832327558740749,0.0006421067945844306,10,19,49,1,18.347994089793087,acquisition,2.0551778737233146
44,20,0.9877749693464054,7.832327558740749,0.0006090944568512254,10,19,49,1,17.870112327392217,acquisition,2.0551778737233146
45,20,0.9883658943681215,7.832327558740749,0.0005909250217161057,10,19,49,1,17.601559527084344,acquisition,2.0551778737233146
46,20,0.9889112779646463,7.832327558740749,0.0005453835965247527,10,19,49,1,16.90970357678601,acquisition,2.0551778737233146
47,20,0.9894271645366856,7.832327558740749,0.0005158865720392618,10,19,49,1,16.446067587156527,acquisition,2.0551778737233146
48,20,0.9899052561002518,7.832327558740749,0.00047809156356629664,10,19,49,1,15.832171982360682,acquisition,2.0551778737233146
49,20,0.9903483197648504,7.832327558740749,0.0004430636645985139,10,19,49,1,15.241160145639364,acquisition,2.0551778737233146
50,20,0.9907762075845892,7.832327558740749,0.00042788781973883525,10,19,49,1,14.977865309690648,acquisition,2.0551778737233146
51,20,0.9911789152275204,7.832327558740749,0.00040270764293127027,10,19,49,1,14.530477786265319,acquisition,2.0551778737233146
52,20,0.9915637677353787,7.832327558740749,0.00038485250785827305,10,19,49,1,14.204701744140857,acquisition,2.0551778737233146
53,20,0.9919395250520107,7.832327558740749,0.0003757573166320209,10,19,49,1,14.03584881730952,acquisition,2.0551778737233146
54,20,0.99229730249463,7.832327558740749,0.0003577774426193876,10,19,49,1,13.695927125829543,acquisition,2.0551778737233146
55,20,0.9926235722890707,7.832327558740749,0.0003262697944407241,10,19,49,1,13.078965478497846,acquisition,2.0551778737233146
56,20,0.9929284391221206,7.832327558740749,0.00030486683304988465,10,19,49,1,12.642706283310467,acquisition,2.0551778737233146
57,20,0.9932081599379988,7.832327558740749,0.00027972081587818853,10,19,49,1,12.110089475934673,acquisition,2.0551778737233146
58,20,0.993476119713435,7.832327558740749,0.0002679597754360917,10,19,49,1,11.852767387569777,acquisition,2.0551778737233146
59,20,0.9937421178578641,7.832327558740749,0.0002659981444292329,10,19,49,1,11.809302906882932,acquisition,2.0551778737233146
60,20,0.9939935639407192,7.832327558740749,0.0002514460828550658,10,19,49,1,11.481731746035384,acquisition,2.0551778737233146
61,20,0.9942284102355874,7.832327558740749,0.00023484629486809875,10,19,49,1,11.096264878048189,acquisition,2.0551778737233146
62,20,0.9944516154540466,7.832327558740749,0.00022320521845924898,10,19,49,1,10.81775473818679,acquisition,2.0551778737233146
63,20,0.9946689983445476,7.832327558740749,0.00021738289050103122,10,19,49,1,10.675731398597694,acquisition,2.0551778737233146
64,20,0.9948754620349705,7.832327558740749,0.00020646369042284755,10,19,49,1,10.404154714555812,acquisition,2.0551778737233146
65,20,0.9950663672437475,7.832327558740749,0.00019090520877708983,10,19,49,1,10.004464508374394,acquisition,2.0551778737233146
66,20,0.995240797084577,7.832327558740749,0.0001744298408294876,10,19,49,1,9.563026319571144,acquisition,2.0551778737233146
67,20,0.9954114686462344,7.832327558740749,0.00017067156165742747,10,19,49,1,9.459442463393355,acquisition,2.0551778737233146
68,20,0.9955785570026677,7.832327558740749,0.00016708835643331797,10,19,49,1,9.359616456763142,acquisition,2.0551778737233146
69,20,0.9957427203962005,7.832327558740749,0.0001641633935327994,10,19,49,1,9.277332443570423,acquisition,2.0551778737233146
70,20,0.9958954643627052,7.832327558740749,0.00015274396650462397,10,19,49,1,8.948845104859974,acquisition,2.0551778737233146
71,20,0.9960421536528179,7.832327558740749,0.00014668929011270226,10,19,49,1,8.769688394384858,acquisition,2.0551778737233146
72,20,0.9961829803057461,7.832327558740749,0.000140826652928196,10,19,49,1,8.592655247967187,acquisition,2.0551778737233146
73,20,0.9963209796671879,7.832327558740749,0.00013799936144177338,10,19,49,1,8.505963156020869,acquisition,2.0551778737233146
74,20,0.9964529171291179,7.832327558740749,0.00013193746192991939,10,19,49,1,8.317044429381966,acquisition,2.0551778737233146
75,20,0.9965771420221876,7.832327558740749,0.0001242248930696903,10,19,49,1,8.070292481547481,acquisition,2.0551778737233146
76,20,0.9966927528517203,7.832327558740749,0.00011561082953276064,10,19,49,1,7.785458919939917,acquisition,2.0551778737233146
77,20,0.996803852334215,7.832327558740749,0.00011109948249460834,10,19,49,1,7.63204595623829,acquisition,2.0551778737233146
78,20,0.9969138522979085,7.832327558740749,0.0001099999636934873,10,19,49,1,7.594185997520148,acquisition,2.0551778737233146
79,20,0.9970194734582776,7.832327558740749,0.00010562116036904641,10,19,49,1,7.441498970474068,acquisition,2.0551778737233146
80,20,0.997122676386836,7.832327558740749,0.00010320292855851748,10,19,49,1,7.3558179020478764,acquisition,2.0551778737233146
81,20,0.9972201877025669,7.832327558740749,9.75113157308944e-05,10,19,49,1,7.1501057825684775,acquisition,2.0551778737233146
82,20,0.9973125880375616,7.832327558740749,9.240033499473693e-05,10,19,49,1,6.960200200692553,acquisition,2.0551778737233146
83,20,0.9974033554188364,7.832327558740749,9.076738127478377e-05,10,19,49,1,6.898423645572504,acquisition,2.0551778737233146
84,20,0.997490261473035,7.832327558740749,8.690605419855836e-05,10,19,49,1,6.750096395137907,acquisition,2.0551778737233146
85,20,0.9975720769384983,7.832327558740749,8.181546546328155e-05,10,19,49,1,6.5494172837599045,acquisition,2.0551778737233146
86,20,0.9976514047824879,7.832327558740749,7.93278439896909e-05,10,19,49,1,6.449080296419566,acquisition,2.0551778737233146
87,20,0.9977297499946854,7.832327558740749,7.83452121975343e-05,10,19,49,1,6.409013544424826,acquisition,2.0551778737233146
88,20,0.9978061282136366,7.832327558740749,7.637821895112595e-05,10,19,49,1,6.328047381100108,acquisition,2.0551778737233146
89,20,0.9978790037878306,7.832327558740749,7.287557419397275e-05,10,19,49,1,6.181244942809627,acquisition,2.0551778737233146
90,20,0.99794884667946,7.832327558740749,6.984289162944711e-05,10,19,49,1,6.051263501668026,acquisition,2.0551778737233146
91,20,0.9980163110112606,7.832327558740749,6.746433180058743e-05,10,19,49,1,5.947330459211628,acquisition,2.0551778737233146
92,20,0.9980810465448282,7.832327558740749,6.473553356755316e-05,10,19,49,1,5.825810108737266,acquisition,2.0551778737233146
93,20,0.9981438519394583,7.832327558740749,6.280539463008925e-05,10,19,49,1,5.738302426660714,acquisition,2.0551778737233146
94,20,0.9982060331710467,7.832327558740749,6.218123158839548e-05,10,19,49,1,5.709717466479116,acquisition,2.0551778737233146
95,20,0.9982623977508689,7.832327558740749,5.636457982215566e-05,10,19,49,1,5.43610824264918,acquisition,2.0551778737233146
96,20,0.998318591845464,7.832327558740749,5.6194094595084564e-05,10,19,49,1,5.427880752841546,acquisition,2.0551778737233146
97,20,0.998373547860401,7.832327558740749,5.495601493698992e-05,10,19,49,1,5.367753641821183,acquisition,2.0551778737233146
98,20,0.9984263395720179,7.832327558740749,5.279171161684998e-05,10,19,49,1,5.2609942881716805,acquisition,2.0551778737233146
99,20,0.998478664656521,7.832327558740749,5.2325084503142254e-05,10,19,49,1,5.237691657971425,acquisition,2.0551778737233146
100,20,0.9985294407723072,7.832327558740749,5.0776115786234905e-05,10,19,49,1,5.159584110500917,acquisition,2.0551778737233146
101,20,0.9985769185240475,7.832327558740749,4.7477751740314616e-05,10,19,49,1,4.989189864539741,acquisition,2.0551778737233146
102,20,0.9986222508862832,7.832327558740749,4.5332362235654015e-05,10,19,49,1,4.875162923616664,acquisition,2.0551778737233146
103,20,0.9986669146737716,7.832327558740749,4.4663787488300774e-05,10,19,49,1,4.839079232112886,acquisition,2.0551778737233146
104,20,0.9987097261653153,7.832327558740749,4.281149154375342e-05,10,19,49,1,4.737673614601516,acquisition,2.0551778737233146
105,20,0.9987505330421552,7.832327558740749,4.080687683998169e-05,10,19,49,1,4.625424936660449,acquisition,2.0551778737233146
106,20,0.9987903003533859,7.832327558740749,3.976731123064223e-05,10,19,49,1,4.566127907811055,acquisition,2.0551778737233146
107,20,0.9988286673157944,7.832327558740749,3.8366962408502906e-05,10,19,49,1,4.485012596105966,acquisition,2.0551778737233146
108,20,0.9988655940619849,7.832327558740749,3.692674619045872e-05,10,19,49,1,4.4000283983973585,acquisition,2.0551778737233146
109,20,0.9989016065921689,7.832327558740749,3.6012530183910995e-05,10,19,49,1,4.3452200663559415,acquisition,2.0551778737233146
110,20,0.998936323437076,7.832327558740749,3.471684490703856e-05,10,19,49,1,4.266336271629492,acquisition,2.0551778737233146
111,20,0.9989699924632824,7.832327558740749,3.366902620648061e-05,10,19,49,1,4.201460033338805,acquisition,2.0551778737233146
112,20,0.999002537196604,7.832327558740749,3.254473332162115e-05,10,19,49,1,4.13071581493161,acquisition,2.0551778737233146
113,20,0.9990345853481225,7.832327558740749,3.2048151518522754e-05,10,19,49,1,4.099080538772477,acquisition,2.0551778737233146
114,20,0.999066197853371,7.832327558740749,3.161250524855855e-05,10,19,49,1,4.071124801790811,acquisition,2.0551778737233146
115,20,0.9990959756963629,7.832327558740749,2.977784299187528e-05,10,19,49,1,3.9512233227855282,acquisition,2.0551778737233146
116,20,0.9991252202643172,7.832327558740749,2.9244567954325683e-05,10,19,49,1,3.9156833431263958,acquisition,2.0551778737233146
117,20,0.9991525128482122,7.832327558740749,2.7292583895011875e-05,10,19,49,1,3.7827469152915834,acquisition,2.0551778737233146
118,20,0.9991790789876087,7.832327558740749,2.6566139396503874e-05,10,19,49,1,3.7320648563381407,acquisition,2.0551778737233146
119,20,0.9992053630428648,7.832327558740749,2.6284055256092407e-05,10,19,49,1,3.7121981038336545,acquisition,2.0551778737233146
120,20,0.9992294643247215,7.832327558740749,2.4101281856685288e-05,10,19,49,1,3.554716987620508,acquisition,2.0551778737233146
121,20,0.999253294045028,7.832327558740749,2.3829720306590783e-05,10,19,49,1,3.53463384243713,acquisition,2.0551778737233146
122,20,0.9992764670340301,7.832327558740749,2.3172989002021573e-05,10,19,49,1,3.485587476723528,acquisition,2.0551778737233146
123,20,0.9992994646671396,7.832327558740749,2.2997633109530662e-05,10,19,49,1,3.4723742695351283,acquisition,2.0551778737233146
124,20,0.9993215626115932,7.832327558740749,2.20979444536357e-05,10,19,49,1,3.4037754188118456,acquisition,2.0551778737233146
125,20,0.9993433562980486,7.832327558740749,2.1793686455377868e-05,10,19,49,1,3.3802615703991243,acquisition,2.0551778737233146
126,20,0.9993643354585929,7.832327558740749,2.097916054428574e-05,10,19,49,1,3.316492442844169,acquisition,2.0551778737233146
127,20,0.9993843921114708,7.832327558740749,2.0056652877880975e-05,10,19,49,1,3.2427553753002187,acquisition,2.0551778737233146
128,20,0.9994042463933974,7.832327558740749,1.985428192666077e-05,10,19,49,1,3.226354252521741,acquisition,2.0551778737233146
129,20,0.9994232705399699,7.832327558740749,1.9024146572561078e-05,10,19,49,1,3.1581848834789428,acquisition,2.0551778737233146
130,20,0.9994413121775527,7.832327558740749,1.8041637582777622e-05,10,19,49,1,3.075551021361752,acquisition,2.0551778737233146
131,20,0.9994587175407484,7.832327558740749,1.7405363195680166e-05,10,19,49,1,3.0208315178335856,acquisition,2.0551778737233146
132,20,0.9994754325948986,7.832327558740749,1.6715054150136142e-05,10,19,49,1,2.96032131875352,acquisition,2.0551778737233146
133,20,0.9994918212170514,7.832327558740749,1.6388622152808153e-05,10,19,49,1,2.931272408230167,acquisition,2.0551778737233146
134,20,0.9995074072719958,7.832327558740749,1.55860549444816e-05,10,19,49,1,2.858597833682166,acquisition,2.0551778737233146
135,20,0.9995227803625812,7.832327558740749,1.5373090585363226e-05,10,19,49,1,2.8390010420602025,acquisition,2.0551778737233146
136,20,0.9995376665201625,7.832327558740749,1.4886157581273903e-05,10,19,49,1,2.7936774663462733,acquisition,2.0551778737233146
137,20,0.9995522443208422,7.832327558740749,1.4577800679700155e-05,10,19,49,1,2.764591463988601,acquisition,2.0551778737233146
138,20,0.9995661010158093,7.832327558740749,1.3856694967064857e-05,10,19,49,1,2.6953476382263757,acquisition,2.0551778737233146
139,20,0.9995794897009515,7.832327558740749,1.3388685142133e-05,10,19,49,1,2.6494389888802172,acquisition,2.0551778737233146
140,20,0.999592805912191,7.832327558740749,1.3316211239548305e-05,10,19,49,1,2.642258457903069,acquisition,2.0551778737233146
141,20,0.999605341070323,7.832327558740749,1.2535158131926242e-05,10,19,49,1,2.563597664742139,acquisition,2.0551778737233146
142,20,0.9996178432431139,7.832327558740749,1.250217279092542e-05,10,19,49,1,2.5602224841229537,acquisition,2.0551778737233146
143,20,0.9996299384042486,7.832327558740749,1.209516113480614e-05,10,19,49,1,2.5182032962104635,acquisition,2.0551778737233146
144,20,0.9996412704786165,7.832327558740749,1.1332074367878691e-05,10,19,49,1,2.437472175469165,acquisition,2.0551778737233146
145,20,0.9996524541911171,7.832327558740749,1.1183712500648394e-05,10,19,49,1,2.421463660586288,acquisition,2.0551778737233146
146,20,0.9996633824418305,7.832327558740749,1.0928250713389988e-05,10,19,49,1,2.393647992086934,acquisition,2.0551778737233146
147,20,0.9996741232896127,7.832327558740749,1.0740847782207245e-05,10,19,49,1,2.3730355248158155,acquisition,2.0551778737233146
148,20,0.9996844149999676,7.832327558740749,1.029171035488321e-05,10,19,49,1,2.322890492154335,acquisition,2.0551778737233146
149,20,0.9996945713408336,7.832327558740749,1.0156340865956763e-05,10,19,49,1,2.3075631388828217,acquisition,2.0551778737233146
150,20,0.9997046499343727,7.832327558740749,1.0078593539042477e-05,10,19,49,1,2.2987139120380995,acquisition,2.0551778737233146
151,20,0.999714349407636,7.832327558740749,9.699473263325937e-06,10,19,49,1,2.2550648412590335,acquisition,2.0551778737233146
152,20,0.9997235864826842,7.832327558740749,9.237075048194284e-06,10,19,49,1,2.2006561755230383,acquisition,2.0551778737233146
153,20,0.9997325344770036,7.832327558740749,8.94799431933426e-06,10,19,49,1,2.1659469166383376,acquisition,2.0551778737233146
154,20,0.9997412713062922,7.832327558740749,8.736829288556397e-06,10,19,49,1,2.1402370789327656,acquisition,2.0551778737233146
155,20,0.9997497762932316,7.832327558740749,8.504986939437028e-06,10,19,49,1,2.111649258874106,acquisition,2.0551778737233146
156,20,0.9997579765913561,7.832327558740749,8.200298124489401e-06,10,19,49,1,2.0734796606410923,acquisition,2.0551778737233146
157,20,0.9997660008771361,7.832327558740749,8.024285779978053e-06,10,19,49,1,2.0511062242149074,acquisition,2.0551778737233146
158,20,0.9997739668506717,7.832327558740749,7.965973535565648e-06,10,19,49,1,2.043639971476053,acquisition,2.0551778737233146
159,20,0.9997817010605693,7.832327558740749,7.734209897649909e-06,10,19,49,1,2.0136914954429033,acquisition,2.0551778737233146
160,20,0.9997889871324402,7.832327558740749,7.2860718710029355e-06,10,19,49,1,1.9544820411312016,acquisition,2.0551778737233146
161,20,0.9997961315072337,7.832327558740749,7.144374793423806e-06,10,19,49,1,1.9353836755781995,acquisition,2.0551778737233146
162,20,0.9998030950593886,7.832327558740749,6.963552154952918e-06,10,19,49,1,1.9107346315529943,acquisition,2.0551778737233146
163,20,0.9998097220664937,7.832327558740749,6.627007105066888e-06,10,19,49,1,1.863990424090561,acquisition,2.0551778737233146
164,20,0.9998162943813738,7.832327558740749,6.572314880147087e-06,10,19,49,1,1.8562827973890608,acquisition,2.0551778737233146
165,20,0.9998225845641152,7.832327558740749,6.290182741441413e-06,10,19,49,1,1.8160031192552606,acquisition,2.0551778737233146
166,20,0.9998285300611746,7.832327558740749,5.9454970593329285e-06,10,19,49,1,1.7655460238247949,acquisition,2.0551778737233146
167,20,0.999834444733396,7.832327558740749,5.914672221388971e-06,10,19,49,1,1.760963278892431,acquisition,2.0551778737233146
168,20,0.9998401598354562,7.832327558740749,5.71510206010908e-06,10,19,49,1,1.7309995461843628,acquisition,2.0551778737233146
169,20,0.9998456364089868,7.832327558740749,5.476573530654951e-06,10,19,49,1,1.6944916002270485,acquisition,2.0551778737233146
170,20,0.9998508879051773,7.832327558740749,5.2514961904331654e-06,10,19,49,1,1.659306009960135,acquisition,2.0551778737233146
171,20,0.9998561350695873,7.832327558740749,5.247164409979691e-06,10,19,49,1,1.6586215162536126,acquisition,2.0551778737233146
172,20,0.9998611590337553,7.832327558740749,5.023964168046649e-06,10,19,49,1,1.6229615293459183,acquisition,2.0551778737233146
173,20,0.9998659566183887,7.832327558740749,4.797584633469883e-06,10,19,49,1,1.585974795610781,acquisition,2.0551778737233146
174,20,0.9998707011537237,7.832327558740749,4.7445353349394575e-06,10,19,49,1,1.5771819621352314,acquisition,2.0551778737233146
175,20,0.9998752870137638,7.832327558740749,4.5858600401404765e-06,10,19,49,1,1.5505842088468367,acquisition,2.0551778737233146
176,20,0.9998798183565794,7.832327558740749,4.531342815581484e-06,10,19,49,1,1.5413398918134784,acquisition,2.0551778737233146
177,20,0.9998841772927708,7.832327558740749,4.358936191400796e-06,10,19,49,1,1.5117334215784015,acquisition,2.0551778737233146
178,20,0.9998883598011603,7.832327558740749,4.18250838956842e-06,10,19,49,1,1.48082374324227,acquisition,2.0551778737233146
179,20,0.9998923734046326,7.832327558740749,4.013603472198342e-06,10,19,49,1,1.450615089274865,acquisition,2.0551778737233146
180,20,0.9998962778731069,7.832327558740749,3.904468474258443e-06,10,19,49,1,1.4307571308338851,acquisition,2.0551778737233146
181,20,0.9999001097701691,7.832327558740749,3.831897062264626e-06,10,19,49,1,1.417398196337429,acquisition,2.0551778737233146
182,20,0.9999037588069752,7.832327558740749,3.649036806169986e-06,10,19,49,1,1.383165286230554,acquisition,2.0551778737233146
183,20,0.9999073392065652,7.832327558740749,3.5803995898676118e-06,10,19,49,1,1.3700950843545534,acquisition,2.0551778737233146
184,20,0.9999108504750486,7.832327558740749,3.5112684834076133e-06,10,19,49,1,1.3568035711291488,acquisition,2.0551778737233146
185,20,0.9999142938253258,7.832327558740749,3.443350277266587e-06,10,19,49,1,1.3436172186182882,acquisition,2.0551778737233146
186,20,0.9999175799690141,7.832327558740749,3.2861436882761372e-06,10,19,49,1,1.312587407390045,acquisition,2.0551778737233146
187,20,0.9999208127532591,7.832327558740749,3.2327842449464126e-06,10,19,49,1,1.3018870865841112,acquisition,2.0551778737233146
188,20,0.9999239339773314,7.832327558740749,3.1212240723024928e-06,10,19,49,1,1.2792264562693072,acquisition,2.0551778737233146
189,20,0.9999269946588587,7.832327558740749,3.0606815273336715e-06,10,19,49,1,1.2667590917781946,acquisition,2.0551778737233146
190,20,0.9999298709427084,7.832327558740749,2.876283849694088e-06,10,19,49,1,1.228006965366408,acquisition,2.0551778737233146
191,20,0.9999326925306234,7.832327558740749,2.8215879150398526e-06,10,19,49,1,1.2162749215536817,acquisition,2.0551778737233146
192,20,0.9999353724281863,7.832327558740749,2.6798975628341367e-06,10,19,49,1,1.185343044617542,acquisition,2.0551778737233146
193,20,0.9999379867339857,7.832327558740749,2.6143057993838093e-06,10,19,49,1,1.1707472651889215,acquisition,2.0551778737233146
194,20,0.9999404480152714,7.832327558740749,2.4612812856514922e-06,10,19,49,1,1.135966655624913,acquisition,2.0551778737233146
195,20,0.9999428039840544,7.832327558740749,2.3559687830375336e-06,10,19,49,1,1.1113982910375482,acquisition,2.0551778737233146
196,20,0.9999451207913227,7.832327558740749,2.3168072682379617e-06,10,19,49,1,1.1021226107153164,acquisition,2.0551778737233146
197,20,0.9999474352576864,7.832327558740749,2.3144663636732443e-06,10,19,49,1,1.1015656770603912,acquisition,2.0551778737233146
198,20,0.9999496585553829,7.832327558740749,2.2232976965335173e-06,10,19,49,1,1.0796519359127574,acquisition,2.0551778737233146
199,20,0.9999517835673355,7.832327558740749,2.1250119526672114e-06,10,19,49,1,1.0555180086763025,acquisition,2.0551778737233146
200,20,0.999953844113193,7.832327558740749,2.0605458575482533e-06,10,19,49,1,1.039384176597979,acquisition,2.0551778737233146
201,20,0.9999557660557091,7.832327558740749,1.921942516107565e-06,10,19,49,1,1.003818408819545,acquisition,2.0551778737233146
202,20,0.9999576371089843,7.832327558740749,1.8710532752538869e-06,10,19,49,1,0.9904396900247435,acquisition,2.0551778737233146
203,20,0.99995948178769,7.832327558740749,1.8446787056494213e-06,10,19,49,1,0.9834342424521957,acquisition,2.0551778737233146
204,20,0.9999611931107221,7.832327558740749,1.711323032020786e-06,10,19,49,1,0.9472202118895658,acquisition,2.0551778737233146
205,20,0.9999628762306362,7.832327558740749,1.6831199141061432e-06,10,19,49,1,0.9393825490857715,acquisition,2.0551778737233146
206,20,0.9999645063909578,7.832327558740749,1.6301603216183025e-06,10,19,49,1,0.9244855297410646,acquisition,2.0551778737233146
207,20,0.9999660484085493,7.832327558740749,1.542017591506695e-06,10,19,49,1,0.8991447708883494,acquisition,2.0551778737233146
208,20,0.9999675734907266,7.832327558740749,1.5250821773757644e-06,10,19,49,1,0.894193650509768,acquisition,2.0551778737233146
209,20,0.9999690291078365,7.832327558740749,1.4556171098888793e-06,10,19,49,1,0.873591771544021,acquisition,2.0551778737233146
210,20,0.9999704656978957,7.832327558740749,1.4365900592719543e-06,10,19,49,1,0.8678634276172574,acquisition,2.0551778737233146
211,20,0.9999718647470512,7.832327558740749,1.3990491555410355e-06,10,19,49,1,0.85644887977059,acquisition,2.0551778737233146
212,20,0.9999731841223003,7.832327558740749,1.319375249001824e-06,10,19,49,1,0.8317046414134458,acquisition,2.0551778737233146
213,20,0.9999744753527535,7.832327558740749,1.291230453177328e-06,10,19,49,1,0.822785896716415,acquisition,2.0551778737233146
214,20,0.9999757095469357,7.832327558740749,1.234194182205645e-06,10,19,49,1,0.8044086022664311,acquisition,2.0551778737233146
215,20,0.9999769149643252,7.832327558740749,1.2054173894887929e-06,10,19,49,1,0.7949753910029544,acquisition,2.0551778737233146
216,20,0.9999780935801423,7.832327558740749,1.178615817193467e-06,10,19,49,1,0.7860878637688846,acquisition,2.0551778737233146
217,20,0.9999792271773562,7.832327558740749,1.1335972138764887e-06,10,19,49,1,0.7709289306212841,acquisition,2.0551778737233146
218,20,0.9999803216878868,7.832327558740749,1.0945105304957537e-06,10,19,49,1,0.757521443269138,acquisition,2.0551778737233146
219,20,0.9999813766492598,7.832327558740749,1.0549613729858918e-06,10,19,49,1,0.7437093439778926,acquisition,2.0551778737233146
220,20,0.9999824176629425,7.832327558740749,1.0410136827074476e-06,10,19,49,1,0.7387766791658508,acquisition,2.0551778737233146
221,20,0.9999833987213222,7.832327558740749,9.810583797523695e-07,10,19,49,1,0.7171869601461047,acquisition,2.0551778737233146
222,20,0.9999843365292448,7.832327558740749,9.378079225103961e-07,10,19,49,1,0.701200000054999,acquisition,2.0551778737233146
223,20,0.9999852217027243,7.832327558740749,8.851734794782943e-07,10,19,49,1,0.6812384554682127,acquisition,2.0551778737233146
224,20,0.9999860386219883,7.832327558740749,8.169192640512736e-07,10,19,49,1,0.6544470697550064,acquisition,2.0551778737233146
225,20,0.9999868545197154,7.832327558740749,8.158977270064014e-07,10,19,49,1,0.654037756935127,acquisition,2.0551778737233146
226,20,0.9999876401044304,7.832327558740749,7.855847151027737e-07,10,19,49,1,0.6417730433040976,acquisition,2.0551778737233146
227,20,0.999988402459902,7.832327558740749,7.623554715239638e-07,10,19,49,1,0.6322134334655948,acquisition,2.0551778737233146
228,20,0.9999891532223809,7.832327558740749,7.507624789870597e-07,10,19,49,1,0.627388044660693,acquisition,2.0551778737233146
229,20,0.9999898788976723,7.832327558740749,7.256752914613678e-07,10,19,49,1,0.6168167047103197,acquisition,2.0551778737233146
230,20,0.9999905532951222,7.832327558740749,6.74397449905665e-07,10,19,49,1,0.5946246633096725,acquisition,2.0551778737233146
231,20,0.9999912083696053,7.832327558740749,6.550744830593632e-07,10,19,49,1,0.5860441029259039,acquisition,2.0551778737233146
232,20,0.9999918344166023,7.832327558740749,6.260469970666741e-07,10,19,49,1,0.572912670481368,acquisition,2.0551778737233146
233,20,0.9999924388177374,7.832327558740749,6.044011350750996e-07,10,19,49,1,0.5629211865849907,acquisition,2.0551778737233146
234,20,0.9999930088382109,7.832327558740749,5.700204734476746e-07,10,19,49,1,0.5466762240878366,acquisition,2.0551778737233146
235,20,0.9999935487788761,7.832327558740749,5.399406652638965e-07,10,19,49,1,0.5320567747053672,acquisition,2.0551778737233146
236,20,0.999994062932774,7.832327558740749,5.141538979526123e-07,10,19,49,1,0.5191962238400615,acquisition,2.0551778737233146
237,20,0.9999945697581725,7.832327558740749,5.068253984482803e-07,10,19,49,1,0.5154827586851495,acquisition,2.0551778737233146
238,20,0.9999950544331144,7.832327558740749,4.846749419507431e-07,10,19,49,1,0.5040925073490691,acquisition,2.0551778737233146
239,20,0.999995517467158,7.832327558740749,4.6303404349940283e-07,10,19,49,1,0.4927100492157786,acquisition,2.0551778737233146
240,20,0.9999959441345875,7.832327558740749,4.2666742949143124e-07,10,19,49,1,0.47296576332035234,acquisition,2.0551778737233146
241,20,0.9999963421428485,7.832327558740749,3.980082610184421e-07,10,19,49,1,0.4568051610400621,acquisition,2.0551778737233146
242,20,0.9999967376813816,7.832327558740749,3.9553853320136687e-07,10,19,49,1,0.4553856678630524,acquisition,2.0551778737233146
243,20,0.9999971211368548,7.832327558740749,3.8345547317979286e-07,10,19,49,1,0.44837607331623675,acquisition,2.0551778737233146
244,20,0.999997470024133,7.832327558740749,3.4888727815628157e-07,10,19,49,1,0.427688453538321,acquisition,2.0551778737233146
245,20,0.9999978050733278,7.832327558740749,3.350491947890516e-07,10,19,49,1,0.41912083250246857,acquisition,2.0551778737233146
246,20,0.9999980968052962,7.832327558740749,2.9173196838511854e-07,10,19,49,1,0.3910902328628229,acquisition,2.0551778737233146
247,20,0.999998371944838,7.832327558740749,2.751395418170087e-07,10,19,49,1,0.3798056872930629,acquisition,2.0551778737233146
248,20,0.9999986391777096,7.832327558740749,2.6723287165239947e-07,10,19,49,1,0.37430867985246247,acquisition,2.0551778737233146
249,20,0.999998891481549,7.832327558740749,2.5230383932911153e-07,10,19,49,1,0.36370300426884195,acquisition,2.0551778737233146
250,20,0.999999122307688,7.832327558740749,2.308261389771833e-07,10,19,49,1,0.3478783907518107,acquisition,2.0551778737233146
251,20,0.9999993363515538,7.832327558740749,2.1404386587967492e-07,10,19,49,1,0.33499347807729485,acquisition,2.0551778737233146
252,20,0.9999995238717871,7.832327558740749,1.875202333310363e-07,10,19,49,1,0.31355160355619677,acquisition,2.0551778737233146
253,20,0.9999997018789155,7.832327558740749,1.7800712842271775e-07,10,19,49,1,0.3054946830085425,acquisition,2.0551778737233146
254,20,0.9999998599079153,7.832327558740749,1.5802899974643051e-07,10,19,49,1,0.2878414636897481,acquisition,2.0551778737233146
255,20,1.0000000000000007,7.832327558740749,1.4009208527016095e-07,10,19,49,1,0.2710140203054487,acquisition,2.0551778737233146
256,20,1.0000000000000007,7.832327558740749,1.4866583809113183e-32,10,19,49,1,8.82857377616132e-14,acquisition,2.0551778737233146
1,20,0.3958023162514165,7.698738226343992,0.3958023162514165,9,10,12,1,34.86982528669094,structural,2.5265137644237354
2,20,0.5283285151059749,7.698738226343992,0.13252619885455846,9,10,12,1,20.1772268382254,structural,2.5265137644237354
3,20,0.6106201339139891,7.698738226343992,0.08229161880801412,9,10,12,1,15.89968090806288,structural,2.5265137644237354
4,20,0.6709592542168241,7.698738226343992,0.060339120302835066,9,10,12,1,13.614763221235588,structural,2.5265137644237354
5,20,0.7262667244823074,7.698738226343992,0.05530747026548328,9,10,12,1,13.034743904487136,structural,2.5265137644237354
6,20,0.7796877395388253,7.698738226343992,0.05342101505651782,9,10,12,1,12.810517485785759,structural,2.5265137644237354
7,20,0.8283140945565957,7.698738226343992,0.04862635501777039,9,10,12,1,12.222117763079792,structural,2.5265137644237354
8,20,0.8729802487870982,7.698738226343992,0.04466615423050262,9,10,12,1,11.713856145441772,structural,2.5265137644237354
9,20,0.915422504924229,7.698738226343992,0.04244225613713079,9,10,12,1,11.418520519457227,structural,2.5265137644237354
10,20,0.9521162254101241,7.698738226343992,0.03669372048589509,9,10,12,1,10.617113983219246,structural,2.5265137644237354
11,20,0.9869363140403695,7.698738226343992,0.034820088630245445,9,10,12,1,10.342500291134343,structural,2.5265137644237354
12,20,1.0,7.698738226343992,0.01306368595963053,9,10,12,1,6.334954085704566,structural,2.5265137644237354
1,24,0.4359940063934134,7.9795425298708915,0.4359940063934134,9,15,39,1,478.10712776948833,acquisition,2.2936095114520065
2,24,0.6245411985852154,7.9795425298708915,0.18854719219180197,9,15,39,1,314.40901752312294,acquisition,2.2936095114520065
3,24,0.7191126055803481,7.9795425298708915,0.09457140699513264,9,15,39,1,222.6716278079991,acquisition,2.2936095114520065
4,24,0.7752997389458888,7.9795425298708915,0.05618713336554069,9,15,39,1,171.6340286130713,acquisition,2.2936095114520065
5,24,0.816552057933824,7.9795425298708915,0.041252318987935216,9,15,39,1,147.06493741727348,acquisition,2.2936095114520065
6,24,0.8476144959589536,7.9795425298708915,0.03106243802512952,9,15,39,1,127.61529495839869,acquisition,2.2936095114520065
7,24,0.870991080169066,7.9795425298708915,0.023376584210112482,9,15,39,1,110.70710267345744,acquisition,2.2936095114520065
8,24,0.8890419598550043,7.9795425298708915,0.018050879685938322,9,15,39,1,97.28237049322568,acquisition,2.2936095114520065
9,24,0.9039454992867604,7.9795425298708915,0.014903539431755994,9,15,39,1,88.39540079436533,acquisition,2.2936095114520065
10,24,0.9147071112443124,7.9795425298708915,0.010761611957552035,9,15,39,1,75.11447270666977,acquisition,2.2936095114520065
11,24,0.9246740952645048,7.9795425298708915,0.009966984020192495,9,15,39,1,72.28810495495563,acquisition,2.2936095114520065
12,24,0.9331715951825086,7.9795425298708915,0.008497499918003781,9,15,39,1,66.74681443342719,acquisition,2.2936095114520065
13,24,0.9407020217183664,7.9795425298708915,0.007530426535857791,9,15,39,1,62.834005662792244,acquisition,2.2936095114520065
14,24,0.9477624609379343,7.9795425298708915,0.007060439219567874,9,15,39,1,60.84162684830839,acquisition,2.2936095114520065
15,24,0.9530877862500345,7.9795425298708915,0.005325325312100237,9,15,39,1,52.83941859284986,acquisition,2.2936095114520065
16,24,0.9575494913343088,7.9795425298708915,0.004461705084274195,9,15,39,1,48.36546738349531,acquisition,2.2936095114520065
17,24,0.961302180324828,7.9795425298708915,0.003752688990519117,9,15,39,1,44.35639531636093,acquisition,2.2936095114520065
18,24,0.9645337080684606,7.9795425298708915,0.0032315277436326213,9,15,39,1,41.16128299328945,acquisition,2.2936095114520065
19,24,0.9674011526940258,7.9795425298708915,0.0028674446255651568,9,15,39,1,38.773274401942174,acquisition,2.2936095114520065
20,24,0.9697692892984661,7.9795425298708915,0.0023681366044401866,9,15,39,1,35.23614059554105,acquisition,2.2936095114520065
21,24,0.972096710254438,7.9795425298708915,0.0023274209559719016,9,15,39,1,34.93191775675358,acquisition,2.2936095114520065
22,24,0.9740901835417101,7.9795425298708915,0.0019934732872720546,9,15,39,1,32.32884351221507,acquisition,2.2936095114520065
23,24,0.9759156396589301,7.9795425298708915,0.0018254561172200705,9,15,39,1,30.936462900355558,acquisition,2.2936095114520065
24,24,0.9775560360790531,7.9795425298708915,0.0016403964201228984,9,15,39,1,29.326441282797916,acquisition,2.2936095114520065
25,24,0.9789823358589139,7.9795425298708915,0.0014262997798609176,9,15,39,1,27.345783202967883,acquisition,2.2936095114520065
26,24,0.980368585671688,7.9795425298708915,0.0013862498127741158,9,15,39,1,26.95911982687334,acquisition,2.2936095114520065
27,24,0.9815217611990827,7.9795425298708915,0.0011531755273947182,9,15,39,1,24.588535761747217,acquisition,2.2936095114520065
28,24,0.9826687214712264,7.9795425298708915,0.001146960272143682,9,15,39,1,24.522183980258905,acquisition,2.2936095114520065
29,24,0.9836110735305755,7.9795425298708915,0.0009423520593491255,9,15,39,1,22.227547694067244,acquisition,2.2936095114520065
30,24,0.9844916994501093,7.9795425298708915,0.000880625919533789,9,15,39,1,21.487242775668797,acquisition,2.2936095114520065
31,24,0.9853218853798239,7.9795425298708915,0.0008301859297146475,9,15,39,1,20.862802321793517,acquisition,2.2936095114520065
32,24,0.9861129078592601,7.9795425298708915,0.0007910224794362336,9,15,39,1,20.36476353161666,acquisition,2.2936095114520065
33,24,0.9868715064480797,7.9795425298708915,0.000758598588819708,9,15,39,1,19.943022261811446,acquisition,2.2936095114520065
34,24,0.9875545266137757,7.9795425298708915,0.0006830201656960077,9,15,39,1,18.923511213102824,acquisition,2.2936095114520065
35,24,0.988172300053071,7.9795425298708915,0.0006177734392953046,9,15,39,1,17.996977550168154,acquisition,2.2936095114520065
36,24,0.9887716728361621,7.9795425298708915,0.0005993727830911144,9,15,39,1,17.726927474925656,acquisition,2.2936095114520065
37,24,0.9893566507314342,7.9795425298708915,0.0005849778952720717,9,15,39,1,17.51276365273065,acquisition,2.2936095114520065
38,24,0.9898817134257082,7.9795425298708915,0.0005250626942740163,9,15,39,1,16.591686769449794,acquisition,2.2936095114520065
39,24,0.9903544777580543,7.9795425298708915,0.0004727643323460961,9,15,39,1,15.743718311665447,acquisition,2.2936095114520065
40,24,0.990804426348958,7.9795425298708915,0.000449948590903764,9,15,39,1,15.359122593030909,acquisition,2.2936095114520065
41,24,0.9912366029200508,7.9795425298708915,0.00043217657109275364,9,15,39,1,15.052740285578487,acquisition,2.2936095114520065
42,24,0.9916306718335829,7.9795425298708915,0.00039406891353209087,9,15,39,1,14.373781775785828,acquisition,2.2936095114520065
43,24,0.9920061774632717,7.9795425298708915,0.00037550562968877984,9,15,39,1,14.031147336489305,acquisition,2.2936095114520065
44,24,0.9923705926555166,7.9795425298708915,0.00036441519224499237,9,15,39,1,13.822391700127097,acquisition,2.2936095114520065
45,24,0.9927008091023729,7.9795425298708915,0.00033021644685622497,9,15,39,1,13.157831146862936,acquisition,2.2936095114520065
46,24,0.9930219684159066,7.9795425298708915,0.0003211593135336959,9,15,39,1,12.976130940074329,acquisition,2.2936095114520065
47,24,0.9933264651948785,7.9795425298708915,0.0003044967789719642,9,15,39,1,12.635030955785313,acquisition,2.2936095114520065
48,24,0.993625523842342,7.9795425298708915,0.00029905864746350853,9,15,39,1,12.521695578528808,acquisition,2.2936095114520065
49,24,0.9938982993138743,7.9795425298708915,0.00027277547153231423,9,15,39,1,11.95880037540279,acquisition,2.2936095114520065
50,24,0.9941475609936344,7.9795425298708915,0.00024926167976009036,9,15,39,1,11.431749977936807,acquisition,2.2936095114520065
51,24,0.9943882627370696,7.9795425298708915,0.00024070174343514226,9,15,39,1,11.233745397779131,acquisition,2.2936095114520065
52,24,0.9946231250656449,7.9795425298708915,0.00023486232857527063,9,15,39,1,11.09664366031781,acquisition,2.2936095114520065
53,24,0.9948433051489857,7.9795425298708915,0.0002201800833407562,9,15,39,1,10.744197295962055,acquisition,2.2936095114520065
54,24,0.9950582108383415,7.9795425298708915,0.00021490568935581502,9,15,39,1,10.614729109166257,acquisition,2.2936095114520065
55,24,0.9952580640454193,7.9795425298708915,0.0001998532070778426,9,15,39,1,10.236241411398419,acquisition,2.2936095114520065
56,24,0.9954526775506096,7.9795425298708915,0.0001946135051903037,9,15,39,1,10.101164557080233,acquisition,2.2936095114520065
57,24,0.9956389535917803,7.9795425298708915,0.0001862760411707084,9,15,39,1,9.88242344130772,acquisition,2.2936095114520065
58,24,0.9958108008301053,7.9795425298708915,0.0001718472383249505,9,15,39,1,9.491967387581544,acquisition,2.2936095114520065
59,24,0.9959692346425029,7.9795425298708915,0.0001584338123975192,9,15,39,1,9.113997291763395,acquisition,2.2936095114520065
60,24,0.9961237065900949,7.9795425298708915,0.00015447194759197073,9,15,39,1,8.999321555489564,acquisition,2.2936095114520065
61,24,0.9962737105585466,7.9795425298708915,0.00015000396845179668,9,15,39,1,8.86821744273648,acquisition,2.2936095114520065
62,24,0.9964162964139022,7.9795425298708915,0.0001425858553555297,9,15,39,1,8.646158275941977,acquisition,2.2936095114520065
63,24,0.9965553768761504,7.9795425298708915,0.00013908046224823392,9,15,39,1,8.539216438948133,acquisition,2.2936095114520065
64,24,0.9966848213678249,7.9795425298708915,0.00012944449167447377,9,15,39,1,8.238094054514459,acquisition,2.2936095114520065
65,24,0.996806147813615,7.9795425298708915,0.0001213264457901,9,15,39,1,7.975587728211628,acquisition,2.2936095114520065
66,24,0.9969255667879929,7.9795425298708915,0.00011941897437790092,9,15,39,1,7.9126440106099105,acquisition,2.2936095114520065
67,24,0.9970403308302543,7.9795425298708915,0.00011476404226141794,9,15,39,1,7.756894364960391,acquisition,2.2936095114520065
68,24,0.9971456625316916,7.9795425298708915,0.00010533170143723551,9,15,39,1,7.431295114791587,acquisition,2.2936095114520065
69,24,0.9972472389184726,7.9795425298708915,0.0001015763867810209,9,15,39,1,7.297621576421174,acquisition,2.2936095114520065
70,24,0.9973458731478384,7.9795425298708915,9.863422936581008e-05,9,15,39,1,7.191157267487745,acquisition,2.2936095114520065
71,24,0.9974408065176147,7.9795425298708915,9.493336977623144e-05,9,15,39,1,7.054957588337495,acquisition,2.2936095114520065
72,24,0.997532468452175,7.9795425298708915,9.166193456030366e-05,9,15,39,1,6.932333831167716,acquisition,2.2936095114520065
73,24,0.9976210829565231,7.9795425298708915,8.861450434805345e-05,9,15,39,1,6.816122156742221,acquisition,2.2936095114520065
74,24,0.997705513395648,7.9795425298708915,8.443043912486726e-05,9,15,39,1,6.653259807635531,acquisition,2.2936095114520065
75,24,0.9977839033515732,7.9795425298708915,7.838995592524656e-05,9,15,39,1,6.410843408798537,acquisition,2.2936095114520065
76,24,0.9978605357388471,7.9795425298708915,7.663238727396068e-05,9,15,39,1,6.338567745089602,acquisition,2.2936095114520065
77,24,0.9979356102389794,7.9795425298708915,7.507450013224269e-05,9,15,39,1,6.273807418572333,acquisition,2.2936095114520065
78,24,0.9980052222925252,7.9795425298708915,6.961205354586692e-05,9,15,39,1,6.041255194862692,acquisition,2.2936095114520065
79,24,0.9980734872624489,7.9795425298708915,6.82649699237403e-05,9,15,39,1,5.982516573431113,acquisition,2.2936095114520065
80,24,0.998139208894233,7.9795425298708915,6.572163178412402e-05,9,15,39,1,5.87001387433069,acquisition,2.2936095114520065
81,24,0.9982026212524513,7.9795425298708915,6.341235821830634e-05,9,15,39,1,5.7659637932924435,acquisition,2.2936095114520065
82,24,0.9982623603438773,7.9795425298708915,5.973909142594124e-05,9,15,39,1,5.596471099319987,acquisition,2.2936095114520065
83,24,0.998321596358607,7.9795425298708915,5.9236014729717615e-05,9,15,39,1,5.5728566902993455,acquisition,2.2936095114520065
84,24,0.9983789913405916,7.9795425298708915,5.739498198462916e-05,9,15,39,1,5.485572013451034,acquisition,2.2936095114520065
85,24,0.9984337849232727,7.9795425298708915,5.479358268114299e-05,9,15,39,1,5.359815097252057,acquisition,2.2936095114520065
86,24,0.9984863007464078,7.9795425298708915,5.251582313507541e-05,9,15,39,1,5.2472293527005665,acquisition,2.2936095114520065
87,24,0.9985368332710793,7.9795425298708915,5.05325246716165e-05,9,15,39,1,5.147193050103373,acquisition,2.2936095114520065
88,24,0.9985854691002864,7.9795425298708915,4.863582920715919e-05,9,15,39,1,5.049671437169261,acquisition,2.2936095114520065
89,24,0.998632797132136,7.9795425298708915,4.7328031849625176e-05,9,15,39,1,4.9813170108291915,acquisition,2.2936095114520065
90,24,0.9986791432471019,7.9795425298708915,4.6346114965862507e-05,9,15,39,1,4.929372366054538,acquisition,2.2936095114520065
91,24,0.9987245551981196,7.9795425298708915,4.541195101766099e-05,9,15,39,1,4.879440641625578,acquisition,2.2936095114520065
92,24,0.9987666582488336,7.9795425298708915,4.210305071398443e-05,9,15,39,1,4.698310787158876,acquisition,2.2936095114520065
93,24,0.9988068103301524,7.9795425298708915,4.015208131876969e-05,9,15,39,1,4.588164601499723,acquisition,2.2936095114520065
94,24,0.9988447723025219,7.9795425298708915,3.796197236954234e-05,9,15,39,1,4.461278580147468,acquisition,2.2936095114520065
95,24,0.9988820748322967,7.9795425298708915,3.7302529774839086e-05,9,15,39,1,4.422360086038995,acquisition,2.2936095114520065
96,24,0.9989186347541161,7.9795425298708915,3.655992181941484e-05,9,15,39,1,4.378119264119853,acquisition,2.2936095114520065
97,24,0.9989539318706726,7.9795425298708915,3.529711655652573e-05,9,15,39,1,4.301843168362574,acquisition,2.2936095114520065
98,24,0.9989874838433087,7.9795425298708915,3.3551972636105396e-05,9,15,39,1,4.194150286939944,acquisition,2.2936095114520065
99,24,0.9990203802666131,7.9795425298708915,3.2896423304402176e-05,9,15,39,1,4.152974835153519,acquisition,2.2936095114520065
100,24,0.9990522929417549,7.9795425298708915,3.191267514176495e-05,9,15,39,1,4.0904073910462335,acquisition,2.2936095114520065
101,24,0.999083223753468,7.9795425298708915,3.09308117130711e-05,9,15,39,1,4.026990614767138,acquisition,2.2936095114520065
102,24,0.9991123629956108,7.9795425298708915,2.9139242142775998e-05,9,15,39,1,3.9086257155874793,acquisition,2.2936095114520065
103,24,0.9991410451305309,7.9795425298708915,2.868213492016227e-05,9,15,39,1,3.8778472317797705,acquisition,2.2936095114520065
104,24,0.9991688294621015,7.9795425298708915,2.7784331570534606e-05,9,15,39,1,3.8166728482347607,acquisition,2.2936095114520065
105,24,0.9991952103745284,7.9795425298708915,2.638091242691222e-05,9,15,39,1,3.719031569438602,acquisition,2.2936095114520065
106,24,0.9992206651869946,7.9795425298708915,2.545481246618418e-05,9,15,39,1,3.6531702284824843,acquisition,2.2936095114520065
107,24,0.9992452429104447,7.9795425298708915,2.4577723450083377e-05,9,15,39,1,3.5896804136576432,acquisition,2.2936095114520065
108,24,0.9992691683628282,7.9795425298708915,2.392545238353193e-05,9,15,39,1,3.5417266381324777,acquisition,2.2936095114520065
109,24,0.9992917470345077,7.9795425298708915,2.257867167953208e-05,9,15,39,1,3.440599746776499,acquisition,2.2936095114520065
110,24,0.9993140441691329,7.9795425298708915,2.2297134625221476e-05,9,15,39,1,3.419081765384986,acquisition,2.2936095114520065
111,24,0.9993353802950097,7.9795425298708915,2.133612587671661e-05,9,15,39,1,3.3445888781211948,acquisition,2.2936095114520065
112,24,0.9993566502045471,7.9795425298708915,2.126990953747049e-05,9,15,39,1,3.3393949050061935,acquisition,2.2936095114520065
113,24,0.9993767799884644,7.9795425298708915,2.0129783917322254e-05,9,15,39,1,3.24866190152885,acquisition,2.2936095114520065
114,24,0.9993961902136175,7.9795425298708915,1.9410225153006576e-05,9,15,39,1,3.1900702382580084,acquisition,2.2936095114520065
115,24,0.9994151735207699,7.9795425298708915,1.8983307152486067e-05,9,15,39,1,3.1547932008869632,acquisition,2.2936095114520065
116,24,0.9994335899273364,7.9795425298708915,1.841640656647408e-05,9,15,39,1,3.1073301990492674,acquisition,2.2936095114520065
117,24,0.9994508800106862,7.9795425298708915,1.729008334968899e-05,9,15,39,1,3.010811056715738,acquisition,2.2936095114520065
118,24,0.9994676489303511,7.9795425298708915,1.6768919664990385e-05,9,15,39,1,2.9650874107382528,acquisition,2.2936095114520065
119,24,0.9994842323574029,7.9795425298708915,1.658342705184357e-05,9,15,39,1,2.9486423659299477,acquisition,2.2936095114520065
120,24,0.9995001689140449,7.9795425298708915,1.5936556642007805e-05,9,15,39,1,2.8905614348643387,acquisition,2.2936095114520065
121,24,0.9995154534281782,7.9795425298708915,1.5284514133233252e-05,9,15,39,1,2.830810369114221,acquisition,2.2936095114520065
122,24,0.9995305718459613,7.9795425298708915,1.5118417783150448e-05,9,15,39,1,2.815387188770379,acquisition,2.2936095114520065
123,24,0.9995449789065958,7.9795425298708915,1.4407060634443995e-05,9,15,39,1,2.748353872031651,acquisition,2.2936095114520065
124,24,0.9995591362282249,7.9795425298708915,1.4157321629115598e-05,9,15,39,1,2.724429085567425,acquisition,2.2936095114520065
125,24,0.9995729359349043,7.9795425298708915,1.3799706679336357e-05,9,15,39,1,2.6897993634276696,acquisition,2.2936095114520065
126,24,0.9995863300402682,7.9795425298708915,1.3394105363891395e-05,9,15,39,1,2.6499752287566554,acquisition,2.2936095114520065
127,24,0.9995991501010036,7.9795425298708915,1.2820060735445747e-05,9,15,39,1,2.5925670681518302,acquisition,2.2936095114520065
128,24,0.9996116074731662,7.9795425298708915,1.2457372162651035e-05,9,15,39,1,2.555631181608955,acquisition,2.2936095114520065
129,24,0.9996238024568417,7.9795425298708915,1.219498367541537e-05,9,15,39,1,2.5285734320395306,acquisition,2.2936095114520065
130,24,0.9996355255102711,7.9795425298708915,1.1723053429429314e-05,9,15,39,1,2.479164423028177,acquisition,2.2936095114520065
131,24,0.9996471323807627,7.9795425298708915,1.1606870491587675e-05,9,15,39,1,2.4668487826158936,acquisition,2.2936095114520065
132,24,0.9996583836366318,7.9795425298708915,1.125125586909623e-05,9,15,39,1,2.4287647965780303,acquisition,2.2936095114520065
133,24,0.9996690101804393,7.9795425298708915,1.0626543807505745e-05,9,15,39,1,2.3603748430597986,acquisition,2.2936095114520065
134,24,0.9996792822787774,7.9795425298708915,1.0272098338158303e-05,9,15,39,1,2.320676171618164,acquisition,2.2936095114520065
135,24,0.9996894010715677,7.9795425298708915,1.0118792790237925e-05,9,15,39,1,2.3032936491920126,acquisition,2.2936095114520065
136,24,0.9996987968256559,7.9795425298708915,9.395754088242945e-06,9,15,39,1,2.2194776681500348,acquisition,2.2936095114520065
137,24,0.999708143019417,7.9795425298708915,9.346193761115808e-06,9,15,39,1,2.213616325072591,acquisition,2.2936095114520065
138,24,0.9997172823761467,7.9795425298708915,9.139356729600436e-06,9,15,39,1,2.1889849385157385,acquisition,2.2936095114520065
139,24,0.9997261368611752,7.9795425298708915,8.854485028480211e-06,9,15,39,1,2.154599788037637,acquisition,2.2936095114520065
140,24,0.9997347967740517,7.9795425298708915,8.659912876586724e-06,9,15,39,1,2.130795251130408,acquisition,2.2936095114520065
141,24,0.9997431942694347,7.9795425298708915,8.397495382960411e-06,9,15,39,1,2.098262628781618,acquisition,2.2936095114520065
142,24,0.9997512188071144,7.9795425298708915,8.024537679655703e-06,9,15,39,1,2.051138418291493,acquisition,2.2936095114520065
143,24,0.9997589865838932,7.9795425298708915,7.767776778757968e-06,9,15,39,1,2.0180565283909804,acquisition,2.2936095114520065
144,24,0.9997665559113118,7.9795425298708915,7.569327418582719e-06,9,15,39,1,1.992111325612576,acquisition,2.2936095114520065
145,24,0.9997737987547676,7.9795425298708915,7.242843455718494e-06,9,15,39,1,1.9486754244131412,acquisition,2.2936095114520065
146,24,0.9997808030834681,7.9795425298708915,7.0043287005137944e-06,9,15,39,1,1.9163208201485926,acquisition,2.2936095114520065
147,24,0.9997875927049555,7.9795425298708915,6.789621487514409e-06,9,15,39,1,1.8867212487397158,acquisition,2.2936095114520065
148,24,0.9997941953809244,7.9795425298708915,6.602675968834762e-06,9,15,39,1,1.8605654458654333,acquisition,2.2936095114520065
149,24,0.9998006896911215,7.9795425298708915,6.494310197049779e-06,9,15,39,1,1.8452341056328958,acquisition,2.2936095114520065
150,24,0.9998070670326689,7.9795425298708915,6.377341547383665e-06,9,15,39,1,1.828541398272045,acquisition,2.2936095114520065
151,24,0.9998131890435261,7.9795425298708915,6.122010857247543e-06,9,15,39,1,1.7915626777549811,acquisition,2.2936095114520065
152,24,0.999819130928741,7.9795425298708915,5.9418852148228025e-06,9,15,39,1,1.765009664423687,acquisition,2.2936095114520065
153,24,0.9998248267594785,7.9795425298708915,5.695830737476807e-06,9,15,39,1,1.728078616756263,acquisition,2.2936095114520065
154,24,0.9998304446599047,7.9795425298708915,5.617900426222808e-06,9,15,39,1,1.7162161223644015,acquisition,2.2936095114520065
155,24,0.9998359141727968,7.9795425298708915,5.469512892112824e-06,9,15,39,1,1.6933989415315125,acquisition,2.2936095114520065
156,24,0.9998411324165067,7.9795425298708915,5.218243709940045e-06,9,15,39,1,1.6540443035774601,acquisition,2.2936095114520065
157,24,0.999846255018342,7.9795425298708915,5.122601835284012e-06,9,15,39,1,1.6388162407717903,acquisition,2.2936095114520065
158,24,0.9998513355862543,7.9795425298708915,5.08056791229514e-06,9,15,39,1,1.6320786713885433,acquisition,2.2936095114520065
159,24,0.9998562108293652,7.9795425298708915,4.8752431108624085e-06,9,15,39,1,1.5987593502800317,acquisition,2.2936095114520065
160,24,0.9998609551694737,7.9795425298708915,4.744340108577805e-06,9,15,39,1,1.5771495131553126,acquisition,2.2936095114520065
161,24,0.9998656080590553,7.9795425298708915,4.652889581630633e-06,9,15,39,1,1.5618752104358276,acquisition,2.2936095114520065
162,24,0.9998700908574419,7.9795425298708915,4.482798386580452e-06,9,15,39,1,1.5330614470736295,acquisition,2.2936095114520065
163,24,0.9998743989746393,7.9795425298708915,4.308117197338855e-06,9,15,39,1,1.5028952555512285,acquisition,2.2936095114520065
164,24,0.999878549808584,7.9795425298708915,4.15083394476176e-06,9,15,39,1,1.4752058931658498,acquisition,2.2936095114520065
165,24,0.9998826205233649,7.9795425298708915,4.070714780861519e-06,9,15,39,1,1.4608993500677325,acquisition,2.2936095114520065
166,24,0.9998864719768633,7.9795425298708915,3.851453498440308e-06,9,15,39,1,1.4210105037578966,acquisition,2.2936095114520065
167,24,0.9998902160692331,7.9795425298708915,3.744092369764101e-06,9,15,39,1,1.4010648451655905,acquisition,2.2936095114520065
168,24,0.999893823520813,7.9795425298708915,3.6074515798802176e-06,9,15,39,1,1.3752612747809918,acquisition,2.2936095114520065
169,24,0.9998971799448967,7.9795425298708915,3.3564240836421293e-06,9,15,39,1,1.326549233901465,acquisition,2.2936095114520065
170,24,0.9999005142841475,7.9795425298708915,3.3343392507976724e-06,9,15,39,1,1.3221777706202027,acquisition,2.2936095114520065
171,24,0.9999037703987788,7.9795425298708915,3.2561146312899282e-06,9,15,39,1,1.3065763765695955,acquisition,2.2936095114520065
172,24,0.9999069254013495,7.9795425298708915,3.155002570730274e-06,9,15,39,1,1.2861298487334136,acquisition,2.2936095114520065
173,24,0.9999100017122454,7.9795425298708915,3.0763108959402353e-06,9,15,39,1,1.2699893255499093,acquisition,2.2936095114520065
174,24,0.9999130472249842,7.9795425298708915,3.0455127387587214e-06,9,15,39,1,1.2636161532594983,acquisition,2.2936095114520065
175,24,0.9999160012931925,7.9795425298708915,2.9540682082497804e-06,9,15,39,1,1.244500909106482,acquisition,2.2936095114520065
176,24,0.999918848949782,7.9795425298708915,2.847656589579421e-06,9,15,39,1,1.221880590744208,acquisition,2.2936095114520065
177,24,0.9999216579133823,7.9795425298708915,2.8089636002563768e-06,9,15,39,1,1.2135509499197858,acquisition,2.2936095114520065
178,24,0.9999244165681161,7.9795425298708915,2.758654733872609e-06,9,15,39,1,1.2026344303705103,acquisition,2.2936095114520065
179,24,0.9999270988477902,7.9795425298708915,2.6822796740802325e-06,9,15,39,1,1.1858697423259337,acquisition,2.2936095114520065
180,24,0.9999296720566786,7.9795425298708915,2.5732088884551153e-06,9,15,39,1,1.1615087350986022,acquisition,2.2936095114520065
181,24,0.9999321856911608,7.9795425298708915,2.5136344822291265e-06,9,15,39,1,1.147984492673548,acquisition,2.2936095114520065
182,24,0.9999345684700326,7.9795425298708915,2.3827788717330447e-06,9,15,39,1,1.1177040615042848,acquisition,2.2936095114520065
183,24,0.9999368707795935,7.9795425298708915,2.302309560883757e-06,9,15,39,1,1.0986688650619998,acquisition,2.2936095114520065
184,24,0.9999391424163377,7.9795425298708915,2.271636744304289e-06,9,15,39,1,1.0913257466942703,acquisition,2.2936095114520065
185,24,0.999941378208984,7.9795425298708915,2.2357926462393097e-06,9,15,39,1,1.082681511300306,acquisition,2.2936095114520065
186,24,0.9999435060253523,7.9795425298708915,2.1278163683625956e-06,9,15,39,1,1.0562142718861964,acquisition,2.2936095114520065
187,24,0.9999455388821527,7.9795425298708915,2.0328568002894367e-06,9,15,39,1,1.0323770755446615,acquisition,2.2936095114520065
188,24,0.9999475586239063,7.9795425298708915,2.0197417536159874e-06,9,15,39,1,1.0290414785225221,acquisition,2.2936095114520065
189,24,0.9999495434175187,7.9795425298708915,1.9847936124717687e-06,9,15,39,1,1.0200997370333933,acquisition,2.2936095114520065
190,24,0.9999514823513707,7.9795425298708915,1.938933851931019e-06,9,15,39,1,1.008245878425104,acquisition,2.2936095114520065
191,24,0.9999533214195946,7.9795425298708915,1.8390682238910487e-06,9,15,39,1,0.9819375748831438,acquisition,2.2936095114520065
192,24,0.9999551201051865,7.9795425298708915,1.7986855918692976e-06,9,15,39,1,0.9710969424264345,acquisition,2.2936095114520065
193,24,0.999956850482532,7.9795425298708915,1.730377345509996e-06,9,15,39,1,0.9524789119569758,acquisition,2.2936095114520065
194,24,0.9999585256702831,7.9795425298708915,1.675187751071908e-06,9,15,39,1,0.9371663863124776,acquisition,2.2936095114520065
195,24,0.9999601441421893,7.9795425298708915,1.6184719061534678e-06,9,15,39,1,0.9211652396467145,acquisition,2.2936095114520065
196,24,0.9999617469436282,7.9795425298708915,1.6028014388732692e-06,9,15,39,1,0.9166949115076336,acquisition,2.2936095114520065
197,24,0.9999633217391287,7.9795425298708915,1.5747955005219884e-06,9,15,39,1,0.9086508588988798,acquisition,2.2936095114520065
198,24,0.9999648128684354,7.9795425298708915,1.4911293066756704e-06,9,15,39,1,0.8841839186155636,acquisition,2.2936095114520065
199,24,0.9999662307964646,7.9795425298708915,1.417928029266964e-06,9,15,39,1,0.8622080088982691,acquisition,2.2936095114520065
200,24,0.9999676358943139,7.9795425298708915,1.4050978492478656e-06,9,15,39,1,0.8582982821761119,acquisition,2.2936095114520065
201,24,0.9999689664139813,7.9795425298708915,1.3305196673484726e-06,9,15,39,1,0.8352098510882134,acquisition,2.2936095114520065
202,24,0.9999702359405145,7.9795425298708915,1.2695265332360044e-06,9,15,39,1,0.81584160659851,acquisition,2.2936095114520065
203,24,0.9999714863790546,7.9795425298708915,1.2504385401931078e-06,9,15,39,1,0.8096850754217739,acquisition,2.2936095114520065
204,24,0.9999727153300655,7.9795425298708915,1.2289510108110397e-06,9,15,39,1,0.8026981173243762,acquisition,2.2936095114520065
205,24,0.999973901081034,7.9795425298708915,1.1857509684832954e-06,9,15,39,1,0.7884636984441133,acquisition,2.2936095114520065
206,24,0.999975025906247,7.9795425298708915,1.1248252130008954e-06,9,15,39,1,0.7679403370534805,acquisition,2.2936095114520065
207,24,0.9999761123556935,7.9795425298708915,1.0864494464919626e-06,9,15,39,1,0.7547267104074016,acquisition,2.2936095114520065
208,24,0.9999771686380581,7.9795425298708915,1.0562823645998115e-06,9,15,39,1,0.7441748237956628,acquisition,2.2936095114520065
209,24,0.9999782090250998,7.9795425298708915,1.0403870417442338e-06,9,15,39,1,0.7385542913977283,acquisition,2.2936095114520065
210,24,0.9999791958402008,7.9795425298708915,9.86815100980072e-07,9,15,39,1,0.7192880616711498,acquisition,2.2936095114520065
211,24,0.9999801353843747,7.9795425298708915,9.395441738959861e-07,9,15,39,1,0.7018487984199863,acquisition,2.2936095114520065
212,24,0.9999810512171626,7.9795425298708915,9.158327879230134e-07,9,15,39,1,0.6929358849955605,acquisition,2.2936095114520065
213,24,0.9999819465570247,7.9795425298708915,8.953398620367468e-07,9,15,39,1,0.6851393621647509,acquisition,2.2936095114520065
214,24,0.999982804009794,7.9795425298708915,8.574527693950647e-07,9,15,39,1,0.6704865379413665,acquisition,2.2936095114520065
215,24,0.9999836505645386,7.9795425298708915,8.465547446626933e-07,9,15,39,1,0.666212048802567,acquisition,2.2936095114520065
216,24,0.9999844629289878,7.9795425298708915,8.123644491760508e-07,9,15,39,1,0.65262005204377,acquisition,2.2936095114520065
217,24,0.9999852589365472,7.9795425298708915,7.960075593686916e-07,9,15,39,1,0.646016417195641,acquisition,2.2936095114520065
218,24,0.9999860285308957,7.9795425298708915,7.695943485227334e-07,9,15,39,1,0.6352079043890171,acquisition,2.2936095114520065
219,24,0.9999867872882995,7.9795425298708915,7.587574037588439e-07,9,15,39,1,0.6307197489391914,acquisition,2.2936095114520065
220,24,0.9999875239900419,7.9795425298708915,7.367017423343809e-07,9,15,39,1,0.6214852235451843,acquisition,2.2936095114520065
221,24,0.9999881914101817,7.9795425298708915,6.674201398287114e-07,9,15,39,1,0.5915406750769682,acquisition,2.2936095114520065
222,24,0.9999888366615968,7.9795425298708915,6.452514150389153e-07,9,15,39,1,0.5816335391704321,acquisition,2.2936095114520065
223,24,0.9999894365536105,7.9795425298708915,5.998920137663476e-07,9,15,39,1,0.560817424937502,acquisition,2.2936095114520065
224,24,0.9999900288383315,7.9795425298708915,5.922847210841661e-07,9,15,39,1,0.5572501878400538,acquisition,2.2936095114520065
225,24,0.9999905881074093,7.9795425298708915,5.592690777027203e-07,9,15,39,1,0.541496136838116,acquisition,2.2936095114520065
226,24,0.9999911133552005,7.9795425298708915,5.25247791224838e-07,9,15,39,1,0.5247676761822204,acquisition,2.2936095114520065
227,24,0.9999916151762146,7.9795425298708915,5.01821014058252e-07,9,15,39,1,0.5129315118206063,acquisition,2.2936095114520065
228,24,0.999992094885969,7.9795425298708915,4.797097543988182e-07,9,15,39,1,0.501503806280917,acquisition,2.2936095114520065
229,24,0.9999925680499858,7.9795425298708915,4.7316401688896965e-07,9,15,39,1,0.49807049308976736,acquisition,2.2936095114520065
230,24,0.9999930139954579,7.9795425298708915,4.45945472099323e-07,9,15,39,1,0.4835326872880568,acquisition,2.2936095114520065
231,24,0.9999934543104079,7.9795425298708915,4.403149499568925e-07,9,15,39,1,0.48047044080047124,acquisition,2.2936095114520065
232,24,0.9999938748448812,7.9795425298708915,4.205344733192941e-07,9,15,39,1,0.469554233233634,acquisition,2.2936095114520065
233,24,0.9999942909053678,7.9795425298708915,4.160604866011537e-07,9,15,39,1,0.4670498050520368,acquisition,2.2936095114520065
234,24,0.9999946826660503,7.9795425298708915,3.9176068247542455e-07,9,15,39,1,0.4532057200584248,acquisition,2.2936095114520065
235,24,0.9999950593642752,7.9795425298708915,3.766982249728112e-07,9,15,39,1,0.44440787456405983,acquisition,2.2936095114520065
236,24,0.9999954284019688,7.9795425298708915,3.6903769355447626e-07,9,15,39,1,0.43986592761691506,acquisition,2.2936095114520065
237,24,0.9999957946064063,7.9795425298708915,3.662044375091091e-07,9,15,39,1,0.43817415730822795,acquisition,2.2936095114520065
238,24,0.999996135141078,7.9795425298708915,3.405346717120477e-07,9,15,39,1,0.4225378586145459,acquisition,2.2936095114520065
239,24,0.9999964579642391,7.9795425298708915,3.228231610633127e-07,9,15,39,1,0.4114028554441036,acquisition,2.2936095114520065
240,24,0.9999967746541188,7.9795425298708915,3.166898797926469e-07,9,15,39,1,0.40747601609999967,acquisition,2.2936095114520065
241,24,0.9999970826271016,7.9795425298708915,3.079729827820114e-07,9,15,39,1,0.4018289924791579,acquisition,2.2936095114520065
242,24,0.9999973749945135,7.9795425298708915,2.9236741183414666e-07,9,15,39,1,0.3915159327737519,acquisition,2.2936095114520065
243,24,0.9999976623517036,7.9795425298708915,2.8735719016813834e-07,9,15,39,1,0.3881467847591589,acquisition,2.2936095114520065
244,24,0.9999979277390006,7.9795425298708915,2.6538729704681753e-07,9,15,39,1,0.3730139075075912,acquisition,2.2936095114520065
245,24,0.9999981895070179,7.9795425298708915,2.6176801725564624e-07,9,15,39,1,0.37046164475007154,acquisition,2.2936095114520065
246,24,0.9999984234308248,7.9795425298708915,2.339238068914954e-07,9,15,39,1,0.3502048612848318,acquisition,2.2936095114520065
247,24,0.9999986517262013,7.9795425298708915,2.2829537646160835e-07,9,15,39,1,0.3459660768548033,acquisition,2.2936095114520065
248,24,0.9999988635721009,7.9795425298708915,2.1184589965555232e-07,9,15,39,1,0.3332690550270309,acquisition,2.2936095114520065
249,24,0.9999990646305322,7.9795425298708915,2.010584313634427e-07,9,15,39,1,0.3246729475374821,acquisition,2.2936095114520065
250,24,0.9999992440029581,7.9795425298708915,1.793724259024797e-07,9,15,39,1,0.30666400250365095,acquisition,2.2936095114520065
251,24,0.9999994174900023,7.9795425298708915,1.7348704416260113e-07,9,15,39,1,0.3015910731602011,acquisition,2.2936095114520065
252,24,0.9999995827663436,7.9795425298708915,1.6527634129999265e-07,9,15,39,1,0.29436780127502143,acquisition,2.2936095114520065
253,24,0.9999997339565125,7.9795425298708915,1.5119016890994126e-07,9,15,39,1,0.28154429718510593,acquisition,2.2936095114520065
254,24,0.9999998731165706,7.9795425298708915,1.391600580320911e-07,9,15,39,1,0.27011099293721635,acquisition,2.2936095114520065
255,24,1.0000000000000002,7.9795425298708915,1.26883429550537e-07,9,15,39,1,0.2579214211968287,acquisition,2.2936095114520065
256,24,1.0000000000000002,7.9795425298708915,2.2699577279916045e-32,9,15,39,1,1.0909223607999159e-13,acquisition,2.2936095114520065
1,24,0.397735559778783,7.8369105764261775,0.397735559778783,9,10,12,1,34.954880054728,structural,2.5142333276818176
2,24,0.4944808712698495,7.8369105764261775,0.09674531149106654,9,10,12,1,17.239535866738304,structural,2.5142333276818176
3,24,0.5754832991083006,7.8369105764261775,0.08100242783845112,9,10,12,1,15.774646060045907,structural,2.5142333276818176
4,24,0.6457735663280638,7.8369105764261775,0.0702902672197632,9,10,12,1,14.694614690392958,structural,2.5142333276818176
5,24,0.7113614820739174,7.8369105764261775,0.06558791574585356,9,10,12,1,14.194579147380951,structural,2.5142333276818176
6,24,0.7735133588861545,7.8369105764261775,0.062151876812237127,9,10,12,1,13.817762683126109,structural,2.5142333276818176
7,24,0.8232017968100888,7.8369105764261775,0.04968843792393426,9,10,12,1,12.35487277564306,structural,2.5142333276818176
8,24,0.8719179034782303,7.8369105764261775,0.04871610666814155,9,10,12,1,12.233391994231642,structural,2.5142333276818176
9,24,0.9177062954153683,7.8369105764261775,0.04578839193713802,9,10,12,1,11.860098651819385,structural,2.5142333276818176
10,24,0.9552338071914632,7.8369105764261775,0.037527511776094945,9,10,12,1,10.737062735039023,structural,2.5142333276818176
11,24,0.989145463750915,7.8369105764261775,0.03391165655945184,9,10,12,1,10.206694320426964,structural,2.5142333276818176
12,24,0.9999999999999999,7.8369105764261775,0.010854536249084784,9,10,12,1,5.774524686689672,structural,2.5142333276818176
1,32,0.5955862081299327,4.608061111091684,0.5955862081299327,5,9,20,1,558.8011291041081,acquisition,1.6790180604414544
2,32,0.7513709610208525,4.608061111091684,0.15578475289091986,5,9,20,1,285.79026667063835,acquisition,1.6790180604414544
3,32,0.8464246998051479,4.608061111091684,0.09505373878429534,5,9,20,1,223.238739021122,acquisition,1.6790180604414544
4,32,0.8773292525528382,4.608061111091684,0.03090455274769036,5,9,20,1,127.29055798047662,acquisition,1.6790180604414544
5,32,0.9002061413877825,4.608061111091684,0.022876888834944303,5,9,20,1,109.51747939710481,acquisition,1.6790180604414544
6,32,0.9184113293673513,4.608061111091684,0.018205187979568743,5,9,20,1,97.69729574267721,acquisition,1.6790180604414544
7,32,0.9327314666487119,4.608061111091684,0.014320137281360607,5,9,20,1,86.64800133280622,acquisition,1.6790180604414544
8,32,0.9435308068156851,4.608061111091684,0.01079934016697328,5,9,20,1,75.24602619050448,acquisition,1.6790180604414544
9,32,0.9530061020763323,4.608061111091684,0.009475295260647151,5,9,20,1,70.482505642281,acquisition,1.6790180604414544
10,32,0.9601790476775126,4.608061111091684,0.0071729456011802705,5,9,20,1,61.324459258534034,acquisition,1.6790180604414544
11,32,0.9670646779064314,4.608061111091684,0.006885630228918703,5,9,20,1,60.08371910475689,acquisition,1.6790180604414544
12,32,0.972380957878999,4.608061111091684,0.005316279972567655,5,9,20,1,52.794524282898415,acquisition,1.6790180604414544
13,32,0.9760402882753365,4.608061111091684,0.0036593303963374487,5,9,20,1,43.80117595264958,acquisition,1.6790180604414544
14,32,0.9790905214370546,4.608061111091684,0.003050233161718001,5,9,20,1,39.99000680033459,acquisition,1.6790180604414544
15,32,0.9819592452062595,4.608061111091684,0.002868723769205008,5,9,20,1,38.78192165827984,acquisition,1.6790180604414544
16,32,0.9842871058757331,4.608061111091684,0.002327860669473513,5,9,20,1,34.9352173984495,acquisition,1.6790180604414544
17,32,0.986297808511933,4.608061111091684,0.0020107026361999097,5,9,20,1,32.46825008724643,acquisition,1.6790180604414544
18,32,0.9877582193210169,4.608061111091684,0.0014604108090838475,5,9,20,1,27.670848600520948,acquisition,1.6790180604414544
19,32,0.9889332349045554,4.608061111091684,0.001175015583538525,5,9,20,1,24.820285458919404,acquisition,1.6790180604414544
20,32,0.9900520784707029,4.608061111091684,0.0011188435661473916,5,9,20,1,24.219749288716503,acquisition,1.6790180604414544
21,32,0.9910527507176072,4.608061111091684,0.0010006722469043784,5,9,20,1,22.905031128226014,acquisition,1.6790180604414544
22,32,0.9918632914309282,4.608061111091684,0.0008105407133209887,5,9,20,1,20.61447960792691,acquisition,1.6790180604414544
23,32,0.9925412189598386,4.608061111091684,0.0006779275289103872,5,9,20,1,18.852831837084025,acquisition,1.6790180604414544
24,32,0.9931640969769553,4.608061111091684,0.0006228780171166432,5,9,20,1,18.071177876332538,acquisition,1.6790180604414544
25,32,0.993727493828878,4.608061111091684,0.0005633968519227261,5,9,20,1,17.186686961158692,acquisition,1.6790180604414544
26,32,0.9942514288652686,4.608061111091684,0.0005239350363905647,5,9,20,1,16.57386051465187,acquisition,1.6790180604414544
27,32,0.9947625375191524,4.608061111091684,0.0005111086538838284,5,9,20,1,16.369732249717604,acquisition,1.6790180604414544
28,32,0.9952050096883955,4.608061111091684,0.00044247216924310734,5,9,20,1,15.23098318127002,acquisition,1.6790180604414544
29,32,0.9955952246659681,4.608061111091684,0.00039021497757256695,5,9,20,1,14.303322346978199,acquisition,1.6790180604414544
30,32,0.9959311365125831,4.608061111091684,0.00033591184661513286,5,9,20,1,13.270815733712633,acquisition,1.6790180604414544
31,32,0.9962335109838011,4.608061111091684,0.00030237447121790416,5,9,20,1,12.590921601133592,acquisition,1.6790180604414544
32,32,0.9965240712443967,4.608061111091684,0.0002905602605955587,5,9,20,1,12.34249804160909,acquisition,1.6790180604414544
33,32,0.9967898290744709,4.608061111091684,0.0002657578300742032,5,9,20,1,11.803967181161756,acquisition,1.6790180604414544
34,32,0.9970158458062318,4.608061111091684,0.00022601673176092876,5,9,20,1,10.885672246649436,acquisition,1.6790180604414544
35,32,0.997224533053707,4.608061111091684,0.0002086872474751751,5,9,20,1,10.460029617752742,acquisition,1.6790180604414544
36,32,0.9974283543455907,4.608061111091684,0.00020382129188375995,5,9,20,1,10.33736221089078,acquisition,1.6790180604414544
37,32,0.9976242937778691,4.608061111091684,0.00019593943227832046,5,9,20,1,10.135516418532212,acquisition,1.6790180604414544
38,32,0.997799666953424,4.608061111091684,0.00017537317555496007,5,9,20,1,9.588850372456486,acquisition,1.6790180604414544
39,32,0.9979576038047703,4.608061111091684,0.00015793685134619435,5,9,20,1,9.099692078229545,acquisition,1.6790180604414544
40,32,0.998091023685319,4.608061111091684,0.00013341988054874564,5,9,20,1,8.363638103907936,acquisition,1.6790180604414544
41,32,0.9982051436333741,4.608061111091684,0.00011411994805512848,5,9,20,1,7.735096594479424,acquisition,1.6790180604414544
42,32,0.9983136275220118,4.608061111091684,0.00010848388863776248,5,9,20,1,7.54167096909665,acquisition,1.6790180604414544
43,32,0.9984196349636114,4.608061111091684,0.00010600744159961541,5,9,20,1,7.455094200704586,acquisition,1.6790180604414544
44,32,0.9985138978855048,4.608061111091684,9.426292189339273e-05,5,9,20,1,7.030001336674345,acquisition,1.6790180604414544
45,32,0.9985992725689274,4.608061111091684,8.537468342260915e-05,5,9,20,1,6.690360380597812,acquisition,1.6790180604414544
46,32,0.9986828729240871,4.608061111091684,8.360035515963771e-05,5,9,20,1,6.620473019802749,acquisition,1.6790180604414544
47,32,0.9987571423938415,4.608061111091684,7.426946975447266e-05,5,9,20,1,6.240079467333165,acquisition,1.6790180604414544
48,32,0.9988284704190197,4.608061111091684,7.13280251781431e-05,5,9,20,1,6.115261863943219,acquisition,1.6790180604414544
49,32,0.9988957973494315,4.608061111091684,6.732693041178482e-05,5,9,20,1,5.941271050182261,acquisition,1.6790180604414544
50,32,0.9989569083148044,4.608061111091684,6.111096537301497e-05,5,9,20,1,5.6603662260923775,acquisition,1.6790180604414544
51,32,0.9990124185501883,4.608061111091684,5.55102353839062e-05,5,9,20,1,5.39475210634904,acquisition,1.6790180604414544
52,32,0.9990661327158993,4.608061111091684,5.371416571102318e-05,5,9,20,1,5.306759134566116,acquisition,1.6790180604414544
53,32,0.9991177944954284,4.608061111091684,5.166177952910694e-05,5,9,20,1,5.204387674429761,acquisition,1.6790180604414544
54,32,0.9991668291822742,4.608061111091684,4.9034686845815295e-05,5,9,20,1,5.070335087252006,acquisition,1.6790180604414544
55,32,0.9992139540872179,4.608061111091684,4.7124904943785764e-05,5,9,20,1,4.970615873628493,acquisition,1.6790180604414544
56,32,0.9992578030588839,4.608061111091684,4.384897166598706e-05,5,9,20,1,4.794735619074009,acquisition,1.6790180604414544
57,32,0.9992979896623447,4.608061111091684,4.018660346080194e-05,5,9,20,1,4.590136594400751,acquisition,1.6790180604414544
58,32,0.9993375012010628,4.608061111091684,3.9511538718090165e-05,5,9,20,1,4.551420175223339,acquisition,1.6790180604414544
59,32,0.9993726120207634,4.608061111091684,3.511081970062067e-05,5,9,20,1,4.290475665843941,acquisition,1.6790180604414544
60,32,0.9994055086728695,4.608061111091684,3.289665210607566e-05,5,9,20,1,4.1529892775433686,acquisition,1.6790180604414544
61,32,0.9994357274583251,4.608061111091684,3.0218785455601555e-05,5,9,20,1,3.98037015727764,acquisition,1.6790180604414544
62,32,0.9994644167306923,4.608061111091684,2.8689272367197646e-05,5,9,20,1,3.878329695997146,acquisition,1.6790180604414544
63,32,0.9994916850813824,4.608061111091684,2.7268350690069686e-05,5,9,20,1,3.7810671835601193,acquisition,1.6790180604414544
64,32,0.999517615645923,4.608061111091684,2.5930564540627286e-05,5,9,20,1,3.687151179688242,acquisition,1.6790180604414544
65,32,0.9995416399453846,4.608061111091684,2.4024299461541416e-05,5,9,20,1,3.5490353500764997,acquisition,1.6790180604414544
66,32,0.999565031224326,4.608061111091684,2.3391278941425124e-05,5,9,20,1,3.501966141132991,acquisition,1.6790180604414544
67,32,0.9995864534525263,4.608061111091684,2.142222820027751e-05,5,9,20,1,3.351330657912927,acquisition,1.6790180604414544
68,32,0.9996074093341276,4.608061111091684,2.0955881601377802e-05,5,9,20,1,3.314651905256895,acquisition,1.6790180604414544
69,32,0.9996268151838691,4.608061111091684,1.9405849741436206e-05,5,9,20,1,3.189710668577654,acquisition,1.6790180604414544
70,32,0.9996449105221458,4.608061111091684,1.8095338276628082e-05,5,9,20,1,3.080124788766972,acquisition,1.6790180604414544
71,32,0.9996620647617851,4.608061111091684,1.7154239639331723e-05,5,9,20,1,2.998960151790275,acquisition,1.6790180604414544
72,32,0.9996781245805901,4.608061111091684,1.6059818805013348e-05,5,9,20,1,2.901718504893753,acquisition,1.6790180604414544
73,32,0.999693827478496,4.608061111091684,1.5702897905857217e-05,5,9,20,1,2.8692927590725326,acquisition,1.6790180604414544
74,32,0.9997091242021939,4.608061111091684,1.5296723697939497e-05,5,9,20,1,2.8319407963700973,acquisition,1.6790180604414544
75,32,0.9997230844276553,4.608061111091684,1.3960225461411805e-05,5,9,20,1,2.7053980643729068,acquisition,1.6790180604414544
76,32,0.9997360843373949,4.608061111091684,1.2999909739616724e-05,5,9,20,1,2.6106889277668013,acquisition,1.6790180604414544
77,32,0.9997481562101634,4.608061111091684,1.2071872768541029e-05,5,9,20,1,2.515777818105732,acquisition,1.6790180604414544
78,32,0.9997598571804024,4.608061111091684,1.1700970238948176e-05,5,9,20,1,2.4768282711237086,acquisition,1.6790180604414544
79,32,0.9997709486102921,4.608061111091684,1.109142988977774e-05,5,9,20,1,2.4114525900485355,acquisition,1.6790180604414544
80,32,0.999781712819445,4.608061111091684,1.0764209152786428e-05,5,9,20,1,2.3756148021714485,acquisition,1.6790180604414544
81,32,0.9997918765531155,4.608061111091684,1.0163733670545002e-05,5,9,20,1,2.3084028241757757,acquisition,1.6790180604414544
82,32,0.999801459431985,4.608061111091684,9.58287886946249e-06,5,9,20,1,2.2414701418294087,acquisition,1.6790180604414544
83,32,0.9998105252522661,4.608061111091684,9.065820281117755e-06,5,9,20,1,2.180160724246418,acquisition,1.6790180604414544
84,32,0.9998192971145,4.608061111091684,8.77186223395239e-06,5,9,20,1,2.1445237482747608,acquisition,1.6790180604414544
85,32,0.999827449907138,4.608061111091684,8.15279263795141e-06,5,9,20,1,2.0674649565509613,acquisition,1.6790180604414544
86,32,0.9998353825851557,4.608061111091684,7.932678017712708e-06,5,9,20,1,2.039364580586453,acquisition,1.6790180604414544
87,32,0.9998424295995928,4.608061111091684,7.047014437100473e-06,5,9,20,1,1.9221511660633073,acquisition,1.6790180604414544
88,32,0.9998494125036472,4.608061111091684,6.982904054473385e-06,5,9,20,1,1.913387781112794,acquisition,1.6790180604414544
89,32,0.9998562485180398,4.608061111091684,6.836014392507998e-06,5,9,20,1,1.893156177873139,acquisition,1.6790180604414544
90,32,0.9998626284609478,4.608061111091684,6.379942908022242e-06,5,9,20,1,1.8289142974347279,acquisition,1.6790180604414544
91,32,0.9998689136022898,4.608061111091684,6.285141342068024e-06,5,9,20,1,1.8152752364173756,acquisition,1.6790180604414544
92,32,0.9998748540694545,4.608061111091684,5.940467164778457e-06,5,9,20,1,1.7647990392357331,acquisition,1.6790180604414544
93,32,0.9998805511169553,4.608061111091684,5.697047500704538e-06,5,9,20,1,1.728263185990311,acquisition,1.6790180604414544
94,32,0.9998859277387411,4.608061111091684,5.376621785784058e-06,5,9,20,1,1.6789574988144136,acquisition,1.6790180604414544
95,32,0.999890795311111,4.608061111091684,4.867572369927285e-06,5,9,20,1,1.5975011056911466,acquisition,1.6790180604414544
96,32,0.9998955506570032,4.608061111091684,4.7553458922230924e-06,5,9,20,1,1.5789777665128348,acquisition,1.6790180604414544
97,32,0.9999001278220756,4.608061111091684,4.577165072436731e-06,5,9,20,1,1.5491135276336943,acquisition,1.6790180604414544
98,32,0.9999044893092333,4.608061111091684,4.361487157678978e-06,5,9,20,1,1.5121757103343498,acquisition,1.6790180604414544
99,32,0.9999086298747192,4.608061111091684,4.140565485976525e-06,5,9,20,1,1.473380058746439,acquisition,1.6790180604414544
100,32,0.9999126670952662,4.608061111091684,4.037220546951654e-06,5,9,20,1,1.454876725403286,acquisition,1.6790180604414544
101,32,0.9999164863904021,4.608061111091684,3.819295135916043e-06,5,9,20,1,1.4150655844232627,acquisition,1.6790180604414544
102,32,0.9999201112296175,4.608061111091684,3.624839215488934e-06,5,9,20,1,1.3785716167868327,acquisition,1.6790180604414544
103,32,0.999923521293554,4.608061111091684,3.410063936503271e-06,5,9,20,1,1.3371071763854334,acquisition,1.6790180604414544
104,32,0.9999266821462104,4.608061111091684,3.1608526564087983e-06,5,9,20,1,1.2873216837773127,acquisition,1.6790180604414544
105,32,0.9999297911375801,4.608061111091684,3.1089913696786535e-06,5,9,20,1,1.2767172228908332,acquisition,1.6790180604414544
106,32,0.9999327295650573,4.608061111091684,2.9384274772776127e-06,5,9,20,1,1.2412019437653667,acquisition,1.6790180604414544
107,32,0.9999355054727268,4.608061111091684,2.775907669485958e-06,5,9,20,1,1.2063892739159503,acquisition,1.6790180604414544
108,32,0.999938210864041,4.608061111091684,2.7053913142317004e-06,5,9,20,1,1.1909677583192206,acquisition,1.6790180604414544
109,32,0.9999407444623655,4.608061111091684,2.5335983244203795e-06,5,9,20,1,1.1525342503863873,acquisition,1.6790180604414544
110,32,0.9999431921170847,4.608061111091684,2.447654719201418e-06,5,9,20,1,1.1328177247115587,acquisition,1.6790180604414544
111,32,0.9999455343998986,4.608061111091684,2.3422828138781595e-06,5,9,20,1,1.1081654984353881,acquisition,1.6790180604414544
112,32,0.9999478198752151,4.608061111091684,2.285475316391895e-06,5,9,20,1,1.094644820332364,acquisition,1.6790180604414544
113,32,0.9999499097048821,4.608061111091684,2.089829667030856e-06,5,9,20,1,1.046743816064023,acquisition,1.6790180604414544
114,32,0.9999519273149122,4.608061111091684,2.0176100302097738e-06,5,9,20,1,1.0284982875623185,acquisition,1.6790180604414544
115,32,0.9999539170380006,4.608061111091684,1.9897230884111194e-06,5,9,20,1,1.0213657222449208,acquisition,1.6790180604414544
116,32,0.9999558412378219,4.608061111091684,1.92419982123824e-06,5,9,20,1,1.0044077239235838,acquisition,1.6790180604414544
117,32,0.9999577244357722,4.608061111091684,1.883197950310385e-06,5,9,20,1,0.9936488750923693,acquisition,1.6790180604414544
118,32,0.999959365668501,4.608061111091684,1.641232728669131e-06,5,9,20,1,0.9276198708784117,acquisition,1.6790180604414544
119,32,0.9999609680781228,4.608061111091684,1.6024096219290797e-06,5,9,20,1,0.9165828581541077,acquisition,1.6790180604414544
120,32,0.9999625268160466,4.608061111091684,1.5587379237477624e-06,5,9,20,1,0.904006409582292,acquisition,1.6790180604414544
121,32,0.999963980149741,4.608061111091684,1.4533336944160206e-06,5,9,20,1,0.872906304237738,acquisition,1.6790180604414544
122,32,0.9999653775650268,4.608061111091684,1.3974152858699893e-06,5,9,20,1,0.8559486347896145,acquisition,1.6790180604414544
123,32,0.9999666890591843,4.608061111091684,1.3114941574819962e-06,5,9,20,1,0.8292168889005582,acquisition,1.6790180604414544
124,32,0.9999679823444799,4.608061111091684,1.2932852955901915e-06,5,9,20,1,0.8234403202748759,acquisition,1.6790180604414544
125,32,0.9999692058476055,4.608061111091684,1.2235031255834946e-06,5,9,20,1,0.8009169786600351,acquisition,1.6790180604414544
126,32,0.9999704075769507,4.608061111091684,1.201729345138482e-06,5,9,20,1,0.7937583227305175,acquisition,1.6790180604414544
127,32,0.9999715738100762,4.608061111091684,1.1662331255387571e-06,5,9,20,1,0.7819475896263532,acquisition,1.6790180604414544
128,32,0.9999726773795641,4.608061111091684,1.1035694878834681e-06,5,9,20,1,0.7606498798155743,acquisition,1.6790180604414544
129,32,0.9999737561538093,4.608061111091684,1.0787742453072847e-06,5,9,20,1,0.7520561092921628,acquisition,1.6790180604414544
130,32,0.9999747751652909,4.608061111091684,1.0190114815108163e-06,5,9,20,1,0.7309278292816211,acquisition,1.6790180604414544
131,32,0.9999757570141281,4.608061111091684,9.818488372393098e-07,5,9,20,1,0.7174758275917894,acquisition,1.6790180604414544
132,32,0.9999766831557552,4.608061111091684,9.261416270456437e-07,5,9,20,1,0.6968249000721102,acquisition,1.6790180604414544
133,32,0.9999775743898115,4.608061111091684,8.912340563872881e-07,5,9,20,1,0.68356661778877,acquisition,1.6790180604414544
134,32,0.9999784569643266,4.608061111091684,8.82574515179644e-07,5,9,20,1,0.6802376256974507,acquisition,1.6790180604414544
135,32,0.999979283246217,4.608061111091684,8.262818903786292e-07,5,9,20,1,0.6581866602589501,acquisition,1.6790180604414544
136,32,0.9999800993795437,4.608061111091684,8.161333266781323e-07,5,9,20,1,0.6541321805089737,acquisition,1.6790180604414544
137,32,0.9999808949388277,4.608061111091684,7.955592839711726e-07,5,9,20,1,0.6458344879879658,acquisition,1.6790180604414544
138,32,0.9999816449853195,4.608061111091684,7.500464917912013e-07,5,9,20,1,0.6270888095702436,acquisition,1.6790180604414544
139,32,0.9999823464423453,4.608061111091684,7.014570258055334e-07,5,9,20,1,0.6064367247665097,acquisition,1.6790180604414544
140,32,0.9999830307799701,4.608061111091684,6.843376247482621e-07,5,9,20,1,0.5989908218028193,acquisition,1.6790180604414544
141,32,0.9999836872584676,4.608061111091684,6.564784975246316e-07,5,9,20,1,0.5866717979502628,acquisition,1.6790180604414544
142,32,0.999984324103938,4.608061111091684,6.368454703815189e-07,5,9,20,1,0.5778325345421333,acquisition,1.6790180604414544
143,32,0.999984932113857,4.608061111091684,6.080099189227653e-07,5,9,20,1,0.5645992422702839,acquisition,1.6790180604414544
144,32,0.9999855261280619,4.608061111091684,5.94014204970119e-07,5,9,20,1,0.5580631859345084,acquisition,1.6790180604414544
145,32,0.9999860976867835,4.608061111091684,5.715587215457443e-07,5,9,20,1,0.5474133529626174,acquisition,1.6790180604414544
146,32,0.9999866514798862,4.608061111091684,5.53793102714782e-07,5,9,20,1,0.5388386384031193,acquisition,1.6790180604414544
147,32,0.9999871784668768,4.608061111091684,5.269869906165437e-07,5,9,20,1,0.5256357629921754,acquisition,1.6790180604414544
148,32,0.9999876828299525,4.608061111091684,5.04363075710791e-07,5,9,20,1,0.5142290425853631,acquisition,1.6790180604414544
149,32,0.9999881670337734,4.608061111091684,4.842038207917969e-07,5,9,20,1,0.503847449924369,acquisition,1.6790180604414544
150,32,0.9999886309303808,4.608061111091684,4.638966074216627e-07,5,9,20,1,0.49316875865355525,acquisition,1.6790180604414544
151,32,0.9999890765644287,4.608061111091684,4.4563404791386085e-07,5,9,20,1,0.48336382126992317,acquisition,1.6790180604414544
152,32,0.9999895050710166,4.608061111091684,4.28506587831294e-07,5,9,20,1,0.47398403129313693,acquisition,1.6790180604414544
153,32,0.999989930399589,4.608061111091684,4.253285724532567e-07,5,9,20,1,0.47222311103372844,acquisition,1.6790180604414544
154,32,0.9999903344810792,4.608061111091684,4.040814901553035e-07,5,9,20,1,0.4602771733537779,acquisition,1.6790180604414544
155,32,0.9999907290689576,4.608061111091684,3.9458787832441364e-07,5,9,20,1,0.45483809157869587,acquisition,1.6790180604414544
156,32,0.9999911060527557,4.608061111091684,3.769837980501427e-07,5,9,20,1,0.4445762943658975,acquisition,1.6790180604414544
157,32,0.9999914822152193,4.608061111091684,3.761624636285633e-07,5,9,20,1,0.4440917312120235,acquisition,1.6790180604414544
158,32,0.9999918467409418,4.608061111091684,3.6452572253912153e-07,5,9,20,1,0.4371686882870168,acquisition,1.6790180604414544
159,32,0.9999921972186645,4.608061111091684,3.504777227246724e-07,5,9,20,1,0.42866217968450754,acquisition,1.6790180604414544
160,32,0.9999925253153735,4.608061111091684,3.2809670900839087e-07,5,9,20,1,0.41474952365565315,acquisition,1.6790180604414544
161,32,0.9999928384426664,4.608061111091684,3.1312729287515457e-07,5,9,20,1,0.4051775933179536,acquisition,1.6790180604414544
162,32,0.9999931307518423,4.608061111091684,2.9230917584824127e-07,5,9,20,1,0.3914769382570609,acquisition,1.6790180604414544
163,32,0.9999934189362197,4.608061111091684,2.881843775058764e-07,5,9,20,1,0.38870504359192576,acquisition,1.6790180604414544
164,32,0.999993699770939,4.608061111091684,2.8083471928560275e-07,5,9,20,1,0.38371639697152643,acquisition,1.6790180604414544
165,32,0.9999939735543367,4.608061111091684,2.7378339775769865e-07,5,9,20,1,0.3788685128690273,acquisition,1.6790180604414544
166,32,0.9999942386181617,4.608061111091684,2.6506382504163323e-07,5,9,20,1,0.37278651089253184,acquisition,1.6790180604414544
167,32,0.9999944846533986,4.608061111091684,2.460352368970705e-07,5,9,20,1,0.35915640364928936,acquisition,1.6790180604414544
168,32,0.9999947272018421,4.608061111091684,2.4254844359132913e-07,5,9,20,1,0.3566023533203486,acquisition,1.6790180604414544
169,32,0.9999949654211024,4.608061111091684,2.3821926035696503e-07,5,9,20,1,0.35340557377329584,acquisition,1.6790180604414544
170,32,0.9999951927427212,4.608061111091684,2.2732161878555428e-07,5,9,20,1,0.3452274567149036,acquisition,1.6790180604414544
171,32,0.999995406220384,4.608061111091684,2.1347766279236369e-07,5,9,20,1,0.33455011114941025,acquisition,1.6790180604414544
172,32,0.9999956151724427,4.608061111091684,2.0895205881195636e-07,5,9,20,1,0.3309849800374678,acquisition,1.6790180604414544
173,32,0.9999958136664747,4.608061111091684,1.984940319438293e-07,5,9,20,1,0.32259578270610784,acquisition,1.6790180604414544
174,32,0.9999959999870882,4.608061111091684,1.863206134804055e-07,5,9,20,1,0.312547055337936,acquisition,1.6790180604414544
175,32,0.9999961760227272,4.608061111091684,1.76035638939328e-07,5,9,20,1,0.3037982440176743,acquisition,1.6790180604414544
176,32,0.9999963462364893,4.608061111091684,1.7021376210277755e-07,5,9,20,1,0.298732376727634,acquisition,1.6790180604414544
177,32,0.9999965144498337,4.608061111091684,1.6821334450172073e-07,5,9,20,1,0.29697177974029476,acquisition,1.6790180604414544
178,32,0.9999966726612899,4.608061111091684,1.5821145612322394e-07,5,9,20,1,0.28800758307366287,acquisition,1.6790180604414544
179,32,0.9999968290249254,4.608061111091684,1.5636363549541987e-07,5,9,20,1,0.2863207602089354,acquisition,1.6790180604414544
180,32,0.9999969703267001,4.608061111091684,1.4130177476783955e-07,5,9,20,1,0.2721816027755753,acquisition,1.6790180604414544
181,32,0.9999971085402691,4.608061111091684,1.3821356906418598e-07,5,9,20,1,0.2691908536661748,acquisition,1.6790180604414544
182,32,0.999997241972956,4.608061111091684,1.3343268695132052e-07,5,9,20,1,0.2644941522535686,acquisition,1.6790180604414544
183,32,0.9999973645692959,4.608061111091684,1.2259633985929815e-07,5,9,20,1,0.253526704376781,acquisition,1.6790180604414544
184,32,0.9999974863970629,4.608061111091684,1.2182776694561487e-07,5,9,20,1,0.25273075846913157,acquisition,1.6790180604414544
185,32,0.9999976015791525,4.608061111091684,1.1518208965210836e-07,5,9,20,1,0.24574089488631023,acquisition,1.6790180604414544
186,32,0.9999977123643072,4.608061111091684,1.1078515469402842e-07,5,9,20,1,0.24100482813467194,acquisition,1.6790180604414544
187,32,0.9999978185418971,4.608061111091684,1.0617758987628445e-07,5,9,20,1,0.23593989963772005,acquisition,1.6790180604414544
188,32,0.9999979167865749,4.608061111091684,9.824467787414853e-08,5,9,20,1,0.22695485382181535,acquisition,1.6790180604414544
189,32,0.9999980133491561,4.608061111091684,9.656258118735407e-08,5,9,20,1,0.22500356122860696,acquisition,1.6790180604414544
190,32,0.9999981059661288,4.608061111091684,9.261697271455295e-08,5,9,20,1,0.2203587243350431,acquisition,1.6790180604414544
191,32,0.9999981973622916,4.608061111091684,9.139616272689542e-08,5,9,20,1,0.21890160201277314,acquisition,1.6790180604414544
192,32,0.9999982861482655,4.608061111091684,8.878597390973716e-08,5,9,20,1,0.21575314757654931,acquisition,1.6790180604414544
193,32,0.9999983680743395,4.608061111091684,8.192607408514965e-08,5,9,20,1,0.20725071177188978,acquisition,1.6790180604414544
194,32,0.9999984492939712,4.608061111091684,8.121963172522411e-08,5,9,20,1,0.20635522352960753,acquisition,1.6790180604414544
195,32,0.9999985261480812,4.608061111091684,7.68541099150211e-08,5,9,20,1,0.20073287617908178,acquisition,1.6790180604414544
196,32,0.9999986018436121,4.608061111091684,7.569553095050477e-08,5,9,20,1,0.1992141022392196,acquisition,1.6790180604414544
197,32,0.9999986752405156,4.608061111091684,7.33969034741653e-08,5,9,20,1,0.19616604122187706,acquisition,1.6790180604414544
198,32,0.9999987439477458,4.608061111091684,6.870723025047948e-08,5,9,20,1,0.18979561726647795,acquisition,1.6790180604414544
199,32,0.9999988120850557,4.608061111091684,6.813730985153233e-08,5,9,20,1,0.18900680915628457,acquisition,1.6790180604414544
200,32,0.9999988702865056,4.608061111091684,5.82014498888105e-08,5,9,20,1,0.17468349023105953,acquisition,1.6790180604414544
201,32,0.999998925876224,4.608061111091684,5.558971843762976e-08,5,9,20,1,0.17071913278899944,acquisition,1.6790180604414544
202,32,0.999998979650443,4.608061111091684,5.3774219075210976e-08,5,9,20,1,0.16790824211605637,acquisition,1.6790180604414544
203,32,0.9999990318043165,4.608061111091684,5.2153873443365024e-08,5,9,20,1,0.16535915456930395,acquisition,1.6790180604414544
204,32,0.9999990827455999,4.608061111091684,5.09412834114651e-08,5,9,20,1,0.1634255292089648,acquisition,1.6790180604414544
205,32,0.9999991323966522,4.608061111091684,4.9651052286226656e-08,5,9,20,1,0.1613426505950649,acquisition,1.6790180604414544
206,32,0.9999991801357634,4.608061111091684,4.773911125142089e-08,5,9,20,1,0.158205698885296,acquisition,1.6790180604414544
207,32,0.9999992244756631,4.608061111091684,4.433989972796803e-08,5,9,20,1,0.15246926689853565,acquisition,1.6790180604414544
208,32,0.9999992667829306,4.608061111091684,4.230726751531919e-08,5,9,20,1,0.14893351762135904,acquisition,1.6790180604414544
209,32,0.9999993079083476,4.608061111091684,4.112541696434587e-08,5,9,20,1,0.14683855968172313,acquisition,1.6790180604414544
210,32,0.9999993468438412,4.608061111091684,3.8935493654826645e-08,5,9,20,1,0.142875512588063,acquisition,1.6790180604414544
211,32,0.9999993849874715,4.608061111091684,3.814363040495361e-08,5,9,20,1,0.14141516077759242,acquisition,1.6790180604414544
212,32,0.9999994219142647,4.608061111091684,3.692679315378272e-08,5,9,20,1,0.1391412035631805,acquisition,1.6790180604414544
213,32,0.9999994570497688,4.608061111091684,3.5135504091808305e-08,5,9,20,1,0.13572443836423118,acquisition,1.6790180604414544
214,32,0.9999994906451888,4.608061111091684,3.3595420018992556e-08,5,9,20,1,0.13271652335303832,acquisition,1.6790180604414544
215,32,0.9999995231328973,4.608061111091684,3.248770849946066e-08,5,9,20,1,0.13051021306305965,acquisition,1.6790180604414544
216,32,0.9999995519851591,4.608061111091684,2.8852261781723074e-08,5,9,20,1,0.12299144126733381,acquisition,1.6790180604414544
217,32,0.999999579527547,4.608061111091684,2.7542387912439813e-08,5,9,20,1,0.12016714806400808,acquisition,1.6790180604414544
218,32,0.9999996056424548,4.608061111091684,2.611490781753995e-08,5,9,20,1,0.11701167800626731,acquisition,1.6790180604414544
219,32,0.9999996298013845,4.608061111091684,2.4158929662913325e-08,5,9,20,1,0.11254437753663885,acquisition,1.6790180604414544
220,32,0.9999996537538197,4.608061111091684,2.3952435290571746e-08,5,9,20,1,0.11206236832060652,acquisition,1.6790180604414544
221,32,0.9999996760725407,4.608061111091684,2.2318721018147198e-08,5,9,20,1,0.10817318339201429,acquisition,1.6790180604414544
222,32,0.999999697818982,4.608061111091684,2.1746441285227218e-08,5,9,20,1,0.10677733003100053,acquisition,1.6790180604414544
223,32,0.9999997183560959,4.608061111091684,2.0537113944061998e-08,5,9,20,1,0.103765901892213,acquisition,1.6790180604414544
224,32,0.9999997369085755,4.608061111091684,1.8552479561662836e-08,5,9,20,1,0.09862475553543888,acquisition,1.6790180604414544
225,32,0.9999997552776935,4.608061111091684,1.836911805460219e-08,5,9,20,1,0.09813617155061263,acquisition,1.6790180604414544
226,32,0.9999997729640794,4.608061111091684,1.7686385917325446e-08,5,9,20,1,0.09629517069834147,acquisition,1.6790180604414544
227,32,0.9999997888795672,4.608061111091684,1.591548780901409e-08,5,9,20,1,0.09134713609310571,acquisition,1.6790180604414544
228,32,0.99999980437085,4.608061111091684,1.549128276199242e-08,5,9,20,1,0.09012154934708724,acquisition,1.6790180604414544
229,32,0.9999998182601514,4.608061111091684,1.3889301427068514e-08,5,9,20,1,0.08533460064121057,acquisition,1.6790180604414544
230,32,0.9999998319017356,4.608061111091684,1.3641584235920845e-08,5,9,20,1,0.08457020111057124,acquisition,1.6790180604414544
231,32,0.9999998448592977,4.608061111091684,1.2957562151644683e-08,5,9,20,1,0.08242265674777467,acquisition,1.6790180604414544
232,32,0.9999998573722083,4.608061111091684,1.2512910579765136e-08,5,9,20,1,0.08099610399299402,acquisition,1.6790180604414544
233,32,0.9999998694585003,4.608061111091684,1.208629199054096e-08,5,9,20,1,0.07960337841534577,acquisition,1.6790180604414544
234,32,0.9999998809038261,4.608061111091684,1.1445325787344799e-08,5,9,20,1,0.07746384296170329,acquisition,1.6790180604414544
235,32,0.9999998916832121,4.608061111091684,1.077938604613368e-08,5,9,20,1,0.07517647738059648,acquisition,1.6790180604414544
236,32,0.999999901962982,4.608061111091684,1.0279769979242163e-08,5,9,20,1,0.0734136230060669,acquisition,1.6790180604414544
237,32,0.9999999109345447,4.608061111091684,8.971562581262336e-09,5,9,20,1,0.06858339888489683,acquisition,1.6790180604414544
238,32,0.9999999194748245,4.608061111091684,8.540279867134293e-09,5,9,20,1,0.0669146191125684,acquisition,1.6790180604414544
239,32,0.999999927484511,4.608061111091684,8.009686552129923e-09,5,9,20,1,0.06480264302513511,acquisition,1.6790180604414544
240,32,0.9999999352438517,4.608061111091684,7.759340594956021e-09,5,9,20,1,0.06378188741208825,acquisition,1.6790180604414544
241,32,0.9999999427713965,4.608061111091684,7.527544778260721e-09,5,9,20,1,0.06282198179542536,acquisition,1.6790180604414544
242,32,0.9999999495397439,4.608061111091684,6.768347455365777e-09,5,9,20,1,0.0595698191257856,acquisition,1.6790180604414544
243,32,0.9999999559376296,4.608061111091684,6.397885619772057e-09,5,9,20,1,0.05791661813175085,acquisition,1.6790180604414544
244,32,0.9999999619278689,4.608061111091684,5.990239282476082e-09,5,9,20,1,0.05604115071026664,acquisition,1.6790180604414544
245,32,0.9999999669152202,4.608061111091684,4.987351319174875e-09,5,9,20,1,0.051135197745071415,acquisition,1.6790180604414544
246,32,0.9999999715985795,4.608061111091684,4.6833592636625356e-09,5,9,20,1,0.04955228613926004,acquisition,1.6790180604414544
247,32,0.9999999760212311,4.608061111091684,4.422651671247724e-09,5,9,20,1,0.04815333009683885,acquisition,1.6790180604414544
248,32,0.9999999797980189,4.608061111091684,3.776787738709495e-09,5,9,20,1,0.0444985897524014,acquisition,1.6790180604414544
249,32,0.9999999833972174,4.608061111091684,3.599198518228416e-09,5,9,20,1,0.04343980424363051,acquisition,1.6790180604414544
250,32,0.999999986906733,4.608061111091684,3.5095156212941423e-09,5,9,20,1,0.042895185348207354,acquisition,1.6790180604414544
251,32,0.9999999901817854,4.608061111091684,3.2750524322049327e-09,5,9,20,1,0.04143755168414103,acquisition,1.6790180604414544
252,32,0.9999999931160708,4.608061111091684,2.9342853995694587e-09,5,9,20,1,0.039222577982196326,acquisition,1.6790180604414544
253,32,0.999999995726949,4.608061111091684,2.610878160651192e-09,5,9,20,1,0.03699800114994717,acquisition,1.6790180604414544
254,32,0.9999999982082436,4.608061111091684,2.4812945803893117e-09,5,9,20,1,0.03606817118961192,acquisition,1.6790180604414544
255,32,0.9999999999999993,4.608061111091684,1.791755789651017e-09,5,9,20,1,0.0306495686665335,acquisition,1.6790180604414544
256,32,0.9999999999999993,4.608061111091684,5.082349100247395e-32,5,9,20,1,1.6323647402068283e-13,acquisition,1.6790180604414544
1,32,0.4792372846799415,6.479234207958332,0.4792372846799415,9,10,12,1,38.36947925808715,structural,2.0866489982469747
2,32,0.5871519958662356,6.479234207958332,0.10791471118629413,9,10,12,1,18.20752571779855,structural,2.0866489982469747
3,32,0.6702932850574731,6.479234207958332,0.08314128919123756,9,10,12,1,15.981553128387798,structural,2.0866489982469747
4,32,0.7286174313522918,6.479234207958332,0.05832414629481871,9,10,12,1,13.385506244355613,structural,2.0866489982469747
5,32,0.7767359875116429,6.479234207958332,0.048118556159350956,9,10,12,1,12.158133266317085,structural,2.0866489982469747
6,32,0.8194115170634608,6.479234207958332,0.042675529551817956,9,10,12,1,11.449857063875722,structural,2.0866489982469747
7,32,0.8589035558755282,6.479234207958332,0.0394920388120674,9,10,12,1,11.01451511554962,structural,2.0866489982469747
8,32,0.8952211039328221,6.479234207958332,0.03631754805729378,9,10,12,1,10.562552136297672,structural,2.0866489982469747
9,32,0.9288836613097476,6.479234207958332,0.03366255737692556,9,10,12,1,10.16913842279253,structural,2.0866489982469747
10,32,0.9625251140599526,6.479234207958332,0.033641452750204894,9,10,12,1,10.165950169493723,structural,2.0866489982469747
11,32,0.988230180507188,6.479234207958332,0.025705066447235508,9,10,12,1,8.886279543538313,structural,2.0866489982469747
12,32,1.0,6.479234207958332,0.01176981949281206,9,10,12,1,6.013059577446298,structural,2.0866489982469747
1,40,0.7372224477219024,3.168135998641653,0.7372224477219024,4,8,15,1,621.704819565701,acquisition,1.3564426898422708
2,40,0.8420007967702637,3.168135998641653,0.10477834904836134,4,8,15,1,234.38009955170529,acquisition,1.3564426898422708
3,40,0.8747322110432295,3.168135998641653,0.03273141427296573,4,8,15,1,130.99880811039716,acquisition,1.3564426898422708
4,40,0.9013923050884787,3.168135998641653,0.02666009404524913,4,8,15,1,118.22676256582339,acquisition,1.3564426898422708
5,40,0.9214518205493636,3.168135998641653,0.02005951546088486,4,8,15,1,102.55224640131685,acquisition,1.3564426898422708
6,40,0.9356313694779239,3.168135998641653,0.014179548928560305,4,8,15,1,86.22161764115208,acquisition,1.3564426898422708
7,40,0.9474211362297645,3.168135998641653,0.011789766751840645,4,8,15,1,78.62081932153232,acquisition,1.3564426898422708
8,40,0.9577394489664074,3.168135998641653,0.010318312736642882,4,8,15,1,73.55112200414773,acquisition,1.3564426898422708
9,40,0.9664489761617144,3.168135998641653,0.008709527195306998,4,8,15,1,67.57440783442439,acquisition,1.3564426898422708
10,40,0.9748060283737718,3.168135998641653,0.008357052212057422,4,8,15,1,66.19291646509589,acquisition,1.3564426898422708
11,40,0.9800096596573222,3.168135998641653,0.005203631283550359,4,8,15,1,52.2321877618586,acquisition,1.3564426898422708
12,40,0.9841344380029375,3.168135998641653,0.0041247783456153046,4,8,15,1,46.50345997090923,acquisition,1.3564426898422708
13,40,0.9875367760142223,3.168135998641653,0.0034023380112847145,4,8,15,1,42.23511561793623,acquisition,1.3564426898422708
14,40,0.9895444543547424,3.168135998641653,0.002007678340520092,4,8,15,1,32.443823168587855,acquisition,1.3564426898422708
15,40,0.9907894908305065,3.168135998641653,0.0012450364757641671,4,8,15,1,25.549122955699357,acquisition,1.3564426898422708
16,40,0.991992866688669,3.168135998641653,0.0012033758581625916,4,8,15,1,25.11803180833142,acquisition,1.3564426898422708
17,40,0.9928367526412829,3.168135998641653,0.0008438859526138456,4,8,15,1,21.034240616765988,acquisition,1.3564426898422708
18,40,0.9935621700955203,3.168135998641653,0.0007254174542373686,4,8,15,1,19.50199134055806,acquisition,1.3564426898422708
19,40,0.9941997249299938,3.168135998641653,0.000637554834473484,4,8,15,1,18.282843024443274,acquisition,1.3564426898422708
20,40,0.9947870562321791,3.168135998641653,0.0005873313021853055,4,8,15,1,17.54795582853255,acquisition,1.3564426898422708
21,40,0.9953025891814405,3.168135998641653,0.0005155329492614431,4,8,15,1,16.44043000965557,acquisition,1.3564426898422708
22,40,0.9957747983845986,3.168135998641653,0.0004722092031580814,4,8,15,1,15.734472304635585,acquisition,1.3564426898422708
23,40,0.9961847193443798,3.168135998641653,0.00040992095978120246,4,8,15,1,14.660035476142857,acquisition,1.3564426898422708
24,40,0.9965406700995846,3.168135998641653,0.000355950755204808,4,8,15,1,13.66091905930265,acquisition,1.3564426898422708
25,40,0.9968761723422211,3.168135998641653,0.0003355022426365167,4,8,15,1,13.262722186165783,acquisition,1.3564426898422708
26,40,0.9971740536857008,3.168135998641653,0.00029788134347967114,4,8,15,1,12.49702419819494,acquisition,1.3564426898422708
27,40,0.997439178594558,3.168135998641653,0.0002651249088572044,4,8,15,1,11.789902807696338,acquisition,1.3564426898422708
28,40,0.9976637842464062,3.168135998641653,0.00022460565184822777,4,8,15,1,10.85163803285954,acquisition,1.3564426898422708
29,40,0.9978705652124841,3.168135998641653,0.00020678096607787988,4,8,15,1,10.412145751142726,acquisition,1.3564426898422708
30,40,0.998036446760719,3.168135998641653,0.00016588154823490836,4,8,15,1,9.325754937858042,acquisition,1.3564426898422708
31,40,0.9981860567422643,3.168135998641653,0.00014960998154533162,4,8,15,1,8.85656355503865,acquisition,1.3564426898422708
32,40,0.9983313014595911,3.168135998641653,0.00014524471732678323,4,8,15,1,8.726400309281287,acquisition,1.3564426898422708
33,40,0.9984576223871449,3.168135998641653,0.00012632092755374206,4,8,15,1,8.138092311180571,acquisition,1.3564426898422708
34,40,0.9985821579291594,3.168135998641653,0.00012453554201457355,4,8,15,1,8.080376863224682,acquisition,1.3564426898422708
35,40,0.998685879270526,3.168135998641653,0.00010372134136655679,4,8,15,1,7.3742697687560455,acquisition,1.3564426898422708
36,40,0.998783399775309,3.168135998641653,9.752050478302013e-05,4,8,15,1,7.150442672428055,acquisition,1.3564426898422708
37,40,0.9988679204426721,3.168135998641653,8.4520667363056e-05,4,8,15,1,6.656813926379639,acquisition,1.3564426898422708
38,40,0.9989487177198458,3.168135998641653,8.079727717365834e-05,4,8,15,1,6.508536152993466,acquisition,1.3564426898422708
39,40,0.9990218179264028,3.168135998641653,7.31002065569182e-05,4,8,15,1,6.190764177007031,acquisition,1.3564426898422708
40,40,0.999091328371413,3.168135998641653,6.951044501024301e-05,4,8,15,1,6.036844556018508,acquisition,1.3564426898422708
41,40,0.9991553546999333,3.168135998641653,6.40263285202964e-05,4,8,15,1,5.7938101217807585,acquisition,1.3564426898422708
42,40,0.9992116317349997,3.168135998641653,5.627703506637415e-05,4,8,15,1,5.431884954680021,acquisition,1.3564426898422708
43,40,0.9992650784223434,3.168135998641653,5.3446687343669214e-05,4,8,15,1,5.293529712208826,acquisition,1.3564426898422708
44,40,0.9993144568719232,3.168135998641653,4.9378449579907144e-05,4,8,15,1,5.088077099784393,acquisition,1.3564426898422708
45,40,0.9993586523322312,3.168135998641653,4.419546030798372e-05,4,8,15,1,4.813642019713574,acquisition,1.3564426898422708
46,40,0.9993991780178021,3.168135998641653,4.052568557086865e-05,4,8,15,1,4.609460991979386,acquisition,1.3564426898422708
47,40,0.9994368836952117,3.168135998641653,3.7705677409535474e-05,4,8,15,1,4.446193225410985,acquisition,1.3564426898422708
48,40,0.9994719278616042,3.168135998641653,3.5044166392568586e-05,4,8,15,1,4.286401277251933,acquisition,1.3564426898422708
49,40,0.9995034076980367,3.168135998641653,3.147983643245189e-05,4,8,15,1,4.062573135772123,acquisition,1.3564426898422708
50,40,0.9995337880180986,3.168135998641653,3.0380320061877447e-05,4,8,15,1,3.990994518237479,acquisition,1.3564426898422708
51,40,0.9995617695299207,3.168135998641653,2.7981511822125703e-05,4,8,15,1,3.830192014794904,acquisition,1.3564426898422708
52,40,0.999589418173251,3.168135998641653,2.7648643330270224e-05,4,8,15,1,3.8073418436411406,acquisition,1.3564426898422708
53,40,0.999614556033222,3.168135998641653,2.513785997103683e-05,4,8,15,1,3.6303551242949994,acquisition,1.3564426898422708
54,40,0.9996385616970905,3.168135998641653,2.4005663868527426e-05,4,8,15,1,3.5476585938196634,acquisition,1.3564426898422708
55,40,0.9996605061878179,3.168135998641653,2.1944490727386286e-05,4,8,15,1,3.391936490337032,acquisition,1.3564426898422708
56,40,0.9996814689910521,3.168135998641653,2.096280323427115e-05,4,8,15,1,3.315199267327615,acquisition,1.3564426898422708
57,40,0.9997008717050382,3.168135998641653,1.940271398606862e-05,4,8,15,1,3.1894529484424043,acquisition,1.3564426898422708
58,40,0.9997188247410898,3.168135998641653,1.795303605151198e-05,4,8,15,1,3.067989792254061,acquisition,1.3564426898422708
59,40,0.9997354673410304,3.168135998641653,1.664259994064671e-05,4,8,15,1,2.9538983458612424,acquisition,1.3564426898422708
60,40,0.9997505303072195,3.168135998641653,1.5062966189134141e-05,4,8,15,1,2.8102192827907153,acquisition,1.3564426898422708
61,40,0.9997637466611565,3.168135998641653,1.3216353936990847e-05,4,8,15,1,2.632332762573353,acquisition,1.3564426898422708
62,40,0.9997756650363377,3.168135998641653,1.19183751812745e-05,4,8,15,1,2.4997322030649696,acquisition,1.3564426898422708
63,40,0.9997873509197263,3.168135998641653,1.1685883388549896e-05,4,8,15,1,2.475230985184221,acquisition,1.3564426898422708
64,40,0.9997984752241952,3.168135998641653,1.1124304468929758e-05,4,8,15,1,2.4150236730529673,acquisition,1.3564426898422708
65,40,0.9998090721056628,3.168135998641653,1.0596881467660742e-05,4,8,15,1,2.35707823181941,acquisition,1.3564426898422708
66,40,0.9998193231305539,3.168135998641653,1.0251024891066673e-05,4,8,15,1,2.3182944890775987,acquisition,1.3564426898422708
67,40,0.9998289413699493,3.168135998641653,9.618239395375653e-06,4,8,15,1,2.245601811569164,acquisition,1.3564426898422708
68,40,0.9998377569488489,3.168135998641653,8.815578899604217e-06,4,8,15,1,2.1498609792532393,acquisition,1.3564426898422708
69,40,0.9998457021399576,3.168135998641653,7.945191108651178e-06,4,8,15,1,2.040972404510289,acquisition,1.3564426898422708
70,40,0.9998533673691018,3.168135998641653,7.66522914424584e-06,4,8,15,1,2.004691412057817,acquisition,1.3564426898422708
71,40,0.9998608362714234,3.168135998641653,7.468902321572273e-06,4,8,15,1,1.9788521572801958,acquisition,1.3564426898422708
72,40,0.9998675517318654,3.168135998641653,6.715460441930104e-06,4,8,15,1,1.8763889053654765,acquisition,1.3564426898422708
73,40,0.9998740051546912,3.168135998641653,6.453422825814495e-06,4,8,15,1,1.8394162515593449,acquisition,1.3564426898422708
74,40,0.9998801140892828,3.168135998641653,6.108934591626701e-06,4,8,15,1,1.7896483171770874,acquisition,1.3564426898422708
75,40,0.9998859100767075,3.168135998641653,5.795987424701794e-06,4,8,15,1,1.7432058555781802,acquisition,1.3564426898422708
76,40,0.999891430093205,3.168135998641653,5.52001649752867e-06,4,8,15,1,1.7011991092921228,acquisition,1.3564426898422708
77,40,0.9998967292169332,3.168135998641653,5.299123728163498e-06,4,8,15,1,1.6668134212296781,acquisition,1.3564426898422708
78,40,0.9999018285711754,3.168135998641653,5.099354242229928e-06,4,8,15,1,1.635093341968661,acquisition,1.3564426898422708
79,40,0.9999063914790446,3.168135998641653,4.562907869159998e-06,4,8,15,1,1.5466990143224886,acquisition,1.3564426898422708
80,40,0.9999107629940256,3.168135998641653,4.3715149810376265e-06,4,8,15,1,1.5139130907612417,acquisition,1.3564426898422708
81,40,0.9999149993801191,3.168135998641653,4.236386093449122e-06,4,8,15,1,1.4903309673231158,acquisition,1.3564426898422708
82,40,0.9999190156970968,3.168135998641653,4.016316977811359e-06,4,8,15,1,1.4511053702825176,acquisition,1.3564426898422708
83,40,0.9999226936510985,3.168135998641653,3.6779540016482666e-06,4,8,15,1,1.3886349943797927,acquisition,1.3564426898422708
84,40,0.9999263326705031,3.168135998641653,3.639019404610043e-06,4,8,15,1,1.3812654363315513,acquisition,1.3564426898422708
85,40,0.9999298963904406,3.168135998641653,3.5637199374387157e-06,4,8,15,1,1.366899995815301,acquisition,1.3564426898422708
86,40,0.9999334136443915,3.168135998641653,3.517253950834398e-06,4,8,15,1,1.3579595131575408,acquisition,1.3564426898422708
87,40,0.9999367226765976,3.168135998641653,3.3090322061690412e-06,4,8,15,1,1.3171506661380674,acquisition,1.3564426898422708
88,40,0.9999398478529072,3.168135998641653,3.1251763096207245e-06,4,8,15,1,1.280036107701041,acquisition,1.3564426898422708
89,40,0.9999427822336919,3.168135998641653,2.934380784659433e-06,4,8,15,1,1.2403469808192888,acquisition,1.3564426898422708
90,40,0.9999453617333833,3.168135998641653,2.579499691378099e-06,4,8,15,1,1.1629276564744864,acquisition,1.3564426898422708
91,40,0.9999478336215648,3.168135998641653,2.471888181466927e-06,4,8,15,1,1.1384117492739314,acquisition,1.3564426898422708
92,40,0.9999502290367789,3.168135998641653,2.395415214050473e-06,4,8,15,1,1.1206638442209576,acquisition,1.3564426898422708
93,40,0.9999525685510324,3.168135998641653,2.3395142535598406e-06,4,8,15,1,1.1075103832336661,acquisition,1.3564426898422708
94,40,0.9999548073059408,3.168135998641653,2.238754908314894e-06,4,8,15,1,1.0833985108770454,acquisition,1.3564426898422708
95,40,0.999956876171939,3.168135998641653,2.068865998238345e-06,4,8,15,1,1.041480492608664,acquisition,1.3564426898422708
96,40,0.9999588947888111,3.168135998641653,2.018616872121704e-06,4,8,15,1,1.0287548797701735,acquisition,1.3564426898422708
97,40,0.9999608712576146,3.168135998641653,1.976468803523416e-06,4,8,15,1,1.0179581897414476,acquisition,1.3564426898422708
98,40,0.9999627310092157,3.168135998641653,1.8597516011189476e-06,4,8,15,1,0.9874438958479874,acquisition,1.3564426898422708
99,40,0.9999645123605846,3.168135998641653,1.7813513689044256e-06,4,8,15,1,0.9664063050809238,acquisition,1.3564426898422708
100,40,0.9999661098953596,3.168135998641653,1.5975347749705328e-06,4,8,15,1,0.915187583012221,acquisition,1.3564426898422708
101,40,0.9999676197910248,3.168135998641653,1.5098956651436796e-06,4,8,15,1,0.88973039651731,acquisition,1.3564426898422708
102,40,0.9999690656444565,3.168135998641653,1.445853431748603e-06,4,8,15,1,0.8706569956214743,acquisition,1.3564426898422708
103,40,0.9999704402783408,3.168135998641653,1.374633884236078e-06,4,8,15,1,0.8489429014358769,acquisition,1.3564426898422708
104,40,0.9999717370718282,3.168135998641653,1.296793487407077e-06,4,8,15,1,0.8245564043324639,acquisition,1.3564426898422708
105,40,0.9999730235498179,3.168135998641653,1.286477989654755e-06,4,8,15,1,0.8212703405335616,acquisition,1.3564426898422708
106,40,0.9999742396204878,3.168135998641653,1.2160706698931208e-06,4,8,15,1,0.7984805942394121,acquisition,1.3564426898422708
107,40,0.9999754330200082,3.168135998641653,1.1933995204812011e-06,4,8,15,1,0.7910025586520236,acquisition,1.3564426898422708
108,40,0.9999765563030381,3.168135998641653,1.1232830297819582e-06,4,8,15,1,0.7674137170511897,acquisition,1.3564426898422708
109,40,0.9999776362567916,3.168135998641653,1.0799537534872206e-06,4,8,15,1,0.7524671378261698,acquisition,1.3564426898422708
110,40,0.9999786573934409,3.168135998641653,1.0211366493513153e-06,4,8,15,1,0.7316896142594225,acquisition,1.3564426898422708
111,40,0.999979618356717,3.168135998641653,9.60963276061541e-07,4,8,15,1,0.709803856061485,acquisition,1.3564426898422708
112,40,0.9999804662854411,3.168135998641653,8.479287241215175e-07,4,8,15,1,0.6667524689959703,acquisition,1.3564426898422708
113,40,0.9999812981941316,3.168135998641653,8.319086905447798e-07,4,8,15,1,0.6604239120052677,acquisition,1.3564426898422708
114,40,0.9999820875274653,3.168135998641653,7.893333337483093e-07,4,8,15,1,0.6433024132429737,acquisition,1.3564426898422708
115,40,0.9999828590545812,3.168135998641653,7.715271158085807e-07,4,8,15,1,0.6360050381035116,acquisition,1.3564426898422708
116,40,0.9999836008085649,3.168135998641653,7.41753983696212e-07,4,8,15,1,0.6236126302474315,acquisition,1.3564426898422708
117,40,0.9999843202479395,3.168135998641653,7.19439374612216e-07,4,8,15,1,0.6141607532533234,acquisition,1.3564426898422708
118,40,0.9999849966868385,3.168135998641653,6.764388990444953e-07,4,8,15,1,0.5955239688729921,acquisition,1.3564426898422708
119,40,0.9999856505568177,3.168135998641653,6.538699791816407e-07,4,8,15,1,0.5855050671387773,acquisition,1.3564426898422708
120,40,0.9999862550717984,3.168135998641653,6.045149807807123e-07,4,8,15,1,0.5629742003356443,acquisition,1.3564426898422708
121,40,0.9999868389723064,3.168135998641653,5.839005080624197e-07,4,8,15,1,0.5532919930480017,acquisition,1.3564426898422708
122,40,0.9999874136203091,3.168135998641653,5.746480026256978e-07,4,8,15,1,0.5488907468710161,acquisition,1.3564426898422708
123,40,0.9999879732877524,3.168135998641653,5.596674432441458e-07,4,8,15,1,0.541688955474991,acquisition,1.3564426898422708
124,40,0.9999884976309528,3.168135998641653,5.243432004417826e-07,4,8,15,1,0.5243155994944471,acquisition,1.3564426898422708
125,40,0.999989016603844,3.168135998641653,5.18972891183753e-07,4,8,15,1,0.5216236758171043,acquisition,1.3564426898422708
126,40,0.9999895140620866,3.168135998641653,4.974582426094681e-07,4,8,15,1,0.5106969621029999,acquisition,1.3564426898422708
127,40,0.9999899981532978,3.168135998641653,4.840912112598336e-07,4,8,15,1,0.503788857527631,acquisition,1.3564426898422708
128,40,0.9999904494589469,3.168135998641653,4.5130564907271405e-07,4,8,15,1,0.4864299909966851,acquisition,1.3564426898422708
129,40,0.9999908633066592,3.168135998641653,4.13847712352511e-07,4,8,15,1,0.4658061715068547,acquisition,1.3564426898422708
130,40,0.9999912642746241,3.168135998641653,4.009679649386531e-07,4,8,15,1,0.4585004824444099,acquisition,1.3564426898422708
131,40,0.9999916549454736,3.168135998641653,3.9067084943339055e-07,4,8,15,1,0.45257489800886386,acquisition,1.3564426898422708
132,40,0.9999920215728962,3.168135998641653,3.666274226026217e-07,4,8,15,1,0.438427141200774,acquisition,1.3564426898422708
133,40,0.999992378433619,3.168135998641653,3.5686072273280786e-07,4,8,15,1,0.4325480257730214,acquisition,1.3564426898422708
134,40,0.9999927273372712,3.168135998641653,3.4890365217148475e-07,4,8,15,1,0.4276984895807833,acquisition,1.3564426898422708
135,40,0.9999930459844806,3.168135998641653,3.1864720938888405e-07,4,8,15,1,0.408733297048429,acquisition,1.3564426898422708
136,40,0.9999933483667364,3.168135998641653,3.023822558354768e-07,4,8,15,1,0.39816502627361744,acquisition,1.3564426898422708
137,40,0.9999936415928429,3.168135998641653,2.932261064774092e-07,4,8,15,1,0.39209046011453524,acquisition,1.3564426898422708
138,40,0.9999939198622984,3.168135998641653,2.782694554705637e-07,4,8,15,1,0.38195986211871913,acquisition,1.3564426898422708
139,40,0.9999941848242689,3.168135998641653,2.6496197063961984e-07,4,8,15,1,0.3727148798514825,acquisition,1.3564426898422708
140,40,0.9999944473153995,3.168135998641653,2.624911305800339e-07,4,8,15,1,0.3709729772767079,acquisition,1.3564426898422708
141,40,0.9999946907323475,3.168135998641653,2.434169478777672e-07,4,8,15,1,0.35724023397279714,acquisition,1.3564426898422708
142,40,0.9999949295206109,3.168135998641653,2.3878826342546225e-07,4,8,15,1,0.35382738878556136,acquisition,1.3564426898422708
143,40,0.9999951564780398,3.168135998641653,2.269574289643098e-07,4,8,15,1,0.3449508030384044,acquisition,1.3564426898422708
144,40,0.9999953791856865,3.168135998641653,2.2270764667199327e-07,4,8,15,1,0.34170593594253823,acquisition,1.3564426898422708
145,40,0.9999955968717215,3.168135998641653,2.1768603499017903e-07,4,8,15,1,0.3378315792120846,acquisition,1.3564426898422708
146,40,0.9999958040823411,3.168135998641653,2.0721061963673471e-07,4,8,15,1,0.3296028539744527,acquisition,1.3564426898422708
147,40,0.9999960012867464,3.168135998641653,1.9720440523712715e-07,4,8,15,1,0.32154611366484115,acquisition,1.3564426898422708
148,40,0.9999961750503065,3.168135998641653,1.7376356006801663e-07,4,8,15,1,0.3018313260431069,acquisition,1.3564426898422708
149,40,0.9999963378695715,3.168135998641653,1.6281926504254194e-07,4,8,15,1,0.2921715024272974,acquisition,1.3564426898422708
150,40,0.9999964935288177,3.168135998641653,1.5565924615400565e-07,4,8,15,1,0.2856751211561681,acquisition,1.3564426898422708
151,40,0.9999966447282859,3.168135998641653,1.5119946817120493e-07,4,8,15,1,0.28155295553153886,acquisition,1.3564426898422708
152,40,0.9999967932920625,3.168135998641653,1.4856377656133608e-07,4,8,15,1,0.2790881675847075,acquisition,1.3564426898422708
153,40,0.9999969365673558,3.168135998641653,1.4327529324139629e-07,4,8,15,1,0.2740757503737702,acquisition,1.3564426898422708
154,40,0.9999970741293714,3.168135998641653,1.37562015669162e-07,4,8,15,1,0.2685556070372645,acquisition,1.3564426898422708
155,40,0.9999972059023448,3.168135998641653,1.3177297328034655e-07,4,8,15,1,0.2628440385765033,acquisition,1.3564426898422708
156,40,0.9999973353386638,3.168135998641653,1.2943631894212612e-07,4,8,15,1,0.2605031838299283,acquisition,1.3564426898422708
157,40,0.999997457380213,3.168135998641653,1.2204154918358736e-07,4,8,15,1,0.25295240607348385,acquisition,1.3564426898422708
158,40,0.9999975735693971,3.168135998641653,1.1618918411675e-07,4,8,15,1,0.24681287438503413,acquisition,1.3564426898422708
159,40,0.9999976845142994,3.168135998641653,1.1094490226542735e-07,4,8,15,1,0.24117852499535772,acquisition,1.3564426898422708
160,40,0.9999977900177458,3.168135998641653,1.0550344644492906e-07,4,8,15,1,0.23518969137638449,acquisition,1.3564426898422708
161,40,0.9999978943880176,3.168135998641653,1.0437027180742598e-07,4,8,15,1,0.23392323754892708,acquisition,1.3564426898422708
162,40,0.9999979914055869,3.168135998641653,9.701756936460078e-08,4,8,15,1,0.22553302952567242,acquisition,1.3564426898422708
163,40,0.999998085807729,3.168135998641653,9.440214213514838e-08,4,8,15,1,0.22247226859937552,acquisition,1.3564426898422708
164,40,0.9999981737814777,3.168135998641653,8.797374872412482e-08,4,8,15,1,0.21476401181546678,acquisition,1.3564426898422708
165,40,0.9999982609009581,3.168135998641653,8.711948041273236e-08,4,8,15,1,0.21371873606829755,acquisition,1.3564426898422708
166,40,0.9999983445353736,3.168135998641653,8.36344154497669e-08,4,8,15,1,0.20940038301619077,acquisition,1.3564426898422708
167,40,0.9999984212552588,3.168135998641653,7.671988526054966e-08,4,8,15,1,0.20055751096252433,acquisition,1.3564426898422708
168,40,0.999998496067241,3.168135998641653,7.481198218129509e-08,4,8,15,1,0.19804803587480196,acquisition,1.3564426898422708
169,40,0.9999985673657813,3.168135998641653,7.129854032829485e-08,4,8,15,1,0.19334158660681633,acquisition,1.3564426898422708
170,40,0.9999986361902788,3.168135998641653,6.882449753265718e-08,4,8,15,1,0.1899575167304568,acquisition,1.3564426898422708
171,40,0.9999987038067559,3.168135998641653,6.76164770727487e-08,4,8,15,1,0.18828305163109418,acquisition,1.3564426898422708
172,40,0.9999987687556667,3.168135998641653,6.49489108538779e-08,4,8,15,1,0.18453166279464872,acquisition,1.3564426898422708
173,40,0.9999988298841542,3.168135998641653,6.112848746325957e-08,4,8,15,1,0.17902215626881898,acquisition,1.3564426898422708
174,40,0.9999988886353726,3.168135998641653,5.875121828921395e-08,4,8,15,1,0.17550657746767045,acquisition,1.3564426898422708
175,40,0.9999989421786522,3.168135998641653,5.354327957051666e-08,4,8,15,1,0.1675473036472597,acquisition,1.3564426898422708
176,40,0.9999989951359115,3.168135998641653,5.295725938444123e-08,4,8,15,1,0.1666278956482075,acquisition,1.3564426898422708
177,40,0.9999990449189585,3.168135998641653,4.978304696285627e-08,4,8,15,1,0.16155696867068903,acquisition,1.3564426898422708
178,40,0.9999990924525173,3.168135998641653,4.753355873106839e-08,4,8,15,1,0.15786473463061468,acquisition,1.3564426898422708
179,40,0.9999991370252079,3.168135998641653,4.457269069498536e-08,4,8,15,1,0.1528689859294307,acquisition,1.3564426898422708
180,40,0.9999991803404729,3.168135998641653,4.3315264947407846e-08,4,8,15,1,0.15069729137826787,acquisition,1.3564426898422708
181,40,0.9999992225240819,3.168135998641653,4.218360909910051e-08,4,8,15,1,0.14871570208740303,acquisition,1.3564426898422708
182,40,0.9999992620679009,3.168135998641653,3.954381901401383e-08,4,8,15,1,0.14398732507835293,acquisition,1.3564426898422708
183,40,0.9999992996466476,3.168135998641653,3.757874668902886e-08,4,8,15,1,0.1403641191476567,acquisition,1.3564426898422708
184,40,0.9999993346310069,3.168135998641653,3.498435925996149e-08,4,8,15,1,0.13543219612664742,acquisition,1.3564426898422708
185,40,0.9999993692861068,3.168135998641653,3.4655099850162234e-08,4,8,15,1,0.13479337146255324,acquisition,1.3564426898422708
186,40,0.9999994027205191,3.168135998641653,3.3434412337305426e-08,4,8,15,1,0.1323981162082799,acquisition,1.3564426898422708
187,40,0.9999994334280352,3.168135998641653,3.070751605956823e-08,4,8,15,1,0.12688412895172868,acquisition,1.3564426898422708
188,40,0.9999994632920316,3.168135998641653,2.9863996396391475e-08,4,8,15,1,0.12512927292472892,acquisition,1.3564426898422708
189,40,0.9999994911441025,3.168135998641653,2.7852070838619233e-08,4,8,15,1,0.12084083132715533,acquisition,1.3564426898422708
190,40,0.9999995181848533,3.168135998641653,2.704075086224375e-08,4,8,15,1,0.1190678008030049,acquisition,1.3564426898422708
191,40,0.9999995441734227,3.168135998641653,2.598856942946738e-08,4,8,15,1,0.11672829600845117,acquisition,1.3564426898422708
192,40,0.9999995687057003,3.168135998641653,2.4532277597742803e-08,4,8,15,1,0.11341066421269819,acquisition,1.3564426898422708
193,40,0.999999591249421,3.168135998641653,2.2543720719918504e-08,4,8,15,1,0.10871707432047938,acquisition,1.3564426898422708
194,40,0.9999996130960145,3.168135998641653,2.184659354745365e-08,4,8,15,1,0.1070229266924026,acquisition,1.3564426898422708
195,40,0.9999996340228704,3.168135998641653,2.0926855957305777e-08,4,8,15,1,0.1047458803779124,acquisition,1.3564426898422708
196,40,0.9999996544089329,3.168135998641653,2.0386062505082015e-08,4,8,15,1,0.10338359608112131,acquisition,1.3564426898422708
197,40,0.9999996734570744,3.168135998641653,1.9048141461707606e-08,4,8,15,1,0.09993353786730338,acquisition,1.3564426898422708
198,40,0.9999996918505918,3.168135998641653,1.839351733443059e-08,4,8,15,1,0.09820132593928632,acquisition,1.3564426898422708
199,40,0.999999709527859,3.168135998641653,1.7677267199504048e-08,4,8,15,1,0.09627034364482959,acquisition,1.3564426898422708
200,40,0.9999997258196719,3.168135998641653,1.629181295342392e-08,4,8,15,1,0.09242078786574329,acquisition,1.3564426898422708
201,40,0.9999997414594831,3.168135998641653,1.5639811186868993e-08,4,8,15,1,0.09055255561021551,acquisition,1.3564426898422708
202,40,0.9999997564815902,3.168135998641653,1.5022107103119357e-08,4,8,15,1,0.08874632662189598,acquisition,1.3564426898422708
203,40,0.9999997702178967,3.168135998641653,1.3736306473411864e-08,4,8,15,1,0.08486330566465203,acquisition,1.3564426898422708
204,40,0.999999783645191,3.168135998641653,1.3427294383766087e-08,4,8,15,1,0.08390333317500537,acquisition,1.3564426898422708
205,40,0.9999997962117636,3.168135998641653,1.2566572535948194e-08,4,8,15,1,0.08116959518025951,acquisition,1.3564426898422708
206,40,0.9999998086444697,3.168135998641653,1.2432706115562485e-08,4,8,15,1,0.08073610483492516,acquisition,1.3564426898422708
207,40,0.9999998204965357,3.168135998641653,1.185206595085337e-08,4,8,15,1,0.07882826874441055,acquisition,1.3564426898422708
208,40,0.9999998311671983,3.168135998641653,1.0670662601209781e-08,4,8,15,1,0.07479639265274145,acquisition,1.3564426898422708
209,40,0.99999984164547,3.168135998641653,1.0478271714173217e-08,4,8,15,1,0.07411904020209954,acquisition,1.3564426898422708
210,40,0.999999851714516,3.168135998641653,1.0069046008199127e-08,4,8,15,1,0.07265727763649492,acquisition,1.3564426898422708
211,40,0.9999998614541109,3.168135998641653,9.739594863266181e-09,4,8,15,1,0.07145874832147636,acquisition,1.3564426898422708
212,40,0.9999998706974108,3.168135998641653,9.243299945012132e-09,4,8,15,1,0.06961430342659848,acquisition,1.3564426898422708
213,40,0.9999998792153517,3.168135998641653,8.517940955268597e-09,4,8,15,1,0.06682704712581473,acquisition,1.3564426898422708
214,40,0.999999887259328,3.168135998641653,8.043976255136794e-09,4,8,15,1,0.06494120589312428,acquisition,1.3564426898422708
215,40,0.9999998950799227,3.168135998641653,7.82059470872036e-09,4,8,15,1,0.06403314734296278,acquisition,1.3564426898422708
216,40,0.9999999018548299,3.168135998641653,6.774907190260099e-09,4,8,15,1,0.059598679020319636,acquisition,1.3564426898422708
217,40,0.999999908403806,3.168135998641653,6.5489761244635815e-09,4,8,15,1,0.05859649814061215,acquisition,1.3564426898422708
218,40,0.9999999146051728,3.168135998641653,6.20136677807753e-09,4,8,15,1,0.05702019103216608,acquisition,1.3564426898422708
219,40,0.9999999206066872,3.168135998641653,6.0015143771503065e-09,4,8,15,1,0.05609386748805417,acquisition,1.3564426898422708
220,40,0.9999999263934345,3.168135998641653,5.786747272162842e-09,4,8,15,1,0.055081050769095835,acquisition,1.3564426898422708
221,40,0.9999999320011815,3.168135998641653,5.607747097507912e-09,4,8,15,1,0.05422245393062019,acquisition,1.3564426898422708
222,40,0.9999999370205006,3.168135998641653,5.019319117193798e-09,4,8,15,1,0.051298818517732964,acquisition,1.3564426898422708
223,40,0.9999999416702936,3.168135998641653,4.649792993676036e-09,4,8,15,1,0.04937439284759279,acquisition,1.3564426898422708
224,40,0.9999999460091771,3.168135998641653,4.338883444070409e-09,4,8,15,1,0.04769512053789975,acquisition,1.3564426898422708
225,40,0.9999999502059611,3.168135998641653,4.196783990163928e-09,4,8,15,1,0.0469076058292796,acquisition,1.3564426898422708
226,40,0.9999999540461749,3.168135998641653,3.8402138428055655e-09,4,8,15,1,0.04487068124306611,acquisition,1.3564426898422708
227,40,0.9999999577861611,3.168135998641653,3.73998617573778e-09,4,8,15,1,0.04428125870055197,acquisition,1.3564426898422708
228,40,0.999999961349823,3.168135998641653,3.5636619520640918e-09,4,8,15,1,0.04322482154415191,acquisition,1.3564426898422708
229,40,0.9999999647184645,3.168135998641653,3.3686414463285656e-09,4,8,15,1,0.04202544808342573,acquisition,1.3564426898422708
230,40,0.9999999678815219,3.168135998641653,3.1630573962769474e-09,4,8,15,1,0.040722880990657434,acquisition,1.3564426898422708
231,40,0.9999999705726149,3.168135998641653,2.691093006063051e-09,4,8,15,1,0.0375620522597313,acquisition,1.3564426898422708
232,40,0.9999999731285254,3.168135998641653,2.555910439425552e-09,4,8,15,1,0.03660646353399279,acquisition,1.3564426898422708
233,40,0.9999999755104882,3.168135998641653,2.3819628831385957e-09,4,8,15,1,0.035338853349747616,acquisition,1.3564426898422708
234,40,0.9999999777535591,3.168135998641653,2.243070792725361e-09,4,8,15,1,0.03429307655746848,acquisition,1.3564426898422708
235,40,0.9999999798419006,3.168135998641653,2.088341501347946e-09,4,8,15,1,0.03308915817996451,acquisition,1.3564426898422708
236,40,0.9999999818271175,3.168135998641653,1.9852169152365777e-09,4,8,15,1,0.03226182583263934,acquisition,1.3564426898422708
237,40,0.9999999837062467,3.168135998641653,1.8791292062120094e-09,4,8,15,1,0.031387973704374135,acquisition,1.3564426898422708
238,40,0.9999999854452354,3.168135998641653,1.7389887226235136e-09,4,8,15,1,0.030194882338019417,acquisition,1.3564426898422708
239,40,0.9999999870171209,3.168135998641653,1.571885472934191e-09,4,8,15,1,0.02870750234405148,acquisition,1.3564426898422708
240,40,0.9999999884764837,3.168135998641653,1.4593628313042618e-09,4,8,15,1,0.027660918641629548,acquisition,1.3564426898422708
241,40,0.9999999897956185,3.168135998641653,1.3191347975602749e-09,4,8,15,1,0.02629841335030084,acquisition,1.3564426898422708
242,40,0.9999999911037125,3.168135998641653,1.308093949728868e-09,4,8,15,1,0.02618812633075243,acquisition,1.3564426898422708
243,40,0.9999999923112992,3.168135998641653,1.2075866894617543e-09,4,8,15,1,0.02516193971546161,acquisition,1.3564426898422708
244,40,0.9999999933696845,3.168135998641653,1.0583853048121715e-09,4,8,15,1,0.023556288219695475,acquisition,1.3564426898422708
245,40,0.9999999943888086,3.168135998641653,1.0191241053422142e-09,4,8,15,1,0.023115244730299935,acquisition,1.3564426898422708
246,40,0.9999999952884686,3.168135998641653,8.996600213393665e-10,4,8,15,1,0.02171821708308428,acquisition,1.3564426898422708
247,40,0.9999999960831816,3.168135998641653,7.947129870593721e-10,4,8,15,1,0.020412214053340323,acquisition,1.3564426898422708
248,40,0.9999999968513877,3.168135998641653,7.682061202170804e-10,4,8,15,1,0.020068912535470693,acquisition,1.3564426898422708
249,40,0.9999999975343291,3.168135998641653,6.829413935857123e-10,4,8,15,1,0.018922419965751367,acquisition,1.3564426898422708
250,40,0.9999999981462597,3.168135998641653,6.119305774830274e-10,4,8,15,1,0.01791166822513809,acquisition,1.3564426898422708
251,40,0.9999999986802445,3.168135998641653,5.339847538652347e-10,4,8,15,1,0.016732059007620557,acquisition,1.3564426898422708
252,40,0.9999999991883348,3.168135998641653,5.080903059679585e-10,4,8,15,1,0.0163213250177591,acquisition,1.3564426898422708
253,40,0.9999999995669497,3.168135998641653,3.786149598832053e-10,4,8,15,1,0.014089119209065058,acquisition,1.3564426898422708
254,40,0.9999999998637437,3.168135998641653,2.967939571848709e-10,4,8,15,1,0.01247419377052247,acquisition,1.3564426898422708
255,40,1.0000000000000004,3.168135998641653,1.3625687733971708e-10,4,8,15,1,0.00845209120316893,acquisition,1.3564426898422708
256,40,1.0000000000000004,3.168135998641653,5.363804999018227e-32,4,8,15,1,1.6769551560269192e-13,acquisition,1.3564426898422708
1,40,0.37483389284798396,7.903094758443533,0.37483389284798396,9,10,11,1,33.93360751274475,structural,2.6678483965310886
2,40,0.5021667395817059,7.903094758443533,0.1273328467337219,9,10,11,1,19.77792974924306,structural,2.6678483965310886
3,40,0.5903271658875311,7.903094758443533,0.08816042630582516,9,10,11,1,16.4568778816486,structural,2.6678483965310886
4,40,0.6567836835001795,7.903094758443533,0.06645651761264838,9,10,11,1,14.288261689444797,structural,2.6678483965310886
5,40,0.7197984804405657,7.903094758443533,0.06301479694038621,9,10,11,1,13.91335531785437,structural,2.6678483965310886
6,40,0.7808339940767259,7.903094758443533,0.061035513636160166,9,10,11,1,13.693104026855417,structural,2.6678483965310886
7,40,0.8353276481266724,7.903094758443533,0.054493654049946424,9,10,11,1,12.93848929517799,structural,2.6678483965310886
8,40,0.8841238052722021,7.903094758443533,0.04879615714552976,9,10,11,1,12.243438844992344,structural,2.6678483965310886
9,40,0.9298936573234632,7.903094758443533,0.04576985205126108,9,10,11,1,11.857697310248481,structural,2.6678483965310886
10,40,0.9700306657890484,7.903094758443533,0.04013700846558521,9,10,11,1,11.10409338965941,structural,2.6678483965310886
11,40,0.9927403184604434,7.903094758443533,0.02270965267139504,9,10,11,1,8.352487833365911,structural,2.6678483965310886
12,40,1.0000000000000002,7.903094758443533,0.007259681539556844,9,10,11,1,4.722471989278351,structural,2.6678483965310886
1,16,0.38212320856775955,12.299190749748155,0.38212320856775955,18,31,75,2,447.59648431770944,acquisition,2.6169569855443005
2,16,0.5489343743671088,12.299190749748155,0.16681116579934926,18,31,75,2,295.7314533400349,acquisition,2.6169569855443005
3,16,0.6371531793753966,12.299190749748155,0.08821880500828781,18,31,75,2,215.06292297879986,acquisition,2.6169569855443005
4,16,0.6924886786845315,12.299190749748155,0.055335499309134895,18,31,75,2,170.32832489573693,acquisition,2.6169569855443005
5,16,0.7337711507283106,12.299190749748155,0.04128247204377915,18,31,75,2,147.11867557481912,acquisition,2.6169569855443005
6,16,0.7603258545725924,12.299190749748155,0.02655470384428187,18,31,75,2,117.99284965247196,acquisition,2.6169569855443005
7,16,0.7844365225469628,12.299190749748155,0.024110667974370434,18,31,75,2,112.43190779732738,acquisition,2.6169569855443005
8,16,0.8035060383224801,12.299190749748155,0.01906951577551726,18,31,75,2,99.98959089282441,acquisition,2.6169569855443005
9,16,0.8198656668990019,12.299190749748155,0.016359628576521776,18,31,75,2,92.61294157474671,acquisition,2.6169569855443005
10,16,0.8343936473895952,12.299190749748155,0.014527980490593324,18,31,75,2,87.2745428830893,acquisition,2.6169569855443005
11,16,0.8479182804131636,12.299190749748155,0.013524633023568388,18,31,75,2,84.20690469706521,acquisition,2.6169569855443005
12,16,0.8603032322149372,12.299190749748155,0.012384951801773614,18,31,75,2,80.58090102653534,acquisition,2.6169569855443005
13,16,0.8691319469875296,12.299190749748155,0.00882871477259243,18,31,75,2,68.03520567098288,acquisition,2.6169569855443005
14,16,0.8773947168346184,12.299190749748155,0.00826276984708885,18,31,75,2,65.81847064153435,acquisition,2.6169569855443005
15,16,0.8854050131669537,12.299190749748155,0.008010296332335244,18,31,75,2,64.80510970199326,acquisition,2.6169569855443005
16,16,0.8928892289231154,12.299190749748155,0.00748421575616164,18,31,75,2,62.64091722162499,acquisition,2.6169569855443005
17,16,0.8994812647455085,12.299190749748155,0.006592035822393049,18,31,75,2,58.788819321796275,acquisition,2.6169569855443005
18,16,0.9057906933494089,12.299190749748155,0.0063094286039004285,18,31,75,2,57.51484768198337,acquisition,2.6169569855443005
19,16,0.9112563421346974,12.299190749748155,0.0054656487852885955,18,31,75,2,53.531057063553185,acquisition,2.6169569855443005
20,16,0.916171494334362,12.299190749748155,0.004915152199664594,18,31,75,2,50.76372047493909,acquisition,2.6169569855443005
21,16,0.9206340650690015,12.299190749748155,0.00446257073463954,18,31,75,2,48.37015903759978,acquisition,2.6169569855443005
22,16,0.9245812555681565,12.299190749748155,0.003947190499155051,18,31,75,2,45.491368548560985,acquisition,2.6169569855443005
23,16,0.9281646467623555,12.299190749748155,0.0035833911941990345,18,31,75,2,43.34430761269839,acquisition,2.6169569855443005
24,16,0.9317046803486714,12.299190749748155,0.003540033586315778,18,31,75,2,43.08128513522231,acquisition,2.6169569855443005
25,16,0.9351663579180454,12.299190749748155,0.0034616775693740265,18,31,75,2,42.601831057971786,acquisition,2.6169569855443005
26,16,0.9383171494239754,12.299190749748155,0.0031507915059299572,18,31,75,2,40.64384550040763,acquisition,2.6169569855443005
27,16,0.9412735206125545,12.299190749748155,0.002956371188579151,18,31,75,2,39.369911578739746,acquisition,2.6169569855443005
28,16,0.9441345764374263,12.299190749748155,0.002861055824871783,18,31,75,2,38.73005598124507,acquisition,2.6169569855443005
29,16,0.9466791272858706,12.299190749748155,0.0025445508484443326,18,31,75,2,36.52502532824833,acquisition,2.6169569855443005
30,16,0.9490433579336447,12.299190749748155,0.0023642306477741526,18,31,75,2,35.2070697141954,acquisition,2.6169569855443005
31,16,0.9513171538361057,12.299190749748155,0.002273795902461017,18,31,75,2,34.52714737868568,acquisition,2.6169569855443005
32,16,0.9533997184693995,12.299190749748155,0.0020825646332937736,18,31,75,2,33.04336009639949,acquisition,2.6169569855443005
33,16,0.9553786126868691,12.299190749748155,0.00197889421746955,18,31,75,2,32.21040967589011,acquisition,2.6169569855443005
34,16,0.9572039490141167,12.299190749748155,0.0018253363272475631,18,31,75,2,30.935447828340394,acquisition,2.6169569855443005
35,16,0.9589826382458777,12.299190749748155,0.0017786892317610801,18,31,75,2,30.537606650514594,acquisition,2.6169569855443005
36,16,0.9607173822339735,12.299190749748155,0.0017347439880957799,18,31,75,2,30.158008157548473,acquisition,2.6169569855443005
37,16,0.9623519765540548,12.299190749748155,0.001634594320081303,18,31,75,2,29.274531369208734,acquisition,2.6169569855443005
38,16,0.9638861113014932,12.299190749748155,0.0015341347474382987,18,31,75,2,28.36068473194769,acquisition,2.6169569855443005
39,16,0.9653869053419271,12.299190749748155,0.0015007940404338622,18,31,75,2,28.050816492055784,acquisition,2.6169569855443005
40,16,0.9667686348738953,12.299190749748155,0.0013817295319682658,18,31,75,2,26.915129813110287,acquisition,2.6169569855443005
41,16,0.9680255531874933,12.299190749748155,0.0012569183135979856,18,31,75,2,25.670745778018617,acquisition,2.6169569855443005
42,16,0.9692631869913493,12.299190749748155,0.0012376338038559817,18,31,75,2,25.473055406763535,acquisition,2.6169569855443005
43,16,0.9704087041777463,12.299190749748155,0.0011455171863969445,18,31,75,2,24.506752429109845,acquisition,2.6169569855443005
44,16,0.9714868956445943,12.299190749748155,0.0010781914668480973,18,31,75,2,23.77567765113868,acquisition,2.6169569855443005
45,16,0.9725162321424045,12.299190749748155,0.0010293364978101148,18,31,75,2,23.230772130169704,acquisition,2.6169569855443005
46,16,0.9735122134682309,12.299190749748155,0.0009959813258264734,18,31,75,2,22.851281306633773,acquisition,2.6169569855443005
47,16,0.9744648681339311,12.299190749748155,0.0009526546657001541,18,31,75,2,22.348722768216586,acquisition,2.6169569855443005
48,16,0.9753838301476992,12.299190749748155,0.0009189620137681532,18,31,75,2,21.949960279564916,acquisition,2.6169569855443005
49,16,0.9762722979768859,12.299190749748155,0.0008884678291865772,18,31,75,2,21.58270189824648,acquisition,2.6169569855443005
50,16,0.977124226193479,12.299190749748155,0.0008519282165931624,18,31,75,2,21.13423149350825,acquisition,2.6169569855443005
51,16,0.9779484048022256,12.299190749748155,0.0008241786087465087,18,31,75,2,20.78718245512098,acquisition,2.6169569855443005
52,16,0.978718102390897,12.299190749748155,0.0007696975886713485,18,31,75,2,20.08838493680674,acquisition,2.6169569855443005
53,16,0.9794645755012117,12.299190749748155,0.0007464731103146988,18,31,75,2,19.782995073058903,acquisition,2.6169569855443005
54,16,0.9801725598220905,12.299190749748155,0.0007079843208788738,18,31,75,2,19.26623169239234,acquisition,2.6169569855443005
55,16,0.9808458705170435,12.299190749748155,0.000673310694952978,18,31,75,2,18.78852622308378,acquisition,2.6169569855443005
56,16,0.9815060794727968,12.299190749748155,0.0006602089557532446,18,31,75,2,18.60482821726546,acquisition,2.6169569855443005
57,16,0.9821392006755099,12.299190749748155,0.0006331212027130384,18,31,75,2,18.21916159234594,acquisition,2.6169569855443005
58,16,0.9827514702972842,12.299190749748155,0.0006122696217742977,18,31,75,2,17.916629578712705,acquisition,2.6169569855443005
59,16,0.983335056719749,12.299190749748155,0.0005835864224648412,18,31,75,2,17.491922657651063,acquisition,2.6169569855443005
60,16,0.9838933415843529,12.299190749748155,0.0005582848646039197,18,31,75,2,17.108537491365528,acquisition,2.6169569855443005
61,16,0.9844236099340848,12.299190749748155,0.0005302683497318977,18,31,75,2,16.67373181217202,acquisition,2.6169569855443005
62,16,0.984934684114793,12.299190749748155,0.0005110741807081275,18,31,75,2,16.36918018885194,acquisition,2.6169569855443005
63,16,0.9854223439099019,12.299190749748155,0.00048765979510891506,18,31,75,2,15.98981484126889,acquisition,2.6169569855443005
64,16,0.9859018437442028,12.299190749748155,0.00047949983430088395,18,31,75,2,15.85547252925443,acquisition,2.6169569855443005
65,16,0.9863635965392037,12.299190749748155,0.00046175279500092876,18,31,75,2,15.559288203046016,acquisition,2.6169569855443005
66,16,0.9868032189902801,12.299190749748155,0.0004396224510763884,18,31,75,2,15.18185679124716,acquisition,2.6169569855443005
67,16,0.9872279902894795,12.299190749748155,0.0004247712991994077,18,31,75,2,14.923219991498453,acquisition,2.6169569855443005
68,16,0.9876415578311633,12.299190749748155,0.0004135675416837784,18,31,75,2,14.72509759880405,acquisition,2.6169569855443005
69,16,0.9880363055071525,12.299190749748155,0.00039474767598928444,18,31,75,2,14.38615548188848,acquisition,2.6169569855443005
70,16,0.9884236247151488,12.299190749748155,0.00038731920799623944,18,31,75,2,14.250151329790585,acquisition,2.6169569855443005
71,16,0.9888069821610498,12.299190749748155,0.00038335744590104007,18,31,75,2,14.177083924297143,acquisition,2.6169569855443005
72,16,0.9891803495670278,12.299190749748155,0.0003733674059780128,18,31,75,2,13.991141859955547,acquisition,2.6169569855443005
73,16,0.9895298254465713,12.299190749748155,0.00034947587954344694,18,31,75,2,13.536100248375627,acquisition,2.6169569855443005
74,16,0.9898628850360781,12.299190749748155,0.0003330595895068243,18,31,75,2,13.214353789094414,acquisition,2.6169569855443005
75,16,0.9901891450824524,12.299190749748155,0.00032626004637429957,18,31,75,2,13.078770094832647,acquisition,2.6169569855443005
76,16,0.9905121221664862,12.299190749748155,0.00032297708403382624,18,31,75,2,13.012801751887512,acquisition,2.6169569855443005
77,16,0.9908128762248485,12.299190749748155,0.0003007540583622344,18,31,75,2,12.557139154704752,acquisition,2.6169569855443005
78,16,0.9910993492186713,12.299190749748155,0.00028647299382273934,18,31,75,2,12.255380572847844,acquisition,2.6169569855443005
79,16,0.9913809259547888,12.299190749748155,0.0002815767361175379,18,31,75,2,12.150197686687724,acquisition,2.6169569855443005
80,16,0.991657603389482,12.299190749748155,0.00027667743469319997,18,31,75,2,12.044030009943866,acquisition,2.6169569855443005
81,16,0.9919268218853039,12.299190749748155,0.0002692184958219647,18,31,75,2,11.880573502045523,acquisition,2.6169569855443005
82,16,0.9921775150143717,12.299190749748155,0.00025069312906774474,18,31,75,2,11.464527868720532,acquisition,2.6169569855443005
83,16,0.9924266326031489,12.299190749748155,0.0002491175887772195,18,31,75,2,11.428445317926268,acquisition,2.6169569855443005
84,16,0.9926613928376573,12.299190749748155,0.00023476023450844417,18,31,75,2,11.094231556532574,acquisition,2.6169569855443005
85,16,0.9928871552969807,12.299190749748155,0.00022576245932336774,18,31,75,2,10.879547245806226,acquisition,2.6169569855443005
86,16,0.9931094641046223,12.299190749748155,0.0002223088076416673,18,31,75,2,10.79601038073021,acquisition,2.6169569855443005
87,16,0.9933214180802097,12.299190749748155,0.00021195397558733178,18,31,75,2,10.541580809002557,acquisition,2.6169569855443005
88,16,0.9935241860535384,12.299190749748155,0.00020276797332872387,18,31,75,2,10.310616625622833,acquisition,2.6169569855443005
89,16,0.9937235084610515,12.299190749748155,0.0001993224075130992,18,31,75,2,10.22263891518368,acquisition,2.6169569855443005
90,16,0.9939123040881976,12.299190749748155,0.0001887956271460946,18,31,75,2,9.949034212684749,acquisition,2.6169569855443005
91,16,0.9940940003402041,12.299190749748155,0.00018169625200645449,18,31,75,2,9.76018260956013,acquisition,2.6169569855443005
92,16,0.9942705792844844,12.299190749748155,0.00017657894428028243,18,31,75,2,9.621757715657816,acquisition,2.6169569855443005
93,16,0.9944451916344921,12.299190749748155,0.00017461235000775134,18,31,75,2,9.568027997495824,acquisition,2.6169569855443005
94,16,0.9946149330533426,12.299190749748155,0.00016974141885054423,18,31,75,2,9.433630743585109,acquisition,2.6169569855443005
95,16,0.9947782172267312,12.299190749748155,0.00016328417338861158,18,31,75,2,9.252455495573507,acquisition,2.6169569855443005
96,16,0.9949379003709944,12.299190749748155,0.00015968314426319125,18,31,75,2,9.14986100110051,acquisition,2.6169569855443005
97,16,0.9950923379058249,12.299190749748155,0.00015443753483043826,18,31,75,2,8.998319079760442,acquisition,2.6169569855443005
98,16,0.9952379571324345,12.299190749748155,0.00014561922660956509,18,31,75,2,8.737643451221597,acquisition,2.6169569855443005
99,16,0.995376009362692,12.299190749748155,0.00013805223025755936,18,31,75,2,8.507592356082611,acquisition,2.6169569855443005
100,16,0.9955102516670448,12.299190749748155,0.0001342423043528075,18,31,75,2,8.389375975871193,acquisition,2.6169569855443005
101,16,0.9956407536478252,12.299190749748155,0.0001305019807804236,18,31,75,2,8.27167591842226,acquisition,2.6169569855443005
102,16,0.9957651304331335,12.299190749748155,0.0001243767853082469,18,31,75,2,8.075224827563016,acquisition,2.6169569855443005
103,16,0.9958868146018786,12.299190749748155,0.00012168416874497421,18,31,75,2,7.987336819176028,acquisition,2.6169569855443005
104,16,0.996005115586462,12.299190749748155,0.00011830098458346234,18,31,75,2,7.875518180113249,acquisition,2.6169569855443005
105,16,0.9961214520932073,12.299190749748155,0.00011633650674535463,18,31,75,2,7.809854956944366,acquisition,2.6169569855443005
106,16,0.9962369389052481,12.299190749748155,0.00011548681204076212,18,31,75,2,7.781282009490923,acquisition,2.6169569855443005
107,16,0.9963457915382931,12.299190749748155,0.00010885263304498447,18,31,75,2,7.554477432217851,acquisition,2.6169569855443005
108,16,0.9964508291334752,12.299190749748155,0.00010503759518205637,18,31,75,2,7.420913063957155,acquisition,2.6169569855443005
109,16,0.9965540741197306,12.299190749748155,0.00010324498625542919,18,31,75,2,7.3573165864930985,acquisition,2.6169569855443005
110,16,0.9966547246436191,12.299190749748155,0.00010065052388853918,18,31,75,2,7.264286741895203,acquisition,2.6169569855443005
111,16,0.9967546382855674,12.299190749748155,9.991364194827633e-05,18,31,75,2,7.237646268627523,acquisition,2.6169569855443005
112,16,0.9968539238196726,12.299190749748155,9.928553410518453e-05,18,31,75,2,7.214860643487093,acquisition,2.6169569855443005
113,16,0.996949928300826,12.299190749748155,9.6004481153272e-05,18,31,75,2,7.09464568635296,acquisition,2.6169569855443005
114,16,0.9970413212997647,12.299190749748155,9.139299893881789e-05,18,31,75,2,6.922156645701898,acquisition,2.6169569855443005
115,16,0.9971289570401364,12.299190749748155,8.763574037157854e-05,18,31,75,2,6.778374956280758,acquisition,2.6169569855443005
116,16,0.9972142715521005,12.299190749748155,8.531451196413615e-05,18,31,75,2,6.688002306268518,acquisition,2.6169569855443005
117,16,0.9972955793666263,12.299190749748155,8.130781452571315e-05,18,31,75,2,6.5290666608679295,acquisition,2.6169569855443005
118,16,0.9973750338488737,12.299190749748155,7.945448224748317e-05,18,31,75,2,6.45422587058808,acquisition,2.6169569855443005
119,16,0.9974518588809301,12.299190749748155,7.682503205640992e-05,18,31,75,2,6.346529950042862,acquisition,2.6169569855443005
120,16,0.9975262876086268,12.299190749748155,7.442872769668878e-05,18,31,75,2,6.246766266368669,acquisition,2.6169569855443005
121,16,0.9975997740608535,12.299190749748155,7.348645222667525e-05,18,31,75,2,6.207097958387568,acquisition,2.6169569855443005
122,16,0.9976704596965598,12.299190749748155,7.068563570619585e-05,18,31,75,2,6.087662159904244,acquisition,2.6169569855443005
123,16,0.9977406939477356,12.299190749748155,7.023425117575877e-05,18,31,75,2,6.068193724695695,acquisition,2.6169569855443005
124,16,0.9978085489741381,12.299190749748155,6.785502640247598e-05,18,31,75,2,5.964526475966163,acquisition,2.6169569855443005
125,16,0.9978747876909533,12.299190749748155,6.623871681525789e-05,18,31,75,2,5.893060695567112,acquisition,2.6169569855443005
126,16,0.9979370438114172,12.299190749748155,6.225612046396028e-05,18,31,75,2,5.713154722726211,acquisition,2.6169569855443005
127,16,0.9979988017731264,12.299190749748155,6.175796170916856e-05,18,31,75,2,5.690251156897784,acquisition,2.6169569855443005
128,16,0.9980587695722873,12.299190749748155,5.996779916093765e-05,18,31,75,2,5.607173752122336,acquisition,2.6169569855443005
129,16,0.9981177244910027,12.299190749748155,5.89549187153653e-05,18,31,75,2,5.559618370305775,acquisition,2.6169569855443005
130,16,0.9981732803501907,12.299190749748155,5.555585918798977e-05,18,31,75,2,5.39696862154606,acquisition,2.6169569855443005
131,16,0.9982281555674165,12.299190749748155,5.487521722576719e-05,18,31,75,2,5.363806287410371,acquisition,2.6169569855443005
132,16,0.9982806082532336,12.299190749748155,5.245268581709083e-05,18,31,75,2,5.244074154860028,acquisition,2.6169569855443005
133,16,0.9983321422203978,12.299190749748155,5.153396716412654e-05,18,31,75,2,5.197945803540623,acquisition,2.6169569855443005
134,16,0.9983826500272613,12.299190749748155,5.050780686357489e-05,18,31,75,2,5.145934030367077,acquisition,2.6169569855443005
135,16,0.9984322747636204,12.299190749748155,4.9624736359045745e-05,18,31,75,2,5.100750315023406,acquisition,2.6169569855443005
136,16,0.9984807141838508,12.299190749748155,4.8439420230355154e-05,18,31,75,2,5.039464927324373,acquisition,2.6169569855443005
137,16,0.9985266801599357,12.299190749748155,4.596597608501727e-05,18,31,75,2,4.909114957878002,acquisition,2.6169569855443005
138,16,0.9985718760900464,12.299190749748155,4.519593011060501e-05,18,31,75,2,4.867821258615488,acquisition,2.6169569855443005
139,16,0.9986162598428279,12.299190749748155,4.438375278151044e-05,18,31,75,2,4.8238852575815425,acquisition,2.6169569855443005
140,16,0.9986599763986579,12.299190749748155,4.3716555830056406e-05,18,31,75,2,4.787490535032797,acquisition,2.6169569855443005
141,16,0.9987019883453684,12.299190749748155,4.201194671052616e-05,18,31,75,2,4.6932248525899904,acquisition,2.6169569855443005
142,16,0.9987430173735862,12.299190749748155,4.1029028217793455e-05,18,31,75,2,4.637998183079689,acquisition,2.6169569855443005
143,16,0.9987820630535206,12.299190749748155,3.904567993436885e-05,18,31,75,2,4.524508972411302,acquisition,2.6169569855443005
144,16,0.9988207338997606,12.299190749748155,3.8670846239950083e-05,18,31,75,2,4.502739236670379,acquisition,2.6169569855443005
145,16,0.9988574290104826,12.299190749748155,3.6695110721974734e-05,18,31,75,2,4.3862063574577395,acquisition,2.6169569855443005
146,16,0.9988931203006138,12.299190749748155,3.569129013121936e-05,18,31,75,2,4.325796472363989,acquisition,2.6169569855443005
147,16,0.99892823851467,12.299190749748155,3.511821405626022e-05,18,31,75,2,4.290927430186691,acquisition,2.6169569855443005
148,16,0.9989629366959432,12.299190749748155,3.469818127308567e-05,18,31,75,2,4.265189334988957,acquisition,2.6169569855443005
149,16,0.9989959823041596,12.299190749748155,3.3045608216440645e-05,18,31,75,2,4.162381030201492,acquisition,2.6169569855443005
150,16,0.9990280371349988,12.299190749748155,3.20548308391712e-05,18,31,75,2,4.099507671782965,acquisition,2.6169569855443005
151,16,0.9990588190779874,12.299190749748155,3.0781942988686515e-05,18,31,75,2,4.0172880560961115,acquisition,2.6169569855443005
152,16,0.9990890751727849,12.299190749748155,3.0256094797479477e-05,18,31,75,2,3.9828265627793686,acquisition,2.6169569855443005
153,16,0.9991179159821236,12.299190749748155,2.884080933873744e-05,18,31,75,2,3.888558890718768,acquisition,2.6169569855443005
154,16,0.9991456502923267,12.299190749748155,2.7734310203078294e-05,18,31,75,2,3.8132356375854237,acquisition,2.6169569855443005
155,16,0.9991729275313237,12.299190749748155,2.7277238996965373e-05,18,31,75,2,3.7816833658095943,acquisition,2.6169569855443005
156,16,0.9991987846598094,12.299190749748155,2.5857128485645778e-05,18,31,75,2,3.6819264223341364,acquisition,2.6169569855443005
157,16,0.9992238958224331,12.299190749748155,2.511116262368333e-05,18,31,75,2,3.6284268257256733,acquisition,2.6169569855443005
158,16,0.9992484847364839,12.299190749748155,2.458891405073254e-05,18,31,75,2,3.5904975379229076,acquisition,2.6169569855443005
159,16,0.9992726395541284,12.299190749748155,2.415481764446675e-05,18,31,75,2,3.5586628153257487,acquisition,2.6169569855443005
160,16,0.9992964369715516,12.299190749748155,2.3797417423217668e-05,18,31,75,2,3.532237306012146,acquisition,2.6169569855443005
161,16,0.9993198982028032,12.299190749748155,2.3461231251576242e-05,18,31,75,2,3.5071985986576815,acquisition,2.6169569855443005
162,16,0.9993421519506948,12.299190749748155,2.225374789152042e-05,18,31,75,2,3.415753646642196,acquisition,2.6169569855443005
163,16,0.9993640593521634,12.299190749748155,2.1907401468642034e-05,18,31,75,2,3.389068854595816,acquisition,2.6169569855443005
164,16,0.9993850248606918,12.299190749748155,2.0965508528393345e-05,18,31,75,2,3.3154131771672577,acquisition,2.6169569855443005
165,16,0.9994052269916357,12.299190749748155,2.0202130943937385e-05,18,31,75,2,3.254494558043544,acquisition,2.6169569855443005
166,16,0.9994252293408645,12.299190749748155,2.0002349228810285e-05,18,31,75,2,3.2383624986209445,acquisition,2.6169569855443005
167,16,0.9994440731084127,12.299190749748155,1.8843767548143105e-05,18,31,75,2,3.143176927931492,acquisition,2.6169569855443005
168,16,0.9994622437709021,12.299190749748155,1.8170662489459837e-05,18,31,75,2,3.0865288424497055,acquisition,2.6169569855443005
169,16,0.9994801246467845,12.299190749748155,1.7880875882406925e-05,18,31,75,2,3.061817867645847,acquisition,2.6169569855443005
170,16,0.9994977073965673,12.299190749748155,1.758274978278257e-05,18,31,75,2,3.0361858833272226,acquisition,2.6169569855443005
171,16,0.999515136611311,12.299190749748155,1.7429214743718232e-05,18,31,75,2,3.0229006168834833,acquisition,2.6169569855443005
172,16,0.9995322566747402,12.299190749748155,1.7120063429260056e-05,18,31,75,2,2.995971264081132,acquisition,2.6169569855443005
173,16,0.999548441665655,12.299190749748155,1.6184990914809967e-05,18,31,75,2,2.9130047230898697,acquisition,2.6169569855443005
174,16,0.9995640111580687,12.299190749748155,1.5569492413677297e-05,18,31,75,2,2.857078584600368,acquisition,2.6169569855443005
175,16,0.9995791453452086,12.299190749748155,1.5134187139961862e-05,18,31,75,2,2.81685510937931,acquisition,2.6169569855443005
176,16,0.9995937784277741,12.299190749748155,1.463308256538633e-05,18,31,75,2,2.7698284409041056,acquisition,2.6169569855443005
177,16,0.9996082788594393,12.299190749748155,1.4500431665160517e-05,18,31,75,2,2.757245421949899,acquisition,2.6169569855443005
178,16,0.9996219985648872,12.299190749748155,1.3719705447945333e-05,18,31,75,2,2.6819912247977924,acquisition,2.6169569855443005
179,16,0.9996355508544824,12.299190749748155,1.3552289595207801e-05,18,31,75,2,2.6655773872263224,acquisition,2.6169569855443005
180,16,0.999648846362497,12.299190749748155,1.3295508014501226e-05,18,31,75,2,2.6402036485670606,acquisition,2.6169569855443005
181,16,0.9996617529503389,12.299190749748155,1.290658784190866e-05,18,31,75,2,2.6013014293731143,acquisition,2.6169569855443005
182,16,0.9996739374810433,12.299190749748155,1.2184530704342303e-05,18,31,75,2,2.5274895121282337,acquisition,2.6169569855443005
183,16,0.9996859405841786,12.299190749748155,1.2003103135310395e-05,18,31,75,2,2.508601789165753,acquisition,2.6169569855443005
184,16,0.9996976916259285,12.299190749748155,1.1751041749923854e-05,18,31,75,2,2.4821221116182173,acquisition,2.6169569855443005
185,16,0.9997090150682963,12.299190749748155,1.1323442367887228e-05,18,31,75,2,2.436543648731715,acquisition,2.6169569855443005
186,16,0.9997199399156781,12.299190749748155,1.0924847381737923e-05,18,31,75,2,2.39327524202224,acquisition,2.6169569855443005
187,16,0.9997307623666,12.299190749748155,1.0822450921911292e-05,18,31,75,2,2.3820329865362964,acquisition,2.6169569855443005
188,16,0.9997411702374825,12.299190749748155,1.0407870882582024e-05,18,31,75,2,2.3359627157313887,acquisition,2.6169569855443005
189,16,0.9997510298854472,12.299190749748155,9.859647964621466e-06,18,31,75,2,2.2736083902192696,acquisition,2.6169569855443005
190,16,0.9997605361313182,12.299190749748155,9.50624587106593e-06,18,31,75,2,2.232489783907065,acquisition,2.6169569855443005
191,16,0.9997698545758766,12.299190749748155,9.318444558480192e-06,18,31,75,2,2.210327726984499,acquisition,2.6169569855443005
192,16,0.9997791195085547,12.299190749748155,9.264932678033287e-06,18,31,75,2,2.203972101434298,acquisition,2.6169569855443005
193,16,0.9997883279045632,12.299190749748155,9.208396008493002e-06,18,31,75,2,2.197237248569389,acquisition,2.6169569855443005
194,16,0.999797253531987,12.299190749748155,8.925627423835258e-06,18,31,75,2,2.163238163214522,acquisition,2.6169569855443005
195,16,0.9998055188141479,12.299190749748155,8.265282160907979e-06,18,31,75,2,2.0816791908404433,acquisition,2.6169569855443005
196,16,0.9998135868426626,12.299190749748155,8.068028514722005e-06,18,31,75,2,2.056689216660254,acquisition,2.6169569855443005
197,16,0.9998213802821387,12.299190749748155,7.793439476122613e-06,18,31,75,2,2.021387344389336,acquisition,2.6169569855443005
198,16,0.9998288734204648,12.299190749748155,7.4931383260174936e-06,18,31,75,2,1.9820601672681533,acquisition,2.6169569855443005
199,16,0.9998361104577841,12.299190749748155,7.237037319301533e-06,18,31,75,2,1.947894201968362,acquisition,2.6169569855443005
200,16,0.9998430021285524,12.299190749748155,6.891670768269055e-06,18,31,75,2,1.9008472541880492,acquisition,2.6169569855443005
201,16,0.9998498284013182,12.299190749748155,6.826272765776113e-06,18,31,75,2,1.8918067807847678,acquisition,2.6169569855443005
202,16,0.9998563500475581,12.299190749748155,6.521646239957815e-06,18,31,75,2,1.849113534603812,acquisition,2.6169569855443005
203,16,0.9998625043429245,12.299190749748155,6.154295366359504e-06,18,31,75,2,1.7962803815211843,acquisition,2.6169569855443005
204,16,0.9998686012249923,12.299190749748155,6.096882067833558e-06,18,31,75,2,1.7878820166835172,acquisition,2.6169569855443005
205,16,0.9998745600954887,12.299190749748155,5.958870496365079e-06,18,31,75,2,1.7675305640351044,acquisition,2.6169569855443005
206,16,0.999880296147801,12.299190749748155,5.736052312389349e-06,18,31,75,2,1.7341693673796648,acquisition,2.6169569855443005
207,16,0.9998859271390068,12.299190749748155,5.63099120577011e-06,18,31,75,2,1.7182145143406278,acquisition,2.6169569855443005
208,16,0.9998913530901942,12.299190749748155,5.4259511873821e-06,18,31,75,2,1.6866419584873924,acquisition,2.6169569855443005
209,16,0.9998966024896925,12.299190749748155,5.249399498340529e-06,18,31,75,2,1.6589747328353013,acquisition,2.6169569855443005
210,16,0.9999017390405562,12.299190749748155,5.136550863765572e-06,18,31,75,2,1.6410460015678794,acquisition,2.6169569855443005
211,16,0.9999064599342625,12.299190749748155,4.720893706277201e-06,18,31,75,2,1.5732475709425586,acquisition,2.6169569855443005
212,16,0.9999110461843418,12.299190749748155,4.586250079314303e-06,18,31,75,2,1.5506501480293797,acquisition,2.6169569855443005
213,16,0.9999154851016295,12.299190749748155,4.438917287776331e-06,18,31,75,2,1.525539598625246,acquisition,2.6169569855443005
214,16,0.9999197362059881,12.299190749748155,4.251104358576674e-06,18,31,75,2,1.4929176139189488,acquisition,2.6169569855443005
215,16,0.9999237505308948,12.299190749748155,4.01432490676448e-06,18,31,75,2,1.450745455522,acquisition,2.6169569855443005
216,16,0.9999276929807265,12.299190749748155,3.942449831758141e-06,18,31,75,2,1.4376992513710272,acquisition,2.6169569855443005
217,16,0.9999314894368236,12.299190749748155,3.796456097160245e-06,18,31,75,2,1.410828258246889,acquisition,2.6169569855443005
218,16,0.999935241010647,12.299190749748155,3.7515738233473875e-06,18,31,75,2,1.4024639520127264,acquisition,2.6169569855443005
219,16,0.999938827987722,12.299190749748155,3.5869770750400076e-06,18,31,75,2,1.3713529949355037,acquisition,2.6169569855443005
220,16,0.9999422724136843,12.299190749748155,3.4444259622455633e-06,18,31,75,2,1.3438270717967404,acquisition,2.6169569855443005
221,16,0.9999456228283826,12.299190749748155,3.3504146983831116e-06,18,31,75,2,1.3253611663942342,acquisition,2.6169569855443005
222,16,0.9999487550007323,12.299190749748155,3.1321723497301193e-06,18,31,75,2,1.281468055354992,acquisition,2.6169569855443005
223,16,0.9999517967798529,12.299190749748155,3.041779120603475e-06,18,31,75,2,1.2628413564589,acquisition,2.6169569855443005
224,16,0.9999548027871976,12.299190749748155,3.0060073447130354e-06,18,31,75,2,1.2553937942912208,acquisition,2.6169569855443005
225,16,0.9999578017212869,12.299190749748155,2.9989340893035356e-06,18,31,75,2,1.2539159285266186,acquisition,2.6169569855443005
226,16,0.9999606051468498,12.299190749748155,2.8034255629161215e-06,18,31,75,2,1.2123540660756524,acquisition,2.6169569855443005
227,16,0.9999633139910618,12.299190749748155,2.7088442119122847e-06,18,31,75,2,1.191727533530659,acquisition,2.6169569855443005
228,16,0.9999658446922106,12.299190749748155,2.530701148863154e-06,18,31,75,2,1.1518750991037028,acquisition,2.6169569855443005
229,16,0.9999681020776902,12.299190749748155,2.2573854795396876e-06,18,31,75,2,1.0878971083227051,acquisition,2.6169569855443005
230,16,0.9999703314104397,12.299190749748155,2.2293327494765713e-06,18,31,75,2,1.081116278925432,acquisition,2.6169569855443005
231,16,0.999972464315504,12.299190749748155,2.1329050643689634e-06,18,31,75,2,1.057476491647864,acquisition,2.6169569855443005
232,16,0.9999745668199946,12.299190749748155,2.102504490574712e-06,18,31,75,2,1.049913269920156,acquisition,2.6169569855443005
233,16,0.9999765901309485,12.299190749748155,2.0233109539210005e-06,18,31,75,2,1.0299503159906955,acquisition,2.6169569855443005
234,16,0.9999785162793315,12.299190749748155,1.926148383067678e-06,18,31,75,2,1.0049161574289602,acquisition,2.6169569855443005
235,16,0.9999802928132292,12.299190749748155,1.7765338976626905e-06,18,31,75,2,0.9650986499512766,acquisition,2.6169569855443005
236,16,0.9999819638196387,12.299190749748155,1.6710064094617842e-06,18,31,75,2,0.9359960514894814,acquisition,2.6169569855443005
237,16,0.9999835789501439,12.299190749748155,1.6151305052255763e-06,18,31,75,2,0.9202138568418251,acquisition,2.6169569855443005
238,16,0.999985138353145,12.299190749748155,1.5594030010497852e-06,18,31,75,2,0.9041992482934222,acquisition,2.6169569855443005
239,16,0.999986581990081,12.299190749748155,1.4436369360024195e-06,18,31,75,2,0.8699893803391145,acquisition,2.6169569855443005
240,16,0.9999879447666442,12.299190749748155,1.362776563303129e-06,18,31,75,2,0.8452735644873031,acquisition,2.6169569855443005
241,16,0.9999892608005155,12.299190749748155,1.316033871291272e-06,18,31,75,2,0.830650808891172,acquisition,2.6169569855443005
242,16,0.9999904789129145,12.299190749748155,1.2181123989132105e-06,18,31,75,2,0.7991506199718607,acquisition,2.6169569855443005
243,16,0.9999916188955013,12.299190749748155,1.1399825868175245e-06,18,31,75,2,0.7730971416823285,acquisition,2.6169569855443005
244,16,0.9999926562178184,12.299190749748155,1.0373223171061404e-06,18,31,75,2,0.7374656893652369,acquisition,2.6169569855443005
245,16,0.9999936538786492,12.299190749748155,9.97660830827434e-07,18,31,75,2,0.7232299784113306,acquisition,2.6169569855443005
246,16,0.9999946218804403,12.299190749748155,9.68001791065032e-07,18,31,75,2,0.7123985703480205,acquisition,2.6169569855443005
247,16,0.9999954955772122,12.299190749748155,8.73696771978876e-07,18,31,75,2,0.6768077520147512,acquisition,2.6169569855443005
248,16,0.9999962816685027,12.299190749748155,7.860912904902296e-07,18,31,75,2,0.6419799299888911,acquisition,2.6169569855443005
249,16,0.9999970039733944,12.299190749748155,7.223048916211367e-07,18,31,75,2,0.6153826346414583,acquisition,2.6169569855443005
250,16,0.9999976947297502,12.299190749748155,6.907563557934467e-07,18,31,75,2,0.6017933767218069,acquisition,2.6169569855443005
251,16,0.9999983182694345,12.299190749748155,6.235396843422492e-07,18,31,75,2,0.571764264382122,acquisition,2.6169569855443005
252,16,0.9999988757149433,12.299190749748155,5.574455087320854e-07,18,31,75,2,0.5406126070321775,acquisition,2.6169569855443005
253,16,0.9999993502997915,12.299190749748155,4.7458484820896807e-07,18,31,75,2,0.49881774316656324,acquisition,2.6169569855443005
254,16,0.9999997800823515,12.299190749748155,4.297825600227766e-07,18,31,75,2,0.4746892023516245,acquisition,2.6169569855443005
255,16,1.0000000000000002,12.299190749748155,2.1991764868759286e-07,18,31,75,2,0.3395588081542293,acquisition,2.6169569855443005
256,16,1.0000000000000002,12.299190749748155,1.6829756631542595e-32,18,31,75,2,9.393422935670577e-14,acquisition,2.6169569855443005
1,16,0.40008957971545106,7.711839002331906,0.40008957971545106,9,11,12,2,35.05816864706235,structural,2.4994402521335672
2,16,0.5162715765418133,7.711839002331906,0.11618199682636228,9,11,12,2,18.89209078557969,structural,2.4994402521335672
3,16,0.606763912242281,7.711839002331906,0.09049233570046765,9,11,12,2,16.67310574763552,structural,2.4994402521335672
4,16,0.6815284375022228,7.711839002331906,0.07476452525994176,9,11,12,2,15.155085667806075,structural,2.4994402521335672
5,16,0.7366951408240581,7.711839002331906,0.055166703321835285,9,11,12,2,13.018145513270238,structural,2.4994402521335672
6,16,0.7892393651920996,7.711839002331906,0.05254422436804147,9,11,12,2,12.704954043939845,structural,2.4994402521335672
7,16,0.8339391823069932,7.711839002331906,0.044699817114893584,9,11,12,2,11.718269419029122,structural,2.4994402521335672
8,16,0.8744351574084022,7.711839002331906,0.04049597510140905,9,11,12,2,11.153637770320884,structural,2.4994402521335672
9,16,0.9137763272647628,7.711839002331906,0.03934116985636065,9,11,12,2,10.99345595337244,structural,2.4994402521335672
10,16,0.9484540154092052,7.711839002331906,0.0346776881444424,9,11,12,2,10.321330242741343,structural,2.4994402521335672
11,16,0.9792799642407397,7.711839002331906,0.030825948831534538,9,11,12,2,9.731254534255802,structural,2.4994402521335672
12,16,1.0,7.711839002331906,0.020720035759260357,9,11,12,2,7.978217210157156,structural,2.4994402521335672
1,19,0.555332354138941,6.893613894131023,0.555332354138941,11,18,43,2,539.5869617464797,acquisition,1.8007234632502715
2,19,0.6853688375700876,6.893613894131023,0.1300364834311466,11,18,43,2,261.106430072392,acquisition,1.8007234632502715
3,19,0.7372443795560394,6.893613894131023,0.05187554198595184,11,18,43,2,164.9173252170029,acquisition,1.8007234632502715
4,19,0.7814584373571516,6.893613894131023,0.04421405780111223,11,18,43,2,152.25275017689998,acquisition,1.8007234632502715
5,19,0.8151395772477408,6.893613894131023,0.0336811398905892,11,18,43,2,132.88573087791337,acquisition,1.8007234632502715
6,19,0.8377189955199094,6.893613894131023,0.022579418272168597,11,18,43,2,108.80311598055785,acquisition,1.8007234632502715
7,19,0.8569448996296076,6.893613894131023,0.019225904109698246,11,18,43,2,100.39875902552515,acquisition,1.8007234632502715
8,19,0.8734039209500245,6.893613894131023,0.016459021320416895,11,18,43,2,92.89385001192882,acquisition,1.8007234632502715
9,19,0.8871258639434269,6.893613894131023,0.013721942993402347,11,18,43,2,84.81892505876814,acquisition,1.8007234632502715
10,19,0.8984054846350426,6.893613894131023,0.01127962069161568,11,18,43,2,76.90103883021216,acquisition,1.8007234632502715
11,19,0.9083654853147064,6.893613894131023,0.009960000679663872,11,18,43,2,72.26277628447173,acquisition,1.8007234632502715
12,19,0.9168056812209684,6.893613894131023,0.008440195906261957,11,18,43,2,66.52137574721577,acquisition,1.8007234632502715
13,19,0.9239210026958032,6.893613894131023,0.007115321474834807,11,18,43,2,61.07763637697671,acquisition,1.8007234632502715
14,19,0.9304824950156997,6.893613894131023,0.006561492319896407,11,18,43,2,58.65246529698343,acquisition,1.8007234632502715
15,19,0.936338543630214,6.893613894131023,0.005856048614514232,11,18,43,2,55.409890958261556,acquisition,1.8007234632502715
16,19,0.9416851003855661,6.893613894131023,0.005346556755352066,11,18,43,2,52.94464607635056,acquisition,1.8007234632502715
17,19,0.9466705342291297,6.893613894131023,0.0049854338435636825,11,18,43,2,51.125366883517955,acquisition,1.8007234632502715
18,19,0.9508873058736419,6.893613894131023,0.004216771644512218,11,18,43,2,47.019174513787675,acquisition,1.8007234632502715
19,19,0.9547435390683027,6.893613894131023,0.0038562331946607664,11,18,43,2,44.96417228374501,acquisition,1.8007234632502715
20,19,0.9583335471024741,6.893613894131023,0.0035900080341714205,11,18,43,2,43.384307441973355,acquisition,1.8007234632502715
21,19,0.9618251784910559,6.893613894131023,0.003491631388581785,11,18,43,2,42.78575040193599,acquisition,1.8007234632502715
22,19,0.9645516574679996,6.893613894131023,0.002726478976943764,11,18,43,2,37.80820294412168,acquisition,1.8007234632502715
23,19,0.9672580156952385,6.893613894131023,0.0027063582272388673,11,18,43,2,37.66843694982061,acquisition,1.8007234632502715
24,19,0.9697617891416863,6.893613894131023,0.002503773446447799,11,18,43,2,36.231179565275305,acquisition,1.8007234632502715
25,19,0.9719909667242114,6.893613894131023,0.002229177582525084,11,18,43,2,34.18670876798336,acquisition,1.8007234632502715
26,19,0.9739868457362006,6.893613894131023,0.0019958790119893126,11,18,43,2,32.348344863962545,acquisition,1.8007234632502715
27,19,0.9756265202771632,6.893613894131023,0.0016396745409626354,11,18,43,2,29.319987819441838,acquisition,1.8007234632502715
28,19,0.9770894712610048,6.893613894131023,0.001462950983841582,11,18,43,2,27.694902877900383,acquisition,1.8007234632502715
29,19,0.9784350746084669,6.893613894131023,0.0013456033474621978,11,18,43,2,26.560942901829755,acquisition,1.8007234632502715
30,19,0.9797347950366428,6.893613894131023,0.001299720428175905,11,18,43,2,26.104172537115375,acquisition,1.8007234632502715
31,19,0.9809008823982409,6.893613894131023,0.0011660873615980873,11,18,43,2,24.725808594210577,acquisition,1.8007234632502715
32,19,0.9820446404614317,6.893613894131023,0.0011437580631907744,11,18,43,2,24.48792819807679,acquisition,1.8007234632502715
33,19,0.9830795918340358,6.893613894131023,0.001034951372604153,11,18,43,2,23.294046132861627,acquisition,1.8007234632502715
34,19,0.9840076445017384,6.893613894131023,0.0009280526677025395,11,18,43,2,22.058260970539557,acquisition,1.8007234632502715
35,19,0.9848827747066928,6.893613894131023,0.0008751302049544202,11,18,43,2,21.420090216783468,acquisition,1.8007234632502715
36,19,0.9857058715787639,6.893613894131023,0.0008230968720711028,11,18,43,2,20.773536359137655,acquisition,1.8007234632502715
37,19,0.9865096493154634,6.893613894131023,0.0008037777366994887,11,18,43,2,20.52829807896167,acquisition,1.8007234632502715
38,19,0.9872070410962831,6.893613894131023,0.0006973917808196983,11,18,43,2,19.12156222651271,acquisition,1.8007234632502715
39,19,0.987850878212598,6.893613894131023,0.0006438371163148616,11,18,43,2,18.37269914951219,acquisition,1.8007234632502715
40,19,0.9884357493684821,6.893613894131023,0.0005848711558841446,11,18,43,2,17.5111658257292,acquisition,1.8007234632502715
41,19,0.9890127242737701,6.893613894131023,0.0005769749052880174,11,18,43,2,17.392556429221205,acquisition,1.8007234632502715
42,19,0.9895279320492606,6.893613894131023,0.00051520777549054,11,18,43,2,16.435244269446805,acquisition,1.8007234632502715
43,19,0.9900217726078782,6.893613894131023,0.0004938405586175215,11,18,43,2,16.090825920270934,acquisition,1.8007234632502715
44,19,0.9904876147363127,6.893613894131023,0.0004658421284346154,11,18,43,2,15.628033716137404,acquisition,1.8007234632502715
45,19,0.9909434190028513,6.893613894131023,0.0004558042665385619,11,18,43,2,15.458742099374367,acquisition,1.8007234632502715
46,19,0.9913942065687099,6.893613894131023,0.00045078756585861075,11,18,43,2,15.37343524814409,acquisition,1.8007234632502715
47,19,0.9918025148613259,6.893613894131023,0.0004083082926160091,11,18,43,2,14.631170087148261,acquisition,1.8007234632502715
48,19,0.9921866460411173,6.893613894131023,0.0003841311797914222,11,18,43,2,14.191383582670333,acquisition,1.8007234632502715
49,19,0.9925661744635724,6.893613894131023,0.00037952842245509897,11,18,43,2,14.106104974518615,acquisition,1.8007234632502715
50,19,0.9929392446928802,6.893613894131023,0.000373070229307812,11,18,43,2,13.985572722750184,acquisition,1.8007234632502715
51,19,0.9932670314362457,6.893613894131023,0.00032778674336548125,11,18,43,2,13.109334693477063,acquisition,1.8007234632502715
52,19,0.9935769742475405,6.893613894131023,0.00030994281129486056,11,18,43,2,12.7475211962232,acquisition,1.8007234632502715
53,19,0.9938628495856464,6.893613894131023,0.00028587533810588384,11,18,43,2,12.242589973729315,acquisition,1.8007234632502715
54,19,0.9941456978454549,6.893613894131023,0.0002828482598084796,11,18,43,2,12.177600274211175,acquisition,1.8007234632502715
55,19,0.9944032354703076,6.893613894131023,0.00025753762485273315,11,18,43,2,11.619977894074914,acquisition,1.8007234632502715
56,19,0.9946388905719832,6.893613894131023,0.00023565510167558937,11,18,43,2,11.115356132274455,acquisition,1.8007234632502715
57,19,0.9948679524518239,6.893613894131023,0.00022906187984073596,11,18,43,2,10.958758819224908,acquisition,1.8007234632502715
58,19,0.9950930798822637,6.893613894131023,0.00022512743043977347,11,18,43,2,10.864235373481554,acquisition,1.8007234632502715
59,19,0.9953021103756919,6.893613894131023,0.00020903049342829467,11,18,43,2,10.468628340834996,acquisition,1.8007234632502715
60,19,0.9954914647328995,6.893613894131023,0.00018935435720759502,11,18,43,2,9.963745140842148,acquisition,1.8007234632502715
61,19,0.9956741040789572,6.893613894131023,0.00018263934605766742,11,18,43,2,9.785479930278447,acquisition,1.8007234632502715
62,19,0.9958495070059652,6.893613894131023,0.00017540292700800393,11,18,43,2,9.589663695624175,acquisition,1.8007234632502715
63,19,0.9960207120101513,6.893613894131023,0.00017120500418614737,11,18,43,2,9.474213911177369,acquisition,1.8007234632502715
64,19,0.9961819114457549,6.893613894131023,0.00016119943560351894,11,18,43,2,9.193200187839798,acquisition,1.8007234632502715
65,19,0.9963363072814518,6.893613894131023,0.00015439583569701562,11,18,43,2,8.997104195568532,acquisition,1.8007234632502715
66,19,0.9964791713941837,6.893613894131023,0.00014286411273192303,11,18,43,2,8.654590685641605,acquisition,1.8007234632502715
67,19,0.9966165945867115,6.893613894131023,0.00013742319252777735,11,18,43,2,8.488187719649188,acquisition,1.8007234632502715
68,19,0.9967476353121636,6.893613894131023,0.00013104072545206045,11,18,43,2,8.288732102427357,acquisition,1.8007234632502715
69,19,0.9968721002886215,6.893613894131023,0.00012446497645790736,11,18,43,2,8.078087247434462,acquisition,1.8007234632502715
70,19,0.99699169588122,6.893613894131023,0.00011959559259852133,11,18,43,2,7.918493168039833,acquisition,1.8007234632502715
71,19,0.9971064081821072,6.893613894131023,0.00011471230088713226,11,18,43,2,7.755145569717745,acquisition,1.8007234632502715
72,19,0.9972174602006161,6.893613894131023,0.00011105201850892113,11,18,43,2,7.630415498516788,acquisition,1.8007234632502715
73,19,0.9973241023841584,6.893613894131023,0.00010664218354224049,11,18,43,2,7.477380365140866,acquisition,1.8007234632502715
74,19,0.9974269904192318,6.893613894131023,0.00010288803507341215,11,18,43,2,7.34458726768013,acquisition,1.8007234632502715
75,19,0.9975266029859774,6.893613894131023,9.961256674560331e-05,11,18,43,2,7.226733244967524,acquisition,1.8007234632502715
76,19,0.9976237205487395,6.893613894131023,9.711756276211898e-05,11,18,43,2,7.135655032681009,acquisition,1.8007234632502715
77,19,0.9977156212186419,6.893613894131023,9.190066990235753e-05,11,18,43,2,6.941355661667769,acquisition,1.8007234632502715
78,19,0.9978005038689787,6.893613894131023,8.488265033681667e-05,11,18,43,2,6.671053513485626,acquisition,1.8007234632502715
79,19,0.9978802066732485,6.893613894131023,7.970280426985845e-05,11,18,43,2,6.4643038175069965,acquisition,1.8007234632502715
80,19,0.9979592897262022,6.893613894131023,7.90830529536507e-05,11,18,43,2,6.4391222745777705,acquisition,1.8007234632502715
81,19,0.9980348492898641,6.893613894131023,7.555956366192193e-05,11,18,43,2,6.29404262085837,acquisition,1.8007234632502715
82,19,0.9981068805829231,6.893613894131023,7.203129305895028e-05,11,18,43,2,6.145335025471834,acquisition,1.8007234632502715
83,19,0.9981763323723218,6.893613894131023,6.945178939877935e-05,11,18,43,2,6.034296956589658,acquisition,1.8007234632502715
84,19,0.9982422561689814,6.893613894131023,6.592379665956305e-05,11,18,43,2,5.879035252747594,acquisition,1.8007234632502715
85,19,0.9983069133982866,6.893613894131023,6.465722930520819e-05,11,18,43,2,5.822285585401061,acquisition,1.8007234632502715
86,19,0.9983692215833636,6.893613894131023,6.230818507696776e-05,11,18,43,2,5.715543170831032,acquisition,1.8007234632502715
87,19,0.9984288443869128,6.893613894131023,5.9622803549188187e-05,11,18,43,2,5.591021411799168,acquisition,1.8007234632502715
88,19,0.9984862263937622,6.893613894131023,5.738200684933587e-05,11,18,43,2,5.484951923857181,acquisition,1.8007234632502715
89,19,0.9985401356349762,6.893613894131023,5.3909241214094016e-05,11,18,43,2,5.316386767124351,acquisition,1.8007234632502715
90,19,0.9985929403896531,6.893613894131023,5.280475467686927e-05,11,18,43,2,5.261644155587341,acquisition,1.8007234632502715
91,19,0.9986423106604215,6.893613894131023,4.93702707684258e-05,11,18,43,2,5.087655699891298,acquisition,1.8007234632502715
92,19,0.9986902699457526,6.893613894131023,4.795928533107006e-05,11,18,43,2,5.014426965033596,acquisition,1.8007234632502715
93,19,0.9987367412767556,6.893613894131023,4.6471331003024255e-05,11,18,43,2,4.936026862661261,acquisition,1.8007234632502715
94,19,0.9987802209900358,6.893613894131023,4.347971328026139e-05,11,18,43,2,4.77450436341634,acquisition,1.8007234632502715
95,19,0.9988226921591151,6.893613894131023,4.247116907931382e-05,11,18,43,2,4.718805388470187,acquisition,1.8007234632502715
96,19,0.9988626875946386,6.893613894131023,3.999543552344416e-05,11,18,43,2,4.579205924580754,acquisition,1.8007234632502715
97,19,0.9989009143903521,6.893613894131023,3.8226795713482446e-05,11,18,43,2,4.476812512383144,acquisition,1.8007234632502715
98,19,0.9989386375389034,6.893613894131023,3.772314855132562e-05,11,18,43,2,4.447223190674985,acquisition,1.8007234632502715
99,19,0.9989747495656947,6.893613894131023,3.611202679122423e-05,11,18,43,2,4.35121848478301,acquisition,1.8007234632502715
100,19,0.999009369132802,6.893613894131023,3.461956710734315e-05,11,18,43,2,4.26035486779854,acquisition,1.8007234632502715
101,19,0.9990427386125026,6.893613894131023,3.336947970051081e-05,11,18,43,2,4.182728508189529,acquisition,1.8007234632502715
102,19,0.9990749876399915,6.893613894131023,3.2249027488846684e-05,11,18,43,2,4.111906872008708,acquisition,1.8007234632502715
103,19,0.9991064114034013,6.893613894131023,3.142376340983178e-05,11,18,43,2,4.058953322054083,acquisition,1.8007234632502715
104,19,0.9991374008415692,6.893613894131023,3.098943816790202e-05,11,18,43,2,4.030805199730322,acquisition,1.8007234632502715
105,19,0.9991671357204143,6.893613894131023,2.9734878845049652e-05,11,18,43,2,3.9483718365819325,acquisition,1.8007234632502715
106,19,0.9991964487675294,6.893613894131023,2.9313047115138517e-05,11,18,43,2,3.9202651499486274,acquisition,1.8007234632502715
107,19,0.9992239147090132,6.893613894131023,2.7465941483768678e-05,11,18,43,2,3.794741562826394,acquisition,1.8007234632502715
108,19,0.9992502539875461,6.893613894131023,2.6339278532908048e-05,11,18,43,2,3.716095755421446,acquisition,1.8007234632502715
109,19,0.9992755432838887,6.893613894131023,2.5289296342585997e-05,11,18,43,2,3.641273760768575,acquisition,1.8007234632502715
110,19,0.9993003605800644,6.893613894131023,2.4817296175716144e-05,11,18,43,2,3.607133290768981,acquisition,1.8007234632502715
111,19,0.9993244496233294,6.893613894131023,2.4089043264962436e-05,11,18,43,2,3.5538143332623076,acquisition,1.8007234632502715
112,19,0.9993477101415982,6.893613894131023,2.3260518268713008e-05,11,18,43,2,3.492164171694538,acquisition,1.8007234632502715
113,19,0.9993696119394805,6.893613894131023,2.1901797882280397e-05,11,18,43,2,3.3886353902574142,acquisition,1.8007234632502715
114,19,0.999391317024549,6.893613894131023,2.170508506844592e-05,11,18,43,2,3.373383411408399,acquisition,1.8007234632502715
115,19,0.9994127741730412,6.893613894131023,2.145714849219665e-05,11,18,43,2,3.3540610412866356,acquisition,1.8007234632502715
116,19,0.9994326528458608,6.893613894131023,1.987867281958963e-05,11,18,43,2,3.2283354248338263,acquisition,1.8007234632502715
117,19,0.9994519597314588,6.893613894131023,1.9306885598029844e-05,11,18,43,2,3.1815669781445535,acquisition,1.8007234632502715
118,19,0.9994700992136363,6.893613894131023,1.8139482177403504e-05,11,18,43,2,3.083879509939797,acquisition,1.8007234632502715
119,19,0.9994878912745929,6.893613894131023,1.7792060956690635e-05,11,18,43,2,3.0542043243472454,acquisition,1.8007234632502715
120,19,0.9995052750603408,6.893613894131023,1.7383785747893216e-05,11,18,43,2,3.018958473081641,acquisition,1.8007234632502715
121,19,0.9995216627035909,6.893613894131023,1.6387643250083272e-05,11,18,43,2,2.931184863549151,acquisition,1.8007234632502715
122,19,0.9995373450312978,6.893613894131023,1.568232770685641e-05,11,18,43,2,2.8674128110148924,acquisition,1.8007234632502715
123,19,0.9995524885872835,6.893613894131023,1.5143555985757476e-05,11,18,43,2,2.817726864098224,acquisition,1.8007234632502715
124,19,0.9995670965090055,6.893613894131023,1.4607921722070792e-05,11,18,43,2,2.7674461266339128,acquisition,1.8007234632502715
125,19,0.9995812853319166,6.893613894131023,1.4188822911056059e-05,11,18,43,2,2.727458448151274,acquisition,1.8007234632502715
126,19,0.9995952366241844,6.893613894131023,1.3951292267801738e-05,11,18,43,2,2.7045323293503505,acquisition,1.8007234632502715
127,19,0.9996083644847322,6.893613894131023,1.3127860547895954e-05,11,18,43,2,2.62350524126316,acquisition,1.8007234632502715
128,19,0.9996212050653949,6.893613894131023,1.2840580662643267e-05,11,18,43,2,2.5946410839374123,acquisition,1.8007234632502715
129,19,0.9996333968472997,6.893613894131023,1.2191781904760311e-05,11,18,43,2,2.5282414740848966,acquisition,1.8007234632502715
130,19,0.9996453841652451,6.893613894131023,1.198731794542451e-05,11,18,43,2,2.506951724898332,acquisition,1.8007234632502715
131,19,0.9996567610566325,6.893613894131023,1.1376891387455872e-05,11,18,43,2,2.442287376978078,acquisition,1.8007234632502715
132,19,0.9996680026205657,6.893613894131023,1.1241563933167653e-05,11,18,43,2,2.427718490968959,acquisition,1.8007234632502715
133,19,0.9996790126852055,6.893613894131023,1.1010064639923212e-05,11,18,43,2,2.402591261520789,acquisition,1.8007234632502715
134,19,0.9996897393470727,6.893613894131023,1.0726661867137452e-05,11,18,43,2,2.3714679202969955,acquisition,1.8007234632502715
135,19,0.9997001554299833,6.893613894131023,1.0416082910555928e-05,11,18,43,2,2.3368840957586117,acquisition,1.8007234632502715
136,19,0.9997100926562938,6.893613894131023,9.937226310624066e-06,11,18,43,2,2.2825355436322274,acquisition,1.8007234632502715
137,19,0.9997197664010512,6.893613894131023,9.673744757302004e-06,11,18,43,2,2.2520719995853486,acquisition,1.8007234632502715
138,19,0.9997291462513607,6.893613894131023,9.379850309487748e-06,11,18,43,2,2.217598466598656,acquisition,1.8007234632502715
139,19,0.9997382790248284,6.893613894131023,9.13277346766607e-06,11,18,43,2,2.1881964116175006,acquisition,1.8007234632502715
140,19,0.9997468428063592,6.893613894131023,8.563781530762877e-06,11,18,43,2,2.1189355561697965,acquisition,1.8007234632502715
141,19,0.999755258019098,6.893613894131023,8.41521273891424e-06,11,18,43,2,2.100474959731695,acquisition,1.8007234632502715
142,19,0.999763372687513,6.893613894131023,8.114668414987471e-06,11,18,43,2,2.062625335332849,acquisition,1.8007234632502715
143,19,0.9997712933251269,6.893613894131023,7.920637613898058e-06,11,18,43,2,2.0378162952816385,acquisition,1.8007234632502715
144,19,0.9997789831895193,6.893613894131023,7.689864392396965e-06,11,18,43,2,2.007910262576746,acquisition,1.8007234632502715
145,19,0.9997863145433461,6.893613894131023,7.33135382680777e-06,11,18,43,2,1.960546055350241,acquisition,1.8007234632502715
146,19,0.9997935961682083,6.893613894131023,7.281624862176121e-06,11,18,43,2,1.9538854970905004,acquisition,1.8007234632502715
147,19,0.9998005243978818,6.893613894131023,6.928229673541242e-06,11,18,43,2,1.9058823885753255,acquisition,1.8007234632502715
148,19,0.9998071657027816,6.893613894131023,6.641304899756306e-06,11,18,43,2,1.8660001241381075,acquisition,1.8007234632502715
149,19,0.9998135083776694,6.893613894131023,6.342674887787939e-06,11,18,43,2,1.8235647319381239,acquisition,1.8007234632502715
150,19,0.9998196955284726,6.893613894131023,6.187150803233639e-06,11,18,43,2,1.8010688272039346,acquisition,1.8007234632502715
151,19,0.9998257526045963,6.893613894131023,6.057076123630594e-06,11,18,43,2,1.7820360060071836,acquisition,1.8007234632502715
152,19,0.999831577927352,6.893613894131023,5.825322755713138e-06,11,18,43,2,1.747611746626615,acquisition,1.8007234632502715
153,19,0.9998373007203822,6.893613894131023,5.722793030217173e-06,11,18,43,2,1.7321638814576696,acquisition,1.8007234632502715
154,19,0.9998427598776399,6.893613894131023,5.459157257704921e-06,11,18,43,2,1.6917950940724458,acquisition,1.8007234632502715
155,19,0.9998480150928367,6.893613894131023,5.255215196786754e-06,11,18,43,2,1.6598934499216906,acquisition,1.8007234632502715
156,19,0.9998531617603093,6.893613894131023,5.146667472527261e-06,11,18,43,2,1.642661254135,acquisition,1.8007234632502715
157,19,0.9998580206947995,6.893613894131023,4.858934490211036e-06,11,18,43,2,1.5960830323024433,acquisition,1.8007234632502715
158,19,0.9998627744510306,6.893613894131023,4.753756231131768e-06,11,18,43,2,1.5787138267930674,acquisition,1.8007234632502715
159,19,0.9998674132849339,6.893613894131023,4.638833903285385e-06,11,18,43,2,1.5595143312857649,acquisition,1.8007234632502715
160,19,0.9998719169741678,6.893613894131023,4.503689233915174e-06,11,18,43,2,1.5366295002605272,acquisition,1.8007234632502715
161,19,0.9998762978391644,6.893613894131023,4.380864996648104e-06,11,18,43,2,1.5155312426217546,acquisition,1.8007234632502715
162,19,0.9998806411660917,6.893613894131023,4.343326927210362e-06,11,18,43,2,1.5090242503065565,acquisition,1.8007234632502715
163,19,0.9998848688166981,6.893613894131023,4.2276506064464736e-06,11,18,43,2,1.4887936328291465,acquisition,1.8007234632502715
164,19,0.9998888829565987,6.893613894131023,4.0141399005696675e-06,11,18,43,2,1.4507120252447998,acquisition,1.8007234632502715
165,19,0.9998928185339252,6.893613894131023,3.93557732652588e-06,11,18,43,2,1.436445601256657,acquisition,1.8007234632502715
166,19,0.9998966432366133,6.893613894131023,3.824702688069358e-06,11,18,43,2,1.4160669909727104,acquisition,1.8007234632502715
167,19,0.9999004177634009,6.893613894131023,3.7745267875646266e-06,11,18,43,2,1.4067477031787476,acquisition,1.8007234632502715
168,19,0.9999039921118846,6.893613894131023,3.574348483712743e-06,11,18,43,2,1.368936820247299,acquisition,1.8007234632502715
169,19,0.9999074314379237,6.893613894131023,3.4393260390664078e-06,11,18,43,2,1.342831847391939,acquisition,1.8007234632502715
170,19,0.999910803216117,6.893613894131023,3.3717781933087313e-06,11,18,43,2,1.3295799507413788,acquisition,1.8007234632502715
171,19,0.9999140821575685,6.893613894131023,3.2789414514722477e-06,11,18,43,2,1.3111482203433298,acquisition,1.8007234632502715
172,19,0.999917214189299,6.893613894131023,3.1320317304814196e-06,11,18,43,2,1.2814392892020448,acquisition,1.8007234632502715
173,19,0.999920252910843,6.893613894131023,3.038721543925405e-06,11,18,43,2,1.2622064969019775,acquisition,1.8007234632502715
174,19,0.9999231559357494,6.893613894131023,2.9030249064833724e-06,11,18,43,2,1.2337022015747372,acquisition,1.8007234632502715
175,19,0.9999259865464701,6.893613894131023,2.83061072072883e-06,11,18,43,2,1.2182180566505636,acquisition,1.8007234632502715
176,19,0.999928705827475,6.893613894131023,2.7192810048287244e-06,11,18,43,2,1.1940211051148306,acquisition,1.8007234632502715
177,19,0.9999313080465285,6.893613894131023,2.6022190535384917e-06,11,18,43,2,1.168037766145251,acquisition,1.8007234632502715
178,19,0.9999338928101706,6.893613894131023,2.584763642100303e-06,11,18,43,2,1.1641136372319856,acquisition,1.8007234632502715
179,19,0.999936391075716,6.893613894131023,2.4982655453716583e-06,11,18,43,2,1.1444695916676053,acquisition,1.8007234632502715
180,19,0.9999387575472546,6.893613894131023,2.3664715385915937e-06,11,18,43,2,1.1138728069331385,acquisition,1.8007234632502715
181,19,0.9999409500656007,6.893613894131023,2.1925183461046785e-06,11,18,43,2,1.0721525351565089,acquisition,1.8007234632502715
182,19,0.9999430781659736,6.893613894131023,2.128100372965749e-06,11,18,43,2,1.056284757222912,acquisition,1.8007234632502715
183,19,0.9999451749442413,6.893613894131023,2.0967782676651098e-06,11,18,43,2,1.0484825627532413,acquisition,1.8007234632502715
184,19,0.9999472347018175,6.893613894131023,2.0597575762031316e-06,11,18,43,2,1.039185344446498,acquisition,1.8007234632502715
185,19,0.9999492833803575,6.893613894131023,2.0486785400394277e-06,11,18,43,2,1.036386788028577,acquisition,1.8007234632502715
186,19,0.999951229145838,6.893613894131023,1.9457654805110745e-06,11,18,43,2,1.010020540507068,acquisition,1.8007234632502715
187,19,0.9999530988701816,6.893613894131023,1.8697243435996641e-06,11,18,43,2,0.9900878933999648,acquisition,1.8007234632502715
188,19,0.9999549306244663,6.893613894131023,1.8317542847285952e-06,11,18,43,2,0.9799830561962718,acquisition,1.8007234632502715
189,19,0.9999567415624495,6.893613894131023,1.8109379832001794e-06,11,18,43,2,0.9743988163663044,acquisition,1.8007234632502715
190,19,0.9999584415685033,6.893613894131023,1.7000060538202435e-06,11,18,43,2,0.944083033395531,acquisition,1.8007234632502715
191,19,0.9999601134548124,6.893613894131023,1.6718863090737768e-06,11,18,43,2,0.9362424521520437,acquisition,1.8007234632502715
192,19,0.9999617370670393,6.893613894131023,1.6236122268356286e-06,11,18,43,2,0.9226269057334051,acquisition,1.8007234632502715
193,19,0.9999632797932312,6.893613894131023,1.5427261919300285e-06,11,18,43,2,0.8993513383070102,acquisition,1.8007234632502715
194,19,0.9999647731585191,6.893613894131023,1.4933652878376505e-06,11,18,43,2,0.8848465968911366,acquisition,1.8007234632502715
195,19,0.9999661962953628,6.893613894131023,1.4231368437170385e-06,11,18,43,2,0.8637902346743208,acquisition,1.8007234632502715
196,19,0.9999676126319605,6.893613894131023,1.416336597824837e-06,11,18,43,2,0.8617240174211159,acquisition,1.8007234632502715
197,19,0.9999689924516635,6.893613894131023,1.3798197029827863e-06,11,18,43,2,0.8505427164096102,acquisition,1.8007234632502715
198,19,0.9999703540799062,6.893613894131023,1.3616282426996225e-06,11,18,43,2,0.8449173617037936,acquisition,1.8007234632502715
199,19,0.999971632246818,6.893613894131023,1.2781669117779502e-06,11,18,43,2,0.8186132016051523,acquisition,1.8007234632502715
200,19,0.9999728737970143,6.893613894131023,1.2415501963627176e-06,11,18,43,2,0.8068022492225813,acquisition,1.8007234632502715
201,19,0.9999740435517643,6.893613894131023,1.1697547500872067e-06,11,18,43,2,0.7831273066454273,acquisition,1.8007234632502715
202,19,0.9999751813861578,6.893613894131023,1.1378343934875283e-06,11,18,43,2,0.7723683826340828,acquisition,1.8007234632502715
203,19,0.9999762950143509,6.893613894131023,1.1136281930932743e-06,11,18,43,2,0.7641085643417997,acquisition,1.8007234632502715
204,19,0.9999773466788425,6.893613894131023,1.0516644915628653e-06,11,18,43,2,0.7425463439762606,acquisition,1.8007234632502715
205,19,0.9999783905353354,6.893613894131023,1.0438564928720736e-06,11,18,43,2,0.7397847206687317,acquisition,1.8007234632502715
206,19,0.999979409288789,6.893613894131023,1.0187534536399888e-06,11,18,43,2,0.7308352828798033,acquisition,1.8007234632502715
207,19,0.9999803817496351,6.893613894131023,9.72460846095762e-07,11,18,43,2,0.7140375004702866,acquisition,1.8007234632502715
208,19,0.9999813317122984,6.893613894131023,9.499626632591403e-07,11,18,43,2,0.705729427468352,acquisition,1.8007234632502715
209,19,0.9999822712224364,6.893613894131023,9.395101380451565e-07,11,18,43,2,0.7018360857461083,acquisition,1.8007234632502715
210,19,0.999983169275294,6.893613894131023,8.980528575490168e-07,11,18,43,2,0.6861766074260027,acquisition,1.8007234632502715
211,19,0.9999840212353414,6.893613894131023,8.519600473851182e-07,11,18,43,2,0.6683355664061644,acquisition,1.8007234632502715
212,19,0.9999848358263367,6.893613894131023,8.145909953318042e-07,11,18,43,2,0.6535137976818246,acquisition,1.8007234632502715
213,19,0.9999855963015535,6.893613894131023,7.604752168534664e-07,11,18,43,2,0.6314333143679307,acquisition,1.8007234632502715
214,19,0.9999863367076399,6.893613894131023,7.404060864741823e-07,11,18,43,2,0.6230457657872139,acquisition,1.8007234632502715
215,19,0.9999870552620872,6.893613894131023,7.185544473248297e-07,11,18,43,2,0.6137829209737268,acquisition,1.8007234632502715
216,19,0.9999877505643883,6.893613894131023,6.953023010538478e-07,11,18,43,2,0.6037703643065959,acquisition,1.8007234632502715
217,19,0.9999884217741535,6.893613894131023,6.712097652317896e-07,11,18,43,2,0.5932176880318424,acquisition,1.8007234632502715
218,19,0.9999890478625346,6.893613894131023,6.26088381140977e-07,11,18,43,2,0.5729316060156224,acquisition,1.8007234632502715
219,19,0.9999896435679158,6.893613894131023,5.957053810958948e-07,11,18,43,2,0.558857032562,acquisition,1.8007234632502715
220,19,0.9999902227904194,6.893613894131023,5.792225036748687e-07,11,18,43,2,0.5510711460480302,acquisition,1.8007234632502715
221,19,0.9999907707010953,6.893613894131023,5.479106759073969e-07,11,18,43,2,0.5359692084906904,acquisition,1.8007234632502715
222,19,0.9999913086860696,6.893613894131023,5.379849742587679e-07,11,18,43,2,0.5310923330120486,acquisition,1.8007234632502715
223,19,0.9999918123673922,6.893613894131023,5.03681322629988e-07,11,18,43,2,0.5138813805529745,acquisition,1.8007234632502715
224,19,0.9999923022687306,6.893613894131023,4.899013383466557e-07,11,18,43,2,0.5068031105657218,acquisition,1.8007234632502715
225,19,0.9999927822617266,6.893613894131023,4.799929960073069e-07,11,18,43,2,0.5016518393175478,acquisition,1.8007234632502715
226,19,0.9999932248289974,6.893613894131023,4.4256727088044477e-07,11,18,43,2,0.48169773646485664,acquisition,1.8007234632502715
227,19,0.9999936580080584,6.893613894131023,4.331790610097786e-07,11,18,43,2,0.47656120649785866,acquisition,1.8007234632502715
228,19,0.9999940722579188,6.893613894131023,4.142498603619724e-07,11,18,43,2,0.46603243534056477,acquisition,1.8007234632502715
229,19,0.9999944772051754,6.893613894131023,4.049472566385108e-07,11,18,43,2,0.46076999391072704,acquisition,1.8007234632502715
230,19,0.9999948518349931,6.893613894131023,3.746298177320365e-07,11,18,43,2,0.44318609847229395,acquisition,1.8007234632502715
231,19,0.9999951989246033,6.893613894131023,3.4708961011680095e-07,11,18,43,2,0.42658518200813916,acquisition,1.8007234632502715
232,19,0.9999955348646147,6.893613894131023,3.359400114086908e-07,11,18,43,2,0.4196776342640141,acquisition,1.8007234632502715
233,19,0.9999958601663327,6.893613894131023,3.253017180309561e-07,11,18,43,2,0.4129791606643292,acquisition,1.8007234632502715
234,19,0.999996170447714,6.893613894131023,3.1028138140762765e-07,11,18,43,2,0.40333212727904805,acquisition,1.8007234632502715
235,19,0.9999964642995528,6.893613894131023,2.9385183880223184e-07,11,18,43,2,0.39250858953906276,acquisition,1.8007234632502715
236,19,0.9999967498298709,6.893613894131023,2.855303180905014e-07,11,18,43,2,0.3869109967564023,acquisition,1.8007234632502715
237,19,0.9999970252916903,6.893613894131023,2.754618194940246e-07,11,18,43,2,0.38002806004146994,acquisition,1.8007234632502715
238,19,0.9999972840018472,6.893613894131023,2.5871015687474215e-07,11,18,43,2,0.36829150238302366,acquisition,1.8007234632502715
239,19,0.9999975312296404,6.893613894131023,2.4722779319296153e-07,11,18,43,2,0.3600257841287917,acquisition,1.8007234632502715
240,19,0.999997764106756,6.893613894131023,2.3287711555911194e-07,11,18,43,2,0.3494204876109236,acquisition,1.8007234632502715
241,19,0.9999979891381102,6.893613894131023,2.2503135426372923e-07,11,18,43,2,0.3434839714807985,acquisition,1.8007234632502715
242,19,0.9999982058338021,6.893613894131023,2.1669569185647457e-07,11,18,43,2,0.3370622359328426,acquisition,1.8007234632502715
243,19,0.9999984114818972,6.893613894131023,2.0564809509961366e-07,11,18,43,2,0.32835777512278613,acquisition,1.8007234632502715
244,19,0.9999985989525196,6.893613894131023,1.8747062241506552e-07,11,18,43,2,0.31351012373566156,acquisition,1.8007234632502715
245,19,0.9999987728789513,6.893613894131023,1.739264317394437e-07,11,18,43,2,0.3019727488430196,acquisition,1.8007234632502715
246,19,0.9999989363091506,6.893613894131023,1.6343019929796232e-07,11,18,43,2,0.2927191355711649,acquisition,1.8007234632502715
247,19,0.9999990949746949,6.893613894131023,1.5866554421312766e-07,11,18,43,2,0.2884205971223488,acquisition,1.8007234632502715
248,19,0.9999992437844747,6.893613894131023,1.4880977979489962e-07,11,18,43,2,0.2793191397471865,acquisition,1.8007234632502715
249,19,0.9999993900726627,6.893613894131023,1.4628818802490577e-07,11,18,43,2,0.27694248775368824,acquisition,1.8007234632502715
250,19,0.9999995210813891,6.893613894131023,1.3100872644099078e-07,11,18,43,2,0.2620807188029942,acquisition,1.8007234632502715
251,19,0.999999633551125,6.893613894131023,1.1246973588866857e-07,11,18,43,2,0.2428302553011017,acquisition,1.8007234632502715
252,19,0.9999997412560779,6.893613894131023,1.077049529297208e-07,11,18,43,2,0.23763083630206208,acquisition,1.8007234632502715
253,19,0.9999998436745229,6.893613894131023,1.0241844499924733e-07,11,18,43,2,0.23172561725403895,acquisition,1.8007234632502715
254,19,0.9999999300793524,6.893613894131023,8.640482953118007e-08,11,18,43,2,0.2128403515906777,acquisition,1.8007234632502715
255,19,0.9999999999999997,6.893613894131023,6.992064727846342e-08,11,18,43,2,0.19146424292888478,acquisition,1.8007234632502715
256,19,0.9999999999999997,6.893613894131023,1.344570041491464e-32,11,18,43,2,8.39608205006047e-14,acquisition,1.8007234632502715
1,19,0.40784067846257305,7.280628753352612,0.40784067846257305,9,10,12,2,35.39613770225537,structural,2.451937859091632
2,19,0.5610621961118958,7.280628753352612,0.15322151764932268,9,10,12,2,21.695541067664553,structural,2.451937859091632
3,19,0.6483924422420156,7.280628753352612,0.08733024613011982,9,10,12,2,16.379209874463665,structural,2.451937859091632
4,19,0.7088323378291959,7.280628753352612,0.06043989558718022,9,10,12,2,13.626127815480729,structural,2.451937859091632
5,19,0.7592674309800239,7.280628753352612,0.050435093150828086,9,10,12,2,12.44735337970863,structural,2.451937859091632
6,19,0.8065868718365417,7.280628753352612,0.04731944085651772,9,10,12,2,12.05675421957429,structural,2.451937859091632
7,19,0.8493693431196173,7.280628753352612,0.04278247128307569,9,10,12,2,11.464194336350396,structural,2.451937859091632
8,19,0.8888299327493793,7.280628753352612,0.03946058962976197,9,10,12,2,11.010128579750045,structural,2.451937859091632
9,19,0.9240627602671098,7.280628753352612,0.035232827517730526,9,10,12,2,10.403616973652392,structural,2.451937859091632
10,19,0.9563238305749338,7.280628753352612,0.032261070307824026,9,10,12,2,9.955200047494545,structural,2.451937859091632
11,19,0.9869010591292652,7.280628753352612,0.030577228554331384,9,10,12,2,9.691916534871005,structural,2.451937859091632
12,19,1.0,7.280628753352612,0.013098940870734772,9,10,12,2,6.3434963825084045,structural,2.451937859091632
1,20,0.6251174358136117,5.699178728449503,0.6251174358136117,9,16,39,2,572.4871790597992,acquisition,1.5996994207951758
2,20,0.7013192159365338,5.699178728449503,0.07620178012292207,9,16,39,2,199.8791607373979,acquisition,1.5996994207951758
3,20,0.7620641601835992,5.699178728449503,0.06074494424706547,9,16,39,2,178.45964622122685,acquisition,1.5996994207951758
4,20,0.8027101548409492,5.699178728449503,0.04064599465734998,9,16,39,2,145.9801604565247,acquisition,1.5996994207951758
5,20,0.8358759148910234,5.699178728449503,0.03316576005007422,9,16,39,2,131.865120502479,acquisition,1.5996994207951758
6,20,0.8575349128261991,5.699178728449503,0.02165899793517566,9,16,39,2,106.56243573341109,acquisition,1.5996994207951758
7,20,0.8761725533922455,5.699178728449503,0.018637640566046457,9,16,39,2,98.85085380051788,acquisition,1.5996994207951758
8,20,0.890064488819474,5.699178728449503,0.01389193542722849,9,16,39,2,85.34269178594478,acquisition,1.5996994207951758
9,20,0.9022777807196678,5.699178728449503,0.01221329190019383,9,16,39,2,80.0205122688478,acquisition,1.5996994207951758
10,20,0.912669414892251,5.699178728449503,0.010391634172583201,9,16,39,2,73.81198477940625,acquisition,1.5996994207951758
11,20,0.9217257282725038,5.699178728449503,0.009056313380252848,9,16,39,2,68.90657754892491,acquisition,1.5996994207951758
12,20,0.9300342899938527,5.699178728449503,0.008308561721348978,9,16,39,2,66.00060005607988,acquisition,1.5996994207951758
13,20,0.9368411193072461,5.699178728449503,0.006806829313393377,9,16,39,2,59.73892304905057,acquisition,1.5996994207951758
14,20,0.9429630612481936,5.699178728449503,0.0061219419409475374,9,16,39,2,56.65386744376328,acquisition,1.5996994207951758
15,20,0.9480365775552524,5.699178728449503,0.005073516307058819,9,16,39,2,51.57502998152548,acquisition,1.5996994207951758
16,20,0.9525388479265113,5.699178728449503,0.0045022703712589195,9,16,39,2,48.58483640403244,acquisition,1.5996994207951758
17,20,0.9567454824030387,5.699178728449503,0.004206634476527311,9,16,39,2,46.96262318514108,acquisition,1.5996994207951758
18,20,0.9605449521850782,5.699178728449503,0.0037994697820394868,9,16,39,2,44.63201108045567,acquisition,1.5996994207951758
19,20,0.9639173522752822,5.699178728449503,0.003372400090203976,9,16,39,2,42.04888700658867,acquisition,1.5996994207951758
20,20,0.9669999231646438,5.699178728449503,0.0030825708893615976,9,16,39,2,40.20142940794037,acquisition,1.5996994207951758
21,20,0.9696829139590651,5.699178728449503,0.0026829907944213756,9,16,39,2,37.5054646368445,acquisition,1.5996994207951758
22,20,0.9719901340745335,5.699178728449503,0.002307220115468352,9,16,39,2,34.779991660416925,acquisition,1.5996994207951758
23,20,0.9740286568156378,5.699178728449503,0.0020385227411043277,9,16,39,2,32.69209401197949,acquisition,1.5996994207951758
24,20,0.975956788313824,5.699178728449503,0.0019281314981862152,9,16,39,2,31.794593988932363,acquisition,1.5996994207951758
25,20,0.9776337056693319,5.699178728449503,0.0016769173555079477,9,16,39,2,29.651098571293282,acquisition,1.5996994207951758
26,20,0.979012239430729,5.699178728449503,0.0013785337613970614,9,16,39,2,26.88398610130838,acquisition,1.5996994207951758
27,20,0.980300181893304,5.699178728449503,0.0012879424625750174,9,16,39,2,25.985626369563047,acquisition,1.5996994207951758
28,20,0.9814776438862082,5.699178728449503,0.001177461992904105,9,16,39,2,24.846110225459984,acquisition,1.5996994207951758
29,20,0.9826237890510451,5.699178728449503,0.0011461451648368634,9,16,39,2,24.513468872886783,acquisition,1.5996994207951758
30,20,0.9837407498355439,5.699178728449503,0.0011169607844988482,9,16,39,2,24.19936230117091,acquisition,1.5996994207951758
31,20,0.9846768687094708,5.699178728449503,0.0009361188739268401,9,16,39,2,22.153913698788188,acquisition,1.5996994207951758
32,20,0.9855256221341476,5.699178728449503,0.0008487534246768559,9,16,39,2,21.094815370535464,acquisition,1.5996994207951758
33,20,0.9862919951528618,5.699178728449503,0.0007663730187141353,9,16,39,2,20.044953909540336,acquisition,1.5996994207951758
34,20,0.9870374454921735,5.699178728449503,0.00074545033931176,9,16,39,2,19.769437713225024,acquisition,1.5996994207951758
35,20,0.9877336050336885,5.699178728449503,0.0006961595415148675,9,16,39,2,19.10466156993488,acquisition,1.5996994207951758
36,20,0.9883837521750704,5.699178728449503,0.0006501471413818475,9,16,39,2,18.46251186758741,acquisition,1.5996994207951758
37,20,0.9890057015513953,5.699178728449503,0.0006219493763250146,9,16,39,2,18.05770180877647,acquisition,1.5996994207951758
38,20,0.9895490687337938,5.699178728449503,0.0005433671823984345,9,16,39,2,16.878415012237088,acquisition,1.5996994207951758
39,20,0.9900855650609344,5.699178728449503,0.0005364963271406008,9,16,39,2,16.771362090298187,acquisition,1.5996994207951758
40,20,0.990541929735873,5.699178728449503,0.0004563646749386013,9,16,39,2,15.468242391888268,acquisition,1.5996994207951758
41,20,0.9909765401853649,5.699178728449503,0.000434610449491846,9,16,39,2,15.095066854544926,acquisition,1.5996994207951758
42,20,0.991391625507558,5.699178728449503,0.0004150853221931932,9,16,39,2,14.752093187138724,acquisition,1.5996994207951758
43,20,0.9917799969323642,5.699178728449503,0.0003883714248061413,9,16,39,2,14.269494650083518,acquisition,1.5996994207951758
44,20,0.9921530634392943,5.699178728449503,0.0003730665069301673,9,16,39,2,13.985502950748803,acquisition,1.5996994207951758
45,20,0.9924991804387121,5.699178728449503,0.00034611699941780903,9,16,39,2,13.47089415706189,acquisition,1.5996994207951758
46,20,0.9928240270520376,5.699178728449503,0.0003248466133255165,9,16,39,2,13.050409235238883,acquisition,1.5996994207951758
47,20,0.9931358191004923,5.699178728449503,0.00031179204845466733,9,16,39,2,12.785492931451667,acquisition,1.5996994207951758
48,20,0.9934422507022636,5.699178728449503,0.00030643160177122966,9,16,39,2,12.675109925733755,acquisition,1.5996994207951758
49,20,0.9937097629556848,5.699178728449503,0.00026751225342128853,9,16,39,2,11.84286554520233,acquisition,1.5996994207951758
50,20,0.993966759944881,5.699178728449503,0.00025699698919619306,9,16,39,2,11.60777487168379,acquisition,1.5996994207951758
51,20,0.9942181273112458,5.699178728449503,0.00025136736636473196,9,16,39,2,11.479934397749515,acquisition,1.5996994207951758
52,20,0.9944565724379444,5.699178728449503,0.00023844512669856386,9,16,39,2,11.18096232828537,acquisition,1.5996994207951758
53,20,0.9946832910818835,5.699178728449503,0.0002267186439391376,9,16,39,2,10.902562285699748,acquisition,1.5996994207951758
54,20,0.9949080848414782,5.699178728449503,0.000224793759594684,9,16,39,2,10.85618121764636,acquisition,1.5996994207951758
55,20,0.9951247503396321,5.699178728449503,0.00021666549815395683,9,16,39,2,10.65810117685799,acquisition,1.5996994207951758
56,20,0.9953413012046859,5.699178728449503,0.0002165508650537685,9,16,39,2,10.655281316666873,acquisition,1.5996994207951758
57,20,0.9955510923691177,5.699178728449503,0.00020979116443176646,9,16,39,2,10.48765893884817,acquisition,1.5996994207951758
58,20,0.9957421728691539,5.699178728449503,0.00019108050003620092,9,16,39,2,10.00905655908586,acquisition,1.5996994207951758
59,20,0.995923362321801,5.699178728449503,0.000181189452647162,9,16,39,2,9.746561226887934,acquisition,1.5996994207951758
60,20,0.9960950707648453,5.699178728449503,0.0001717084430442236,9,16,39,2,9.488133440607266,acquisition,1.5996994207951758
61,20,0.9962522183810313,5.699178728449503,0.00015714761618606144,9,16,39,2,9.076927310216698,acquisition,1.5996994207951758
62,20,0.9964005048561039,5.699178728449503,0.00014828647507259237,9,16,39,2,8.817302276935916,acquisition,1.5996994207951758
63,20,0.9965435985484393,5.699178728449503,0.00014309369233546707,9,16,39,2,8.661541766174041,acquisition,1.5996994207951758
64,20,0.9966800777623884,5.699178728449503,0.0001364792139491571,9,16,39,2,8.458984225246885,acquisition,1.5996994207951758
65,20,0.9968073709009823,5.699178728449503,0.0001272931385938337,9,16,39,2,8.169349120161524,acquisition,1.5996994207951758
66,20,0.9969334089512858,5.699178728449503,0.0001260380503035223,9,16,39,2,8.128975170188003,acquisition,1.5996994207951758
67,20,0.9970567837956356,5.699178728449503,0.00012337484434972955,9,16,39,2,8.042633299761402,acquisition,1.5996994207951758
68,20,0.9971737399338302,5.699178728449503,0.0001169561381945856,9,16,39,2,7.830625759271277,acquisition,1.5996994207951758
69,20,0.997286034578058,5.699178728449503,0.00011229464422784986,9,16,39,2,7.6729873213065405,acquisition,1.5996994207951758
70,20,0.9973872736572407,5.699178728449503,0.0001012390791826737,9,16,39,2,7.285494790782957,acquisition,1.5996994207951758
71,20,0.9974852029241048,5.699178728449503,9.792926686414362e-05,9,16,39,2,7.165412721237215,acquisition,1.5996994207951758
72,20,0.9975801974016597,5.699178728449503,9.49944775549272e-05,9,16,39,2,7.0572278302686,acquisition,1.5996994207951758
73,20,0.9976704352101563,5.699178728449503,9.023780849658443e-05,9,16,39,2,6.878270141616803,acquisition,1.5996994207951758
74,20,0.9977570021639676,5.699178728449503,8.656695381126409e-05,9,16,39,2,6.736914358948019,acquisition,1.5996994207951758
75,20,0.9978418672323686,5.699178728449503,8.486506840101611e-05,9,16,39,2,6.670362582486196,acquisition,1.5996994207951758
76,20,0.9979207461241404,5.699178728449503,7.887889177178071e-05,9,16,39,2,6.430805269112364,acquisition,1.5996994207951758
77,20,0.9979974274351938,5.699178728449503,7.668131105340116e-05,9,16,39,2,6.340590761874288,acquisition,1.5996994207951758
78,20,0.9980705704209252,5.699178728449503,7.314298573132823e-05,9,16,39,2,6.1925753691906404,acquisition,1.5996994207951758
79,20,0.9981419963886418,5.699178728449503,7.142596771658715e-05,9,16,39,2,6.1194589435826785,acquisition,1.5996994207951758
80,20,0.9982108656975541,5.699178728449503,6.886930891241432e-05,9,16,39,2,6.008939359909689,acquisition,1.5996994207951758
81,20,0.9982770497937773,5.699178728449503,6.618409622314893e-05,9,16,39,2,5.890630479044012,acquisition,1.5996994207951758
82,20,0.9983377718673504,5.699178728449503,6.072207357315926e-05,9,16,39,2,5.642327047373673,acquisition,1.5996994207951758
83,20,0.9983963743717038,5.699178728449503,5.860250435335908e-05,9,16,39,2,5.5429766193277334,acquisition,1.5996994207951758
84,20,0.9984543932958514,5.699178728449503,5.8018924147592916e-05,9,16,39,2,5.515308305389027,acquisition,1.5996994207951758
85,20,0.9985089920465214,5.699178728449503,5.4598750670049926e-05,9,16,39,2,5.350277543389606,acquisition,1.5996994207951758
86,20,0.9985620887746042,5.699178728449503,5.3096728082747285e-05,9,16,39,2,5.276170711135814,acquisition,1.5996994207951758
87,20,0.9986142950146086,5.699178728449503,5.220624000448797e-05,9,16,39,2,5.231740165515961,acquisition,1.5996994207951758
88,20,0.9986651151161318,5.699178728449503,5.082010152310505e-05,9,16,39,2,5.161818418672405,acquisition,1.5996994207951758
89,20,0.9987129169372235,5.699178728449503,4.780182109172063e-05,9,16,39,2,5.006188288162563,acquisition,1.5996994207951758
90,20,0.998758757339757,5.699178728449503,4.5840402533525726e-05,9,16,39,2,4.9024048143229795,acquisition,1.5996994207951758
91,20,0.9988035280487902,5.699178728449503,4.477070903322033e-05,9,16,39,2,4.844867954610219,acquisition,1.5996994207951758
92,20,0.9988467250106944,5.699178728449503,4.319696190415082e-05,9,16,39,2,4.7589545871759915,acquisition,1.5996994207951758
93,20,0.9988875955838014,5.699178728449503,4.087057310695411e-05,9,16,39,2,4.629033488007917,acquisition,1.5996994207951758
94,20,0.9989273728494422,5.699178728449503,3.9777265640864634e-05,9,16,39,2,4.566699360404364,acquisition,1.5996994207951758
95,20,0.9989651583921032,5.699178728449503,3.7785542660990794e-05,9,16,39,2,4.450899526011066,acquisition,1.5996994207951758
96,20,0.9990022489458991,5.699178728449503,3.709055379590388e-05,9,16,39,2,4.409776895552296,acquisition,1.5996994207951758
97,20,0.9990365683858419,5.699178728449503,3.4319439942789075e-05,9,16,39,2,4.2418475371853,acquisition,1.5996994207951758
98,20,0.9990695117039499,5.699178728449503,3.2943318107980976e-05,9,16,39,2,4.155933873896109,acquisition,1.5996994207951758
99,20,0.9991013319051205,5.699178728449503,3.182020117063565e-05,9,16,39,2,4.084476665541158,acquisition,1.5996994207951758
100,20,0.9991322143483647,5.699178728449503,3.088244324426485e-05,9,16,39,2,4.023840752769563,acquisition,1.5996994207951758
101,20,0.9991625573278152,5.699178728449503,3.0342979450462482e-05,9,16,39,2,3.9885410879322865,acquisition,1.5996994207951758
102,20,0.9991917350474573,5.699178728449503,2.9177719642112074e-05,9,16,39,2,3.911205476029564,acquisition,1.5996994207951758
103,20,0.999219664748458,5.699178728449503,2.7929701000708706e-05,9,16,39,2,3.8266443626576483,acquisition,1.5996994207951758
104,20,0.9992463930053406,5.699178728449503,2.6728256882526222e-05,9,16,39,2,3.743434832400038,acquisition,1.5996994207951758
105,20,0.9992719026594519,5.699178728449503,2.550965411126327e-05,9,16,39,2,3.6571034350543044,acquisition,1.5996994207951758
106,20,0.9992967480972172,5.699178728449503,2.484543776535473e-05,9,16,39,2,3.6091778669279098,acquisition,1.5996994207951758
107,20,0.9993201857538448,5.699178728449503,2.3437656627574128e-05,9,16,39,2,3.5054360809972813,acquisition,1.5996994207951758
108,20,0.9993421853898989,5.699178728449503,2.1999636054123922e-05,9,16,39,2,3.3961956933522717,acquisition,1.5996994207951758
109,20,0.9993634928666828,5.699178728449503,2.1307476783910063e-05,9,16,39,2,3.3423426497118207,acquisition,1.5996994207951758
110,20,0.9993842464296816,5.699178728449503,2.0753562998796894e-05,9,16,39,2,3.298612441241502,acquisition,1.5996994207951758
111,20,0.9994042472996995,5.699178728449503,2.000087001782645e-05,9,16,39,2,3.238242754937651,acquisition,1.5996994207951758
112,20,0.9994239413479562,5.699178728449503,1.9694048256709658e-05,9,16,39,2,3.2133087577159136,acquisition,1.5996994207951758
113,20,0.9994424692710325,5.699178728449503,1.852792307630844e-05,9,16,39,2,3.1167238783427056,acquisition,1.5996994207951758
114,20,0.9994603430802365,5.699178728449503,1.787380920388046e-05,9,16,39,2,3.0612127792566257,acquisition,1.5996994207951758
115,20,0.999478013961556,5.699178728449503,1.7670881319590554e-05,9,16,39,2,3.0437856404953174,acquisition,1.5996994207951758
116,20,0.9994953150475504,5.699178728449503,1.730108599445794e-05,9,16,39,2,3.0117688778959053,acquisition,1.5996994207951758
117,20,0.9995113301159264,5.699178728449503,1.6015068376023846e-05,9,16,39,2,2.8976728884966962,acquisition,1.5996994207951758
118,20,0.9995272017147249,5.699178728449503,1.587159879847965e-05,9,16,39,2,2.8846644156395898,acquisition,1.5996994207951758
119,20,0.9995425902756274,5.699178728449503,1.5388560902522947e-05,9,16,39,2,2.840429160965284,acquisition,1.5996994207951758
120,20,0.9995577519410491,5.699178728449503,1.5161665421666591e-05,9,16,39,2,2.819411151392207,acquisition,1.5996994207951758
121,20,0.9995718969980876,5.699178728449503,1.4145057038439258e-05,9,16,39,2,2.723248733510995,acquisition,1.5996994207951758
122,20,0.9995850976479537,5.699178728449503,1.3200649866045472e-05,9,16,39,2,2.630768389077466,acquisition,1.5996994207951758
123,20,0.9995980826728704,5.699178728449503,1.2985024916787633e-05,9,16,39,2,2.609193887692663,acquisition,1.5996994207951758
124,20,0.9996106395955621,5.699178728449503,1.2556922691685294e-05,9,16,39,2,2.5658222627801592,acquisition,1.5996994207951758
125,20,0.9996227718189811,5.699178728449503,1.2132223419008036e-05,9,16,39,2,2.522058514766238,acquisition,1.5996994207951758
126,20,0.999634480969021,5.699178728449503,1.170915003985207e-05,9,16,39,2,2.4776938584284296,acquisition,1.5996994207951758
127,20,0.9996459100814485,5.699178728449503,1.1429112427600135e-05,9,16,39,2,2.447886128160707,acquisition,1.5996994207951758
128,20,0.999657206574852,5.699178728449503,1.1296493403484233e-05,9,16,39,2,2.4336425237749975,acquisition,1.5996994207951758
129,20,0.9996679443776464,5.699178728449503,1.0737802794409526e-05,9,16,39,2,2.372699127886926,acquisition,1.5996994207951758
130,20,0.999678209449794,5.699178728449503,1.026507214763704e-05,9,16,39,2,2.3198823560991895,acquisition,1.5996994207951758
131,20,0.99968823038467,5.699178728449503,1.0020934876040443e-05,9,16,39,2,2.29212912033539,acquisition,1.5996994207951758
132,20,0.9996978176299312,5.699178728449503,9.587245261123571e-06,9,16,39,2,2.2419807411001442,acquisition,1.5996994207951758
133,20,0.9997072988608883,5.699178728449503,9.481230957130476e-06,9,16,39,2,2.2295505412643197,acquisition,1.5996994207951758
134,20,0.9997165658904128,5.699178728449503,9.267029524512182e-06,9,16,39,2,2.204221489630169,acquisition,1.5996994207951758
135,20,0.9997256699543878,5.699178728449503,9.104063974994369e-06,9,16,39,2,2.1847543324872585,acquisition,1.5996994207951758
136,20,0.9997343788839518,5.699178728449503,8.708929563897263e-06,9,16,39,2,2.1368170869769285,acquisition,1.5996994207951758
137,20,0.9997429520310401,5.699178728449503,8.573147088384562e-06,9,16,39,2,2.1200938990230984,acquisition,1.5996994207951758
138,20,0.9997510197623125,5.699178728449503,8.067731272329413e-06,9,16,39,2,2.0566513300282674,acquisition,1.5996994207951758
139,20,0.9997590141740171,5.699178728449503,7.994411704581648e-06,9,16,39,2,2.0472845732266194,acquisition,1.5996994207951758
140,20,0.9997666349288492,5.699178728449503,7.62075483208707e-06,9,16,39,2,1.998867256574399,acquisition,1.5996994207951758
141,20,0.9997741041637462,5.699178728449503,7.469234897033019e-06,9,16,39,2,1.9788962139777937,acquisition,1.5996994207951758
142,20,0.9997811534820072,5.699178728449503,7.04931826105753e-06,9,16,39,2,1.9224653371266096,acquisition,1.5996994207951758
143,20,0.9997880000909392,5.699178728449503,6.846608931933843e-06,9,16,39,2,1.894622628310379,acquisition,1.5996994207951758
144,20,0.9997946686695474,5.699178728449503,6.668578608229518e-06,9,16,39,2,1.8698277303942832,acquisition,1.5996994207951758
145,20,0.9998010873809474,5.699178728449503,6.418711400111257e-06,9,16,39,2,1.8344626904196033,acquisition,1.5996994207951758
146,20,0.9998074188124322,5.699178728449503,6.331431484718864e-06,9,16,39,2,1.8219477353262037,acquisition,1.5996994207951758
147,20,0.9998135832924913,5.699178728449503,6.164480059025108e-06,9,16,39,2,1.79776609190021,acquisition,1.5996994207951758
148,20,0.9998195856871396,5.699178728449503,6.002394648332795e-06,9,16,39,2,1.7739739246632413,acquisition,1.5996994207951758
149,20,0.999825464047193,5.699178728449503,5.878360053383621e-06,9,16,39,2,1.7555493828623536,acquisition,1.5996994207951758
150,20,0.9998311641230193,5.699178728449503,5.700075826380437e-06,9,16,39,2,1.7287224632257618,acquisition,1.5996994207951758
151,20,0.9998367069887093,5.699178728449503,5.542865689994441e-06,9,16,39,2,1.7047163889855121,acquisition,1.5996994207951758
152,20,0.9998420921096398,5.699178728449503,5.3851209304880085e-06,9,16,39,2,1.6802839886173098,acquisition,1.5996994207951758
153,20,0.9998471715515207,5.699178728449503,5.079441880895797e-06,9,16,39,2,1.631897798531236,acquisition,1.5996994207951758
154,20,0.9998521011093624,5.699178728449503,4.92955784175584e-06,9,16,39,2,1.6076405138396097,acquisition,1.5996994207951758
155,20,0.9998569010620246,5.699178728449503,4.799952662246406e-06,9,16,39,2,1.5863661561518017,acquisition,1.5996994207951758
156,20,0.9998616182924099,5.699178728449503,4.717230385296865e-06,9,16,39,2,1.5726370478424199,acquisition,1.5996994207951758
157,20,0.999866192040472,5.699178728449503,4.5737480620878975e-06,9,16,39,2,1.548535186547577,acquisition,1.5996994207951758
158,20,0.9998705893468429,5.699178728449503,4.397306370866388e-06,9,16,39,2,1.5183724716184748,acquisition,1.5996994207951758
159,20,0.9998748167949302,5.699178728449503,4.227448087270551e-06,9,16,39,2,1.488757973204141,acquisition,1.5996994207951758
160,20,0.9998789235881547,5.699178728449503,4.1067932244594275e-06,9,16,39,2,1.4673589901811293,acquisition,1.5996994207951758
161,20,0.9998829558110068,5.699178728449503,4.032222852184561e-06,9,16,39,2,1.4539759470933962,acquisition,1.5996994207951758
162,20,0.999886781052081,5.699178728449503,3.825241074130953e-06,9,16,39,2,1.4161666541314861,acquisition,1.5996994207951758
163,20,0.9998904698193093,5.699178728449503,3.6887672283582855e-06,9,16,39,2,1.3906747975790414,acquisition,1.5996994207951758
164,20,0.9998941578109075,5.699178728449503,3.6879915982462243e-06,9,16,39,2,1.3905285826121359,acquisition,1.5996994207951758
165,20,0.9998977502239148,5.699178728449503,3.5924130073074035e-06,9,16,39,2,1.372391719144058,acquisition,1.5996994207951758
166,20,0.9999012344037663,5.699178728449503,3.4841798514876935e-06,9,16,39,2,1.3515597234220835,acquisition,1.5996994207951758
167,20,0.9999046555587999,5.699178728449503,3.4211550336354706e-06,9,16,39,2,1.3392798550992517,acquisition,1.5996994207951758
168,20,0.999907895999945,5.699178728449503,3.2404411451319127e-06,9,16,39,2,1.3034279447284072,acquisition,1.5996994207951758
169,20,0.9999110316668115,5.699178728449503,3.135666866516712e-06,9,16,39,2,1.2821827132325225,acquisition,1.5996994207951758
170,20,0.9999141251519562,5.699178728449503,3.0934851446889304e-06,9,16,39,2,1.2735294026989206,acquisition,1.5996994207951758
171,20,0.999917094515642,5.699178728449503,2.969363685818295e-06,9,16,39,2,1.2477186173614232,acquisition,1.5996994207951758
172,20,0.999919954461147,5.699178728449503,2.859945504954015e-06,9,16,39,2,1.2245142338500317,acquisition,1.5996994207951758
173,20,0.9999227474332725,5.699178728449503,2.7929721254185387e-06,9,16,39,2,1.2100916368983938,acquisition,1.5996994207951758
174,20,0.9999254683286413,5.699178728449503,2.7208953687521193e-06,9,16,39,2,1.1943754816188712,acquisition,1.5996994207951758
175,20,0.9999281283363511,5.699178728449503,2.660007709866338e-06,9,16,39,2,1.1809361211303522,acquisition,1.5996994207951758
176,20,0.9999307138599581,5.699178728449503,2.5855236069792263e-06,9,16,39,2,1.164284759350531,acquisition,1.5996994207951758
177,20,0.9999332191358119,5.699178728449503,2.505275853721954e-06,9,16,39,2,1.146074197770884,acquisition,1.5996994207951758
178,20,0.9999356207264463,5.699178728449503,2.4015906343277286e-06,9,16,39,2,1.1221074594219644,acquisition,1.5996994207951758
179,20,0.9999379361175421,5.699178728449503,2.315391095803573e-06,9,16,39,2,1.1017857172956378,acquisition,1.5996994207951758
180,20,0.9999402131095704,5.699178728449503,2.276992028261952e-06,9,16,39,2,1.0926113657258933,acquisition,1.5996994207951758
181,20,0.9999423723692358,5.699178728449503,2.1592596654230205e-06,9,16,39,2,1.0639896293974411,acquisition,1.5996994207951758
182,20,0.9999444447731116,5.699178728449503,2.0724038758164415e-06,9,16,39,2,1.042370607434827,acquisition,1.5996994207951758
183,20,0.9999464562811574,5.699178728449503,2.0115080458067053e-06,9,16,39,2,1.0269418339516145,acquisition,1.5996994207951758
184,20,0.9999484256518743,5.699178728449503,1.969370716785437e-06,9,16,39,2,1.016128650497565,acquisition,1.5996994207951758
185,20,0.9999503581864356,5.699178728449503,1.9325345613560957e-06,9,16,39,2,1.0065806873292693,acquisition,1.5996994207951758
186,20,0.9999522586361121,5.699178728449503,1.9004496765491489e-06,9,16,39,2,0.998189841672715,acquisition,1.5996994207951758
187,20,0.999954107086644,5.699178728449503,1.8484505318369297e-06,9,16,39,2,0.9844391461312983,acquisition,1.5996994207951758
188,20,0.9999558998116013,5.699178728449503,1.7927249572751066e-06,9,16,39,2,0.9694865560696809,acquisition,1.5996994207951758
189,20,0.9999576042191295,5.699178728449503,1.7044075282505262e-06,9,16,39,2,0.9453044029154902,acquisition,1.5996994207951758
190,20,0.9999592532843345,5.699178728449503,1.649065205057969e-06,9,16,39,2,0.929830682559697,acquisition,1.5996994207951758
191,20,0.9999608721106011,5.699178728449503,1.6188262665466345e-06,9,16,39,2,0.921266077545028,acquisition,1.5996994207951758
192,20,0.9999624047059488,5.699178728449503,1.5325953476221759e-06,9,16,39,2,0.8963935238577614,acquisition,1.5996994207951758
193,20,0.9999639185132998,5.699178728449503,1.5138073510781027e-06,9,16,39,2,0.8908821630732293,acquisition,1.5996994207951758
194,20,0.9999653659392436,5.699178728449503,1.4474259437662034e-06,9,16,39,2,0.8711303307802426,acquisition,1.5996994207951758
195,20,0.999966741403088,5.699178728449503,1.375463844517402e-06,9,16,39,2,0.8491991451446117,acquisition,1.5996994207951758
196,20,0.9999680821748144,5.699178728449503,1.34077172629413e-06,9,16,39,2,0.8384214494127022,acquisition,1.5996994207951758
197,20,0.9999693949423469,5.699178728449503,1.3127675325763156e-06,9,16,39,2,0.8296193489302013,acquisition,1.5996994207951758
198,20,0.9999706660543598,5.699178728449503,1.2711120128779934e-06,9,16,39,2,0.8163508896349517,acquisition,1.5996994207951758
199,20,0.9999719061157865,5.699178728449503,1.24006142665295e-06,9,16,39,2,0.8063183771048639,acquisition,1.5996994207951758
200,20,0.9999730903099648,5.699178728449503,1.1841941783827779e-06,9,16,39,2,0.7879459355793071,acquisition,1.5996994207951758
201,20,0.9999742294170406,5.699178728449503,1.1391070757291753e-06,9,16,39,2,0.7728002138456599,acquisition,1.5996994207951758
202,20,0.9999753618609323,5.699178728449503,1.1324438916299463e-06,9,16,39,2,0.7705366591245877,acquisition,1.5996994207951758
203,20,0.9999764477465406,5.699178728449503,1.0858856083473684e-06,9,16,39,2,0.7545308435241231,acquisition,1.5996994207951758
204,20,0.9999774758057768,5.699178728449503,1.0280592361351033e-06,9,16,39,2,0.734165594940815,acquisition,1.5996994207951758
205,20,0.999978487350872,5.699178728449503,1.0115450952057356e-06,9,16,39,2,0.7282451200490289,acquisition,1.5996994207951758
206,20,0.9999794801677402,5.699178728449503,9.928168681654717e-07,9,16,39,2,0.721472085514567,acquisition,1.5996994207951758
207,20,0.9999804540023624,5.699178728449503,9.738346221986224e-07,9,16,39,2,0.7145416757637522,acquisition,1.5996994207951758
208,20,0.9999813715253726,5.699178728449503,9.175230102884726e-07,9,16,39,2,0.6935750168641619,acquisition,1.5996994207951758
209,20,0.9999822487854689,5.699178728449503,8.772600963327624e-07,9,16,39,2,0.6781865092923267,acquisition,1.5996994207951758
210,20,0.9999830899069863,5.699178728449503,8.411215172984786e-07,9,16,39,2,0.664070717665961,acquisition,1.5996994207951758
211,20,0.999983897082364,5.699178728449503,8.071753777959404e-07,9,16,39,2,0.6505323700430885,acquisition,1.5996994207951758
212,20,0.9999846813249549,5.699178728449503,7.842425909120244e-07,9,16,39,2,0.6412245936519304,acquisition,1.5996994207951758
213,20,0.99998545598923,5.699178728449503,7.746642751407217e-07,9,16,39,2,0.637296778184998,acquisition,1.5996994207951758
214,20,0.9999861945891796,5.699178728449503,7.385999495164629e-07,9,16,39,2,0.6222853769229092,acquisition,1.5996994207951758
215,20,0.9999869122070436,5.699178728449503,7.176178640095838e-07,9,16,39,2,0.613382779906525,acquisition,1.5996994207951758
216,20,0.999987602340747,5.699178728449503,6.901337033747811e-07,9,16,39,2,0.601522085276141,acquisition,1.5996994207951758
217,20,0.9999882726684372,5.699178728449503,6.703276900797576e-07,9,16,39,2,0.5928277692353284,acquisition,1.5996994207951758
218,20,0.9999889120136813,5.699178728449503,6.393452441559208e-07,9,16,39,2,0.5789654906538206,acquisition,1.5996994207951758
219,20,0.999989523162148,5.699178728449503,6.111484666530208e-07,9,16,39,2,0.5660545974414295,acquisition,1.5996994207951758
220,20,0.9999901214823675,5.699178728449503,5.983202195846343e-07,9,16,39,2,0.5600822361810707,acquisition,1.5996994207951758
221,20,0.9999906967167357,5.699178728449503,5.752343681735129e-07,9,16,39,2,0.549170717009706,acquisition,1.5996994207951758
222,20,0.9999912397416707,5.699178728449503,5.430249350244302e-07,9,16,39,2,0.5335742283263767,acquisition,1.5996994207951758
223,20,0.9999917766444409,5.699178728449503,5.36902770195832e-07,9,16,39,2,0.5305578946547043,acquisition,1.5996994207951758
224,20,0.9999922921136584,5.699178728449503,5.154692174558518e-07,9,16,39,2,0.5198599090923376,acquisition,1.5996994207951758
225,20,0.9999927774757186,5.699178728449503,4.853620602496279e-07,9,16,39,2,0.5044497039786591,acquisition,1.5996994207951758
226,20,0.9999932552170908,5.699178728449503,4.777413722743788e-07,9,16,39,2,0.5004738440587974,acquisition,1.5996994207951758
227,20,0.9999937167179472,5.699178728449503,4.61500856400835e-07,9,16,39,2,0.4918936480588877,acquisition,1.5996994207951758
228,20,0.999994153757347,5.699178728449503,4.3703939981118523e-07,9,16,39,2,0.47867996913199384,acquisition,1.5996994207951758
229,20,0.9999945716076704,5.699178728449503,4.178503233515946e-07,9,16,39,2,0.46805331996404076,acquisition,1.5996994207951758
230,20,0.9999949774412868,5.699178728449503,4.058336165089714e-07,9,16,39,2,0.46127399138934283,acquisition,1.5996994207951758
231,20,0.9999953605476981,5.699178728449503,3.8310641128380167e-07,9,16,39,2,0.4481719470908032,acquisition,1.5996994207951758
232,20,0.9999957169342616,5.699178728449503,3.563865635255588e-07,9,16,39,2,0.43226056796530504,acquisition,1.5996994207951758
233,20,0.9999960533268911,5.699178728449503,3.3639262952052326e-07,9,16,39,2,0.4199602587698698,acquisition,1.5996994207951758
234,20,0.9999963855943171,5.699178728449503,3.3226742599454604e-07,9,16,39,2,0.4173773163934864,acquisition,1.5996994207951758
235,20,0.9999967091933931,5.699178728449503,3.2359907603059006e-07,9,16,39,2,0.41189696815335497,acquisition,1.5996994207951758
236,20,0.9999970011174316,5.699178728449503,2.919240385341526e-07,9,16,39,2,0.3912189544423861,acquisition,1.5996994207951758
237,20,0.9999972859772974,5.699178728449503,2.848598658247298e-07,9,16,39,2,0.3864564779292953,acquisition,1.5996994207951758
238,20,0.9999975537407065,5.699178728449503,2.677634091560534e-07,9,16,39,2,0.3746800531915315,acquisition,1.5996994207951758
239,20,0.999997805307319,5.699178728449503,2.515666124039972e-07,9,16,39,2,0.36317124897776093,acquisition,1.5996994207951758
240,20,0.9999980433452563,5.699178728449503,2.3803793734016596e-07,9,16,39,2,0.3532710490433668,acquisition,1.5996994207951758
241,20,0.9999982705674363,5.699178728449503,2.272221799761604e-07,9,16,39,2,0.3451519408830568,acquisition,1.5996994207951758
242,20,0.9999984803705375,5.699178728449503,2.0980310118070973e-07,9,16,39,2,0.33165833068359957,acquisition,1.5996994207951758
243,20,0.9999986711839149,5.699178728449503,1.9081337739833473e-07,9,16,39,2,0.31629284533390584,acquisition,1.5996994207951758
244,20,0.999998848923922,5.699178728449503,1.7774000706907678e-07,9,16,39,2,0.30526538098223993,acquisition,1.5996994207951758
245,20,0.9999990031987256,5.699178728449503,1.542748035690386e-07,9,16,39,2,0.28440187800646477,acquisition,1.5996994207951758
246,20,0.9999991511748441,5.699178728449503,1.4797611846206243e-07,9,16,39,2,0.27853564080066623,acquisition,1.5996994207951758
247,20,0.9999992937158816,5.699178728449503,1.4254103756261973e-07,9,16,39,2,0.27337255806249233,acquisition,1.5996994207951758
248,20,0.9999994264556286,5.699178728449503,1.3273974693519297e-07,9,16,39,2,0.26380647535865837,acquisition,1.5996994207951758
249,20,0.9999995462470495,5.699178728449503,1.1979142092394264e-07,9,16,39,2,0.2506096656024504,acquisition,1.5996994207951758
250,20,0.9999996545150927,5.699178728449503,1.0826804324737364e-07,9,16,39,2,0.238251203266802,acquisition,1.5996994207951758
251,20,0.9999997531575305,5.699178728449503,9.864243785925346e-08,9,16,39,2,0.22741382205211771,acquisition,1.5996994207951758
252,20,0.9999998386230747,5.699178728449503,8.546554415797346e-08,9,16,39,2,0.21168032316560642,acquisition,1.5996994207951758
253,20,0.9999999103700834,5.699178728449503,7.174700864622828e-08,9,16,39,2,0.1939486933936749,acquisition,1.5996994207951758
254,20,0.9999999667110475,5.699178728449503,5.6340964138203004e-08,9,16,39,2,0.17186882034298764,acquisition,1.5996994207951758
255,20,1.0000000000000002,5.699178728449503,3.3288952727671955e-08,9,16,39,2,0.1321097969405966,acquisition,1.5996994207951758
256,20,1.0000000000000002,5.699178728449503,1.4895043960736968e-32,9,16,39,2,8.837020316875401e-14,acquisition,1.5996994207951758
1,20,0.3984763160515071,7.5043763405484185,0.3984763160515071,9,10,11,2,34.98741549343463,structural,2.5095594385859057
2,20,0.5424844392964917,7.5043763405484185,0.14400812324498466,9,10,11,2,21.033139437768032,structural,2.5095594385859057
3,20,0.6236431945322012,7.5043763405484185,0.08115875523570944,9,10,11,2,15.789860546695762,structural,2.5095594385859057
4,20,0.6891906803261758,7.5043763405484185,0.06554748579397461,9,10,11,2,14.190203534801395,structural,2.5095594385859057
5,20,0.7454538001471223,7.5043763405484185,0.0562631198209464,9,10,11,2,13.146874308745305,structural,2.5095594385859057
6,20,0.7951862149789284,7.5043763405484185,0.04973241483180609,9,10,11,2,12.360338925907667,structural,2.5095594385859057
7,20,0.8407635091925848,7.5043763405484185,0.045577294213656395,9,10,11,2,11.83272782685178,structural,2.5095594385859057
8,20,0.8850985778217826,7.5043763405484185,0.04433506862919776,9,10,11,2,11.670361212443064,structural,2.5095594385859057
9,20,0.9234435861595117,7.5043763405484185,0.03834500833772917,9,10,11,2,10.853380377260534,structural,2.5095594385859057
10,20,0.9583756456156155,7.5043763405484185,0.0349320594561038,9,10,11,2,10.359116113315405,structural,2.5095594385859057
11,20,0.9901935415097654,7.5043763405484185,0.03181789589414986,9,10,11,2,9.886585668815517,structural,2.5095594385859057
12,20,1.0,7.5043763405484185,0.009806458490234699,9,10,11,2,5.488664726689088,structural,2.5095594385859057
1,24,0.609852287326856,5.9579645591564105,0.609852287326856,9,15,40,2,565.4540087558162,acquisition,1.6397413288113827
2,24,0.6892600703898386,5.9579645591564105,0.07940778306298259,9,15,40,2,204.04055422029467,acquisition,1.6397413288113827
3,24,0.7411288136809202,5.9579645591564105,0.05186874329108159,9,15,40,2,164.90651801124957,acquisition,1.6397413288113827
4,24,0.7837960086578899,5.9579645591564105,0.04266719497696966,9,15,40,2,149.56569900911595,acquisition,1.6397413288113827
5,24,0.820287297691772,5.9579645591564105,0.03649128903388208,9,15,40,2,138.31827408190128,acquisition,1.6397413288113827
6,24,0.8503211894571733,5.9579645591564105,0.030033891765401242,9,15,40,2,125.48469646095768,acquisition,1.6397413288113827
7,24,0.8745735124946032,5.9579645591564105,0.02425232303743,9,15,40,2,112.761704229087,acquisition,1.6397413288113827
8,24,0.8922831189161544,5.9579645591564105,0.017709606421551217,9,15,40,2,96.35836305968591,acquisition,1.6397413288113827
9,24,0.9052031784993988,5.9579645591564105,0.012920059583244395,9,15,40,2,82.30329397284191,acquisition,1.6397413288113827
10,24,0.9162459183317794,5.9579645591564105,0.01104273983238056,9,15,40,2,76.08926324547464,acquisition,1.6397413288113827
11,24,0.9256790753918831,5.9579645591564105,0.009433157060103739,9,15,40,2,70.3256073470231,acquisition,1.6397413288113827
12,24,0.9342097726727643,5.9579645591564105,0.008530697280881194,9,15,40,2,66.87706793811043,acquisition,1.6397413288113827
13,24,0.9409541301417147,5.9579645591564105,0.006744357468950465,9,15,40,2,59.46415465371639,acquisition,1.6397413288113827
14,24,0.9468984173097956,5.9579645591564105,0.005944287168080937,9,15,40,2,55.82578643224668,acquisition,1.6397413288113827
15,24,0.9523472058333186,5.9579645591564105,0.005448788523522941,9,15,40,2,53.44842782927104,acquisition,1.6397413288113827
16,24,0.9569084358852822,5.9579645591564105,0.0045612300519635995,9,15,40,2,48.90192410819733,acquisition,1.6397413288113827
17,24,0.9607219225183404,5.9579645591564105,0.003813486633058277,9,15,40,2,44.71426260012411,acquisition,1.6397413288113827
18,24,0.9643056530498633,5.9579645591564105,0.0035837305315228733,9,15,40,2,43.34635985767506,acquisition,1.6397413288113827
19,24,0.9670441866159001,5.9579645591564105,0.0027385335660368476,9,15,40,2,37.89169152030992,acquisition,1.6397413288113827
20,24,0.9694907695072134,5.9579645591564105,0.002446582891313286,9,15,40,2,35.81499756974527,acquisition,1.6397413288113827
21,24,0.9715794518712626,5.9579645591564105,0.0020886823640492496,9,15,40,2,33.091858504512146,acquisition,1.6397413288113827
22,24,0.973601789633888,5.9579645591564105,0.0020223377626253456,9,15,40,2,32.56205492427216,acquisition,1.6397413288113827
23,24,0.9753235996948837,5.9579645591564105,0.0017218100609957157,9,15,40,2,30.04537157798721,acquisition,1.6397413288113827
24,24,0.9768166154771719,5.9579645591564105,0.001493015782288166,9,15,40,2,27.978031711760888,acquisition,1.6397413288113827
25,24,0.9782431928957087,5.9579645591564105,0.001426577418536823,9,15,40,2,27.348444592148816,acquisition,1.6397413288113827
26,24,0.9796171748421726,5.9579645591564105,0.0013739819464639123,9,15,40,2,26.839564950789935,acquisition,1.6397413288113827
27,24,0.9808729414315098,5.9579645591564105,0.0012557665893371847,9,15,40,2,25.65898192817505,acquisition,1.6397413288113827
28,24,0.9820012868985553,5.9579645591564105,0.001128345467045402,9,15,40,2,24.322376286586383,acquisition,1.6397413288113827
29,24,0.983023422817472,5.9579645591564105,0.0010221359189167487,9,15,40,2,23.149375729315558,acquisition,1.6397413288113827
30,24,0.9839651432739885,5.9579645591564105,0.0009417204565164959,9,15,40,2,22.220097540427687,acquisition,1.6397413288113827
31,24,0.9848202429271254,5.9579645591564105,0.0008550996531369237,9,15,40,2,21.17353269872204,acquisition,1.6397413288113827
32,24,0.9856353822546425,5.9579645591564105,0.0008151393275171298,9,15,40,2,20.672875168812414,acquisition,1.6397413288113827
33,24,0.986418512011517,5.9579645591564105,0.0007831297568744904,9,15,40,2,20.26291030361169,acquisition,1.6397413288113827
34,24,0.9870987851445356,5.9579645591564105,0.0006802731330186872,9,15,40,2,18.88541872355764,acquisition,1.6397413288113827
35,24,0.9877693266635141,5.9579645591564105,0.0006705415189785093,9,15,40,2,18.749849916791458,acquisition,1.6397413288113827
36,24,0.988400228749947,5.9579645591564105,0.0006309020864329233,9,15,40,2,18.18720410320796,acquisition,1.6397413288113827
37,24,0.9889945173747698,5.9579645591564105,0.0005942886248228311,9,15,40,2,17.65158334345994,acquisition,1.6397413288113827
38,24,0.9894936673855887,5.9579645591564105,0.0004991500108189194,9,15,40,2,16.1770937090761,acquisition,1.6397413288113827
39,24,0.989985952675947,5.9579645591564105,0.0004922852903583059,9,15,40,2,16.065468256835075,acquisition,1.6397413288113827
40,24,0.9904493503548283,5.9579645591564105,0.00046339767888130826,9,15,40,2,15.58697668777763,acquisition,1.6397413288113827
41,24,0.9908810918171036,5.9579645591564105,0.00043174146227526936,9,15,40,2,15.045160942089533,acquisition,1.6397413288113827
42,24,0.9913013025296828,5.9579645591564105,0.0004202107125792111,9,15,40,2,14.842891701980763,acquisition,1.6397413288113827
43,24,0.9917080568591735,5.9579645591564105,0.0004067543294906926,9,15,40,2,14.603301472612836,acquisition,1.6397413288113827
44,24,0.9920831709749226,5.9579645591564105,0.0003751141157490655,9,15,40,2,14.023830771862801,acquisition,1.6397413288113827
45,24,0.9924400286637084,5.9579645591564105,0.00035685768878577514,9,15,40,2,13.678311443234374,acquisition,1.6397413288113827
46,24,0.9927791725614161,5.9579645591564105,0.0003391438977077147,9,15,40,2,13.334506959066102,acquisition,1.6397413288113827
47,24,0.9931014784353913,5.9579645591564105,0.0003223058739752109,9,15,40,2,12.999273135630135,acquisition,1.6397413288113827
48,24,0.9934036397425363,5.9579645591564105,0.00030216130714501554,9,15,40,2,12.586482725545126,acquisition,1.6397413288113827
49,24,0.9936965891529906,5.9579645591564105,0.00029294941045427005,9,15,40,2,12.393137637751318,acquisition,1.6397413288113827
50,24,0.9939467938032702,5.9579645591564105,0.00025020465027953987,9,15,40,2,11.45335303244248,acquisition,1.6397413288113827
51,24,0.9941831798730825,5.9579645591564105,0.00023638606981228814,9,15,40,2,11.13258190042835,acquisition,1.6397413288113827
52,24,0.9944125635484787,5.9579645591564105,0.00022938367539623338,9,15,40,2,10.966453775315902,acquisition,1.6397413288113827
53,24,0.9946339038070664,5.9579645591564105,0.00022134025858767012,9,15,40,2,10.772466824939048,acquisition,1.6397413288113827
54,24,0.9948508801273348,5.9579645591564105,0.0002169763202683673,9,15,40,2,10.665743340286308,acquisition,1.6397413288113827
55,24,0.9950543309856943,5.9579645591564105,0.0002034508583594757,9,15,40,2,10.32796415696592,acquisition,1.6397413288113827
56,24,0.9952525126414121,5.9579645591564105,0.00019818165571778968,9,15,40,2,10.193344098624774,acquisition,1.6397413288113827
57,24,0.9954447851467816,5.9579645591564105,0.00019227250536943725,9,15,40,2,10.040227452360405,acquisition,1.6397413288113827
58,24,0.9956272211092402,5.9579645591564105,0.00018243596245864587,9,15,40,2,9.780029953201499,acquisition,1.6397413288113827
59,24,0.9958022225396239,5.9579645591564105,0.00017500143038378795,9,15,40,2,9.57868205616281,acquisition,1.6397413288113827
60,24,0.9959684073171678,5.9579645591564105,0.0001661847775438924,9,15,40,2,9.334274725383448,acquisition,1.6397413288113827
61,24,0.9961327990175914,5.9579645591564105,0.00016439170042356412,9,15,40,2,9.283781332607397,acquisition,1.6397413288113827
62,24,0.9962846699465757,5.9579645591564105,0.00015187092898426768,9,15,40,2,8.923234033426654,acquisition,1.6397413288113827
63,24,0.9964319130970933,5.9579645591564105,0.0001472431505176207,9,15,40,2,8.786228821205507,acquisition,1.6397413288113827
64,24,0.9965752890365409,5.9579645591564105,0.00014337593944763023,9,15,40,2,8.670079846294332,acquisition,1.6397413288113827
65,24,0.9967128522009159,5.9579645591564105,0.00013756316437495654,9,15,40,2,8.492509424417332,acquisition,1.6397413288113827
66,24,0.9968436702208471,5.9579645591564105,0.00013081801993124653,9,15,40,2,8.281685700007781,acquisition,1.6397413288113827
67,24,0.9969663402795815,5.9579645591564105,0.0001226700587345003,9,15,40,2,8.019628404969502,acquisition,1.6397413288113827
68,24,0.9970810872262295,5.9579645591564105,0.00011474694664793988,9,15,40,2,7.756316597725695,acquisition,1.6397413288113827
69,24,0.9971941337289058,5.9579645591564105,0.00011304650267625098,9,15,40,2,7.69863135856798,acquisition,1.6397413288113827
70,24,0.9973031480901402,5.9579645591564105,0.00010901436123446223,9,15,40,2,7.5600873951888765,acquisition,1.6397413288113827
71,24,0.9974090300293593,5.9579645591564105,0.00010588193921917013,9,15,40,2,7.450679844775258,acquisition,1.6397413288113827
72,24,0.9975103185528406,5.9579645591564105,0.00010128852348119072,9,15,40,2,7.287273660217964,acquisition,1.6397413288113827
73,24,0.9976046969906203,5.9579645591564105,9.437843777974043e-05,9,15,40,2,7.034307527160335,acquisition,1.6397413288113827
74,24,0.9976975596503509,5.9579645591564105,9.286265973065295e-05,9,15,40,2,6.977591141996252,acquisition,1.6397413288113827
75,24,0.997787196057854,5.9579645591564105,8.963640750314281e-05,9,15,40,2,6.8553112852012585,acquisition,1.6397413288113827
76,24,0.9978708071081653,5.9579645591564105,8.361105031129359e-05,9,15,40,2,6.6208964910809085,acquisition,1.6397413288113827
77,24,0.997948426850494,5.9579645591564105,7.761974232869076e-05,9,15,40,2,6.379271076386754,acquisition,1.6397413288113827
78,24,0.998021097976151,5.9579645591564105,7.267112565704993e-05,9,15,40,2,6.172568276534768,acquisition,1.6397413288113827
79,24,0.9980923106794662,5.9579645591564105,7.121270331525305e-05,9,15,40,2,6.11031634170829,acquisition,1.6397413288113827
80,24,0.9981593691775732,5.9579645591564105,6.705849810693894e-05,9,15,40,2,5.929415304689898,acquisition,1.6397413288113827
81,24,0.9982259641939194,5.9579645591564105,6.659501634625127e-05,9,15,40,2,5.908888891335103,acquisition,1.6397413288113827
82,24,0.9982903189265545,5.9579645591564105,6.435473263507186e-05,9,15,40,2,5.808649934690207,acquisition,1.6397413288113827
83,24,0.9983526466072818,5.9579645591564105,6.232768072728716e-05,9,15,40,2,5.716437270988629,acquisition,1.6397413288113827
84,24,0.998412090550025,5.9579645591564105,5.944394274317367e-05,9,15,40,2,5.5826289374212426,acquisition,1.6397413288113827
85,24,0.9984690805036749,5.9579645591564105,5.698995364986067e-05,9,15,40,2,5.4661822892379055,acquisition,1.6397413288113827
86,24,0.9985212555829535,5.9579645591564105,5.2175079278594934e-05,9,15,40,2,5.230178578673579,acquisition,1.6397413288113827
87,24,0.9985711019726743,5.9579645591564105,4.984638972086054e-05,9,15,40,2,5.1121291038050405,acquisition,1.6397413288113827
88,24,0.9986201196892764,5.9579645591564105,4.901771660215644e-05,9,15,40,2,5.0694576240374465,acquisition,1.6397413288113827
89,24,0.998667842342925,5.9579645591564105,4.7722653648567376e-05,9,15,40,2,5.002041047022714,acquisition,1.6397413288113827
90,24,0.9987131862139687,5.9579645591564105,4.534387104355214e-05,9,15,40,2,4.875781728264901,acquisition,1.6397413288113827
91,24,0.9987566718938442,5.9579645591564105,4.348567987555362e-05,9,15,40,2,4.774831947890339,acquisition,1.6397413288113827
92,24,0.998797571916107,5.9579645591564105,4.0900022262760325e-05,9,15,40,2,4.630700905057255,acquisition,1.6397413288113827
93,24,0.9988381615898072,5.9579645591564105,4.0589673700262204e-05,9,15,40,2,4.613098616435927,acquisition,1.6397413288113827
94,24,0.9988770510478666,5.9579645591564105,3.8889458059419774e-05,9,15,40,2,4.515448614153091,acquisition,1.6397413288113827
95,24,0.9989144158928901,5.9579645591564105,3.7364845023454215e-05,9,15,40,2,4.426052402271889,acquisition,1.6397413288113827
96,24,0.9989506727395168,5.9579645591564105,3.625684662669951e-05,9,15,40,2,4.359934587149104,acquisition,1.6397413288113827
97,24,0.998986692329349,5.9579645591564105,3.601958983227169e-05,9,15,40,2,4.345645948991019,acquisition,1.6397413288113827
98,24,0.9990206765472351,5.9579645591564105,3.3984217886184964e-05,9,15,40,2,4.221080149335255,acquisition,1.6397413288113827
99,24,0.9990531519958519,5.9579645591564105,3.247544861668955e-05,9,15,40,2,4.12631651771249,acquisition,1.6397413288113827
100,24,0.9990840416135534,5.9579645591564105,3.088961770150936e-05,9,15,40,2,4.024308125068076,acquisition,1.6397413288113827
101,24,0.9991144735824887,5.9579645591564105,3.0431968935375257e-05,9,15,40,2,3.9943855759290465,acquisition,1.6397413288113827
102,24,0.9991440309897668,5.9579645591564105,2.9557407278025885e-05,9,15,40,2,3.936571344073626,acquisition,1.6397413288113827
103,24,0.9991729086753249,5.9579645591564105,2.887768555813253e-05,9,15,40,2,3.8910440765817835,acquisition,1.6397413288113827
104,24,0.9992003808194168,5.9579645591564105,2.7472144091770126e-05,9,15,40,2,3.795170020115828,acquisition,1.6397413288113827
105,24,0.9992265362793886,5.9579645591564105,2.6155459971857043e-05,9,15,40,2,3.703105966310576,acquisition,1.6397413288113827
106,24,0.9992509516890529,5.9579645591564105,2.441540966427783e-05,9,15,40,2,3.5778074713523775,acquisition,1.6397413288113827
107,24,0.9992749579285394,5.9579645591564105,2.4006239486495288e-05,9,15,40,2,3.5477011271942906,acquisition,1.6397413288113827
108,24,0.999298917869488,5.9579645591564105,2.395994094858472e-05,9,15,40,2,3.544278420222032,acquisition,1.6397413288113827
109,24,0.9993212897691798,5.9579645591564105,2.2371899691763452e-05,9,15,40,2,3.424809271418669,acquisition,1.6397413288113827
110,24,0.9993428345120074,5.9579645591564105,2.154474282772637e-05,9,15,40,2,3.3609001960282905,acquisition,1.6397413288113827
111,24,0.9993640784531418,5.9579645591564105,2.1243941134338413e-05,9,15,40,2,3.3373557511059584,acquisition,1.6397413288113827
112,24,0.999384122204336,5.9579645591564105,2.0043751194192114e-05,9,15,40,2,3.241712236781759,acquisition,1.6397413288113827
113,24,0.9994034796151393,5.9579645591564105,1.935741080326705e-05,9,15,40,2,3.185727263157233,acquisition,1.6397413288113827
114,24,0.9994219682855917,5.9579645591564105,1.8488670452452196e-05,9,15,40,2,3.113420635599253,acquisition,1.6397413288113827
115,24,0.999439939822758,5.9579645591564105,1.7971537166326212e-05,9,15,40,2,3.0695702106091067,acquisition,1.6397413288113827
116,24,0.999457218939365,5.9579645591564105,1.727911660694799e-05,9,15,40,2,3.009856057625272,acquisition,1.6397413288113827
117,24,0.9994743765850391,5.9579645591564105,1.71576456741625e-05,9,15,40,2,2.9992578640749294,acquisition,1.6397413288113827
118,24,0.9994907429586566,5.9579645591564105,1.636637361740811e-05,9,15,40,2,2.9292820436283806,acquisition,1.6397413288113827
119,24,0.9995068312333046,5.9579645591564105,1.608827464808909e-05,9,15,40,2,2.90428809498943,acquisition,1.6397413288113827
120,24,0.9995224886569346,5.9579645591564105,1.5657423629998495e-05,9,15,40,2,2.865135131215393,acquisition,1.6397413288113827
121,24,0.999537516505034,5.9579645591564105,1.5027848099356995e-05,9,15,40,2,2.8069414714802443,acquisition,1.6397413288113827
122,24,0.999552100704106,5.9579645591564105,1.4584199072114333e-05,9,15,40,2,2.7651981055831567,acquisition,1.6397413288113827
123,24,0.9995665209000225,5.9579645591564105,1.4420195916415033e-05,9,15,40,2,2.7496064585000894,acquisition,1.6397413288113827
124,24,0.9995797388647126,5.9579645591564105,1.321796469012525e-05,9,15,40,2,2.63249316645958,acquisition,1.6397413288113827
125,24,0.9995928097426725,5.9579645591564105,1.3070877959851011e-05,9,15,40,2,2.6178052761453374,acquisition,1.6397413288113827
126,24,0.9996051351780245,5.9579645591564105,1.2325435352042791e-05,9,15,40,2,2.542061732108764,acquisition,1.6397413288113827
127,24,0.9996169353420298,5.9579645591564105,1.1800164005206106e-05,9,15,40,2,2.487304642773277,acquisition,1.6397413288113827
128,24,0.999628647343426,5.9579645591564105,1.1712001396221017e-05,9,15,40,2,2.477995518160177,acquisition,1.6397413288113827
129,24,0.9996401628434608,5.9579645591564105,1.1515500034780311e-05,9,15,40,2,2.457119956826467,acquisition,1.6397413288113827
130,24,0.999651095823553,5.9579645591564105,1.0932980092303825e-05,9,15,40,2,2.3941658811857183,acquisition,1.6397413288113827
131,24,0.9996617423428458,5.9579645591564105,1.0646519292758177e-05,9,15,40,2,2.3625922853851864,acquisition,1.6397413288113827
132,24,0.9996720557421834,5.9579645591564105,1.0313399337608951e-05,9,15,40,2,2.3253368598799447,acquisition,1.6397413288113827
133,24,0.9996819994136139,5.9579645591564105,9.943671430478168e-06,9,15,40,2,2.2832756309614783,acquisition,1.6397413288113827
134,24,0.9996918482940855,5.9579645591564105,9.848880471636182e-06,9,15,40,2,2.2723665735776852,acquisition,1.6397413288113827
135,24,0.9997013354706373,5.9579645591564105,9.487176551800295e-06,9,15,40,2,2.2302494972514335,acquisition,1.6397413288113827
136,24,0.9997105633165306,5.9579645591564105,9.227845893322335e-06,9,15,40,2,2.1995565161455115,acquisition,1.6397413288113827
137,24,0.9997195438162657,5.9579645591564105,8.980499735075702e-06,9,15,40,2,2.169877472371048,acquisition,1.6397413288113827
138,24,0.9997283276936456,5.9579645591564105,8.783877379870234e-06,9,15,40,2,2.1459919626451085,acquisition,1.6397413288113827
139,24,0.9997368652368454,5.9579645591564105,8.537543199783124e-06,9,15,40,2,2.115686992238666,acquisition,1.6397413288113827
140,24,0.9997451341702077,5.9579645591564105,8.268933362384884e-06,9,15,40,2,2.0821389326118576,acquisition,1.6397413288113827
141,24,0.9997531801644169,5.9579645591564105,8.045994209278501e-06,9,15,40,2,2.0538788211562546,acquisition,1.6397413288113827
142,24,0.9997611349865352,5.9579645591564105,7.954822118243149e-06,9,15,40,2,2.0422090438369582,acquisition,1.6397413288113827
143,24,0.9997690022146508,5.9579645591564105,7.867228115685966e-06,9,15,40,2,2.0309340940357377,acquisition,1.6397413288113827
144,24,0.9997764402436442,5.9579645591564105,7.438028993416863e-06,9,15,40,2,1.974758047179588,acquisition,1.6397413288113827
145,24,0.9997835722845861,5.9579645591564105,7.1320409419708165e-06,9,15,40,2,1.9337123574575394,acquisition,1.6397413288113827
146,24,0.9997904458616678,5.9579645591564105,6.873577081592092e-06,9,15,40,2,1.8983503314598584,acquisition,1.6397413288113827
147,24,0.9997971618977746,5.9579645591564105,6.716036106818846e-06,9,15,40,2,1.8764693278526667,acquisition,1.6397413288113827
148,24,0.9998035904279695,5.9579645591564105,6.428530194973103e-06,9,15,40,2,1.8358652561835953,acquisition,1.6397413288113827
149,24,0.9998098173743961,5.9579645591564105,6.226946426632172e-06,9,15,40,2,1.8068517615250366,acquisition,1.6397413288113827
150,24,0.9998157584033711,5.9579645591564105,5.941028974991208e-06,9,15,40,2,1.7648824887907382,acquisition,1.6397413288113827
151,24,0.9998216102195332,5.9579645591564105,5.851816162106401e-06,9,15,40,2,1.7515812832975923,acquisition,1.6397413288113827
152,24,0.9998271991019212,5.9579645591564105,5.5888823880475745e-06,9,15,40,2,1.711778014073287,acquisition,1.6397413288113827
153,24,0.9998327221493759,5.9579645591564105,5.5230474547684654e-06,9,15,40,2,1.7016660964965038,acquisition,1.6397413288113827
154,24,0.9998381370081664,5.9579645591564105,5.414858790421232e-06,9,15,40,2,1.6849170559740816,acquisition,1.6397413288113827
155,24,0.9998432485859444,5.9579645591564105,5.111577778081164e-06,9,15,40,2,1.6370518898662367,acquisition,1.6397413288113827
156,24,0.9998482108620539,5.9579645591564105,4.9622761095055384e-06,9,15,40,2,1.6129667748904313,acquisition,1.6397413288113827
157,24,0.9998529976034958,5.9579645591564105,4.786741441843976e-06,9,15,40,2,1.5841815227623046,acquisition,1.6397413288113827
158,24,0.9998575889762865,5.9579645591564105,4.591372790720108e-06,9,15,40,2,1.5515159224774535,acquisition,1.6397413288113827
159,24,0.9998620810967229,5.9579645591564105,4.4921204364350215e-06,9,15,40,2,1.5346546319539274,acquisition,1.6397413288113827
160,24,0.9998664921906806,5.9579645591564105,4.41109395769686e-06,9,15,40,2,1.5207510081841047,acquisition,1.6397413288113827
161,24,0.9998706703032932,5.9579645591564105,4.178112612609038e-06,9,15,40,2,1.4800453727638105,acquisition,1.6397413288113827
162,24,0.9998746517076721,5.9579645591564105,3.981404378855548e-06,9,15,40,2,1.4447845995100506,acquisition,1.6397413288113827
163,24,0.9998784874696297,5.9579645591564105,3.8357619576520025e-06,9,15,40,2,1.418112818238892,acquisition,1.6397413288113827
164,24,0.9998823119354838,5.9579645591564105,3.824465854078333e-06,9,15,40,2,1.4160231473048104,acquisition,1.6397413288113827
165,24,0.9998860605607933,5.9579645591564105,3.748625309494424e-06,9,15,40,2,1.4019127170634456,acquisition,1.6397413288113827
166,24,0.9998897531662101,5.9579645591564105,3.692605416766807e-06,9,15,40,2,1.391398112958989,acquisition,1.6397413288113827
167,24,0.999893291405167,5.9579645591564105,3.53823895696828e-06,9,15,40,2,1.362004488344655,acquisition,1.6397413288113827
168,24,0.9998967664397599,5.9579645591564105,3.475034592871927e-06,9,15,40,2,1.349784774187217,acquisition,1.6397413288113827
169,24,0.9999000432044846,5.9579645591564105,3.276764724637544e-06,9,15,40,2,1.3107129449085213,acquisition,1.6397413288113827
170,24,0.9999032835869411,5.9579645591564105,3.240382456594334e-06,9,15,40,2,1.303416141300594,acquisition,1.6397413288113827
171,24,0.9999064631244712,5.9579645591564105,3.179537530056622e-06,9,15,40,2,1.2911209751833195,acquisition,1.6397413288113827
172,24,0.9999095390628259,5.9579645591564105,3.0759383546717137e-06,9,15,40,2,1.269912425364097,acquisition,1.6397413288113827
173,24,0.999912504456624,5.9579645591564105,2.9653937982001392e-06,9,15,40,2,1.2468842703598255,acquisition,1.6397413288113827
174,24,0.9999153216001216,5.9579645591564105,2.817143497576091e-06,9,15,40,2,1.2153166377768279,acquisition,1.6397413288113827
175,24,0.9999180394901657,5.9579645591564105,2.7178900439727448e-06,9,15,40,2,1.1937156844803465,acquisition,1.6397413288113827
176,24,0.9999207033631063,5.9579645591564105,2.6638729406245793e-06,9,15,40,2,1.1817938129361565,acquisition,1.6397413288113827
177,24,0.9999233086347371,5.9579645591564105,2.6052716307830782e-06,9,15,40,2,1.1687226586149506,acquisition,1.6397413288113827
178,24,0.9999258964671395,5.9579645591564105,2.587832402399045e-06,9,15,40,2,1.1648044791247114,acquisition,1.6397413288113827
179,24,0.999928356576424,5.9579645591564105,2.4601092844934765e-06,9,15,40,2,1.135696163834551,acquisition,1.6397413288113827
180,24,0.9999307197721303,5.9579645591564105,2.363195706314145e-06,9,15,40,2,1.113101590364523,acquisition,1.6397413288113827
181,24,0.9999330533642791,5.9579645591564105,2.333592148749101e-06,9,15,40,2,1.106107752654943,acquisition,1.6397413288113827
182,24,0.9999353275161402,5.9579645591564105,2.27415186114803e-06,9,15,40,2,1.091929728040032,acquisition,1.6397413288113827
183,24,0.9999374982254934,5.9579645591564105,2.170709353153481e-06,9,15,40,2,1.0668068547521299,acquisition,1.6397413288113827
184,24,0.9999396554459968,5.9579645591564105,2.1572205034634547e-06,9,15,40,2,1.0634871053848503,acquisition,1.6397413288113827
185,24,0.9999417614352271,5.9579645591564105,2.105989230269365e-06,9,15,40,2,1.0507829849971233,acquisition,1.6397413288113827
186,24,0.9999438034953272,5.9579645591564105,2.0420601001011514e-06,9,15,40,2,1.0347113635028042,acquisition,1.6397413288113827
187,24,0.9999458017815007,5.9579645591564105,1.9982861734835674e-06,9,15,40,2,1.0235611663810582,acquisition,1.6397413288113827
188,24,0.9999477339435237,5.9579645591564105,1.9321620229832913e-06,9,15,40,2,1.0064836624137838,acquisition,1.6397413288113827
189,24,0.9999496068494951,5.9579645591564105,1.8729059714397154e-06,9,15,40,2,0.9909299298912034,acquisition,1.6397413288113827
190,24,0.9999514282188309,5.9579645591564105,1.8213693357990075e-06,9,15,40,2,0.9772011493686394,acquisition,1.6397413288113827
191,24,0.999953214261779,5.9579645591564105,1.7860429480856732e-06,9,15,40,2,0.9676780896382543,acquisition,1.6397413288113827
192,24,0.9999549321816622,5.9579645591564105,1.7179198832244594e-06,9,15,40,2,0.9490441400356389,acquisition,1.6397413288113827
193,24,0.9999566017950325,5.9579645591564105,1.6696133703216329e-06,9,15,40,2,0.9356058222879912,acquisition,1.6397413288113827
194,24,0.9999582206172817,5.9579645591564105,1.6188222491148668e-06,9,15,40,2,0.921264934393975,acquisition,1.6397413288113827
195,24,0.9999597841279821,5.9579645591564105,1.5635107004161706e-06,9,15,40,2,0.9053893627052358,acquisition,1.6397413288113827
196,24,0.999961324265094,5.9579645591564105,1.5401371118993393e-06,9,15,40,2,0.8985963532774216,acquisition,1.6397413288113827
197,24,0.9999628400400274,5.9579645591564105,1.515774933479593e-06,9,15,40,2,0.8914609404366233,acquisition,1.6397413288113827
198,24,0.9999643141871373,5.9579645591564105,1.4741471098613663e-06,9,15,40,2,0.8791345971664384,acquisition,1.6397413288113827
199,24,0.9999657368749411,5.9579645591564105,1.4226878037571404e-06,9,15,40,2,0.8636539487874895,acquisition,1.6397413288113827
200,24,0.9999671092157665,5.9579645591564105,1.3723408254619946e-06,9,15,40,2,0.8482345351963796,acquisition,1.6397413288113827
201,24,0.9999684354109201,5.9579645591564105,1.3261951535572924e-06,9,15,40,2,0.8338514284141064,acquisition,1.6397413288113827
202,24,0.9999697176253873,5.9579645591564105,1.2822144672650208e-06,9,15,40,2,0.8199083232980643,acquisition,1.6397413288113827
203,24,0.9999709806556792,5.9579645591564105,1.263030291894763e-06,9,15,40,2,0.8137515749151711,acquisition,1.6397413288113827
204,24,0.999972198037398,5.9579645591564105,1.2173817188124278e-06,9,15,40,2,0.7989109002840867,acquisition,1.6397413288113827
205,24,0.9999733640867835,5.9579645591564105,1.1660493855296133e-06,9,15,40,2,0.7818859892852345,acquisition,1.6397413288113827
206,24,0.9999745069804551,5.9579645591564105,1.1428936716444342e-06,9,15,40,2,0.7740836113231677,acquisition,1.6397413288113827
207,24,0.9999756378705034,5.9579645591564105,1.1308900482418014e-06,9,15,40,2,0.77000784516302,acquisition,1.6397413288113827
208,24,0.9999766979115291,5.9579645591564105,1.060041025695737e-06,9,15,40,2,0.7454976789232589,acquisition,1.6397413288113827
209,24,0.9999777107213152,5.9579645591564105,1.0128097861134685e-06,9,15,40,2,0.7287002244694715,acquisition,1.6397413288113827
210,24,0.9999786990815647,5.9579645591564105,9.88360249436419e-07,9,15,40,2,0.7198509696156011,acquisition,1.6397413288113827
211,24,0.9999796686408821,5.9579645591564105,9.695593173816876e-07,9,15,40,2,0.712971468848095,acquisition,1.6397413288113827
212,24,0.9999805877795898,5.9579645591564105,9.191387077073319e-07,9,15,40,2,0.6941854181603512,acquisition,1.6397413288113827
213,24,0.999981484166715,5.9579645591564105,8.963871251544565e-07,9,15,40,2,0.6855399427261548,acquisition,1.6397413288113827
214,24,0.9999823653930623,5.9579645591564105,8.812263473069966e-07,9,15,40,2,0.6797178820487884,acquisition,1.6397413288113827
215,24,0.9999832300922507,5.9579645591564105,8.646991883449241e-07,9,15,40,2,0.6733137515742446,acquisition,1.6397413288113827
216,24,0.9999840795200723,5.9579645591564105,8.494278216096942e-07,9,15,40,2,0.6673416019821508,acquisition,1.6397413288113827
217,24,0.9999848921880904,5.9579645591564105,8.126680180577235e-07,9,15,40,2,0.6527419780062009,acquisition,1.6397413288113827
218,24,0.9999856946803093,5.9579645591564105,8.024922188895334e-07,9,15,40,2,0.6486424596471894,acquisition,1.6397413288113827
219,24,0.9999864487990517,5.9579645591564105,7.541187424340053e-07,9,15,40,2,0.6287888415304773,acquisition,1.6397413288113827
220,24,0.9999871908808741,5.9579645591564105,7.420818223698096e-07,9,15,40,2,0.6237504264420367,acquisition,1.6397413288113827
221,24,0.9999879223733528,5.9579645591564105,7.314924787430065e-07,9,15,40,2,0.6192840452451632,acquisition,1.6397413288113827
222,24,0.9999886168440153,5.9579645591564105,6.944706625105656e-07,9,15,40,2,0.6034091768496228,acquisition,1.6397413288113827
223,24,0.9999892891452894,5.9579645591564105,6.723012740704437e-07,9,15,40,2,0.5936998318846357,acquisition,1.6397413288113827
224,24,0.9999899275544847,5.9579645591564105,6.384091953147811e-07,9,15,40,2,0.5785415112100392,acquisition,1.6397413288113827
225,24,0.9999905590166235,5.9579645591564105,6.314621388355942e-07,9,15,40,2,0.5753851074244414,acquisition,1.6397413288113827
226,24,0.9999911591321315,5.9579645591564105,6.001155080816938e-07,9,15,40,2,0.5609218835997888,acquisition,1.6397413288113827
227,24,0.9999917221113527,5.9579645591564105,5.62979221123059e-07,9,15,40,2,0.543289287474147,acquisition,1.6397413288113827
228,24,0.999992262064477,5.9579645591564105,5.399531243213929e-07,9,15,40,2,0.5320629132388522,acquisition,1.6397413288113827
229,24,0.9999927937796115,5.9579645591564105,5.317151344767358e-07,9,15,40,2,0.5279885078527172,acquisition,1.6397413288113827
230,24,0.999993295807416,5.9579645591564105,5.020278045113414e-07,9,15,40,2,0.5130371853692889,acquisition,1.6397413288113827
231,24,0.9999937757507062,5.9579645591564105,4.799432902672251e-07,9,15,40,2,0.5016258643327942,acquisition,1.6397413288113827
232,24,0.9999942304697901,5.9579645591564105,4.5471908387063064e-07,9,15,40,2,0.4882660740255923,acquisition,1.6397413288113827
233,24,0.9999946662528221,5.9579645591564105,4.357830320206803e-07,9,15,40,2,0.47799143746730277,acquisition,1.6397413288113827
234,24,0.9999950891286947,5.9579645591564105,4.22875872704897e-07,9,15,40,2,0.470859581561961,acquisition,1.6397413288113827
235,24,0.9999954893719624,5.9579645591564105,4.0024326764288486e-07,9,15,40,2,0.4580859551502892,acquisition,1.6397413288113827
236,24,0.9999958826027683,5.9579645591564105,3.9323080592291613e-07,9,15,40,2,0.45405527502245124,acquisition,1.6397413288113827
237,24,0.9999962640994954,5.9579645591564105,3.8149672707663425e-07,9,15,40,2,0.44722942215998535,acquisition,1.6397413288113827
238,24,0.9999966027970605,5.9579645591564105,3.3869756509175965e-07,9,15,40,2,0.42139656976158274,acquisition,1.6397413288113827
239,24,0.9999969296584519,5.9579645591564105,3.2686139140137225e-07,9,15,40,2,0.41396800018243274,acquisition,1.6397413288113827
240,24,0.9999972480933845,5.9579645591564105,3.184349326815636e-07,9,15,40,2,0.40859712919421204,acquisition,1.6397413288113827
241,24,0.9999975516017557,5.9579645591564105,3.0350837119732587e-07,9,15,40,2,0.3989057494174577,acquisition,1.6397413288113827
242,24,0.9999978448481529,5.9579645591564105,2.932463972065166e-07,9,15,40,2,0.39210402586381354,acquisition,1.6397413288113827
243,24,0.9999981310129645,5.9579645591564105,2.8616481156998107e-07,9,15,40,2,0.38734064688385367,acquisition,1.6397413288113827
244,24,0.9999983663520411,5.9579645591564105,2.3533907658069196e-07,9,15,40,2,0.3512626564016417,acquisition,1.6397413288113827
245,24,0.9999985874857203,5.9579645591564105,2.211336792685047e-07,9,15,40,2,0.3404963060538628,acquisition,1.6397413288113827
246,24,0.9999987884812995,5.9579645591564105,2.009955791902088e-07,9,15,40,2,0.32462219613340704,acquisition,1.6397413288113827
247,24,0.9999989837853133,5.9579645591564105,1.9530401370801386e-07,9,15,40,2,0.31999304795408784,acquisition,1.6397413288113827
248,24,0.9999991644581394,5.9579645591564105,1.806728261858396e-07,9,15,40,2,0.30777360948483135,acquisition,1.6397413288113827
249,24,0.999999323468713,5.9579645591564105,1.5901057361850638e-07,9,15,40,2,0.28873402227880846,acquisition,1.6397413288113827
250,24,0.9999994768759637,5.9579645591564105,1.5340725064906184e-07,9,15,40,2,0.2836010941944606,acquisition,1.6397413288113827
251,24,0.9999996047523585,5.9579645591564105,1.278763948218798e-07,9,15,40,2,0.2589286760642276,acquisition,1.6397413288113827
252,24,0.9999997208072432,5.9579645591564105,1.1605488467715547e-07,9,15,40,2,0.2466701915060198,acquisition,1.6397413288113827
253,24,0.9999998319262605,5.9579645591564105,1.1111901732596979e-07,9,15,40,2,0.24136770155884163,acquisition,1.6397413288113827
254,24,0.9999999298855913,5.9579645591564105,9.795933071287328e-08,9,15,40,2,0.22662502417162783,acquisition,1.6397413288113827
255,24,0.9999999999999994,5.9579645591564105,7.011440817636003e-08,9,15,40,2,0.19172934786820572,acquisition,1.6397413288113827
256,24,0.9999999999999994,5.9579645591564105,1.5377598329462455e-32,9,15,40,2,8.9790257115999e-14,acquisition,1.6397413288113827
1,24,0.416061382043252,7.512352763659585,0.416061382043252,9,10,11,2,35.75109181041706,structural,2.403491511490591
2,24,0.5216747794233071,7.512352763659585,0.10561339738005512,9,10,11,2,18.01233901389626,structural,2.403491511490591
3,24,0.6023127803806672,7.512352763659585,0.08063800095736012,9,10,11,2,15.739121288719083,structural,2.403491511490591
4,24,0.6664733069124867,7.512352763659585,0.06416052653181961,9,10,11,2,14.039271259782318,structural,2.403491511490591
5,24,0.7265369745172315,7.512352763659585,0.06006366760474477,9,10,11,2,13.58365145613564,structural,2.403491511490591
6,24,0.7828709765821658,7.512352763659585,0.05633400206493418,9,10,11,2,13.15515314785342,structural,2.403491511490591
7,24,0.8313678933177316,7.512352763659585,0.048496916735565845,9,10,11,2,12.205839922416574,structural,2.403491511490591
8,24,0.876929125387452,7.512352763659585,0.045561232069720445,9,10,11,2,11.830642624903398,structural,2.403491511490591
9,24,0.9161363710694888,7.512352763659585,0.039207245682036665,9,10,11,2,10.97472818502657,structural,2.403491511490591
10,24,0.9540432508227518,7.512352763659585,0.037906879753263026,9,10,11,2,10.791197088461686,structural,2.403491511490591
11,24,0.9900593391849462,7.512352763659585,0.03601608836219434,9,10,11,2,10.518622697324064,structural,2.403491511490591
12,24,1.0000000000000002,7.512352763659585,0.00994066081505402,9,10,11,2,5.52609355909271,structural,2.403491511490591
1,32,0.5721800143857306,5.1320970884719666,0.5721800143857306,6,10,23,2,547.7107953859097,acquisition,1.7477017282289378
2,32,0.7366256638679113,5.1320970884719666,0.16444564948218066,6,10,23,2,293.6271116155889,acquisition,1.7477017282289378
3,32,0.8092615759145538,5.1320970884719666,0.07263591204664259,6,10,23,2,195.14645027545373,acquisition,1.7477017282289378
4,32,0.8557586901779641,5.1320970884719666,0.04649711426341035,6,10,23,2,156.1341700043103,acquisition,1.7477017282289378
5,32,0.8815125172781424,5.1320970884719666,0.02575382710017822,6,10,23,2,116.19992471038108,acquisition,1.7477017282289378
6,32,0.901580118318607,5.1320970884719666,0.020067601040464563,6,10,23,2,102.57291267339092,acquisition,1.7477017282289378
7,32,0.9206064104363008,5.1320970884719666,0.01902629211769382,6,10,23,2,99.87620658495923,acquisition,1.7477017282289378
8,32,0.9329837655303677,5.1320970884719666,0.012377355094066927,6,10,23,2,80.55618379465452,acquisition,1.7477017282289378
9,32,0.9448198489021268,5.1320970884719666,0.01183608337175912,6,10,23,2,78.77510062711976,acquisition,1.7477017282289378
10,32,0.9525239613554604,5.1320970884719666,0.007704112453333543,6,10,23,2,63.55449401838815,acquisition,1.7477017282289378
11,32,0.9595996700286478,5.1320970884719666,0.007075708673187413,6,10,23,2,60.9073817270787,acquisition,1.7477017282289378
12,32,0.9651132382974987,5.1320970884719666,0.005513568268850941,6,10,23,2,53.765208830054036,acquisition,1.7477017282289378
13,32,0.9699746011222476,5.1320970884719666,0.004861362824748893,6,10,23,2,50.48518785408198,acquisition,1.7477017282289378
14,32,0.9734961476610036,5.1320970884719666,0.003521546538755884,6,10,23,2,42.96864661251555,acquisition,1.7477017282289378
15,32,0.9769505750164466,5.1320970884719666,0.003454427355443002,6,10,23,2,42.557194566024904,acquisition,1.7477017282289378
16,32,0.9798911302977144,5.1320970884719666,0.0029405552812677735,6,10,23,2,39.264460359278054,acquisition,1.7477017282289378
17,32,0.9820872223897986,5.1320970884719666,0.0021960920920842657,6,10,23,2,33.93206051472081,acquisition,1.7477017282289378
18,32,0.9840009360798645,5.1320970884719666,0.0019137136900658901,6,10,23,2,31.67549720426287,acquisition,1.7477017282289378
19,32,0.985691546806476,5.1320970884719666,0.001690610726611488,6,10,23,2,29.77191489699115,acquisition,1.7477017282289378
20,32,0.9870857971876853,5.1320970884719666,0.0013942503812092964,6,10,23,2,27.03680350676572,acquisition,1.7477017282289378
21,32,0.9883781663138413,5.1320970884719666,0.001292369126156005,6,10,23,2,26.03024441710218,acquisition,1.7477017282289378
22,32,0.9894473814661238,5.1320970884719666,0.0010692151522824094,6,10,23,2,23.676500454244493,acquisition,1.7477017282289378
23,32,0.9903853408052191,5.1320970884719666,0.0009379593390953564,6,10,23,2,22.175680958555162,acquisition,1.7477017282289378
24,32,0.9911656040343838,5.1320970884719666,0.0007802632291646563,6,10,23,2,20.225791650570297,acquisition,1.7477017282289378
25,32,0.9918986374043824,5.1320970884719666,0.0007330333699986814,6,10,23,2,19.60409649766774,acquisition,1.7477017282289378
26,32,0.9925459202254732,5.1320970884719666,0.0006472828210907406,6,10,23,2,18.42179729841858,acquisition,1.7477017282289378
27,32,0.9931410880481628,5.1320970884719666,0.0005951678226896583,6,10,23,2,17.664635502107465,acquisition,1.7477017282289378
28,32,0.9936585488588636,5.1320970884719666,0.0005174608107007851,6,10,23,2,16.471141233098972,acquisition,1.7477017282289378
29,32,0.9941465570056187,5.1320970884719666,0.0004880081467551232,6,10,23,2,15.995524850593366,acquisition,1.7477017282289378
30,32,0.9945909343625715,5.1320970884719666,0.0004443773569528179,6,10,23,2,15.263738589286666,acquisition,1.7477017282289378
31,32,0.9950138777876955,5.1320970884719666,0.00042294342512395287,6,10,23,2,14.891076605517377,acquisition,1.7477017282289378
32,32,0.9953728861599214,5.1320970884719666,0.00035900837222594783,6,10,23,2,13.719467243942006,acquisition,1.7477017282289378
33,32,0.9957174118616654,5.1320970884719666,0.00034452570174407933,6,10,23,2,13.439891782153596,acquisition,1.7477017282289378
34,32,0.9960148338381642,5.1320970884719666,0.0002974219764988548,6,10,23,2,12.487384562614844,acquisition,1.7477017282289378
35,32,0.9963052763111581,5.1320970884719666,0.000290442472993763,6,10,23,2,12.339996081075308,acquisition,1.7477017282289378
36,32,0.9965628461865618,5.1320970884719666,0.0002575698754036952,6,10,23,2,11.620705436231162,acquisition,1.7477017282289378
37,32,0.9968017386616308,5.1320970884719666,0.00023889247506906077,6,10,23,2,11.191445749723655,acquisition,1.7477017282289378
38,32,0.9969989624794049,5.1320970884719666,0.0001972238177740927,6,10,23,2,10.168681378288115,acquisition,1.7477017282289378
39,32,0.9971882017418771,5.1320970884719666,0.0001892392624721309,6,10,23,2,9.960716562727228,acquisition,1.7477017282289378
40,32,0.9973543040619853,5.1320970884719666,0.00016610232010825997,6,10,23,2,9.331958701415227,acquisition,1.7477017282289378
41,32,0.9975143123683421,5.1320970884719666,0.00016000830635680817,6,10,23,2,9.159172174558037,acquisition,1.7477017282289378
42,32,0.9976627078895635,5.1320970884719666,0.00014839552122133598,6,10,23,2,8.820543692431423,acquisition,1.7477017282289378
43,32,0.9978008556330787,5.1320970884719666,0.00013814774351533603,6,10,23,2,8.51053489224787,acquisition,1.7477017282289378
44,32,0.9979291607337468,5.1320970884719666,0.00012830510066802516,6,10,23,2,8.20175741039916,acquisition,1.7477017282289378
45,32,0.998046535757228,5.1320970884719666,0.00011737502348116073,6,10,23,2,7.8446361490441845,acquisition,1.7477017282289378
46,32,0.9981607346127117,5.1320970884719666,0.00011419885548371987,6,10,23,2,7.737770321213243,acquisition,1.7477017282289378
47,32,0.9982676939749497,5.1320970884719666,0.00010695936223806305,6,10,23,2,7.488491844762173,acquisition,1.7477017282289378
48,32,0.9983724058906741,5.1320970884719666,0.00010471191572432221,6,10,23,2,7.409399494646879,acquisition,1.7477017282289378
49,32,0.9984754158200239,5.1320970884719666,0.00010300992934980209,6,10,23,2,7.348936646818301,acquisition,1.7477017282289378
50,32,0.9985638630924614,5.1320970884719666,8.844727243751275e-05,6,10,23,2,6.809687479739336,acquisition,1.7477017282289378
51,32,0.9986492759565097,5.1320970884719666,8.541286404833127e-05,6,10,23,2,6.691856219777251,acquisition,1.7477017282289378
52,32,0.9987278554515844,5.1320970884719666,7.857949507474646e-05,6,10,23,2,6.418589121742305,acquisition,1.7477017282289378
53,32,0.9988003797866218,5.1320970884719666,7.252433503748652e-05,6,10,23,2,6.166331045940829,acquisition,1.7477017282289378
54,32,0.9988701580758057,5.1320970884719666,6.977828918388846e-05,6,10,23,2,6.048464241412236,acquisition,1.7477017282289378
55,32,0.9989371568019652,5.1320970884719666,6.699872615942075e-05,6,10,23,2,5.926772151911221,acquisition,1.7477017282289378
56,32,0.9989940458605243,5.1320970884719666,5.688905855913266e-05,6,10,23,2,5.46134147749896,acquisition,1.7477017282289378
57,32,0.9990481110685485,5.1320970884719666,5.406520802419776e-05,6,10,23,2,5.324071729850245,acquisition,1.7477017282289378
58,32,0.9990988324135396,5.1320970884719666,5.072134499103842e-05,6,10,23,2,5.156800609162772,acquisition,1.7477017282289378
59,32,0.9991473839324776,5.1320970884719666,4.855151893801833e-05,6,10,23,2,5.04529273293193,acquisition,1.7477017282289378
60,32,0.9991927862850948,5.1320970884719666,4.540235261716368e-05,6,10,23,2,4.878924948074883,acquisition,1.7477017282289378
61,32,0.9992329478563198,5.1320970884719666,4.01615712250437e-05,6,10,23,2,4.588706773638483,acquisition,1.7477017282289378
62,32,0.9992723859113913,5.1320970884719666,3.94380550715462e-05,6,10,23,2,4.547185834925905,acquisition,1.7477017282289378
63,32,0.9993073357730039,5.1320970884719666,3.494986161261641e-05,6,10,23,2,4.280629982275439,acquisition,1.7477017282289378
64,32,0.999342082606715,5.1320970884719666,3.474683371102051e-05,6,10,23,2,4.2681785286798295,acquisition,1.7477017282289378
65,32,0.9993741082751886,5.1320970884719666,3.202566847360267e-05,6,10,23,2,4.097642453007362,acquisition,1.7477017282289378
66,32,0.9994047382918556,5.1320970884719666,3.063001666700701e-05,6,10,23,2,4.0073619974132315,acquisition,1.7477017282289378
67,32,0.9994342042964913,5.1320970884719666,2.9466004635755835e-05,6,10,23,2,3.9304799501423675,acquisition,1.7477017282289378
68,32,0.9994633245393777,5.1320970884719666,2.9120242886335047e-05,6,10,23,2,3.9073512642698023,acquisition,1.7477017282289378
69,32,0.9994903329385468,5.1320970884719666,2.700839916913321e-05,6,10,23,2,3.763001406269536,acquisition,1.7477017282289378
70,32,0.9995147132290662,5.1320970884719666,2.4380290519354782e-05,6,10,23,2,3.575233384803218,acquisition,1.7477017282289378
71,32,0.9995379484911704,5.1320970884719666,2.323526210420247e-05,6,10,23,2,3.4902677688234895,acquisition,1.7477017282289378
72,32,0.9995608301949949,5.1320970884719666,2.288170382452673e-05,6,10,23,2,3.463611227426292,acquisition,1.7477017282289378
73,32,0.9995819050818421,5.1320970884719666,2.1074886847186395e-05,6,10,23,2,3.3240502817101993,acquisition,1.7477017282289378
74,32,0.9996024372432072,5.1320970884719666,2.0532161365160108e-05,6,10,23,2,3.2809702555520155,acquisition,1.7477017282289378
75,32,0.9996221669155099,5.1320970884719666,1.9729672302678796e-05,6,10,23,2,3.2162136795037197,acquisition,1.7477017282289378
76,32,0.9996399763865608,5.1320970884719666,1.780947105093879e-05,6,10,23,2,3.0556982767208205,acquisition,1.7477017282289378
77,32,0.9996568905162343,5.1320970884719666,1.6914129673478096e-05,6,10,23,2,2.9778977850571837,acquisition,1.7477017282289378
78,32,0.9996726648594358,5.1320970884719666,1.577434320152249e-05,6,10,23,2,2.8758127283326047,acquisition,1.7477017282289378
79,32,0.9996875961211175,5.1320970884719666,1.4931261681654471e-05,6,10,23,2,2.797906596824,acquisition,1.7477017282289378
80,32,0.999701886581075,5.1320970884719666,1.4290459957507925e-05,6,10,23,2,2.7372096503925145,acquisition,1.7477017282289378
81,32,0.9997155479855097,5.1320970884719666,1.3661404434734588e-05,6,10,23,2,2.676286682752452,acquisition,1.7477017282289378
82,32,0.9997276272010092,5.1320970884719666,1.2079215499463725e-05,6,10,23,2,2.516542814216129,acquisition,1.7477017282289378
83,32,0.9997392467778302,5.1320970884719666,1.1619576821024554e-05,6,10,23,2,2.4681986735960537,acquisition,1.7477017282289378
84,32,0.9997507920210285,5.1320970884719666,1.154524319824084e-05,6,10,23,2,2.4602911343821265,acquisition,1.7477017282289378
85,32,0.9997619992163715,5.1320970884719666,1.1207195343100236e-05,6,10,23,2,2.424004544559134,acquisition,1.7477017282289378
86,32,0.999772555790827,5.1320970884719666,1.055657445548573e-05,6,10,23,2,2.3525911901810947,acquisition,1.7477017282289378
87,32,0.9997824863204711,5.1320970884719666,9.93052964404071e-06,6,10,23,2,2.2817663171356557,acquisition,1.7477017282289378
88,32,0.9997919995898362,5.1320970884719666,9.513269365213232e-06,6,10,23,2,2.2333143462013836,acquisition,1.7477017282289378
89,32,0.9998011775037543,5.1320970884719666,9.177913918066654e-06,6,10,23,2,2.1935975319723826,acquisition,1.7477017282289378
90,32,0.9998100227687559,5.1320970884719666,8.845265001584728e-06,6,10,23,2,2.153477721535761,acquisition,1.7477017282289378
91,32,0.9998183950226237,5.1320970884719666,8.372253867892656e-06,6,10,23,2,2.0951067361568247,acquisition,1.7477017282289378
92,32,0.999826514388718,5.1320970884719666,8.11936609425113e-06,6,10,23,2,2.063222288272094,acquisition,1.7477017282289378
93,32,0.9998343191358352,5.1320970884719666,7.80474711730763e-06,6,10,23,2,2.022853246441516,acquisition,1.7477017282289378
94,32,0.9998416359916239,5.1320970884719666,7.3168557886578205e-06,6,10,23,2,1.9586065678751896,acquisition,1.7477017282289378
95,32,0.9998487254787327,5.1320970884719666,7.089487108778166e-06,6,10,23,2,1.9279349100234389,acquisition,1.7477017282289378
96,32,0.9998555076990753,5.1320970884719666,6.782220342533167e-06,6,10,23,2,1.8856926416958908,acquisition,1.7477017282289378
97,32,0.9998621018873315,5.1320970884719666,6.594188256234115e-06,6,10,23,2,1.8593691867094255,acquisition,1.7477017282289378
98,32,0.9998682508585766,5.1320970884719666,6.148971245060338e-06,6,10,23,2,1.7955032264326882,acquisition,1.7477017282289378
99,32,0.999874201864229,5.1320970884719666,5.95100565249873e-06,6,10,23,2,1.7663637370420773,acquisition,1.7477017282289378
100,32,0.9998797578075744,5.1320970884719666,5.555943345416894e-06,6,10,23,2,1.7067262301499708,acquisition,1.7477017282289378
101,32,0.9998852440882723,5.1320970884719666,5.486280697890995e-06,6,10,23,2,1.6959926693638367,acquisition,1.7477017282289378
102,32,0.9998904366086439,5.1320970884719666,5.1925203715264015e-06,6,10,23,2,1.6499624603447294,acquisition,1.7477017282289378
103,32,0.9998954192452135,5.1320970884719666,4.982636569664166e-06,6,10,23,2,1.6162724280999428,acquisition,1.7477017282289378
104,32,0.9999002265149695,5.1320970884719666,4.807269755894356e-06,6,10,23,2,1.587574831552308,acquisition,1.7477017282289378
105,32,0.9999048201831899,5.1320970884719666,4.593668220439569e-06,6,10,23,2,1.5519037096282164,acquisition,1.7477017282289378
106,32,0.9999089994321977,5.1320970884719666,4.17924900776433e-06,6,10,23,2,1.4802466361328925,acquisition,1.7477017282289378
107,32,0.9999131482408863,5.1320970884719666,4.148808688634681e-06,6,10,23,2,1.474845961362372,acquisition,1.7477017282289378
108,32,0.9999170616262033,5.1320970884719666,3.913385317052108e-06,6,10,23,2,1.4323899472931996,acquisition,1.7477017282289378
109,32,0.9999207547290672,5.1320970884719666,3.6931028639070704e-06,6,10,23,2,1.391491830487017,acquisition,1.7477017282289378
110,32,0.9999243965882161,5.1320970884719666,3.641859148912008e-06,6,10,23,2,1.3818042732112163,acquisition,1.7477017282289378
111,32,0.9999276911449103,5.1320970884719666,3.2945566942551212e-06,6,10,23,2,1.314266540743402,acquisition,1.7477017282289378
112,32,0.9999308283022473,5.1320970884719666,3.1371573370459832e-06,6,10,23,2,1.282487405756939,acquisition,1.7477017282289378
113,32,0.9999338115148088,5.1320970884719666,2.983212561387241e-06,6,10,23,2,1.2506248627724434,acquisition,1.7477017282289378
114,32,0.9999366892900049,5.1320970884719666,2.8777751961464605e-06,6,10,23,2,1.2283252834804121,acquisition,1.7477017282289378
115,32,0.9999394314082701,5.1320970884719666,2.7421182651927966e-06,6,10,23,2,1.1990244789083333,acquisition,1.7477017282289378
116,32,0.999942028069123,5.1320970884719666,2.5966608528553507e-06,6,10,23,2,1.1667896662303046,acquisition,1.7477017282289378
117,32,0.9999444692468284,5.1320970884719666,2.4411777054710998e-06,6,10,23,2,1.1313178938061712,acquisition,1.7477017282289378
118,32,0.9999468053301991,5.1320970884719666,2.3360833706423343e-06,6,10,23,2,1.106698006787456,acquisition,1.7477017282289378
119,32,0.9999490678528302,5.1320970884719666,2.262522631095611e-06,6,10,23,2,1.0891342732702223,acquisition,1.7477017282289378
120,32,0.9999512145057956,5.1320970884719666,2.1466529654385925e-06,6,10,23,2,1.06087906471184,acquisition,1.7477017282289378
121,32,0.9999532458166128,5.1320970884719666,2.0313108172567324e-06,6,10,23,2,1.0319844406568819,acquisition,1.7477017282289378
122,32,0.9999552156049578,5.1320970884719666,1.9697883450210388e-06,6,10,23,2,1.0162363858051875,acquisition,1.7477017282289378
123,32,0.999957095889607,5.1320970884719666,1.8802846491547643e-06,6,10,23,2,0.9928799918097114,acquisition,1.7477017282289378
124,32,0.999958902654536,5.1320970884719666,1.8067649289787646e-06,6,10,23,2,0.9732754857101961,acquisition,1.7477017282289378
125,32,0.9999606049282148,5.1320970884719666,1.7022736788249686e-06,6,10,23,2,0.9447124761131213,acquisition,1.7477017282289378
126,32,0.9999621790034632,5.1320970884719666,1.5740752484139762e-06,6,10,23,2,0.9084430438065264,acquisition,1.7477017282289378
127,32,0.9999637204717945,5.1320970884719666,1.5414683312907658e-06,6,10,23,2,0.8989846208227217,acquisition,1.7477017282289378
128,32,0.9999652432789516,5.1320970884719666,1.5228071571573197e-06,6,10,23,2,0.8935264510979496,acquisition,1.7477017282289378
129,32,0.9999667237974296,5.1320970884719666,1.4805184779165867e-06,6,10,23,2,0.8810323897280571,acquisition,1.7477017282289378
130,32,0.9999681282372865,5.1320970884719666,1.4044398569936465e-06,6,10,23,2,0.8580972927025726,acquisition,1.7477017282289378
131,32,0.9999695104552995,5.1320970884719666,1.3822180129330794e-06,6,10,23,2,0.8512815736080853,acquisition,1.7477017282289378
132,32,0.9999707935235506,5.1320970884719666,1.2830682510685446e-06,6,10,23,2,0.8201812526607913,acquisition,1.7477017282289378
133,32,0.9999720447868169,5.1320970884719666,1.2512632663734417e-06,6,10,23,2,0.8099520451239065,acquisition,1.7477017282289378
134,32,0.9999732716116309,5.1320970884719666,1.22682481391772e-06,6,10,23,2,0.8020034464011319,acquisition,1.7477017282289378
135,32,0.9999743943990598,5.1320970884719666,1.122787428962017e-06,6,10,23,2,0.7672444040562549,acquisition,1.7477017282289378
136,32,0.9999754804392186,5.1320970884719666,1.0860401587784326e-06,6,10,23,2,0.754584536526973,acquisition,1.7477017282289378
137,32,0.9999765088051714,5.1320970884719666,1.0283659527849866e-06,6,10,23,2,0.734275104203959,acquisition,1.7477017282289378
138,32,0.9999774949746891,5.1320970884719666,9.861695177540588e-07,6,10,23,2,0.7190527408502382,acquisition,1.7477017282289378
139,32,0.9999784608110912,5.1320970884719666,9.65836402035346e-07,6,10,23,2,0.7116013178390743,acquisition,1.7477017282289378
140,32,0.9999793844675912,5.1320970884719666,9.236564998982478e-07,6,10,23,2,0.6958893726869612,acquisition,1.7477017282289378
141,32,0.9999802924265941,5.1320970884719666,9.079590030162108e-07,6,10,23,2,0.6899507299607436,acquisition,1.7477017282289378
142,32,0.9999811652549094,5.1320970884719666,8.728283152758099e-07,6,10,23,2,0.6764712941133005,acquisition,1.7477017282289378
143,32,0.9999819770976607,5.1320970884719666,8.118427512265408e-07,6,10,23,2,0.6524104630944084,acquisition,1.7477017282289378
144,32,0.9999827620952044,5.1320970884719666,7.849975437070704e-07,6,10,23,2,0.6415331575180603,acquisition,1.7477017282289378
145,32,0.9999835294110427,5.1320970884719666,7.673158383353802e-07,6,10,23,2,0.6342668888166713,acquisition,1.7477017282289378
146,32,0.9999842923011398,5.1320970884719666,7.628900971123422e-07,6,10,23,2,0.6324350743237092,acquisition,1.7477017282289378
147,32,0.999984976151192,5.1320970884719666,6.838500521454485e-07,6,10,23,2,0.5987774011594231,acquisition,1.7477017282289378
148,32,0.9999856235260574,5.1320970884719666,6.473748653907757e-07,6,10,23,2,0.5825897985941728,acquisition,1.7477017282289378
149,32,0.9999862545064258,5.1320970884719666,6.309803684033936e-07,6,10,23,2,0.5751655721524701,acquisition,1.7477017282289378
150,32,0.9999868468161206,5.1320970884719666,5.923096948729795e-07,6,10,23,2,0.5572619359920113,acquisition,1.7477017282289378
151,32,0.9999874017781047,5.1320970884719666,5.549619841883466e-07,6,10,23,2,0.5394069973277504,acquisition,1.7477017282289378
152,32,0.9999879327046073,5.1320970884719666,5.309265025061303e-07,6,10,23,2,0.5275968102120538,acquisition,1.7477017282289378
153,32,0.9999884562459991,5.1320970884719666,5.235413917730139e-07,6,10,23,2,0.5239145628915938,acquisition,1.7477017282289378
154,32,0.9999889637612531,5.1320970884719666,5.075152540772816e-07,6,10,23,2,0.5158334591025185,acquisition,1.7477017282289378
155,32,0.9999894428111008,5.1320970884719666,4.790498476544817e-07,6,10,23,2,0.5011587438397865,acquisition,1.7477017282289378
156,32,0.9999899088035679,5.1320970884719666,4.659924670305161e-07,6,10,23,2,0.4942815579753053,acquisition,1.7477017282289378
157,32,0.999990340047525,5.1320970884719666,4.3124395712550243e-07,6,10,23,2,0.47549556443085284,acquisition,1.7477017282289378
158,32,0.9999907518302401,5.1320970884719666,4.117827151814864e-07,6,10,23,2,0.46464258971500993,acquisition,1.7477017282289378
159,32,0.9999911561183248,5.1320970884719666,4.042880846390414e-07,6,10,23,2,0.460394821125557,acquisition,1.7477017282289378
160,32,0.9999915317807277,5.1320970884719666,3.7566240294790874e-07,6,10,23,2,0.44379645099612175,acquisition,1.7477017282289378
161,32,0.9999918945013074,5.1320970884719666,3.6272057972284933e-07,6,10,23,2,0.4360849083627329,acquisition,1.7477017282289378
162,32,0.9999922388522859,5.1320970884719666,3.44350978485874e-07,6,10,23,2,0.42489891245848327,acquisition,1.7477017282289378
163,32,0.9999925594012001,5.1320970884719666,3.205489141998654e-07,6,10,23,2,0.40995115456358816,acquisition,1.7477017282289378
164,32,0.9999928732159882,5.1320970884719666,3.138147880310564e-07,6,10,23,2,0.4056221487877929,acquisition,1.7477017282289378
165,32,0.9999931810570016,5.1320970884719666,3.078410134233142e-07,6,10,23,2,0.40174288947743986,acquisition,1.7477017282289378
166,32,0.9999934677607518,5.1320970884719666,2.8670375014407246e-07,6,10,23,2,0.3877052176016405,acquisition,1.7477017282289378
167,32,0.9999937494308753,5.1320970884719666,2.8167012340075207e-07,6,10,23,2,0.3842866972164577,acquisition,1.7477017282289378
168,32,0.9999940205560749,5.1320970884719666,2.71125199576627e-07,6,10,23,2,0.37702478517417204,acquisition,1.7477017282289378
169,32,0.9999942796714062,5.1320970884719666,2.591153313579102e-07,6,10,23,2,0.36857978627018595,acquisition,1.7477017282289378
170,32,0.9999945306227774,5.1320970884719666,2.509513712471891e-07,6,10,23,2,0.36272688420965743,acquisition,1.7477017282289378
171,32,0.9999947649061228,5.1320970884719666,2.3428334543599223e-07,6,10,23,2,0.35047388863073015,acquisition,1.7477017282289378
172,32,0.9999949949781606,5.1320970884719666,2.3007203775279841e-07,6,10,23,2,0.34730967238091587,acquisition,1.7477017282289378
173,32,0.9999952162717014,5.1320970884719666,2.2129354083640382e-07,6,10,23,2,0.3406193593118812,acquisition,1.7477017282289378
174,32,0.9999954253890156,5.1320970884719666,2.091173142599286e-07,6,10,23,2,0.33111583842925635,acquisition,1.7477017282289378
175,32,0.9999956174729652,5.1320970884719666,1.920839494978931e-07,6,10,23,2,0.3173441502759289,acquisition,1.7477017282289378
176,32,0.9999958050086922,5.1320970884719666,1.8753572709005692e-07,6,10,23,2,0.31356455680543954,acquisition,1.7477017282289378
177,32,0.9999959875433412,5.1320970884719666,1.8253464899877086e-07,6,10,23,2,0.3093553394629993,acquisition,1.7477017282289378
178,32,0.9999961649314895,5.1320970884719666,1.7738814827091516e-07,6,10,23,2,0.30496307560204977,acquisition,1.7477017282289378
179,32,0.9999963367131796,5.1320970884719666,1.7178169007190795e-07,6,10,23,2,0.30010511279286867,acquisition,1.7477017282289378
180,32,0.9999964985240641,5.1320970884719666,1.618108845640877e-07,6,10,23,2,0.2912653516062911,acquisition,1.7477017282289378
181,32,0.9999966559844579,5.1320970884719666,1.574603937463176e-07,6,10,23,2,0.2873231541600317,acquisition,1.7477017282289378
182,32,0.9999968039479322,5.1320970884719666,1.4796347437844374e-07,6,10,23,2,0.2785237405589073,acquisition,1.7477017282289378
183,32,0.9999969453820634,5.1320970884719666,1.4143413120381235e-07,6,10,23,2,0.27230904828996105,acquisition,1.7477017282289378
184,32,0.9999970826943854,5.1320970884719666,1.373123219370104e-07,6,10,23,2,0.26831176389363043,acquisition,1.7477017282289378
185,32,0.9999972161910675,5.1320970884719666,1.3349668214937726e-07,6,10,23,2,0.26455757122171475,acquisition,1.7477017282289378
186,32,0.9999973451281484,5.1320970884719666,1.289370808797547e-07,6,10,23,2,0.2600003158849712,acquisition,1.7477017282289378
187,32,0.9999974710380858,5.1320970884719666,1.2590993736817256e-07,6,10,23,2,0.2569300862936928,acquisition,1.7477017282289378
188,32,0.9999975888581839,5.1320970884719666,1.1782009812757569e-07,6,10,23,2,0.2485390585141707,acquisition,1.7477017282289378
189,32,0.9999977031616669,5.1320970884719666,1.1430348305891657e-07,6,10,23,2,0.24480184747259,acquisition,1.7477017282289378
190,32,0.9999978132355025,5.1320970884719666,1.1007383556087529e-07,6,10,23,2,0.24022987137019441,acquisition,1.7477017282289378
191,32,0.9999979196505158,5.1320970884719666,1.0641501322082624e-07,6,10,23,2,0.23620354453631834,acquisition,1.7477017282289378
192,32,0.9999980234465459,5.1320970884719666,1.0379603005340237e-07,6,10,23,2,0.2332788310255309,acquisition,1.7477017282289378
193,32,0.9999981191901027,5.1320970884719666,9.574355689254702e-08,6,10,23,2,0.22404731186979163,acquisition,1.7477017282289378
194,32,0.9999982082778235,5.1320970884719666,8.908772071678362e-08,6,10,23,2,0.21611946446158206,acquisition,1.7477017282289378
195,32,0.999998292249512,5.1320970884719666,8.397168845205754e-08,6,10,23,2,0.2098221832770604,acquisition,1.7477017282289378
196,32,0.9999983735763694,5.1320970884719666,8.132685747158535e-08,6,10,23,2,0.20649139316219095,acquisition,1.7477017282289378
197,32,0.9999984522222795,5.1320970884719666,7.864590998806788e-08,6,10,23,2,0.20305936781105202,acquisition,1.7477017282289378
198,32,0.9999985271382412,5.1320970884719666,7.491596172936851e-08,6,10,23,2,0.19818561941565574,acquisition,1.7477017282289378
199,32,0.9999986007966815,5.1320970884719666,7.36584402841985e-08,6,10,23,2,0.19651523182624253,acquisition,1.7477017282289378
200,32,0.9999986711547927,5.1320970884719666,7.035811117774018e-08,6,10,23,2,0.19206226436537457,acquisition,1.7477017282289378
201,32,0.9999987393833252,5.1320970884719666,6.822853253125674e-08,6,10,23,2,0.18913328861876091,acquisition,1.7477017282289378
202,32,0.9999988008135584,5.1320970884719666,6.143023324910393e-08,6,10,23,2,0.17946346182358733,acquisition,1.7477017282289378
203,32,0.9999988611818328,5.1320970884719666,6.036827439281374e-08,6,10,23,2,0.1779054857076069,acquisition,1.7477017282289378
204,32,0.9999989188642486,5.1320970884719666,5.7682415820116096e-08,6,10,23,2,0.17390284191322755,acquisition,1.7477017282289378
205,32,0.999998974400052,5.1320970884719666,5.553580342109569e-08,6,10,23,2,0.170636324690962,acquisition,1.7477017282289378
206,32,0.9999990297040245,5.1320970884719666,5.530397249672914e-08,6,10,23,2,0.1702797966065414,acquisition,1.7477017282289378
207,32,0.9999990809513035,5.1320970884719666,5.124727895967637e-08,6,10,23,2,0.16391562888025898,acquisition,1.7477017282289378
208,32,0.9999991317498371,5.1320970884719666,5.079853362910369e-08,6,10,23,2,0.1631963896639123,acquisition,1.7477017282289378
209,32,0.9999991784008309,5.1320970884719666,4.6650993717465057e-08,6,10,23,2,0.1563923150098569,acquisition,1.7477017282289378
210,32,0.9999992238670918,5.1320970884719666,4.5466260948032344e-08,6,10,23,2,0.15439370136091035,acquisition,1.7477017282289378
211,32,0.9999992665042796,5.1320970884719666,4.26371878291463e-08,6,10,23,2,0.14951309619082687,acquisition,1.7477017282289378
212,32,0.9999993087976017,5.1320970884719666,4.229332208791791e-08,6,10,23,2,0.14890896967889575,acquisition,1.7477017282289378
213,32,0.9999993459078175,5.1320970884719666,3.711021577795279e-08,6,10,23,2,0.13948634632031662,acquisition,1.7477017282289378
214,32,0.9999993822747771,5.1320970884719666,3.636695966672783e-08,6,10,23,2,0.13808244113481408,acquisition,1.7477017282289378
215,32,0.9999994166563638,5.1320970884719666,3.4381586656242214e-08,6,10,23,2,0.1342603936566101,acquisition,1.7477017282289378
216,32,0.9999994506435719,5.1320970884719666,3.3987208089472155e-08,6,10,23,2,0.1334881468700992,acquisition,1.7477017282289378
217,32,0.9999994832279733,5.1320970884719666,3.258440144143206e-08,6,10,23,2,0.13070428708701765,acquisition,1.7477017282289378
218,32,0.9999995152281778,5.1320970884719666,3.200020447531809e-08,6,10,23,2,0.12952730678878321,acquisition,1.7477017282289378
219,32,0.9999995461912168,5.1320970884719666,3.096303906637776e-08,6,10,23,2,0.12741094861130678,acquisition,1.7477017282289378
220,32,0.9999995751866466,5.1320970884719666,2.8995429854519935e-08,6,10,23,2,0.1232962121379507,acquisition,1.7477017282289378
221,32,0.9999996024623093,5.1320970884719666,2.7275662714292876e-08,6,10,23,2,0.11958387288071572,acquisition,1.7477017282289378
222,32,0.9999996273701043,5.1320970884719666,2.4907794986825148e-08,6,10,23,2,0.11427536050283359,acquisition,1.7477017282289378
223,32,0.9999996519217512,5.1320970884719666,2.4551646974464614e-08,6,10,23,2,0.1134554268818733,acquisition,1.7477017282289378
224,32,0.9999996743097983,5.1320970884719666,2.2388047065882855e-08,6,10,23,2,0.10834105602253277,acquisition,1.7477017282289378
225,32,0.9999996965293949,5.1320970884719666,2.2219596574147724e-08,6,10,23,2,0.10793270055301478,acquisition,1.7477017282289378
226,32,0.9999997176867398,5.1320970884719666,2.1157344844635334e-08,6,10,23,2,0.1053211375456236,acquisition,1.7477017282289378
227,32,0.999999737536487,5.1320970884719666,1.9849747144267616e-08,6,10,23,2,0.10201462753337766,acquisition,1.7477017282289378
228,32,0.999999755392589,5.1320970884719666,1.7856102030192818e-08,6,10,23,2,0.09675608518954107,acquisition,1.7477017282289378
229,32,0.999999772162292,5.1320970884719666,1.67697030117743e-08,6,10,23,2,0.09376648683104812,acquisition,1.7477017282289378
230,32,0.9999997888216862,5.1320970884719666,1.665939420808395e-08,6,10,23,2,0.09345758647947161,acquisition,1.7477017282289378
231,32,0.9999998047134824,5.1320970884719666,1.58917961731904e-08,6,10,23,2,0.09127912155608009,acquisition,1.7477017282289378
232,32,0.9999998199111707,5.1320970884719666,1.519768829105487e-08,6,10,23,2,0.08926346172281563,acquisition,1.7477017282289378
233,32,0.9999998348570428,5.1320970884719666,1.494587211617229e-08,6,10,23,2,0.0885208529107336,acquisition,1.7477017282289378
234,32,0.9999998495219798,5.1320970884719666,1.4664937090169336e-08,6,10,23,2,0.08768495045976075,acquisition,1.7477017282289378
235,32,0.9999998631668101,5.1320970884719666,1.3644830210312318e-08,6,10,23,2,0.08458026212600799,acquisition,1.7477017282289378
236,32,0.9999998755627167,5.1320970884719666,1.2395906674862333e-08,6,10,23,2,0.0806165312994191,acquisition,1.7477017282289378
237,32,0.9999998871971304,5.1320970884719666,1.1634413632985638e-08,6,10,23,2,0.07810111045824362,acquisition,1.7477017282289378
238,32,0.9999998984806111,5.1320970884719666,1.128348069459008e-08,6,10,23,2,0.07691419587049741,acquisition,1.7477017282289378
239,32,0.9999999087207228,5.1320970884719666,1.0240111686991817e-08,6,10,23,2,0.07327187506915299,acquisition,1.7477017282289378
240,32,0.9999999183105241,5.1320970884719666,9.589801444282652e-09,6,10,23,2,0.07090710697539465,acquisition,1.7477017282289378
241,32,0.9999999270683045,5.1320970884719666,8.75778038760692e-09,6,10,23,2,0.0677613397436743,acquisition,1.7477017282289378
242,32,0.9999999354325919,5.1320970884719666,8.364287331420137e-09,6,10,23,2,0.0662215635304362,acquisition,1.7477017282289378
243,32,0.9999999430621084,5.1320970884719666,7.629516411366472e-09,6,10,23,2,0.06324605837743964,acquisition,1.7477017282289378
244,32,0.999999950165089,5.1320970884719666,7.102980658650834e-09,6,10,23,2,0.06102464685324059,acquisition,1.7477017282289378
245,32,0.9999999568118743,5.1320970884719666,6.6467852557091684e-09,6,10,23,2,0.05903244657089224,acquisition,1.7477017282289378
246,32,0.999999963239257,5.1320970884719666,6.427382731137819e-09,6,10,23,2,0.058049975343171197,acquisition,1.7477017282289378
247,32,0.9999999688781154,5.1320970884719666,5.638858411204002e-09,6,10,23,2,0.05437265671910214,acquisition,1.7477017282289378
248,32,0.9999999742345765,5.1320970884719666,5.356461143073095e-09,6,10,23,2,0.05299366282660131,acquisition,1.7477017282289378
249,32,0.9999999792578366,5.1320970884719666,5.023260024936455e-09,6,10,23,2,0.05131895314553759,acquisition,1.7477017282289378
250,32,0.9999999836464666,5.1320970884719666,4.388629988958665e-09,6,10,23,2,0.047967760419381264,acquisition,1.7477017282289378
251,32,0.9999999876575939,5.1320970884719666,4.011127269935131e-09,6,10,23,2,0.045858324152761504,acquisition,1.7477017282289378
252,32,0.9999999913426094,5.1320970884719666,3.6850154891774054e-09,6,10,23,2,0.04395462888922898,acquisition,1.7477017282289378
253,32,0.999999994777794,5.1320970884719666,3.4351846285756606e-09,6,10,23,2,0.04243849760001731,acquisition,1.7477017282289378
254,32,0.9999999976169879,5.1320970884719666,2.8391939074433004e-09,6,10,23,2,0.038581800053206855,acquisition,1.7477017282289378
255,32,1.0,5.1320970884719666,2.383012169630531e-09,6,10,23,2,0.03534663611139328,acquisition,1.7477017282289378
256,32,1.0,5.1320970884719666,1.3006931967846777e-32,6,10,23,2,8.257952741181344e-14,acquisition,1.7477017282289378
1,32,0.502037768868052,6.157676171378406,0.502037768868052,8,10,11,2,39.27161858088684,structural,1.9918820097035865
2,32,0.6025243334734062,6.157676171378406,0.10048656460535418,8,10,11,2,17.56971048331896,structural,1.9918820097035865
3,32,0.6820125057120836,6.157676171378406,0.0794881722386774,8,10,11,2,15.626505211249796,structural,1.9918820097035865
4,32,0.7316171847334801,6.157676171378406,0.04960467902139649,8,10,11,2,12.344455190640454,structural,1.9918820097035865
5,32,0.780307185277507,6.157676171378406,0.04869000054402682,8,10,11,2,12.230113722743974,structural,1.9918820097035865
6,32,0.8250096791633016,6.157676171378406,0.04470249388579457,8,10,11,2,11.718620277880882,structural,1.9918820097035865
7,32,0.8652748310766122,6.157676171378406,0.040265151913310614,8,10,11,2,11.121805009875432,structural,1.9918820097035865
8,32,0.9030081204467297,6.157676171378406,0.037733289370117565,8,10,11,2,10.766460186384437,structural,1.9918820097035865
9,32,0.9384295629635568,6.157676171378406,0.03542144251682706,8,10,11,2,10.43142710331107,structural,1.9918820097035865
10,32,0.9696121869328177,6.157676171378406,0.03118262396926091,8,10,11,2,9.78739091043009,structural,1.9918820097035865
11,32,0.9904899457930496,6.157676171378406,0.020877758860231965,8,10,11,2,8.008525158768787,structural,1.9918820097035865
12,32,1.0,6.157676171378406,0.009510054206950409,8,10,11,2,5.40507969633674,structural,1.9918820097035865
1,40,0.5594586513429857,4.65016159306424,0.5594586513429857,5,9,18,2,541.5879036641338,acquisition,1.7874421954142468
2,40,0.7754407646603746,4.65016159306424,0.21598211331738895,5,9,18,2,336.50680561757906,acquisition,1.7874421954142468
3,40,0.8428703718091897,4.65016159306424,0.06742960714881507,5,9,18,2,188.02269510045306,acquisition,1.7874421954142468
4,40,0.8815559730039787,4.65016159306424,0.03868560119478905,5,9,18,2,142.4162788420395,acquisition,1.7874421954142468
5,40,0.9014741753539017,4.65016159306424,0.01991820234992305,5,9,18,2,102.1903834694657,acquisition,1.7874421954142468
6,40,0.9197619150026835,4.65016159306424,0.018287739648781717,5,9,18,2,97.91855005554596,acquisition,1.7874421954142468
7,40,0.936069571540207,4.65016159306424,0.01630765653752348,5,9,18,2,92.46571597486879,acquisition,1.7874421954142468
8,40,0.9477818029422139,4.65016159306424,0.011712231402006971,5,9,18,2,78.36186813301114,acquisition,1.7874421954142468
9,40,0.9562549407384289,4.65016159306424,0.008473137796214952,5,9,18,2,66.65106502451361,acquisition,1.7874421954142468
10,40,0.9637974096727315,4.65016159306424,0.007542468934302634,5,9,18,2,62.88422658049995,acquisition,1.7874421954142468
11,40,0.9700136048295612,4.65016159306424,0.006216195156829698,5,9,18,2,57.088322154219306,acquisition,1.7874421954142468
12,40,0.9761332825669872,4.65016159306424,0.006119677737425904,5,9,18,2,56.64338974319554,acquisition,1.7874421954142468
13,40,0.9801993297905296,4.65016159306424,0.004066047223542472,5,9,18,2,46.17120062048023,acquisition,1.7874421954142468
14,40,0.982791200409935,4.65016159306424,0.002591870619405305,5,9,18,2,36.863079948734175,acquisition,1.7874421954142468
15,40,0.9851265850953659,4.65016159306424,0.0023353846854309492,5,9,18,2,34.99162994139056,acquisition,1.7874421954142468
16,40,0.9871962605002289,4.65016159306424,0.0020696754048629856,5,9,18,2,32.94094683922738,acquisition,1.7874421954142468
17,40,0.9888079521861416,4.65016159306424,0.0016116916859126534,5,9,18,2,29.068722204867772,acquisition,1.7874421954142468
18,40,0.9900139589995575,4.65016159306424,0.0012060068134158242,5,9,18,2,25.145474745809736,acquisition,1.7874421954142468
19,40,0.9910964204555313,4.65016159306424,0.0010824614559738293,5,9,18,2,23.82271084132968,acquisition,1.7874421954142468
20,40,0.9920307234218739,4.65016159306424,0.0009343029663426592,5,9,18,2,22.132415901068274,acquisition,1.7874421954142468
21,40,0.9928142571558768,4.65016159306424,0.0007835337340028636,5,9,18,2,20.268135936313755,acquisition,1.7874421954142468
22,40,0.9935402866013049,4.65016159306424,0.0007260294454280946,5,9,18,2,19.51021593639098,acquisition,1.7874421954142468
23,40,0.9942272842654982,4.65016159306424,0.0006869976641933517,5,9,18,2,18.978530801002584,acquisition,1.7874421954142468
24,40,0.9947794588145393,4.65016159306424,0.0005521745490410987,5,9,18,2,17.014655152769315,acquisition,1.7874421954142468
25,40,0.9952448423060066,4.65016159306424,0.00046538349146728125,5,9,18,2,15.620338663882988,acquisition,1.7874421954142468
26,40,0.9956243054741141,4.65016159306424,0.0003794631681074075,5,9,18,2,14.104892253423857,acquisition,1.7874421954142468
27,40,0.9959970088908562,4.65016159306424,0.00037270341674215245,5,9,18,2,13.978695538458139,acquisition,1.7874421954142468
28,40,0.996366836877994,4.65016159306424,0.0003698279871378169,5,9,18,2,13.924667885465405,acquisition,1.7874421954142468
29,40,0.9966833070446525,4.65016159306424,0.00031647016665849447,5,9,18,2,12.881052392450263,acquisition,1.7874421954142468
30,40,0.9969758922278382,4.65016159306424,0.00029258518318579096,5,9,18,2,12.385430978456577,acquisition,1.7874421954142468
31,40,0.9972544392796863,4.65016159306424,0.0002785470518480841,5,9,18,2,12.084654596608388,acquisition,1.7874421954142468
32,40,0.9974956500626522,4.65016159306424,0.00024121078296586963,5,9,18,2,11.245617767806701,acquisition,1.7874421954142468
33,40,0.9977137275556923,4.65016159306424,0.00021807749304019112,5,9,18,2,10.692773852983876,acquisition,1.7874421954142468
34,40,0.9978878792514713,4.65016159306424,0.00017415169577890023,5,9,18,2,9.555398697936575,acquisition,1.7874421954142468
35,40,0.9980528915375267,4.65016159306424,0.00016501228605547762,5,9,18,2,9.301288159790245,acquisition,1.7874421954142468
36,40,0.9981973595491392,4.65016159306424,0.00014446801161246595,5,9,18,2,8.703036531709866,acquisition,1.7874421954142468
37,40,0.998328161320945,4.65016159306424,0.00013080177180576678,5,9,18,2,8.281171374660822,acquisition,1.7874421954142468
38,40,0.998451208505674,4.65016159306424,0.0001230471847289892,5,9,18,2,8.03194636356545,acquisition,1.7874421954142468
39,40,0.9985694839706967,4.65016159306424,0.00011827546502267026,5,9,18,2,7.874668691812101,acquisition,1.7874421954142468
40,40,0.9986727713881326,4.65016159306424,0.0001032874174358902,5,9,18,2,7.358828270358534,acquisition,1.7874421954142468
41,40,0.9987672608848895,4.65016159306424,9.448949675696844e-05,5,9,18,2,7.0384450893444805,acquisition,1.7874421954142468
42,40,0.9988577357561882,4.65016159306424,9.047487129867397e-05,5,9,18,2,6.887299131258867,acquisition,1.7874421954142468
43,40,0.9989400542882835,4.65016159306424,8.231853209532493e-05,5,9,18,2,6.569521942667799,acquisition,1.7874421954142468
44,40,0.9990120730328143,4.65016159306424,7.201874453075276e-05,5,9,18,2,6.14479971459927,acquisition,1.7874421954142468
45,40,0.9990812474119997,4.65016159306424,6.91743791854231e-05,5,9,18,2,6.022233548640163,acquisition,1.7874421954142468
46,40,0.9991418357514411,4.65016159306424,6.058833944147412e-05,5,9,18,2,5.636110299585305,acquisition,1.7874421954142468
47,40,0.9991958526558549,4.65016159306424,5.401690441375154e-05,5,9,18,2,5.321692849204748,acquisition,1.7874421954142468
48,40,0.9992458205979995,4.65016159306424,4.996794214465852e-05,5,9,18,2,5.11835837462938,acquisition,1.7874421954142468
49,40,0.999294901728894,4.65016159306424,4.9081130894509776e-05,5,9,18,2,5.072735746559318,acquisition,1.7874421954142468
50,40,0.9993404827339158,4.65016159306424,4.5581005021854016e-05,5,9,18,2,4.88851449429147,acquisition,1.7874421954142468
51,40,0.9993839404474493,4.65016159306424,4.3457713533403296e-05,5,9,18,2,4.773296315231324,acquisition,1.7874421954142468
52,40,0.9994221375224122,4.65016159306424,3.819707496286235e-05,5,9,18,2,4.4750718472588975,acquisition,1.7874421954142468
53,40,0.9994590244619972,4.65016159306424,3.688693958508045e-05,5,9,18,2,4.3976561690499,acquisition,1.7874421954142468
54,40,0.9994954432352499,4.65016159306424,3.64187732526234e-05,5,9,18,2,4.369659688244773,acquisition,1.7874421954142468
55,40,0.9995275552041606,4.65016159306424,3.2111968910769845e-05,5,9,18,2,4.103159752713717,acquisition,1.7874421954142468
56,40,0.9995574576386157,4.65016159306424,2.9902434455115444e-05,5,9,18,2,3.9594807179229394,acquisition,1.7874421954142468
57,40,0.9995851774540552,4.65016159306424,2.771981543950855e-05,5,9,18,2,3.8122390529909125,acquisition,1.7874421954142468
58,40,0.9996117878588185,4.65016159306424,2.6610404763392384e-05,5,9,18,2,3.7351728062553486,acquisition,1.7874421954142468
59,40,0.999635528746787,4.65016159306424,2.3740887968461022e-05,5,9,18,2,3.5280394939978326,acquisition,1.7874421954142468
60,40,0.9996566679115709,4.65016159306424,2.113916478392267e-05,5,9,18,2,3.3291155621626056,acquisition,1.7874421954142468
61,40,0.9996769308258967,4.65016159306424,2.0262914325828788e-05,5,9,18,2,3.259386878856224,acquisition,1.7874421954142468
62,40,0.9996963546575343,4.65016159306424,1.9423831637566e-05,5,9,18,2,3.1911881551541574,acquisition,1.7874421954142468
63,40,0.9997139166868837,4.65016159306424,1.7562029349421787e-05,5,9,18,2,3.0343963557105793,acquisition,1.7874421954142468
64,40,0.9997302039865117,4.65016159306424,1.628729962794841e-05,5,9,18,2,2.922197075376302,acquisition,1.7874421954142468
65,40,0.9997455242124896,4.65016159306424,1.5320225977947454e-05,5,9,18,2,2.834115494740133,acquisition,1.7874421954142468
66,40,0.9997599711593026,4.65016159306424,1.4446946812949813e-05,5,9,18,2,2.7521556734072705,acquisition,1.7874421954142468
67,40,0.9997738668452174,4.65016159306424,1.3895685914778262e-05,5,9,18,2,2.699137154145239,acquisition,1.7874421954142468
68,40,0.9997867000016454,4.65016159306424,1.2833156427985144e-05,5,9,18,2,2.593890883849101,acquisition,1.7874421954142468
69,40,0.9997992226832795,4.65016159306424,1.2522681634054774e-05,5,9,18,2,2.5623215466750664,acquisition,1.7874421954142468
70,40,0.999810916545478,4.65016159306424,1.1693862198554477e-05,5,9,18,2,2.47607585189867,acquisition,1.7874421954142468
71,40,0.9998221132096788,4.65016159306424,1.119666420084732e-05,5,9,18,2,2.422865386383205,acquisition,1.7874421954142468
72,40,0.9998327063445377,4.65016159306424,1.0593134858856728e-05,5,9,18,2,2.3566615134295956,acquisition,1.7874421954142468
73,40,0.9998418654483667,4.65016159306424,9.159103829070987e-06,5,9,18,2,2.1913484954100673,acquisition,1.7874421954142468
74,40,0.9998504554676807,4.65016159306424,8.590019314022223e-06,5,9,18,2,2.122179079651404,acquisition,1.7874421954142468
75,40,0.9998584570354008,4.65016159306424,8.001567720029213e-06,5,9,18,2,2.0482006583337173,acquisition,1.7874421954142468
76,40,0.999866110097024,4.65016159306424,7.653061623237728e-06,5,9,18,2,2.003099691059848,acquisition,1.7874421954142468
77,40,0.9998732578140122,4.65016159306424,7.147716988142449e-06,5,9,18,2,1.9358363164997257,acquisition,1.7874421954142468
78,40,0.9998803351717671,4.65016159306424,7.077357754987644e-06,5,9,18,2,1.9262849588383748,acquisition,1.7874421954142468
79,40,0.9998869152129894,4.65016159306424,6.580041222335105e-06,5,9,18,2,1.8573735898778214,acquisition,1.7874421954142468
80,40,0.99989322674718,4.65016159306424,6.311534190451646e-06,5,9,18,2,1.819082636287728,acquisition,1.7874421954142468
81,40,0.9998991445936974,4.65016159306424,5.9178465175332585e-06,5,9,18,2,1.7614357538623073,acquisition,1.7874421954142468
82,40,0.9999045351564719,4.65016159306424,5.390562774537182e-06,5,9,18,2,1.681132765707857,acquisition,1.7874421954142468
83,40,0.9999097739165143,4.65016159306424,5.238760042361939e-06,5,9,18,2,1.6572926793689322,acquisition,1.7874421954142468
84,40,0.9999145139634285,4.65016159306424,4.740046914217108e-06,5,9,18,2,1.5764357635378161,acquisition,1.7874421954142468
85,40,0.9999188153397862,4.65016159306424,4.301376357789657e-06,5,9,18,2,1.501719017617085,acquisition,1.7874421954142468
86,40,0.9999230817197206,4.65016159306424,4.266379934306282e-06,5,9,18,2,1.495597473586249,acquisition,1.7874421954142468
87,40,0.9999270918067578,4.65016159306424,4.0100870371608205e-06,5,9,18,2,1.4499794869373053,acquisition,1.7874421954142468
88,40,0.9999309708791547,4.65016159306424,3.8790723969560445e-06,5,9,18,2,1.4260964584681113,acquisition,1.7874421954142468
89,40,0.9999345216934712,4.65016159306424,3.550814316443618e-06,5,9,18,2,1.3644227117501344,acquisition,1.7874421954142468
90,40,0.9999378575865625,4.65016159306424,3.335893091350716e-06,5,9,18,2,1.3224858097832592,acquisition,1.7874421954142468
91,40,0.9999410351533295,4.65016159306424,3.1775667670638884e-06,5,9,18,2,1.290720777383858,acquisition,1.7874421954142468
92,40,0.9999440064416448,4.65016159306424,2.971288315321316e-06,5,9,18,2,1.2481229139244183,acquisition,1.7874421954142468
93,40,0.9999468209154144,4.65016159306424,2.81447376954513e-06,5,9,18,2,1.2147406405020276,acquisition,1.7874421954142468
94,40,0.9999495203379359,4.65016159306424,2.699422521474325e-06,5,9,18,2,1.1896532414694334,acquisition,1.7874421954142468
95,40,0.9999520225245471,4.65016159306424,2.502186611107721e-06,5,9,18,2,1.145367370743747,acquisition,1.7874421954142468
96,40,0.9999543948316775,4.65016159306424,2.3723071304391844e-06,5,9,18,2,1.1152453365980501,acquisition,1.7874421954142468
97,40,0.9999565473855861,4.65016159306424,2.1525539087225564e-06,5,9,18,2,1.0623361914649858,acquisition,1.7874421954142468
98,40,0.9999586460339601,4.65016159306424,2.0986483739953956e-06,5,9,18,2,1.0489500267912182,acquisition,1.7874421954142468
99,40,0.9999606671702584,4.65016159306424,2.0211362982723594e-06,5,9,18,2,1.0293966716230523,acquisition,1.7874421954142468
100,40,0.9999625354653697,4.65016159306424,1.8682951112571814e-06,5,9,18,2,0.9897094054775899,acquisition,1.7874421954142468
101,40,0.9999643719345094,4.65016159306424,1.8364691396536323e-06,5,9,18,2,0.981243462291965,acquisition,1.7874421954142468
102,40,0.9999661274333821,4.65016159306424,1.7554988727460148e-06,5,9,18,2,0.9593680174960295,acquisition,1.7874421954142468
103,40,0.9999677585234216,4.65016159306424,1.6310900394684504e-06,5,9,18,2,0.924749119822687,acquisition,1.7874421954142468
104,40,0.9999692803456572,4.65016159306424,1.5218222356839874e-06,5,9,18,2,0.8932374467644568,acquisition,1.7874421954142468
105,40,0.9999707763754844,4.65016159306424,1.4960298271357483e-06,5,9,18,2,0.8856356395320519,acquisition,1.7874421954142468
106,40,0.9999721387218592,4.65016159306424,1.3623463748458962e-06,5,9,18,2,0.8451401399621277,acquisition,1.7874421954142468
107,40,0.9999734312145596,4.65016159306424,1.2924927003885724e-06,5,9,18,2,0.8231879572134929,acquisition,1.7874421954142468
108,40,0.9999747102496741,4.65016159306424,1.2790351145251723e-06,5,9,18,2,0.8188911784383643,acquisition,1.7874421954142468
109,40,0.9999759483182236,4.65016159306424,1.2380685494932654e-06,5,9,18,2,0.8056702077629063,acquisition,1.7874421954142468
110,40,0.999977159822146,4.65016159306424,1.2115039224426376e-06,5,9,18,2,0.7969799046962258,acquisition,1.7874421954142468
111,40,0.9999782388357659,4.65016159306424,1.0790136199315648e-06,5,9,18,2,0.7521395434137736,acquisition,1.7874421954142468
112,40,0.9999792827378663,4.65016159306424,1.0439021004104136e-06,5,9,18,2,0.7398008816025935,acquisition,1.7874421954142468
113,40,0.9999802779155536,4.65016159306424,9.951776872838355e-07,5,9,18,2,0.7223293703779926,acquisition,1.7874421954142468
114,40,0.9999812191605745,4.65016159306424,9.412450209060043e-07,5,9,18,2,0.7024837859486629,acquisition,1.7874421954142468
115,40,0.999982143806804,4.65016159306424,9.246462294909761e-07,5,9,18,2,0.6962621075194058,acquisition,1.7874421954142468
116,40,0.9999830086956822,4.65016159306424,8.64888878287252e-07,5,9,18,2,0.6733876002863927,acquisition,1.7874421954142468
117,40,0.9999838246758838,4.65016159306424,8.159802015035489e-07,5,9,18,2,0.6540708125928663,acquisition,1.7874421954142468
118,40,0.999984580243648,4.65016159306424,7.55567764258052e-07,5,9,18,2,0.6293926532676762,acquisition,1.7874421954142468
119,40,0.9999853056760151,4.65016159306424,7.254323670319946e-07,5,9,18,2,0.6167134544068826,acquisition,1.7874421954142468
120,40,0.999986019403278,4.65016159306424,7.13727262978433e-07,5,9,18,2,0.6117177774533257,acquisition,1.7874421954142468
121,40,0.9999866914293118,4.65016159306424,6.720260338579722e-07,5,9,18,2,0.5935782890565728,acquisition,1.7874421954142468
122,40,0.9999873240462509,4.65016159306424,6.326169390727356e-07,5,9,18,2,0.5759109911718704,acquisition,1.7874421954142468
123,40,0.9999879350174894,4.65016159306424,6.109712384617137e-07,5,9,18,2,0.5659725158261792,acquisition,1.7874421954142468
124,40,0.9999885133989308,4.65016159306424,5.783814414554311e-07,5,9,18,2,0.5506709082362939,acquisition,1.7874421954142468
125,40,0.9999890824504543,4.65016159306424,5.690515234029535e-07,5,9,18,2,0.5462113923215878,acquisition,1.7874421954142468
126,40,0.9999895955263921,4.65016159306424,5.13075937894481e-07,5,9,18,2,0.5186516724419401,acquisition,1.7874421954142468
127,40,0.9999900793660975,4.65016159306424,4.838397053627526e-07,5,9,18,2,0.5036579706956167,acquisition,1.7874421954142468
128,40,0.9999905346038306,4.65016159306424,4.5523773306532596e-07,5,9,18,2,0.4885444509902384,acquisition,1.7874421954142468
129,40,0.9999909868983166,4.65016159306424,4.522944860140826e-07,5,9,18,2,0.48696259762260097,acquisition,1.7874421954142468
130,40,0.9999914196209434,4.65016159306424,4.327226268374561e-07,5,9,18,2,0.4763100676863298,acquisition,1.7874421954142468
131,40,0.999991821173859,4.65016159306424,4.015529156342966e-07,5,9,18,2,0.45883480146134725,acquisition,1.7874421954142468
132,40,0.9999922151173707,4.65016159306424,3.939435117133761e-07,5,9,18,2,0.4544665618823704,acquisition,1.7874421954142468
133,40,0.9999926051114373,4.65016159306424,3.899940665715765e-07,5,9,18,2,0.45218271658111675,acquisition,1.7874421954142468
134,40,0.999992973395069,4.65016159306424,3.682836317080231e-07,5,9,18,2,0.4394163045460829,acquisition,1.7874421954142468
135,40,0.9999933143360136,4.65016159306424,3.4094094457849774e-07,5,9,18,2,0.4227898366223712,acquisition,1.7874421954142468
136,40,0.9999936430258155,4.65016159306424,3.2868980191453214e-07,5,9,18,2,0.4151242210063948,acquisition,1.7874421954142468
137,40,0.9999939606174579,4.65016159306424,3.1759164238504466e-07,5,9,18,2,0.4080557400684007,acquisition,1.7874421954142468
138,40,0.99999424910143,4.65016159306424,2.8848397200512673e-07,5,9,18,2,0.3889070386539999,acquisition,1.7874421954142468
139,40,0.9999945307126357,4.65016159306424,2.8161120568233954e-07,5,9,18,2,0.38424650395908916,acquisition,1.7874421954142468
140,40,0.9999947921090758,4.65016159306424,2.6139644018456673e-07,5,9,18,2,0.3701986180842468,acquisition,1.7874421954142468
141,40,0.9999950501784918,4.65016159306424,2.580694159010267e-07,5,9,18,2,0.3678351504735748,acquisition,1.7874421954142468
142,40,0.9999952960082191,4.65016159306424,2.4582972739370874e-07,5,9,18,2,0.3590063733637506,acquisition,1.7874421954142468
143,40,0.9999955162033888,4.65016159306424,2.2019516966714914e-07,5,9,18,2,0.33977299056053617,acquisition,1.7874421954142468
144,40,0.9999957338469281,4.65016159306424,2.1764353933048063e-07,5,9,18,2,0.33779860264438477,acquisition,1.7874421954142468
145,40,0.9999959397577669,4.65016159306424,2.059108388759582e-07,5,9,18,2,0.3285674693158139,acquisition,1.7874421954142468
146,40,0.9999961398430627,4.65016159306424,2.000852957793299e-07,5,9,18,2,0.3238862756486499,acquisition,1.7874421954142468
147,40,0.999996337299471,4.65016159306424,1.9745640831367289e-07,5,9,18,2,0.3217514963476609,acquisition,1.7874421954142468
148,40,0.9999965247864024,4.65016159306424,1.8748693138176607e-07,5,9,18,2,0.31352376031217044,acquisition,1.7874421954142468
149,40,0.9999967033402049,4.65016159306424,1.7855380240266943e-07,5,9,18,2,0.30596342257546194,acquisition,1.7874421954142468
150,40,0.9999968767808313,4.65016159306424,1.7344062643129445e-07,5,9,18,2,0.30155072400909677,acquisition,1.7874421954142468
151,40,0.999997036302999,4.65016159306424,1.595221677246751e-07,5,9,18,2,0.2891981297865434,acquisition,1.7874421954142468
152,40,0.9999971910004524,4.65016159306424,1.546974534404026e-07,5,9,18,2,0.2847911839740861,acquisition,1.7874421954142468
153,40,0.9999973389162019,4.65016159306424,1.479157495918778e-07,5,9,18,2,0.2784788188032016,acquisition,1.7874421954142468
154,40,0.9999974711244475,4.65016159306424,1.3220824555588292e-07,5,9,18,2,0.26327779368188786,acquisition,1.7874421954142468
155,40,0.9999976015606912,4.65016159306424,1.3043624372450214e-07,5,9,18,2,0.2615074709254627,acquisition,1.7874421954142468
156,40,0.9999977247265726,4.65016159306424,1.231658813974025e-07,5,9,18,2,0.2541149220846374,acquisition,1.7874421954142468
157,40,0.9999978407783549,4.65016159306424,1.1605178226913513e-07,5,9,18,2,0.24666689445955303,acquisition,1.7874421954142468
158,40,0.9999979525409858,4.65016159306424,1.1176263088517222e-07,5,9,18,2,0.24206570641362055,acquisition,1.7874421954142468
159,40,0.9999980619882325,4.65016159306424,1.0944724675838354e-07,5,9,18,2,0.23954514837178262,acquisition,1.7874421954142468
160,40,0.9999981641825262,4.65016159306424,1.0219429365869211e-07,5,9,18,2,0.23147190290341577,acquisition,1.7874421954142468
161,40,0.9999982593416669,4.65016159306424,9.51591407183715e-08,5,9,18,2,0.22336247574056284,acquisition,1.7874421954142468
162,40,0.9999983525678448,4.65016159306424,9.322617790643805e-08,5,9,18,2,0.2210822615277186,acquisition,1.7874421954142468
163,40,0.999998440179907,4.65016159306424,8.761206225078706e-08,5,9,18,2,0.21432207747532828,acquisition,1.7874421954142468
164,40,0.9999985252247949,4.65016159306424,8.504488795195866e-08,5,9,18,2,0.21115874174316457,acquisition,1.7874421954142468
165,40,0.9999986060905968,4.65016159306424,8.086580186038637e-08,5,9,18,2,0.2059052440463288,acquisition,1.7874421954142468
166,40,0.9999986849190191,4.65016159306424,7.882842237614942e-08,5,9,18,2,0.20329484969065645,acquisition,1.7874421954142468
167,40,0.9999987602691479,4.65016159306424,7.535012883082366e-08,5,9,18,2,0.19875907109979873,acquisition,1.7874421954142468
168,40,0.9999988298737832,4.65016159306424,6.960463524155383e-08,5,9,18,2,0.1910310838620871,acquisition,1.7874421954142468
169,40,0.9999988958378183,4.65016159306424,6.596403509081633e-08,5,9,18,2,0.1859681478901532,acquisition,1.7874421954142468
170,40,0.9999989601015756,4.65016159306424,6.42637573362381e-08,5,9,18,2,0.18355575939289287,acquisition,1.7874421954142468
171,40,0.9999990184950495,4.65016159306424,5.839347378446322e-08,5,9,18,2,0.1749714193332975,acquisition,1.7874421954142468
172,40,0.9999990746083939,4.65016159306424,5.611334444621468e-08,5,9,18,2,0.17152129061144852,acquisition,1.7874421954142468
173,40,0.9999991271911548,4.65016159306424,5.258276091779855e-08,5,9,18,2,0.16603767812177678,acquisition,1.7874421954142468
174,40,0.999999177102133,4.65016159306424,4.991097822248247e-08,5,9,18,2,0.16176441806005692,acquisition,1.7874421954142468
175,40,0.999999223575159,4.65016159306424,4.647302596816348e-08,5,9,18,2,0.15609372133047658,acquisition,1.7874421954142468
176,40,0.9999992663155286,4.65016159306424,4.274036959994909e-08,5,9,18,2,0.14969389732657137,acquisition,1.7874421954142468
177,40,0.9999993076270252,4.65016159306424,4.131149657293198e-08,5,9,18,2,0.14717038396100401,acquisition,1.7874421954142468
178,40,0.9999993463021045,4.65016159306424,3.8675079322126996e-08,5,9,18,2,0.14239691003543337,acquisition,1.7874421954142468
179,40,0.9999993839869081,4.65016159306424,3.7684803604468906e-08,5,9,18,2,0.1405620514654641,acquisition,1.7874421954142468
180,40,0.999999420889293,4.65016159306424,3.690238486905895e-08,5,9,18,2,0.1390952104072213,acquisition,1.7874421954142468
181,40,0.9999994536597925,4.65016159306424,3.277049949917733e-08,5,9,18,2,0.13107699890302904,acquisition,1.7874421954142468
182,40,0.9999994858557648,4.65016159306424,3.219597228557471e-08,5,9,18,2,0.12992290759392428,acquisition,1.7874421954142468
183,40,0.9999995166136542,4.65016159306424,3.075788939057064e-08,5,9,18,2,0.12698815815974138,acquisition,1.7874421954142468
184,40,0.9999995453567433,4.65016159306424,2.874308913480444e-08,5,9,18,2,0.12275853011627477,acquisition,1.7874421954142468
185,40,0.9999995711542247,4.65016159306424,2.5797481343408915e-08,5,9,18,2,0.11629836584652926,acquisition,1.7874421954142468
186,40,0.9999995957690204,4.65016159306424,2.46147957920293e-08,5,9,18,2,0.11360124143780934,acquisition,1.7874421954142468
187,40,0.9999996197165157,4.65016159306424,2.3947495320068967e-08,5,9,18,2,0.11205081180593164,acquisition,1.7874421954142468
188,40,0.999999641739258,4.65016159306424,2.2022742348214145e-08,5,9,18,2,0.1074535226982368,acquisition,1.7874421954142468
189,40,0.9999996623441971,4.65016159306424,2.0604939116006862e-08,5,9,18,2,0.10393710751821507,acquisition,1.7874421954142468
190,40,0.9999996822264208,4.65016159306424,1.988222365466375e-08,5,9,18,2,0.10209804736358252,acquisition,1.7874421954142468
191,40,0.9999997014585411,4.65016159306424,1.923212039141719e-08,5,9,18,2,0.10041498860118109,acquisition,1.7874421954142468
192,40,0.999999719348096,4.65016159306424,1.7889554845056016e-08,5,9,18,2,0.09684667743709498,acquisition,1.7874421954142468
193,40,0.9999997362119867,4.65016159306424,1.6863890763293086e-08,5,9,18,2,0.09402943986063833,acquisition,1.7874421954142468
194,40,0.999999752270771,4.65016159306424,1.605878431051257e-08,5,9,18,2,0.09175744061704211,acquisition,1.7874421954142468
195,40,0.9999997675459518,4.65016159306424,1.5275180734801883e-08,5,9,18,2,0.08949074788539765,acquisition,1.7874421954142468
196,40,0.9999997815556299,4.65016159306424,1.4009678107782672e-08,5,9,18,2,0.08570359453239494,acquisition,1.7874421954142468
197,40,0.9999997954354835,4.65016159306424,1.3879853545702836e-08,5,9,18,2,0.08530557224337366,acquisition,1.7874421954142468
198,40,0.9999998082598816,4.65016159306424,1.2824398071245689e-08,5,9,18,2,0.08199803665928383,acquisition,1.7874421954142468
199,40,0.9999998208178505,4.65016159306424,1.2557968959719888e-08,5,9,18,2,0.08114180445339884,acquisition,1.7874421954142468
200,40,0.9999998326092746,4.65016159306424,1.179142402337703e-08,5,9,18,2,0.07862634493837477,acquisition,1.7874421954142468
201,40,0.9999998436096456,4.65016159306424,1.1000370892937922e-08,5,9,18,2,0.07594315278362253,acquisition,1.7874421954142468
202,40,0.9999998541520749,4.65016159306424,1.0542429338876133e-08,5,9,18,2,0.07434560641504437,acquisition,1.7874421954142468
203,40,0.9999998643020247,4.65016159306424,1.0149949795602811e-08,5,9,18,2,0.07294859065422034,acquisition,1.7874421954142468
204,40,0.9999998737545668,4.65016159306424,9.452542028025222e-09,5,9,18,2,0.07039782919088687,acquisition,1.7874421954142468
205,40,0.9999998827211488,4.65016159306424,8.96658207056903e-09,5,9,18,2,0.06856435940497434,acquisition,1.7874421954142468
206,40,0.9999998910023278,4.65016159306424,8.281178991081571e-09,5,9,18,2,0.06589175040076088,acquisition,1.7874421954142468
207,40,0.9999998987272837,4.65016159306424,7.724955906344431e-09,5,9,18,2,0.06364040919278809,acquisition,1.7874421954142468
208,40,0.9999999060901884,4.65016159306424,7.36290468583567e-09,5,9,18,2,0.06213117230446734,acquisition,1.7874421954142468
209,40,0.9999999129289617,4.65016159306424,6.838773354899364e-09,5,9,18,2,0.05987893456545027,acquisition,1.7874421954142468
210,40,0.9999999192226172,4.65016159306424,6.2936554771765154e-09,5,9,18,2,0.05744291116245693,acquisition,1.7874421954142468
211,40,0.9999999254143344,4.65016159306424,6.191717083991527e-09,5,9,18,2,0.05697581036309837,acquisition,1.7874421954142468
212,40,0.9999999310620656,4.65016159306424,5.647731269327836e-09,5,9,18,2,0.054415418143512875,acquisition,1.7874421954142468
213,40,0.9999999363156611,4.65016159306424,5.253595425209098e-09,5,9,18,2,0.052482349778682984,acquisition,1.7874421954142468
214,40,0.9999999408546448,4.65016159306424,4.538983771568755e-09,5,9,18,2,0.04878252477709859,acquisition,1.7874421954142468
215,40,0.9999999450976963,4.65016159306424,4.243051491654061e-09,5,9,18,2,0.04716546385286933,acquisition,1.7874421954142468
216,40,0.9999999490738362,4.65016159306424,3.976139884273675e-09,5,9,18,2,0.045657884616417295,acquisition,1.7874421954142468
217,40,0.9999999529766477,4.65016159306424,3.902811571282753e-09,5,9,18,2,0.04523491210431044,acquisition,1.7874421954142468
218,40,0.9999999567271364,4.65016159306424,3.750488694137478e-09,5,9,18,2,0.0443433897720049,acquisition,1.7874421954142468
219,40,0.9999999600666297,4.65016159306424,3.339493306172868e-09,5,9,18,2,0.0418432344173674,acquisition,1.7874421954142468
220,40,0.9999999633476451,4.65016159306424,3.281015340181321e-09,5,9,18,2,0.04147525733100379,acquisition,1.7874421954142468
221,40,0.9999999662622415,4.65016159306424,2.914596489246772e-09,5,9,18,2,0.03909076571460593,acquisition,1.7874421954142468
222,40,0.9999999690587171,4.65016159306424,2.79647558039777e-09,5,9,18,2,0.03829045036423031,acquisition,1.7874421954142468
223,40,0.9999999717137752,4.65016159306424,2.655058057290151e-09,5,9,18,2,0.03730971828814227,acquisition,1.7874421954142468
224,40,0.9999999742571429,4.65016159306424,2.543367729995037e-09,5,9,18,2,0.03651653297375912,acquisition,1.7874421954142468
225,40,0.9999999766991327,4.65016159306424,2.441989704750071e-09,5,9,18,2,0.0357813624436522,acquisition,1.7874421954142468
226,40,0.9999999789165706,4.65016159306424,2.2174379472783817e-09,5,9,18,2,0.034096570304103714,acquisition,1.7874421954142468
227,40,0.9999999810720971,4.65016159306424,2.1555265453120557e-09,5,9,18,2,0.033617208411594296,acquisition,1.7874421954142468
228,40,0.9999999829526274,4.65016159306424,1.880530316741389e-09,5,9,18,2,0.031399673226065725,acquisition,1.7874421954142468
229,40,0.999999984695473,4.65016159306424,1.7428455986603862e-09,5,9,18,2,0.030228348172377132,acquisition,1.7874421954142468
230,40,0.999999986269235,4.65016159306424,1.5737620357625973e-09,5,9,18,2,0.02872463316051051,acquisition,1.7874421954142468
231,40,0.9999999876110239,4.65016159306424,1.3417889511214345e-09,5,9,18,2,0.02652326988901546,acquisition,1.7874421954142468
232,40,0.9999999887682409,4.65016159306424,1.1572170016211443e-09,5,9,18,2,0.02463158515698789,acquisition,1.7874421954142468
233,40,0.9999999898721941,4.65016159306424,1.1039531909734942e-09,5,9,18,2,0.02405804253444388,acquisition,1.7874421954142468
234,40,0.9999999909350784,4.65016159306424,1.0628843242064011e-09,5,9,18,2,0.02360630205198445,acquisition,1.7874421954142468
235,40,0.9999999919075269,4.65016159306424,9.72448399945554e-10,5,9,18,2,0.02257970386676172,acquisition,1.7874421954142468
236,40,0.9999999927616987,4.65016159306424,8.54171888139059e-10,5,9,18,2,0.021162043164322547,acquisition,1.7874421954142468
237,40,0.999999993585342,4.65016159306424,8.236432962549512e-10,5,9,18,2,0.020780430614087755,acquisition,1.7874421954142468
238,40,0.9999999943003156,4.65016159306424,7.14973645969534e-10,5,9,18,2,0.01936109766769629,acquisition,1.7874421954142468
239,40,0.9999999949961871,4.65016159306424,6.958714525504398e-10,5,9,18,2,0.01910070815741565,acquisition,1.7874421954142468
240,40,0.9999999956360365,4.65016159306424,6.398494287742153e-10,5,9,18,2,0.018315713944948353,acquisition,1.7874421954142468
241,40,0.9999999962338328,4.65016159306424,5.977963699012838e-10,5,9,18,2,0.01770360028872105,acquisition,1.7874421954142468
242,40,0.9999999967393591,4.65016159306424,5.055263047544365e-10,5,9,18,2,0.016280091377725552,acquisition,1.7874421954142468
243,40,0.999999997216324,4.65016159306424,4.769649149739072e-10,5,9,18,2,0.015813506294994784,acquisition,1.7874421954142468
244,40,0.9999999976213075,4.65016159306424,4.049834941597012e-10,5,9,18,2,0.01457147851750128,acquisition,1.7874421954142468
245,40,0.9999999979989802,4.65016159306424,3.7767263793883794e-10,5,9,18,2,0.014071575320470603,acquisition,1.7874421954142468
246,40,0.9999999983522773,4.65016159306424,3.5329706405143773e-10,5,9,18,2,0.013609901216298377,acquisition,1.7874421954142468
247,40,0.9999999986678276,4.65016159306424,3.1555034117196074e-10,5,9,18,2,0.012862319280455016,acquisition,1.7874421954142468
248,40,0.9999999989173205,4.65016159306424,2.4949284932320776e-10,5,9,18,2,0.011437049750087034,acquisition,1.7874421954142468
249,40,0.9999999991455231,4.65016159306424,2.282025797625492e-10,5,9,18,2,0.01093818422493182,acquisition,1.7874421954142468
250,40,0.9999999993555677,4.65016159306424,2.100446141777758e-10,5,9,18,2,0.010493992123021517,acquisition,1.7874421954142468
251,40,0.9999999995262252,4.65016159306424,1.7065752536077883e-10,5,9,18,2,0.009459053475710556,acquisition,1.7874421954142468
252,40,0.9999999996776752,4.65016159306424,1.514499470848178e-10,5,9,18,2,0.008910857975369425,acquisition,1.7874421954142468
253,40,0.9999999998151871,4.65016159306424,1.3751192834132295e-10,5,9,18,2,0.008490927740018488,acquisition,1.7874421954142468
254,40,0.9999999999228075,4.65016159306424,1.0762043051738224e-10,5,9,18,2,0.007511597717869166,acquisition,1.7874421954142468
255,40,0.9999999999999997,4.65016159306424,7.719217300599795e-11,5,9,18,2,0.006361676665861652,acquisition,1.7874421954142468
256,40,0.9999999999999997,4.65016159306424,3.679392620842417e-33,5,9,18,2,4.3921081480266715e-14,acquisition,1.7874421954142468
1,40,0.4190295615963081,7.174795048580571,0.4190295615963081,8,10,11,2,35.878389222815706,structural,2.3864664731301155
2,40,0.5524089011276029,7.174795048580571,0.1333793395312948,8,10,11,2,20.242068348865377,structural,2.3864664731301155
3,40,0.6388546501305928,7.174795048580571,0.08644574900298994,8,10,11,2,16.29605292508542,structural,2.3864664731301155
4,40,0.6984888861576399,7.174795048580571,0.05963423602704704,8,10,11,2,13.535005470079739,structural,2.3864664731301155
5,40,0.7565054167003942,7.174795048580571,0.05801653054275423,8,10,11,2,13.350160367101997,structural,2.3864664731301155
6,40,0.8071418624258637,7.174795048580571,0.05063644572546959,8,10,11,2,12.472175482594949,structural,2.3864664731301155
7,40,0.8551803649106587,7.174795048580571,0.04803850248479503,8,10,11,2,12.148015460695227,structural,2.3864664731301155
8,40,0.9003987840595489,7.174795048580571,0.045218419148890125,8,10,11,2,11.786050382778381,structural,2.3864664731301155
9,40,0.9376628417054209,7.174795048580571,0.03726405764587201,8,10,11,2,10.699307692001328,structural,2.3864664731301155
10,40,0.9712559998138728,7.174795048580571,0.033593158108451905,8,10,11,2,10.158650585051355,structural,2.3864664731301155
11,40,0.9920589163335666,7.174795048580571,0.02080291651969375,8,10,11,2,7.994157838603087,structural,2.3864664731301155
12,40,1.0,7.174795048580571,0.0079410836664334,8,10,11,2,4.939130391403268,structural,2.3864664731301155
