absolute_decision_regret,approximate_index,budget,count,exact_index_agreement,max_absolute_error,method,normalized_decision_regret,normalized_max_error,regret_bound_pass,regret_bound_slack,repetition,retained,rmse,seed,spearman,teacher_index,top5_overlap,twice_delta
0.10869093955802173,1985,4,16,False,0.23654178255562247,random_equal,0.25160828850740125,0.547569772708967,True,0.3643926255532232,0,4,0.044204460219523435,0,0.7834000187464104,365,0.6990291262135923,0.47308356511124494
0.03611267730853912,277,4,16,False,0.17189950324134295,random_equal,0.08359711460743371,0.397929578874771,True,0.3076863291741468,1,4,0.03289356334327203,0,0.9433183092526042,365,0.7572815533980582,0.3437990064826859
0.06250583959478762,5,4,16,False,0.32117169746104535,random_equal,0.1446945567506778,0.7434792765964869,True,0.5798375553273031,2,4,0.05234392562666404,0,0.9241190106370176,365,0.6504854368932039,0.6423433949220907
0.055429145828410575,1205,4,16,False,0.21725266837284093,random_equal,0.12831274227663306,0.5029174675022142,True,0.3790761909172713,3,4,0.04031471262344375,0,0.9041621484472511,365,0.6116504854368932,0.43450533674568187
0.03970495554057252,725,4,16,False,0.1466068648781602,random_equal,0.09191286734155946,0.33937973584024744,True,0.25350877421574786,4,4,0.03566493883956216,0,0.8360791053029253,365,0.6893203883495146,0.2932137297563204
0.04523836112295093,1229,4,16,False,0.20992774544548287,random_equal,0.10472212921620097,0.4859610281826577,True,0.3746171297680148,5,4,0.033103546843829226,0,0.95132673907992,365,0.7184466019417476,0.41985549089096574
0.011620062556325528,1565,4,16,False,0.15235834185172553,random_equal,0.02689924352512624,0.35269381044106546,True,0.29309662114712554,6,4,0.02744810269932713,0,0.9281680212458722,365,0.8349514563106796,0.30471668370345106
0.05179271537030028,777,4,16,False,0.1424985362867181,random_equal,0.11989478170363707,0.32986937987385195,True,0.23320435720313593,7,4,0.03547205008486561,0,0.8515818161004641,365,0.7766990291262136,0.2849970725734362
0.055429145828410575,1205,4,16,False,0.3491269907503123,random_equal,0.12831274227663306,0.8081928905171771,True,0.6428248356722139,8,4,0.06358893503067573,0,0.9309515234302638,365,0.6504854368932039,0.6982539815006246
0.11378941573930279,1421,4,16,False,0.14015442184501792,random_equal,0.2634107337819043,0.32444299727802556,True,0.16651942795073305,9,4,0.029294944150808584,0,0.8930006750004114,365,0.7766990291262136,0.28030884369003584
0.11378941573930279,1421,4,16,False,0.17549543757756242,random_equal,0.2634107337819043,0.406253795112116,True,0.23720145941582205,10,4,0.044352771972369094,0,0.8335278126253935,365,0.6019417475728155,0.35099087515512484
0.048767546611205914,1145,4,16,False,0.21014649681893136,random_equal,0.11289182877106564,0.4864674149974725,True,0.3715254470266568,11,4,0.04551357631009339,0,0.8844007578739842,365,0.7281553398058253,0.4202929936378627
0.03970495554057252,725,4,16,False,0.14186374752044933,random_equal,0.09191286734155946,0.32839990950498693,True,0.24402253950032615,12,4,0.036454762646639834,0,0.9416143643234646,365,0.7961165048543689,0.28372749504089867
0.07123087337698247,1445,4,16,False,0.2279011685336486,random_equal,0.16489210795443207,0.5275676445227317,True,0.38457146369031475,13,4,0.0512682271395821,0,0.783463256029965,365,0.46601941747572817,0.4558023370672972
0.05629129456369297,685,4,16,False,0.19382125283285287,random_equal,0.13030852746908164,0.4486761628884571,True,0.33135121110201277,14,4,0.04585135026720823,0,0.702713441471235,365,0.7669902912621359,0.38764250566570574
0.09055017641975438,249,4,16,False,0.20776673819669536,random_equal,0.2096142972511104,0.4809585198086339,True,0.32498329997363634,15,4,0.08427690916277891,0,0.8208010393428302,365,0.5436893203883495,0.4155334763933907
0.05629129456369297,685,4,16,False,0.17961141962486982,random_equal,0.13030852746908164,0.4157818680376184,True,0.30293154468604666,16,4,0.042147991291486976,0,0.7844753850490774,365,0.8543689320388349,0.35922283924973963
0.011620062556325528,1565,4,16,False,0.20990641551366496,random_equal,0.02689924352512624,0.4859116515956072,True,0.4081927684710044,17,4,0.05137332387788392,0,0.8934547200094987,365,0.6893203883495146,0.4198128310273299
0.0,365,4,16,True,0.08800826700725173,random_equal,0.0,0.20373003974610251,True,0.17601653401450346,18,4,0.018748000270797226,0,0.9393638102124775,365,0.8640776699029126,0.17601653401450346
0.10869093955802173,1985,4,16,False,0.2542377610635201,random_equal,0.25160828850740125,0.5885341335281965,True,0.39978458256901844,19,4,0.03863267220587839,0,0.9093984587173961,365,0.6699029126213593,0.5084755221270402
0.0,365,4,16,True,0.10093800641731598,random_equal,0.0,0.23366104979203478,True,0.20187601283463197,20,4,0.02712570187356438,0,0.9456932773790129,365,0.8446601941747572,0.20187601283463197
0.10803029167001282,413,4,16,False,0.21821147845826133,random_equal,0.2500789569450476,0.5051370137272929,True,0.32839266524650984,21,4,0.052171248799888326,0,0.7649199644285356,365,0.6893203883495146,0.43642295691652266
0.011620062556325528,1565,4,16,False,0.14016009636977264,random_equal,0.02689924352512624,0.32445613321619515,True,0.26870013018321975,22,4,0.0429502129998577,0,0.8578723590963744,365,0.8155339805825242,0.2803201927395453
0.039557912166880926,845,4,16,False,0.1457501338084276,random_equal,0.09157247713294281,0.33739649198346344,True,0.2519423554499743,23,4,0.03861868691840336,0,0.8244309435173139,365,0.8155339805825242,0.2915002676168552
0.03970495554057252,725,4,16,False,0.47049182483065055,random_equal,0.09191286734155946,1.0891399346048547,True,0.9012786941207286,24,4,0.06435350834401536,0,0.8959685190282213,365,0.6699029126213593,0.9409836496613011
0.0,365,4,16,True,0.20648636572963663,random_equal,0.0,0.47799458991347765,True,0.41297273145927327,25,4,0.05080022529154131,0,0.8063746154605427,365,0.8155339805825242,0.41297273145927327
0.011620062556325528,1565,4,16,False,0.26847148540964527,random_equal,0.02689924352512624,0.6214837338939464,True,0.525322908262965,26,4,0.040943702577486335,0,0.887946231117691,365,0.7864077669902912,0.5369429708192905
0.06364431457508357,1637,4,16,False,0.3687121224774893,random_equal,0.14733000863347112,0.853530445736639,True,0.673779930379895,27,4,0.04995444926639057,0,0.8798586691206501,365,0.6407766990291263,0.7374242449549786
0.011620062556325528,1565,4,16,False,0.12667852805629548,random_equal,0.02689924352512624,0.29324769630744224,True,0.24173699355626543,28,4,0.026084386463006377,0,0.9218408702791323,365,0.7572815533980582,0.25335705611259096
0.03970495554057252,725,4,16,False,0.3990666652020528,random_equal,0.09191286734155946,0.9237980740634248,True,0.7584283748635331,29,4,0.051520821589053446,0,0.9234031512320106,365,0.6601941747572816,0.7981333304041056
0.04523836112295093,1229,4,16,False,0.20892530517374697,random_equal,0.10472212921620097,0.48364048258678743,True,0.372612249224543,30,4,0.04825662255532726,0,0.7205309047884417,365,0.7961165048543689,0.41785061034749393
0.0,365,4,16,True,0.171910913604219,random_equal,0.0,0.3979559926852152,True,0.343821827208438,31,4,0.03910657507525641,0,0.8630380560064153,365,0.8640776699029126,0.343821827208438
0.0,365,4,16,True,0.10551228326489137,posterior_medoid,0.0,0.24425002780121907,True,0.21102456652978274,0,4,0.02765045425454107,0,0.9284857527281648,365,0.8543689320388349,0.21102456652978274
0.011620062556325528,1565,4,16,False,0.09522658666210365,acquisition_fw,0.02689924352512624,0.22043970351055184,True,0.17883311076788178,0,4,0.021750832492732977,0,0.9210370050607933,365,0.8058252427184466,0.1904531733242073
0.0,365,8,16,True,0.13757287490216252,random_equal,0.0,0.3184669829880155,True,0.27514574980432505,0,8,0.030932974679251473,0,0.9252677088310325,365,0.883495145631068,0.27514574980432505
0.055429145828410575,1205,8,16,False,0.16252622449235482,random_equal,0.12831274227663306,0.3762314075890518,True,0.26962330315629907,1,8,0.026448776344757452,0,0.9157756985524473,365,0.8932038834951457,0.32505244898470964
0.03625282004818836,1909,8,16,False,0.1444129363109644,random_equal,0.08392153056163623,0.3343010180175448,True,0.25257305257374046,2,8,0.028745778352697066,0,0.9443157545708429,365,0.7961165048543689,0.2888258726219288
0.04523836112295093,1229,8,16,False,0.13397969028178716,random_equal,0.10472212921620097,0.31014913205858136,True,0.2227210194406234,3,8,0.031485773746851554,0,0.8915604136320445,365,0.6699029126213593,0.2679593805635743
0.10803029167001282,413,8,16,False,0.1421021627052994,random_equal,0.2500789569450476,0.3289518160103335,True,0.176174033740586,4,8,0.026954549033965724,0,0.9286673606735136,365,0.7475728155339806,0.2842043254105988
0.03970495554057252,725,8,16,False,0.09611039517043496,random_equal,0.09191286734155946,0.2224856288384014,True,0.1525158348002974,5,8,0.02880644692247533,0,0.9412915198790182,365,0.8155339805825242,0.19222079034086992
0.03625282004818836,1909,8,16,False,0.16564053160672396,random_equal,0.08392153056163623,0.38344070659887913,True,0.29502824316525955,6,8,0.03719433728799386,0,0.9044272220072979,365,0.7475728155339806,0.3312810632134479
0.0,365,8,16,True,0.14001550311646657,random_equal,0.0,0.3241214147829753,True,0.28003100623293314,7,8,0.024925011539482456,0,0.9285541770140354,365,0.7184466019417476,0.28003100623293314
0.0,365,8,16,True,0.10515857410588964,random_equal,0.0,0.24343122766490863,True,0.21031714821177927,8,8,0.026763715404187042,0,0.9115101414235275,365,0.8155339805825242,0.21031714821177927
0.0,365,8,16,True,0.11235644173025505,random_equal,0.0,0.2600935470931314,True,0.2247128834605101,9,8,0.026100405999225494,0,0.9503761164809446,365,0.8252427184466019,0.2247128834605101
0.03625282004818836,1909,8,16,False,0.11214398134654935,random_equal,0.08392153056163623,0.25960172326920283,True,0.18803514264491034,10,8,0.028806895995286033,0,0.9615540505925538,365,0.8737864077669902,0.2242879626930987
0.06250583959478762,5,8,16,False,0.14418579022718991,random_equal,0.1446945567506778,0.33377519831617813,True,0.2258657408595922,11,8,0.03379966810975756,0,0.8787746554858163,365,0.8640776699029126,0.28837158045437983
0.09300509102248317,1805,8,16,False,0.13117762800144864,random_equal,0.2152971707650953,0.3036626475593765,True,0.1693501649804141,12,8,0.027108938902061733,0,0.9044695701861849,365,0.8446601941747572,0.2623552560028973
0.055429145828410575,1205,8,16,False,0.17896982397905883,random_equal,0.12831274227663306,0.4142966404463147,True,0.3025105021297071,13,8,0.03625078685728714,0,0.919916945042776,365,0.8446601941747572,0.35793964795811767
0.03625282004818836,1909,8,16,False,0.1164578504819076,random_equal,0.08392153056163623,0.26958788434579356,True,0.19666288091562684,14,8,0.023138959592414014,0,0.9564770621788949,365,0.912621359223301,0.2329157009638152
0.055429145828410575,1205,8,16,False,0.11887331962074657,random_equal,0.12831274227663306,0.27517944568878194,True,0.18231749341308257,15,8,0.022201176195130526,0,0.949491240149138,365,0.8058252427184466,0.23774663924149314
0.048767546611205914,1145,8,16,False,0.20749999828400978,random_equal,0.11289182877106564,0.4803410444865846,True,0.36623244995681364,16,8,0.039606571851094695,0,0.8205457921696109,365,0.7184466019417476,0.41499999656801956
0.03970495554057252,725,8,16,False,0.24111310180358392,random_equal,0.09191286734155946,0.5581519041808044,True,0.4425212480665953,17,8,0.04017521691995017,0,0.8760419588226281,365,0.6893203883495146,0.48222620360716784
0.03625282004818836,1909,8,16,False,0.13212552685337126,random_equal,0.08392153056163623,0.30585693540692116,True,0.22799823365855415,18,8,0.023900041067735113,0,0.9194173765097264,365,0.7864077669902912,0.2642510537067425
0.04523836112295093,1229,8,16,False,0.11196981870188405,random_equal,0.10472212921620097,0.2591985547518973,True,0.17870127628081717,19,8,0.023893327368757322,0,0.9315107082638344,365,0.8640776699029126,0.2239396374037681
0.03611267730853912,277,8,16,False,0.15389385631674263,random_equal,0.08359711460743371,0.3562483676846807,True,0.27167503532494613,20,8,0.02596096899138392,0,0.9381014156657853,365,0.8543689320388349,0.30778771263348526
0.011620062556325528,1565,8,16,False,0.1262077644375022,random_equal,0.02689924352512624,0.29215792719791217,True,0.24079546631867887,21,8,0.033868483899572054,0,0.9003939721741313,365,0.8155339805825242,0.2524155288750044
0.11378941573930279,1421,8,16,False,0.14720406592176943,random_equal,0.2634107337819043,0.34076219451700906,True,0.18061871610423608,22,8,0.03136394954763218,0,0.9132265837732755,365,0.6407766990291263,0.29440813184353887
0.0,365,8,16,True,0.10264504360986032,random_equal,0.0,0.23761266441769802,True,0.20529008721972064,23,8,0.020573595850834365,0,0.9514667001324475,365,0.8349514563106796,0.20529008721972064
0.011620062556325528,1565,8,16,False,0.15432919758819633,random_equal,0.02689924352512624,0.35725613772211445,True,0.2970383326200671,24,8,0.03351633927189056,0,0.9390286485583841,365,0.8252427184466019,0.30865839517639265
0.04523836112295093,1229,8,16,False,0.2858239579143832,random_equal,0.10472212921620097,0.6616529138278282,True,0.5264095547058154,25,8,0.03738103032511695,0,0.9006744866004853,365,0.7572815533980582,0.5716479158287664
0.0,365,8,16,True,0.11436585628654017,random_equal,0.0,0.2647451340558043,True,0.22873171257308034,26,8,0.02742217181140207,0,0.8957783014692787,365,0.8349514563106796,0.22873171257308034
0.039557912166880926,845,8,16,False,0.12072138325656773,random_equal,0.09157247713294281,0.27945752195118745,True,0.20188485434625453,27,8,0.022466195871693802,0,0.9418707723905498,365,0.7961165048543689,0.24144276651313545
0.03970495554057252,725,8,16,False,0.12420940302070549,random_equal,0.09191286734155946,0.28753192711047126,True,0.20871385050083846,28,8,0.022738280101876628,0,0.9536029320418377,365,0.8252427184466019,0.24841880604141098
0.0,365,8,16,True,0.24005576978753002,random_equal,0.0,0.555704289871597,True,0.48011153957506003,29,8,0.04212367613657667,0,0.8845713561868921,365,0.8252427184466019,0.48011153957506003
0.0,365,8,16,True,0.11959468373357662,random_equal,0.0,0.2768493290346973,True,0.23918936746715325,30,8,0.023942759346811587,0,0.9324089858650234,365,0.8155339805825242,0.23918936746715325
0.03970495554057252,725,8,16,False,0.15129128513359363,random_equal,0.09191286734155946,0.3502236844518962,True,0.26287761472661475,31,8,0.029973649812537764,0,0.9051305057605817,365,0.6990291262135923,0.30258257026718727
0.0,365,8,16,True,0.12585930727316214,posterior_medoid,0.0,0.2913512848862875,True,0.25171861454632427,0,8,0.02920137782368052,0,0.9333521094528402,365,0.8543689320388349,0.25171861454632427
0.011620062556325528,1565,8,16,False,0.07427697477648101,acquisition_fw,0.02689924352512624,0.17194351778550354,True,0.1369338869966365,0,8,0.0139854444486186,0,0.964756064096049,365,0.8932038834951457,0.14855394955296203
0.0,365,16,16,True,0.10017913267660994,random_equal,0.0,0.23190433553536638,True,0.20035826535321988,0,16,0.017998595620610115,0,0.9747636914621156,365,0.912621359223301,0.20035826535321988
0.039557912166880926,845,16,16,False,0.09803187942365094,random_equal,0.09157247713294281,0.2269336662397849,True,0.15650584668042095,1,16,0.02305059002797035,0,0.9542407642916179,365,0.8737864077669902,0.19606375884730187
0.03611267730853912,277,16,16,False,0.10212526188779755,random_equal,0.08359711460743371,0.2364094234666358,True,0.16813784646705598,2,16,0.02411386842283253,0,0.9365743512874785,365,0.8058252427184466,0.2042505237755951
0.0,365,16,16,True,0.11938381378946561,random_equal,0.0,0.2763611869140093,True,0.23876762757893122,3,16,0.027715060528809756,0,0.953879258309575,365,0.7864077669902912,0.23876762757893122
0.0,365,16,16,True,0.08211409415941795,random_equal,0.0,0.19008563894838396,True,0.1642281883188359,4,16,0.014841747554570541,0,0.9694958722134523,365,0.8543689320388349,0.1642281883188359
0.048767546611205914,1145,16,16,False,0.10472189717183478,random_equal,0.11289182877106564,0.2424203657066352,True,0.16067624773246364,5,16,0.019696558713961327,0,0.98338727489779,365,0.9029126213592233,0.20944379434366955
0.0,365,16,16,True,0.0772859292599643,random_equal,0.0,0.17890893634628208,True,0.1545718585199286,6,16,0.015081850920315384,0,0.9419308119772821,365,0.9320388349514563,0.1545718585199286
0.0,365,16,16,True,0.07479470622989276,random_equal,0.0,0.1731420125765973,True,0.14958941245978552,7,16,0.014085706367356222,0,0.9768765448410022,365,0.8932038834951457,0.14958941245978552
0.0,365,16,16,True,0.07486384383167141,random_equal,0.0,0.17330205897720596,True,0.14972768766334282,8,16,0.014954114385800564,0,0.9757699587355457,365,0.8932038834951457,0.14972768766334282
0.03970495554057252,725,16,16,False,0.11101946560139059,random_equal,0.09191286734155946,0.25699858557263355,True,0.18233397566220866,9,16,0.02224663719988231,0,0.9178211111223369,365,0.7669902912621359,0.22203893120278118
0.055429145828410575,1205,16,16,False,0.080859580320788,random_equal,0.12831274227663306,0.18718156910475145,True,0.10629001481316541,10,16,0.014297234873650953,0,0.9786410238892793,365,0.8737864077669902,0.161719160641576
0.03611267730853912,277,16,16,False,0.10495386413888656,random_equal,0.08359711460743371,0.2429573452544014,True,0.173795050969234,11,16,0.022937513411912292,0,0.9119360874925169,365,0.8932038834951457,0.20990772827777313
0.0,365,16,16,True,0.0766432838566044,random_equal,0.0,0.17742127867477747,True,0.1532865677132088,12,16,0.014062085100333547,0,0.9685237318669219,365,0.8737864077669902,0.1532865677132088
0.03970495554057252,725,16,16,False,0.1340109918329846,random_equal,0.09191286734155946,0.3102215919136202,True,0.22831702812539667,13,16,0.024915116170867214,0,0.952433464883796,365,0.8737864077669902,0.2680219836659692
0.04523836112295093,1229,16,16,False,0.13208058185141877,random_equal,0.10472212921620097,0.30575289237385683,True,0.2189228025798866,14,16,0.022942022707568042,0,0.9415176734593925,365,0.8543689320388349,0.26416116370283754
0.06250583959478762,5,16,16,False,0.08736582513088387,random_equal,0.1446945567506778,0.20224285321854368,True,0.11222581066698012,15,16,0.018608290936677985,0,0.9695568994680106,365,0.8252427184466019,0.17473165026176773
0.0,365,16,16,True,0.08402513038060044,random_equal,0.0,0.1945094902357371,True,0.1680502607612009,16,16,0.016417661276625386,0,0.9645417136351382,365,0.8737864077669902,0.1680502607612009
0.04523836112295093,1229,16,16,False,0.18612417796787797,random_equal,0.10472212921620097,0.4308582303067276,True,0.327009994812805,17,16,0.02933306334361527,0,0.9534017844785534,365,0.7475728155339806,0.37224835593575595
0.055429145828410575,1205,16,16,False,0.09087983741490682,random_equal,0.12831274227663306,0.21037742837423104,True,0.12633052900140307,18,16,0.022480138548581906,0,0.9370657558448925,365,0.8446601941747572,0.18175967482981364
0.039557912166880926,845,16,16,False,0.10894894035875657,random_equal,0.09157247713294281,0.25220553368874205,True,0.17833996855063222,19,16,0.022351235727085975,0,0.9591438617006212,365,0.8737864077669902,0.21789788071751315
0.055429145828410575,1205,16,16,False,0.07941492729852478,random_equal,0.12831274227663306,0.18383734670777188,True,0.103400708768639,20,16,0.01961866028835016,0,0.9384316655234493,365,0.8932038834951457,0.15882985459704957
0.04523836112295093,1229,16,16,False,0.13934654094546592,random_equal,0.10472212921620097,0.32257283651503404,True,0.2334547207679809,21,16,0.028281367084898826,0,0.9606047467466585,365,0.8932038834951457,0.27869308189093184
0.03970495554057252,725,16,16,False,0.06997869557886588,random_equal,0.09191286734155946,0.161993445803086,True,0.10025243561715924,22,16,0.012396780416591993,0,0.9778392359864383,365,0.8932038834951457,0.13995739115773176
0.04523836112295093,1229,16,16,False,0.10291924880594278,random_equal,0.10472212921620097,0.23824742109904323,True,0.16060013648893462,23,16,0.019859028446623017,0,0.9598292961868458,365,0.8640776699029126,0.20583849761188555
0.011620062556325528,1565,16,16,False,0.16673916730719696,random_equal,0.02689924352512624,0.3859839346675037,True,0.3218582720580684,24,16,0.02144124452814308,0,0.974888555306448,365,0.8737864077669902,0.3334783346143939
0.03970495554057252,725,16,16,False,0.08956002689632714,random_equal,0.09191286734155946,0.20732220346694583,True,0.13941509825208176,25,16,0.018242272562700085,0,0.9509974643172241,365,0.8252427184466019,0.17912005379265428
0.03611267730853912,277,16,16,False,0.10051024658519914,random_equal,0.08359711460743371,0.2326708300028896,True,0.16490781586185915,26,16,0.024211045064788057,0,0.9616740431529984,365,0.941747572815534,0.20102049317039827
0.03611267730853912,277,16,16,False,0.08059713411658503,random_equal,0.08359711460743371,0.18657403327395186,True,0.12508159092463095,27,16,0.020557099281942874,0,0.9457300166663568,365,0.8640776699029126,0.16119426823317007
0.0,365,16,16,True,0.0755329886433393,random_equal,0.0,0.1748510600394103,True,0.1510659772866786,28,16,0.015352508505239778,0,0.9578185735284861,365,0.883495145631068,0.1510659772866786
0.03625282004818836,1909,16,16,False,0.14146767802690585,random_equal,0.08392153056163623,0.32748304957346275,True,0.24668253600562334,29,16,0.027440559888842614,0,0.934116226279879,365,0.6990291262135923,0.2829353560538117
0.03625282004818836,1909,16,16,False,0.0791788257591869,random_equal,0.08392153056163623,0.18329079605259924,True,0.12210483147018544,30,16,0.01971968968992109,0,0.9218092425569577,365,0.8932038834951457,0.1583576515183738
0.03970495554057252,725,16,16,False,0.09809932965961454,random_equal,0.09191286734155946,0.22708980656297312,True,0.15649370377865657,31,16,0.019999415694794312,0,0.9661533584215305,365,0.8058252427184466,0.19619865931922909
0.0,365,16,16,True,0.12174538796850337,posterior_medoid,0.0,0.2818279869967684,True,0.24349077593700674,0,16,0.02814271629660914,0,0.9568691774816341,365,0.8932038834951457,0.24349077593700674
0.0,365,16,16,True,0.048366670157987984,acquisition_fw,0.0,0.11196384122484301,True,0.09673334031597597,0,16,0.009068924195848113,0,0.9838065629401059,365,0.9611650485436893,0.09673334031597597
0.0,365,32,16,True,0.06539651296365062,random_equal,0.0,0.15138616675912092,True,0.13079302592730124,0,32,0.014194273264349945,0,0.9783337208940021,365,0.9223300970873787,0.13079302592730124
0.0,365,32,16,True,0.06860750602330443,random_equal,0.0,0.15881928373680015,True,0.13721501204660885,1,32,0.01615543788327267,0,0.9765211171371919,365,0.9223300970873787,0.13721501204660885
0.0,365,32,16,True,0.07864204018992188,random_equal,0.0,0.18204819295313715,True,0.15728408037984376,2,32,0.0138048711559247,0,0.9791255035960386,365,0.9320388349514563,0.15728408037984376
0.039557912166880926,845,32,16,False,0.053327463697173116,random_equal,0.09157247713294281,0.12344756541665239,True,0.0670970152274653,3,32,0.01155223216621746,0,0.9698838594278956,365,0.941747572815534,0.10665492739434623
0.0,365,32,16,True,0.048393930112620914,random_equal,0.0,0.11202694520165904,True,0.09678786022524183,4,32,0.010434722288573695,0,0.9816190128163131,365,0.912621359223301,0.09678786022524183
0.0,365,32,16,True,0.06768694277556547,random_equal,0.0,0.15668827498696072,True,0.13537388555113095,5,32,0.013841554404462693,0,0.9842180460317246,365,0.912621359223301,0.13537388555113095
0.03611267730853912,277,32,16,False,0.038990183229302255,random_equal,0.08359711460743371,0.09025824333478855,True,0.04186768915006539,6,32,0.008151891401042274,0,0.9892780205748728,365,0.9514563106796117,0.07798036645860451
0.011620062556325528,1565,32,16,False,0.05970846704793803,random_equal,0.02689924352512624,0.13821892849967085,True,0.10779687153955053,7,32,0.012233661205670444,0,0.9821974844136799,365,0.9029126213592233,0.11941693409587606
0.011620062556325528,1565,32,16,False,0.057557391517159565,random_equal,0.02689924352512624,0.13323941102608788,True,0.1034947204779936,8,32,0.01344824968862888,0,0.9682986595523143,365,0.9514563106796117,0.11511478303431913
0.0,365,32,16,True,0.05360766712734577,random_equal,0.0,0.12409620738981345,True,0.10721533425469154,9,32,0.013002307551844632,0,0.9820844586134159,365,0.9029126213592233,0.10721533425469154
0.0,365,32,16,True,0.12477623363675444,random_equal,0.0,0.2888440813871535,True,0.24955246727350888,10,32,0.022500848560540843,0,0.9738979566077488,365,0.9029126213592233,0.24955246727350888
0.04523836112295093,1229,32,16,False,0.06717576388845292,random_equal,0.10472212921620097,0.15550494870943923,True,0.08911316665395491,11,32,0.014752051493539189,0,0.9685416412043014,365,0.883495145631068,0.13435152777690584
0.0,365,32,16,True,0.04854451763111625,random_equal,0.0,0.11237553973909942,True,0.0970890352622325,12,32,0.011565264292075496,0,0.9832979726831254,365,0.941747572815534,0.0970890352622325
0.0,365,32,16,True,0.09349934682205563,random_equal,0.0,0.21644132184448586,True,0.18699869364411126,13,32,0.015046399209513187,0,0.9461369651472784,365,0.8737864077669902,0.18699869364411126
0.0,365,32,16,True,0.06438109994882266,random_equal,0.0,0.1490355906041267,True,0.1287621998976453,14,32,0.012880513204896292,0,0.9848466190702604,365,0.941747572815534,0.1287621998976453
0.04523836112295093,1229,32,16,False,0.0477022500936608,random_equal,0.10472212921620097,0.11042577746428367,True,0.050166139064370674,15,32,0.012842147151339819,0,0.966828404933281,365,0.9611650485436893,0.0954045001873216
0.0,365,32,16,True,0.041034397380057375,random_equal,0.0,0.09499038776104533,True,0.08206879476011475,16,32,0.009010098913423348,0,0.9879917334074935,365,0.9514563106796117,0.08206879476011475
0.0,365,32,16,True,0.05802016677915876,random_equal,0.0,0.13431068791548328,True,0.11604033355831753,17,32,0.011293698595800872,0,0.984359703023065,365,0.9320388349514563,0.11604033355831753
0.011620062556325528,1565,32,16,False,0.047146607406432894,random_equal,0.02689924352512624,0.10913952208620373,True,0.08267315225654026,18,32,0.00948472765463193,0,0.9850341837562165,365,0.9029126213592233,0.09429321481286579
0.0,365,32,16,True,0.09324313817015159,random_equal,0.0,0.21584822530241438,True,0.18648627634030318,19,32,0.016568107339011855,0,0.9519080730979023,365,0.8446601941747572,0.18648627634030318
0.055429145828410575,1205,32,16,False,0.10653750826962072,random_equal,0.12831274227663306,0.24662331769846246,True,0.15764587071083086,20,32,0.014027973570458223,0,0.983285532538869,365,0.9320388349514563,0.21307501653924144
0.0,365,32,16,True,0.052293210876335205,random_equal,0.0,0.12105337705842163,True,0.10458642175267041,21,32,0.01170642807443088,0,0.9850035381139309,365,0.8932038834951457,0.10458642175267041
0.0,365,32,16,True,0.050482099742688746,random_equal,0.0,0.11686084201836683,True,0.10096419948537749,22,32,0.010599447687991459,0,0.986239845377766,365,0.8932038834951457,0.10096419948537749
0.0,365,32,16,True,0.05672983290853578,random_equal,0.0,0.13132369840089483,True,0.11345966581707156,23,32,0.01172067937278378,0,0.9726320458518378,365,0.9223300970873787,0.11345966581707156
0.0,365,32,16,True,0.09478199866413406,random_equal,0.0,0.21941052825716886,True,0.18956399732826812,24,32,0.01914628691307861,0,0.9811773562630668,365,0.9223300970873787,0.18956399732826812
0.0,365,32,16,True,0.045814398521126204,random_equal,0.0,0.10605559624170006,True,0.09162879704225241,25,32,0.010776689563265374,0,0.9846797129865797,365,0.9320388349514563,0.09162879704225241
0.0,365,32,16,True,0.0945806875901059,random_equal,0.0,0.2189445139325179,True,0.1891613751802118,26,32,0.01502238160948888,0,0.9844926721696967,365,0.9029126213592233,0.1891613751802118
0.0,365,32,16,True,0.05374221250902911,random_equal,0.0,0.12440766603898493,True,0.10748442501805822,27,32,0.016811796238522126,0,0.9824718115970343,365,0.941747572815534,0.10748442501805822
0.03970495554057252,725,32,16,False,0.048503082642832984,random_equal,0.09191286734155946,0.1122796220248109,True,0.05730120974509345,28,32,0.01114472741009833,0,0.984423680708243,365,0.912621359223301,0.09700616528566597
0.0,365,32,16,True,0.05683374598421151,random_equal,0.0,0.13156424642845468,True,0.11366749196842302,29,32,0.012906724359864128,0,0.9870436700835634,365,0.9320388349514563,0.11366749196842302
0.0,365,32,16,True,0.0641679651939136,random_equal,0.0,0.14854220568057946,True,0.1283359303878272,30,32,0.011822822436374827,0,0.9809319885620746,365,0.9514563106796117,0.1283359303878272
0.03611267730853912,277,32,16,False,0.06846646396937159,random_equal,0.08359711460743371,0.15849278596300304,True,0.10082025063020406,31,32,0.013401381978675905,0,0.9798676542435955,365,0.912621359223301,0.13693292793874318
0.0,365,32,16,True,0.05344956597040457,posterior_medoid,0.0,0.12373021955613776,True,0.10689913194080913,0,32,0.014063102855744828,0,0.988968820475059,365,0.9320388349514563,0.10689913194080913
0.0,365,32,16,True,0.03053653429805636,acquisition_fw,0.0,0.07068892000496531,True,0.06107306859611272,0,32,0.005980416598438854,0,0.9926408604868319,365,0.970873786407767,0.06107306859611272
0.0,365,64,16,True,0.03975607833376865,random_equal,0.0,0.09203121132268707,True,0.0795121566675373,0,64,0.00793671227787071,0,0.9910031367994875,365,0.970873786407767,0.0795121566675373
0.0,365,64,16,True,0.034052841176875404,random_equal,0.0,0.07882880691038828,True,0.06810568235375081,1,64,0.006126456717347506,0,0.9950942343511845,365,0.9320388349514563,0.06810568235375081
0.0,365,64,16,True,0.03149399464301747,random_equal,0.0,0.07290534172041814,True,0.06298798928603494,2,64,0.006933036835136035,0,0.989691106007363,365,0.9514563106796117,0.06298798928603494
0.0,365,64,16,True,0.04993983076218761,random_equal,0.0,0.11560554538877325,True,0.09987966152437522,3,64,0.012589159878559216,0,0.9900559633544895,365,0.9514563106796117,0.09987966152437522
0.0,365,64,16,True,0.04002400063951761,random_equal,0.0,0.09265142376244123,True,0.08004800127903522,4,64,0.006863827446713938,0,0.9934461981265124,365,0.941747572815534,0.08004800127903522
0.011620062556325528,1565,64,16,False,0.032020492455873156,random_equal,0.02689924352512624,0.07412412972735034,True,0.052420922355420785,5,64,0.007779059961969191,0,0.9940619608199802,365,0.941747572815534,0.06404098491174631
0.0,365,64,16,True,0.07992851272807427,random_equal,0.0,0.1850262438822443,True,0.15985702545614855,6,64,0.014863557304779307,0,0.989381275867677,365,0.9320388349514563,0.15985702545614855
0.0,365,64,16,True,0.029303075687900942,random_equal,0.0,0.06783359083854246,True,0.058606151375801885,7,64,0.0058483996868192055,0,0.9944357476900811,365,0.9611650485436893,0.058606151375801885
0.0,365,64,16,True,0.04728435502493833,random_equal,0.0,0.10945839358256816,True,0.09456871004987666,8,64,0.014429674573004892,0,0.9833733427744132,365,0.912621359223301,0.09456871004987666
0.0,365,64,16,True,0.054232092257133935,random_equal,0.0,0.12554168701162813,True,0.10846418451426787,9,64,0.011871343045829303,0,0.9938089558063938,365,0.970873786407767,0.10846418451426787
0.0,365,64,16,True,0.05510637381573494,random_equal,0.0,0.12756555843575684,True,0.11021274763146988,10,64,0.01247955452784368,0,0.9786003381215843,365,0.9514563106796117,0.11021274763146988
0.0,365,64,16,True,0.03551458962057363,random_equal,0.0,0.08221260344064954,True,0.07102917924114727,11,64,0.007006849882297537,0,0.9936256267765171,365,0.9805825242718447,0.07102917924114727
0.0,365,64,16,True,0.04871604714320055,random_equal,0.0,0.11277261282669565,True,0.0974320942864011,12,64,0.009269389693737966,0,0.9916586464872711,365,0.912621359223301,0.0974320942864011
0.0,365,64,16,True,0.058325071522700084,random_equal,0.0,0.1350165108754483,True,0.11665014304540017,13,64,0.014168118695313642,0,0.9784595961548916,365,0.9029126213592233,0.11665014304540017
0.0,365,64,16,True,0.03724529098893323,random_equal,0.0,0.08621899818690082,True,0.07449058197786645,14,64,0.010369844251789237,0,0.9908212983517464,365,0.9611650485436893,0.07449058197786645
0.0,365,64,16,True,0.03750625746740793,random_equal,0.0,0.08682310860561492,True,0.07501251493481587,15,64,0.0064967644966838845,0,0.9927895191629575,365,0.970873786407767,0.07501251493481587
0.0,365,64,16,True,0.05340454165126177,random_equal,0.0,0.12362599291197775,True,0.10680908330252353,16,64,0.011306917847087131,0,0.9829853555599705,365,0.9514563106796117,0.10680908330252353
0.0,365,64,16,True,0.05426717402648129,random_equal,0.0,0.12562289768088164,True,0.10853434805296258,17,64,0.00951911705848394,0,0.9908611305620982,365,0.9223300970873787,0.10853434805296258
0.0,365,64,16,True,0.03877300663422911,random_equal,0.0,0.0897555019691106,True,0.07754601326845822,18,64,0.009652606082422995,0,0.992653226590926,365,0.941747572815534,0.07754601326845822
0.011620062556325528,1565,64,16,False,0.041606698500272044,random_equal,0.02689924352512624,0.09631520568932547,True,0.07159333444421856,19,64,0.008202082015267858,0,0.9877524663364808,365,0.941747572815534,0.08321339700054409
0.0,365,64,16,True,0.02282147049836153,random_equal,0.0,0.05282934489907177,True,0.04564294099672306,20,64,0.005372056445806633,0,0.9936215643464781,365,0.9805825242718447,0.04564294099672306
0.0,365,64,16,True,0.044130572515540034,random_equal,0.0,0.10215771311425108,True,0.08826114503108007,21,64,0.006725658644638873,0,0.9920034473323102,365,0.9611650485436893,0.08826114503108007
0.0,365,64,16,True,0.03558849200537151,random_equal,0.0,0.08238367982136002,True,0.07117698401074302,22,64,0.008214546722753477,0,0.9929351994687796,365,0.970873786407767,0.07117698401074302
0.04523836112295093,1229,64,16,False,0.03534007690713431,random_equal,0.10472212921620097,0.08180862455032252,True,0.02544179269131769,23,64,0.007013467162482896,0,0.9947455890056407,365,0.970873786407767,0.07068015381426862
0.0,365,64,16,True,0.026992407538234328,random_equal,0.0,0.06248463295106533,True,0.053984815076468656,24,64,0.006673841652507252,0,0.9919323101031328,365,0.9805825242718447,0.053984815076468656
0.05629129456369297,685,64,16,False,0.04609202632490181,random_equal,0.13030852746908164,0.10669827590602259,True,0.03589275808611064,25,64,0.010088286889071221,0,0.9851420686546429,365,0.9320388349514563,0.09218405264980362
0.0,365,64,16,True,0.039612678295728815,random_equal,0.0,0.09169925505945284,True,0.07922535659145763,26,64,0.015156853927349173,0,0.9832103510404471,365,0.9320388349514563,0.07922535659145763
0.011620062556325528,1565,64,16,False,0.0460458998084724,random_equal,0.02689924352512624,0.10659149778909024,True,0.08047173706061928,27,64,0.008320918222492188,0,0.9923548642944967,365,0.9514563106796117,0.0920917996169448
0.0,365,64,16,True,0.03961717283853672,random_equal,0.0,0.09170965946140316,True,0.07923434567707344,28,64,0.008242575070737078,0,0.9938023480711516,365,0.912621359223301,0.07923434567707344
0.0,365,64,16,True,0.04264861534584234,random_equal,0.0,0.09872713547249778,True,0.08529723069168468,29,64,0.009064989581734937,0,0.9858744404128351,365,0.941747572815534,0.08529723069168468
0.0,365,64,16,True,0.057119151644724114,random_equal,0.0,0.1322249310270414,True,0.11423830328944823,30,64,0.009112704566173926,0,0.9860353939468609,365,0.9223300970873787,0.11423830328944823
0.0,365,64,16,True,0.05280961208124896,random_equal,0.0,0.12224879246176489,True,0.10561922416249792,31,64,0.009442954193922224,0,0.9891068942019389,365,0.9514563106796117,0.10561922416249792
0.0,365,64,16,True,0.03758765015212595,posterior_medoid,0.0,0.08701152425628643,True,0.0751753003042519,0,64,0.011016513945053798,0,0.9945920702215006,365,0.9514563106796117,0.0751753003042519
0.0,365,64,16,True,0.019300668394078957,acquisition_fw,0.0,0.04467905201142127,True,0.038601336788157914,0,64,0.0038225034628934576,0,0.9965358298394574,365,0.9902912621359223,0.038601336788157914
0.015448396530719277,685,4,18,False,0.1496027501351973,random_equal,0.033742368069693135,0.32676213672158566,True,0.28375710373967533,0,4,0.02819733636296503,0,0.8919414312923389,277,0.8543689320388349,0.2992055002703946
0.026915595111078106,1205,4,18,False,0.13325841928046855,random_equal,0.05878900863574253,0.2910628700399955,True,0.239601243449859,1,4,0.025865758910003252,0,0.9657121209635429,277,0.8737864077669902,0.2665168385609371
0.053914138511168386,777,4,18,False,0.14787126222430774,random_equal,0.11775919281893003,0.32298022302709434,True,0.2418283859374471,2,4,0.028241888948672852,0,0.8746017798763287,277,0.8155339805825242,0.2957425244486155
0.015448396530719277,685,4,18,False,0.0883523715268805,random_equal,0.033742368069693135,0.19297913760577662,True,0.16125634652304172,3,4,0.02120128689699641,0,0.9286645206046452,277,0.883495145631068,0.176704743053761
0.03519234761326817,1145,4,18,False,0.16558885300996273,random_equal,0.07686708093245666,0.36167896230459645,True,0.2959853584066573,4,4,0.033003366305898056,0,0.929323269898777,277,0.8349514563106796,0.33117770601992547
0.03519234761326817,1145,4,18,False,0.21283034698811276,random_equal,0.07686708093245666,0.46486377341448526,True,0.39046834636295735,5,4,0.03980814493385301,0,0.8921483162697117,277,0.8543689320388349,0.4256606939762255
0.026915595111078106,1205,4,18,False,0.20186119750121861,random_equal,0.05878900863574253,0.44090497104543225,True,0.3768067998913591,6,4,0.035508368581016074,0,0.912039930915667,277,0.7087378640776699,0.40372239500243723
0.0,277,4,18,True,0.34933408342919164,random_equal,0.0,0.7630150610723516,True,0.6986681668583833,7,4,0.05207895728755573,0,0.9347299996678532,277,0.8058252427184466,0.6986681668583833
0.015448396530719277,685,4,18,False,0.15358692375779226,random_equal,0.033742368069693135,0.33546436368474236,True,0.29172545098486524,8,4,0.034409656621014466,0,0.8425409073852677,277,0.8737864077669902,0.3071738475155845
0.09996987085902043,1013,4,18,False,0.2906669949045996,random_equal,0.2183540648828555,0.6348744808744217,True,0.4813641189501787,9,4,0.0383470522621749,0,0.8946350137950513,277,0.7184466019417476,0.5813339898091991
0.0,277,4,18,True,0.12065162780515935,random_equal,0.0,0.26352713212105516,True,0.2413032556103187,10,4,0.03023610772660504,0,0.8654106590385817,277,0.8155339805825242,0.2413032556103187
0.015448396530719277,685,4,18,False,0.16092504285016906,random_equal,0.033742368069693135,0.35149227408061123,True,0.30640168916961885,11,4,0.03259912437180149,0,0.9025086793510448,277,0.8155339805825242,0.32185008570033813
0.015448396530719277,685,4,18,False,0.14468916277035054,random_equal,0.033742368069693135,0.3160298854437546,True,0.2739299290099818,12,4,0.02464956086365105,0,0.9421432318060355,277,0.8737864077669902,0.2893783255407011
0.1202533349112081,825,4,18,False,0.29797191032530596,random_equal,0.26265718128826016,0.6508298678528252,True,0.4756904857394038,13,4,0.04810577712076448,0,0.8556493339559339,277,0.5048543689320388,0.5959438206506119
0.03519234761326817,1145,4,18,False,0.1992019423438388,random_equal,0.07686708093245666,0.4350966293102165,True,0.36321153707440945,14,4,0.035920629410108415,0,0.9196884626897486,277,0.8252427184466019,0.3984038846876776
0.026915595111078106,1205,4,18,False,0.22770305672543595,random_equal,0.05878900863574253,0.4973487271216583,True,0.4284905183397938,15,4,0.06155495398630772,0,0.9132571386115884,277,0.8349514563106796,0.4554061134508719
0.053914138511168386,777,4,18,False,0.2670561972818697,random_equal,0.11775919281893003,0.583303806712804,True,0.480198256052571,16,4,0.0407694566092502,0,0.8204356301869465,277,0.7087378640776699,0.5341123945637394
0.0,277,4,18,True,0.11610223695613564,random_equal,0.0,0.2535903584102431,True,0.23220447391227128,17,4,0.021422972886832533,0,0.931096989997504,277,0.8349514563106796,0.23220447391227128
0.026915595111078106,1205,4,18,False,0.18524130700951558,random_equal,0.05878900863574253,0.40460382735495976,True,0.34356701890795305,18,4,0.020738462456774593,0,0.9441239262891237,277,0.9029126213592233,0.37048261401903115
0.0,277,4,18,True,0.14841381847085144,random_equal,0.0,0.3241652736912836,True,0.2968276369417029,19,4,0.026056464267221465,0,0.9020826271112568,277,0.8252427184466019,0.2968276369417029
0.09996987085902043,1013,4,18,False,0.23618432779393853,random_equal,0.2183540648828555,0.5158735086109983,True,0.3723987847288566,20,4,0.04538439922274914,0,0.8402250344842757,277,0.5048543689320388,0.47236865558787705
0.03441463224832314,365,4,18,False,0.20740004917978444,random_equal,0.0751683960207088,0.4530029238426669,True,0.38038546611124574,21,4,0.03896638859027623,0,0.946352244602679,277,0.8932038834951457,0.4148000983595689
0.0,277,4,18,True,0.14602659430438952,random_equal,0.0,0.3189511017007182,True,0.29205318860877905,22,4,0.03088721553483365,0,0.8612767006147984,277,0.8737864077669902,0.29205318860877905
0.0,277,4,18,True,0.15247611661125499,random_equal,0.0,0.33303814012695276,True,0.30495223322250997,23,4,0.029159309887026592,0,0.9359836742392001,277,0.8932038834951457,0.30495223322250997
0.0,277,4,18,True,0.09949088676370282,random_equal,0.0,0.2173078684305831,True,0.19898177352740565,24,4,0.019890752139021223,0,0.9005247745982766,277,0.8349514563106796,0.19898177352740565
0.015448396530719277,685,4,18,False,0.1966570098987674,random_equal,0.033742368069693135,0.42953799109793683,True,0.3778656232668155,25,4,0.030250887185704307,0,0.9221940208987048,277,0.9029126213592233,0.3933140197975348
0.026915595111078106,1205,4,18,False,0.17639341503835476,random_equal,0.05878900863574253,0.38527827295595635,True,0.3258712349656314,26,4,0.03175199163372073,0,0.9028305808311597,277,0.7475728155339806,0.3527868300767095
0.0,277,4,18,True,0.17332496837846956,random_equal,0.0,0.37857617566099216,True,0.3466499367569391,27,4,0.03303680932371471,0,0.8206943334990643,277,0.8349514563106796,0.3466499367569391
0.03163635775945167,1565,4,18,False,0.06744478338834836,random_equal,0.0691000924129055,0.14731281016415088,True,0.10325320901724505,28,4,0.012924833999256504,0,0.9713130049930228,277,0.9223300970873787,0.13488956677669672
0.015448396530719277,685,4,18,False,0.12621839238834082,random_equal,0.033742368069693135,0.275686052249078,True,0.23698838824596236,29,4,0.022977160033189697,0,0.9332435023135848,277,0.8932038834951457,0.25243678477668163
0.08675697400737448,1325,4,18,False,0.1912819482478123,random_equal,0.18949447237119377,0.41779778827085584,True,0.29580692248825013,30,4,0.03733858380329877,0,0.9161824402797082,277,0.8349514563106796,0.3825638964956246
0.0,277,4,18,True,0.06044425069595048,random_equal,0.0,0.13202225555409186,True,0.12088850139190097,31,4,0.016764171231220752,0,0.9570964598252379,277,0.9223300970873787,0.12088850139190097
0.0,277,4,18,True,0.11311389649563386,posterior_medoid,0.0,0.24706322897416869,True,0.22622779299126772,0,4,0.02572906216209104,0,0.9725159229376135,277,0.8155339805825242,0.22622779299126772
0.026915595111078106,1205,4,18,False,0.08447985314951817,acquisition_fw,0.05878900863574253,0.18452078788735915,True,0.14204411118795823,0,4,0.015850453425758575,0,0.9597182750589015,277,0.9029126213592233,0.16895970629903634
0.015448396530719277,685,8,18,False,0.09230600150171792,random_equal,0.033742368069693135,0.2016146511723179,True,0.16916360647271655,0,8,0.015806333166467634,0,0.940249681197031,277,0.912621359223301,0.18461200300343583
0.0,277,8,18,True,0.12444166966977283,random_equal,0.0,0.27180533674514246,True,0.24888333933954565,1,8,0.024930743855718304,0,0.960749898992455,277,0.8543689320388349,0.24888333933954565
0.026915595111078106,1205,8,18,False,0.10774720866527737,random_equal,0.05878900863574253,0.23534131623539722,True,0.18857882221947664,2,8,0.01740015795542918,0,0.9564086672296923,277,0.8932038834951457,0.21549441733055474
0.03519234761326817,1145,8,18,False,0.12122191284608863,random_equal,0.07686708093245666,0.2647727479827021,True,0.2072514780789091,3,8,0.02234178902852638,0,0.8790289149912097,277,0.883495145631068,0.24244382569217726
0.0,277,8,18,True,0.15986816263408204,random_equal,0.0,0.34918383765577765,True,0.3197363252681641,4,8,0.029363685884579188,0,0.9040335839917862,277,0.8058252427184466,0.3197363252681641
0.03519234761326817,1145,8,18,False,0.23094924158279367,random_equal,0.07686708093245666,0.5044390399616621,True,0.4267061355523192,5,8,0.03721801720044102,0,0.9723626709774545,277,0.8349514563106796,0.46189848316558735
0.026915595111078106,1205,8,18,False,0.12538662066207756,random_equal,0.05878900863574253,0.2738692975016368,True,0.22385764621307702,6,8,0.027179133631034882,0,0.8829945368194966,277,0.9223300970873787,0.2507732413241551
0.0,277,8,18,True,0.09098378637662802,random_equal,0.0,0.19872667057644297,True,0.18196757275325603,7,8,0.017369534659736893,0,0.9270685402020313,277,0.8543689320388349,0.18196757275325603
0.026915595111078106,1205,8,18,False,0.16779822703601482,random_equal,0.05878900863574253,0.36650467424450084,True,0.30868085896095154,8,8,0.02070638845630982,0,0.9512197272966153,277,0.8737864077669902,0.33559645407202965
0.015448396530719277,685,8,18,False,0.13932742699468909,random_equal,0.033742368069693135,0.3043187889765546,True,0.2632064574586589,9,8,0.025540091935609178,0,0.8801694184759362,277,0.883495145631068,0.27865485398937817
0.0,277,8,18,True,0.1066466425467213,random_equal,0.0,0.23293746111790925,True,0.2132932850934426,10,8,0.024587039298924286,0,0.9397164816664713,277,0.8349514563106796,0.2132932850934426
0.0,277,8,18,True,0.05161618202940643,random_equal,0.0,0.1127399991918398,True,0.10323236405881286,11,8,0.010637712474717379,0,0.965500213827989,277,0.941747572815534,0.10323236405881286
0.0,277,8,18,True,0.08537756286177217,random_equal,0.0,0.18648156430000362,True,0.17075512572354434,12,8,0.01753504507779769,0,0.9005584433143602,277,0.8737864077669902,0.17075512572354434
0.0,277,8,18,True,0.13350239694335309,random_equal,0.0,0.29159576574120716,True,0.26700479388670617,13,8,0.03328926949783633,0,0.851692624886811,277,0.8446601941747572,0.26700479388670617
0.0,277,8,18,True,0.33690488325077095,random_equal,0.0,0.7358672178383819,True,0.6738097665015419,14,8,0.05482055578510572,0,0.8297449247117162,277,0.5825242718446602,0.6738097665015419
0.0,277,8,18,True,0.08292504072426474,random_equal,0.0,0.18112476856406498,True,0.16585008144852947,15,8,0.019349281862878577,0,0.9473731676372988,277,0.883495145631068,0.16585008144852947
0.026915595111078106,1205,8,18,False,0.2226006535183605,random_equal,0.05878900863574253,0.4862040645211893,True,0.4182857119256429,16,8,0.03371437305994728,0,0.9204953942883956,277,0.9223300970873787,0.445201307036721
0.0,277,8,18,True,0.09141786629281407,random_equal,0.0,0.199674787377723,True,0.18283573258562813,17,8,0.020462515964404588,0,0.9561235944439102,277,0.8737864077669902,0.18283573258562813
0.053914138511168386,777,8,18,False,0.16590892438499683,random_equal,0.11775919281893003,0.36237806179518095,True,0.27790371025882527,18,8,0.02611828532778521,0,0.8933424234349844,277,0.8058252427184466,0.33181784876999365
0.026915595111078106,1205,8,18,False,0.2105683813704286,random_equal,0.05878900863574253,0.45992319098697454,True,0.3942211676297791,19,8,0.023961157623574595,0,0.9634220252149166,277,0.941747572815534,0.4211367627408572
0.0,277,8,18,True,0.12691189545594428,random_equal,0.0,0.2772008007679942,True,0.25382379091188856,20,8,0.017635556718055338,0,0.9402431936024294,277,0.9223300970873787,0.25382379091188856
0.015448396530719277,685,8,18,False,0.08365885309919077,random_equal,0.033742368069693135,0.18272756062080778,True,0.15186930966766227,21,8,0.020377880102173045,0,0.9243537347154283,277,0.8932038834951457,0.16731770619838154
0.0,277,8,18,True,0.2302054274421204,random_equal,0.0,0.502814402060885,True,0.4604108548842408,22,8,0.03308584651758045,0,0.9555935940071569,277,0.8640776699029126,0.4604108548842408
0.0,277,8,18,True,0.10736529385856927,random_equal,0.0,0.23450713839994453,True,0.21473058771713854,23,8,0.02236500254918752,0,0.898027525651312,277,0.8640776699029126,0.21473058771713854
0.026915595111078106,1205,8,18,False,0.11275249789168995,random_equal,0.05878900863574253,0.24627386260272038,True,0.1985894006723018,24,8,0.018813643405469684,0,0.9689707528394768,277,0.883495145631068,0.2255049957833799
0.0,277,8,18,True,0.11551780827456831,random_equal,0.0,0.25231385002668905,True,0.23103561654913662,25,8,0.0259321918851732,0,0.8915462230665917,277,0.8543689320388349,0.23103561654913662
0.0,277,8,18,True,0.1527116381158381,random_equal,0.0,0.333552565897949,True,0.3054232762316762,26,8,0.03145648779191549,0,0.8469165468687528,277,0.8543689320388349,0.3054232762316762
0.0509554622446482,1501,8,18,False,0.09124776631166981,random_equal,0.11129685587765127,0.1993032552150805,True,0.13154007037869142,27,8,0.01739305103295816,0,0.9076012692841935,277,0.912621359223301,0.18249553262333962
0.015448396530719277,685,8,18,False,0.09850731039240895,random_equal,0.033742368069693135,0.21515954217038805,True,0.18156622425409863,28,8,0.019482057237332148,0,0.9377450477916117,277,0.8640776699029126,0.1970146207848179
0.0,277,8,18,True,0.10619343380312374,random_equal,0.0,0.231947563156107,True,0.21238686760624748,29,8,0.018794243296554793,0,0.8991972805880979,277,0.883495145631068,0.21238686760624748
0.026915595111078106,1205,8,18,False,0.1472541768878443,random_equal,0.05878900863574253,0.3216323860194181,True,0.2675927586646105,30,8,0.028077481181381432,0,0.9343528837844155,277,0.8446601941747572,0.2945083537756886
0.03163635775945167,1565,8,18,False,0.18565761486093532,random_equal,0.0691000924129055,0.40551312643496296,True,0.33967887196241897,31,8,0.030848444861571164,0,0.9674944311180846,277,0.8349514563106796,0.37131522972187064
0.0,277,8,18,True,0.07787891119834595,posterior_medoid,0.0,0.1701030188664625,True,0.1557578223966919,0,8,0.01959466763553321,0,0.9716077938038814,277,0.912621359223301,0.1557578223966919
0.0,277,8,18,True,0.06307329058957574,acquisition_fw,0.0,0.13776460114861422,True,0.12614658117915148,0,8,0.011623791106871534,0,0.9718243040023576,277,0.912621359223301,0.12614658117915148
0.0,277,16,18,True,0.06012811287982037,random_equal,0.0,0.13133174773786643,True,0.12025622575964073,0,16,0.017018523857502715,0,0.9438067061030464,277,0.883495145631068,0.12025622575964073
0.0,277,16,18,True,0.09707615373409995,random_equal,0.0,0.21203361161610507,True,0.1941523074681999,1,16,0.014456300846827138,0,0.9580302948651422,277,0.941747572815534,0.1941523074681999
0.0,277,16,18,True,0.06216174876863645,random_equal,0.0,0.135773612661758,True,0.1243234975372729,2,16,0.014195261157855788,0,0.9425428363410442,277,0.9223300970873787,0.1243234975372729
0.0,277,16,18,True,0.1154460110804324,random_equal,0.0,0.25215703068650136,True,0.2308920221608648,3,16,0.020630262677919883,0,0.9703950746181786,277,0.8932038834951457,0.2308920221608648
0.015448396530719277,685,16,18,False,0.09517467017900638,random_equal,0.033742368069693135,0.2078803936515835,True,0.1749009438272935,4,16,0.022433751715348654,0,0.9478432653917708,277,0.8932038834951457,0.19034934035801276
0.015448396530719277,685,16,18,False,0.07068360961652166,random_equal,0.033742368069693135,0.1543870502956418,True,0.12591882270232405,5,16,0.017350789894220734,0,0.9615993659658709,277,0.970873786407767,0.14136721923304332
0.026915595111078106,1205,16,18,False,0.07453765031181975,random_equal,0.05878900863574253,0.16280504108437702,True,0.12215970551256139,6,16,0.015219248558228239,0,0.9671602054434015,277,0.9223300970873787,0.1490753006236395
0.0,277,16,18,True,0.08313025403345908,random_equal,0.0,0.1815729952132105,True,0.16626050806691817,7,16,0.015069745706602621,0,0.9674944213391952,277,0.9514563106796117,0.16626050806691817
0.015448396530719277,685,16,18,False,0.08021219773926738,random_equal,0.033742368069693135,0.17519938036386942,True,0.1449759989478155,8,16,0.014609831838091834,0,0.9479580276433893,277,0.9223300970873787,0.16042439547853476
0.0,277,16,18,True,0.11598604436048948,random_equal,0.0,0.2533365706904969,True,0.23197208872097896,9,16,0.01967110327041175,0,0.9607551362862019,277,0.9514563106796117,0.23197208872097896
0.07287387088163039,1421,16,18,False,0.09003896657211335,random_equal,0.15917101616738324,0.19666299636015297,True,0.10720406226259632,10,16,0.01707026221180748,0,0.9737198383289192,277,0.8737864077669902,0.1800779331442267
0.0,277,16,18,True,0.0647356785021333,random_equal,0.0,0.141395586714565,True,0.1294713570042666,11,16,0.013985677079920628,0,0.9688000832803747,277,0.883495145631068,0.1294713570042666
0.0,277,16,18,True,0.1930795425944725,random_equal,0.0,0.42172409155834556,True,0.386159085188945,12,16,0.03248715277640513,0,0.8838603764476781,277,0.8252427184466019,0.386159085188945
0.026915595111078106,1205,16,18,False,0.16441797338683223,random_equal,0.05878900863574253,0.35912152851977547,True,0.30192035166258635,13,16,0.019864979289573908,0,0.9810219138316905,277,0.9320388349514563,0.32883594677366446
0.0,277,16,18,True,0.07375503542277789,random_equal,0.0,0.16109565463832345,True,0.14751007084555579,14,16,0.01381631965468278,0,0.9682355060878113,277,0.9029126213592233,0.14751007084555579
0.0,277,16,18,True,0.08312867480304431,random_equal,0.0,0.1815695458601455,True,0.16625734960608862,15,16,0.015244725859523361,0,0.966499702934105,277,0.8932038834951457,0.16625734960608862
0.015448396530719277,685,16,18,False,0.05108131410135472,random_equal,0.033742368069693135,0.11157174134312994,True,0.08671423167199016,16,16,0.011404898342772876,0,0.9788330253970388,277,0.970873786407767,0.10216262820270944
0.0,277,16,18,True,0.09474876807506616,random_equal,0.0,0.20695013881741797,True,0.18949753615013232,17,16,0.01773482373595876,0,0.9601084429656729,277,0.9029126213592233,0.18949753615013232
0.0,277,16,18,True,0.09605898982974351,random_equal,0.0,0.20981192350887967,True,0.19211797965948701,18,16,0.02012141098312332,0,0.9250034874313445,277,0.9029126213592233,0.19211797965948701
0.015448396530719277,685,16,18,False,0.080185523368973,random_equal,0.033742368069693135,0.17514111823817174,True,0.14492265020722672,19,16,0.017532580378463364,0,0.9489038851292755,277,0.912621359223301,0.160371046737946
0.026915595111078106,1205,16,18,False,0.07921995541419184,random_equal,0.05878900863574253,0.17303212593843761,True,0.13152431571730558,20,16,0.01885092196601648,0,0.9642909018867379,277,0.941747572815534,0.15843991082838368
0.053914138511168386,777,16,18,False,0.12401779982579217,random_equal,0.11775919281893003,0.27087952077059785,True,0.19412146114041595,21,16,0.020468910838642423,0,0.9326148538379023,277,0.8640776699029126,0.24803559965158434
0.03163635775945167,1565,16,18,False,0.1147076521424037,random_equal,0.0691000924129055,0.25054430803240774,True,0.19777894652535571,22,16,0.01502130894567598,0,0.9793616246586443,277,0.9320388349514563,0.2294153042848074
0.015448396530719277,685,16,18,False,0.06754320256905699,random_equal,0.033742368069693135,0.14752777721357793,True,0.11963800860739471,23,16,0.013019581846153651,0,0.9549987441670881,277,0.9320388349514563,0.13508640513811399
0.015448396530719277,685,16,18,False,0.08144110072073307,random_equal,0.033742368069693135,0.17788354869422676,True,0.14743380491074687,24,16,0.01614600815323133,0,0.9179839575699468,277,0.9029126213592233,0.16288220144146615
0.0,277,16,18,True,0.10028684051290032,random_equal,0.0,0.21904638959803685,True,0.20057368102580064,25,16,0.014882899482250238,0,0.9591603139834857,277,0.912621359223301,0.20057368102580064
0.0,277,16,18,True,0.09711533330195027,random_equal,0.0,0.2121191875784121,True,0.19423066660390054,26,16,0.016241279972899165,0,0.9709054488239763,277,0.8932038834951457,0.19423066660390054
0.026915595111078106,1205,16,18,False,0.12555489204514025,random_equal,0.05878900863574253,0.2742368356426734,True,0.2241941889792024,27,16,0.020437324225474136,0,0.9567821216175549,277,0.883495145631068,0.2511097840902805
0.03163635775945167,1565,16,18,False,0.06349734617235026,random_equal,0.0691000924129055,0.1386908228135963,True,0.09535833458524884,28,16,0.014805662706034534,0,0.9682738211733275,277,0.8932038834951457,0.1269946923447005
0.0,277,16,18,True,0.07451621901195024,random_equal,0.0,0.16275823086643815,True,0.14903243802390048,29,16,0.014443550526305934,0,0.9622645371963473,277,0.9223300970873787,0.14903243802390048
0.0,277,16,18,True,0.06688216892534363,random_equal,0.0,0.1460839483690585,True,0.13376433785068725,30,16,0.017241133384995045,0,0.9568140902038731,277,0.9029126213592233,0.13376433785068725
0.03163635775945167,1565,16,18,False,0.052994043906312904,random_equal,0.0691000924129055,0.11574952335231342,True,0.07435173005317414,31,16,0.009175932118667015,0,0.9802382392259216,277,0.9514563106796117,0.10598808781262581
0.0,277,16,18,True,0.08086848436768324,posterior_medoid,0.0,0.17663284078360883,True,0.16173696873536647,0,16,0.01639278587900901,0,0.9799704136070106,277,0.9029126213592233,0.16173696873536647
0.0,277,16,18,True,0.0331569666912014,acquisition_fw,0.0,0.07242140450915664,True,0.0663139333824028,0,16,0.0066791861086447895,0,0.9872573402131716,277,0.970873786407767,0.0663139333824028
0.0,277,32,18,True,0.032273014791116994,random_equal,0.0,0.0704906778923688,True,0.06454602958223399,0,32,0.007124503162444946,0,0.9800936276130087,277,0.9611650485436893,0.06454602958223399
0.015448396530719277,685,32,18,False,0.05271960413237056,random_equal,0.033742368069693135,0.11515009234684229,True,0.08999081173402185,1,32,0.008756695404077352,0,0.9876104670840127,277,0.9611650485436893,0.10543920826474112
0.026915595111078106,1205,32,18,False,0.08390575611683476,random_equal,0.05878900863574253,0.18326684587816733,True,0.14089591712259142,2,32,0.012534153674907969,0,0.9816373915403824,277,0.9320388349514563,0.16781151223366952
0.0,277,32,18,True,0.06073537137400831,random_equal,0.0,0.132658120969133,True,0.12147074274801661,3,32,0.01437246832946257,0,0.980625963807336,277,0.9320388349514563,0.12147074274801661
0.0,277,32,18,True,0.04603653316142475,random_equal,0.0,0.10055293722533042,True,0.0920730663228495,4,32,0.010359481059551912,0,0.9672242697415996,277,0.9514563106796117,0.0920730663228495
0.03163635775945167,1565,32,18,False,0.04334400372303997,random_equal,0.0691000924129055,0.09467191784783044,True,0.05505164968662826,5,32,0.00979530122842042,0,0.968614692301826,277,0.970873786407767,0.08668800744607993
0.0,277,32,18,True,0.07707027560033225,random_equal,0.0,0.16833679802094126,True,0.1541405512006645,6,32,0.011983592631289834,0,0.9816714556029931,277,0.941747572815534,0.1541405512006645
0.0,277,32,18,True,0.052283935585563546,random_equal,0.0,0.11419850566057885,True,0.10456787117112709,7,32,0.010453540429059372,0,0.9660498893901441,277,0.941747572815534,0.10456787117112709
0.0,277,32,18,True,0.06406196820885357,random_equal,0.0,0.1399240695481729,True,0.12812393641770714,8,32,0.009889164395642332,0,0.974838935824826,277,0.912621359223301,0.12812393641770714
0.026915595111078106,1205,32,18,False,0.052554642461984546,random_equal,0.05878900863574253,0.11478978327602785,True,0.07819368981289099,9,32,0.009029784012200058,0,0.9861848670647724,277,0.941747572815534,0.10510928492396909
0.015448396530719277,685,32,18,False,0.03680838507717982,random_equal,0.033742368069693135,0.08039682790737984,True,0.05816837362364036,10,32,0.009279482319726454,0,0.9760984372172504,277,0.9805825242718447,0.07361677015435963
0.0,277,32,18,True,0.0467666824756759,random_equal,0.0,0.10214772842960236,True,0.0935333649513518,11,32,0.009832455289522458,0,0.9761403411551636,277,0.970873786407767,0.0935333649513518
0.0,277,32,18,True,0.057678166573822964,random_equal,0.0,0.12598057812983848,True,0.11535633314764593,12,32,0.010722462777413434,0,0.9808814833924732,277,0.9611650485436893,0.11535633314764593
0.026915595111078106,1205,32,18,False,0.0525105589378016,random_equal,0.05878900863574253,0.11469349609853131,True,0.07810552276452509,13,32,0.009924753909483053,0,0.9814918160083751,277,0.9514563106796117,0.1050211178756032
0.0,277,32,18,True,0.046720531727868206,random_equal,0.0,0.1020469260248918,True,0.09344106345573641,14,32,0.009798449656736723,0,0.9706502980426666,277,0.9514563106796117,0.09344106345573641
0.0,277,32,18,True,0.06257356067097414,random_equal,0.0,0.1366730916954899,True,0.12514712134194828,15,32,0.010582482752861415,0,0.9835600972095365,277,0.9223300970873787,0.12514712134194828
0.0,277,32,18,True,0.03692589071515079,random_equal,0.0,0.08065348357250317,True,0.07385178143030158,16,32,0.009162362275545587,0,0.9810600682640239,277,0.9514563106796117,0.07385178143030158
0.0,277,32,18,True,0.058057506060416986,random_equal,0.0,0.12680913095437088,True,0.11611501212083397,17,32,0.009656598668624242,0,0.9775153046882881,277,0.941747572815534,0.11611501212083397
0.0,277,32,18,True,0.029617656922991467,random_equal,0.0,0.06469084861138934,True,0.059235313845982934,18,32,0.007448558672364814,0,0.9767874186463462,277,0.9805825242718447,0.059235313845982934
0.026915595111078106,1205,32,18,False,0.03129563195173157,random_equal,0.05878900863574253,0.06835587953669706,True,0.03567566879238504,19,32,0.0070510120177491665,0,0.9850062328964432,277,0.9611650485436893,0.06259126390346315
0.0,277,32,18,True,0.06262396015715532,random_equal,0.0,0.1367831741891563,True,0.12524792031431065,20,32,0.011392007149783926,0,0.9783603921162528,277,0.9223300970873787,0.12524792031431065
0.015448396530719277,685,32,18,False,0.07661887456284183,random_equal,0.033742368069693135,0.16735084844852088,True,0.1377893525949644,21,32,0.00900238134371961,0,0.9867749783344516,277,0.9611650485436893,0.15323774912568366
0.0,277,32,18,True,0.08165739398671323,random_equal,0.0,0.1783559761709028,True,0.16331478797342647,22,32,0.016216026811063558,0,0.9830144114342421,277,0.941747572815534,0.16331478797342647
0.0,277,32,18,True,0.06511741796088194,random_equal,0.0,0.14222938155522752,True,0.13023483592176388,23,32,0.013673825522394444,0,0.9526773224448737,277,0.8932038834951457,0.13023483592176388
0.0,277,32,18,True,0.056573189628570886,random_equal,0.0,0.12356708889028667,True,0.11314637925714177,24,32,0.010668299819276465,0,0.9778071779931314,277,0.9223300970873787,0.11314637925714177
0.0,277,32,18,True,0.054313733745258275,random_equal,0.0,0.11863198822140074,True,0.10862746749051655,25,32,0.009746528901863467,0,0.9777930139703784,277,0.9514563106796117,0.10862746749051655
0.03441463224832314,365,32,18,False,0.06198160968112974,random_equal,0.0751683960207088,0.13538015309575688,True,0.08954858711393635,26,32,0.011638801066727537,0,0.9843683992496788,277,0.9320388349514563,0.12396321936225949
0.0,277,32,18,True,0.04795642047970304,random_equal,0.0,0.10474635266601148,True,0.09591284095940608,27,32,0.01022621430659135,0,0.9699277121587605,277,0.941747572815534,0.09591284095940608
0.015448396530719277,685,32,18,False,0.05760437990075297,random_equal,0.033742368069693135,0.12581941337229133,True,0.09976036327078666,28,32,0.011212601974345282,0,0.9647269816790777,277,0.970873786407767,0.11520875980150594
0.0,277,32,18,True,0.07040361636393377,random_equal,0.0,0.1537754893891707,True,0.14080723272786755,29,32,0.011917575436219786,0,0.982101331388523,277,0.9223300970873787,0.14080723272786755
0.0,277,32,18,True,0.06039375362914273,random_equal,0.0,0.13191195992494492,True,0.12078750725828546,30,32,0.015430080678505731,0,0.9676732115674227,277,0.941747572815534,0.12078750725828546
0.03163635775945167,1565,32,18,False,0.058608491030434806,random_equal,0.0691000924129055,0.12801259162566067,True,0.08558062430141794,31,32,0.010233446513636453,0,0.9781449897262432,277,0.9223300970873787,0.11721698206086961
0.0,277,32,18,True,0.0479993515171227,posterior_medoid,0.0,0.1048401225833843,True,0.0959987030342454,0,32,0.009947811282871866,0,0.9881985429477199,277,0.9223300970873787,0.0959987030342454
0.0,277,32,18,True,0.02060879292499801,acquisition_fw,0.0,0.04501369931595051,True,0.04121758584999602,0,32,0.0038664968094125306,0,0.9952385539944005,277,0.9902912621359223,0.04121758584999602
0.0,277,64,18,True,0.03462143529935295,random_equal,0.0,0.07562009498195098,True,0.0692428705987059,0,64,0.008142983322325416,0,0.9905635547677708,277,0.9611650485436893,0.0692428705987059
0.03163635775945167,1565,64,18,False,0.03061605803344991,random_equal,0.0691000924129055,0.06687155504802757,True,0.02959575830744815,1,64,0.008206126179075247,0,0.9850301059593515,277,0.9805825242718447,0.06123211606689982
0.015448396530719277,685,64,18,False,0.05007595324648499,random_equal,0.033742368069693135,0.10937583344159343,True,0.0847035099622507,2,64,0.009577061990467196,0,0.9864781499266685,277,0.9805825242718447,0.10015190649296998
0.015448396530719277,685,64,18,False,0.03439573370428278,random_equal,0.033742368069693135,0.07512711784483318,True,0.05334307087784629,3,64,0.005270624931266289,0,0.9948252687931702,277,1.0,0.06879146740856557
0.0,277,64,18,True,0.06189816584237945,random_equal,0.0,0.13519789516920366,True,0.1237963316847589,4,64,0.012073412293951521,0,0.9929809451132289,277,0.970873786407767,0.1237963316847589
0.0,277,64,18,True,0.030319649068219878,random_equal,0.0,0.06622413896286555,True,0.060639298136439757,5,64,0.0057817855195628105,0,0.988541280447103,277,0.970873786407767,0.060639298136439757
0.0,277,64,18,True,0.04473616760778615,random_equal,0.0,0.09771268043565173,True,0.0894723352155723,6,64,0.007711217587682983,0,0.9905875814989404,277,0.9514563106796117,0.0894723352155723
0.0,277,64,18,True,0.03306326243435695,random_equal,0.0,0.07221673579044172,True,0.0661265248687139,7,64,0.0064018921319590714,0,0.9896610931989179,277,0.9611650485436893,0.0661265248687139
0.015448396530719277,685,64,18,False,0.044233831710024485,random_equal,0.033742368069693135,0.09661547900615783,True,0.07301926688932969,8,64,0.009337832233343198,0,0.9890412610904901,277,0.970873786407767,0.08846766342004897
0.0,277,64,18,True,0.028344900430309294,random_equal,0.0,0.061910895497564525,True,0.05668980086061859,9,64,0.006111197108276931,0,0.9922600523741669,277,0.9902912621359223,0.05668980086061859
0.0,277,64,18,True,0.035179403390568076,random_equal,0.0,0.07683880817768536,True,0.07035880678113615,10,64,0.006399184039621197,0,0.9924938334882459,277,0.9805825242718447,0.07035880678113615
0.026915595111078106,1205,64,18,False,0.04231788294613814,random_equal,0.05878900863574253,0.09243066615097431,True,0.05772017078119818,11,64,0.00773532537181176,0,0.9923318950803628,277,0.9611650485436893,0.08463576589227628
0.0,277,64,18,True,0.04039684239817015,random_equal,0.0,0.08823473182747059,True,0.0807936847963403,12,64,0.007743956987887228,0,0.9864551946823764,277,0.9611650485436893,0.0807936847963403
0.0,277,64,18,True,0.040348185907448014,random_equal,0.0,0.08812845638227074,True,0.08069637181489603,13,64,0.010430571369586564,0,0.9876094933860289,277,0.970873786407767,0.08069637181489603
0.0,277,64,18,True,0.02729942794182233,random_equal,0.0,0.0596273758168574,True,0.05459885588364466,14,64,0.0044483257195427894,0,0.9937369496530475,277,0.9805825242718447,0.05459885588364466
0.0,277,64,18,True,0.03762590677115569,random_equal,0.0,0.08218245775240872,True,0.07525181354231138,15,64,0.007739583694092774,0,0.9908224550546599,277,0.970873786407767,0.07525181354231138
0.026915595111078106,1205,64,18,False,0.06952340791088124,random_equal,0.05878900863574253,0.15185293920463253,True,0.11213122071068438,16,64,0.01067520285812684,0,0.9850968650400618,277,0.970873786407767,0.13904681582176248
0.0,277,64,18,True,0.043695105903698905,random_equal,0.0,0.095438794784625,True,0.08739021180739781,17,64,0.009733782945481245,0,0.9853960431752609,277,0.970873786407767,0.08739021180739781
0.0,277,64,18,True,0.05393677630788485,random_equal,0.0,0.11780863826574872,True,0.1078735526157697,18,64,0.008972300897639753,0,0.9925854700635005,277,0.941747572815534,0.1078735526157697
0.0,277,64,18,True,0.02356410801781054,random_equal,0.0,0.05146869478588857,True,0.04712821603562108,19,64,0.005525298083354684,0,0.9894404157965878,277,0.9805825242718447,0.04712821603562108
0.0,277,64,18,True,0.04639122728432471,random_equal,0.0,0.10132765967780297,True,0.09278245456864942,20,64,0.008243485295624168,0,0.9843858741249738,277,0.9514563106796117,0.09278245456864942
0.0,277,64,18,True,0.04161843717711772,random_equal,0.0,0.0909029375911755,True,0.08323687435423544,21,64,0.008911592494525424,0,0.9861161927187307,277,0.9611650485436893,0.08323687435423544
0.0,277,64,18,True,0.07391518792777058,random_equal,0.0,0.16144545953619752,True,0.14783037585554115,22,64,0.009036261295389189,0,0.9908378568054097,277,0.9805825242718447,0.14783037585554115
0.0,277,64,18,True,0.027583652104850587,random_equal,0.0,0.06024817787253543,True,0.05516730420970117,23,64,0.005963035104169659,0,0.9911913482891259,277,0.9805825242718447,0.05516730420970117
0.0,277,64,18,True,0.0321128255459282,random_equal,0.0,0.07014079274660508,True,0.0642256510918564,24,64,0.007300607278623548,0,0.9933718101151133,277,0.970873786407767,0.0642256510918564
0.0,277,64,18,True,0.03903472437588684,random_equal,0.0,0.08525959537425669,True,0.07806944875177368,25,64,0.0068638783430703945,0,0.9898239997168482,277,0.970873786407767,0.07806944875177368
0.0,277,64,18,True,0.04308150831884067,random_equal,0.0,0.09409857571957246,True,0.08616301663768133,26,64,0.008377745751840674,0,0.9858865802054896,277,0.9611650485436893,0.08616301663768133
0.0,277,64,18,True,0.07757329709340294,random_equal,0.0,0.16943549692683785,True,0.15514659418680588,27,64,0.013549810817262616,0,0.9871061585835896,277,0.912621359223301,0.15514659418680588
0.0,277,64,18,True,0.0349235703283393,random_equal,0.0,0.07628001792829253,True,0.0698471406566786,28,64,0.007147962671908534,0,0.9863503747672736,277,0.9902912621359223,0.0698471406566786
0.0,277,64,18,True,0.044772849111704593,random_equal,0.0,0.09779280012989346,True,0.08954569822340919,29,64,0.006404644013759688,0,0.9916878406629779,277,0.970873786407767,0.08954569822340919
0.0,277,64,18,True,0.033369499428317184,random_equal,0.0,0.0728856182434662,True,0.06673899885663437,30,64,0.009075846393074898,0,0.9860452706251194,277,0.970873786407767,0.06673899885663437
0.0,277,64,18,True,0.05032937427563286,random_equal,0.0,0.10992935533139629,True,0.10065874855126572,31,64,0.010013071992376566,0,0.9887569398822047,277,0.941747572815534,0.10065874855126572
0.0,277,64,18,True,0.03308932065617304,posterior_medoid,0.0,0.07227365212541614,True,0.06617864131234608,0,64,0.006511024353100866,0,0.996408989262489,277,0.941747572815534,0.06617864131234608
0.0,277,64,18,True,0.014786403458616107,acquisition_fw,0.0,0.03229644364290397,True,0.029572806917232214,0,64,0.002527654680926285,0,0.9978456869241743,277,1.0,0.029572806917232214
0.0501521859854307,685,4,20,False,0.11696833435629525,random_equal,0.08829777356508607,0.2059340644548924,True,0.1837844827271598,0,4,0.026314054142879382,0,0.9407064167976776,277,0.8349514563106796,0.2339366687125905
0.061013989998179974,1205,4,20,False,0.1548885864512839,random_equal,0.10742102995723399,0.27269633547508215,True,0.24876318290438781,1,4,0.031451743094503375,0,0.9384608052167728,277,0.8737864077669902,0.3097771729025678
0.0501521859854307,685,4,20,False,0.12438850801346774,random_equal,0.08829777356508607,0.21899799777147733,True,0.19862483004150477,2,4,0.018450529492350157,0,0.9431918654191472,277,0.9320388349514563,0.24877701602693547
0.07499897069232897,1181,4,20,False,0.1773150503376189,random_equal,0.13204294093441038,0.31218029397444735,True,0.27963112998290884,3,4,0.031891694856056044,0,0.9413471813172833,277,0.8155339805825242,0.3546301006752378
0.07287550501009055,1565,4,20,False,0.1711225874578856,random_equal,0.12830437424385802,0.30127786421149083,True,0.2693696699056807,4,4,0.03990385389596884,0,0.8570700012239818,277,0.7766990291262136,0.3422451749157712
0.17277957741162508,1773,4,20,False,0.21218310534472884,random_equal,0.30419515526989876,0.3735688768483254,True,0.2515866332778326,5,4,0.037932990218701904,0,0.9056773496357737,277,0.7087378640776699,0.4243662106894577
0.12070034943589164,1145,4,20,False,0.2126921244261821,random_equal,0.21250463791973434,0.37446505416764553,True,0.30468389941647256,6,4,0.056372507426540326,0,0.7107256249950826,277,0.6796116504854369,0.4253842488523642
0.0501521859854307,685,4,20,False,0.22580813811870415,random_equal,0.08829777356508607,0.39755706470204805,True,0.4014640902519776,7,4,0.03662919753711,0,0.9225221766770605,277,0.8155339805825242,0.4516162762374083
0.0888845295234375,141,4,20,False,0.1057234808220957,random_equal,0.15648981010677462,0.18613641233612438,True,0.1225624321207539,8,4,0.02197790254589307,0,0.9482747952065876,277,0.8737864077669902,0.2114469616441914
0.0,277,4,20,True,0.12587803703719308,random_equal,0.0,0.2216204576677166,True,0.25175607407438616,9,4,0.030517087707659533,0,0.8828267366659313,277,0.8932038834951457,0.25175607407438616
0.061013989998179974,1205,4,20,False,0.1494374043345344,random_equal,0.10742102995723399,0.26309900218343624,True,0.23786081867088882,10,4,0.025921855010536694,0,0.9308299047802164,277,0.8640776699029126,0.2988748086690688
0.0,277,4,20,True,0.1347227186112276,random_equal,0.0,0.2371923749338206,True,0.2694454372224552,11,4,0.033186336429401976,0,0.8230841445825445,277,0.8349514563106796,0.2694454372224552
0.2326896396274718,1369,4,20,False,0.4078975287528641,random_equal,0.40967261360724394,0.7181430464873739,True,0.5831054178782564,12,4,0.07450275929391834,0,0.6893847510055604,277,0.34951456310679613,0.8157950575057282
0.0,277,4,20,True,0.1546374123841216,random_equal,0.0,0.27225411923920045,True,0.3092748247682432,13,4,0.03135094723621008,0,0.9242960462530964,277,0.7766990291262136,0.3092748247682432
0.061013989998179974,1205,4,20,False,0.17284986306608835,random_equal,0.10742102995723399,0.3043188999617946,True,0.2846857361339967,14,4,0.03823822789315574,0,0.8760754976191814,277,0.6893203883495146,0.3456997261321767
0.17277957741162508,1773,4,20,False,0.2585445819732685,random_equal,0.30419515526989876,0.45519273999716264,True,0.34430958653491195,15,4,0.06329415863643102,0,0.658998256273152,277,0.6601941747572816,0.517089163946537
0.0,277,4,20,True,0.12526793968813577,random_equal,0.0,0.22054632228316184,True,0.25053587937627153,16,4,0.016769038417123763,0,0.9519223852009798,277,0.8737864077669902,0.25053587937627153
0.061013989998179974,1205,4,20,False,0.19561570646764875,random_equal,0.10742102995723399,0.3444003689185645,True,0.33021742293711753,17,4,0.039813554361611415,0,0.94725304376034,277,0.8640776699029126,0.3912314129352975
0.0,277,4,20,True,0.13255274868429545,random_equal,0.0,0.23337193302313378,True,0.2651054973685909,18,4,0.026612646231723436,0,0.9286322488727569,277,0.8543689320388349,0.2651054973685909
0.0,277,4,20,True,0.09475363093682254,random_equal,0.0,0.16682293073645454,True,0.18950726187364508,19,4,0.025610089076749342,0,0.9444678791647564,277,0.8543689320388349,0.18950726187364508
0.0,277,4,20,True,0.13550597107657109,random_equal,0.0,0.23857136664615167,True,0.27101194215314217,20,4,0.023658303948618682,0,0.9301428274405783,277,0.8932038834951457,0.27101194215314217
0.0,277,4,20,True,0.12737547890929923,random_equal,0.0,0.22425684889876918,True,0.25475095781859847,21,4,0.01936892285877931,0,0.9456875511407975,277,0.912621359223301,0.25475095781859847
0.07499897069232897,1181,4,20,False,0.20536165232250114,random_equal,0.13204294093441038,0.3615590491108763,True,0.3357243339526733,22,4,0.04290231832759716,0,0.8802512119005531,277,0.7766990291262136,0.4107233046450023
0.07287550501009055,1565,4,20,False,0.1940246698901315,random_equal,0.12830437424385802,0.34159919515724135,True,0.31517383477017247,23,4,0.03617400736301932,0,0.8693514606486763,277,0.8155339805825242,0.388049339780263
0.0501521859854307,685,4,20,False,0.15934616564216086,random_equal,0.08829777356508607,0.2805443347259789,True,0.26854014529889103,24,4,0.025250852696679864,0,0.953270657954075,277,0.8446601941747572,0.31869233128432173
0.0,277,4,20,True,0.23467211739804836,random_equal,0.0,0.4131629574446,True,0.4693442347960967,25,4,0.05216912537842147,0,0.7484460688216553,277,0.7961165048543689,0.4693442347960967
0.0501521859854307,685,4,20,False,0.15886752780605778,random_equal,0.08829777356508607,0.27970164652721946,True,0.26758286962668487,26,4,0.032729051509454384,0,0.9171239307930008,277,0.7766990291262136,0.31773505561211557
0.0,277,4,20,True,0.2007302597762001,random_equal,0.0,0.3534050346385437,True,0.4014605195524002,27,4,0.042392115681974214,0,0.8436115588662766,277,0.7961165048543689,0.4014605195524002
0.1269864319212325,1705,4,20,False,0.18713129448835902,random_equal,0.22357189405216538,0.32946274111510526,True,0.24727615705548556,28,4,0.037249160318613445,0,0.8944755131245884,277,0.7572815533980582,0.37426258897671805
0.0,277,4,20,True,0.2188888725562702,random_equal,0.0,0.38537502852827143,True,0.4377777451125404,29,4,0.04151683197478796,0,0.9236400224751289,277,0.7766990291262136,0.4377777451125404
0.061013989998179974,1205,4,20,False,0.22405959958385763,random_equal,0.10742102995723399,0.39447859351308423,True,0.3871052091695353,30,4,0.04990132789357278,0,0.8746279565661745,277,0.7669902912621359,0.44811919916771525
0.0,277,4,20,True,0.3371402973236444,random_equal,0.0,0.5935680977374909,True,0.6742805946472888,31,4,0.05174650782437733,0,0.8134294038060377,277,0.6796116504854369,0.6742805946472888
0.0,277,4,20,True,0.07695128680706581,posterior_medoid,0.0,0.13548018225977515,True,0.15390257361413162,0,4,0.01728924807278556,0,0.9622143086296162,277,0.8932038834951457,0.15390257361413162
0.0,277,4,20,True,0.10463048778710748,acquisition_fw,0.0,0.18421209239641842,True,0.20926097557421497,0,4,0.015056525642080648,0,0.9352829218212777,277,0.912621359223301,0.20926097557421497
0.07287550501009055,1565,8,20,False,0.17592000746698644,random_equal,0.12830437424385802,0.3097241860883329,True,0.27896450992388233,0,8,0.03641301008913405,0,0.9249432299150779,277,0.883495145631068,0.3518400149339729
0.0,277,8,20,True,0.13023491847175142,random_equal,0.0,0.22929116878029535,True,0.26046983694350284,1,8,0.027025817982984247,0,0.9128470734589277,277,0.8737864077669902,0.26046983694350284
0.08001066032450072,245,8,20,False,0.15851511557404213,random_equal,0.14086650520434157,0.2790811907115323,True,0.23701957082358355,2,8,0.03505066677563884,0,0.8740731401021816,277,0.8640776699029126,0.31703023114808426
0.0501521859854307,685,8,20,False,0.09283122967490315,random_equal,0.08829777356508607,0.1634383574024925,True,0.1355102733643756,3,8,0.021140957857745384,0,0.9414951610590903,277,0.8737864077669902,0.1856624593498063
0.0,277,8,20,True,0.14897285840850327,random_equal,0.0,0.2622811241551645,True,0.29794571681700655,4,8,0.04035239247284708,0,0.9134645698097814,277,0.8932038834951457,0.29794571681700655
0.0501521859854307,685,8,20,False,0.12109864456679442,random_equal,0.08829777356508607,0.21320587501617408,True,0.19204510314815815,5,8,0.016133760213267335,0,0.9525324551838529,277,0.9514563106796117,0.24219728913358884
0.0501521859854307,685,8,20,False,0.12711134464344626,random_equal,0.08829777356508607,0.22379181497973238,True,0.20407050330146181,6,8,0.02518090430895375,0,0.9180977153899291,277,0.8349514563106796,0.2542226892868925
0.07287550501009055,1565,8,20,False,0.09683712421521722,random_equal,0.12830437424385802,0.17049112214437273,True,0.12079874342034388,7,8,0.01468852649651697,0,0.9437195049526109,277,0.883495145631068,0.19367424843043443
0.0,277,8,20,True,0.18110127924914377,random_equal,0.0,0.31884631613333236,True,0.36220255849828753,8,8,0.024984852458034966,0,0.928993400020814,277,0.883495145631068,0.36220255849828753
0.061013989998179974,1205,8,20,False,0.11467908713325203,random_equal,0.10742102995723399,0.20190362332928535,True,0.1683441842683241,9,8,0.022097211371066468,0,0.9446640716251008,277,0.8932038834951457,0.22935817426650407
0.0,277,8,20,True,0.1385357390265614,random_equal,0.0,0.24390556612612482,True,0.2770714780531228,10,8,0.02791593783539668,0,0.9170801702630927,277,0.8932038834951457,0.2770714780531228
0.0,277,8,20,True,0.07598178596076008,random_equal,0.0,0.13377328226097687,True,0.15196357192152016,11,8,0.01685757508282732,0,0.9545719822593289,277,0.9223300970873787,0.15196357192152016
0.0501521859854307,685,8,20,False,0.10714198944321096,random_equal,0.08829777356508607,0.18863383394529895,True,0.16413179290099122,12,8,0.018158718362322364,0,0.9404404729164775,277,0.9223300970873787,0.21428397888642192
0.0,277,8,20,True,0.17852055400127786,random_equal,0.0,0.3143026997566512,True,0.35704110800255573,13,8,0.02720490593346146,0,0.9500387992802379,277,0.8640776699029126,0.35704110800255573
0.0,277,8,20,True,0.13419121939429357,random_equal,0.0,0.23625661916196863,True,0.26838243878858714,14,8,0.023512847503942395,0,0.9193941726022478,277,0.8543689320388349,0.26838243878858714
0.0,277,8,20,True,0.08823902021413788,random_equal,0.0,0.1553533285415792,True,0.17647804042827575,15,8,0.018938061290474144,0,0.9407082189072895,277,0.9320388349514563,0.17647804042827575
0.0,277,8,20,True,0.13932660773457717,random_equal,0.0,0.24529796697023507,True,0.27865321546915434,16,8,0.028962773444708625,0,0.9212114143465854,277,0.9029126213592233,0.27865321546915434
0.0501521859854307,685,8,20,False,0.22518840292087122,random_equal,0.08829777356508607,0.3964659609526629,True,0.40022461985631175,17,8,0.043286862470856266,0,0.9394881110721793,277,0.7669902912621359,0.45037680584174244
0.0,277,8,20,True,0.09467331289985587,random_equal,0.0,0.16668152306494574,True,0.18934662579971173,18,8,0.01786573063216281,0,0.9558202910143831,277,0.9223300970873787,0.18934662579971173
0.0888845295234375,141,8,20,False,0.12601254710279164,random_equal,0.15648981010677462,0.22185727564645627,True,0.16314056468214577,19,8,0.021363060493979034,0,0.9219159246519922,277,0.8252427184466019,0.2520250942055833
0.0,277,8,20,True,0.10637944659694398,random_equal,0.0,0.18729130352014625,True,0.21275889319388797,20,8,0.01837482845165121,0,0.9472375623814911,277,0.9320388349514563,0.21275889319388797
0.0,277,8,20,True,0.0849695872717906,random_equal,0.0,0.14959717566494335,True,0.1699391745435812,21,8,0.01650525845486233,0,0.9467169496785284,277,0.912621359223301,0.1699391745435812
0.0,277,8,20,True,0.16767481304410392,random_equal,0.0,0.29520772392727607,True,0.33534962608820784,22,8,0.031478325804487874,0,0.9408287157790284,277,0.8932038834951457,0.33534962608820784
0.0,277,8,20,True,0.16924255242022246,random_equal,0.0,0.2979678807125017,True,0.3384851048404449,23,8,0.03496157440940151,0,0.9365965270145898,277,0.912621359223301,0.3384851048404449
0.0,277,8,20,True,0.11961273248865684,random_equal,0.0,0.21058978310243112,True,0.23922546497731367,24,8,0.022256227398330344,0,0.9724531354829695,277,0.912621359223301,0.23922546497731367
0.0,277,8,20,True,0.19489561646594167,random_equal,0.0,0.34313258083180626,True,0.38979123293188334,25,8,0.03234559533740585,0,0.9316435977823669,277,0.7766990291262136,0.38979123293188334
0.061013989998179974,1205,8,20,False,0.08504615570211355,random_equal,0.10742102995723399,0.1497319817913374,True,0.10907832140604712,26,8,0.017613222015486662,0,0.9648467004306199,277,0.912621359223301,0.1700923114042271
0.0,277,8,20,True,0.22845253001371918,random_equal,0.0,0.40221277236813496,True,0.45690506002743836,27,8,0.03660940352639322,0,0.9172346613482324,277,0.8252427184466019,0.45690506002743836
0.0,277,8,20,True,0.11373920069905363,random_equal,0.0,0.2002488623669645,True,0.22747840139810727,28,8,0.019865829161184213,0,0.931246224231118,277,0.8640776699029126,0.22747840139810727
0.0501521859854307,685,8,20,False,0.1292433490550423,random_equal,0.08829777356508607,0.22754541492908575,True,0.20833451212465393,29,8,0.022803841849025275,0,0.9554143972565288,277,0.912621359223301,0.2584866981100846
0.07287550501009055,1565,8,20,False,0.15726789420530723,random_equal,0.12830437424385802,0.2768853368750897,True,0.24166028340052392,30,8,0.03002195937651401,0,0.9039540299328339,277,0.8446601941747572,0.31453578841061447
0.0,277,8,20,True,0.10344108256704654,random_equal,0.0,0.18211802948102362,True,0.20688216513409308,31,8,0.017299099087449605,0,0.9536413463132314,277,0.912621359223301,0.20688216513409308
0.0,277,8,20,True,0.07659937519666282,posterior_medoid,0.0,0.13486060783685141,True,0.15319875039332564,0,8,0.015762735620089494,0,0.9490648596180641,277,0.9223300970873787,0.15319875039332564
0.0,277,8,20,True,0.06341553674476053,acquisition_fw,0.0,0.1116491852543359,True,0.12683107348952105,0,8,0.010468049480252869,0,0.9640322558509723,277,0.941747572815534,0.12683107348952105
0.0,277,16,20,True,0.11513622510317303,random_equal,0.0,0.2027084589344136,True,0.23027245020634607,0,16,0.021858856400545357,0,0.9440790132472547,277,0.8737864077669902,0.23027245020634607
0.10909950638900495,845,16,20,False,0.09845351556546497,random_equal,0.1920802318367039,0.17333693543510748,True,0.08780752474192499,1,16,0.018367660080323055,0,0.9610969294242692,277,0.8932038834951457,0.19690703113092994
0.0,277,16,20,True,0.1055866578582152,random_equal,0.0,0.18589552227628262,True,0.2111733157164304,2,16,0.016142852891611936,0,0.9541967089980445,277,0.941747572815534,0.2111733157164304
0.0,277,16,20,True,0.07056548540808572,random_equal,0.0,0.1242373613362255,True,0.14113097081617143,3,16,0.010375677204427381,0,0.9761998205512336,277,0.941747572815534,0.14113097081617143
0.0,277,16,20,True,0.08598795757302752,random_equal,0.0,0.15139011506523486,True,0.17197591514605504,4,16,0.016033416798384714,0,0.9388005266272788,277,0.941747572815534,0.17197591514605504
0.0,277,16,20,True,0.0539837015158115,random_equal,0.0,0.09504352719606352,True,0.107967403031623,5,16,0.011583050014217005,0,0.9602932667686384,277,0.970873786407767,0.107967403031623
0.0,277,16,20,True,0.09572433079639592,random_equal,0.0,0.16853194171406516,True,0.19144866159279184,6,16,0.02061350073297363,0,0.9634153657912592,277,0.912621359223301,0.19144866159279184
0.0,277,16,20,True,0.10405344325644666,random_equal,0.0,0.18319614969513592,True,0.20810688651289333,7,16,0.015850453867808277,0,0.9738154032237301,277,0.9611650485436893,0.20810688651289333
0.0,277,16,20,True,0.051823781914196176,random_equal,0.0,0.09124077985504782,True,0.10364756382839235,8,16,0.011392368048720281,0,0.9634604101496423,277,0.9611650485436893,0.10364756382839235
0.0,277,16,20,True,0.07349457717355873,random_equal,0.0,0.12939431065712304,True,0.14698915434711746,9,16,0.015975647073183143,0,0.9499913185814188,277,0.9611650485436893,0.14698915434711746
0.0,277,16,20,True,0.08213763957659642,random_equal,0.0,0.14461125787441945,True,0.16427527915319284,10,16,0.017825678414380642,0,0.9461275620466619,277,0.9611650485436893,0.16427527915319284
0.0,277,16,20,True,0.13326042934848858,random_equal,0.0,0.23461787327111155,True,0.26652085869697717,11,16,0.020621016562790237,0,0.9664994207432976,277,0.912621359223301,0.26652085869697717
0.0,277,16,20,True,0.06700385489546593,random_equal,0.0,0.11796676637916496,True,0.13400770979093185,12,16,0.014743933549359524,0,0.9783521177788659,277,0.9611650485436893,0.13400770979093185
0.0,277,16,20,True,0.057238933501239514,random_equal,0.0,0.10077467791469115,True,0.11447786700247903,13,16,0.010362465631898328,0,0.969316658699014,277,0.9223300970873787,0.11447786700247903
0.0,277,16,20,True,0.1322249260545172,random_equal,0.0,0.23279476958020665,True,0.2644498521090344,14,16,0.02165943880735421,0,0.9611035189987169,277,0.9029126213592233,0.2644498521090344
0.0,277,16,20,True,0.07992716982155712,random_equal,0.0,0.1407195120996763,True,0.15985433964311424,15,16,0.017506252132987413,0,0.9563865613517909,277,0.883495145631068,0.15985433964311424
0.0,277,16,20,True,0.13335640807525195,random_equal,0.0,0.2347868531015277,True,0.2667128161505039,16,16,0.02490373907714546,0,0.9566593686163412,277,0.941747572815534,0.2667128161505039
0.0,277,16,20,True,0.11942038816275088,random_equal,0.0,0.2102511423153614,True,0.23884077632550177,17,16,0.0203988113024739,0,0.9408378366888372,277,0.8932038834951457,0.23884077632550177
0.0,277,16,20,True,0.09735522295073627,random_equal,0.0,0.17140328507275454,True,0.19471044590147255,18,16,0.021604202245166675,0,0.9443728646817184,277,0.941747572815534,0.19471044590147255
0.0,277,16,20,True,0.09648936186411672,random_equal,0.0,0.16987885289371923,True,0.19297872372823344,19,16,0.014721836534992688,0,0.9485517584991178,277,0.9223300970873787,0.19297872372823344
0.0,277,16,20,True,0.10405671526926069,random_equal,0.0,0.18320191039012615,True,0.20811343053852138,20,16,0.017369721278305335,0,0.975674761247578,277,0.9029126213592233,0.20811343053852138
0.0,277,16,20,True,0.0694470683242443,random_equal,0.0,0.12226827989979436,True,0.1388941366484886,21,16,0.014908019594595917,0,0.9591663419702869,277,0.9223300970873787,0.1388941366484886
0.0,277,16,20,True,0.10391217627662214,random_equal,0.0,0.18294743551545106,True,0.20782435255324427,22,16,0.023263802808828067,0,0.9334682854524639,277,0.8543689320388349,0.20782435255324427
0.0,277,16,20,True,0.1299029683609051,random_equal,0.0,0.2287067385077858,True,0.2598059367218102,23,16,0.029196407223036566,0,0.955500134367528,277,0.9223300970873787,0.2598059367218102
0.0,277,16,20,True,0.056514287929231855,random_equal,0.0,0.09949886930585679,True,0.11302857585846371,24,16,0.015091446698758972,0,0.9555970724978026,277,0.912621359223301,0.11302857585846371
0.0,277,16,20,True,0.1042198855764565,random_equal,0.0,0.18348918749588394,True,0.208439771152913,25,16,0.021448545299612005,0,0.9683860185619638,277,0.9029126213592233,0.208439771152913
0.07287550501009055,1565,16,20,False,0.07160439273048963,random_equal,0.12830437424385802,0.126066458148384,True,0.07033328045088871,26,16,0.013586409374862185,0,0.9644281080864331,277,0.8737864077669902,0.14320878546097926
0.0,277,16,20,True,0.07180366422775503,random_equal,0.0,0.12641729489054768,True,0.14360732845551005,27,16,0.013004892040396317,0,0.9740273508718255,277,0.9029126213592233,0.14360732845551005
0.0,277,16,20,True,0.08529555472359929,random_equal,0.0,0.15017107288764373,True,0.17059110944719857,28,16,0.01648183915885365,0,0.9595675865647405,277,0.8932038834951457,0.17059110944719857
0.0,277,16,20,True,0.06882943580306392,random_equal,0.0,0.12118087811600249,True,0.13765887160612783,29,16,0.014552062523675973,0,0.9528813156649627,277,0.941747572815534,0.13765887160612783
0.0,277,16,20,True,0.09987870397501242,random_equal,0.0,0.1758461174578086,True,0.19975740795002483,30,16,0.018385896895739707,0,0.942874258268448,277,0.9223300970873787,0.19975740795002483
0.0,277,16,20,True,0.0919681091816742,random_equal,0.0,0.16191875030315978,True,0.1839362183633484,31,16,0.014630921578964203,0,0.9833870681441292,277,0.883495145631068,0.1839362183633484
0.0,277,16,20,True,0.05431727199898806,posterior_medoid,0.0,0.09563081029076403,True,0.10863454399797612,0,16,0.01011717851992119,0,0.9844577294040274,277,0.9514563106796117,0.10863454399797612
0.0,277,16,20,True,0.035500438296895254,acquisition_fw,0.0,0.06250195481232218,True,0.07100087659379051,0,16,0.00606185016621169,0,0.9823902081622681,277,0.970873786407767,0.07100087659379051
0.0,277,32,20,True,0.04466779936202653,random_equal,0.0,0.0786419805283198,True,0.08933559872405306,0,32,0.008368441950516064,0,0.9873156545244229,277,0.941747572815534,0.08933559872405306
0.0,277,32,20,True,0.1024107444967629,random_equal,0.0,0.18030401966594156,True,0.2048214889935258,1,32,0.014985702570929925,0,0.9674128807687178,277,0.941747572815534,0.2048214889935258
0.0,277,32,20,True,0.08881007060974261,random_equal,0.0,0.15635871798841222,True,0.17762014121948522,2,32,0.012895508286363789,0,0.9864601595642055,277,0.912621359223301,0.17762014121948522
0.0,277,32,20,True,0.05073251834372755,random_equal,0.0,0.08931950480488236,True,0.1014650366874551,3,32,0.00893975217433715,0,0.9887376223847564,277,0.9611650485436893,0.1014650366874551
0.0,277,32,20,True,0.04244449673365136,random_equal,0.0,0.07472764123902222,True,0.08488899346730272,4,32,0.010762553087072874,0,0.9703763368691712,277,0.9611650485436893,0.08488899346730272
0.0,277,32,20,True,0.04990549369913444,random_equal,0.0,0.08786344793784485,True,0.09981098739826888,5,32,0.010503359877200483,0,0.9764605676512286,277,0.912621359223301,0.09981098739826888
0.0,277,32,20,True,0.03945281872939498,random_equal,0.0,0.06946050279213145,True,0.07890563745878997,6,32,0.009045706595112913,0,0.9636355891737257,277,0.9514563106796117,0.07890563745878997
0.0,277,32,20,True,0.03652228930889084,random_equal,0.0,0.0643010223405183,True,0.07304457861778169,7,32,0.007699469050195227,0,0.9873097215325466,277,0.9514563106796117,0.07304457861778169
0.0,277,32,20,True,0.09262210894298561,random_equal,0.0,0.16307018013021998,True,0.18524421788597123,8,32,0.01684310907628752,0,0.9879451551604642,277,0.970873786407767,0.18524421788597123
0.0,277,32,20,True,0.04984174118155443,random_equal,0.0,0.08775120546524119,True,0.09968348236310887,9,32,0.009460687150867878,0,0.9793576222989256,277,0.9514563106796117,0.09968348236310887
0.0,277,32,20,True,0.06741588270853399,random_equal,0.0,0.11869218119062244,True,0.13483176541706798,10,32,0.010530013848838017,0,0.9815018868674367,277,0.9223300970873787,0.13483176541706798
0.0,277,32,20,True,0.04376714963726,random_equal,0.0,0.0770562995874732,True,0.08753429927452,11,32,0.009157752909113564,0,0.9759959376928958,277,0.9611650485436893,0.08753429927452
0.0,277,32,20,True,0.05337039081082262,random_equal,0.0,0.09396373438763272,True,0.10674078162164524,12,32,0.009709535408611886,0,0.9753831449878265,277,0.9320388349514563,0.10674078162164524
0.0,277,32,20,True,0.039512772589052,random_equal,0.0,0.06956605736009956,True,0.079025545178104,13,32,0.00735873765893994,0,0.9830503488526581,277,0.9514563106796117,0.079025545178104
0.0,277,32,20,True,0.05462715196497972,random_equal,0.0,0.0961763839388885,True,0.10925430392995944,14,32,0.01144277849893103,0,0.9725819653654316,277,0.970873786407767,0.10925430392995944
0.0,277,32,20,True,0.056059916913732286,random_equal,0.0,0.09869890519157523,True,0.11211983382746457,15,32,0.013038455611867186,0,0.9732961972838515,277,0.9514563106796117,0.11211983382746457
0.0,277,32,20,True,0.05017306421457174,random_equal,0.0,0.08833453170658905,True,0.10034612842914348,16,32,0.009886340276486931,0,0.9857904523260481,277,0.9320388349514563,0.10034612842914348
0.0,277,32,20,True,0.05573044220129786,random_equal,0.0,0.09811883309736166,True,0.11146088440259572,17,32,0.010604156636817632,0,0.9776705389690196,277,0.9320388349514563,0.11146088440259572
0.0,277,32,20,True,0.06206314325525497,random_equal,0.0,0.10926816572824888,True,0.12412628651050994,18,32,0.012377525029694162,0,0.9788090713090473,277,0.9223300970873787,0.12412628651050994
0.0,277,32,20,True,0.08619321829945381,random_equal,0.0,0.15175149642454508,True,0.17238643659890762,19,32,0.01365563393300131,0,0.9767418797555577,277,0.912621359223301,0.17238643659890762
0.0,277,32,20,True,0.05752578014812776,random_equal,0.0,0.10127969917701858,True,0.11505156029625552,20,32,0.012144101421274731,0,0.9774429548768294,277,0.9320388349514563,0.11505156029625552
0.0,277,32,20,True,0.059208752574730544,random_equal,0.0,0.10424273489162583,True,0.11841750514946109,21,32,0.010396764975783762,0,0.9861086699588406,277,0.9223300970873787,0.11841750514946109
0.0,277,32,20,True,0.04030166637607807,random_equal,0.0,0.07095498116481601,True,0.08060333275215614,22,32,0.008729657974376078,0,0.9820332842883848,277,0.9514563106796117,0.08060333275215614
0.0,277,32,20,True,0.0906695797123171,random_equal,0.0,0.1596325635936474,True,0.1813391594246342,23,32,0.01630718151803931,0,0.982608492530672,277,0.9029126213592233,0.1813391594246342
0.0,277,32,20,True,0.05597047923971721,random_equal,0.0,0.0985414415170972,True,0.11194095847943442,24,32,0.010569255726283375,0,0.9908548427362367,277,0.9514563106796117,0.11194095847943442
0.0,277,32,20,True,0.04697984386374976,random_equal,0.0,0.08271255846773137,True,0.09395968772749952,25,32,0.008729822261803952,0,0.9899774528427311,277,0.9611650485436893,0.09395968772749952
0.0,277,32,20,True,0.05924921652822042,random_equal,0.0,0.10431397559494901,True,0.11849843305644084,26,32,0.013618737563625515,0,0.9733767948899975,277,0.9514563106796117,0.11849843305644084
0.0,277,32,20,True,0.059966111739062355,random_equal,0.0,0.10557613894342609,True,0.11993222347812471,27,32,0.01212734920731151,0,0.9499867853677061,277,0.9320388349514563,0.11993222347812471
0.0,277,32,20,True,0.07705008198355551,random_equal,0.0,0.13565412072230887,True,0.15410016396711101,28,32,0.019104492896157597,0,0.9632779304861561,277,0.912621359223301,0.15410016396711101
0.0,277,32,20,True,0.06636732158515224,random_equal,0.0,0.11684608792823882,True,0.13273464317030448,29,32,0.015397514130583384,0,0.9694438904315569,277,0.970873786407767,0.13273464317030448
0.0,277,32,20,True,0.06541917515345697,random_equal,0.0,0.11517678444151355,True,0.13083835030691393,30,32,0.009951105944464212,0,0.9801632435263976,277,0.9320388349514563,0.13083835030691393
0.0,277,32,20,True,0.051325929195783826,random_equal,0.0,0.09036426199774233,True,0.10265185839156765,31,32,0.010110018611721948,0,0.972863320776271,277,0.9320388349514563,0.10265185839156765
0.0,277,32,20,True,0.047688332485054,posterior_medoid,0.0,0.08395992120233949,True,0.095376664970108,0,32,0.010269882607234744,0,0.9929518515203838,277,0.9611650485436893,0.095376664970108
0.0,277,32,20,True,0.023449527692083583,acquisition_fw,0.0,0.041285161268250756,True,0.046899055384167165,0,32,0.004093093568832091,0,0.990785115064112,277,0.970873786407767,0.046899055384167165
0.0,277,64,20,True,0.03533560342445863,random_equal,0.0,0.062211747078480484,True,0.07067120684891726,0,64,0.006486372537098872,0,0.9944938943632293,277,0.9611650485436893,0.07067120684891726
0.0,277,64,20,True,0.05490364538219189,random_equal,0.0,0.09666317733912692,True,0.10980729076438378,1,64,0.010220872862287922,0,0.9904333306950821,277,0.941747572815534,0.10980729076438378
0.0,277,64,20,True,0.025584483669832375,random_equal,0.0,0.04504395773525725,True,0.05116896733966475,2,64,0.005447692849429719,0,0.9921455010671619,277,0.970873786407767,0.05116896733966475
0.0,277,64,20,True,0.030273924769044655,random_equal,0.0,0.05330017229877282,True,0.06054784953808931,3,64,0.007202230070736295,0,0.9872902182362006,277,0.970873786407767,0.06054784953808931
0.0,277,64,20,True,0.03780231227016023,random_equal,0.0,0.06655462655280744,True,0.07560462454032046,4,64,0.008837617962853738,0,0.9836181251390279,277,0.970873786407767,0.07560462454032046
0.0,277,64,20,True,0.02627674751625933,random_equal,0.0,0.04626275518462187,True,0.05255349503251866,5,64,0.006540813021029846,0,0.9875255206660679,277,0.9805825242718447,0.05255349503251866
0.0,277,64,20,True,0.038158521482524355,random_equal,0.0,0.06718176731959799,True,0.07631704296504871,6,64,0.00819295216306471,0,0.9913238857676414,277,0.9611650485436893,0.07631704296504871
0.0,277,64,20,True,0.04135020560535968,random_equal,0.0,0.07280103588051899,True,0.08270041121071936,7,64,0.011136213522260794,0,0.9854758165607315,277,0.970873786407767,0.08270041121071936
0.0,277,64,20,True,0.09937228386559466,random_equal,0.0,0.1749545158800994,True,0.19874456773118931,8,64,0.017867891922068807,0,0.99252148818737,277,0.9611650485436893,0.19874456773118931
0.0,277,64,20,True,0.03980466014870848,random_equal,0.0,0.0700799536368541,True,0.07960932029741696,9,64,0.009059157262618491,0,0.9888480386185441,277,0.9611650485436893,0.07960932029741696
0.0,277,64,20,True,0.041397085221487884,random_equal,0.0,0.07288357197836542,True,0.08279417044297577,10,64,0.007308622045436868,0,0.9948046995978832,277,0.941747572815534,0.08279417044297577
0.0,277,64,20,True,0.05692831996987058,random_equal,0.0,0.10022781275377805,True,0.11385663993974116,11,64,0.009706385572106211,0,0.9906435782134124,277,0.9611650485436893,0.11385663993974116
0.0,277,64,20,True,0.04078511203884955,random_equal,0.0,0.07180613400738242,True,0.0815702240776991,12,64,0.008631152047475719,0,0.986890119168787,277,0.970873786407767,0.0815702240776991
0.0,277,64,20,True,0.047543446070788586,random_equal,0.0,0.08370483465829172,True,0.09508689214157717,13,64,0.008567007796052349,0,0.9925767291333926,277,0.9514563106796117,0.09508689214157717
0.0,277,64,20,True,0.051397699411866116,random_equal,0.0,0.09049062040393807,True,0.10279539882373223,14,64,0.00849927934705863,0,0.9890257447870364,277,0.8932038834951457,0.10279539882373223
0.0,277,64,20,True,0.023403462130201558,random_equal,0.0,0.0412040583916306,True,0.046806924260403115,15,64,0.004771492766856411,0,0.9901112643708324,277,0.941747572815534,0.046806924260403115
0.0,277,64,20,True,0.03211290738779227,random_equal,0.0,0.056537879044147324,True,0.06422581477558453,16,64,0.004742441759621743,0,0.9949409768030888,277,0.9611650485436893,0.06422581477558453
0.0,277,64,20,True,0.034760575611306854,random_equal,0.0,0.06119935500340619,True,0.06952115122261371,17,64,0.006189503284589964,0,0.9899074429797992,277,0.9805825242718447,0.06952115122261371
0.0,277,64,20,True,0.05422034344304211,random_equal,0.0,0.0954601581942155,True,0.10844068688608421,18,64,0.009427039404895832,0,0.9914039776655086,277,0.9514563106796117,0.10844068688608421
0.0,277,64,20,True,0.036142199250290274,random_equal,0.0,0.06363183703445002,True,0.07228439850058055,19,64,0.007716955971470389,0,0.9887729283663164,277,0.9611650485436893,0.07228439850058055
0.0,277,64,20,True,0.03608708922476772,random_equal,0.0,0.06353481050491509,True,0.07217417844953544,20,64,0.007835228784948106,0,0.9854095715702049,277,0.970873786407767,0.07217417844953544
0.0,277,64,20,True,0.06453669856166455,random_equal,0.0,0.1136230990587625,True,0.1290733971233291,21,64,0.01119873519360571,0,0.9884380628728722,277,0.9611650485436893,0.1290733971233291
0.0,277,64,20,True,0.03287925030789385,random_equal,0.0,0.05788709986678491,True,0.0657585006157877,22,64,0.00581002380959279,0,0.9890787254126314,277,0.970873786407767,0.0657585006157877
0.0,277,64,20,True,0.025697494455323433,random_equal,0.0,0.04524292415220667,True,0.051394988910646866,23,64,0.005918101058655944,0,0.990966207522293,277,0.970873786407767,0.051394988910646866
0.0,277,64,20,True,0.03779653602344302,random_equal,0.0,0.0665444569118502,True,0.07559307204688603,24,64,0.00858224599886052,0,0.9864403461373678,277,0.941747572815534,0.07559307204688603
0.0,277,64,20,True,0.0372638039934019,random_equal,0.0,0.06560653065329979,True,0.0745276079868038,25,64,0.007187373983812375,0,0.9769571592109585,277,0.941747572815534,0.0745276079868038
0.0,277,64,20,True,0.03949797964052129,random_equal,0.0,0.06954001294360884,True,0.07899595928104258,26,64,0.007992290672111251,0,0.9870256908969739,277,0.9611650485436893,0.07899595928104258
0.0,277,64,20,True,0.027134296791323287,random_equal,0.0,0.04777255361559151,True,0.054268593582646574,27,64,0.005485152917808741,0,0.9921025046876084,277,0.9611650485436893,0.054268593582646574
0.0,277,64,20,True,0.038784296555350484,random_equal,0.0,0.06828350485301533,True,0.07756859311070097,28,64,0.006210494625302051,0,0.9930249305575923,277,0.970873786407767,0.07756859311070097
0.0,277,64,20,True,0.04597268275799654,random_equal,0.0,0.08093935394011231,True,0.09194536551599308,29,64,0.007457361056289582,0,0.9832387307743684,277,0.9320388349514563,0.09194536551599308
0.0,277,64,20,True,0.03108645895167962,random_equal,0.0,0.0547307173061836,True,0.06217291790335924,30,64,0.0076822505226629,0,0.9904244766092545,277,0.9514563106796117,0.06217291790335924
0.0,277,64,20,True,0.030077721286526304,random_equal,0.0,0.05295473709327411,True,0.06015544257305261,31,64,0.006697011881691336,0,0.990902453354586,277,0.9514563106796117,0.06015544257305261
0.0,277,64,20,True,0.035168739584583886,posterior_medoid,0.0,0.061917967151245784,True,0.07033747916916777,0,64,0.005588714472204875,0,0.9968636824722427,277,0.9514563106796117,0.07033747916916777
0.0,277,64,20,True,0.015465600964892245,acquisition_fw,0.0,0.02722868615223941,True,0.03093120192978449,0,64,0.002836712371380661,0,0.9953467657871284,277,0.970873786407767,0.03093120192978449
0.00735022097444904,1181,4,24,False,0.10109431696748736,random_equal,0.018166556153148217,0.24986127523760432,True,0.19483841296052568,0,4,0.016205363354878724,0,0.9686474012897675,685,0.7961165048543689,0.20218863393497472
0.0,685,4,24,True,0.08443798766515842,random_equal,0.0,0.2086940582752914,True,0.16887597533031684,1,4,0.009147363332597315,0,0.9758730366113574,685,0.8737864077669902,0.16887597533031684
0.00735022097444904,1181,4,24,False,0.18394792385158704,random_equal,0.018166556153148217,0.4546394318648871,True,0.36054562672872503,2,4,0.025201290752388267,0,0.9766713208778373,685,0.7766990291262136,0.3678958477031741
0.00735022097444904,1181,4,24,False,0.08501764240579271,random_equal,0.018166556153148217,0.2101267132161125,True,0.16268506383713638,3,4,0.01684946977602927,0,0.9786005909757237,685,0.7961165048543689,0.17003528481158542
0.018332864877352806,1205,4,24,False,0.07862619363999324,random_equal,0.045310885264571645,0.19432982584259112,True,0.13891952240263367,4,4,0.012577047409005036,0,0.976514805562599,685,0.8640776699029126,0.15725238727998647
0.014330463813432726,1805,4,24,False,0.1182206295974132,random_equal,0.03541868693095971,0.29219008700659205,True,0.22211079538139367,5,4,0.021737641628390477,0,0.9637919871422915,685,0.7864077669902912,0.2364412591948264
0.02613047060802598,277,4,24,False,0.07011822786138694,random_equal,0.064583182364048,0.17330182701052876,True,0.1141059851147479,6,4,0.011021760603168876,0,0.9784352299565627,685,0.8640776699029126,0.14023645572277388
0.00735022097444904,1181,4,24,False,0.10650182779620854,random_equal,0.018166556153148217,0.2632262950730908,True,0.20565343461796803,7,4,0.019920449628728656,0,0.9745747870683164,685,0.8155339805825242,0.21300365559241707
0.0,685,4,24,True,0.08535687752396015,random_equal,0.0,0.21096515519557565,True,0.1707137550479203,8,4,0.014281544033323561,0,0.9764300826621254,685,0.8640776699029126,0.1707137550479203
0.014330463813432726,1805,4,24,False,0.10005330285770667,random_equal,0.03541868693095971,0.24728834017248294,True,0.1857761419019806,9,4,0.014532188667268818,0,0.9699209298004938,685,0.8349514563106796,0.20010660571541333
0.014330463813432726,1805,4,24,False,0.08796572051462433,random_equal,0.03541868693095971,0.21741308279522178,True,0.16160097721581593,10,4,0.014246689422868572,0,0.9772147114080993,685,0.8640776699029126,0.17593144102924865
0.00735022097444904,1181,4,24,False,0.12093373598857876,random_equal,0.018166556153148217,0.29889570848054636,True,0.23451725100270848,11,4,0.018517253667028482,0,0.9728310280896196,685,0.7669902912621359,0.24186747197715752
0.014330463813432726,1805,4,24,False,0.1614439217185526,random_equal,0.03541868693095971,0.3990193056344669,True,0.30855737962367247,12,4,0.02839997496887425,0,0.9628684772125727,685,0.7864077669902912,0.3228878434371052
0.00735022097444904,1181,4,24,False,0.15309602683542176,random_equal,0.018166556153148217,0.37838693258307815,True,0.29884183269639447,13,4,0.02520780886519514,0,0.9557846609324899,685,0.6796116504854369,0.3061920536708435
0.018332864877352806,1205,4,24,False,0.15222321589530918,random_equal,0.045310885264571645,0.37622972275091715,True,0.28611356691326556,14,4,0.020811797170777246,0,0.9695479908997993,685,0.8446601941747572,0.30444643179061837
0.014330463813432726,1805,4,24,False,0.1191611784341137,random_equal,0.03541868693095971,0.2945147155199517,True,0.22399189305479467,15,4,0.019144738788443295,0,0.9759640752773763,685,0.7572815533980582,0.2383223568682274
0.018332864877352806,1205,4,24,False,0.13647591172806553,random_equal,0.045310885264571645,0.3373092213932855,True,0.25461895857877825,16,4,0.024263860592546465,0,0.9633646301192654,685,0.7378640776699029,0.27295182345613106
0.014330463813432726,1805,4,24,False,0.09862024659583052,random_equal,0.03541868693095971,0.24374644705899798,True,0.1829100293782283,17,4,0.023007404488870023,0,0.9766218033760616,685,0.8737864077669902,0.19724049319166104
0.0,685,4,24,True,0.11557064521718421,random_equal,0.0,0.28564047574786333,True,0.23114129043436843,18,4,0.0189161281359736,0,0.9741956986431954,685,0.7766990291262136,0.23114129043436843
0.018332864877352806,1205,4,24,False,0.07852980458822256,random_equal,0.045310885264571645,0.19409159394077108,True,0.13872674429909232,19,4,0.009475485853161941,0,0.9841666006917599,685,0.912621359223301,0.15705960917644513
0.018332864877352806,1205,4,24,False,0.09833734018663792,random_equal,0.045310885264571645,0.24304722520069622,True,0.17834181549592304,20,4,0.01579650369071792,0,0.9732508106643406,685,0.8349514563106796,0.19667468037327585
0.018332864877352806,1205,4,24,False,0.16410512856178505,random_equal,0.045310885264571645,0.40559665395103894,True,0.3098773922462173,21,4,0.027732560898225126,0,0.9792665291505229,685,0.7864077669902912,0.3282102571235701
0.014330463813432726,1805,4,24,False,0.08245926222810124,random_equal,0.03541868693095971,0.20380350778858897,True,0.15058806064276975,22,4,0.011588772454006874,0,0.980107800017667,685,0.8640776699029126,0.16491852445620248
0.014330463813432726,1805,4,24,False,0.16260637078871776,random_equal,0.03541868693095971,0.4018923752172373,True,0.3108822777640028,23,4,0.020875178212060298,0,0.9837126562655347,685,0.8446601941747572,0.3252127415774355
0.0,685,4,24,True,0.08285348249819355,random_equal,0.0,0.204777849199308,True,0.1657069649963871,24,4,0.01950403004000704,0,0.9826957956609537,685,0.883495145631068,0.1657069649963871
0.014330463813432726,1805,4,24,False,0.08260152113565372,random_equal,0.03541868693095971,0.2041551100657615,True,0.15087257845787472,25,4,0.014729210428402797,0,0.9735460213644258,685,0.8252427184466019,0.16520304227130744
0.02613047060802598,277,4,24,False,0.2385429075894379,random_equal,0.064583182364048,0.5895745367007285,True,0.45095534457084985,26,4,0.03581081022258672,0,0.9340767880190702,685,0.7669902912621359,0.4770858151788758
0.018332864877352806,1205,4,24,False,0.18558150990432526,random_equal,0.045310885264571645,0.45867694758873145,True,0.3528301549312977,27,4,0.030450404391026045,0,0.9649311048186971,685,0.7475728155339806,0.3711630198086505
0.057329800477085524,141,4,24,False,0.1491653526821663,random_equal,0.14169438486763666,0.36867201204217614,True,0.24100090488724707,28,4,0.02191223767364435,0,0.9691003748119772,685,0.7961165048543689,0.2983307053643326
0.0,685,4,24,True,0.0674686384452258,random_equal,0.0,0.16675319193155597,True,0.1349372768904516,29,4,0.014659106621412094,0,0.9808243718846137,685,0.8252427184466019,0.1349372768904516
0.014330463813432726,1805,4,24,False,0.09071409253765716,random_equal,0.03541868693095971,0.22420586560538897,True,0.1670977212618816,30,4,0.015807912470348635,0,0.9773886317494233,685,0.8252427184466019,0.18142818507531433
0.018332864877352806,1205,4,24,False,0.14654065553390638,random_equal,0.045310885264571645,0.362184899845873,True,0.27474844619045996,31,4,0.020132838745966754,0,0.9735242242200315,685,0.7669902912621359,0.29308131106781277
0.014330463813432726,1805,4,24,False,0.08757754264741432,posterior_medoid,0.03541868693095971,0.21645367558194295,True,0.16082462148139592,0,4,0.015111067456920698,0,0.9912093805611149,685,0.8640776699029126,0.17515508529482865
0.0,685,4,24,True,0.08250186724556804,acquisition_fw,0.0,0.20390880890061092,True,0.1650037344911361,0,4,0.011296127575935077,0,0.987284461264333,685,0.883495145631068,0.1650037344911361
0.014330463813432726,1805,8,24,False,0.09725474745324725,random_equal,0.03541868693095971,0.24037152582369808,True,0.18017903109306177,0,8,0.016385973984811814,0,0.9812696997123243,685,0.8737864077669902,0.1945094949064945
0.018332864877352806,1205,8,24,False,0.05501626162110859,random_equal,0.045310885264571645,0.13597632092293388,True,0.09169965836486438,1,8,0.009330550790008591,0,0.9861979903343,685,0.8543689320388349,0.11003252324221718
0.0,685,8,24,True,0.06285361299147604,random_equal,0.0,0.15534685199358728,True,0.1257072259829521,2,8,0.012960938467067973,0,0.9817457542074036,685,0.8446601941747572,0.1257072259829521
0.00735022097444904,1181,8,24,False,0.12399210357143772,random_equal,0.018166556153148217,0.3064546657723222,True,0.2406339861684264,3,8,0.017123226973887597,0,0.9731329345349513,685,0.8058252427184466,0.24798420714287545
0.018332864877352806,1205,8,24,False,0.09619955445573286,random_equal,0.045310885264571645,0.23776354670192879,True,0.17406624403411292,4,8,0.015480317975836724,0,0.9781890911202946,685,0.8252427184466019,0.19239910891146572
0.0,685,8,24,True,0.10198338931865478,random_equal,0.0,0.25205867622021966,True,0.20396677863730955,5,8,0.017601333108300917,0,0.9800447373571366,685,0.7864077669902912,0.20396677863730955
0.018332864877352806,1205,8,24,False,0.06659712552198566,random_equal,0.045310885264571645,0.16459919023374672,True,0.1148613861666185,6,8,0.01123590297496104,0,0.9868213386519467,685,0.8543689320388349,0.1331942510439713
0.0,685,8,24,True,0.1439791575493498,random_equal,0.0,0.3558539885529494,True,0.2879583150986996,7,8,0.022843528580462267,0,0.971204881210299,685,0.8446601941747572,0.2879583150986996
0.018332864877352806,1205,8,24,False,0.08261152757018736,random_equal,0.045310885264571645,0.20417984162900024,True,0.1468901902630219,8,8,0.014109535977030617,0,0.982240715486578,685,0.8543689320388349,0.16522305514037472
0.00735022097444904,1181,8,24,False,0.093263644155989,random_equal,0.018166556153148217,0.2305072506658901,True,0.17917706733752897,9,8,0.017067019562103592,0,0.9779710302693619,685,0.8252427184466019,0.186527288311978
0.00735022097444904,1181,8,24,False,0.11204511004821027,random_equal,0.018166556153148217,0.2769268829402859,True,0.2167399991219715,10,8,0.015748785513572713,0,0.9807668259146695,685,0.8543689320388349,0.22409022009642054
0.0,685,8,24,True,0.08159059116006279,random_equal,0.0,0.20165652992343455,True,0.16318118232012557,11,8,0.012479690111094907,0,0.9819406991608619,685,0.883495145631068,0.16318118232012557
0.018332864877352806,1205,8,24,False,0.06643065518995445,random_equal,0.045310885264571645,0.1641877478233497,True,0.11452844550255609,12,8,0.00873720283073298,0,0.9795243775083132,685,0.883495145631068,0.1328613103799089
0.0,685,8,24,True,0.1003301794729472,random_equal,0.0,0.24797265899714763,True,0.2006603589458944,13,8,0.012808796492901849,0,0.9812029601893927,685,0.8640776699029126,0.2006603589458944
0.014330463813432726,1805,8,24,False,0.11222217472535687,random_equal,0.03541868693095971,0.2773645099737186,True,0.210113885637281,14,8,0.01720944017143771,0,0.9752103170881432,685,0.7961165048543689,0.22444434945071373
0.018332864877352806,1205,8,24,False,0.08349310626079809,random_equal,0.045310885264571645,0.2063587215350699,True,0.14865334764424337,15,8,0.011177503740367158,0,0.9782147802626563,685,0.9029126213592233,0.16698621252159618
0.0,685,8,24,True,0.05378557482590102,random_equal,0.0,0.1329345972999577,True,0.10757114965180203,16,8,0.008966157885436083,0,0.9830144715045624,685,0.912621359223301,0.10757114965180203
0.00735022097444904,1181,8,24,False,0.07527770774588341,random_equal,0.018166556153148217,0.18605382200068885,True,0.14320519451731778,17,8,0.015305191603624809,0,0.9676581520778007,685,0.8252427184466019,0.15055541549176682
0.0,685,8,24,True,0.11263638937098314,random_equal,0.0,0.2783882688029271,True,0.22527277874196627,18,8,0.014685914979148281,0,0.9825772866977246,685,0.8737864077669902,0.22527277874196627
0.00735022097444904,1181,8,24,False,0.04789750879722848,random_equal,0.018166556153148217,0.1183818535776723,True,0.08844479662000793,19,8,0.011164127762094272,0,0.9838832531814583,685,0.9223300970873787,0.09579501759445697
0.00735022097444904,1181,8,24,False,0.2061694166124724,random_equal,0.018166556153148217,0.5095613175402576,True,0.40498861225049576,20,8,0.026204402528930328,0,0.983723406058915,685,0.883495145631068,0.4123388332249448
0.0,685,8,24,True,0.06351404882460182,random_equal,0.0,0.15697916273495652,True,0.12702809764920364,21,8,0.0077517438613418,0,0.9857639976363476,685,0.8737864077669902,0.12702809764920364
0.018332864877352806,1205,8,24,False,0.06910467569406953,random_equal,0.045310885264571645,0.17079676594832077,True,0.11987648651078625,22,8,0.009497347348606472,0,0.9849770946001042,685,0.941747572815534,0.13820935138813906
0.00735022097444904,1181,8,24,False,0.10306903165888037,random_equal,0.018166556153148217,0.254741912901743,True,0.1987878423433117,23,8,0.015570664717913157,0,0.977710612857637,685,0.9223300970873787,0.20613806331776074
0.018332864877352806,1205,8,24,False,0.10709614311674692,random_equal,0.045310885264571645,0.2646951846045441,True,0.19585942135614104,24,8,0.015044545270179907,0,0.9717942213447026,685,0.8446601941747572,0.21419228623349384
0.0,685,8,24,True,0.0414059979164173,random_equal,0.0,0.10233765608415833,True,0.0828119958328346,25,8,0.008137824535517998,0,0.9823343120306582,685,0.9223300970873787,0.0828119958328346
0.0,685,8,24,True,0.11780133346931748,random_equal,0.0,0.2911537689581514,True,0.23560266693863496,26,8,0.014674368692600073,0,0.978676264212582,685,0.883495145631068,0.23560266693863496
0.018332864877352806,1205,8,24,False,0.0557991386772958,random_equal,0.045310885264571645,0.1379112532265579,True,0.0932654124772388,27,8,0.007688667984748114,0,0.9857910879538567,685,0.8932038834951457,0.1115982773545916
0.0,685,8,24,True,0.05838606078884734,random_equal,0.0,0.14430500192699672,True,0.11677212157769468,28,8,0.014104326990162628,0,0.9838816941470968,685,0.883495145631068,0.11677212157769468
0.00735022097444904,1181,8,24,False,0.09488713359515563,random_equal,0.018166556153148217,0.23451981194305285,True,0.18242404621586222,29,8,0.014926043333165745,0,0.9807717977814194,685,0.8252427184466019,0.18977426719031126
0.018332864877352806,1205,8,24,False,0.1030528337012212,random_equal,0.045310885264571645,0.25470187858054305,True,0.1877728025250896,30,8,0.01792914748140766,0,0.9832164628463003,685,0.8252427184466019,0.2061056674024424
0.018332864877352806,1205,8,24,False,0.11800597177187991,random_equal,0.045310885264571645,0.29165954602628424,True,0.217679078666407,31,8,0.018797453106159805,0,0.9785692454443563,685,0.8737864077669902,0.23601194354375982
0.00735022097444904,1181,8,24,False,0.04715654072305642,posterior_medoid,0.018166556153148217,0.11655050208852255,True,0.0869628604716638,0,8,0.008864150546280522,0,0.9938254332349737,685,0.883495145631068,0.09431308144611283
0.0,685,8,24,True,0.03928573847441846,acquisition_fw,0.0,0.09709729496491976,True,0.07857147694883693,0,8,0.006530391426605701,0,0.9936710734663484,685,0.9320388349514563,0.07857147694883693
0.0,685,16,24,True,0.05683023395149628,random_equal,0.0,0.14045967323503428,True,0.11366046790299256,0,16,0.01095799322256227,0,0.9838186594262505,685,0.9320388349514563,0.11366046790299256
0.00735022097444904,1181,16,24,False,0.03409817666537063,random_equal,0.018166556153148217,0.08427589364520519,True,0.060846132356292215,1,16,0.00753316734471574,0,0.984240365648208,685,0.9320388349514563,0.06819635333074126
0.0,685,16,24,True,0.06511175992571222,random_equal,0.0,0.16092801114859295,True,0.13022351985142444,2,16,0.00984864017249246,0,0.984942804226054,685,0.9223300970873787,0.13022351985142444
0.014330463813432726,1805,16,24,False,0.06955963847330154,random_equal,0.03541868693095971,0.17192123647855953,True,0.12478881313317036,3,16,0.011502691702422354,0,0.9786031418688637,685,0.8640776699029126,0.1391192769466031
0.00735022097444904,1181,16,24,False,0.05699773513840983,random_equal,0.018166556153148217,0.14087366347129546,True,0.10664524930237063,4,16,0.008316897521566046,0,0.981649423765254,685,0.8737864077669902,0.11399547027681967
0.018332864877352806,1205,16,24,False,0.07031430786778786,random_equal,0.045310885264571645,0.17378645168496706,True,0.12229575085822292,5,16,0.014378784212368635,0,0.9813135887647783,685,0.912621359223301,0.14062861573557572
0.014330463813432726,1805,16,24,False,0.05064139627223241,random_equal,0.03541868693095971,0.12516355253146672,True,0.08695232873103209,6,16,0.010510594786038871,0,0.9626942313739315,685,0.912621359223301,0.10128279254446482
0.0,685,16,24,True,0.07614304734692462,random_equal,0.0,0.188192565925328,True,0.15228609469384924,7,16,0.012416605230004001,0,0.9861078247834028,685,0.9029126213592233,0.15228609469384924
0.0,685,16,24,True,0.05790077812160549,random_equal,0.0,0.14310559379284069,True,0.11580155624321098,8,16,0.008675833370158391,0,0.9698129694649208,685,0.9029126213592233,0.11580155624321098
0.014330463813432726,1805,16,24,False,0.11970722392727123,random_equal,0.03541868693095971,0.2958643029878799,True,0.22508398404110974,9,16,0.018019954549589472,0,0.9808637109595444,685,0.883495145631068,0.23941444785454247
0.0,685,16,24,True,0.03777439781257452,random_equal,0.0,0.0933619167912068,True,0.07554879562514905,10,16,0.007255671138496725,0,0.9802915425548656,685,0.912621359223301,0.07554879562514905
0.0,685,16,24,True,0.053775186899713195,random_equal,0.0,0.13290892285492242,True,0.10755037379942639,11,16,0.010215998366914898,0,0.9834123577490111,685,0.883495145631068,0.10755037379942639
0.00735022097444904,1181,16,24,False,0.03563262750522789,random_equal,0.018166556153148217,0.08806839014883606,True,0.06391503403600673,12,16,0.007721996396134533,0,0.9821177277920194,685,0.9223300970873787,0.07126525501045577
0.00735022097444904,1181,16,24,False,0.05751639831509997,random_equal,0.018166556153148217,0.1421555737372134,True,0.1076825756557509,13,16,0.00820162824262767,0,0.9853183051957621,685,0.8640776699029126,0.11503279663019994
0.0,685,16,24,True,0.08684418740037553,random_equal,0.0,0.21464113969739632,True,0.17368837480075106,14,16,0.011766630344271466,0,0.9806018574480672,685,0.8737864077669902,0.17368837480075106
0.018332864877352806,1205,16,24,False,0.09712394248624395,random_equal,0.045310885264571645,0.24004823271639744,True,0.1759150200951351,15,16,0.009369776662973265,0,0.9863252751522423,685,0.9223300970873787,0.1942478849724879
0.00735022097444904,1181,16,24,False,0.07978574571032662,random_equal,0.018166556153148217,0.1971957352991146,True,0.1522212704462042,16,16,0.011403727114331661,0,0.9846210941327738,685,0.8932038834951457,0.15957149142065324
0.00735022097444904,1181,16,24,False,0.052217581296928356,random_equal,0.018166556153148217,0.12905919782681602,True,0.09708494161940767,17,16,0.01049939027382696,0,0.9835996248773339,685,0.8932038834951457,0.10443516259385671
0.00735022097444904,1181,16,24,False,0.028816003143648627,random_equal,0.018166556153148217,0.07122065323452784,True,0.050281785312848215,18,16,0.004360940402832087,0,0.98361785272711,685,0.9320388349514563,0.057632006287297255
0.00735022097444904,1181,16,24,False,0.050054125399548954,random_equal,0.018166556153148217,0.12371207381772477,True,0.09275802982464887,19,16,0.008017658298191309,0,0.9856751871601195,685,0.9611650485436893,0.10010825079909791
0.0,685,16,24,True,0.09105510076362255,random_equal,0.0,0.2250486899377758,True,0.1821102015272451,20,16,0.01534968685014885,0,0.9685441893034731,685,0.8543689320388349,0.1821102015272451
0.018332864877352806,1205,16,24,False,0.09529268262219787,random_equal,0.045310885264571645,0.23552215312411776,True,0.17225250036704293,21,16,0.013175992754024505,0,0.9864752763301795,685,0.912621359223301,0.19058536524439573
0.00735022097444904,1181,16,24,False,0.03662704537195635,random_equal,0.018166556153148217,0.09052615952453441,True,0.06590386976946366,22,16,0.006904917770922505,0,0.9726617066202659,685,0.9029126213592233,0.0732540907439127
0.00735022097444904,1181,16,24,False,0.0843151814668372,random_equal,0.018166556153148217,0.2083905346525986,True,0.16128014195922535,23,16,0.011551309600087623,0,0.9800210975905891,685,0.9320388349514563,0.1686303629336744
0.00735022097444904,1181,16,24,False,0.04968155742972152,random_equal,0.018166556153148217,0.12279124749586827,True,0.09201289388499401,24,16,0.009218918467869663,0,0.9666860662136535,685,0.9320388349514563,0.09936311485944305
0.014330463813432726,1805,16,24,False,0.055912160406864475,random_equal,0.03541868693095971,0.13819059388908664,True,0.09749385700029622,25,16,0.010665844538924859,0,0.9736538224438007,685,0.883495145631068,0.11182432081372895
0.018332864877352806,1205,16,24,False,0.0677420560364757,random_equal,0.045310885264571645,0.16742896155017922,True,0.1171512471955986,26,16,0.010910274360468812,0,0.983410265066687,685,0.9029126213592233,0.1354841120729514
0.00735022097444904,1181,16,24,False,0.09996685263852714,random_equal,0.018166556153148217,0.24707467275123993,True,0.19258348430260525,27,16,0.016009250786041207,0,0.9818939742304921,685,0.8155339805825242,0.19993370527705429
0.0,685,16,24,True,0.0569188478284165,random_equal,0.0,0.14067868827915544,True,0.113837695656833,28,16,0.010584124868337322,0,0.9782082814921812,685,0.912621359223301,0.113837695656833
0.00735022097444904,1181,16,24,False,0.05476414252338635,random_equal,0.018166556153148217,0.1353531919364757,True,0.10217806407232366,29,16,0.009810954531974543,0,0.9810662764617866,685,0.8640776699029126,0.1095282850467727
0.00735022097444904,1181,16,24,False,0.03381412233919473,random_equal,0.018166556153148217,0.08357383463433227,True,0.06027802370394042,30,16,0.007045817330377838,0,0.9716202912244897,685,0.8932038834951457,0.06762824467838946
0.00735022097444904,1181,16,24,False,0.04708299984955333,random_equal,0.018166556153148217,0.11636874096696041,True,0.08681577872465762,31,16,0.00946127087038323,0,0.9832125373207123,685,0.8932038834951457,0.09416599969910666
0.00735022097444904,1181,16,24,False,0.06969724448250508,posterior_medoid,0.018166556153148217,0.17226133881043454,True,0.13204426799056113,0,16,0.012905835248321866,0,0.9917402443341004,685,0.9029126213592233,0.13939448896501017
0.0,685,16,24,True,0.019654681858274375,acquisition_fw,0.0,0.04857784315489501,True,0.03930936371654875,0,16,0.003681006189801036,0,0.9956444142246342,685,0.9611650485436893,0.03930936371654875
0.0,685,32,24,True,0.03423445133530928,random_equal,0.0,0.08461270548423672,True,0.06846890267061856,0,32,0.007481657001165887,0,0.9802362666842381,685,0.9223300970873787,0.06846890267061856
0.014330463813432726,1805,32,24,False,0.046682975694952694,random_equal,0.03541868693095971,0.11538005487270148,True,0.07903548757647266,1,32,0.008007025530229916,0,0.9827652243784607,685,0.9223300970873787,0.09336595138990539
0.00735022097444904,1181,32,24,False,0.03549542440920503,random_equal,0.018166556153148217,0.08772928364347392,True,0.06364062784396102,2,32,0.005148643470400697,0,0.9841263410042445,685,0.9514563106796117,0.07099084881841006
0.00735022097444904,1181,32,24,False,0.02813594299793004,random_equal,0.018166556153148217,0.06953983970964725,True,0.04892166502141104,3,32,0.005365795770458262,0,0.9831362088982664,685,0.9611650485436893,0.05627188599586008
0.0,685,32,24,True,0.05762182890238199,random_equal,0.0,0.14241615239066835,True,0.11524365780476398,4,32,0.008813279384467023,0,0.9806682477249499,685,0.8737864077669902,0.11524365780476398
0.0,685,32,24,True,0.03120069561161601,random_equal,0.0,0.07711457802643742,True,0.06240139122323202,5,32,0.0059110188340389305,0,0.9846446500802696,685,0.9514563106796117,0.06240139122323202
0.0,685,32,24,True,0.03132169399888593,random_equal,0.0,0.07741363352482591,True,0.06264338799777186,6,32,0.005235439057739919,0,0.9841093355156387,685,0.9223300970873787,0.06264338799777186
0.0,685,32,24,True,0.04530299935131893,random_equal,0.0,0.11196935227970656,True,0.09060599870263786,7,32,0.00857324813288022,0,0.9815697551535977,685,0.9320388349514563,0.09060599870263786
0.00735022097444904,1181,32,24,False,0.032028027841362994,random_equal,0.018166556153148217,0.07915938422495236,True,0.05670583470827695,8,32,0.003804160543667869,0,0.9851764763753657,685,0.970873786407767,0.06405605568272599
0.0,685,32,24,True,0.018584746487237992,random_equal,0.0,0.04593342728416958,True,0.037169492974475984,9,32,0.00386968038385858,0,0.9850153999067308,685,0.970873786407767,0.037169492974475984
0.0,685,32,24,True,0.036341199063896656,random_equal,0.0,0.08981967151218921,True,0.07268239812779331,10,32,0.0044866381823536585,0,0.9849747015661781,685,0.941747572815534,0.07268239812779331
0.0,685,32,24,True,0.03558554645797056,random_equal,0.0,0.08795202623382964,True,0.07117109291594112,11,32,0.0059511399002303384,0,0.982798311949119,685,0.9514563106796117,0.07117109291594112
0.0,685,32,24,True,0.019803378715284953,random_equal,0.0,0.0489453572489705,True,0.039606757430569905,12,32,0.005079861592120642,0,0.990897530382283,685,0.9611650485436893,0.039606757430569905
0.014330463813432726,1805,32,24,False,0.03741159851528411,random_equal,0.03541868693095971,0.0924652343881253,True,0.0604927332171355,13,32,0.007750288208794926,0,0.9830539628507705,685,0.912621359223301,0.07482319703056822
0.0,685,32,24,True,0.04571194961109576,random_equal,0.0,0.11298009983191022,True,0.09142389922219152,14,32,0.005017317416427269,0,0.9857231218788022,685,0.9320388349514563,0.09142389922219152
0.014330463813432726,1805,32,24,False,0.06760451462549094,random_equal,0.03541868693095971,0.1670890188770645,True,0.12087856543754916,15,32,0.011492520499098708,0,0.984288968125336,685,0.9223300970873787,0.13520902925098188
0.0,685,32,24,True,0.03389197059956439,random_equal,0.0,0.0837662417467642,True,0.06778394119912878,16,32,0.00418392833784093,0,0.9833221125700148,685,0.9611650485436893,0.06778394119912878
0.0,685,32,24,True,0.04493805389844427,random_equal,0.0,0.11106736551148147,True,0.08987610779688854,17,32,0.007083681830033971,0,0.9832945486748633,685,0.9223300970873787,0.08987610779688854
0.00735022097444904,1181,32,24,False,0.037783485508887715,random_equal,0.018166556153148217,0.09338437763230945,True,0.06821675004332639,18,32,0.0061171668797703445,0,0.9858419465604598,685,0.9223300970873787,0.07556697101777543
0.0,685,32,24,True,0.041251282029221126,random_equal,0.0,0.10195526555980486,True,0.08250256405844225,19,32,0.006112567868433809,0,0.9833193046317827,685,0.9514563106796117,0.08250256405844225
0.0,685,32,24,True,0.025862841601481223,random_equal,0.0,0.06392171961449156,True,0.05172568320296245,20,32,0.003813886058120466,0,0.9866564917229692,685,0.970873786407767,0.05172568320296245
0.00735022097444904,1181,32,24,False,0.030716285803951998,random_equal,0.018166556153148217,0.07591732722232489,True,0.054082350633454956,21,32,0.004675737988432638,0,0.9855977788688909,685,0.9320388349514563,0.061432571607903996
0.0,685,32,24,True,0.04049672925759193,random_equal,0.0,0.10009033859448421,True,0.08099345851518386,22,32,0.0065862723256781015,0,0.9801124533720205,685,0.9320388349514563,0.08099345851518386
0.00735022097444904,1181,32,24,False,0.0631579817598879,random_equal,0.018166556153148217,0.15609911948892377,True,0.11896574254532677,23,32,0.010161919114513878,0,0.9849266620736808,685,0.9320388349514563,0.1263159635197758
0.0,685,32,24,True,0.04311833943655999,random_equal,0.0,0.10656982114248449,True,0.08623667887311998,24,32,0.007084111265320455,0,0.9846385718020374,685,0.9320388349514563,0.08623667887311998
0.014330463813432726,1805,32,24,False,0.04325830519628915,random_equal,0.03541868693095971,0.10691575575349507,True,0.07218614657914557,25,32,0.007406362991697063,0,0.9885683553977862,685,0.9320388349514563,0.0865166103925783
0.0,685,32,24,True,0.030115862068264027,random_equal,0.0,0.07443334033975688,True,0.06023172413652805,26,32,0.004489564326098036,0,0.9855893606421318,685,0.9514563106796117,0.06023172413652805
0.0,685,32,24,True,0.03192180910333098,random_equal,0.0,0.07889685760491155,True,0.06384361820666196,27,32,0.004547188308839151,0,0.9833910341822588,685,0.970873786407767,0.06384361820666196
0.0,685,32,24,True,0.04053525965793803,random_equal,0.0,0.10018556902142292,True,0.08107051931587606,28,32,0.006208724082796578,0,0.9823320153886416,685,0.9320388349514563,0.08107051931587606
0.0,685,32,24,True,0.059622704706832425,random_equal,0.0,0.14736144897200673,True,0.11924540941366485,29,32,0.008520954551740532,0,0.9801402351967062,685,0.8932038834951457,0.11924540941366485
0.00735022097444904,1181,32,24,False,0.04185066101822016,random_equal,0.018166556153148217,0.10343667028199205,True,0.07635110106199128,30,32,0.00660176291747615,0,0.9834737342496179,685,0.9320388349514563,0.08370132203644032
0.00735022097444904,1181,32,24,False,0.05231316829134702,random_equal,0.018166556153148217,0.1292954473909657,True,0.097276115608245,31,32,0.006878845629373674,0,0.984417992188601,685,0.9029126213592233,0.10462633658269405
0.00735022097444904,1181,32,24,False,0.04581120339924502,posterior_medoid,0.018166556153148217,0.11322541211872367,True,0.084272185824041,0,32,0.00806598984322699,0,0.9979339036821196,685,0.9029126213592233,0.09162240679849004
0.0,685,32,24,True,0.009670018848647322,acquisition_fw,0.0,0.023900089674395296,True,0.019340037697294643,0,32,0.0021069828690337944,0,0.9970602493243517,685,0.970873786407767,0.019340037697294643
0.0,685,64,24,True,0.021842842104700916,random_equal,0.0,0.053986025592807914,True,0.04368568420940183,0,64,0.00460949568933192,0,0.9863902921936614,685,0.9514563106796117,0.04368568420940183
0.0,685,64,24,True,0.022986979387268847,random_equal,0.0,0.05681383638420235,True,0.04597395877453769,1,64,0.0028720492838922337,0,0.9861865196970749,685,0.9611650485436893,0.04597395877453769
0.0,685,64,24,True,0.017512116763321012,random_equal,0.0,0.04328235214250905,True,0.035024233526642023,2,64,0.0032161928770248613,0,0.9877096948713828,685,0.9611650485436893,0.035024233526642023
0.0,685,64,24,True,0.022338124135952486,random_equal,0.0,0.055210147814936265,True,0.04467624827190497,3,64,0.004483645275292536,0,0.9865253707864275,685,0.970873786407767,0.04467624827190497
0.0,685,64,24,True,0.017931572886725394,random_equal,0.0,0.04431906562991257,True,0.03586314577345079,4,64,0.0026003508537016926,0,0.9881526645897722,685,0.970873786407767,0.03586314577345079
0.0,685,64,24,True,0.020330963779903677,random_equal,0.0,0.05024931854962742,True,0.040661927559807354,5,64,0.0034911114413902324,0,0.9950701866652518,685,0.970873786407767,0.040661927559807354
0.0,685,64,24,True,0.02364547825343566,random_equal,0.0,0.058441359783918984,True,0.04729095650687132,6,64,0.004312467701752283,0,0.9930548106525386,685,0.9611650485436893,0.04729095650687132
0.0,685,64,24,True,0.028359882535136466,random_equal,0.0,0.07009332105282218,True,0.05671976507027293,7,64,0.0050776703546624264,0,0.9855103611859053,685,0.9320388349514563,0.05671976507027293
0.0,685,64,24,True,0.01360602104161207,random_equal,0.0,0.03362817881701709,True,0.02721204208322414,8,64,0.002696020798662674,0,0.9882766357612042,685,0.970873786407767,0.02721204208322414
0.0,685,64,24,True,0.015823498250614687,random_equal,0.0,0.039108820062458284,True,0.031646996501229374,9,64,0.002138650252971881,0,0.9831938638329779,685,0.9611650485436893,0.031646996501229374
0.0,685,64,24,True,0.03881211232158821,random_equal,0.0,0.09592669667530368,True,0.07762422464317642,10,64,0.004962143007171858,0,0.9844965753435375,685,0.9223300970873787,0.07762422464317642
0.0,685,64,24,True,0.02337866707400893,random_equal,0.0,0.05778191834805022,True,0.04675733414801786,11,64,0.004084726521676442,0,0.9910710148645377,685,0.9514563106796117,0.04675733414801786
0.00735022097444904,1181,64,24,False,0.023266027678915974,random_equal,0.018166556153148217,0.0575035226504071,True,0.03918183438338291,12,64,0.00549803535390469,0,0.9784459923228008,685,0.941747572815534,0.04653205535783195
0.0,685,64,24,True,0.035211805533074875,random_equal,0.0,0.08702830087612283,True,0.07042361106614975,13,64,0.005445583865624755,0,0.9825406270384794,685,0.941747572815534,0.07042361106614975
0.0,685,64,24,True,0.022082125713635326,random_equal,0.0,0.05457743082175897,True,0.04416425142727065,14,64,0.0031002527562117074,0,0.9954163705246439,685,0.970873786407767,0.04416425142727065
0.0,685,64,24,True,0.04245403826081279,random_equal,0.0,0.10492795695176627,True,0.08490807652162558,15,64,0.0060478715139950165,0,0.9968556931196318,685,0.9611650485436893,0.08490807652162558
0.0,685,64,24,True,0.02984951881170761,random_equal,0.0,0.07377505540613864,True,0.05969903762341522,16,64,0.006517574484404043,0,0.990837492192535,685,0.970873786407767,0.05969903762341522
0.0,685,64,24,True,0.02871711903300872,random_equal,0.0,0.07097625463007246,True,0.05743423806601744,17,64,0.005567873423245309,0,0.9919286625773999,685,0.970873786407767,0.05743423806601744
0.0,685,64,24,True,0.021254760226130875,random_equal,0.0,0.052532542424501893,True,0.04250952045226175,18,64,0.002807325645027124,0,0.9826309434636697,685,0.9805825242718447,0.04250952045226175
0.0,685,64,24,True,0.02736353344369108,random_equal,0.0,0.06763077852780135,True,0.05472706688738216,19,64,0.004804983655326368,0,0.9852459651631928,685,0.9514563106796117,0.05472706688738216
0.00735022097444904,1181,64,24,False,0.029931932441402964,random_equal,0.018166556153148217,0.07397874613011143,True,0.05251364390835689,20,64,0.004828067888491985,0,0.9838079571303326,685,0.9514563106796117,0.05986386488280593
0.0,685,64,24,True,0.04035303215514405,random_equal,0.0,0.09973518172372635,True,0.0807060643102881,21,64,0.007394331724927741,0,0.9844649951188256,685,0.941747572815534,0.0807060643102881
0.0,685,64,24,True,0.016205382196956025,random_equal,0.0,0.04005267143499689,True,0.03241076439391205,22,64,0.002757534796938814,0,0.9869378890433345,685,0.9514563106796117,0.03241076439391205
0.0,685,64,24,True,0.016229992964562345,random_equal,0.0,0.04011349857111245,True,0.03245998592912469,23,64,0.002748274698947912,0,0.9866361139145171,685,0.9611650485436893,0.03245998592912469
0.0,685,64,24,True,0.02650367721991384,random_equal,0.0,0.06550558713189857,True,0.05300735443982768,24,64,0.004417827841220384,0,0.9926804174912973,685,0.9514563106796117,0.05300735443982768
0.00735022097444904,1181,64,24,False,0.019528577840204703,random_equal,0.018166556153148217,0.04826616875308261,True,0.031706934705960366,25,64,0.0033287533267765336,0,0.9864639621551842,685,0.9611650485436893,0.039057155680409406
0.0,685,64,24,True,0.019967209117348728,random_equal,0.0,0.049350274898253485,True,0.039934418234697455,26,64,0.0031734506234859104,0,0.9912516784485707,685,0.9611650485436893,0.039934418234697455
0.0,685,64,24,True,0.026505948291759618,random_equal,0.0,0.06551120023582532,True,0.053011896583519236,27,64,0.00440208960829036,0,0.9858817592130327,685,0.970873786407767,0.053011896583519236
0.0,685,64,24,True,0.014053800489811807,random_equal,0.0,0.03473489527060725,True,0.028107600979623615,28,64,0.0023666047592303353,0,0.9844014183681115,685,0.970873786407767,0.028107600979623615
0.0,685,64,24,True,0.018380707871560653,random_equal,0.0,0.04542913238174444,True,0.036761415743121306,29,64,0.0030455488970329626,0,0.98565322517159,685,0.970873786407767,0.036761415743121306
0.00735022097444904,1181,64,24,False,0.026104871456339523,random_equal,0.018166556153148217,0.06451991237145846,True,0.04485952193823001,30,64,0.005052476830862704,0,0.9854307163229803,685,0.9611650485436893,0.05220974291267905
0.0,685,64,24,True,0.025179232783311023,random_equal,0.0,0.062232135311482605,True,0.050358465566622046,31,64,0.0038654806821041277,0,0.9880526405214108,685,0.9223300970873787,0.050358465566622046
0.00735022097444904,1181,64,24,False,0.01593130668696356,posterior_medoid,0.018166556153148217,0.039375275726787715,True,0.024512392399478083,0,64,0.003487139094243309,0,0.9994228275979348,685,0.941747572815534,0.03186261337392712
0.0,685,64,24,True,0.006502977017051527,acquisition_fw,0.0,0.016072536805841295,True,0.013005954034103054,0,64,0.001371085088468492,0,0.9977047647465207,685,0.9902912621359223,0.013005954034103054
0.0,1805,4,32,True,0.10012929021551553,random_equal,0.0,0.28243294090700655,True,0.20025858043103106,0,4,0.008563670391770811,0,0.9651300923199412,1805,0.8058252427184466,0.20025858043103106
0.0,1805,4,32,True,0.04798899959910197,random_equal,0.0,0.1353617334027533,True,0.09597799919820393,1,4,0.005427505764387211,0,0.9871079690751063,1805,0.8543689320388349,0.09597799919820393
0.0,1805,4,32,True,0.04649231054487463,random_equal,0.0,0.13114004871589577,True,0.09298462108974925,2,4,0.005382118552432014,0,0.9903287329004665,1805,0.9029126213592233,0.09298462108974925
0.0,1805,4,32,True,0.08952702895629294,random_equal,0.0,0.252527327661756,True,0.17905405791258588,3,4,0.008322232408445344,0,0.9731745897722028,1805,0.883495145631068,0.17905405791258588
0.0,1805,4,32,True,0.09197783574396579,random_equal,0.0,0.25944027558286326,True,0.18395567148793157,4,4,0.009156364043127349,0,0.9842286281870015,1805,0.7669902912621359,0.18395567148793157
0.0,1805,4,32,True,0.025871244866971788,random_equal,0.0,0.0729745687498332,True,0.051742489733943575,5,4,0.0036805629098813357,0,0.9814109917350513,1805,0.9611650485436893,0.051742489733943575
0.0,1805,4,32,True,0.04502664446452895,random_equal,0.0,0.12700586998988367,True,0.0900532889290579,6,4,0.004251796523135807,0,0.9803712083725534,1805,0.912621359223301,0.0900532889290579
0.0,1805,4,32,True,0.05449097548416293,random_equal,0.0,0.1537017432737076,True,0.10898195096832586,7,4,0.004869285776980753,0,0.9838349328951379,1805,0.9514563106796117,0.10898195096832586
0.0,1805,4,32,True,0.05998756690176764,random_equal,0.0,0.1692058827287754,True,0.11997513380353528,8,4,0.004027001784738777,0,0.9880071211884014,1805,0.8640776699029126,0.11997513380353528
0.0,1805,4,32,True,0.06184014003031518,random_equal,0.0,0.17443140341123303,True,0.12368028006063037,9,4,0.005426778810644499,0,0.9815533950716901,1805,0.8252427184466019,0.12368028006063037
0.0,1805,4,32,True,0.09882358055007073,random_equal,0.0,0.2787499484480713,True,0.19764716110014147,10,4,0.007648813998321862,0,0.9792239742179749,1805,0.912621359223301,0.19764716110014147
0.0,1805,4,32,True,0.027980283921199223,random_equal,0.0,0.07892349839161034,True,0.055960567842398445,11,4,0.0032768385778475665,0,0.9882328417036752,1805,0.9514563106796117,0.055960567842398445
0.0,1805,4,32,True,0.059621152636237906,random_equal,0.0,0.1681723444066611,True,0.11924230527247581,12,4,0.007397059283151745,0,0.9711555173767848,1805,0.7475728155339806,0.11924230527247581
0.0,1805,4,32,True,0.06496633387689305,random_equal,0.0,0.18324940381884558,True,0.1299326677537861,13,4,0.005856049464508996,0,0.9788686359211531,1805,0.9223300970873787,0.1299326677537861
0.0,1805,4,32,True,0.08252129411595316,random_equal,0.0,0.23276637370000264,True,0.16504258823190632,14,4,0.008588417682674451,0,0.981041305369301,1805,0.8640776699029126,0.16504258823190632
0.0,1805,4,32,True,0.11668615959962858,random_equal,0.0,0.32913461333775373,True,0.23337231919925716,15,4,0.01163414202152201,0,0.9758854669767243,1805,0.8252427184466019,0.23337231919925716
0.0,1805,4,32,True,0.032033077381710934,random_equal,0.0,0.09035514215416283,True,0.06406615476342187,16,4,0.00395113838630934,0,0.9831371574505349,1805,0.912621359223301,0.06406615476342187
0.0,1805,4,32,True,0.08206133276470555,random_equal,0.0,0.23146896874629916,True,0.1641226655294111,17,4,0.006454668389031317,0,0.9821402765139107,1805,0.7864077669902912,0.1641226655294111
0.0,1805,4,32,True,0.01841798257231847,random_equal,0.0,0.05195128191039396,True,0.03683596514463694,18,4,0.0024769867897911865,0,0.9812631324896234,1805,0.970873786407767,0.03683596514463694
0.0,1805,4,32,True,0.07080980293900913,random_equal,0.0,0.1997319749901812,True,0.14161960587801825,19,4,0.006733667926925549,0,0.9625641972910935,1805,0.8349514563106796,0.14161960587801825
0.0,1805,4,32,True,0.02096584482624514,random_equal,0.0,0.05913799249082068,True,0.04193168965249028,20,4,0.0033383462690747033,0,0.9767743819898383,1805,0.941747572815534,0.04193168965249028
0.0,1805,4,32,True,0.05254093635785234,random_equal,0.0,0.14820130195286932,True,0.10508187271570468,21,4,0.006064480959798547,0,0.9830190633916113,1805,0.8446601941747572,0.10508187271570468
0.0,1805,4,32,True,0.040848565107011514,random_equal,0.0,0.1152208344848217,True,0.08169713021402303,22,4,0.0052942023977301245,0,0.9721762433977637,1805,0.883495145631068,0.08169713021402303
0.0,1805,4,32,True,0.1025205741827841,random_equal,0.0,0.2891779938477172,True,0.2050411483655682,23,4,0.01015142109253972,0,0.9843467362157671,1805,0.912621359223301,0.2050411483655682
0.0,1805,4,32,True,0.10693626040843607,random_equal,0.0,0.30163324289771193,True,0.21387252081687214,24,4,0.008934837611303252,0,0.9695432257867101,1805,0.7864077669902912,0.21387252081687214
0.0,1805,4,32,True,0.054680006827602934,random_equal,0.0,0.15423494068414015,True,0.10936001365520587,25,4,0.0057850365688179315,0,0.9814275281927057,1805,0.9223300970873787,0.10936001365520587
0.0,1805,4,32,True,0.05281237115640586,random_equal,0.0,0.14896693335058486,True,0.10562474231281171,26,4,0.005187558205663451,0,0.982216736252871,1805,0.9029126213592233,0.10562474231281171
0.0,1805,4,32,True,0.01908925360316177,random_equal,0.0,0.053844724388400995,True,0.03817850720632354,27,4,0.0022107167578708504,0,0.9801029371156842,1805,0.9514563106796117,0.03817850720632354
0.0,1805,4,32,True,0.03571614361751773,random_equal,0.0,0.10074390278849144,True,0.07143228723503546,28,4,0.0057576582812734695,0,0.9641729042197239,1805,0.8155339805825242,0.07143228723503546
0.0,1805,4,32,True,0.024822786483659265,random_equal,0.0,0.07001720049145244,True,0.04964557296731853,29,4,0.0031288433383067408,0,0.9832203408744254,1805,0.941747572815534,0.04964557296731853
0.0,1805,4,32,True,0.03210306232177797,random_equal,0.0,0.09055254745285005,True,0.06420612464355593,30,4,0.003947764997773488,0,0.9894536089153253,1805,0.9514563106796117,0.06420612464355593
0.0,1805,4,32,True,0.07182300573214051,random_equal,0.0,0.20258989842081135,True,0.14364601146428102,31,4,0.0076098393715136265,0,0.9780270521295493,1805,0.8155339805825242,0.14364601146428102
0.0,1805,4,32,True,0.021117139027951443,posterior_medoid,0.0,0.05956474540435994,True,0.04223427805590289,0,4,0.002951073868499344,0,0.9869568028123507,1805,0.9514563106796117,0.04223427805590289
0.0,1805,4,32,True,0.017765788446946568,acquisition_fw,0.0,0.050111649326615625,True,0.035531576893893135,0,4,0.002230570234705843,0,0.9884611703884413,1805,0.9514563106796117,0.035531576893893135
0.0,1805,8,32,True,0.07032330834088008,random_equal,0.0,0.19835972817020253,True,0.14064661668176015,0,8,0.005728493371493351,0,0.9825528143285964,1805,0.9320388349514563,0.14064661668176015
0.0,1805,8,32,True,0.025845588519219198,random_equal,0.0,0.07290220033762235,True,0.051691177038438396,1,8,0.0027196086777540184,0,0.9861014056410268,1805,0.9223300970873787,0.051691177038438396
0.0,1805,8,32,True,0.043412499373386204,random_equal,0.0,0.12245287911018392,True,0.08682499874677241,2,8,0.0047009510242119485,0,0.9872351030187555,1805,0.912621359223301,0.08682499874677241
0.0,1805,8,32,True,0.019154561638716913,random_equal,0.0,0.05402893762417843,True,0.038309123277433826,3,8,0.0022588479125051743,0,0.9927919764581565,1805,0.9320388349514563,0.038309123277433826
0.0,1805,8,32,True,0.04376364985678427,random_equal,0.0,0.12344336314850644,True,0.08752729971356854,4,8,0.003893655774365141,0,0.9914269203369428,1805,0.912621359223301,0.08752729971356854
0.0,1805,8,32,True,0.05240180908490366,random_equal,0.0,0.1478088680828729,True,0.10480361816980732,5,8,0.006736399009867267,0,0.970399705620785,1805,0.7864077669902912,0.10480361816980732
0.0,1805,8,32,True,0.03213163066115495,random_equal,0.0,0.09063312966899983,True,0.0642632613223099,6,8,0.004018017951585359,0,0.971993128145338,1805,0.8932038834951457,0.0642632613223099
0.0,1805,8,32,True,0.03414680644325441,random_equal,0.0,0.09631730081770068,True,0.06829361288650881,7,8,0.005337328926955833,0,0.9904014850433733,1805,0.9514563106796117,0.06829361288650881
0.0,1805,8,32,True,0.02389192400591239,random_equal,0.0,0.06739153295097391,True,0.04778384801182478,8,8,0.0033157510740191155,0,0.9794039145062479,1805,0.9320388349514563,0.04778384801182478
0.0,1805,8,32,True,0.052923355528869315,random_equal,0.0,0.1492799850324864,True,0.10584671105773863,9,8,0.006195606502918198,0,0.9865194196337569,1805,0.8155339805825242,0.10584671105773863
0.0,1805,8,32,True,0.05798042981486412,random_equal,0.0,0.16354438618727848,True,0.11596085962972824,10,8,0.004867964473395983,0,0.9891478188539314,1805,0.970873786407767,0.11596085962972824
0.0,1805,8,32,True,0.04416018126291554,random_equal,0.0,0.12456185236334652,True,0.08832036252583109,11,8,0.0038794684585783095,0,0.9914624218962902,1805,0.9029126213592233,0.08832036252583109
0.0,1805,8,32,True,0.038228850955099015,random_equal,0.0,0.10783145251009857,True,0.07645770191019803,12,8,0.004644785912740551,0,0.9805930578446229,1805,0.9320388349514563,0.07645770191019803
0.0,1805,8,32,True,0.06853502529563588,random_equal,0.0,0.19331554940337659,True,0.13707005059127175,13,8,0.006131101432746454,0,0.9813342906735638,1805,0.912621359223301,0.13707005059127175
0.0,1805,8,32,True,0.027339381321443534,random_equal,0.0,0.07711571561701622,True,0.05467876264288707,14,8,0.0030612555735935903,0,0.9900557384400342,1805,0.9223300970873787,0.05467876264288707
0.0,1805,8,32,True,0.06048078686492092,random_equal,0.0,0.17059709966847006,True,0.12096157372984184,15,8,0.005835118592180411,0,0.991429214184991,1805,0.9805825242718447,0.12096157372984184
0.0,1805,8,32,True,0.038246206645593805,random_equal,0.0,0.10788040740329082,True,0.07649241329118761,16,8,0.00501419023542209,0,0.9827393801708534,1805,0.883495145631068,0.07649241329118761
0.0,1805,8,32,True,0.03018390131492743,random_equal,0.0,0.08513920350451896,True,0.06036780262985486,17,8,0.0031872148080801786,0,0.9813070089692197,1805,0.883495145631068,0.06036780262985486
0.0,1805,8,32,True,0.05852069605803728,random_equal,0.0,0.16506830574771628,True,0.11704139211607456,18,8,0.0050621765814319155,0,0.9826781615294605,1805,0.883495145631068,0.11704139211607456
0.0,1805,8,32,True,0.05330067392326959,random_equal,0.0,0.1503442804405474,True,0.10660134784653919,19,8,0.004933074759945238,0,0.9841233458701304,1805,0.9320388349514563,0.10660134784653919
0.0,1805,8,32,True,0.022991238088392894,random_equal,0.0,0.06485098390712242,True,0.04598247617678579,20,8,0.002654000097487679,0,0.9875672178503199,1805,0.9611650485436893,0.04598247617678579
0.0,1805,8,32,True,0.04257864887173973,random_equal,0.0,0.12010085155710831,True,0.08515729774347947,21,8,0.004013413540501261,0,0.9872572200725307,1805,0.912621359223301,0.08515729774347947
0.0,1805,8,32,True,0.038655501756968635,random_equal,0.0,0.10903489897868941,True,0.07731100351393727,22,8,0.0028377765741272446,0,0.9890419344368719,1805,0.9514563106796117,0.07731100351393727
0.0,1805,8,32,True,0.03959919628219327,random_equal,0.0,0.1116967616514734,True,0.07919839256438654,23,8,0.0038036264690441413,0,0.9854794403377332,1805,0.9514563106796117,0.07919839256438654
0.0,1805,8,32,True,0.028837110649541753,random_equal,0.0,0.08134033458622077,True,0.057674221299083506,24,8,0.004040281182639311,0,0.9902098900580146,1805,0.883495145631068,0.057674221299083506
0.0,1805,8,32,True,0.037976829023337655,random_equal,0.0,0.10712057864684416,True,0.07595365804667531,25,8,0.0028372842239184366,0,0.9907534719751114,1805,0.9320388349514563,0.07595365804667531
0.0,1805,8,32,True,0.048437711620178125,random_equal,0.0,0.13662740756722697,True,0.09687542324035625,26,8,0.005612593505395095,0,0.9876547584679148,1805,0.9514563106796117,0.09687542324035625
0.0,1805,8,32,True,0.06153894401106014,random_equal,0.0,0.17358182505784023,True,0.12307788802212027,27,8,0.006452449923313128,0,0.9911536157460193,1805,0.7961165048543689,0.12307788802212027
0.0,1805,8,32,True,0.033859194199262976,random_equal,0.0,0.09550603798205565,True,0.06771838839852595,28,8,0.003891882884221742,0,0.9881871295868468,1805,0.941747572815534,0.06771838839852595
0.0,1805,8,32,True,0.03496441514190631,random_equal,0.0,0.09862351540061026,True,0.06992883028381262,29,8,0.005458271561849222,0,0.9891270359200623,1805,0.8349514563106796,0.06992883028381262
0.0,1805,8,32,True,0.03386968920582789,random_equal,0.0,0.09553564106385705,True,0.06773937841165578,30,8,0.003247130988625458,0,0.9809153393044389,1805,0.9320388349514563,0.06773937841165578
0.0,1805,8,32,True,0.02308005061581786,random_equal,0.0,0.06510149585278815,True,0.04616010123163572,31,8,0.002996593331490232,0,0.9864863963243716,1805,0.9514563106796117,0.04616010123163572
0.0,1805,8,32,True,0.048794835537364856,posterior_medoid,0.0,0.13763474076595617,True,0.09758967107472971,0,8,0.005454840504904657,0,0.9920491929767593,1805,0.9320388349514563,0.09758967107472971
0.0,1805,8,32,True,0.021326149312895476,acquisition_fw,0.0,0.060154297066311174,True,0.04265229862579095,0,8,0.0015769069309367735,0,0.9921521493149458,1805,0.9611650485436893,0.04265229862579095
0.0,1805,16,32,True,0.021217920566618892,random_equal,0.0,0.059849018131088706,True,0.042435841133237784,0,16,0.0026620384327013767,0,0.9927132116952747,1805,0.970873786407767,0.042435841133237784
0.0,1805,16,32,True,0.030947143885025015,random_equal,0.0,0.08729206849771033,True,0.06189428777005003,1,16,0.003043404080443009,0,0.9828465148887672,1805,0.9320388349514563,0.06189428777005003
0.0,1805,16,32,True,0.046802117982519265,random_equal,0.0,0.13201391714680652,True,0.09360423596503853,2,16,0.003909361424309353,0,0.9903080421675544,1805,0.970873786407767,0.09360423596503853
0.0,1805,16,32,True,0.019202727989510865,random_equal,0.0,0.05416479960900039,True,0.03840545597902173,3,16,0.00210903425166695,0,0.9888722148270227,1805,0.9805825242718447,0.03840545597902173
0.0,1805,16,32,True,0.018167855184173853,random_equal,0.0,0.05124575195324536,True,0.03633571036834771,4,16,0.0021667198203961743,0,0.9923264650027966,1805,0.9320388349514563,0.03633571036834771
0.0,1805,16,32,True,0.023853206451169284,random_equal,0.0,0.06728232302022051,True,0.04770641290233857,5,16,0.002043137242221633,0,0.9916113473963971,1805,0.9805825242718447,0.04770641290233857
0.0,1805,16,32,True,0.012359819762188775,random_equal,0.0,0.034863127832045634,True,0.02471963952437755,6,16,0.0018968951165148314,0,0.9882681672430141,1805,0.9805825242718447,0.02471963952437755
0.0,1805,16,32,True,0.04477764961674913,random_equal,0.0,0.12630353456957077,True,0.08955529923349825,7,16,0.003842746113012762,0,0.9897850923100335,1805,0.970873786407767,0.08955529923349825
0.0,1805,16,32,True,0.01809308727954495,random_equal,0.0,0.051034855429916925,True,0.0361861745590899,8,16,0.00190748389555576,0,0.9919352842824839,1805,0.9902912621359223,0.0361861745590899
0.0,1805,16,32,True,0.02241532255735501,random_equal,0.0,0.06322650902275093,True,0.04483064511471002,9,16,0.0022985473006694214,0,0.9920175582696638,1805,0.941747572815534,0.04483064511471002
0.0,1805,16,32,True,0.04270579432913901,random_equal,0.0,0.12045948852915668,True,0.08541158865827803,10,16,0.004100173604632959,0,0.9923949912685137,1805,0.941747572815534,0.08541158865827803
0.0,1805,16,32,True,0.022297983740652744,random_equal,0.0,0.0628955334709175,True,0.04459596748130549,11,16,0.002298411666628866,0,0.9871181069894094,1805,0.9514563106796117,0.04459596748130549
0.0,1805,16,32,True,0.06058022661320411,random_equal,0.0,0.17087758763048622,True,0.12116045322640823,12,16,0.006582389646932854,0,0.988294022626495,1805,0.9514563106796117,0.12116045322640823
0.0,1805,16,32,True,0.02194184112260154,random_equal,0.0,0.06189096820552889,True,0.04388368224520308,13,16,0.0024990668026524535,0,0.9896477170752508,1805,0.9611650485436893,0.04388368224520308
0.0,1805,16,32,True,0.013065492304559903,random_equal,0.0,0.03685360605305592,True,0.026130984609119806,14,16,0.001673723855548956,0,0.9914837622268529,1805,0.9514563106796117,0.026130984609119806
0.0,1805,16,32,True,0.03347793735132382,random_equal,0.0,0.09443063344685294,True,0.06695587470264763,15,16,0.0038549582322978475,0,0.9883631789320837,1805,0.9320388349514563,0.06695587470264763
0.0,1805,16,32,True,0.049349437174930844,random_equal,0.0,0.1391990959230981,True,0.09869887434986169,16,16,0.005877094210099344,0,0.9892752489582298,1805,0.912621359223301,0.09869887434986169
0.0,1805,16,32,True,0.01139102427882735,random_equal,0.0,0.032130463324844385,True,0.0227820485576547,17,16,0.0014838215288440618,0,0.988994949667442,1805,0.9611650485436893,0.0227820485576547
0.0,1805,16,32,True,0.06621145358888741,random_equal,0.0,0.18676149125383035,True,0.13242290717777483,18,16,0.00570772526419972,0,0.9952585629990252,1805,0.912621359223301,0.13242290717777483
0.0,1805,16,32,True,0.049432719424138516,random_equal,0.0,0.13943400870954098,True,0.09886543884827703,19,16,0.0036854963093974112,0,0.9910527101806309,1805,0.9902912621359223,0.09886543884827703
0.0,1805,16,32,True,0.02221292860407107,random_equal,0.0,0.06265561993200891,True,0.04442585720814214,20,16,0.002756143309403906,0,0.9880796386379634,1805,0.9223300970873787,0.04442585720814214
0.0,1805,16,32,True,0.023403315507639633,random_equal,0.0,0.06601332348976326,True,0.046806631015279265,21,16,0.0029998809852270283,0,0.9922279245316504,1805,0.970873786407767,0.046806631015279265
0.0,1805,16,32,True,0.00993552473896039,random_equal,0.0,0.02802496118207856,True,0.01987104947792078,22,16,0.0015813323226182853,0,0.9909180939896332,1805,0.9611650485436893,0.01987104947792078
0.0,1805,16,32,True,0.019260278128203107,random_equal,0.0,0.054327130280529885,True,0.03852055625640621,23,16,0.002201270192764991,0,0.9906286514372891,1805,0.9223300970873787,0.03852055625640621
0.0,1805,16,32,True,0.017863199335232782,random_equal,0.0,0.050386414518657066,True,0.035726398670465564,24,16,0.0018904349385621912,0,0.9918799637083625,1805,0.970873786407767,0.035726398670465564
0.0,1805,16,32,True,0.023541763334244348,random_equal,0.0,0.06640384085731865,True,0.047083526668488695,25,16,0.002441576370045626,0,0.9926863770258731,1805,0.970873786407767,0.047083526668488695
0.0,1805,16,32,True,0.02907633628546838,random_equal,0.0,0.08201511416120508,True,0.05815267257093676,26,16,0.0021327964521858727,0,0.9882700308199303,1805,0.970873786407767,0.05815267257093676
0.0,1805,16,32,True,0.021556942707947592,random_equal,0.0,0.06080529196666633,True,0.043113885415895184,27,16,0.0037783499553223784,0,0.9877241857884375,1805,0.9611650485436893,0.043113885415895184
0.0,1805,16,32,True,0.03902008783109989,random_equal,0.0,0.11006328055324166,True,0.07804017566219978,28,16,0.0074196320730615965,0,0.9951203858953145,1805,0.8737864077669902,0.07804017566219978
0.0,1805,16,32,True,0.03704938478434178,random_equal,0.0,0.10450455287273677,True,0.07409876956868355,29,16,0.003608624276695129,0,0.9910804417138858,1805,0.9514563106796117,0.07409876956868355
0.0,1805,16,32,True,0.06003076113132344,random_equal,0.0,0.16932771993802156,True,0.12006152226264688,30,16,0.005561594554267552,0,0.990513440753744,1805,0.9514563106796117,0.12006152226264688
0.0,1805,16,32,True,0.05060272564882495,random_equal,0.0,0.14273422484216755,True,0.1012054512976499,31,16,0.0049975280499120565,0,0.9919019829732438,1805,0.970873786407767,0.1012054512976499
0.0,1805,16,32,True,0.033530121419016456,posterior_medoid,0.0,0.09457782813559187,True,0.06706024283803291,0,16,0.003888038392212939,0,0.9922624146744407,1805,0.9805825242718447,0.06706024283803291
0.0,1805,16,32,True,0.012470424696105209,acquisition_fw,0.0,0.0351751092382616,True,0.024940849392210418,0,16,0.0010876372758570002,0,0.9944660859958437,1805,0.9805825242718447,0.024940849392210418
0.0,1805,32,32,True,0.01823673216439964,random_equal,0.0,0.051440032048950535,True,0.03647346432879928,0,32,0.001763181150628089,0,0.9943443513961081,1805,0.9805825242718447,0.03647346432879928
0.0,1805,32,32,True,0.014239932092982632,random_equal,0.0,0.04016632786151467,True,0.028479864185965265,1,32,0.0011033299104671473,0,0.9909882267871744,1805,0.9902912621359223,0.028479864185965265
0.0,1805,32,32,True,0.014298358938794442,random_equal,0.0,0.04033113144551124,True,0.028596717877588884,2,32,0.001663747885239681,0,0.9907699438157543,1805,0.970873786407767,0.028596717877588884
0.0,1805,32,32,True,0.017327548941830695,random_equal,0.0,0.0488755148050875,True,0.03465509788366139,3,32,0.0015683826266267866,0,0.9920761421988649,1805,0.9514563106796117,0.03465509788366139
0.0,1805,32,32,True,0.03871173584934118,random_equal,0.0,0.10919351750133977,True,0.07742347169868236,4,32,0.0035706515454932285,0,0.9918941486858783,1805,0.9611650485436893,0.07742347169868236
0.0,1805,32,32,True,0.017253047541794242,random_equal,0.0,0.048665370006610496,True,0.034506095083588484,5,32,0.0015623454342507544,0,0.9887478483090637,1805,0.9902912621359223,0.034506095083588484
0.0,1805,32,32,True,0.006869637281654149,random_equal,0.0,0.019377065953887586,True,0.013739274563308299,6,32,0.0010662692730602458,0,0.9937219502337458,1805,0.9902912621359223,0.013739274563308299
0.0,1805,32,32,True,0.007494397766781347,random_equal,0.0,0.02113931694754958,True,0.014988795533562693,7,32,0.0009238392852406952,0,0.9922901476046797,1805,0.970873786407767,0.014988795533562693
0.0,1805,32,32,True,0.018352877878842044,random_equal,0.0,0.051767642238068116,True,0.03670575575768409,8,32,0.002991188213855598,0,0.993018381495686,1805,0.9514563106796117,0.03670575575768409
0.0,1805,32,32,True,0.008943351893307194,random_equal,0.0,0.025226356557170475,True,0.01788670378661439,9,32,0.0011099966847593317,0,0.9892020693381595,1805,0.9902912621359223,0.01788670378661439
0.0,1805,32,32,True,0.025429629574696022,random_equal,0.0,0.07172891220439587,True,0.050859259149392044,10,32,0.0019173052515960491,0,0.9888759280110129,1805,0.970873786407767,0.050859259149392044
0.0,1805,32,32,True,0.026906867496994502,random_equal,0.0,0.07589573142298917,True,0.053813734993989004,11,32,0.0022105893107518147,0,0.9935568392747557,1805,0.9902912621359223,0.053813734993989004
0.0,1805,32,32,True,0.015504357943678323,random_equal,0.0,0.043732871784897945,True,0.031008715887356646,12,32,0.0018119331783997637,0,0.9942136313940303,1805,0.9611650485436893,0.031008715887356646
0.0,1805,32,32,True,0.02134998801818555,random_equal,0.0,0.06022153848615945,True,0.0426999760363711,13,32,0.0032251699007954174,0,0.9906544691021966,1805,0.9611650485436893,0.0426999760363711
0.0,1805,32,32,True,0.015017428840301378,random_equal,0.0,0.04235939936355193,True,0.030034857680602756,14,32,0.0018385889233396356,0,0.9884426156443634,1805,0.9611650485436893,0.030034857680602756
0.0,1805,32,32,True,0.03929313154214398,random_equal,0.0,0.11083345018233182,True,0.07858626308428796,15,32,0.0028730873839051614,0,0.9931634750681462,1805,0.9805825242718447,0.07858626308428796
0.0,1805,32,32,True,0.00796681054438006,random_equal,0.0,0.022471843422191235,True,0.01593362108876012,16,32,0.0011811921503251134,0,0.9892678142083441,1805,1.0,0.01593362108876012
0.0,1805,32,32,True,0.014666887665287232,random_equal,0.0,0.04137063399075094,True,0.029333775330574463,17,32,0.002829315832021575,0,0.9890934510230306,1805,0.970873786407767,0.029333775330574463
0.0,1805,32,32,True,0.027614463723476035,random_equal,0.0,0.077891635746187,True,0.05522892744695207,18,32,0.00309630017620856,0,0.9948564578623076,1805,0.941747572815534,0.05522892744695207
0.0,1805,32,32,True,0.009571914682873495,random_equal,0.0,0.02699933264458524,True,0.01914382936574699,19,32,0.0011908781880807186,0,0.993923085224172,1805,0.9611650485436893,0.01914382936574699
0.0,1805,32,32,True,0.01113128099804589,random_equal,0.0,0.03139780998720418,True,0.02226256199609178,20,32,0.0013104257408401414,0,0.9958585467560106,1805,0.9805825242718447,0.02226256199609178
0.0,1805,32,32,True,0.0075179304387822665,random_equal,0.0,0.0212056951446417,True,0.015035860877564533,21,32,0.0011326936940993081,0,0.9921775716333263,1805,0.9805825242718447,0.015035860877564533
0.0,1805,32,32,True,0.00901312209875621,random_equal,0.0,0.025423156157669373,True,0.01802624419751242,22,32,0.000923898900402355,0,0.9913769627851459,1805,0.9805825242718447,0.01802624419751242
0.0,1805,32,32,True,0.015859311898033357,random_equal,0.0,0.044734084207349825,True,0.031718623796066714,23,32,0.001996785943005571,0,0.9954490012814706,1805,0.9514563106796117,0.031718623796066714
0.0,1805,32,32,True,0.01751221778601947,random_equal,0.0,0.049396406990040304,True,0.03502443557203894,24,32,0.0018465298403730968,0,0.9823806164687854,1805,0.9805825242718447,0.03502443557203894
0.0,1805,32,32,True,0.020661270988495906,random_equal,0.0,0.0582788863837695,True,0.04132254197699181,25,32,0.002778002615511729,0,0.9871249773576802,1805,0.941747572815534,0.04132254197699181
0.0,1805,32,32,True,0.02296491774304782,random_equal,0.0,0.06477674256849415,True,0.04592983548609564,26,32,0.002021237196650273,0,0.9892477116057782,1805,0.9805825242718447,0.04592983548609564
0.0,1805,32,32,True,0.029342772266191808,random_equal,0.0,0.082766645480734,True,0.058685544532383616,27,32,0.0036201262145124967,0,0.9878080383677577,1805,0.9514563106796117,0.058685544532383616
0.0,1805,32,32,True,0.007625647841870578,random_equal,0.0,0.021509531743059765,True,0.015251295683741155,28,32,0.0013135537429205695,0,0.9937436258405152,1805,0.9805825242718447,0.015251295683741155
0.0,1805,32,32,True,0.02364511985289308,random_equal,0.0,0.066695376785128,True,0.04729023970578616,29,32,0.002282742275907902,0,0.9932472885319088,1805,0.970873786407767,0.04729023970578616
0.0,1805,32,32,True,0.013668319114747215,random_equal,0.0,0.03855398911272141,True,0.02733663822949443,30,32,0.001873493734871237,0,0.988749220147543,1805,0.9611650485436893,0.02733663822949443
0.0,1805,32,32,True,0.011751861470042813,random_equal,0.0,0.03314827049080206,True,0.023503722940085625,31,32,0.0011835531592195078,0,0.9907239285533557,1805,0.9902912621359223,0.023503722940085625
0.0,1805,32,32,True,0.020569533274192142,posterior_medoid,0.0,0.0580201234145411,True,0.041139066548384284,0,32,0.0018691636860013556,0,0.9966711584923945,1805,0.970873786407767,0.041139066548384284
0.0,1805,32,32,True,0.008167471682895555,acquisition_fw,0.0,0.023037844792566452,True,0.01633494336579111,0,32,0.0006948110096312714,0,0.9955189049736035,1805,0.9902912621359223,0.01633494336579111
0.0,1805,64,32,True,0.01040341890356733,random_equal,0.0,0.029344742083937864,True,0.02080683780713466,0,64,0.0010622779637946443,0,0.9940435695230532,1805,0.9902912621359223,0.02080683780713466
0.0,1805,64,32,True,0.01979608141152195,random_equal,0.0,0.05583846124801857,True,0.0395921628230439,1,64,0.0015640081475341116,0,0.9935913224326248,1805,1.0,0.0395921628230439
0.0,1805,64,32,True,0.020780284240234606,random_equal,0.0,0.05861458498527879,True,0.04156056848046921,2,64,0.0016331008807966365,0,0.9917780397414959,1805,0.9611650485436893,0.04156056848046921
0.0,1805,64,32,True,0.008125513847774948,random_equal,0.0,0.02291949505951933,True,0.016251027695549897,3,64,0.001279362955541332,0,0.9964697385171924,1805,0.9902912621359223,0.016251027695549897
0.0,1805,64,32,True,0.005175744458278987,random_equal,0.0,0.014599132038073335,True,0.010351488916557974,4,64,0.0006785042421478575,0,0.9963909122870059,1805,1.0,0.010351488916557974
0.0,1805,64,32,True,0.006095658965448392,random_equal,0.0,0.017193918829067834,True,0.012191317930896783,5,64,0.000776075205601474,0,0.995927535423496,1805,0.9805825242718447,0.012191317930896783
0.0,1805,64,32,True,0.019400192018998008,random_equal,0.0,0.054721782949752766,True,0.038800384037996016,6,64,0.0015556063994924298,0,0.9898315266676909,1805,0.9902912621359223,0.038800384037996016
0.0,1805,64,32,True,0.01882889070179017,random_equal,0.0,0.053110323297779184,True,0.03765778140358034,7,64,0.0018521140275728524,0,0.9939256989816009,1805,0.970873786407767,0.03765778140358034
0.0,1805,64,32,True,0.012800837764974704,random_equal,0.0,0.03610709961344615,True,0.025601675529949408,8,64,0.0016747615212467986,0,0.995431279139973,1805,0.9805825242718447,0.025601675529949408
0.0,1805,64,32,True,0.016453528662004266,random_equal,0.0,0.046410181059962315,True,0.03290705732400853,9,64,0.0018640883956245796,0,0.994710685355529,1805,0.970873786407767,0.03290705732400853
0.0,1805,64,32,True,0.010204247363703955,random_equal,0.0,0.028782942398476064,True,0.02040849472740791,10,64,0.0010709639687286631,0,0.9980559190756784,1805,1.0,0.02040849472740791
0.0,1805,64,32,True,0.004089904332984841,random_equal,0.0,0.011536321752675577,True,0.008179808665969682,11,64,0.0006392384857839079,0,0.9944072785491714,1805,1.0,0.008179808665969682
0.0,1805,64,32,True,0.016615770520171158,random_equal,0.0,0.04686781383696159,True,0.033231541040342316,12,64,0.0016760387538991778,0,0.9942536955037584,1805,0.9805825242718447,0.033231541040342316
0.0,1805,64,32,True,0.014239948119372847,random_equal,0.0,0.04016637306687377,True,0.028479896238745694,13,64,0.0016250214604156005,0,0.9936856747451545,1805,0.9902912621359223,0.028479896238745694
0.0,1805,64,32,True,0.023861844084592743,random_equal,0.0,0.06730668704202686,True,0.047723688169185485,14,64,0.0019636475264117586,0,0.9948376069575804,1805,0.9902912621359223,0.047723688169185485
0.0,1805,64,32,True,0.017961278065053654,random_equal,0.0,0.050663063479656496,True,0.03592255613010731,15,64,0.0016958700516448199,0,0.9945845837831996,1805,0.9902912621359223,0.03592255613010731
0.0,1805,64,32,True,0.014599202838199654,random_equal,0.0,0.04117971658059072,True,0.02919840567639931,16,64,0.0012036427195185552,0,0.9943469497867109,1805,0.9902912621359223,0.02919840567639931
0.0,1805,64,32,True,0.015047261754412289,random_equal,0.0,0.042443548543577424,True,0.030094523508824578,17,64,0.0011868656873064772,0,0.9939627456054678,1805,0.9805825242718447,0.030094523508824578
0.0,1805,64,32,True,0.011127994497079075,random_equal,0.0,0.031388539811301075,True,0.02225598899415815,18,64,0.0011131518272615834,0,0.9932031214795999,1805,1.0,0.02225598899415815
0.0,1805,64,32,True,0.00637884869273006,random_equal,0.0,0.017992707149035583,True,0.01275769738546012,19,64,0.0009846306169009262,0,0.9948985406141976,1805,0.9805825242718447,0.01275769738546012
0.0,1805,64,32,True,0.017594601719738645,random_equal,0.0,0.04962878591366708,True,0.03518920343947729,20,64,0.0018460792669877948,0,0.9903059438972937,1805,0.9805825242718447,0.03518920343947729
0.0,1805,64,32,True,0.020768325577137037,random_equal,0.0,0.058580853393047465,True,0.041536651154274074,21,64,0.001936299831934216,0,0.9948891431015179,1805,0.9805825242718447,0.041536651154274074
0.0,1805,64,32,True,0.015522842760129163,random_equal,0.0,0.04378501158396274,True,0.031045685520258326,22,64,0.001599330692835346,0,0.994820931157245,1805,0.9805825242718447,0.031045685520258326
0.0,1805,64,32,True,0.011854539148408033,random_equal,0.0,0.03343789162567453,True,0.023709078296816066,23,64,0.0014916071049136603,0,0.9953940425262553,1805,0.9514563106796117,0.023709078296816066
0.0,1805,64,32,True,0.017671780010128493,random_equal,0.0,0.04984648137003218,True,0.03534356002025699,24,64,0.0022971813540496795,0,0.9940152316986578,1805,0.9805825242718447,0.03534356002025699
0.0,1805,64,32,True,0.02145168203811837,random_equal,0.0,0.060508385032863835,True,0.04290336407623674,25,64,0.0019242169897536255,0,0.9951997737131476,1805,0.9902912621359223,0.04290336407623674
0.0,1805,64,32,True,0.010797822100046744,random_equal,0.0,0.030457228294966093,True,0.021595644200093488,26,64,0.0014779936465425406,0,0.995384524872935,1805,0.9805825242718447,0.021595644200093488
0.0,1805,64,32,True,0.004993077933812193,random_equal,0.0,0.014083887761404887,True,0.009986155867624386,27,64,0.0005910145636873369,0,0.994962959746381,1805,1.0,0.009986155867624386
0.0,1805,64,32,True,0.011910286129193176,random_equal,0.0,0.033595136161174044,True,0.023820572258386352,28,64,0.0009593484818022325,0,0.9957658959702306,1805,0.9902912621359223,0.023820572258386352
0.0,1805,64,32,True,0.013756795075914596,random_equal,0.0,0.03880355171181996,True,0.027513590151829193,29,64,0.0011386474832968875,0,0.9947324783089707,1805,0.970873786407767,0.027513590151829193
0.0,1805,64,32,True,0.00715053291580648,random_equal,0.0,0.02016938336541447,True,0.01430106583161296,30,64,0.0007723934507635356,0,0.9941345858373252,1805,0.9902912621359223,0.01430106583161296
0.0,1805,64,32,True,0.010120983767021557,random_equal,0.0,0.028548082224885613,True,0.020241967534043115,31,64,0.0012158906784715683,0,0.9951007149608649,1805,1.0,0.020241967534043115
0.0,1805,64,32,True,0.009447242617129925,posterior_medoid,0.0,0.026647672325200975,True,0.01889448523425985,0,64,0.0009413243788378607,0,0.9975843461058966,1805,0.9902912621359223,0.01889448523425985
0.0,1805,64,32,True,0.0029308971017460994,acquisition_fw,0.0,0.008267130288852322,True,0.005861794203492199,0,64,0.0003668791180795984,0,0.9961623782455633,1805,0.9902912621359223,0.005861794203492199
0.0,1805,4,40,True,0.010293811548439835,random_equal,0.0,0.06463583509842993,True,0.02058762309687967,0,4,0.0011715578517275949,0,0.9920531186652016,1805,0.9611650485436893,0.02058762309687967
0.0,1805,4,40,True,0.008885532827739684,random_equal,0.0,0.055793117244555976,True,0.017771065655479368,1,4,0.0008406334294780353,0,0.9897127883748408,1805,0.970873786407767,0.017771065655479368
0.0,1805,4,40,True,0.016850761936009567,random_equal,0.0,0.10580755871170884,True,0.033701523872019135,2,4,0.0015907779883916572,0,0.9873733842458521,1805,0.970873786407767,0.033701523872019135
0.0,1805,4,40,True,0.011581880904757702,random_equal,0.0,0.07272374676443677,True,0.023163761809515404,3,4,0.0011139644263997227,0,0.988991410125214,1805,0.9805825242718447,0.023163761809515404
0.0,1805,4,40,True,0.015517058571838022,random_equal,0.0,0.09743310671099402,True,0.031034117143676043,4,4,0.001305700272244513,0,0.985988717582454,1805,0.970873786407767,0.031034117143676043
0.0,1805,4,40,True,0.012825013405121877,random_equal,0.0,0.0805294955797253,True,0.025650026810243753,5,4,0.001004014337785998,0,0.9923730276209217,1805,0.9514563106796117,0.025650026810243753
0.0,1805,4,40,True,0.013109083770068114,random_equal,0.0,0.08231320078732635,True,0.026218167540136228,6,4,0.0014601751979785886,0,0.9928996155492713,1805,0.941747572815534,0.026218167540136228
0.0,1805,4,40,True,0.016877868202170798,random_equal,0.0,0.10597776157014344,True,0.033755736404341596,7,4,0.0019021458780943059,0,0.985609989880067,1805,0.9902912621359223,0.033755736404341596
0.0,1805,4,40,True,0.011121120375199883,random_equal,0.0,0.06983058697923765,True,0.022242240750399767,8,4,0.0011950720889410983,0,0.9849198655662653,1805,0.9805825242718447,0.022242240750399767
0.0,1805,4,40,True,0.009609103738062445,random_equal,0.0,0.06033648874709055,True,0.01921820747612489,9,4,0.0010460915196471735,0,0.9870855354182582,1805,0.970873786407767,0.01921820747612489
0.0,1805,4,40,True,0.0247548566111421,random_equal,0.0,0.15543813117946267,True,0.0495097132222842,10,4,0.0022404271450253872,0,0.9842213947917521,1805,0.970873786407767,0.0495097132222842
0.0,1805,4,40,True,0.008660024165908824,random_equal,0.0,0.05437712661651925,True,0.017320048331817647,11,4,0.0008958961779873653,0,0.9901744106665302,1805,0.970873786407767,0.017320048331817647
0.0,1805,4,40,True,0.005555996333826384,random_equal,0.0,0.03488663661179151,True,0.011111992667652767,12,4,0.0006418424876379368,0,0.9921159640111747,1805,0.9902912621359223,0.011111992667652767
0.0,1805,4,40,True,0.014548249235528637,random_equal,0.0,0.09134985948921993,True,0.029096498471057275,13,4,0.0015121323625698403,0,0.990366953335299,1805,0.970873786407767,0.029096498471057275
0.0,1805,4,40,True,0.014760311456491038,random_equal,0.0,0.09268141861872527,True,0.029520622912982075,14,4,0.0015209647780431723,0,0.9870390476458216,1805,0.970873786407767,0.029520622912982075
0.0,1805,4,40,True,0.007538471221650932,random_equal,0.0,0.047334787555027596,True,0.015076942443301863,15,4,0.0009340033416454475,0,0.9848006048406385,1805,0.9805825242718447,0.015076942443301863
0.0,1805,4,40,True,0.013778745855217107,random_equal,0.0,0.0865180735794576,True,0.027557491710434215,16,4,0.0018229774603251655,0,0.9864793816892871,1805,0.9611650485436893,0.027557491710434215
0.0,1805,4,40,True,0.01778137014919723,random_equal,0.0,0.111650937398582,True,0.03556274029839446,17,4,0.0016257133430896491,0,0.9852504660206045,1805,0.9223300970873787,0.03556274029839446
0.0,1805,4,40,True,0.013868801176618456,random_equal,0.0,0.08708353962441505,True,0.027737602353236912,18,4,0.0016908250901275508,0,0.9935444521064332,1805,0.941747572815534,0.027737602353236912
0.0,1805,4,40,True,0.013948595093995375,random_equal,0.0,0.08758457332424162,True,0.02789719018799075,19,4,0.001583826274782934,0,0.9782918193826209,1805,0.9805825242718447,0.02789719018799075
0.0,1805,4,40,True,0.014675829353184261,random_equal,0.0,0.0921509473474756,True,0.029351658706368522,20,4,0.001201064075623507,0,0.9924725153059656,1805,0.9320388349514563,0.029351658706368522
0.0,1805,4,40,True,0.007149293920828675,random_equal,0.0,0.044891105764115855,True,0.01429858784165735,21,4,0.0007050358079659265,0,0.9894551984580195,1805,0.9611650485436893,0.01429858784165735
0.0,1805,4,40,True,0.021995014895255835,random_equal,0.0,0.13810881897995683,True,0.04399002979051167,22,4,0.0018841188771029588,0,0.9856789105414437,1805,0.9320388349514563,0.04399002979051167
0.0,1805,4,40,True,0.014169455191704351,random_equal,0.0,0.0889713751700073,True,0.028338910383408702,23,4,0.0014614076599931273,0,0.9888177662862697,1805,0.9320388349514563,0.028338910383408702
0.0,1805,4,40,True,0.005673649973652009,random_equal,0.0,0.03562539515878004,True,0.011347299947304018,24,4,0.0005728272280452757,0,0.9861208303728507,1805,0.9514563106796117,0.011347299947304018
0.0,1805,4,40,True,0.018864486684550444,random_equal,0.0,0.1184519305430586,True,0.03772897336910089,25,4,0.002072105987242024,0,0.9798337678901252,1805,0.970873786407767,0.03772897336910089
0.0,1805,4,40,True,0.013167412371248001,random_equal,0.0,0.08267945169736526,True,0.026334824742496002,26,4,0.0011978744936136643,0,0.9893692820886668,1805,0.9805825242718447,0.026334824742496002
0.0,1805,4,40,True,0.011268215968002405,random_equal,0.0,0.07075421438735069,True,0.02253643193600481,27,4,0.0010605732311590116,0,0.983730865688805,1805,0.9514563106796117,0.02253643193600481
0.0,1805,4,40,True,0.022969013752779543,random_equal,0.0,0.14422465170573695,True,0.04593802750555909,28,4,0.0020565723808923073,0,0.9919873020569887,1805,0.941747572815534,0.04593802750555909
0.0,1805,4,40,True,0.01315174364681617,random_equal,0.0,0.08258106626609787,True,0.02630348729363234,29,4,0.0011675446632274842,0,0.9871284534622656,1805,0.9805825242718447,0.02630348729363234
0.0,1805,4,40,True,0.020595522876439454,random_equal,0.0,0.12932127367430235,True,0.04119104575287891,30,4,0.0014244405243613305,0,0.9918420811079444,1805,0.9805825242718447,0.04119104575287891
0.0,1805,4,40,True,0.020026458294870708,random_equal,0.0,0.12574806230536006,True,0.040052916589741416,31,4,0.001731015858254956,0,0.9914773086734873,1805,0.9223300970873787,0.040052916589741416
0.0,1805,4,40,True,0.006041147578697495,posterior_medoid,0.0,0.03793294804985547,True,0.01208229515739499,0,4,0.0006554001181275168,0,0.9904759543950774,1805,0.9902912621359223,0.01208229515739499
0.0,1805,4,40,True,0.0036213524109693362,acquisition_fw,0.0,0.022738820908781064,True,0.0072427048219386725,0,4,0.0003534038172078287,0,0.9925009110653318,1805,0.9805825242718447,0.0072427048219386725
0.0,1805,8,40,True,0.006761773368174344,random_equal,0.0,0.042457826854671074,True,0.013523546736348688,0,8,0.0008087213261939726,0,0.9921495649393723,1805,0.9805825242718447,0.013523546736348688
0.0,1805,8,40,True,0.016317745337830508,random_equal,0.0,0.10246069610571433,True,0.032635490675661016,1,8,0.001595700955027972,0,0.9933998213087901,1805,0.9805825242718447,0.032635490675661016
0.0,1805,8,40,True,0.006950732153781725,random_equal,0.0,0.04364431728627115,True,0.01390146430756345,2,8,0.0005215765123428158,0,0.9924058309737224,1805,1.0,0.01390146430756345
0.0,1805,8,40,True,0.006826770625677575,random_equal,0.0,0.042865950900663134,True,0.01365354125135515,3,8,0.0005869942863134613,0,0.9918696881241265,1805,0.9805825242718447,0.01365354125135515
0.0,1805,8,40,True,0.009124324788571898,random_equal,0.0,0.05729251498761269,True,0.018248649577143797,4,8,0.0006700684936114252,0,0.9942417269441667,1805,0.970873786407767,0.018248649577143797
0.0,1805,8,40,True,0.0063901568520442695,random_equal,0.0,0.040124410923807544,True,0.012780313704088539,5,8,0.0006637384456001591,0,0.9931854786789445,1805,0.9805825242718447,0.012780313704088539
0.0,1805,8,40,True,0.005267498824682793,random_equal,0.0,0.03307513293897178,True,0.010534997649365586,6,8,0.0006373165704894775,0,0.9922512185973121,1805,0.9902912621359223,0.010534997649365586
0.0,1805,8,40,True,0.023031842311297956,random_equal,0.0,0.1446191582817276,True,0.04606368462259591,7,8,0.0020580271312723585,0,0.9868971340451455,1805,0.9902912621359223,0.04606368462259591
0.0,1805,8,40,True,0.012439057882777993,random_equal,0.0,0.07810604364647822,True,0.024878115765555986,8,8,0.0010269340723526984,0,0.9916542596712514,1805,0.9805825242718447,0.024878115765555986
0.0,1805,8,40,True,0.013163853677501391,random_equal,0.0,0.08265710631625067,True,0.026327707355002783,9,8,0.001029994610483646,0,0.9892308647770404,1805,0.9805825242718447,0.026327707355002783
0.0,1805,8,40,True,0.006979243905454735,random_equal,0.0,0.04382334532373152,True,0.01395848781090947,10,8,0.000837819158000752,0,0.9886475536527953,1805,0.9805825242718447,0.01395848781090947
0.0,1805,8,40,True,0.006416459460464791,random_equal,0.0,0.040289567537810746,True,0.012832918920929581,11,8,0.0006353023734373633,0,0.9956677266555468,1805,0.9805825242718447,0.012832918920929581
0.0,1805,8,40,True,0.010549353951715822,random_equal,0.0,0.06624041048443519,True,0.021098707903431643,12,8,0.000995504349651128,0,0.9909985765871502,1805,0.9805825242718447,0.021098707903431643
0.0,1805,8,40,True,0.009736799600817664,random_equal,0.0,0.06113830337998511,True,0.019473599201635328,13,8,0.000958203915243918,0,0.9862728129089691,1805,0.9805825242718447,0.019473599201635328
0.0,1805,8,40,True,0.009940162960106913,random_equal,0.0,0.06241524151842178,True,0.019880325920213826,14,8,0.0009746513823788418,0,0.993620642530504,1805,0.9611650485436893,0.019880325920213826
0.0,1805,8,40,True,0.007548878298510503,random_equal,0.0,0.047400134593934086,True,0.015097756597021006,15,8,0.0008212910118962558,0,0.9945010270325393,1805,0.9902912621359223,0.015097756597021006
0.0,1805,8,40,True,0.010484433426399112,random_equal,0.0,0.06583276824723974,True,0.020968866852798224,16,8,0.0007734043328251176,0,0.9885723782207791,1805,0.9805825242718447,0.020968866852798224
0.0,1805,8,40,True,0.008259816654493463,random_equal,0.0,0.0518641850699143,True,0.016519633308986925,17,8,0.0007680012699647547,0,0.9938612831177247,1805,0.970873786407767,0.016519633308986925
0.0,1805,8,40,True,0.0060646486780207495,random_equal,0.0,0.03808051371815449,True,0.012129297356041499,18,8,0.0005581994807428651,0,0.9936612038158276,1805,0.9902912621359223,0.012129297356041499
0.0,1805,8,40,True,0.009144511722439158,random_equal,0.0,0.057419270691507894,True,0.018289023444878316,19,8,0.0008017735312836822,0,0.9892578824985636,1805,1.0,0.018289023444878316
0.0,1805,8,40,True,0.012377180692804302,random_equal,0.0,0.07771751080529755,True,0.024754361385608603,20,8,0.0011769719035741217,0,0.9865193438614366,1805,0.9805825242718447,0.024754361385608603
0.0,1805,8,40,True,0.0097169144283962,random_equal,0.0,0.06101344246529969,True,0.0194338288567924,21,8,0.000994152136660446,0,0.991826885786373,1805,0.970873786407767,0.0194338288567924
0.0,1805,8,40,True,0.018106192800776202,random_equal,0.0,0.11369053014271724,True,0.036212385601552405,22,8,0.0020796866468363617,0,0.9878124803630552,1805,0.9611650485436893,0.036212385601552405
0.0,1805,8,40,True,0.006223460697202626,random_equal,0.0,0.039077709697037964,True,0.012446921394405251,23,8,0.0006774977183268037,0,0.9932863953211555,1805,0.9805825242718447,0.012446921394405251
0.0,1805,8,40,True,0.007050753235975704,random_equal,0.0,0.044272359304005235,True,0.014101506471951408,24,8,0.0007100900211894087,0,0.9905113029194,1805,0.9805825242718447,0.014101506471951408
0.0,1805,8,40,True,0.011306579272130107,random_equal,0.0,0.0709951012724234,True,0.022613158544260215,25,8,0.001291827406751525,0,0.9897582409324723,1805,0.970873786407767,0.022613158544260215
0.0,1805,8,40,True,0.005591976861914955,random_equal,0.0,0.03511256181640047,True,0.01118395372382991,26,8,0.0006216737153831626,0,0.9892187913698318,1805,1.0,0.01118395372382991
0.0,1805,8,40,True,0.013390865552604811,random_equal,0.0,0.08408253576534466,True,0.026781731105209622,27,8,0.00139029341026797,0,0.9942028337147227,1805,0.9611650485436893,0.026781731105209622
0.0,1805,8,40,True,0.01291647856901508,random_equal,0.0,0.08110381416160647,True,0.02583295713803016,28,8,0.0011988034754879496,0,0.9952143816252337,1805,0.9805825242718447,0.02583295713803016
0.0,1805,8,40,True,0.015047707838984098,random_equal,0.0,0.09448600821115104,True,0.030095415677968196,29,8,0.0021225371204953688,0,0.9972427632576455,1805,0.9514563106796117,0.030095415677968196
0.0,1805,8,40,True,0.01335665383537915,random_equal,0.0,0.083867717094668,True,0.0267133076707583,30,8,0.001448974276703692,0,0.9942171145295404,1805,0.9611650485436893,0.0267133076707583
0.0,1805,8,40,True,0.008922787847268361,random_equal,0.0,0.056027045103786054,True,0.017845575694536722,31,8,0.0006304102539657544,0,0.9918677443199447,1805,0.9902912621359223,0.017845575694536722
0.0,1805,8,40,True,0.005567028347506768,posterior_medoid,0.0,0.03495590768924357,True,0.011134056695013536,0,8,0.0004527958205443987,0,0.9907055941998585,1805,0.9902912621359223,0.011134056695013536
0.0,1805,8,40,True,0.0025656412024290497,acquisition_fw,0.0,0.016109908453402343,True,0.005131282404858099,0,8,0.0002755005247235635,0,0.9996100388142033,1805,0.9805825242718447,0.005131282404858099
0.0,1805,16,40,True,0.007947496332668974,random_equal,0.0,0.04990309565960779,True,0.015894992665337948,0,16,0.0007995101929834533,0,0.992817523926449,1805,0.9902912621359223,0.015894992665337948
0.0,1805,16,40,True,0.011047576370309176,random_equal,0.0,0.06936879708244141,True,0.02209515274061835,1,16,0.0009624795410167545,0,0.9949002656821923,1805,0.970873786407767,0.02209515274061835
0.0,1805,16,40,True,0.00644700876770616,random_equal,0.0,0.04048138958311753,True,0.01289401753541232,2,16,0.0004423124030943811,0,0.9929384046927296,1805,0.9902912621359223,0.01289401753541232
0.0,1805,16,40,True,0.007047116578178254,random_equal,0.0,0.04424952437909921,True,0.014094233156356509,3,16,0.0005650918261002326,0,0.9932228395631529,1805,0.9805825242718447,0.014094233156356509
0.0,1805,16,40,True,0.005920018201969635,random_equal,0.0,0.03717236501577571,True,0.01184003640393927,4,16,0.0006128760752374965,0,0.9940951788011612,1805,0.9611650485436893,0.01184003640393927
0.0,1805,16,40,True,0.0031168652035513805,random_equal,0.0,0.01957109709778157,True,0.006233730407102761,5,16,0.00031409838442641953,0,0.9887243426516276,1805,0.9902912621359223,0.006233730407102761
0.0,1805,16,40,True,0.0032021290703203656,random_equal,0.0,0.020106477137177173,True,0.006404258140640731,6,16,0.00038322247650719206,0,0.9909367307757183,1805,0.9805825242718447,0.006404258140640731
0.0,1805,16,40,True,0.004080650988027484,random_equal,0.0,0.025622800953293678,True,0.008161301976054969,7,16,0.0003399506188155921,0,0.990717062522578,1805,1.0,0.008161301976054969
0.0,1805,16,40,True,0.011723133942623892,random_equal,0.0,0.07361068820684691,True,0.023446267885247785,8,16,0.0012071835223552698,0,0.9946075393612631,1805,0.9805825242718447,0.023446267885247785
0.0,1805,16,40,True,0.00384229216153327,random_equal,0.0,0.024126122902502045,True,0.00768458432306654,9,16,0.0003960115201685089,0,0.9891888008168453,1805,0.9902912621359223,0.00768458432306654
0.0,1805,16,40,True,0.009137229173102425,random_equal,0.0,0.057373542862140685,True,0.01827445834620485,10,16,0.0008889712893903447,0,0.9954373187033062,1805,0.970873786407767,0.01827445834620485
0.0,1805,16,40,True,0.006187300679473658,random_equal,0.0,0.03885065745967307,True,0.012374601358947315,11,16,0.0004254930103172322,0,0.9875669043792439,1805,0.9902912621359223,0.012374601358947315
0.0,1805,16,40,True,0.012708545899084073,random_equal,0.0,0.07979818488114099,True,0.025417091798168145,12,16,0.001066018023794983,0,0.9950558832298445,1805,0.941747572815534,0.025417091798168145
0.0,1805,16,40,True,0.007293205972499502,random_equal,0.0,0.045794743410550336,True,0.014586411944999003,13,16,0.0005775021815542773,0,0.9951168964642195,1805,0.9902912621359223,0.014586411944999003
0.0,1805,16,40,True,0.008464978644338227,random_equal,0.0,0.053152416983007926,True,0.016929957288676453,14,16,0.000809570942767521,0,0.9910062383913871,1805,0.9902912621359223,0.016929957288676453
0.0,1805,16,40,True,0.007738425100208682,random_equal,0.0,0.04859031723525659,True,0.015476850200417364,15,16,0.0009102035847590001,0,0.993022559915324,1805,0.9805825242718447,0.015476850200417364
0.0,1805,16,40,True,0.006315776275896912,random_equal,0.0,0.03965736811544027,True,0.012631552551793823,16,16,0.0005088424966162463,0,0.9905231995856155,1805,0.9902912621359223,0.012631552551793823
0.0,1805,16,40,True,0.006131998071201565,random_equal,0.0,0.03850340705082623,True,0.01226399614240313,17,16,0.0006177800444281499,0,0.9937199629155592,1805,0.9805825242718447,0.01226399614240313
0.0,1805,16,40,True,0.010643969507359546,random_equal,0.0,0.06683451067983472,True,0.021287939014719093,18,16,0.0011407110928108762,0,0.994690467068857,1805,0.9514563106796117,0.021287939014719093
0.0,1805,16,40,True,0.009043809381228257,random_equal,0.0,0.05678695098272907,True,0.018087618762456514,19,16,0.0011731934257898763,0,0.9866655018034863,1805,0.9902912621359223,0.018087618762456514
0.0,1805,16,40,True,0.008442342691945416,random_equal,0.0,0.05301028365569057,True,0.016884685383890832,20,16,0.0010801551746877373,0,0.9975333444211181,1805,0.970873786407767,0.016884685383890832
0.0,1805,16,40,True,0.00495287695890706,random_equal,0.0,0.03109959191231263,True,0.00990575391781412,21,16,0.0006464171131715862,0,0.9904724772580414,1805,0.9902912621359223,0.00990575391781412
0.0,1805,16,40,True,0.0044819812174972315,random_equal,0.0,0.028142792154798937,True,0.008963962434994463,22,16,0.00045999303773720145,0,0.9928388851118543,1805,1.0,0.008963962434994463
0.0,1805,16,40,True,0.00501205223332811,random_equal,0.0,0.031471159165257244,True,0.01002410446665622,23,16,0.0005588891454431576,0,0.9928517668753554,1805,0.9805825242718447,0.01002410446665622
0.0,1805,16,40,True,0.010126721671447333,random_equal,0.0,0.06358666165231792,True,0.020253443342894667,24,16,0.0010023021535983865,0,0.9968783123463671,1805,0.9611650485436893,0.020253443342894667
0.0,1805,16,40,True,0.009310772304602949,random_equal,0.0,0.05846323691544139,True,0.018621544609205898,25,16,0.0007894426532002724,0,0.9861113779205011,1805,1.0,0.018621544609205898
0.0,1805,16,40,True,0.010268618992722155,random_equal,0.0,0.06447764861236367,True,0.02053723798544431,26,16,0.0009839931730817454,0,0.9955256247262981,1805,0.9611650485436893,0.02053723798544431
0.0,1805,16,40,True,0.0035537057238802516,random_equal,0.0,0.022314060838998374,True,0.007107411447760503,27,16,0.0004386385698394088,0,0.9895789588910436,1805,0.9902912621359223,0.007107411447760503
0.0,1805,16,40,True,0.00577256941296192,random_equal,0.0,0.036246519854640016,True,0.01154513882592384,28,16,0.0005127984701800713,0,0.9957267742845574,1805,0.9805825242718447,0.01154513882592384
0.0,1805,16,40,True,0.009247770783012754,random_equal,0.0,0.058067644287648316,True,0.01849554156602551,29,16,0.0010986905922134873,0,0.9885583890413203,1805,0.9902912621359223,0.01849554156602551
0.0,1805,16,40,True,0.006471793146128266,random_equal,0.0,0.04063701308459412,True,0.012943586292256531,30,16,0.000648529877988733,0,0.9941808562905972,1805,0.9902912621359223,0.012943586292256531
0.0,1805,16,40,True,0.009232479072922767,random_equal,0.0,0.05797162616577982,True,0.018464958145845534,31,16,0.0007621153943248812,0,0.9925486799605845,1805,0.9805825242718447,0.018464958145845534
0.0,1805,16,40,True,0.0045777632889025845,posterior_medoid,0.0,0.02874421701512492,True,0.009155526577805169,0,16,0.0005165562936726505,0,0.9958922001166677,1805,0.9902912621359223,0.009155526577805169
0.0,1805,16,40,True,0.001225218390824536,acquisition_fw,0.0,0.00769326439446049,True,0.002450436781649072,0,16,0.00014404013924002637,0,0.9996191541368394,1805,0.9902912621359223,0.002450436781649072
0.0,1805,32,40,True,0.004978332579790905,random_equal,0.0,0.03125943020991832,True,0.00995666515958181,0,32,0.0007087874773579769,0,0.9997394945564355,1805,0.9902912621359223,0.00995666515958181
0.0,1805,32,40,True,0.008056950018882958,random_equal,0.0,0.050590365907343636,True,0.016113900037765916,1,32,0.0008746148524761902,0,0.9943040277507791,1805,0.9805825242718447,0.016113900037765916
0.0,1805,32,40,True,0.005127664172344837,random_equal,0.0,0.03219709767603438,True,0.010255328344689674,2,32,0.0005024084376922906,0,0.9945663982526628,1805,1.0,0.010255328344689674
0.0,1805,32,40,True,0.005654743488280059,random_equal,0.0,0.03550667951442987,True,0.011309486976560118,3,32,0.0004807120825667759,0,0.9934368256278047,1805,0.9902912621359223,0.011309486976560118
0.0,1805,32,40,True,0.005542498235405598,random_equal,0.0,0.03480188075050896,True,0.011084996470811195,4,32,0.0005217924284635774,0,0.9947541609215726,1805,0.9805825242718447,0.011084996470811195
0.0,1805,32,40,True,0.0030517844437435715,random_equal,0.0,0.01916244873276894,True,0.006103568887487143,5,32,0.0003142018544083504,0,0.9939970681943524,1805,1.0,0.006103568887487143
0.0,1805,32,40,True,0.004062630013962676,random_equal,0.0,0.025509645519809703,True,0.008125260027925352,6,32,0.0003881854764647843,0,0.9983934454424895,1805,0.9805825242718447,0.008125260027925352
0.0,1805,32,40,True,0.005222780110025971,random_equal,0.0,0.032794339818486666,True,0.010445560220051942,7,32,0.0005157734476566152,0,0.9935076301879396,1805,0.970873786407767,0.010445560220051942
0.0,1805,32,40,True,0.0026270600451037893,random_equal,0.0,0.01649556328770544,True,0.0052541200902075785,8,32,0.0003253905900792173,0,0.992399531026235,1805,0.9902912621359223,0.0052541200902075785
0.0,1805,32,40,True,0.0033282671558571633,random_equal,0.0,0.020898510336738108,True,0.006656534311714327,9,32,0.0003198399928301173,0,0.9937562962227048,1805,1.0,0.006656534311714327
0.0,1805,32,40,True,0.005407401161902747,random_equal,0.0,0.03395359320180848,True,0.010814802323805495,10,32,0.0006653237859523282,0,0.9991817778590716,1805,0.970873786407767,0.010814802323805495
0.0,1805,32,40,True,0.0038230584757361352,random_equal,0.0,0.02400535273513804,True,0.0076461169514722704,11,32,0.00029490361053529594,0,0.9934433633481943,1805,0.9902912621359223,0.0076461169514722704
0.0,1805,32,40,True,0.00376255295776428,random_equal,0.0,0.023625432754694385,True,0.00752510591552856,12,32,0.0004154476648880325,0,0.9948510396878223,1805,0.9902912621359223,0.00752510591552856
0.0,1805,32,40,True,0.0071227621874019875,random_equal,0.0,0.04472451045210989,True,0.014245524374803975,13,32,0.0005837875075274572,0,0.9939831609981575,1805,0.9902912621359223,0.014245524374803975
0.0,1805,32,40,True,0.0044042722635105475,random_equal,0.0,0.02765485014110275,True,0.008808544527021095,14,32,0.00039765275081000035,0,0.9894057791085347,1805,1.0,0.008808544527021095
0.0,1805,32,40,True,0.00461441973629826,random_equal,0.0,0.0289743863822259,True,0.00922883947259652,15,32,0.0004488459189833198,0,0.9948387865491978,1805,0.9805825242718447,0.00922883947259652
0.0,1805,32,40,True,0.008065235864327586,random_equal,0.0,0.050642393529696135,True,0.01613047172865517,16,32,0.0007159783387399243,0,0.9984700868075965,1805,0.9805825242718447,0.01613047172865517
0.0,1805,32,40,True,0.0021424572865746255,random_equal,0.0,0.013452695848259973,True,0.004284914573149251,17,32,0.00018936825148745695,0,0.9948879255911407,1805,0.9902912621359223,0.004284914573149251
0.0,1805,32,40,True,0.004166815080888925,random_equal,0.0,0.026163833599111053,True,0.00833363016177785,18,32,0.0003983662039531632,0,0.9953534629158464,1805,0.9902912621359223,0.00833363016177785
0.0,1805,32,40,True,0.0039741535139587725,random_equal,0.0,0.024954093046614747,True,0.007948307027917545,19,32,0.0003640032822275534,0,0.9935108605978067,1805,0.9902912621359223,0.007948307027917545
0.0,1805,32,40,True,0.0031469706752332086,random_equal,0.0,0.01976013225682157,True,0.006293941350466417,20,32,0.0002930404310888235,0,0.9917221116448595,1805,0.9902912621359223,0.006293941350466417
0.0,1805,32,40,True,0.0030472620062261813,random_equal,0.0,0.019134051911606883,True,0.0060945240124523625,21,32,0.00032839391359950617,0,0.9921318550811596,1805,1.0,0.0060945240124523625
0.0,1805,32,40,True,0.009103538106553233,random_equal,0.0,0.057161993407255446,True,0.018207076213106466,22,32,0.0007337908258827718,0,0.9951308999363192,1805,0.9805825242718447,0.018207076213106466
0.0,1805,32,40,True,0.00442478214618397,random_equal,0.0,0.027783633671686073,True,0.00884956429236794,23,32,0.0004160475178179444,0,0.9933114731379955,1805,0.9805825242718447,0.00884956429236794
0.0,1805,32,40,True,0.005475786127817954,random_equal,0.0,0.03438298899551494,True,0.010951572255635908,24,32,0.0007461774661894493,0,0.9960808460861409,1805,0.9902912621359223,0.010951572255635908
0.0,1805,32,40,True,0.005378020068999914,random_equal,0.0,0.033769106486956295,True,0.010756040137999828,25,32,0.0005680645290068397,0,0.9957878132487037,1805,0.9902912621359223,0.010756040137999828
0.0,1805,32,40,True,0.0033975672923491837,random_equal,0.0,0.021333652574724367,True,0.006795134584698367,26,32,0.000335897619572473,0,0.9926766002046074,1805,1.0,0.006795134584698367
0.0,1805,32,40,True,0.004369806807002899,random_equal,0.0,0.027438438217012483,True,0.008739613614005798,27,32,0.0004483481818802953,0,0.9951049531045477,1805,0.9902912621359223,0.008739613614005798
0.0,1805,32,40,True,0.004622818976872674,random_equal,0.0,0.029027126023530306,True,0.009245637953745348,28,32,0.0005446513504006224,0,0.9960872356925763,1805,0.9805825242718447,0.009245637953745348
0.0,1805,32,40,True,0.006090302267000122,random_equal,0.0,0.03824159507651732,True,0.012180604534000244,29,32,0.0007171795692963543,0,0.994182238616818,1805,1.0,0.012180604534000244
0.0,1805,32,40,True,0.006198455915505885,random_equal,0.0,0.03892070226215173,True,0.01239691183101177,30,32,0.0005909232461499128,0,0.9952395132945306,1805,0.9805825242718447,0.01239691183101177
0.0,1805,32,40,True,0.0033452735937463743,random_equal,0.0,0.021005295399768073,True,0.006690547187492749,31,32,0.00034741734432612847,0,0.9951517175822684,1805,0.9902912621359223,0.006690547187492749
0.0,1805,32,40,True,0.0032714206358000764,posterior_medoid,0.0,0.020541565556950844,True,0.006542841271600153,0,32,0.0004447939148657409,0,0.9964551893306274,1805,1.0,0.006542841271600153
0.0,1805,32,40,True,0.0009277603219611241,acquisition_fw,0.0,0.005825496503307778,True,0.0018555206439222482,0,32,9.7038520186356e-05,0,0.99972558478364,1805,1.0,0.0018555206439222482
0.0,1805,64,40,True,0.004010135535498949,random_equal,0.0,0.025180027628750313,True,0.008020271070997897,0,64,0.00033544935982507206,0,0.998418145525907,1805,0.9902912621359223,0.008020271070997897
0.0,1805,64,40,True,0.0030666786932200957,random_equal,0.0,0.019255971161127892,True,0.006133357386440191,1,64,0.0003279441526210746,0,0.9985339946587419,1805,0.9902912621359223,0.006133357386440191
0.0,1805,64,40,True,0.0023891951725503735,random_equal,0.0,0.015001986821328235,True,0.004778390345100747,2,64,0.0002321479915687627,0,0.999359876605376,1805,1.0,0.004778390345100747
0.0,1805,64,40,True,0.003831149656660992,random_equal,0.0,0.02405615804020406,True,0.007662299313321984,3,64,0.00035251911369338015,0,0.9978758193688059,1805,1.0,0.007662299313321984
0.0,1805,64,40,True,0.0041314839194848685,random_equal,0.0,0.025941985830517045,True,0.008262967838969737,4,64,0.0003180756174753803,0,0.9955365415243193,1805,0.9902912621359223,0.008262967838969737
0.0,1805,64,40,True,0.004608370840532422,random_equal,0.0,0.028936404782562018,True,0.009216741681064844,5,64,0.0005572251004598438,0,0.9994064213313845,1805,0.9902912621359223,0.009216741681064844
0.0,1805,64,40,True,0.002129406455537719,random_equal,0.0,0.013370748422000086,True,0.004258812911075438,6,64,0.00022440332505771206,0,0.9959700783938729,1805,1.0,0.004258812911075438
0.0,1805,64,40,True,0.0023426390433683303,random_equal,0.0,0.014709656397901371,True,0.004685278086736661,7,64,0.00023322897595065263,0,0.9961428382650709,1805,0.9902912621359223,0.004685278086736661
0.0,1805,64,40,True,0.002666334493864206,random_equal,0.0,0.016742171337766815,True,0.005332668987728412,8,64,0.00027167419870422464,0,0.9953736203054928,1805,1.0,0.005332668987728412
0.0,1805,64,40,True,0.0066378397178486065,random_equal,0.0,0.04167963551632129,True,0.013275679435697213,9,64,0.0005609728521819227,0,0.9956613054900029,1805,0.9805825242718447,0.013275679435697213
0.0,1805,64,40,True,0.00460028739129556,random_equal,0.0,0.0288856480255103,True,0.00920057478259112,10,64,0.0003796855479048177,0,0.9954774757085029,1805,0.9902912621359223,0.00920057478259112
0.0,1805,64,40,True,0.0031070495165055265,random_equal,0.0,0.019509463452528977,True,0.006214099033011053,11,64,0.00033185334860383136,0,0.9967605180864489,1805,0.9805825242718447,0.006214099033011053
0.0,1805,64,40,True,0.00290008032406186,random_equal,0.0,0.018209883940091563,True,0.00580016064812372,12,64,0.0003437839221645053,0,0.9952988813139252,1805,0.9902912621359223,0.00580016064812372
0.0,1805,64,40,True,0.004398934659108074,random_equal,0.0,0.027621334808482226,True,0.008797869318216148,13,64,0.00041843921092139466,0,0.993330667318866,1805,0.9902912621359223,0.008797869318216148
0.0,1805,64,40,True,0.00562361583899737,random_equal,0.0,0.03531122600368996,True,0.01124723167799474,14,64,0.0005255007395295976,0,0.9956918532919407,1805,1.0,0.01124723167799474
0.0,1805,64,40,True,0.0032106043412817864,random_equal,0.0,0.020159694180611386,True,0.006421208682563573,15,64,0.00027948835594114233,0,0.9931781450423635,1805,1.0,0.006421208682563573
0.0,1805,64,40,True,0.004066782443823552,random_equal,0.0,0.025535719027225533,True,0.008133564887647105,16,64,0.0003012954877167195,0,0.9949190390759795,1805,0.9902912621359223,0.008133564887647105
0.0,1805,64,40,True,0.0022796322302588157,random_equal,0.0,0.014314030544148355,True,0.004559264460517631,17,64,0.00022835309634421154,0,0.9959328545558803,1805,1.0,0.004559264460517631
0.0,1805,64,40,True,0.004429296792093973,random_equal,0.0,0.027811981568594192,True,0.008858593584187946,18,64,0.00044225198757746155,0,0.9926429990297498,1805,1.0,0.008858593584187946
0.0,1805,64,40,True,0.000866043375118232,random_equal,0.0,0.005437969844193803,True,0.001732086750236464,19,64,0.00010545508404716751,0,0.9956456971515653,1805,1.0,0.001732086750236464
0.0,1805,64,40,True,0.0044547051290356465,random_equal,0.0,0.027971522965768523,True,0.008909410258071293,20,64,0.00043560957764736516,0,0.9953673810517248,1805,1.0,0.008909410258071293
0.0,1805,64,40,True,0.0031344903058938,random_equal,0.0,0.019681766814556235,True,0.0062689806117876,21,64,0.00024428920368447176,0,0.9956125585321465,1805,1.0,0.0062689806117876
0.0,1805,64,40,True,0.005889210052166999,random_equal,0.0,0.03697891767307274,True,0.011778420104333998,22,64,0.0004113316321266562,0,0.9950174347300885,1805,0.9902912621359223,0.011778420104333998
0.0,1805,64,40,True,0.0031686192154292414,random_equal,0.0,0.019896065527762845,True,0.006337238430858483,23,64,0.0002262660135386669,0,0.9998342017108888,1805,1.0,0.006337238430858483
0.0,1805,64,40,True,0.002078049379779935,random_equal,0.0,0.013048272392183822,True,0.00415609875955987,24,64,0.0002186822131905258,0,0.9961353816512828,1805,1.0,0.00415609875955987
0.0,1805,64,40,True,0.004019799242180225,random_equal,0.0,0.025240706974641893,True,0.00803959848436045,25,64,0.0005017878903799166,0,0.9988192882357806,1805,1.0,0.00803959848436045
0.0,1805,64,40,True,0.001456027893990186,random_equal,0.0,0.009142539516271576,True,0.002912055787980372,26,64,0.0001893604344589589,0,0.9956737265251352,1805,1.0,0.002912055787980372
0.0,1805,64,40,True,0.005186736350682605,random_equal,0.0,0.03256801757873298,True,0.01037347270136521,27,64,0.0006586197959844585,0,0.9966446077949235,1805,0.9805825242718447,0.01037347270136521
0.0,1805,64,40,True,0.0019082338464963614,random_equal,0.0,0.01198198428745039,True,0.0038164676929927227,28,64,0.00019319120575295818,0,0.9958878286585722,1805,1.0,0.0038164676929927227
0.0,1805,64,40,True,0.0038032666153132444,random_equal,0.0,0.023881077735487498,True,0.007606533230626489,29,64,0.0004438273229422501,0,0.9931296565700959,1805,0.9902912621359223,0.007606533230626489
0.0,1805,64,40,True,0.0022292986121405373,random_equal,0.0,0.013997980903518059,True,0.0044585972242810745,30,64,0.00022785945604468974,0,0.9960411141163518,1805,1.0,0.0044585972242810745
0.0,1805,64,40,True,0.006281433706938455,random_equal,0.0,0.03944172781411848,True,0.01256286741387691,31,64,0.0004578247145677041,0,0.9948017659492011,1805,0.9902912621359223,0.01256286741387691
0.0,1805,64,40,True,0.0033239738998091725,posterior_medoid,0.0,0.02087155256811689,True,0.006647947799618345,0,64,0.0004302463220347353,0,0.9998552626463779,1805,0.9902912621359223,0.006647947799618345
0.0,1805,64,40,True,0.0007063171923248502,acquisition_fw,0.0,0.00443503374386278,True,0.0014126343846497004,0,64,6.917554856771602e-05,0,0.9997669243434031,1805,1.0,0.0014126343846497004
0.0,117,4,16,True,0.10930946948977238,random_equal,0.0,0.25308829444211906,True,0.21861893897954476,0,4,0.026583943804228648,1,0.937257556186928,117,0.7475728155339806,0.21861893897954476
0.022004594811567857,677,4,16,False,0.16393126655645834,random_equal,0.05094805963970659,0.37955617982751616,True,0.30585793830134883,1,4,0.031023522940769585,1,0.9484030914410869,117,0.6990291262135923,0.3278625331129167
0.06185628494658685,858,4,16,False,0.19596343762390614,random_equal,0.14321816518487604,0.4537214610294077,True,0.33007059030122543,2,4,0.06152759757265014,1,0.7464077096249664,117,0.5048543689320388,0.3919268752478123
0.020144510432688778,1797,4,16,False,0.30163275414450563,random_equal,0.046641336853781974,0.6983815734414001,True,0.5831209978563225,3,4,0.05930030393245079,1,0.9622401709980181,117,0.6990291262135923,0.6032655082890113
0.003070149391254995,863,4,16,False,0.1800245816544886,random_equal,0.007108431472059601,0.4168176329211219,True,0.3569790139177222,4,4,0.03418366797134871,1,0.8782057420543117,117,0.6601941747572816,0.3600491633089772
0.07686073818303507,1645,4,16,False,0.19527040269291135,random_equal,0.1779585357710175,0.4521168513876905,True,0.3136800672027876,5,4,0.03671843919770423,1,0.9462012809026316,117,0.6310679611650486,0.3905408053858227
0.022004594811567857,677,4,16,False,0.3279458088280136,random_equal,0.05094805963970659,0.7593051710262767,True,0.6338870228444593,6,4,0.09571326501253734,1,0.680690770742332,117,0.4368932038834951,0.6558916176560272
0.0857835208249782,394,4,16,False,0.22275270973263656,random_equal,0.19861778744489397,0.5157476625926565,True,0.3597218986402949,7,4,0.044595424026159826,1,0.9366543998788357,117,0.7184466019417476,0.4455054194652731
0.0,117,4,16,True,0.31145279363772055,random_equal,0.0,0.7211182773911393,True,0.6229055872754411,8,4,0.04789783714200693,1,0.9683306644602215,117,0.8155339805825242,0.6229055872754411
0.0,117,4,16,True,0.09211085478078807,random_equal,0.0,0.21326769990642558,True,0.18422170956157613,9,4,0.028949199257538968,1,0.9416107601042416,117,0.8058252427184466,0.18422170956157613
0.11417527040095826,1439,4,16,False,0.26183589205600666,random_equal,0.2643542648969676,0.6062384133186731,True,0.40949651371105505,10,4,0.03225722955562776,1,0.962889362126288,117,0.6796116504854369,0.5236717841120133
0.020144510432688778,1797,4,16,False,0.11740146292751953,random_equal,0.046641336853781974,0.27182398886416426,True,0.21465841542235028,11,4,0.03132313101362,1,0.9263212388737475,117,0.7961165048543689,0.23480292585503906
0.11177598842238395,506,4,16,False,0.15256287016999615,random_equal,0.25879911778411935,0.3532345073738695,True,0.19334975191760834,12,4,0.03301289872970803,1,0.9613265531133839,117,0.6407766990291263,0.3051257403399923
0.022004594811567857,677,4,16,False,0.26658060816454443,random_equal,0.05094805963970659,0.6172240316107299,True,0.511156621517521,13,4,0.07603153759332275,1,0.7363073197143841,117,0.32038834951456313,0.5331612163290889
0.07796823168851702,233,4,16,False,0.17328638343036884,random_equal,0.18052275681898788,0.40121643108457883,True,0.26860453517222066,14,4,0.04556472643530238,1,0.89469183193623,117,0.6019417475728155,0.3465727668607377
0.003070149391254995,863,4,16,False,0.1617697958363815,random_equal,0.007108431472059601,0.37455164599724255,True,0.32046944228150803,15,4,0.032617306559815776,1,0.8696287899510657,117,0.7087378640776699,0.323539591672763
0.03066919545378244,1071,4,16,False,0.2042361505201435,random_equal,0.07100953289354357,0.4728755819586465,True,0.37780310558650454,16,4,0.04298781694753505,1,0.8931104961189321,117,0.6893203883495146,0.408472301040287
0.0,117,4,16,True,0.15135009420273787,random_equal,0.0,0.35042652191271506,True,0.30270018840547575,17,4,0.04705761284771318,1,0.9206825608338562,117,0.7475728155339806,0.30270018840547575
0.11177598842238395,506,4,16,False,0.15970386027276454,random_equal,0.25879911778411935,0.3697683082803574,True,0.20763173212314512,18,4,0.061280844298178,1,0.9501390957605175,117,0.7184466019417476,0.3194077205455291
0.06688685278250428,250,4,16,False,0.3350918977236582,random_equal,0.15486562665011397,0.775850777358212,True,0.6032969426648122,19,4,0.05079887600451035,1,0.9398288788238478,117,0.6601941747572816,0.6701837954473164
0.11417527040095826,1439,4,16,False,0.2540481131569539,random_equal,0.2643542648969676,0.5882070781721971,True,0.39392095591294957,20,4,0.04892395694186068,1,0.9112464285260866,117,0.5339805825242718,0.5080962263139078
0.16753853212062525,1579,4,16,False,0.34275006598038527,random_equal,0.38790821642138335,0.7935820201470828,True,0.5179615998401452,21,4,0.0767531404149548,1,0.8825804204126706,117,0.3883495145631068,0.6855001319607705
0.022004594811567857,677,4,16,False,0.20655490152753941,random_equal,0.05094805963970659,0.4782442727082863,True,0.39110520824351097,22,4,0.07125703642462988,1,0.8249845278412468,117,0.5922330097087378,0.41310980305507883
0.003070149391254995,863,4,16,False,0.15886387432601182,random_equal,0.007108431472059601,0.3678234574672365,True,0.31465759926076864,23,4,0.03534885350939013,1,0.9169503443308997,117,0.5922330097087378,0.31772774865202363
0.10929180091136853,778,4,16,False,0.1729728370964928,random_equal,0.2530473857231003,0.4004904655553372,True,0.23665387328161708,24,4,0.049120129518585944,1,0.9290302929764195,117,0.7184466019417476,0.3459456741929856
0.003070149391254995,863,4,16,False,0.17731069221763296,random_equal,0.007108431472059601,0.4105340634180923,True,0.3515512350440109,25,4,0.04933140844844762,1,0.9067185065894741,117,0.7184466019417476,0.3546213844352659
0.003070149391254995,863,4,16,False,0.11268377628206144,random_equal,0.007108431472059601,0.2609009528967903,True,0.2222974031728679,26,4,0.030089504466249882,1,0.9385264522980636,117,0.6796116504854369,0.22536755256412289
0.20711461543179555,1773,4,16,False,0.6318242707221247,random_equal,0.4795401992008852,1.4628863154363774,True,1.0565339260124538,27,4,0.11713562573092348,1,0.8028663466999165,117,0.2912621359223301,1.2636485414442493
0.003070149391254995,863,4,16,False,0.1700718107968171,random_equal,0.007108431472059601,0.39377361108935377,True,0.3370734722023792,28,4,0.049958538918793996,1,0.902744825559366,117,0.7087378640776699,0.3401436215936342
0.046953821348671876,1791,4,16,False,0.169674349571759,random_equal,0.1087139350153667,0.3928533542806219,True,0.29239487779484613,29,4,0.033690410001555,1,0.9342878150545812,117,0.5922330097087378,0.339348699143518
0.020144510432688778,1797,4,16,False,0.13094165435450322,random_equal,0.046641336853781974,0.30317409943254225,True,0.24173879827631767,30,4,0.04181644473854831,1,0.9354909439437853,117,0.7961165048543689,0.26188330870900645
0.17560864376584912,5,4,16,False,0.506128428599537,random_equal,0.4065932471125102,1.171858040852645,True,0.8366482134332249,31,4,0.08570344668177701,1,0.8767655016407078,117,0.5436893203883495,1.012256857199074
0.003070149391254995,863,4,16,False,0.1119422464279245,posterior_medoid,0.007108431472059601,0.25918406114955705,True,0.220814343464594,0,4,0.03548052135394664,1,0.9721002880089673,117,0.8349514563106796,0.223884492855849
0.0,117,4,16,True,0.07441745437029204,acquisition_fw,0.0,0.17230150956924795,True,0.14883490874058408,0,4,0.016582197172954043,1,0.9801333145370043,117,0.8349514563106796,0.14883490874058408
0.03066919545378244,1071,8,16,False,0.15137945286387774,random_equal,0.07100953289354357,0.35049449711659886,True,0.27208971027397305,0,8,0.03163482134594481,1,0.871470603250409,117,0.7572815533980582,0.3027589057277555
0.003070149391254995,863,8,16,False,0.2061647896111347,random_equal,0.007108431472059601,0.47734103202817624,True,0.40925942983101443,1,8,0.04342319266020721,1,0.9601890098381664,117,0.6893203883495146,0.4123295792222694
0.03066919545378244,1071,8,16,False,0.1314013509007192,random_equal,0.07100953289354357,0.30423845200314564,True,0.23213350634765595,2,8,0.020204649393443665,1,0.9621267205145589,117,0.8058252427184466,0.2628027018014384
0.07686073818303507,1645,8,16,False,0.2015983598989336,random_equal,0.1779585357710175,0.46676820688370024,True,0.3263359816148321,3,8,0.06708901811897475,1,0.8790539098324265,117,0.6504854368932039,0.4031967197978672
0.0,117,8,16,True,0.12063914517328916,random_equal,0.0,0.2793203154070722,True,0.24127829034657833,4,8,0.03628709385289123,1,0.9499416432204291,117,0.7669902912621359,0.24127829034657833
0.06688685278250428,250,8,16,False,0.13940737849238144,random_equal,0.15486562665011397,0.32277510649326674,True,0.2119279042022586,5,8,0.03340609927552005,1,0.8753183405674019,117,0.7572815533980582,0.2788147569847629
0.0,117,8,16,True,0.11064737851964912,random_equal,0.0,0.25618600515346684,True,0.22129475703929824,6,8,0.018847813060010186,1,0.9668962047672164,117,0.8737864077669902,0.22129475703929824
0.07796823168851702,233,8,16,False,0.16659945831591863,random_equal,0.18052275681898788,0.38573394379250825,True,0.25523068494332024,7,8,0.030976063182996415,1,0.9150377821639855,117,0.6407766990291263,0.33319891663183726
0.022004594811567857,677,8,16,False,0.306259794038652,random_equal,0.05094805963970659,0.709094731602274,True,0.5905149932657361,8,8,0.09156624275594336,1,0.8355667515705233,117,0.5048543689320388,0.612519588077304
0.003070149391254995,863,8,16,False,0.12065768458190154,random_equal,0.007108431472059601,0.27936324039177457,True,0.2382452197725481,9,8,0.049091001848551814,1,0.9591838657400289,117,0.8155339805825242,0.24131536916380308
0.022004594811567857,677,8,16,False,0.14081178310818565,random_equal,0.05094805963970659,0.32602677691651205,True,0.25961897140480344,10,8,0.03363955777185072,1,0.9588993629237981,117,0.7572815533980582,0.2816235662163713
0.020144510432688778,1797,8,16,False,0.15171687583558585,random_equal,0.046641336853781974,0.3512757451165554,True,0.2832892412384829,11,8,0.027778275290685786,1,0.9538278031907209,117,0.7475728155339806,0.3034337516711717
0.003070149391254995,863,8,16,False,0.140055735937623,random_equal,0.007108431472059601,0.32427627268473186,True,0.277041322483991,12,8,0.031093571558551348,1,0.8825853405910052,117,0.7475728155339806,0.280111471875246
0.03066919545378244,1071,8,16,False,0.10974492572098613,random_equal,0.07100953289354357,0.254096522506682,True,0.1888206559881898,13,8,0.025745297145187036,1,0.9459371517039006,117,0.7378640776699029,0.21948985144197225
0.06796950789954886,1978,8,16,False,0.15562630223732565,random_equal,0.1573723384502978,0.3603273859751353,True,0.24328309657510244,14,8,0.03449832649880159,1,0.9280258459733955,117,0.7087378640776699,0.3112526044746513
0.003070149391254995,863,8,16,False,0.09302618285116887,random_equal,0.007108431472059601,0.2153869931503595,True,0.18298221631108275,15,8,0.029484156460501263,1,0.9698272089248203,117,0.883495145631068,0.18605236570233774
0.022004594811567857,677,8,16,False,0.14827306503177295,random_equal,0.05094805963970659,0.34330216142992065,True,0.27454153525197805,16,8,0.027966570803084345,1,0.9584683765358333,117,0.6504854368932039,0.2965461300635459
0.003070149391254995,863,8,16,False,0.09334118170164138,random_equal,0.007108431472059601,0.2161163217454889,True,0.18361221401202776,17,8,0.02818742972326312,1,0.9552427917180162,117,0.8543689320388349,0.18668236340328276
0.003070149391254995,863,8,16,False,0.09312019886985307,random_equal,0.007108431472059601,0.21560467194735747,True,0.18317024834845114,18,8,0.026869008560480245,1,0.964125391390268,117,0.8640776699029126,0.18624039773970613
0.0,117,8,16,True,0.13620071063457856,random_equal,0.0,0.31535058872036115,True,0.2724014212691571,19,8,0.033125602555832544,1,0.9505923207398823,117,0.7766990291262136,0.2724014212691571
0.003070149391254995,863,8,16,False,0.22143133931564707,random_equal,0.007108431472059601,0.5126882443489934,True,0.43979252924003914,20,8,0.036958335548536295,1,0.9716280556626454,117,0.8349514563106796,0.44286267863129414
0.022004594811567857,677,8,16,False,0.14184955822811984,random_equal,0.05094805963970659,0.3284295763843402,True,0.26169452164467183,21,8,0.03583381202184738,1,0.9637618863238422,117,0.6893203883495146,0.2836991164562397
0.0,117,8,16,True,0.1981789850944946,random_equal,0.0,0.45885120077843516,True,0.3963579701889892,22,8,0.055513349882941564,1,0.9699700659255842,117,0.7766990291262136,0.3963579701889892
0.0,117,8,16,True,0.13329835564454728,random_equal,0.0,0.3086306578880071,True,0.26659671128909457,23,8,0.030414667580321172,1,0.979394414671669,117,0.7669902912621359,0.26659671128909457
0.003070149391254995,863,8,16,False,0.1340563165188088,random_equal,0.007108431472059601,0.31038559298938595,True,0.2650424836463626,24,8,0.02785228974516208,1,0.9408335758870426,117,0.7087378640776699,0.2681126330376176
0.020144510432688778,1797,8,16,False,0.09777947808525422,random_equal,0.046641336853781974,0.22639247501199342,True,0.17541444573781967,25,8,0.024468135603909553,1,0.9579267280448623,117,0.8155339805825242,0.19555895617050845
0.0,117,8,16,True,0.1244126283422248,random_equal,0.0,0.28805720182496225,True,0.2488252566844496,26,8,0.02977919236371785,1,0.9521024704335562,117,0.7961165048543689,0.2488252566844496
0.0857835208249782,394,8,16,False,0.15837422153661915,random_equal,0.19861778744489397,0.36668974608875604,True,0.2309649222482601,27,8,0.05414167088234054,1,0.9257436850949969,117,0.5825242718446602,0.3167484430732383
0.022004594811567857,677,8,16,False,0.1773565848851173,random_equal,0.05094805963970659,0.41064032042396037,True,0.33270857495866674,28,8,0.07167587030865089,1,0.9481198249558689,117,0.7281553398058253,0.3547131697702346
0.0,117,8,16,True,0.2265066919912111,random_equal,0.0,0.5244393978249594,True,0.4530133839824222,29,8,0.0507109661465051,1,0.95911343398787,117,0.6796116504854369,0.4530133839824222
0.08868688868903862,538,8,16,False,0.14245345395345593,random_equal,0.20534006342229102,0.3298277986962736,True,0.19622001921787324,30,8,0.03051179398610416,1,0.9248571114273935,117,0.7087378640776699,0.28490690790691187
0.046953821348671876,1791,8,16,False,0.15440524663423344,random_equal,0.1087139350153667,0.35750023036411555,True,0.261856671919795,31,8,0.025398281762786638,1,0.9671123266040866,117,0.8543689320388349,0.3088104932684669
0.003070149391254995,863,8,16,False,0.11192206682211703,posterior_medoid,0.007108431472059601,0.2591373385550722,True,0.22077398425297906,0,8,0.03424340507904737,1,0.9733682690954554,117,0.8349514563106796,0.22384413364423406
0.0,117,8,16,True,0.0553402103881962,acquisition_fw,0.0,0.1281312545618666,True,0.1106804207763924,0,8,0.011777422176958534,1,0.988486214124105,117,0.912621359223301,0.1106804207763924
0.020144510432688778,1797,16,16,False,0.14721128800552163,random_equal,0.046641336853781974,0.34084378945257865,True,0.2742780655783545,0,16,0.038853300018948066,1,0.9704603878202469,117,0.7864077669902912,0.29442257601104327
0.0,117,16,16,True,0.07182457390513824,random_equal,0.0,0.16629811665478994,True,0.1436491478102765,1,16,0.015267273600504597,1,0.9813361514565113,117,0.8640776699029126,0.1436491478102765
0.003070149391254995,863,16,16,False,0.07776869596785577,random_equal,0.007108431472059601,0.1800607643177146,True,0.15246724254445654,2,16,0.027036245197264244,1,0.9674694404678202,117,0.8932038834951457,0.15553739193571153
0.003070149391254995,863,16,16,False,0.09341785374006328,random_equal,0.007108431472059601,0.21629384337766017,True,0.18376555808887157,3,16,0.02046348771553754,1,0.9716950075271745,117,0.8446601941747572,0.18683570748012657
0.020144510432688778,1797,16,16,False,0.09271051771912925,random_equal,0.046641336853781974,0.2146561218886503,True,0.16527652500556972,4,16,0.020250316237779113,1,0.9670893504050316,117,0.8058252427184466,0.1854210354382585
0.003070149391254995,863,16,16,False,0.07700603772378228,random_equal,0.007108431472059601,0.1782949532206912,True,0.15094192605630957,5,16,0.020700874703102595,1,0.9774009880746277,117,0.8155339805825242,0.15401207544756457
0.0,117,16,16,True,0.0778878579001144,random_equal,0.0,0.1803366643869267,True,0.1557757158002288,6,16,0.024389956580155685,1,0.9728693906725983,117,0.8349514563106796,0.1557757158002288
0.003070149391254995,863,16,16,False,0.08909266827866585,random_equal,0.007108431472059601,0.20627958005097422,True,0.1751151871660767,7,16,0.018182430130362574,1,0.9672435495204745,117,0.8349514563106796,0.1781853365573317
0.022004594811567857,677,16,16,False,0.10875685156885603,random_equal,0.05094805963970659,0.25180879754458857,True,0.1955091083261442,8,16,0.019917780630377045,1,0.9785099546411526,117,0.8349514563106796,0.21751370313771207
0.022004594811567857,677,16,16,False,0.1417048789550796,random_equal,0.05094805963970659,0.3280945950636386,True,0.26140516309859135,9,16,0.030276434911314043,1,0.9229970716752582,117,0.6504854368932039,0.2834097579101592
0.03066919545378244,1071,16,16,False,0.11659142948843042,random_equal,0.07100953289354357,0.26994848820994755,True,0.2025136635230784,10,16,0.027873001098701635,1,0.9112015071023125,117,0.7669902912621359,0.23318285897686084
0.0,117,16,16,True,0.07735182108834643,random_equal,0.0,0.17909555835026036,True,0.15470364217669286,11,16,0.020114231778847268,1,0.9704175688576864,117,0.883495145631068,0.15470364217669286
0.003070149391254995,863,16,16,False,0.07731482590002753,random_equal,0.007108431472059601,0.17900990200998262,True,0.15155950240880006,12,16,0.020124864396050445,1,0.9651338086223745,117,0.8058252427184466,0.15462965180005506
0.03066919545378244,1071,16,16,False,0.08690423266546582,random_equal,0.07100953289354357,0.2012126133972479,True,0.1431392698771492,13,16,0.01875214261431267,1,0.9612857877175898,117,0.8058252427184466,0.17380846533093164
0.022004594811567857,677,16,16,False,0.10236711723811842,random_equal,0.05094805963970659,0.23701440716603175,True,0.18272963966466899,14,16,0.020482645792602696,1,0.9732693682023867,117,0.8543689320388349,0.20473423447623684
0.022004594811567857,677,16,16,False,0.08128798380918534,random_equal,0.05094805963970659,0.188209102806324,True,0.14057137280680282,15,16,0.015658484004782806,1,0.985253761731985,117,0.8252427184466019,0.16257596761837068
0.003070149391254995,863,16,16,False,0.13217100684877492,random_equal,0.007108431472059601,0.3060204651453728,True,0.26127186430629484,16,16,0.02988914698767752,1,0.9411849816733556,117,0.7766990291262136,0.26434201369754984
0.0,117,16,16,True,0.0987991675407581,random_equal,0.0,0.22875340006595898,True,0.1975983350815162,17,16,0.020385076820782725,1,0.9774504301392568,117,0.7669902912621359,0.1975983350815162
0.003070149391254995,863,16,16,False,0.08214801906492991,random_equal,0.007108431472059601,0.1902003745328495,True,0.16122588873860483,18,16,0.019558111213511992,1,0.9731372246734142,117,0.8737864077669902,0.16429603812985982
0.003070149391254995,863,16,16,False,0.0921908325875542,random_equal,0.007108431472059601,0.2134528755074247,True,0.1813115157838534,19,16,0.02134319357837365,1,0.9647040362136748,117,0.7184466019417476,0.1843816651751084
0.003070149391254995,863,16,16,False,0.0734511812930354,random_equal,0.007108431472059601,0.17006426144948553,True,0.14383221319481582,20,16,0.01409936952413988,1,0.9857824517975633,117,0.8932038834951457,0.1469023625860708
0.0,117,16,16,True,0.07477789447987271,random_equal,0.0,0.17313605000758422,True,0.14955578895974542,21,16,0.018043582239836622,1,0.9815494290335607,117,0.8640776699029126,0.14955578895974542
0.020144510432688778,1797,16,16,False,0.09836367979388932,random_equal,0.046641336853781974,0.22774509903202364,True,0.17658284915508987,22,16,0.02472510636368708,1,0.9816961878111812,117,0.8446601941747572,0.19672735958777865
0.0,117,16,16,True,0.08553603521230313,random_equal,0.0,0.19804477476901822,True,0.17107207042460626,23,16,0.021769840308681815,1,0.967500358522024,117,0.883495145631068,0.17107207042460626
0.0,117,16,16,True,0.08438339034034309,random_equal,0.0,0.19537601307706692,True,0.16876678068068618,24,16,0.01694205076115598,1,0.96738878139437,117,0.8349514563106796,0.16876678068068618
0.022004594811567857,677,16,16,False,0.11085360066563826,random_equal,0.05094805963970659,0.25666347898485775,True,0.19970260651970867,25,16,0.025237577650743307,1,0.9868565328747708,117,0.8543689320388349,0.22170720133127653
0.003070149391254995,863,16,16,False,0.06432705438224531,random_equal,0.007108431472059601,0.14893882987522136,True,0.12558395937323563,26,16,0.018744324036486418,1,0.9643847568728942,117,0.8252427184466019,0.12865410876449063
0.003070149391254995,863,16,16,False,0.09916055631024923,random_equal,0.007108431472059601,0.22959013697199257,True,0.19525096322924346,27,16,0.014889127830068407,1,0.9861485510636393,117,0.8349514563106796,0.19832111262049845
0.022004594811567857,677,16,16,False,0.14356964775113187,random_equal,0.05094805963970659,0.3324121638554797,True,0.2651347006906959,28,16,0.026084288165939985,1,0.9662713630734654,117,0.8349514563106796,0.28713929550226375
0.020144510432688778,1797,16,16,False,0.09819725854560249,random_equal,0.046641336853781974,0.22735977770456278,True,0.1762500066585162,29,16,0.03302812038074318,1,0.9733222845667088,117,0.8155339805825242,0.19639451709120498
0.003070149391254995,863,16,16,False,0.090840555444549,random_equal,0.007108431472059601,0.21032652844213828,True,0.178610961497843,30,16,0.022112923086207246,1,0.9651797484476267,117,0.7766990291262136,0.181681110889098
0.022004594811567857,677,16,16,False,0.13911587049601715,random_equal,0.05094805963970659,0.3221001671493979,True,0.25622714618046644,31,16,0.025928116372187685,1,0.9657125023402281,117,0.7572815533980582,0.2782317409920343
0.003070149391254995,863,16,16,False,0.107723870370943,posterior_medoid,0.007108431472059601,0.24941709762333839,True,0.212377591350631,0,16,0.02712501741079196,1,0.9846067512960438,117,0.8252427184466019,0.215447740741886
0.0,117,16,16,True,0.04067009012795236,acquisition_fw,0.0,0.09416497759376474,True,0.08134018025590473,0,16,0.007393467134338893,1,0.9932985829975803,117,0.9514563106796117,0.08134018025590473
0.003070149391254995,863,32,16,False,0.07315260381340927,random_equal,0.007108431472059601,0.16937295386716783,True,0.14323505823556354,0,32,0.012038721613957743,1,0.9851172190997826,117,0.8932038834951457,0.14630520762681853
0.003070149391254995,863,32,16,False,0.06645678235948105,random_equal,0.007108431472059601,0.15386986854826779,True,0.1298434153277071,1,32,0.01714429392551585,1,0.9886819651374437,117,0.9029126213592233,0.1329135647189621
0.0,117,32,16,True,0.060173671263427375,random_equal,0.0,0.13932234692444942,True,0.12034734252685475,2,32,0.020680336833109225,1,0.983567868632613,117,0.883495145631068,0.12034734252685475
0.003070149391254995,863,32,16,False,0.05492622748774384,random_equal,0.007108431472059601,0.12717274450145968,True,0.10678230558423268,3,32,0.014180165213701842,1,0.9891395054009868,117,0.8737864077669902,0.10985245497548768
0.003070149391254995,863,32,16,False,0.09107937952617917,random_equal,0.007108431472059601,0.21087948675191348,True,0.17908860966110335,4,32,0.030602699251012087,1,0.9806561009473744,117,0.8932038834951457,0.18215875905235834
0.003070149391254995,863,32,16,False,0.062157175805520826,random_equal,0.007108431472059601,0.14391482902064692,True,0.12124420221978666,5,32,0.009133797355520614,1,0.9935728878291877,117,0.912621359223301,0.12431435161104165
0.0,117,32,16,True,0.06336511081299712,random_equal,0.0,0.1467116060269401,True,0.12673022162599423,6,32,0.011856144089424151,1,0.9830629272983498,117,0.9029126213592233,0.12673022162599423
0.003070149391254995,863,32,16,False,0.06659615218802056,random_equal,0.007108431472059601,0.1541925567139537,True,0.13012215498478613,7,32,0.012936624677119148,1,0.9811177762841348,117,0.883495145631068,0.13319230437604113
0.003070149391254995,863,32,16,False,0.029857658889302474,random_equal,0.007108431472059601,0.06913055199700863,True,0.05664516838734995,8,32,0.007681241495874209,1,0.9941302132767948,117,0.941747572815534,0.05971531777860495
0.0,117,32,16,True,0.03452422170805969,random_equal,0.0,0.07993521906033911,True,0.06904844341611938,9,32,0.009881375719796503,1,0.9924260392422474,117,0.9514563106796117,0.06904844341611938
0.0,117,32,16,True,0.04990512229470284,random_equal,0.0,0.11554719224644563,True,0.09981024458940568,10,32,0.01626636740369807,1,0.9926602394515848,117,0.9320388349514563,0.09981024458940568
0.003070149391254995,863,32,16,False,0.04506566001619583,random_equal,0.007108431472059601,0.10434220461086928,True,0.08706117064113666,11,32,0.009958560344991485,1,0.9896785848380233,117,0.9223300970873787,0.09013132003239166
0.003070149391254995,863,32,16,False,0.041445633576311425,random_equal,0.007108431472059601,0.09596062228518208,True,0.07982111776136785,12,32,0.00976498598421155,1,0.9878801632647607,117,0.912621359223301,0.08289126715262285
0.0,117,32,16,True,0.08122939321779146,random_equal,0.0,0.18807344582330646,True,0.16245878643558292,13,32,0.02109691087220724,1,0.9623670255448286,117,0.8543689320388349,0.16245878643558292
0.003070149391254995,863,32,16,False,0.052629198010800904,random_equal,0.007108431472059601,0.1218543464219854,True,0.10218824663034681,14,32,0.013215870987624868,1,0.9785228250565412,117,0.941747572815534,0.10525839602160181
0.003070149391254995,863,32,16,False,0.09560714380384328,random_equal,0.007108431472059601,0.2213627883727047,True,0.18814413821643156,15,32,0.02567495857015667,1,0.9727012175242528,117,0.8543689320388349,0.19121428760768655
0.003070149391254995,863,32,16,False,0.09329386747719276,random_equal,0.007108431472059601,0.216006773355725,True,0.18351758556313053,16,32,0.01680064387724551,1,0.9822048674751503,117,0.8446601941747572,0.18658773495438552
0.0,117,32,16,True,0.08853099551860591,random_equal,0.0,0.20497911814642283,True,0.17706199103721182,17,32,0.015544615666611463,1,0.9787963084614416,117,0.8737864077669902,0.17706199103721182
0.020144510432688778,1797,32,16,False,0.0778769364387793,random_equal,0.046641336853781974,0.1803113775198783,True,0.13560936244486982,18,32,0.017243476655129254,1,0.9823666843454086,117,0.7961165048543689,0.1557538728775586
0.0,117,32,16,True,0.03779780798954699,random_equal,0.0,0.08751467555718231,True,0.07559561597909398,19,32,0.008114199448970712,1,0.990118224146092,117,0.941747572815534,0.07559561597909398
0.003070149391254995,863,32,16,False,0.05469282808527651,random_equal,0.007108431472059601,0.1266323461538143,True,0.10631550677929802,20,32,0.011949776230075624,1,0.9845051528264948,117,0.9223300970873787,0.10938565617055301
0.003070149391254995,863,32,16,False,0.054953816208467954,random_equal,0.007108431472059601,0.12723662169623978,True,0.10683748302568091,21,32,0.015125584638393502,1,0.976591808728411,117,0.9029126213592233,0.10990763241693591
0.003070149391254995,863,32,16,False,0.05305034043912263,random_equal,0.007108431472059601,0.12282943320448167,True,0.10303053148699026,22,32,0.010505447326189904,1,0.9877594442725348,117,0.9029126213592233,0.10610068087824526
0.0,117,32,16,True,0.06503843928205005,random_equal,0.0,0.15058592588459596,True,0.1300768785641001,23,32,0.013266677493241964,1,0.9878127699532259,117,0.9223300970873787,0.1300768785641001
0.003070149391254995,863,32,16,False,0.060494077109590316,random_equal,0.007108431472059601,0.14006419453850494,True,0.11791800482792564,24,32,0.009179378045456005,1,0.9941517896976866,117,0.9029126213592233,0.12098815421918063
0.0,117,32,16,True,0.06572044916078276,random_equal,0.0,0.15216500881132528,True,0.13144089832156552,25,32,0.016044872222910705,1,0.9869839084966858,117,0.912621359223301,0.13144089832156552
0.03066919545378244,1071,32,16,False,0.08023345849930491,random_equal,0.07100953289354357,0.18576752099854973,True,0.12979772154482738,26,32,0.02464929595277739,1,0.9820604919525664,117,0.8737864077669902,0.16046691699860982
0.0,117,32,16,True,0.06586048108424175,random_equal,0.0,0.15248922995008946,True,0.1317209621684835,27,32,0.013924050237115597,1,0.9889009731436608,117,0.883495145631068,0.1317209621684835
0.0,117,32,16,True,0.06360074534747773,random_equal,0.0,0.14725717945915717,True,0.12720149069495545,28,32,0.018280840587192877,1,0.984443783310809,117,0.9029126213592233,0.12720149069495545
0.0,117,32,16,True,0.057903714725473135,random_equal,0.0,0.13406663183105277,True,0.11580742945094627,29,32,0.017689982744974086,1,0.9772537473374601,117,0.883495145631068,0.11580742945094627
0.003070149391254995,863,32,16,False,0.05621498500182864,random_equal,0.007108431472059601,0.13015665287382358,True,0.10935982061240229,30,32,0.01078933162892939,1,0.9896803925355716,117,0.912621359223301,0.11242997000365729
0.003070149391254995,863,32,16,False,0.07028563931838955,random_equal,0.007108431472059601,0.1627349639687854,True,0.1375011292455241,31,32,0.012724412063876846,1,0.9865504340798698,117,0.9029126213592233,0.1405712786367791
0.0,117,32,16,True,0.05282876843111273,posterior_medoid,0.0,0.12231641926465472,True,0.10565753686222545,0,32,0.01928739013924094,1,0.9942981712895743,117,0.941747572815534,0.10565753686222545
0.0,117,32,16,True,0.022022846627514248,acquisition_fw,0.0,0.05099031875037564,True,0.044045693255028495,0,32,0.004740545205246215,1,0.9971079744954049,117,0.9611650485436893,0.044045693255028495
0.0,117,64,16,True,0.029336625566272576,random_equal,0.0,0.06792418409778939,True,0.05867325113254515,0,64,0.00800693667109078,1,0.9916776105477181,117,0.9514563106796117,0.05867325113254515
0.0,117,64,16,True,0.040047664047615006,random_equal,0.0,0.09272385125929274,True,0.08009532809523001,1,64,0.008013579773651216,1,0.9947832181719168,117,0.9514563106796117,0.08009532809523001
0.0,117,64,16,True,0.038059404885628034,random_equal,0.0,0.08812036061420017,True,0.07611880977125607,2,64,0.008544650450991264,1,0.9965280751801912,117,0.9611650485436893,0.07611880977125607
0.0,117,64,16,True,0.04472834127452119,random_equal,0.0,0.10356119793859936,True,0.08945668254904238,3,64,0.008252124706398547,1,0.9957175435532735,117,0.941747572815534,0.08945668254904238
0.003070149391254995,863,64,16,False,0.03497607616141432,random_equal,0.007108431472059601,0.080981414540652,True,0.06688200293157365,4,64,0.009643271549127811,1,0.996195784328618,117,0.9320388349514563,0.06995215232282864
0.022004594811567857,677,64,16,False,0.03942989551633405,random_equal,0.05094805963970659,0.09129350872198368,True,0.056855196221100246,5,64,0.01382467162758985,1,0.9964492810806408,117,0.9223300970873787,0.0788597910326681
0.0,117,64,16,True,0.026730149497779757,random_equal,0.0,0.06188931277549494,True,0.05346029899555951,6,64,0.007484542309440724,1,0.9941310822009642,117,0.941747572815534,0.05346029899555951
0.0,117,64,16,True,0.03401256352684007,random_equal,0.0,0.07875055777685948,True,0.06802512705368013,7,64,0.010869604658398042,1,0.996337316988365,117,0.9223300970873787,0.06802512705368013
0.003070149391254995,863,64,16,False,0.04190402158052259,random_equal,0.007108431472059601,0.09702194513964332,True,0.08073789376979018,8,64,0.011476896253686211,1,0.9927502108216789,117,0.9514563106796117,0.08380804316104518
0.0,117,64,16,True,0.053122388674113175,random_equal,0.0,0.12299624917199516,True,0.10624477734822635,9,64,0.011064372322527126,1,0.9953399946047355,117,0.9320388349514563,0.10624477734822635
0.003070149391254995,863,64,16,False,0.03601695785792153,random_equal,0.007108431472059601,0.08339140678116577,True,0.06896376632458806,10,64,0.008219961584945482,1,0.9966219106085685,117,0.9320388349514563,0.07203391571584306
0.003070149391254995,863,64,16,False,0.03828135089149026,random_equal,0.007108431472059601,0.08863424048521323,True,0.07349255239172553,11,64,0.009862980459797171,1,0.9898619515864735,117,0.9223300970873787,0.07656270178298052
0.0,117,64,16,True,0.04245281627866071,random_equal,0.0,0.09829258998678213,True,0.08490563255732142,12,64,0.007808506055229778,1,0.9930672913093369,117,0.9320388349514563,0.08490563255732142
0.003070149391254995,863,64,16,False,0.028712832828943102,random_equal,0.007108431472059601,0.0664798934913761,True,0.05435551626663121,13,64,0.008737029404969577,1,0.9959011799196732,117,0.912621359223301,0.057425665657886205
0.022004594811567857,677,64,16,False,0.049108101123113146,random_equal,0.05094805963970659,0.11370181938082424,True,0.07621160743465843,14,64,0.01198681447951387,1,0.9941983581658265,117,0.8640776699029126,0.09821620224622629
0.003070149391254995,863,64,16,False,0.05210903621450985,random_equal,0.007108431472059601,0.12064999640115238,True,0.10114792303776471,15,64,0.01490427377925584,1,0.9885747535853993,117,0.9223300970873787,0.1042180724290197
0.003070149391254995,863,64,16,False,0.05044325329903532,random_equal,0.007108431472059601,0.11679314704531761,True,0.09781635720681564,16,64,0.014559060310804985,1,0.9905491881823095,117,0.912621359223301,0.10088650659807064
0.003070149391254995,863,64,16,False,0.04559004082901963,random_equal,0.007108431472059601,0.10555632307814594,True,0.08810993226678426,17,64,0.010043276785166632,1,0.9941560071929713,117,0.9029126213592233,0.09118008165803926
0.003070149391254995,863,64,16,False,0.06901511515757291,random_equal,0.007108431472059601,0.1597932719597626,True,0.13496008092389083,18,64,0.013008881487364999,1,0.9882448515767995,117,0.8543689320388349,0.13803023031514583
0.0,117,64,16,True,0.03866750097114824,random_equal,0.0,0.08952830817683688,True,0.07733500194229648,19,64,0.008304554446080054,1,0.9919878346369468,117,0.9223300970873787,0.07733500194229648
0.003070149391254995,863,64,16,False,0.03858636099164797,random_equal,0.007108431472059601,0.08934044175393092,True,0.07410257259204095,20,64,0.008426668499320368,1,0.9935798210617475,117,0.912621359223301,0.07717272198329594
0.0,117,64,16,True,0.048480997082658905,random_equal,0.0,0.11224986199069918,True,0.09696199416531781,21,64,0.009577222666925513,1,0.9892467099681105,117,0.9514563106796117,0.09696199416531781
0.003070149391254995,863,64,16,False,0.051934496103989314,random_equal,0.007108431472059601,0.12024587716894337,True,0.10079884281672363,22,64,0.013796524181555721,1,0.9946739670229476,117,0.9223300970873787,0.10386899220797863
0.0,117,64,16,True,0.03707499012639903,random_equal,0.0,0.08584110838106927,True,0.07414998025279806,23,64,0.008007375516012903,1,0.9949374801516486,117,0.912621359223301,0.07414998025279806
0.020144510432688778,1797,64,16,False,0.06842891031343429,random_equal,0.046641336853781974,0.15843601000533844,True,0.1167133101941798,24,64,0.010981447868570962,1,0.9948432787134122,117,0.9223300970873787,0.13685782062686858
0.003070149391254995,863,64,16,False,0.03604942976772524,random_equal,0.007108431472059601,0.083466590205876,True,0.06902871014419548,25,64,0.010458234666513872,1,0.9936165366003602,117,0.9320388349514563,0.07209885953545048
0.0,117,64,16,True,0.029265751743632468,random_equal,0.0,0.0677600872910232,True,0.058531503487264935,26,64,0.006587766179619307,1,0.9947573236728786,117,0.9514563106796117,0.058531503487264935
0.0,117,64,16,True,0.0314027440668318,random_equal,0.0,0.07270794537540468,True,0.0628054881336636,27,64,0.007248478562598027,1,0.9931438488371909,117,0.9611650485436893,0.0628054881336636
0.003070149391254995,863,64,16,False,0.04558067672394783,random_equal,0.007108431472059601,0.10553464201617885,True,0.08809120405664067,28,64,0.01630799203598258,1,0.9930021317755299,117,0.941747572815534,0.09116135344789567
0.022004594811567857,677,64,16,False,0.05381991366976266,random_equal,0.05094805963970659,0.12461125482798906,True,0.08563523252795746,29,64,0.01301865114093402,1,0.9883266924988791,117,0.883495145631068,0.10763982733952532
0.0,117,64,16,True,0.05467661633544535,random_equal,0.0,0.12659481048436277,True,0.1093532326708907,30,64,0.011871249998995612,1,0.9932159220457786,117,0.941747572815534,0.1093532326708907
0.0,117,64,16,True,0.04432438364076441,random_equal,0.0,0.10262589975234347,True,0.08864876728152882,31,64,0.00916390320653395,1,0.9925961751533868,117,0.941747572815534,0.08864876728152882
0.003070149391254995,863,64,16,False,0.03909039142943063,posterior_medoid,0.007108431472059601,0.09050744223834242,True,0.07511063346760627,0,64,0.010330419695427565,1,0.9968596228361721,117,0.9029126213592233,0.07818078285886126
0.0,117,64,16,True,0.015777068029152075,acquisition_fw,0.0,0.03652923445181472,True,0.03155413605830415,0,64,0.0029929020895620886,1,0.9988146631015035,117,0.9611650485436893,0.03155413605830415
0.06802477262123952,117,4,18,False,0.26516617065458364,random_equal,0.14707174062393433,0.5732977674162231,True,0.4623075686879278,0,4,0.07419075121297472,1,0.9511943315209346,863,0.6213592233009708,0.5303323413091673
0.09500075339410641,154,4,18,False,0.1544231167025656,random_equal,0.20539467643724077,0.3338677321639158,True,0.21384548001102477,1,4,0.02958476869525035,1,0.9706141748253526,863,0.8058252427184466,0.3088462334051312
0.06678588088834292,1791,4,18,False,0.1335294604964397,random_equal,0.14439321695409094,0.2886949771832758,True,0.2002730401045365,2,4,0.02066040388450955,1,0.9842666191721844,863,0.8155339805825242,0.2670589209928794
0.06802477262123952,117,4,18,False,0.15173455567507085,random_equal,0.14707174062393433,0.32805497697414154,True,0.2354443387289022,3,4,0.03928578791278875,1,0.9813440094926084,863,0.7961165048543689,0.3034691113501417
0.0,863,4,18,True,0.1970953510010643,random_equal,0.0,0.42612647163132306,True,0.3941907020021286,4,4,0.023373801936814168,1,0.9839076068069298,863,0.8640776699029126,0.3941907020021286
0.0,863,4,18,True,0.11431331747285123,random_equal,0.0,0.24714905951746333,True,0.22862663494570246,5,4,0.029322586711605227,1,0.9782616155547775,863,0.8737864077669902,0.22862663494570246
0.07831422735614707,1978,4,18,False,0.15353169411113626,random_equal,0.16931787184380612,0.3319404479246433,True,0.22874916086612546,6,4,0.03715608108709094,1,0.9397067963750474,863,0.7864077669902912,0.3070633882222725
0.0,863,4,18,True,0.20629209775809834,random_equal,0.0,0.4460101331492478,True,0.4125841955161967,7,4,0.044559185901931635,1,0.969905592311017,863,0.7475728155339806,0.4125841955161967
0.06802477262123952,117,4,18,False,0.1708116691851453,random_equal,0.14707174062393433,0.36930030837170635,True,0.27359856574905106,8,4,0.02606892238611819,1,0.9717100362831441,863,0.7475728155339806,0.3416233383702906
0.0,863,4,18,True,0.18990074786501987,random_equal,0.0,0.41057150885021865,True,0.37980149573003974,9,4,0.02900527739550631,1,0.9716369935675249,863,0.7475728155339806,0.37980149573003974
0.07831422735614707,1978,4,18,False,0.09677615587749583,random_equal,0.16931787184380612,0.20923315356077343,True,0.11523808439884459,10,4,0.02201281759361003,1,0.9820500872142822,863,0.8446601941747572,0.19355231175499166
0.09500075339410641,154,4,18,False,0.17810995950214975,random_equal,0.20539467643724077,0.3850794461643039,True,0.2612191656101931,11,4,0.028208220252292922,1,0.9581979203956832,863,0.7572815533980582,0.3562199190042995
0.0,863,4,18,True,0.16533454626365507,random_equal,0.0,0.35745859291078175,True,0.33066909252731014,12,4,0.023789240221793864,1,0.9761170562226013,863,0.8349514563106796,0.33066909252731014
0.09500075339410641,154,4,18,False,0.20304775891242183,random_equal,0.20539467643724077,0.4389957684873583,True,0.31109476443073725,13,4,0.04994106070375943,1,0.9328125396743511,863,0.6990291262135923,0.40609551782484365
0.0,863,4,18,True,0.15210248129608955,random_equal,0.0,0.3288504439697411,True,0.3042049625921791,14,4,0.01999780573722711,1,0.9785197013998812,863,0.8058252427184466,0.3042049625921791
0.06802477262123952,117,4,18,False,0.13832512389001944,random_equal,0.14707174062393433,0.2990633552838155,True,0.20862547515879937,15,4,0.0235092911102405,1,0.9636583390613412,863,0.7572815533980582,0.2766502477800389
0.0,863,4,18,True,0.3321369386355605,random_equal,0.0,0.7180907161957178,True,0.664273877271121,16,4,0.05798161244795306,1,0.9450760045456302,863,0.7281553398058253,0.664273877271121
0.0,863,4,18,True,0.2235423009767884,random_equal,0.0,0.48330562589003795,True,0.4470846019535768,17,4,0.04594158429863593,1,0.9488559643804347,863,0.7184466019417476,0.4470846019535768
0.0,863,4,18,True,0.2108042332255175,random_equal,0.0,0.4557655147779271,True,0.421608466451035,18,4,0.029998351263697026,1,0.9723457576898059,863,0.8058252427184466,0.421608466451035
0.0,863,4,18,True,0.20647478695100246,random_equal,0.0,0.44640511304492775,True,0.41294957390200493,19,4,0.027419533377939575,1,0.9790208555099918,863,0.8252427184466019,0.41294957390200493
0.06802477262123952,117,4,18,False,0.15682090455591086,random_equal,0.14707174062393433,0.33905182642325193,True,0.2456170364905822,20,4,0.024323559314106773,1,0.9818667064959901,863,0.8252427184466019,0.3136418091118217
0.0,863,4,18,True,0.1095473930081447,random_equal,0.0,0.23684497793516449,True,0.2190947860162894,21,4,0.01610520516400092,1,0.9809988342558049,863,0.8349514563106796,0.2190947860162894
0.0,863,4,18,True,0.13692496999487258,random_equal,0.0,0.2960361776459393,True,0.27384993998974516,22,4,0.026687168070649275,1,0.9726959257481221,863,0.8543689320388349,0.27384993998974516
0.0,863,4,18,True,0.09248740272996914,random_equal,0.0,0.19996073167374773,True,0.18497480545993827,23,4,0.02470242283188021,1,0.9793505647347726,863,0.9029126213592233,0.18497480545993827
0.0,863,4,18,True,0.16677601373230733,random_equal,0.0,0.3605750918199052,True,0.33355202746461465,24,4,0.021946342173900686,1,0.976204036649534,863,0.7864077669902912,0.33355202746461465
0.0,863,4,18,True,0.15495617488582952,random_equal,0.0,0.3350202210564987,True,0.30991234977165905,25,4,0.028263798654692546,1,0.9790613806245044,863,0.7864077669902912,0.30991234977165905
0.11957409277354236,615,4,18,False,0.23060802498245306,random_equal,0.25852302448184555,0.4985819478568527,True,0.34164195719136375,26,4,0.0307683927821047,1,0.9577430721206839,863,0.6990291262135923,0.4612160499649061
0.0,863,4,18,True,0.12184968593141293,random_equal,0.0,0.2634429298895917,True,0.24369937186282586,27,4,0.02300728589795671,1,0.980585472220444,863,0.883495145631068,0.24369937186282586
0.07831422735614707,1978,4,18,False,0.09901953205464864,random_equal,0.16931787184380612,0.21408340482269553,True,0.11972483675315021,28,4,0.01294028961997548,1,0.98639869365661,863,0.8155339805825242,0.19803906410929728
0.0,863,4,18,True,0.17162309111156876,random_equal,0.0,0.3710546286068359,True,0.3432461822231375,29,4,0.020606928387902502,1,0.9757143950861742,863,0.8446601941747572,0.3432461822231375
0.09609474702332371,1797,4,18,False,0.15851685175245395,random_equal,0.2077599257586365,0.34271851866771813,True,0.22093895648158418,30,4,0.03648378609718087,1,0.9621673266541545,863,0.6893203883495146,0.3170337035049079
0.0,863,4,18,True,0.06335748683569511,random_equal,0.0,0.13698091903028686,True,0.12671497367139023,31,4,0.013322092990256376,1,0.98171244172229,863,0.8640776699029126,0.12671497367139023
0.0,863,4,18,True,0.09313608486763365,posterior_medoid,0.0,0.2013632032649308,True,0.1862721697352673,0,4,0.019314236558548095,1,0.9792057072526412,863,0.8155339805825242,0.1862721697352673
0.0,863,4,18,True,0.07879212006950354,acquisition_fw,0.0,0.17035109122075534,True,0.15758424013900707,0,4,0.011959654056539438,1,0.9866208462742501,863,0.912621359223301,0.15758424013900707
0.06802477262123952,117,8,18,False,0.0636921500091201,random_equal,0.14707174062393433,0.13770447154713827,True,0.05935952739700068,0,8,0.017786353109927516,1,0.9818002100483084,863,0.883495145631068,0.1273843000182402
0.0,863,8,18,True,0.08151841863211397,random_equal,0.0,0.17624543617205995,True,0.16303683726422794,1,8,0.013655994702001401,1,0.9838457818743962,863,0.883495145631068,0.16303683726422794
0.0,863,8,18,True,0.10664777462422756,random_equal,0.0,0.2305759099701405,True,0.21329554924845512,2,8,0.02255517628725767,1,0.9732869883640382,863,0.8446601941747572,0.21329554924845512
0.0,863,8,18,True,0.12319900108823362,random_equal,0.0,0.2663601925443134,True,0.24639800217646723,3,8,0.03735250032964933,1,0.9540394029897518,863,0.7766990291262136,0.24639800217646723
0.0,863,8,18,True,0.09286473564361913,random_equal,0.0,0.20077653753779964,True,0.18572947128723827,4,8,0.014673287818104414,1,0.9888321842449153,863,0.8640776699029126,0.18572947128723827
0.0,863,8,18,True,0.1239317933782331,random_equal,0.0,0.2679445129830762,True,0.2478635867564662,5,8,0.02724979000653897,1,0.975885358011957,863,0.8252427184466019,0.2478635867564662
0.0,863,8,18,True,0.13598097730449116,random_equal,0.0,0.29399523516629744,True,0.2719619546089823,6,8,0.018604825358282243,1,0.9865246625154406,863,0.8155339805825242,0.2719619546089823
0.0,863,8,18,True,0.13095211356201458,random_equal,0.0,0.2831226704304369,True,0.26190422712402917,7,8,0.015992660314880024,1,0.9718075373980494,863,0.8349514563106796,0.26190422712402917
0.0,863,8,18,True,0.1502379137817672,random_equal,0.0,0.32481918918894076,True,0.3004758275635344,8,8,0.021187174159825732,1,0.9852554800225451,863,0.9320388349514563,0.3004758275635344
0.0,863,8,18,True,0.06841774486372917,random_equal,0.0,0.14792135921864313,True,0.13683548972745835,9,8,0.013206270319340522,1,0.9817678391305421,863,0.883495145631068,0.13683548972745835
0.0,863,8,18,True,0.08482057122922612,random_equal,0.0,0.18338479601920324,True,0.16964114245845224,10,8,0.02606420791922869,1,0.9818350578190526,863,0.8543689320388349,0.16964114245845224
0.0,863,8,18,True,0.0738214614659514,random_equal,0.0,0.15960436786245494,True,0.1476429229319028,11,8,0.020309000097891477,1,0.9802190041505409,863,0.8932038834951457,0.1476429229319028
0.0,863,8,18,True,0.1000927998261465,random_equal,0.0,0.21640384417482172,True,0.200185599652293,12,8,0.014713374056227226,1,0.9816822780395518,863,0.9029126213592233,0.200185599652293
0.0,863,8,18,True,0.0864488867810243,random_equal,0.0,0.18690526647812555,True,0.1728977735620486,13,8,0.012343722806587257,1,0.9892352491097748,863,0.883495145631068,0.1728977735620486
0.0,863,8,18,True,0.08198735459371573,random_equal,0.0,0.17725929076438526,True,0.16397470918743146,14,8,0.015008508216774063,1,0.9510934608801512,863,0.8640776699029126,0.16397470918743146
0.0,863,8,18,True,0.07062749245538824,random_equal,0.0,0.1526989043999316,True,0.14125498491077648,15,8,0.013180156407311235,1,0.9853038170726757,863,0.8737864077669902,0.14125498491077648
0.0,863,8,18,True,0.06976696542456795,random_equal,0.0,0.1508384173538173,True,0.1395339308491359,16,8,0.013226460886264788,1,0.9814599801355555,863,0.8737864077669902,0.1395339308491359
0.1001160110423368,250,8,18,False,0.12703212434327432,random_equal,0.2164540275688349,0.2746475279872973,True,0.15394823764421184,17,8,0.0188208161090819,1,0.9742893971671217,863,0.8058252427184466,0.25406424868654864
0.0,863,8,18,True,0.07858012404632292,random_equal,0.0,0.1698927490178622,True,0.15716024809264584,18,8,0.017580223961758876,1,0.9220680688036846,863,0.9029126213592233,0.15716024809264584
0.0,863,8,18,True,0.12419033404184382,random_equal,0.0,0.2685034861917191,True,0.24838066808368764,19,8,0.023467811152058333,1,0.9713290270047552,863,0.883495145631068,0.24838066808368764
0.0,863,8,18,True,0.09461229761219264,random_equal,0.0,0.2045548225751839,True,0.18922459522438528,20,8,0.012746735159700968,1,0.9882667185704039,863,0.883495145631068,0.18922459522438528
0.0,863,8,18,True,0.1294752372488986,random_equal,0.0,0.2799296164636764,True,0.2589504744977972,21,8,0.016055284361021174,1,0.9847577946241904,863,0.8543689320388349,0.2589504744977972
0.0,863,8,18,True,0.1441108849691859,random_equal,0.0,0.3115723563426671,True,0.2882217699383718,22,8,0.020454440297428936,1,0.9854513008850936,863,0.8543689320388349,0.2882217699383718
0.06802477262123952,117,8,18,False,0.08193141737644538,random_equal,0.14707174062393433,0.17713835270619557,True,0.09583806213165125,23,8,0.014607811614669666,1,0.9841368700741221,863,0.8155339805825242,0.16386283475289076
0.07831422735614707,1978,8,18,False,0.08330480233930598,random_equal,0.16931787184380612,0.18010765505372858,True,0.0882953773224649,24,8,0.014742170514717278,1,0.9863263410511831,863,0.8252427184466019,0.16660960467861197
0.06802477262123952,117,8,18,False,0.17656023722947284,random_equal,0.14707174062393433,0.38172889689609346,True,0.28509570183770616,25,8,0.02229625163568897,1,0.9746075924481673,863,0.8058252427184466,0.3531204744589457
0.09609474702332371,1797,8,18,False,0.19389719814564066,random_equal,0.2077599257586365,0.4192119625619947,True,0.2916996492679576,26,8,0.024012294501817574,1,0.9875813874610097,863,0.8058252427184466,0.3877943962912813
0.0,863,8,18,True,0.08066335561165072,random_equal,0.0,0.17439676249162162,True,0.16132671122330144,27,8,0.016226480435241452,1,0.9801394011971417,863,0.8640776699029126,0.16132671122330144
0.06802477262123952,117,8,18,False,0.0902183436278367,random_equal,0.14707174062393433,0.19505495310411822,True,0.1124119146344339,28,8,0.016751087040820727,1,0.9907192751990022,863,0.8640776699029126,0.1804366872556734
0.0,863,8,18,True,0.1072199468599816,random_equal,0.0,0.23181296469897555,True,0.2144398937199632,29,8,0.017870049835984766,1,0.9776000988349556,863,0.8155339805825242,0.2144398937199632
0.0,863,8,18,True,0.20372504615392423,random_equal,0.0,0.44046008523068303,True,0.40745009230784845,30,8,0.022490255708489223,1,0.9836699532526622,863,0.8543689320388349,0.40745009230784845
0.0,863,8,18,True,0.07809883657848488,random_equal,0.0,0.16885219007282096,True,0.15619767315696975,31,8,0.015373710922922165,1,0.9858041707108428,863,0.8058252427184466,0.15619767315696975
0.0,863,8,18,True,0.06012441005784985,posterior_medoid,0.0,0.12999090332033272,True,0.1202488201156997,0,8,0.013449568372183984,1,0.9866788406761208,863,0.8737864077669902,0.1202488201156997
0.0,863,8,18,True,0.04456219900691355,acquisition_fw,0.0,0.09634490379657093,True,0.0891243980138271,0,8,0.00796037391505492,1,0.9932493043801022,863,0.912621359223301,0.0891243980138271
0.0,863,16,18,True,0.061136113221830546,random_equal,0.0,0.13217823801603037,True,0.12227222644366109,0,16,0.010668530875065939,1,0.9867202207449606,863,0.9029126213592233,0.12227222644366109
0.0,863,16,18,True,0.07240411270590413,random_equal,0.0,0.15654001437505732,True,0.14480822541180827,1,16,0.01339546530320098,1,0.9843627624184519,863,0.9029126213592233,0.14480822541180827
0.0,863,16,18,True,0.07815498026158263,random_equal,0.0,0.16897357451675288,True,0.15630996052316526,2,16,0.011385926778403098,1,0.9907343500554504,863,0.9320388349514563,0.15630996052316526
0.0,863,16,18,True,0.06321977639778405,random_equal,0.0,0.1366831846458085,True,0.1264395527955681,3,16,0.013813512662957732,1,0.9756964536181578,863,0.912621359223301,0.1264395527955681
0.06802477262123952,117,16,18,False,0.06973723446679797,random_equal,0.14707174062393433,0.1507741380693573,True,0.07144969631235643,4,16,0.012966659312944835,1,0.9912062415376287,863,0.912621359223301,0.13947446893359594
0.0,863,16,18,True,0.049322222683762657,random_equal,0.0,0.10663622768622631,True,0.09864444536752531,5,16,0.014428972010919947,1,0.9911546327505131,863,0.9320388349514563,0.09864444536752531
0.0,863,16,18,True,0.09971475751707432,random_equal,0.0,0.21558650457510983,True,0.19942951503414863,6,16,0.01904659095475496,1,0.9845942538754354,863,0.9029126213592233,0.19942951503414863
0.0,863,16,18,True,0.060145277935291175,random_equal,0.0,0.13003602034079687,True,0.12029055587058235,7,16,0.008766922694241269,1,0.9929424805504038,863,0.9320388349514563,0.12029055587058235
0.0,863,16,18,True,0.06464572279182229,random_equal,0.0,0.13976612649370448,True,0.12929144558364458,8,16,0.010808941600886133,1,0.9899913472475345,863,0.912621359223301,0.12929144558364458
0.0,863,16,18,True,0.07614246666629476,random_equal,0.0,0.1646224555628337,True,0.15228493333258952,9,16,0.015874931408696467,1,0.9773208277245349,863,0.8737864077669902,0.15228493333258952
0.0,863,16,18,True,0.09054234120336385,random_equal,0.0,0.1957554462561649,True,0.1810846824067277,10,16,0.023330836374012415,1,0.9829719780393193,863,0.8252427184466019,0.1810846824067277
0.0,863,16,18,True,0.06935493654770816,random_equal,0.0,0.14994759770426844,True,0.13870987309541633,11,16,0.017076263578214745,1,0.978496803431941,863,0.8640776699029126,0.13870987309541633
0.0,863,16,18,True,0.0756410802362655,random_equal,0.0,0.16353844201676565,True,0.151282160472531,12,16,0.014330779721865382,1,0.978586773405051,863,0.9514563106796117,0.151282160472531
0.0,863,16,18,True,0.07134458541043953,random_equal,0.0,0.1542492823729059,True,0.14268917082087906,13,16,0.015897423761581878,1,0.9890631238931417,863,0.9029126213592233,0.14268917082087906
0.0,863,16,18,True,0.05523814963257734,random_equal,0.0,0.11942665153094423,True,0.11047629926515468,14,16,0.013285304716688049,1,0.9764930489307462,863,0.9029126213592233,0.11047629926515468
0.0,863,16,18,True,0.034698911213482814,random_equal,0.0,0.07502015917549541,True,0.06939782242696563,15,16,0.006694485157172543,1,0.9928277993238688,863,0.9029126213592233,0.06939782242696563
0.0,863,16,18,True,0.12404360032639178,random_equal,0.0,0.2681862431917328,True,0.24808720065278356,16,16,0.015604067062181714,1,0.9925534791254353,863,0.912621359223301,0.24808720065278356
0.0,863,16,18,True,0.08170712280585246,random_equal,0.0,0.17665342064926284,True,0.16341424561170492,17,16,0.011685760115639763,1,0.9833079122256728,863,0.883495145631068,0.16341424561170492
0.0,863,16,18,True,0.07891660072049073,random_equal,0.0,0.1706202223814962,True,0.15783320144098145,18,16,0.013422164993416924,1,0.986137358426269,863,0.8446601941747572,0.15783320144098145
0.0,863,16,18,True,0.053730564223490596,random_equal,0.0,0.11616720351355528,True,0.10746112844698119,19,16,0.008878282149399692,1,0.9891488204915991,863,0.8932038834951457,0.10746112844698119
0.0,863,16,18,True,0.04475290737351706,random_equal,0.0,0.09675722140304195,True,0.08950581474703412,20,16,0.010480285678548619,1,0.9796466052434697,863,0.9223300970873787,0.08950581474703412
0.0,863,16,18,True,0.048365173230884795,random_equal,0.0,0.10456705606720965,True,0.09673034646176959,21,16,0.010949935683795825,1,0.9661288357609716,863,0.9029126213592233,0.09673034646176959
0.0,863,16,18,True,0.04592316744184799,random_equal,0.0,0.09928736121240864,True,0.09184633488369598,22,16,0.009280941846424095,1,0.9906200991000473,863,0.912621359223301,0.09184633488369598
0.0,863,16,18,True,0.0666044017025027,random_equal,0.0,0.14400085313249983,True,0.1332088034050054,23,16,0.010351423682625602,1,0.9834842884652112,863,0.8737864077669902,0.1332088034050054
0.0,863,16,18,True,0.06651201618987468,random_equal,0.0,0.1438011126904951,True,0.13302403237974936,24,16,0.011982729707914197,1,0.9650380271950132,863,0.9029126213592233,0.13302403237974936
0.0,863,16,18,True,0.06486228221440168,random_equal,0.0,0.14023433491249043,True,0.12972456442880337,25,16,0.014744189404485467,1,0.9882078398775375,863,0.8737864077669902,0.12972456442880337
0.0,863,16,18,True,0.053878751413743764,random_equal,0.0,0.11648758897268871,True,0.10775750282748753,26,16,0.01061387434583352,1,0.9862263952139367,863,0.9029126213592233,0.10775750282748753
0.0,863,16,18,True,0.08049131844979734,random_equal,0.0,0.1740248126287877,True,0.1609826368995947,27,16,0.011481475436067857,1,0.990995711828491,863,0.9029126213592233,0.1609826368995947
0.0,863,16,18,True,0.053734149803674025,random_equal,0.0,0.11617495565293633,True,0.10746829960734805,28,16,0.009678819733116373,1,0.9895305785535168,863,0.8737864077669902,0.10746829960734805
0.0,863,16,18,True,0.06437452255824816,random_equal,0.0,0.13917978288868504,True,0.12874904511649632,29,16,0.010004617515671246,1,0.9878882965067439,863,0.9223300970873787,0.12874904511649632
0.0,863,16,18,True,0.04300705051804424,random_equal,0.0,0.09298262287488097,True,0.08601410103608848,30,16,0.0074205941359132945,1,0.9868101208688608,863,0.9223300970873787,0.08601410103608848
0.0,863,16,18,True,0.08055941935845645,random_equal,0.0,0.17417204897796792,True,0.1611188387169129,31,16,0.01342179553152957,1,0.9608946978012497,863,0.883495145631068,0.1611188387169129
0.0,863,16,18,True,0.05071524741020908,posterior_medoid,0.0,0.10964799183267032,True,0.10143049482041816,0,16,0.011933427621226735,1,0.993326328500677,863,0.912621359223301,0.10143049482041816
0.0,863,16,18,True,0.023394466318036017,acquisition_fw,0.0,0.05057958666792037,True,0.046788932636072034,0,16,0.004403076425738108,1,0.9964746042131435,863,0.9320388349514563,0.046788932636072034
0.0,863,32,18,True,0.03818018158963654,random_equal,0.0,0.08254677740697783,True,0.07636036317927308,0,32,0.00756414023111856,1,0.9891986648876763,863,0.9611650485436893,0.07636036317927308
0.0,863,32,18,True,0.04023317294183121,random_equal,0.0,0.08698541056984531,True,0.08046634588366242,1,32,0.00733619038494687,1,0.9863931154987194,863,0.9223300970873787,0.08046634588366242
0.0,863,32,18,True,0.06776841836891673,random_equal,0.0,0.14651749450663545,True,0.13553683673783345,2,32,0.011816184219897156,1,0.9908246888323878,863,0.9029126213592233,0.13553683673783345
0.0,863,32,18,True,0.07070132123158568,random_equal,0.0,0.15285852458247817,True,0.14140264246317136,3,32,0.012493769350589243,1,0.9863793677772567,863,0.9320388349514563,0.14140264246317136
0.0,863,32,18,True,0.05329010903909803,random_equal,0.0,0.11521492527521209,True,0.10658021807819607,4,32,0.017937568900534433,1,0.9954704463858478,863,0.9320388349514563,0.10658021807819607
0.0,863,32,18,True,0.07968995576060639,random_equal,0.0,0.17229224078725255,True,0.15937991152121278,5,32,0.016944188253217064,1,0.9908096125789554,863,0.912621359223301,0.15937991152121278
0.0,863,32,18,True,0.042395052955577106,random_equal,0.0,0.09165946451210619,True,0.08479010591115421,6,32,0.00563023328438035,1,0.9942256203123917,863,0.9029126213592233,0.08479010591115421
0.0,863,32,18,True,0.050353141341524466,random_equal,0.0,0.10886510689590674,True,0.10070628268304893,7,32,0.007200491776281299,1,0.991964056568964,863,0.912621359223301,0.10070628268304893
0.0,863,32,18,True,0.045509723627791154,random_equal,0.0,0.09839348242324894,True,0.09101944725558231,8,32,0.008360861809711925,1,0.991846925032151,863,0.9514563106796117,0.09101944725558231
0.0,863,32,18,True,0.06477805034359435,random_equal,0.0,0.14005222290566874,True,0.1295561006871887,9,32,0.009092670751720528,1,0.9941255892591094,863,0.912621359223301,0.1295561006871887
0.0,863,32,18,True,0.07050504050120393,random_equal,0.0,0.15243415934675864,True,0.14101008100240786,10,32,0.010335203016809682,1,0.9913087368710308,863,0.912621359223301,0.14101008100240786
0.0,863,32,18,True,0.03479972122335839,random_equal,0.0,0.07523811365080502,True,0.06959944244671679,11,32,0.006126074876924944,1,0.9941132301399365,863,0.9223300970873787,0.06959944244671679
0.0,863,32,18,True,0.03353333885803922,random_equal,0.0,0.07250015435177175,True,0.06706667771607844,12,32,0.007087475811997351,1,0.983054095564269,863,0.9611650485436893,0.06706667771607844
0.0,863,32,18,True,0.049026377911668445,random_equal,0.0,0.10599660179833616,True,0.09805275582333689,13,32,0.010369075870026516,1,0.9898109742362141,863,0.9223300970873787,0.09805275582333689
0.0,863,32,18,True,0.055135623167923864,random_equal,0.0,0.1192049860253414,True,0.11027124633584773,14,32,0.01226740858480461,1,0.9862855449217368,863,0.912621359223301,0.11027124633584773
0.0,863,32,18,True,0.04727031398624487,random_equal,0.0,0.10219993525750153,True,0.09454062797248974,15,32,0.01167469564385127,1,0.994836823249447,863,0.9320388349514563,0.09454062797248974
0.0,863,32,18,True,0.043417464005725104,random_equal,0.0,0.09386995000120375,True,0.08683492801145021,16,32,0.009092304755709638,1,0.9947330636453484,863,0.9223300970873787,0.08683492801145021
0.0,863,32,18,True,0.04864367877198433,random_equal,0.0,0.10516919398145136,True,0.09728735754396867,17,32,0.00949305277127644,1,0.9932567880244347,863,0.912621359223301,0.09728735754396867
0.0,863,32,18,True,0.05670959232943973,random_equal,0.0,0.12260795784505543,True,0.11341918465887946,18,32,0.007918535216575885,1,0.9935625487491607,863,0.9223300970873787,0.11341918465887946
0.0,863,32,18,True,0.07023602236997001,random_equal,0.0,0.151852533517,True,0.14047204473994002,19,32,0.008460819428230053,1,0.9943993688246595,863,0.970873786407767,0.14047204473994002
0.0,863,32,18,True,0.029046824792033882,random_equal,0.0,0.06280016701487698,True,0.058093649584067764,20,32,0.007163664726565637,1,0.9924197444314646,863,0.9223300970873787,0.058093649584067764
0.0,863,32,18,True,0.03956820029543466,random_equal,0.0,0.08554771837618838,True,0.07913640059086932,21,32,0.014091907646850657,1,0.9918036422708374,863,0.9029126213592233,0.07913640059086932
0.0,863,32,18,True,0.04072595602928708,random_equal,0.0,0.08805082341327675,True,0.08145191205857416,22,32,0.008122183596854394,1,0.9960901276199825,863,0.941747572815534,0.08145191205857416
0.0,863,32,18,True,0.06642523143678725,random_equal,0.0,0.143613481270288,True,0.1328504628735745,23,32,0.009023250960936842,1,0.9939490062659101,863,0.9029126213592233,0.1328504628735745
0.0,863,32,18,True,0.029778503088982985,random_equal,0.0,0.06438207896492826,True,0.05955700617796597,24,32,0.006587255952133789,1,0.9925336838593922,863,0.9223300970873787,0.05955700617796597
0.0,863,32,18,True,0.05248371813224084,random_equal,0.0,0.11347148226577863,True,0.10496743626448168,25,32,0.0075735369434859106,1,0.9920376650631823,863,0.912621359223301,0.10496743626448168
0.06802477262123952,117,32,18,False,0.048942353181297304,random_equal,0.14707174062393433,0.1058149376357825,True,0.029859933741355094,26,32,0.0062428059648806725,1,0.9941219305575028,863,0.912621359223301,0.09788470636259461
0.0,863,32,18,True,0.0678422834420882,random_equal,0.0,0.1466771931644043,True,0.1356845668841764,27,32,0.009461206787278048,1,0.9822247619270712,863,0.9223300970873787,0.1356845668841764
0.0,863,32,18,True,0.04602511459144021,random_equal,0.0,0.09950777422026476,True,0.09205022918288042,28,32,0.008136996398416014,1,0.9872299858656494,863,0.9611650485436893,0.09205022918288042
0.0,863,32,18,True,0.05999547396254534,random_equal,0.0,0.12971213934604833,True,0.11999094792509069,29,32,0.008513926414073955,1,0.992940010682347,863,0.8932038834951457,0.11999094792509069
0.0,863,32,18,True,0.08950759928912483,random_equal,0.0,0.19351830104333168,True,0.17901519857824966,30,32,0.012599542742344911,1,0.9913327929388686,863,0.9223300970873787,0.17901519857824966
0.0,863,32,18,True,0.06925457604846486,random_equal,0.0,0.149730615085366,True,0.1385091520969297,31,32,0.01206076767354973,1,0.9882426597085977,863,0.9029126213592233,0.1385091520969297
0.0,863,32,18,True,0.04469558804499685,posterior_medoid,0.0,0.09663329517599228,True,0.0893911760899937,0,32,0.011679018644739829,1,0.9965527179813906,863,0.8932038834951457,0.0893911760899937
0.0,863,32,18,True,0.016284467172935052,acquisition_fw,0.0,0.035207540429309514,True,0.032568934345870104,0,32,0.0029380357839339463,1,0.9980265251312317,863,0.970873786407767,0.032568934345870104
0.0,863,64,18,True,0.045177565527880936,random_equal,0.0,0.09767534595569856,True,0.09035513105576187,0,64,0.004801649986813268,1,0.9969356034095535,863,0.9611650485436893,0.09035513105576187
0.0,863,64,18,True,0.035816858602591095,random_equal,0.0,0.07743719729420573,True,0.07163371720518219,1,64,0.005443346550124879,1,0.9952412124553235,863,0.941747572815534,0.07163371720518219
0.0,863,64,18,True,0.022772220303326318,random_equal,0.0,0.04923427082262951,True,0.045544440606652636,2,64,0.004203923790437493,1,0.9959203451458446,863,0.9514563106796117,0.045544440606652636
0.0,863,64,18,True,0.02377757665752417,random_equal,0.0,0.05140788351197268,True,0.04755515331504834,3,64,0.005644024889563377,1,0.9935979888412033,863,0.9223300970873787,0.04755515331504834
0.0,863,64,18,True,0.03218798541815915,random_equal,0.0,0.06959145705616653,True,0.0643759708363183,4,64,0.006621036477475168,1,0.9945033323884507,863,0.941747572815534,0.0643759708363183
0.0,863,64,18,True,0.039091084928676995,random_equal,0.0,0.08451617964752282,True,0.07818216985735399,5,64,0.010645685062205684,1,0.9952789338225565,863,0.941747572815534,0.07818216985735399
0.0,863,64,18,True,0.02776417858854624,random_equal,0.0,0.060027044775983834,True,0.05552835717709248,6,64,0.004623100045044323,1,0.9953986833077513,863,0.9514563106796117,0.05552835717709248
0.0,863,64,18,True,0.024448470970238,random_equal,0.0,0.05285837853817309,True,0.048896941940476,7,64,0.0035322958197182637,1,0.9973635220202262,863,0.9514563106796117,0.048896941940476
0.0,863,64,18,True,0.0400861009451175,random_equal,0.0,0.0866674361949193,True,0.080172201890235,8,64,0.00638644044425596,1,0.9953630238891897,863,0.912621359223301,0.080172201890235
0.0,863,64,18,True,0.037721479004968306,random_equal,0.0,0.08155504770386683,True,0.07544295800993661,9,64,0.006070192466623993,1,0.9968072024012394,863,0.9320388349514563,0.07544295800993661
0.0,863,64,18,True,0.02732624673774603,random_equal,0.0,0.05908022206581518,True,0.05465249347549206,10,64,0.005231358871443674,1,0.9959310725874778,863,0.941747572815534,0.05465249347549206
0.0,863,64,18,True,0.033938648583241526,random_equal,0.0,0.07337644697988853,True,0.06787729716648305,11,64,0.004616642016366734,1,0.9971322917992871,863,0.970873786407767,0.06787729716648305
0.0,863,64,18,True,0.02774857315383389,random_equal,0.0,0.059993305325517485,True,0.05549714630766778,12,64,0.005027181331522734,1,0.9965431863582283,863,0.9611650485436893,0.05549714630766778
0.0,863,64,18,True,0.025246341827737162,random_equal,0.0,0.054583400927573536,True,0.050492683655474324,13,64,0.0038109301065050822,1,0.9970860823560854,863,0.9611650485436893,0.050492683655474324
0.0,863,64,18,True,0.04723868421357558,random_equal,0.0,0.10213155067431572,True,0.09447736842715115,14,64,0.007353284381652795,1,0.9929661426686985,863,0.9514563106796117,0.09447736842715115
0.0,863,64,18,True,0.022776490132818725,random_equal,0.0,0.049243502330967096,True,0.04555298026563745,15,64,0.005590202854462618,1,0.9959179185842977,863,0.9514563106796117,0.04555298026563745
0.0,863,64,18,True,0.04217824836508027,random_equal,0.0,0.09119072603241779,True,0.08435649673016055,16,64,0.008399979723206946,1,0.9944275012923781,863,0.9611650485436893,0.08435649673016055
0.0,863,64,18,True,0.02671499107217501,random_equal,0.0,0.05775866770792965,True,0.05342998214435002,17,64,0.004891058142649053,1,0.9958652494861783,863,0.9805825242718447,0.05342998214435002
0.0,863,64,18,True,0.03350281952675943,random_equal,0.0,0.07243417057849273,True,0.06700563905351886,18,64,0.006156113465007934,1,0.9953319074632306,863,0.970873786407767,0.06700563905351886
0.0,863,64,18,True,0.04023082422283719,random_equal,0.0,0.08698033256403397,True,0.08046164844567438,19,64,0.006084457586473135,1,0.9956679478203829,863,0.9514563106796117,0.08046164844567438
0.0,863,64,18,True,0.03225652383988853,random_equal,0.0,0.06973963932263999,True,0.06451304767977706,20,64,0.006478970925727427,1,0.9976498800314677,863,0.970873786407767,0.06451304767977706
0.0,863,64,18,True,0.03433701983875875,random_equal,0.0,0.07423773841396188,True,0.0686740396775175,21,64,0.005108903278621025,1,0.9966964187606081,863,0.9611650485436893,0.0686740396775175
0.0,863,64,18,True,0.029221907816064818,random_equal,0.0,0.06317870212944922,True,0.058443815632129636,22,64,0.004299318916886867,1,0.9963417286644527,863,0.9320388349514563,0.058443815632129636
0.0,863,64,18,True,0.03708741117048814,random_equal,0.0,0.08018417270499134,True,0.07417482234097628,23,64,0.006930786263420278,1,0.9962234152790108,863,0.9611650485436893,0.07417482234097628
0.0,863,64,18,True,0.021776918976623538,random_equal,0.0,0.04708239742529331,True,0.043553837953247077,24,64,0.004791872505967279,1,0.9970623098760392,863,0.970873786407767,0.043553837953247077
0.0,863,64,18,True,0.051335404683496955,random_equal,0.0,0.11098879175200094,True,0.10267080936699391,25,64,0.007371543882361179,1,0.9942043707858016,863,0.8932038834951457,0.10267080936699391
0.0,863,64,18,True,0.03982427163631114,random_equal,0.0,0.08610135282986459,True,0.07964854327262227,26,64,0.0059909895076828545,1,0.9963807408450823,863,0.9514563106796117,0.07964854327262227
0.0,863,64,18,True,0.03171866481674135,random_equal,0.0,0.0685767708602198,True,0.0634373296334827,27,64,0.006384664582126432,1,0.9952957521152802,863,0.941747572815534,0.0634373296334827
0.0,863,64,18,True,0.051615236074030346,random_equal,0.0,0.11159379619525153,True,0.10323047214806069,28,64,0.0059811784659442825,1,0.9964073156754234,863,0.970873786407767,0.10323047214806069
0.0,863,64,18,True,0.0345224857530233,random_equal,0.0,0.07463872167029957,True,0.0690449715060466,29,64,0.007142652024138345,1,0.9964625622093828,863,0.941747572815534,0.0690449715060466
0.0,863,64,18,True,0.02421407281884355,random_equal,0.0,0.05235160221542724,True,0.0484281456376871,30,64,0.006967498261447182,1,0.9950348639198814,863,0.941747572815534,0.0484281456376871
0.0,863,64,18,True,0.03581062120085016,random_equal,0.0,0.0774237118315476,True,0.07162124240170031,31,64,0.005710395122252575,1,0.9953371726966617,863,0.941747572815534,0.07162124240170031
0.0,863,64,18,True,0.030170972205315894,posterior_medoid,0.0,0.06523060978474604,True,0.06034194441063179,0,64,0.008357495947049712,1,0.9986941131443654,863,0.9514563106796117,0.06034194441063179
0.0,863,64,18,True,0.009821169988194794,acquisition_fw,0.0,0.0212336845750273,True,0.01964233997638959,0,64,0.0018705577527929926,1,0.9989638707924178,863,0.9805825242718447,0.01964233997638959
0.03332217293716322,879,4,20,False,0.08589264288201506,random_equal,0.09882193308826188,0.25472759605643747,True,0.1384631128268669,0,4,0.01636365910725304,1,0.9847717365264563,1695,0.8058252427184466,0.17178528576403013
0.06246544544744487,1071,4,20,False,0.13678696488186018,random_equal,0.1852507062482518,0.405662389316331,True,0.2111084843162755,1,4,0.03937635381530724,1,0.9201839240892646,1695,0.7572815533980582,0.27357392976372036
0.11003838881021336,410,4,20,False,0.13339207677910644,random_equal,0.32633544987143903,0.39559433626453544,True,0.15674576474799953,2,4,0.015607983958202221,1,0.9764915974641675,1695,0.7669902912621359,0.2667841535582129
0.018383619271711893,863,4,20,False,0.17154672602305002,random_equal,0.054519397549944226,0.5087477071956955,True,0.32470983277438814,3,4,0.031035842349975428,1,0.9532867889305745,1695,0.5728155339805825,0.34309345204610003
0.0,1695,4,20,True,0.10925376056013775,random_equal,0.0,0.3240085163736041,True,0.2185075211202755,4,4,0.017740201845871585,1,0.9640402270427888,1695,0.8155339805825242,0.2185075211202755
0.06246544544744487,1071,4,20,False,0.18015691884033086,random_equal,0.1852507062482518,0.5342825335130214,True,0.29784839223321685,5,4,0.03567508214634926,1,0.9743408089794658,1695,0.7864077669902912,0.3603138376806617
0.0,1695,4,20,True,0.06043117319847015,random_equal,0.0,0.17921776486563012,True,0.1208623463969403,6,4,0.009855051758788484,1,0.9851432057997777,1695,0.9223300970873787,0.1208623463969403
0.08319520438302469,511,4,20,False,0.10290731644812409,random_equal,0.2467279350691543,0.3051871785044178,True,0.1226194285132235,7,4,0.016472593404765704,1,0.9744371533914575,1695,0.7378640776699029,0.20581463289624818
0.03332217293716322,879,4,20,False,0.1034106224460935,random_equal,0.09882193308826188,0.30667980840427594,True,0.1734990719550238,8,4,0.01701883302315443,1,0.9796833794554187,1695,0.7766990291262136,0.206821244892187
0.11003838881021336,410,4,20,False,0.10390269784737896,random_equal,0.32633544987143903,0.3081391322746583,True,0.09776700688454457,9,4,0.01342128610981987,1,0.9842442855858591,1695,0.7864077669902912,0.20780539569475792
0.0519332205204146,1631,4,20,False,0.1056386972599061,random_equal,0.154015803621337,0.31328750054312404,True,0.1593441739993976,10,4,0.019305869749005986,1,0.9283003435888219,1695,0.7572815533980582,0.2112773945198122
0.018383619271711893,863,4,20,False,0.10267417171195498,random_equal,0.054519397549944226,0.3044957526012802,True,0.18696472415219806,11,4,0.018570751837351653,1,0.9680812664598267,1695,0.8349514563106796,0.20534834342390995
0.03332217293716322,879,4,20,False,0.15067222969912836,random_equal,0.09882193308826188,0.446841237804766,True,0.2680222864610935,12,4,0.021759659802875222,1,0.9618298976947124,1695,0.6407766990291263,0.3013444593982567
0.0,1695,4,20,True,0.12237142623170094,random_equal,0.0,0.362910933743381,True,0.24474285246340188,13,4,0.020955834153156293,1,0.9594845232814906,1695,0.7184466019417476,0.24474285246340188
0.02147929249257441,831,4,20,False,0.20966798974525847,random_equal,0.0637000837096399,0.6218020683233458,True,0.3978566869979425,14,4,0.027151441626338008,1,0.9610707094279135,1695,0.8058252427184466,0.41933597949051693
0.05739831093942538,927,4,20,False,0.09995748711617203,random_equal,0.1702233540931269,0.2964390144091871,True,0.14251666329291868,15,4,0.014810619470458931,1,0.9739646206935336,1695,0.8252427184466019,0.19991497423234406
0.05739831093942538,927,4,20,False,0.11318338606132158,random_equal,0.1702233540931269,0.335662413887197,True,0.1689684611832178,16,4,0.017304284332093908,1,0.9613529672905426,1695,0.7961165048543689,0.22636677212264317
0.10976197984618088,1823,4,20,False,0.15447776397911903,random_equal,0.3255157173707968,0.4581271240730923,True,0.19919354811205717,17,4,0.02860139961334388,1,0.8857110033203075,1695,0.5825242718446602,0.30895552795823805
0.04241286638031727,1103,4,20,False,0.10036321880271093,random_equal,0.12578175653252943,0.2976422729618194,True,0.1583135712251046,18,4,0.015520278093153445,1,0.9773975012020771,1695,0.8058252427184466,0.20072643760542186
0.03449606283737916,399,4,20,False,0.1464146757256293,random_equal,0.10230328076000234,0.4342148189129911,True,0.25833328861387944,19,4,0.03378920004977763,1,0.9127837146377479,1695,0.7281553398058253,0.2928293514512586
0.10976197984618088,1823,4,20,False,0.15343309377724923,random_equal,0.3255157173707968,0.4550289969196454,True,0.19710420770831757,20,4,0.029115094657897602,1,0.8419098798455013,1695,0.6019417475728155,0.30686618755449846
0.0,1695,4,20,True,0.07649929537329585,random_equal,0.0,0.22687020630181642,True,0.1529985907465917,21,4,0.013899229977333716,1,0.9546937070801753,1695,0.8446601941747572,0.1529985907465917
0.04241286638031727,1103,4,20,False,0.1803369241929881,random_equal,0.12578175653252943,0.5348163665541429,True,0.31826098200565894,22,4,0.024099957513618892,1,0.9749954748887958,1695,0.7378640776699029,0.3606738483859762
0.09233605693897035,1247,4,20,False,0.11224487985572756,random_equal,0.2738365129328112,0.332879132087807,True,0.13215370277248478,23,4,0.033596478897168255,1,0.9276571245679857,1695,0.6699029126213593,0.22448975971145513
0.0,1695,4,20,True,0.09382653765094076,random_equal,0.0,0.27825675843917236,True,0.18765307530188152,24,4,0.016555295923827745,1,0.9700362955492844,1695,0.7961165048543689,0.18765307530188152
0.05739831093942538,927,4,20,False,0.1033503792469832,random_equal,0.1702233540931269,0.3065011481049393,True,0.14930244755454103,25,4,0.012700882884061026,1,0.9760600983830031,1695,0.8155339805825242,0.2067007584939664
0.05739831093942538,927,4,20,False,0.08612324253369813,random_equal,0.1702233540931269,0.2554114741274076,True,0.11484817412797088,26,4,0.016712145792329058,1,0.9586069643528974,1695,0.8446601941747572,0.17224648506739626
0.0,1695,4,20,True,0.05414891942789951,random_equal,0.0,0.1605867931421017,True,0.10829783885579902,27,4,0.013118653902855725,1,0.9737368256567304,1695,0.883495145631068,0.10829783885579902
0.02147929249257441,831,4,20,False,0.0749866064310052,random_equal,0.0637000837096399,0.22238409893660072,True,0.128493920369436,28,4,0.013056698106830316,1,0.9542691803471282,1695,0.8543689320388349,0.1499732128620104
0.08319520438302469,511,4,20,False,0.1724280188044598,random_equal,0.2467279350691543,0.5113613139505694,True,0.2616608332258949,29,4,0.02575562412185173,1,0.9527958914784234,1695,0.6601941747572816,0.3448560376089196
0.0,1695,4,20,True,0.09670692465702196,random_equal,0.0,0.28679898083625377,True,0.19341384931404393,30,4,0.013249938397042051,1,0.9690851337144099,1695,0.8543689320388349,0.19341384931404393
0.08319520438302469,511,4,20,False,0.1390720837028743,random_equal,0.2467279350691543,0.41243925406806314,True,0.1949489630227239,31,4,0.04381784578103444,1,0.9546888860877184,1695,0.6407766990291263,0.2781441674057486
0.0,1695,4,20,True,0.04938156812750075,posterior_medoid,0.0,0.14644849333480373,True,0.0987631362550015,0,4,0.009463361686688238,1,0.9834863909264245,1695,0.8737864077669902,0.0987631362550015
0.0,1695,4,20,True,0.051025854077035665,acquisition_fw,0.0,0.15132487148665247,True,0.10205170815407133,0,4,0.007944210126590903,1,0.9749212167969268,1695,0.9223300970873787,0.10205170815407133
0.0,1695,8,20,True,0.09127668824325164,random_equal,0.0,0.27069479517744366,True,0.18255337648650327,0,8,0.018637254711232967,1,0.9710319513307695,1695,0.7864077669902912,0.18255337648650327
0.0,1695,8,20,True,0.051758415710071726,random_equal,0.0,0.1534973935733553,True,0.10351683142014345,1,8,0.009437797250649933,1,0.9872151904060401,1695,0.9223300970873787,0.10351683142014345
0.0,1695,8,20,True,0.07999082368197183,random_equal,0.0,0.23722486046997057,True,0.15998164736394366,2,8,0.016631017045581467,1,0.9805527730113921,1695,0.8349514563106796,0.15998164736394366
0.03449606283737916,399,8,20,False,0.11768884402694645,random_equal,0.10230328076000234,0.3490240294832314,True,0.20088162521651373,3,8,0.032298098780923205,1,0.9651726028734692,1695,0.8446601941747572,0.2353776880538929
0.02147929249257441,831,8,20,False,0.09817832185905306,random_equal,0.0637000837096399,0.2911626313136572,True,0.17487735122553172,4,8,0.015989902844057595,1,0.974843835048398,1695,0.8252427184466019,0.19635664371810613
0.03332217293716322,879,8,20,False,0.12271227284874658,random_equal,0.09882193308826188,0.3639217658294686,True,0.21210237276032995,5,8,0.021893018167321456,1,0.9534251965366775,1695,0.8155339805825242,0.24542454569749317
0.02147929249257441,831,8,20,False,0.12404146361604096,random_equal,0.0637000837096399,0.3678636816617524,True,0.2266036347395075,6,8,0.015031477954965716,1,0.9873771427837655,1695,0.8446601941747572,0.24808292723208192
0.0,1695,8,20,True,0.10610503713133423,random_equal,0.0,0.31467050181550693,True,0.21221007426266847,7,8,0.0170749235562587,1,0.9594471190296696,1695,0.8058252427184466,0.21221007426266847
0.018383619271711893,863,8,20,False,0.10127137326712277,random_equal,0.054519397549944226,0.3003355420918113,True,0.18415912726253364,8,8,0.015631815543634592,1,0.9673694750727952,1695,0.8155339805825242,0.20254274653424553
0.0519332205204146,1631,8,20,False,0.09531232104324283,random_equal,0.154015803621337,0.28266307333510077,True,0.13869142156607106,9,8,0.014326920002870095,1,0.9643416641014313,1695,0.8640776699029126,0.19062464208648566
0.02147929249257441,831,8,20,False,0.11384265753000194,random_equal,0.0637000837096399,0.3376175829299778,True,0.20620602256742948,10,8,0.015271517943325716,1,0.9660192968332583,1695,0.8737864077669902,0.2276853150600039
0.0,1695,8,20,True,0.07560643298721784,random_equal,0.0,0.22422228813812364,True,0.15121286597443567,11,8,0.02414081236714837,1,0.9729011594901764,1695,0.8058252427184466,0.15121286597443567
0.04241286638031727,1103,8,20,False,0.17752141286000767,random_equal,0.12578175653252943,0.5264665427571861,True,0.31262995933969806,12,8,0.02656996763952684,1,0.9802967016174978,1695,0.8155339805825242,0.35504282572001533
0.0,1695,8,20,True,0.0522176888407784,random_equal,0.0,0.1548594373595609,True,0.1044353776815568,13,8,0.011580648115709892,1,0.9886282678589567,1695,0.9029126213592233,0.1044353776815568
0.02147929249257441,831,8,20,False,0.13180485758645677,random_equal,0.0637000837096399,0.3908871981931914,True,0.24213042268033913,14,8,0.020533407180898893,1,0.966216752167315,1695,0.8543689320388349,0.26360971517291354
0.0,1695,8,20,True,0.10697732669707119,random_equal,0.0,0.31725740817546727,True,0.21395465339414238,15,8,0.01539830032061366,1,0.950963419812392,1695,0.8446601941747572,0.21395465339414238
0.06509644230289446,1055,8,20,False,0.09547209985878218,random_equal,0.19305332451372204,0.2831369215276519,True,0.1258477574146699,16,8,0.015841309702323735,1,0.9746864102964488,1695,0.8058252427184466,0.19094419971756435
0.06246544544744487,1071,8,20,False,0.12847027176295642,random_equal,0.1852507062482518,0.3809979806518136,True,0.19447509807846797,17,8,0.03149902939204418,1,0.9700477242769837,1695,0.8058252427184466,0.25694054352591283
0.05739831093942538,927,8,20,False,0.08380556847346432,random_equal,0.1702233540931269,0.248538061900278,True,0.11021282600750326,18,8,0.01204656941310877,1,0.9798391348112547,1695,0.8737864077669902,0.16761113694692864
0.0,1695,8,20,True,0.100444984520321,random_equal,0.0,0.297884761538114,True,0.200889969040642,19,8,0.01633073301029869,1,0.9788283650577642,1695,0.8932038834951457,0.200889969040642
0.03332217293716322,879,8,20,False,0.0815660308958987,random_equal,0.09882193308826188,0.2418963752054703,True,0.12980988885463418,20,8,0.014971406710709678,1,0.974681870097815,1695,0.8252427184466019,0.1631320617917974
0.0,1695,8,20,True,0.07516137927631855,random_equal,0.0,0.22290241418746295,True,0.1503227585526371,21,8,0.015255612220345178,1,0.9727945668021304,1695,0.883495145631068,0.1503227585526371
0.0,1695,8,20,True,0.06592109370353266,random_equal,0.0,0.19549895270515735,True,0.13184218740706533,22,8,0.012637086206508535,1,0.9700604815366524,1695,0.8737864077669902,0.13184218740706533
0.03449606283737916,399,8,20,False,0.12369295405093281,random_equal,0.10230328076000234,0.3668301239466333,True,0.21288984526448645,23,8,0.03102622464028136,1,0.935839832364579,1695,0.8155339805825242,0.24738590810186561
0.018383619271711893,863,8,20,False,0.07601677460253928,random_equal,0.054519397549944226,0.2254392181303271,True,0.13364992993336666,24,8,0.011452324174286183,1,0.9746016357075599,1695,0.8349514563106796,0.15203354920507856
0.0,1695,8,20,True,0.06733836944855262,random_equal,0.0,0.19970209783336046,True,0.13467673889710524,25,8,0.011371678098868566,1,0.9808741729741808,1695,0.8640776699029126,0.13467673889710524
0.018383619271711893,863,8,20,False,0.12102290529227755,random_equal,0.054519397549944226,0.35891169136818785,True,0.2236621913128432,26,8,0.019334074899910715,1,0.9562251146823442,1695,0.7378640776699029,0.2420458105845551
0.0,1695,8,20,True,0.12430297223786746,random_equal,0.0,0.3686392249487065,True,0.24860594447573492,27,8,0.016000422176916378,1,0.9829251818627553,1695,0.8349514563106796,0.24860594447573492
0.0,1695,8,20,True,0.15940125574938724,random_equal,0.0,0.4727284820097297,True,0.3188025114987745,28,8,0.02115144489912159,1,0.9710462955644837,1695,0.7864077669902912,0.3188025114987745
0.02147929249257441,831,8,20,False,0.08275353185765624,random_equal,0.0637000837096399,0.2454180885345003,True,0.14402777122273808,29,8,0.022092077976809673,1,0.9689519717839592,1695,0.8640776699029126,0.16550706371531249
0.0,1695,8,20,True,0.042582460984323445,random_equal,0.0,0.12628471492725454,True,0.08516492196864689,30,8,0.007077272844591467,1,0.9870313724316949,1695,0.912621359223301,0.08516492196864689
0.03332217293716322,879,8,20,False,0.17875497648128758,random_equal,0.09882193308826188,0.5301248618551667,True,0.32418778002541193,31,8,0.02531096184435872,1,0.9501754355103816,1695,0.7766990291262136,0.35750995296257515
0.0,1695,8,20,True,0.0544038404887805,posterior_medoid,0.0,0.16134280002282567,True,0.108807680977561,0,8,0.011894776662407326,1,0.9813419768806046,1695,0.8155339805825242,0.108807680977561
0.0,1695,8,20,True,0.03591440679534691,acquisition_fw,0.0,0.10650959383492517,True,0.07182881359069382,0,8,0.005530668622332942,1,0.9886515807312026,1695,0.9514563106796117,0.07182881359069382
0.0,1695,16,20,True,0.06919826012992193,random_equal,0.0,0.20521788435821747,True,0.13839652025984386,0,16,0.011805171283271153,1,0.9516140540253352,1695,0.8640776699029126,0.13839652025984386
0.03449606283737916,399,16,20,False,0.07286025248323652,random_equal,0.10230328076000234,0.21607807537851498,True,0.11122444212909388,1,16,0.013597758267680369,1,0.9817057068614857,1695,0.883495145631068,0.14572050496647304
0.0,1695,16,20,True,0.0828833343305769,random_equal,0.0,0.2458030373587515,True,0.1657666686611538,2,16,0.013453357838598514,1,0.9729717155739286,1695,0.8640776699029126,0.1657666686611538
0.0,1695,16,20,True,0.05169629101536749,random_equal,0.0,0.1533131534148648,True,0.10339258203073498,3,16,0.009904122278210381,1,0.986647914240012,1695,0.9320388349514563,0.10339258203073498
0.0,1695,16,20,True,0.04912962093062123,random_equal,0.0,0.14570130589661492,True,0.09825924186124246,4,16,0.011424569154266893,1,0.9892414782623001,1695,0.9320388349514563,0.09825924186124246
0.0,1695,16,20,True,0.053284540414274925,random_equal,0.0,0.158023346718353,True,0.10656908082854985,5,16,0.009990766310658834,1,0.9862500433623894,1695,0.9223300970873787,0.10656908082854985
0.018383619271711893,863,16,20,False,0.09772797541666772,random_equal,0.054519397549944226,0.2898270609689542,True,0.17707233156162355,6,16,0.015316043794050362,1,0.9840740616647153,1695,0.912621359223301,0.19545595083333545
0.0,1695,16,20,True,0.04896383427022774,random_equal,0.0,0.14520964053339788,True,0.09792766854045548,7,16,0.009824945749321195,1,0.984925216195039,1695,0.941747572815534,0.09792766854045548
0.02147929249257441,831,16,20,False,0.16321957043696017,random_equal,0.0637000837096399,0.48405227050566035,True,0.30495984838134593,8,16,0.025554160611393352,1,0.9813923269849605,1695,0.8155339805825242,0.32643914087392034
0.0,1695,16,20,True,0.043790514789349505,random_equal,0.0,0.1298673808149933,True,0.08758102957869901,9,16,0.007903176940888716,1,0.9731143336903951,1695,0.8932038834951457,0.08758102957869901
0.0,1695,16,20,True,0.07279928634817223,random_equal,0.0,0.21589727110349563,True,0.14559857269634446,10,16,0.012054019951002096,1,0.9885906261198226,1695,0.9029126213592233,0.14559857269634446
0.0,1695,16,20,True,0.09920487135928835,random_equal,0.0,0.29420701879148886,True,0.1984097427185767,11,16,0.015353568025479738,1,0.9601682003615977,1695,0.8349514563106796,0.1984097427185767
0.03332217293716322,879,16,20,False,0.08117686448929418,random_equal,0.09882193308826188,0.24074224349064507,True,0.12903155604142513,12,16,0.010564416606854305,1,0.9824651801130606,1695,0.912621359223301,0.16235372897858835
0.03332217293716322,879,16,20,False,0.05783502812135541,random_equal,0.09882193308826188,0.17151850480891503,True,0.0823478833055476,13,16,0.014441380604279082,1,0.9886344411321144,1695,0.912621359223301,0.11567005624271082
0.03449606283737916,399,16,20,False,0.055121361429571136,random_equal,0.10230328076000234,0.1634707166666157,True,0.07574666002176311,14,16,0.006453342173259348,1,0.9907652317880646,1695,0.9514563106796117,0.11024272285914227
0.0,1695,16,20,True,0.07752864586212,random_equal,0.0,0.22992290053405545,True,0.15505729172424,15,16,0.01171475853662654,1,0.9838840550503862,1695,0.883495145631068,0.15505729172424
0.0,1695,16,20,True,0.038889996358931506,random_equal,0.0,0.11533415378499788,True,0.07777999271786301,16,16,0.007672579892949413,1,0.9681343057587578,1695,0.9320388349514563,0.07777999271786301
0.0,1695,16,20,True,0.035807934148621226,random_equal,0.0,0.1061938331313751,True,0.07161586829724245,17,16,0.009727914794189713,1,0.9751229008021417,1695,0.9320388349514563,0.07161586829724245
0.0,1695,16,20,True,0.04737455225558429,random_equal,0.0,0.14049638485209404,True,0.09474910451116858,18,16,0.007585172504889899,1,0.9814207695831706,1695,0.9320388349514563,0.09474910451116858
0.0,1695,16,20,True,0.04076945609777599,random_equal,0.0,0.12090797530331282,True,0.08153891219555198,19,16,0.008252575740445673,1,0.9806161178627296,1695,0.8932038834951457,0.08153891219555198
0.03449606283737916,399,16,20,False,0.14429259702512903,random_equal,0.10230328076000234,0.42792147424593363,True,0.2540891312128789,20,16,0.021121887975686197,1,0.9802514993999004,1695,0.8932038834951457,0.28858519405025806
0.0,1695,16,20,True,0.03743939332741031,random_equal,0.0,0.11103217155866048,True,0.07487878665482062,21,16,0.008180391563615516,1,0.9817221870840341,1695,0.912621359223301,0.07487878665482062
0.0,1695,16,20,True,0.044610259387632745,random_equal,0.0,0.13229845714347196,True,0.08922051877526549,22,16,0.00873426650462782,1,0.9874216758459333,1695,0.941747572815534,0.08922051877526549
0.03332217293716322,879,16,20,False,0.08822268876958134,random_equal,0.09882193308826188,0.26163769880477455,True,0.14312320460199945,23,16,0.014109781681663248,1,0.9665989391033802,1695,0.8543689320388349,0.17644537753916267
0.08319520438302469,511,16,20,False,0.09769209924863981,random_equal,0.2467279350691543,0.2897206647779554,True,0.11218899411425493,24,16,0.016347817609204816,1,0.9762985524092145,1695,0.7475728155339806,0.19538419849727962
0.03332217293716322,879,16,20,False,0.07022417138069809,random_equal,0.09882193308826188,0.20826037901094846,True,0.10712616982423295,25,16,0.008254217653036817,1,0.9829562452033153,1695,0.9223300970873787,0.14044834276139617
0.04241286638031727,1103,16,20,False,0.055921531910920766,random_equal,0.12578175653252943,0.16584374299704885,True,0.06943019744152426,26,16,0.010907990248658288,1,0.9864944960387341,1695,0.9320388349514563,0.11184306382184153
0.0,1695,16,20,True,0.047755045078452046,random_equal,0.0,0.14162479374526277,True,0.09551009015690409,27,16,0.006859519267055376,1,0.9878128314205304,1695,0.9611650485436893,0.09551009015690409
0.0,1695,16,20,True,0.058693237033052126,random_equal,0.0,0.1740636528641566,True,0.11738647406610425,28,16,0.009366013646668763,1,0.9746270664078455,1695,0.9029126213592233,0.11738647406610425
0.018383619271711893,863,16,20,False,0.04598105428086874,random_equal,0.054519397549944226,0.13636375629045583,True,0.07357848929002558,29,16,0.007857584454709889,1,0.9855033846468354,1695,0.8932038834951457,0.09196210856173748
0.0,1695,16,20,True,0.03985293647930682,random_equal,0.0,0.1181898980464294,True,0.07970587295861364,30,16,0.006041599610501146,1,0.9906313420288484,1695,0.9223300970873787,0.07970587295861364
0.02147929249257441,831,16,20,False,0.03551816030676823,random_equal,0.0637000837096399,0.10533446506842419,True,0.04955702812096205,31,16,0.0067842786909783565,1,0.9886411368773609,1695,0.9029126213592233,0.07103632061353646
0.0,1695,16,20,True,0.05139389133424285,posterior_medoid,0.0,0.15241634151996333,True,0.1027877826684857,0,16,0.010720182370527446,1,0.9921627929375275,1695,0.8932038834951457,0.1027877826684857
0.0,1695,16,20,True,0.022055549773161362,acquisition_fw,0.0,0.06540906164847882,True,0.044111099546322724,0,16,0.0038377734612544505,1,0.992687644090538,1695,0.9805825242718447,0.044111099546322724
0.0,1695,32,20,True,0.04290550359072254,random_equal,0.0,0.12724274653264922,True,0.08581100718144508,0,32,0.005824875766727108,1,0.9941896731150862,1695,0.9611650485436893,0.08581100718144508
0.02147929249257441,831,32,20,False,0.033856540243741295,random_equal,0.0637000837096399,0.1004066799868148,True,0.04623378799490818,1,32,0.005888393352764049,1,0.9862229963513902,1695,0.9223300970873787,0.06771308048748259
0.0,1695,32,20,True,0.027686444402868368,random_equal,0.0,0.08210832953155738,True,0.055372888805736736,2,32,0.008392296324821604,1,0.9947318077565571,1695,0.9320388349514563,0.055372888805736736
0.0,1695,32,20,True,0.05444310331875721,random_equal,0.0,0.16145923987097516,True,0.10888620663751442,3,32,0.00752584816457699,1,0.990759150715864,1695,0.9029126213592233,0.10888620663751442
0.0,1695,32,20,True,0.023446578534930596,random_equal,0.0,0.06953436738645179,True,0.04689315706986119,4,32,0.0039945456367508235,1,0.9951214811309235,1695,0.9611650485436893,0.04689315706986119
0.0,1695,32,20,True,0.046736203017962455,random_equal,0.0,0.1386032638432641,True,0.09347240603592491,5,32,0.00798393810385798,1,0.9841377096616234,1695,0.9029126213592233,0.09347240603592491
0.0,1695,32,20,True,0.04028367028988311,random_equal,0.0,0.11946730417141081,True,0.08056734057976622,6,32,0.005732731766807603,1,0.9929196929442151,1695,0.9320388349514563,0.08056734057976622
0.018383619271711893,863,32,20,False,0.06786555641272149,random_equal,0.054519397549944226,0.2012655503427854,True,0.11734749355373109,7,32,0.008476550992349216,1,0.9900462040229032,1695,0.941747572815534,0.13573111282544298
0.0,1695,32,20,True,0.05565021742791104,random_equal,0.0,0.16503911894877857,True,0.11130043485582208,8,32,0.009179282045900931,1,0.9873394465622478,1695,0.912621359223301,0.11130043485582208
0.0,1695,32,20,True,0.05360223691487054,random_equal,0.0,0.15896552364011132,True,0.10720447382974108,9,32,0.0078191249365421,1,0.9901637434791014,1695,0.941747572815534,0.10720447382974108
0.0,1695,32,20,True,0.031950969043232996,random_equal,0.0,0.0947554209879897,True,0.06390193808646599,10,32,0.0070522704829723785,1,0.9948464191338823,1695,0.9320388349514563,0.06390193808646599
0.0,1695,32,20,True,0.049531323368408875,random_equal,0.0,0.14689261510394963,True,0.09906264673681775,11,32,0.0077214010874109805,1,0.9842203929651723,1695,0.9320388349514563,0.09906264673681775
0.0,1695,32,20,True,0.032744877499823244,random_equal,0.0,0.09710987633888513,True,0.06548975499964649,12,32,0.007101515462974598,1,0.9925583336455128,1695,0.9223300970873787,0.06548975499964649
0.0,1695,32,20,True,0.060731310557747664,random_equal,0.0,0.1801078675036466,True,0.12146262111549533,13,32,0.010910699647848167,1,0.9884137427750214,1695,0.9223300970873787,0.12146262111549533
0.018383619271711893,863,32,20,False,0.0494498739419639,random_equal,0.054519397549944226,0.14665106453684223,True,0.08051612861221591,14,32,0.009113019854866284,1,0.986596237000671,1695,0.912621359223301,0.0988997478839278
0.0,1695,32,20,True,0.062372609259541384,random_equal,0.0,0.18497538652146006,True,0.12474521851908277,15,32,0.009016952210849478,1,0.9846503330119748,1695,0.8446601941747572,0.12474521851908277
0.0,1695,32,20,True,0.024618052564271464,random_equal,0.0,0.07300855042849008,True,0.04923610512854293,16,32,0.004740704318602492,1,0.9882884556444779,1695,0.9611650485436893,0.04923610512854293
0.0,1695,32,20,True,0.05474402702141909,random_equal,0.0,0.16235167452897908,True,0.10948805404283818,17,32,0.008792802557651297,1,0.9844326842713795,1695,0.941747572815534,0.10948805404283818
0.0,1695,32,20,True,0.038392886255469494,random_equal,0.0,0.11385989874543431,True,0.07678577251093899,18,32,0.008053293590021752,1,0.986766740318654,1695,0.9611650485436893,0.07678577251093899
0.0,1695,32,20,True,0.019939317833229248,random_equal,0.0,0.05913305643232506,True,0.039878635666458495,19,32,0.004094115095758718,1,0.9930019124490111,1695,0.9320388349514563,0.039878635666458495
0.0,1695,32,20,True,0.024860503534617037,random_equal,0.0,0.07372757537364764,True,0.049721007069234074,20,32,0.0046229341190507905,1,0.9874698508458974,1695,0.9514563106796117,0.049721007069234074
0.0,1695,32,20,True,0.06064448193866895,random_equal,0.0,0.179850364128914,True,0.1212889638773379,21,32,0.008390409044808787,1,0.9938171295609188,1695,0.941747572815534,0.1212889638773379
0.0,1695,32,20,True,0.05547674369063253,random_equal,0.0,0.16452465639886518,True,0.11095348738126506,22,32,0.013642635112337724,1,0.9871503898971714,1695,0.9223300970873787,0.11095348738126506
0.02147929249257441,831,32,20,False,0.04433490532403961,random_equal,0.0637000837096399,0.13148185310929644,True,0.06719051815550481,23,32,0.009066881653955649,1,0.994456787669042,1695,0.970873786407767,0.08866981064807922
0.0,1695,32,20,True,0.056076306877789805,random_equal,0.0,0.1663027515211482,True,0.11215261375557961,24,32,0.013227705613655128,1,0.982088643978064,1695,0.9029126213592233,0.11215261375557961
0.0,1695,32,20,True,0.04915490340152184,random_equal,0.0,0.14577628487989905,True,0.09830980680304369,25,32,0.007774326056082,1,0.9863877426975056,1695,0.912621359223301,0.09830980680304369
0.0,1695,32,20,True,0.032087329488665356,random_equal,0.0,0.09515981846950487,True,0.06417465897733071,26,32,0.007142411255491556,1,0.990816695288824,1695,0.941747572815534,0.06417465897733071
0.0,1695,32,20,True,0.03188585497503846,random_equal,0.0,0.09456231539123407,True,0.06377170995007692,27,32,0.007292054834121344,1,0.9888849916444701,1695,0.9320388349514563,0.06377170995007692
0.0,1695,32,20,True,0.05540253318256122,random_equal,0.0,0.16430457393674908,True,0.11080506636512244,28,32,0.008846445769184955,1,0.9928901984169063,1695,0.9320388349514563,0.11080506636512244
0.0,1695,32,20,True,0.023504644931520213,random_equal,0.0,0.06970657204937328,True,0.04700928986304043,29,32,0.0037953778036614798,1,0.9961189949013877,1695,0.9611650485436893,0.04700928986304043
0.0,1695,32,20,True,0.03055507613024573,random_equal,0.0,0.09061568987544388,True,0.06111015226049146,30,32,0.006291317792031643,1,0.9948648732950982,1695,0.970873786407767,0.06111015226049146
0.0,1695,32,20,True,0.08554959439188639,random_equal,0.0,0.25371023398339826,True,0.17109918878377278,31,32,0.013367719207627386,1,0.9786140537124107,1695,0.9320388349514563,0.17109918878377278
0.0,1695,32,20,True,0.04857251322512479,posterior_medoid,0.0,0.14404911891291064,True,0.09714502645024958,0,32,0.008961227628112708,1,0.9954731453593125,1695,0.9029126213592233,0.09714502645024958
0.0,1695,32,20,True,0.013304115496317381,acquisition_fw,0.0,0.039455362465552056,True,0.026608230992634763,0,32,0.002363735094784795,1,0.9963586587159119,1695,0.9805825242718447,0.026608230992634763
0.0,1695,64,20,True,0.03148026546848348,random_equal,0.0,0.09335947849480299,True,0.06296053093696696,0,64,0.007069473970697731,1,0.9925114592378341,1695,0.941747572815534,0.06296053093696696
0.0,1695,64,20,True,0.017368868371043122,random_equal,0.0,0.05151000059986407,True,0.034737736742086245,1,64,0.003384301009997178,1,0.9975440361269502,1695,0.970873786407767,0.034737736742086245
0.0,1695,64,20,True,0.03236594958499869,random_equal,0.0,0.09598610841670668,True,0.06473189916999739,2,64,0.00568375957920444,1,0.9923727205464771,1695,0.9223300970873787,0.06473189916999739
0.02147929249257441,831,64,20,False,0.019633138568810216,random_equal,0.0637000837096399,0.058225035612719814,True,0.017786984645046022,3,64,0.004280689561169123,1,0.9961101282427022,1695,0.9611650485436893,0.03926627713762043
0.0,1695,64,20,True,0.03258509998595249,random_equal,0.0,0.09663603200662867,True,0.06517019997190499,4,64,0.005355622423114872,1,0.9949760229455884,1695,0.970873786407767,0.06517019997190499
0.0,1695,64,20,True,0.02481924933899518,random_equal,0.0,0.07360522983012499,True,0.04963849867799036,5,64,0.0066269703600426,1,0.9971008666398208,1695,0.970873786407767,0.04963849867799036
0.0,1695,64,20,True,0.01697892825311892,random_equal,0.0,0.050353574327345746,True,0.03395785650623784,6,64,0.003306745933418799,1,0.9950521683631047,1695,0.9611650485436893,0.03395785650623784
0.0,1695,64,20,True,0.023582879845066546,random_equal,0.0,0.06993858949332031,True,0.04716575969013309,7,64,0.0044020597559173424,1,0.996240397018885,1695,0.9514563106796117,0.04716575969013309
0.0,1695,64,20,True,0.01889114665414672,random_equal,0.0,0.056024546602558956,True,0.03778229330829344,8,64,0.004044855037379831,1,0.9940026658258239,1695,0.9514563106796117,0.03778229330829344
0.0,1695,64,20,True,0.018854727726009157,random_equal,0.0,0.05591654077453738,True,0.037709455452018315,9,64,0.003479294558454323,1,0.9963067858987836,1695,0.9514563106796117,0.037709455452018315
0.0,1695,64,20,True,0.01661063647301181,random_equal,0.0,0.04926134946796056,True,0.03322127294602362,10,64,0.0033422161055535774,1,0.997041503193439,1695,0.9805825242718447,0.03322127294602362
0.0,1695,64,20,True,0.05988128414353444,random_equal,0.0,0.17758698587965893,True,0.11976256828706888,11,64,0.008490665455344205,1,0.9969802985218881,1695,0.9223300970873787,0.11976256828706888
0.0,1695,64,20,True,0.021432431786342104,random_equal,0.0,0.0635611112127235,True,0.04286486357268421,12,64,0.0050530449003727594,1,0.9958317442172456,1695,0.9805825242718447,0.04286486357268421
0.0,1695,64,20,True,0.042508850999668446,random_equal,0.0,0.12606641340796523,True,0.08501770199933689,13,64,0.0059693329901487876,1,0.9956803991405129,1695,0.9320388349514563,0.08501770199933689
0.0,1695,64,20,True,0.03233281233301449,random_equal,0.0,0.09588783489461415,True,0.06466562466602899,14,64,0.009137941118304946,1,0.9963188097417497,1695,0.941747572815534,0.06466562466602899
0.0,1695,64,20,True,0.013886841436705127,random_equal,0.0,0.041183524191331,True,0.027773682873410255,15,64,0.003521584353331261,1,0.9923152067071694,1695,0.9611650485436893,0.027773682873410255
0.0,1695,64,20,True,0.047550077040766164,random_equal,0.0,0.14101693009412505,True,0.09510015408153233,16,64,0.007192231598152194,1,0.9952141556654349,1695,0.941747572815534,0.09510015408153233
0.0,1695,64,20,True,0.0544913903791448,random_equal,0.0,0.16160244243641558,True,0.1089827807582896,17,64,0.010567624974657085,1,0.9928987535481165,1695,0.9320388349514563,0.1089827807582896
0.0,1695,64,20,True,0.016051227229959025,random_equal,0.0,0.04760233692726688,True,0.03210245445991805,18,64,0.00316349192000108,1,0.9969354008468453,1695,0.970873786407767,0.03210245445991805
0.0,1695,64,20,True,0.03855747549463229,random_equal,0.0,0.11434801297526755,True,0.07711495098926457,19,64,0.005370589807367269,1,0.9952012042249632,1695,0.9611650485436893,0.07711495098926457
0.0,1695,64,20,True,0.04048356041681586,random_equal,0.0,0.12006010851181209,True,0.08096712083363172,20,64,0.007607073534043516,1,0.9962769058038369,1695,0.9223300970873787,0.08096712083363172
0.0,1695,64,20,True,0.021622399372758838,random_equal,0.0,0.06412448876163707,True,0.043244798745517676,21,64,0.004034040714948971,1,0.9952900384499226,1695,0.970873786407767,0.043244798745517676
0.0,1695,64,20,True,0.015104807405648901,random_equal,0.0,0.04479558609718906,True,0.030209614811297802,22,64,0.003979640176545717,1,0.9982657321319242,1695,0.9902912621359223,0.030209614811297802
0.0,1695,64,20,True,0.03131150381575551,random_equal,0.0,0.09285899034280891,True,0.06262300763151102,23,64,0.010509067048337824,1,0.9967574627789768,1695,0.9805825242718447,0.06262300763151102
0.0,1695,64,20,True,0.017636281626594336,random_equal,0.0,0.052303054969302376,True,0.03527256325318867,24,64,0.0032911370134107863,1,0.995465569514023,1695,0.9611650485436893,0.03527256325318867
0.0,1695,64,20,True,0.022378321113231014,random_equal,0.0,0.06636628877263188,True,0.04475664222646203,25,64,0.004267293835354444,1,0.9958613938098,1695,0.941747572815534,0.04475664222646203
0.0,1695,64,20,True,0.02216246606958505,random_equal,0.0,0.06572613806216741,True,0.0443249321391701,26,64,0.0031835397715257465,1,0.9956611514922743,1695,0.9805825242718447,0.0443249321391701
0.0,1695,64,20,True,0.04965120662071992,random_equal,0.0,0.14724814698239666,True,0.09930241324143985,27,64,0.009937278671812416,1,0.9957563112616686,1695,0.941747572815534,0.09930241324143985
0.0,1695,64,20,True,0.020570952387859387,random_equal,0.0,0.06100626403531062,True,0.041141904775718774,28,64,0.00472663460104447,1,0.9943192531780609,1695,0.9514563106796117,0.041141904775718774
0.0,1695,64,20,True,0.021197127925832615,random_equal,0.0,0.06286328210048259,True,0.04239425585166523,29,64,0.003807307168505749,1,0.9934666318143324,1695,0.9611650485436893,0.04239425585166523
0.0,1695,64,20,True,0.02311464311674649,random_equal,0.0,0.06854996280553594,True,0.04622928623349298,30,64,0.003630678095680213,1,0.9957147579667888,1695,0.9611650485436893,0.04622928623349298
0.0,1695,64,20,True,0.014344752635558039,random_equal,0.0,0.042541528963070854,True,0.028689505271116078,31,64,0.002473764403485075,1,0.9961727005617801,1695,0.9805825242718447,0.028689505271116078
0.0,1695,64,20,True,0.020589779300327127,posterior_medoid,0.0,0.06106209808573866,True,0.041179558600654254,0,64,0.004002821393632804,1,0.9982837797707393,1695,0.9514563106796117,0.041179558600654254
0.0,1695,64,20,True,0.010638592590200002,acquisition_fw,0.0,0.03155035198588477,True,0.021277185180400005,0,64,0.0016692215130022093,1,0.9977031051292968,1695,1.0,0.021277185180400005
0.01225338876362242,1695,4,24,False,0.04042221699458837,random_equal,0.048322294273394725,0.15940849527229656,True,0.06859104522555431,0,4,0.005382954943407263,1,0.9887172473702723,927,0.9029126213592233,0.08084443398917673
0.01225338876362242,1695,4,24,False,0.06653116798978898,random_equal,0.048322294273394725,0.262371392924354,True,0.12080894721595553,1,4,0.007664376236071541,1,0.9895344607725944,927,0.9223300970873787,0.13306233597957795
0.019835000220997323,287,4,24,False,0.06484124083553931,random_equal,0.07822103224516747,0.2557070195968149,True,0.1098474814500813,2,4,0.008732869363278686,1,0.9724883548515093,927,0.7572815533980582,0.12968248167107863
0.017037731635424186,863,4,24,False,0.061750371852008754,random_equal,0.06718976258080502,0.24351791146812463,True,0.10646301206859332,3,4,0.006281324272233888,1,0.9890845033392619,927,0.9320388349514563,0.12350074370401751
0.038341032982287,1823,4,24,False,0.10723708447243184,random_equal,0.15120116681650858,0.4228986815697687,True,0.17613313596257668,4,4,0.011753900820131133,1,0.9774865868841915,927,0.8058252427184466,0.21447416894486368
0.0,927,4,24,True,0.1098376895263311,random_equal,0.0,0.43315439165353553,True,0.2196753790526622,5,4,0.012852175401960292,1,0.979754332282682,927,0.7281553398058253,0.2196753790526622
0.0,927,4,24,True,0.09929245900362788,random_equal,0.0,0.39156836656865057,True,0.19858491800725575,6,4,0.012224563495175153,1,0.9692700119997592,927,0.7961165048543689,0.19858491800725575
0.009999113197482784,1055,4,24,False,0.1843098165334781,random_equal,0.03943236436243678,0.7268416406118495,True,0.3586205198694734,7,4,0.01635700423600923,1,0.9833720016695863,927,0.8640776699029126,0.3686196330669562
0.0,927,4,24,True,0.05973027243179124,random_equal,0.0,0.23555147536392915,True,0.11946054486358249,8,4,0.011456834109297853,1,0.984037305613561,927,0.9029126213592233,0.11946054486358249
0.01912933235846312,1791,4,24,False,0.03907642657999329,random_equal,0.07543817023283264,0.15410125482649908,True,0.059023520801523455,9,4,0.005878911521776892,1,0.9894195713954144,927,0.912621359223301,0.07815285315998657
0.01225338876362242,1695,4,24,False,0.08670465277644657,random_equal,0.048322294273394725,0.34192726821615654,True,0.16115591678927071,10,4,0.008504790001425783,1,0.9919226541483771,927,0.7864077669902912,0.17340930555289313
0.038341032982287,1823,4,24,False,0.126061580474607,random_equal,0.15120116681650858,0.49713470336856913,True,0.213782127966927,11,4,0.011365061437167367,1,0.9845369356139149,927,0.8446601941747572,0.252123160949214
0.01225338876362242,1695,4,24,False,0.08733511526945256,random_equal,0.048322294273394725,0.34441355137447915,True,0.1624168417752827,12,4,0.010214183994741397,1,0.9841020097305203,927,0.7864077669902912,0.17467023053890512
0.017037731635424186,863,4,24,False,0.05897080497413945,random_equal,0.06718976258080502,0.23255645001317324,True,0.10090387831285472,13,4,0.0068646119795509,1,0.9855031248077752,927,0.8543689320388349,0.1179416099482789
0.050186803712030104,879,4,24,False,0.07320957444399104,random_equal,0.19791598425519003,0.28870826415097844,True,0.09623234517595197,14,4,0.011702386192384494,1,0.9939374406337598,927,0.8640776699029126,0.14641914888798208
0.01225338876362242,1695,4,24,False,0.035993696568221434,random_equal,0.048322294273394725,0.14194424343414794,True,0.05973400437282045,15,4,0.005119810217868109,1,0.99185736469504,927,0.9223300970873787,0.07198739313644287
0.01225338876362242,1695,4,24,False,0.05292049542366567,random_equal,0.048322294273394725,0.20869653303974867,True,0.09358760208370892,16,4,0.006157099568630082,1,0.9866241627147289,927,0.9029126213592233,0.10584099084733134
0.017037731635424186,863,4,24,False,0.08285751325598897,random_equal,0.06718976258080502,0.3267557420690174,True,0.14867729487655376,17,4,0.009913396765564344,1,0.9880995540446471,927,0.9029126213592233,0.16571502651197795
0.0,927,4,24,True,0.14807185127425712,random_equal,0.0,0.5839341025499085,True,0.29614370254851424,18,4,0.01578227286056757,1,0.9711419792029512,927,0.7572815533980582,0.29614370254851424
0.01225338876362242,1695,4,24,False,0.0679532633046156,random_equal,0.048322294273394725,0.2679795483182218,True,0.12365313784560877,19,4,0.00745329019257614,1,0.991978071114408,927,0.8737864077669902,0.1359065266092312
0.009999113197482784,1055,4,24,False,0.07874749669133013,random_equal,0.03943236436243678,0.3105475376500418,True,0.14749588018517748,20,4,0.010158231458464726,1,0.9789041165257375,927,0.8446601941747572,0.15749499338266026
0.0,927,4,24,True,0.09479533606537452,random_equal,0.0,0.3738335748144657,True,0.18959067213074904,21,4,0.013099717101593524,1,0.9868542152779914,927,0.8543689320388349,0.18959067213074904
0.0,927,4,24,True,0.10515358883852371,random_equal,0.0,0.41468223703501794,True,0.21030717767704743,22,4,0.0131033181118279,1,0.9850495924918874,927,0.7475728155339806,0.21030717767704743
0.0,927,4,24,True,0.08336136858603366,random_equal,0.0,0.3287427389724307,True,0.16672273717206731,23,4,0.008069538978570798,1,0.9868951385329995,927,0.8446601941747572,0.16672273717206731
0.0,927,4,24,True,0.06904981176652678,random_equal,0.0,0.27230388165030533,True,0.13809962353305355,24,4,0.008061724601362584,1,0.980269141913299,927,0.8932038834951457,0.13809962353305355
0.0,927,4,24,True,0.11630024146766857,random_equal,0.0,0.4586400220118502,True,0.23260048293533714,25,4,0.012885477036508651,1,0.9835533525698431,927,0.6893203883495146,0.23260048293533714
0.0,927,4,24,True,0.03878688665382399,random_equal,0.0,0.15295942918249547,True,0.07757377330764798,26,4,0.004737265320888074,1,0.9954087793125285,927,0.9320388349514563,0.07757377330764798
0.01225338876362242,1695,4,24,False,0.06976729909434135,random_equal,0.048322294273394725,0.2751333547422729,True,0.12728120942506027,27,4,0.00820802895603073,1,0.9856861632649395,927,0.8737864077669902,0.1395345981886827
0.0,927,4,24,True,0.06046194277364611,random_equal,0.0,0.23843688039369448,True,0.12092388554729222,28,4,0.011925427245732046,1,0.9786306331208369,927,0.8640776699029126,0.12092388554729222
0.050186803712030104,879,4,24,False,0.10238594144081917,random_equal,0.19791598425519003,0.4037677810770126,True,0.15458507916960823,29,4,0.017923050130493532,1,0.9726492804458513,927,0.6504854368932039,0.20477188288163833
0.0,927,4,24,True,0.08563354964141318,random_equal,0.0,0.3377032807228439,True,0.17126709928282635,30,4,0.011362144051449715,1,0.9790295964401,927,0.7572815533980582,0.17126709928282635
0.0,927,4,24,True,0.04163712047117804,random_equal,0.0,0.1641995718015767,True,0.08327424094235608,31,4,0.004911883591824391,1,0.994620194307314,927,0.941747572815534,0.08327424094235608
0.009999113197482784,1055,4,24,False,0.03718333490274113,posterior_medoid,0.03943236436243678,0.14663568469897056,True,0.06436755660799948,0,4,0.006341181253226281,1,0.987789514357332,927,0.9029126213592233,0.07436666980548226
0.0,927,4,24,True,0.02584922168986529,acquisition_fw,0.0,0.10193863275963046,True,0.05169844337973058,0,4,0.0036955370122552073,1,0.993147204393227,927,0.9320388349514563,0.05169844337973058
0.017037731635424186,863,8,24,False,0.04039609898413571,random_equal,0.06718976258080502,0.1593054966478935,True,0.06375446633284723,0,8,0.006304373372630243,1,0.9901784690895008,927,0.8543689320388349,0.08079219796827142
0.0,927,8,24,True,0.05554361242256908,random_equal,0.0,0.21904102091814376,True,0.11108722484513817,1,8,0.005946257745422882,1,0.9827719145357704,927,0.8932038834951457,0.11108722484513817
0.01225338876362242,1695,8,24,False,0.03344301916243006,random_equal,0.048322294273394725,0.13188542733218395,True,0.0546326495612377,2,8,0.006608974517288937,1,0.9903191188552367,927,0.9320388349514563,0.06688603832486012
0.0,927,8,24,True,0.047935139271911634,random_equal,0.0,0.1890363515446567,True,0.09587027854382327,3,8,0.006999375269275128,1,0.9901813370980532,927,0.883495145631068,0.09587027854382327
0.0,927,8,24,True,0.048548735541455015,random_equal,0.0,0.19145612129765416,True,0.09709747108291003,4,8,0.004889573984595305,1,0.9915941323601623,927,0.912621359223301,0.09709747108291003
0.017037731635424186,863,8,24,False,0.04166649542448789,random_equal,0.06718976258080502,0.16431541446073725,True,0.06629525921355159,5,8,0.00531612235596806,1,0.9915936224609311,927,0.8640776699029126,0.08333299084897577
0.01225338876362242,1695,8,24,False,0.04057678718933927,random_equal,0.048322294273394725,0.16001805615220788,True,0.06890018561505612,6,8,0.004381251823888405,1,0.9885738399577355,927,0.941747572815534,0.08115357437867854
0.0,927,8,24,True,0.07057934882363842,random_equal,0.0,0.278335742811459,True,0.14115869764727684,7,8,0.01114474715554733,1,0.9877087211733988,927,0.7669902912621359,0.14115869764727684
0.01225338876362242,1695,8,24,False,0.054758681409028884,random_equal,0.048322294273394725,0.2159455778409431,True,0.09726397405443535,8,8,0.011259884115776525,1,0.9921624227367158,927,0.883495145631068,0.10951736281805777
0.01225338876362242,1695,8,24,False,0.07482278629891029,random_equal,0.048322294273394725,0.2950701040862432,True,0.13739218383419816,9,8,0.011772639052931713,1,0.9856900664387804,927,0.8349514563106796,0.14964557259782058
0.009999113197482784,1055,8,24,False,0.04575839813063379,random_equal,0.03943236436243678,0.18045218531807747,True,0.08151768306378479,10,8,0.004345684669410413,1,0.9905240983461675,927,0.912621359223301,0.09151679626126757
0.0,927,8,24,True,0.03371423672312812,random_equal,0.0,0.13295499714939832,True,0.06742847344625624,11,8,0.004826913620121248,1,0.9913519358132926,927,0.9029126213592233,0.06742847344625624
0.009999113197482784,1055,8,24,False,0.0935481634221223,random_equal,0.03943236436243678,0.3689152420463193,True,0.17709721364676181,12,8,0.01858243291312886,1,0.9896657283924768,927,0.912621359223301,0.1870963268442446
0.0,927,8,24,True,0.04552075595052796,random_equal,0.0,0.17951502290689725,True,0.09104151190105592,13,8,0.005044213142505173,1,0.9886152423783225,927,0.9320388349514563,0.09104151190105592
0.0,927,8,24,True,0.11528057550220369,random_equal,0.0,0.45461888142827234,True,0.23056115100440738,14,8,0.011698050038979687,1,0.9793044768291957,927,0.8543689320388349,0.23056115100440738
0.01225338876362242,1695,8,24,False,0.07265089714981782,random_equal,0.048322294273394725,0.2865050721088677,True,0.13304840553601321,15,8,0.008531209276561813,1,0.9912597418413442,927,0.8737864077669902,0.14530179429963563
0.0,927,8,24,True,0.03718157896661767,random_equal,0.0,0.14662876001358596,True,0.07436315793323534,16,8,0.004227106394464901,1,0.9887189237513064,927,0.9029126213592233,0.07436315793323534
0.0,927,8,24,True,0.042971853034129176,random_equal,0.0,0.16946320465673312,True,0.08594370606825835,17,8,0.0038424472688804966,1,0.9951719821095724,927,0.941747572815534,0.08594370606825835
0.01225338876362242,1695,8,24,False,0.053975362667445084,random_equal,0.048322294273394725,0.2128564928971069,True,0.09569733657126775,18,8,0.007183369391278462,1,0.9836290244097173,927,0.7961165048543689,0.10795072533489017
0.009999113197482784,1055,8,24,False,0.046832969974505895,random_equal,0.03943236436243678,0.18468985196354035,True,0.083666826751529,19,8,0.005530918912497161,1,0.9871270281304787,927,0.883495145631068,0.09366593994901179
0.038341032982287,1823,8,24,False,0.08010180823192697,random_equal,0.15120116681650858,0.31588838189036017,True,0.12186258348156695,20,8,0.00972434006763079,1,0.9826105153637865,927,0.8543689320388349,0.16020361646385395
0.01225338876362242,1695,8,24,False,0.06273069738117043,random_equal,0.048322294273394725,0.2473839096517869,True,0.11320800599871844,21,8,0.007381656763994793,1,0.9906714997365178,927,0.912621359223301,0.12546139476234086
0.0,927,8,24,True,0.03885133616149522,random_equal,0.0,0.15321359136860926,True,0.07770267232299044,22,8,0.005698103620509246,1,0.9905940397568739,927,0.9223300970873787,0.07770267232299044
0.0,927,8,24,True,0.01833887373483742,random_equal,0.0,0.07232092854903155,True,0.03667774746967484,23,8,0.0037629431571510894,1,0.9937201662849288,927,0.941747572815534,0.03667774746967484
0.0,927,8,24,True,0.03551780268420862,random_equal,0.0,0.14006751490216449,True,0.07103560536841724,24,8,0.0036731140481390087,1,0.9861211198819865,927,0.9514563106796117,0.07103560536841724
0.0,927,8,24,True,0.03778624793529267,random_equal,0.0,0.14901332418648222,True,0.07557249587058534,25,8,0.0047999571655108295,1,0.9893150266861981,927,0.941747572815534,0.07557249587058534
0.01912933235846312,1791,8,24,False,0.05129812296679238,random_equal,0.07543817023283264,0.2022985674814515,True,0.08346691357512163,26,8,0.00790009562420961,1,0.9882749551892175,927,0.8058252427184466,0.10259624593358475
0.0,927,8,24,True,0.031456343004575726,random_equal,0.0,0.1240507987426807,True,0.06291268600915145,27,8,0.00511216496738232,1,0.9837253031634519,927,0.9223300970873787,0.06291268600915145
0.01225338876362242,1695,8,24,False,0.0376832772010641,random_equal,0.048322294273394725,0.1486072502246642,True,0.06311316563850577,28,8,0.006371396297127114,1,0.9897596951373685,927,0.8543689320388349,0.0753665544021282
0.0,927,8,24,True,0.02965246925344725,random_equal,0.0,0.11693706719334285,True,0.0593049385068945,29,8,0.0033411552051099114,1,0.9941281094185973,927,0.9514563106796117,0.0593049385068945
0.0,927,8,24,True,0.0498271428794943,random_equal,0.0,0.19649763077570154,True,0.0996542857589886,30,8,0.006114052791157744,1,0.9918620501800299,927,0.9029126213592233,0.0996542857589886
0.0,927,8,24,True,0.05060504571896379,random_equal,0.0,0.19956535764294586,True,0.10121009143792759,31,8,0.007340179841743261,1,0.9902491620777042,927,0.883495145631068,0.10121009143792759
0.009999113197482784,1055,8,24,False,0.03831146682523892,posterior_medoid,0.03943236436243678,0.15108457012893328,True,0.06662382045299506,0,8,0.005748878821487026,1,0.9914746874175222,927,0.9029126213592233,0.07662293365047784
0.0,927,8,24,True,0.02070585940902784,acquisition_fw,0.0,0.08165534048156588,True,0.04141171881805568,0,8,0.0024235729956871748,1,0.9955915984431742,927,0.9514563106796117,0.04141171881805568
0.01225338876362242,1695,16,24,False,0.029918428259180244,random_equal,0.048322294273394725,0.11798589944600452,True,0.04758346775473807,0,16,0.0042241165427593305,1,0.9935896223028595,927,0.9320388349514563,0.05983685651836049
0.017037731635424186,863,16,24,False,0.04408398854251225,random_equal,0.06718976258080502,0.17384900684947208,True,0.07113024544960031,1,16,0.005308924446827972,1,0.9921603468182021,927,0.912621359223301,0.0881679770850245
0.0,927,16,24,True,0.05255170523188088,random_equal,0.0,0.20724217714552678,True,0.10510341046376176,2,16,0.0049415930199466,1,0.9912401659018198,927,0.912621359223301,0.10510341046376176
0.01225338876362242,1695,16,24,False,0.03901674181780532,random_equal,0.048322294273394725,0.15386588282470257,True,0.06578009487198822,3,16,0.0043639719156322405,1,0.9943894111213176,927,0.9320388349514563,0.07803348363561063
0.0,927,16,24,True,0.021948719536072206,random_equal,0.0,0.08655666647050414,True,0.04389743907214441,4,16,0.0037301342148945873,1,0.9940463816522377,927,0.9223300970873787,0.04389743907214441
0.0,927,16,24,True,0.03174153936911438,random_equal,0.0,0.12517549517717666,True,0.06348307873822875,5,16,0.004680118909920302,1,0.9885174464997523,927,0.9223300970873787,0.06348307873822875
0.0,927,16,24,True,0.029975641584813306,random_equal,0.0,0.11821152512482147,True,0.05995128316962661,6,16,0.003388122882061539,1,0.9928777317299503,927,0.9320388349514563,0.05995128316962661
0.01225338876362242,1695,16,24,False,0.04027456383899512,random_equal,0.048322294273394725,0.15882621233223723,True,0.06829573891436783,7,16,0.003369343135771912,1,0.9926376683779463,927,0.941747572815534,0.08054912767799025
0.0,927,16,24,True,0.0266561985930885,random_equal,0.0,0.10512101570214773,True,0.053312397186177,8,16,0.004218946500274161,1,0.9913993410749655,927,0.941747572815534,0.053312397186177
0.0,927,16,24,True,0.03283031843346497,random_equal,0.0,0.1294691892206118,True,0.06566063686692994,9,16,0.005589058730041533,1,0.9930610412020485,927,0.9223300970873787,0.06566063686692994
0.0,927,16,24,True,0.017723385837410816,random_equal,0.0,0.06989369899850444,True,0.03544677167482163,10,16,0.0025049476789159616,1,0.9913888022261983,927,0.9611650485436893,0.03544677167482163
0.009999113197482784,1055,16,24,False,0.03432687722688338,random_equal,0.03943236436243678,0.13537099775766684,True,0.058654641256283974,11,16,0.004871291293268484,1,0.9917855303707495,927,0.8932038834951457,0.06865375445376676
0.0,927,16,24,True,0.04822653231530877,random_equal,0.0,0.1901854851161026,True,0.09645306463061754,12,16,0.004341194476597422,1,0.9951055177925273,927,0.941747572815534,0.09645306463061754
0.0,927,16,24,True,0.018731472167058144,random_equal,0.0,0.07386917429059855,True,0.03746294433411629,13,16,0.002462222979723042,1,0.9935992293631685,927,0.9514563106796117,0.03746294433411629
0.0,927,16,24,True,0.06696198405537315,random_equal,0.0,0.2640703531957092,True,0.1339239681107463,14,16,0.006910218595206788,1,0.9921597111903934,927,0.8640776699029126,0.1339239681107463
0.01225338876362242,1695,16,24,False,0.04742446790171284,random_equal,0.048322294273394725,0.1870224749996634,True,0.08259554703980326,15,16,0.0053650193037213184,1,0.9843600061686352,927,0.941747572815534,0.09484893580342568
0.01225338876362242,1695,16,24,False,0.050819280821507995,random_equal,0.048322294273394725,0.20041021222713776,True,0.08938517287939357,16,16,0.005041554219434521,1,0.9924278874523373,927,0.9611650485436893,0.10163856164301599
0.01503947662458574,1631,16,24,False,0.07607342248977197,random_equal,0.059309471786989115,0.30000209565278757,True,0.1371073683549582,17,16,0.008564242009065913,1,0.9924506261640792,927,0.8446601941747572,0.15214684497954395
0.0,927,16,24,True,0.036298141010902535,random_equal,0.0,0.14314484632310637,True,0.07259628202180507,18,16,0.004254450379943894,1,0.9951216795026792,927,0.941747572815534,0.07259628202180507
0.01503947662458574,1631,16,24,False,0.06482624472027318,random_equal,0.059309471786989115,0.2556478811242807,True,0.11461301281596062,19,16,0.008330400336379112,1,0.9854281835906349,927,0.883495145631068,0.12965248944054636
0.0,927,16,24,True,0.029584602871862778,random_equal,0.0,0.11666943027057326,True,0.059169205743725556,20,16,0.005551548543200538,1,0.9953376881838295,927,0.9514563106796117,0.059169205743725556
0.01503947662458574,1631,16,24,False,0.039206902863141185,random_equal,0.059309471786989115,0.15461579929020608,True,0.06337432910169663,21,16,0.0042709744811188066,1,0.9942778046569956,927,0.9223300970873787,0.07841380572628237
0.0,927,16,24,True,0.04447923180856245,random_equal,0.0,0.17540768272110982,True,0.0889584636171249,22,16,0.005506955944263645,1,0.987758600494081,927,0.9029126213592233,0.0889584636171249
0.0,927,16,24,True,0.049327146073497696,random_equal,0.0,0.19452585029430083,True,0.09865429214699539,23,16,0.004693672986086147,1,0.9961217609300939,927,0.9320388349514563,0.09865429214699539
0.009999113197482784,1055,16,24,False,0.04875227725180345,random_equal,0.03943236436243678,0.19225880556843866,True,0.08750544130612412,24,16,0.006104684619688901,1,0.9969453669320921,927,0.9320388349514563,0.0975045545036069
0.0,927,16,24,True,0.018860768239845505,random_equal,0.0,0.07437906449306839,True,0.03772153647969101,25,16,0.0024670367017552066,1,0.9914108270790166,927,0.9514563106796117,0.03772153647969101
0.017037731635424186,863,16,24,False,0.0192459821019981,random_equal,0.06718976258080502,0.07589818854635809,True,0.021454232568572013,26,16,0.002826814843236049,1,0.9947203566771107,927,0.9514563106796117,0.0384919642039962
0.019835000220997323,287,16,24,False,0.05597928433552865,random_equal,0.07822103224516747,0.2207591306419767,True,0.09212356845005998,27,16,0.008297169162570709,1,0.9895740121891231,927,0.9029126213592233,0.1119585686710573
0.01225338876362242,1695,16,24,False,0.033948800045127764,random_equal,0.048322294273394725,0.13388001781837944,True,0.05564421132663311,28,16,0.004028285967975987,1,0.9917177291398297,927,0.9223300970873787,0.06789760009025553
0.0,927,16,24,True,0.030731819950298223,random_equal,0.0,0.12119357965724736,True,0.061463639900596445,29,16,0.004093106798257513,1,0.9915580035549115,927,0.9320388349514563,0.061463639900596445
0.009999113197482784,1055,16,24,False,0.04526816243796154,random_equal,0.03943236436243678,0.17851889862803477,True,0.0805372116784403,30,16,0.004739668837168279,1,0.9959995499587477,927,0.9223300970873787,0.09053632487592309
0.0,927,16,24,True,0.02841443093928237,random_equal,0.0,0.11205475643891552,True,0.05682886187856474,31,16,0.0033825154237276485,1,0.9938237973664815,927,0.9223300970873787,0.05682886187856474
0.0,927,16,24,True,0.020346510561998918,posterior_medoid,0.0,0.0802382173438027,True,0.040693021123997836,0,16,0.004133647104386727,1,0.9914256714330726,927,0.9223300970873787,0.040693021123997836
0.0,927,16,24,True,0.008482777518117768,acquisition_fw,0.0,0.03345256397178445,True,0.016965555036235536,0,16,0.0013049255185511562,1,0.9973025981424984,927,0.970873786407767,0.016965555036235536
0.0,927,32,24,True,0.021030500114080725,random_equal,0.0,0.08293558907118545,True,0.04206100022816145,0,32,0.00261600913716544,1,0.9958932646072245,927,0.941747572815534,0.04206100022816145
0.0,927,32,24,True,0.01790652057320527,random_equal,0.0,0.0706159066069835,True,0.03581304114641054,1,32,0.0028950200512221852,1,0.9945195695357489,927,0.9805825242718447,0.03581304114641054
0.01225338876362242,1695,32,24,False,0.01807941704692695,random_equal,0.048322294273394725,0.07129773874690667,True,0.02390544533023148,2,32,0.002987256377640507,1,0.9964593351758924,927,0.941747572815534,0.0361588340938539
0.0,927,32,24,True,0.014664365172564794,random_equal,0.0,0.05783018745842122,True,0.02932873034512959,3,32,0.0022380816765279325,1,0.9959034779586741,927,0.9611650485436893,0.02932873034512959
0.01225338876362242,1695,32,24,False,0.0347366143436221,random_equal,0.048322294273394725,0.1369868313782046,True,0.057219839923621785,4,32,0.005107602886600487,1,0.9942805287761759,927,0.9029126213592233,0.0694732286872442
0.01225338876362242,1695,32,24,False,0.02662153312868301,random_equal,0.048322294273394725,0.10498430945668044,True,0.040989677493743604,5,32,0.002915359782818042,1,0.9956466032988676,927,0.9320388349514563,0.05324306625736602
0.0,927,32,24,True,0.018431581999422464,random_equal,0.0,0.07268653157765283,True,0.03686316399884493,6,32,0.0027889915574561912,1,0.9962509833651148,927,0.9223300970873787,0.03686316399884493
0.0,927,32,24,True,0.019650947635268923,random_equal,0.0,0.07749520501639702,True,0.039301895270537845,7,32,0.0025113026381989693,1,0.9965475449489165,927,0.941747572815534,0.039301895270537845
0.0,927,32,24,True,0.02801578449952502,random_equal,0.0,0.11048265985856504,True,0.05603156899905004,8,32,0.0036537123605391224,1,0.9953279274552591,927,0.9223300970873787,0.05603156899905004
0.0,927,32,24,True,0.012265244006948284,random_equal,0.0,0.04836904644683231,True,0.024530488013896568,9,32,0.0017080478402790708,1,0.9949596460998708,927,0.9805825242718447,0.024530488013896568
0.0,927,32,24,True,0.02851694016975101,random_equal,0.0,0.11245901042089564,True,0.05703388033950202,10,32,0.005450828434805898,1,0.9969897519139356,927,0.9514563106796117,0.05703388033950202
0.01225338876362242,1695,32,24,False,0.017676129894421272,random_equal,0.048322294273394725,0.06970734111601508,True,0.023098871025220125,11,32,0.0022949678293229625,1,0.9931560724488968,927,0.9514563106796117,0.035352259788842544
0.0,927,32,24,True,0.03381382513864356,random_equal,0.0,0.13334773264596927,True,0.06762765027728712,12,32,0.0034305472554613265,1,0.9951384922074659,927,0.941747572815534,0.06762765027728712
0.01225338876362242,1695,32,24,False,0.020704936446642452,random_equal,0.048322294273394725,0.08165170069988179,True,0.029156484129662485,13,32,0.003435606243719416,1,0.9938130433821485,927,0.941747572815534,0.041409872893284905
0.017037731635424186,863,32,24,False,0.024904576708250116,random_equal,0.06718976258080502,0.09821334388925601,True,0.032771421781076046,14,32,0.003128141172100447,1,0.9968664275461858,927,0.941747572815534,0.04980915341650023
0.01225338876362242,1695,32,24,False,0.039666620256425894,random_equal,0.048322294273394725,0.15642873443732652,True,0.06707985174922937,15,32,0.004616011508356944,1,0.9957793670888226,927,0.9223300970873787,0.07933324051285179
0.0,927,32,24,True,0.01985840333992267,random_equal,0.0,0.07831332446093256,True,0.03971680667984534,16,32,0.0029930741028037994,1,0.9958310387402269,927,0.9611650485436893,0.03971680667984534
0.0,927,32,24,True,0.036216220307427965,random_equal,0.0,0.14282178497112072,True,0.07243244061485593,17,32,0.004205676130871777,1,0.9971789007799688,927,0.941747572815534,0.07243244061485593
0.0,927,32,24,True,0.016046340055446362,random_equal,0.0,0.06328012447235967,True,0.032092680110892724,18,32,0.0019185766985799946,1,0.9955214628516647,927,0.941747572815534,0.032092680110892724
0.0,927,32,24,True,0.023162148724207257,random_equal,0.0,0.09134192901624696,True,0.046324297448414514,19,32,0.003019319596840622,1,0.9911340426004632,927,0.9514563106796117,0.046324297448414514
0.0,927,32,24,True,0.028733999858706033,random_equal,0.0,0.1133150040049493,True,0.057467999717412066,20,32,0.0038768856337255088,1,0.9956513726029094,927,0.9611650485436893,0.057467999717412066
0.0,927,32,24,True,0.014461372512356463,random_equal,0.0,0.057029668414167345,True,0.028922745024712926,21,32,0.0018379090559196526,1,0.9964922439325737,927,0.9514563106796117,0.028922745024712926
0.0,927,32,24,True,0.0311736088593923,random_equal,0.0,0.12293581228234322,True,0.0623472177187846,22,32,0.005378672860579807,1,0.9946878404729882,927,0.9514563106796117,0.0623472177187846
0.0,927,32,24,True,0.03438789276163294,random_equal,0.0,0.13561161777571196,True,0.06877578552326588,23,32,0.006231492504638277,1,0.996590275901473,927,0.912621359223301,0.06877578552326588
0.0,927,32,24,True,0.021007482296947877,random_equal,0.0,0.08284481632623454,True,0.042014964593895754,24,32,0.002327125520412994,1,0.9971364841488564,927,0.970873786407767,0.042014964593895754
0.0,927,32,24,True,0.025579396727691717,random_equal,0.0,0.100874554774676,True,0.05115879345538343,25,32,0.004221298821534661,1,0.9939838694034802,927,0.9320388349514563,0.05115879345538343
0.0,927,32,24,True,0.026560170491473217,random_equal,0.0,0.10474232061017895,True,0.053120340982946435,26,32,0.004169106341494461,1,0.9904716094590093,927,0.9223300970873787,0.053120340982946435
0.0,927,32,24,True,0.03622118395986815,random_equal,0.0,0.14284135956215935,True,0.0724423679197363,27,32,0.004338720039320256,1,0.9959245752139868,927,0.9320388349514563,0.0724423679197363
0.0,927,32,24,True,0.01750495451604442,random_equal,0.0,0.06903229626386427,True,0.03500990903208884,28,32,0.0028523514697687178,1,0.9917023190071749,927,0.941747572815534,0.03500990903208884
0.0,927,32,24,True,0.024163552367191837,random_equal,0.0,0.0952910505577433,True,0.048327104734383675,29,32,0.0026204852817467497,1,0.9941453747462631,927,0.941747572815534,0.048327104734383675
0.0,927,32,24,True,0.012253744698171726,random_equal,0.0,0.04832369793195526,True,0.02450748939634345,30,32,0.001997379499347649,1,0.9956855889367972,927,0.970873786407767,0.02450748939634345
0.0,927,32,24,True,0.02945710781133215,random_equal,0.0,0.11616664251510309,True,0.0589142156226643,31,32,0.0033120874538302577,1,0.9959158845753098,927,0.9514563106796117,0.0589142156226643
0.0,927,32,24,True,0.018440021613502507,posterior_medoid,0.0,0.07271981392288784,True,0.03688004322700501,0,32,0.0032070039488717537,1,0.994701516948257,927,0.9514563106796117,0.03688004322700501
0.0,927,32,24,True,0.005843679601964247,acquisition_fw,0.0,0.023045053969386314,True,0.011687359203928493,0,32,0.0009327609069832205,1,0.9980192873561174,927,0.9805825242718447,0.011687359203928493
0.0,927,64,24,True,0.009134197567816305,random_equal,0.0,0.036021495060510986,True,0.01826839513563261,0,64,0.0014394454664640283,1,0.9967552597349013,927,0.970873786407767,0.01826839513563261
0.0,927,64,24,True,0.012363425269072498,random_equal,0.0,0.048756232712772435,True,0.024726850538144995,1,64,0.0017920568571155836,1,0.9975077941659796,927,0.970873786407767,0.024726850538144995
0.0,927,64,24,True,0.015438609826785632,random_equal,0.0,0.06088348795696851,True,0.030877219653571264,2,64,0.002035712906715164,1,0.9985058667301219,927,0.9805825242718447,0.030877219653571264
0.0,927,64,24,True,0.014288057268470128,random_equal,0.0,0.056346184818020936,True,0.028576114536940256,3,64,0.0021160430918505946,1,0.9984269985904097,927,0.970873786407767,0.028576114536940256
0.0,927,64,24,True,0.021721708138699933,random_equal,0.0,0.08566142746692301,True,0.043443416277399866,4,64,0.002486222255852385,1,0.9963432192465889,927,0.9514563106796117,0.043443416277399866
0.0,927,64,24,True,0.01811350917496829,random_equal,0.0,0.07143218399102647,True,0.03622701834993658,5,64,0.0032540491695890856,1,0.997626504294933,927,0.970873786407767,0.03622701834993658
0.0,927,64,24,True,0.020979112996997867,random_equal,0.0,0.08273293954774005,True,0.041958225993995735,6,64,0.002412511785998705,1,0.9977835099516238,927,0.970873786407767,0.041958225993995735
0.0,927,64,24,True,0.017725887696940973,random_equal,0.0,0.06990356529710796,True,0.035451775393881946,7,64,0.0020399605237418576,1,0.9962291862207203,927,0.970873786407767,0.035451775393881946
0.0,927,64,24,True,0.020491539203500164,random_equal,0.0,0.08081015028642666,True,0.04098307840700033,8,64,0.002245017471201065,1,0.9975333925043686,927,0.9514563106796117,0.04098307840700033
0.01225338876362242,1695,64,24,False,0.010647256872149999,random_equal,0.048322294273394725,0.04198837478395299,True,0.009041124980677578,9,64,0.0017946671522311062,1,0.9980991208119084,927,0.9514563106796117,0.021294513744299998
0.0,927,64,24,True,0.027412296682370024,random_equal,0.0,0.10810275365844939,True,0.05482459336474005,10,64,0.003031600839307062,1,0.9978404789670955,927,0.970873786407767,0.05482459336474005
0.0,927,64,24,True,0.013539355322405744,random_equal,0.0,0.05339361418970676,True,0.027078710644811488,11,64,0.0023609417366338642,1,0.9978784489975153,927,0.9805825242718447,0.027078710644811488
0.0,927,64,24,True,0.016208471328681986,random_equal,0.0,0.06391950311669609,True,0.03241694265736397,12,64,0.002869375504224098,1,0.9970935352667655,927,0.970873786407767,0.03241694265736397
0.0,927,64,24,True,0.016834875028628682,random_equal,0.0,0.06638978007490623,True,0.033669750057257364,13,64,0.002028725027635812,1,0.9979077451530685,927,0.970873786407767,0.033669750057257364
0.0,927,64,24,True,0.014403720857347563,random_equal,0.0,0.05680231414569274,True,0.028807441714695126,14,64,0.0021430589887350086,1,0.9983598818817455,927,0.9611650485436893,0.028807441714695126
0.0,927,64,24,True,0.011945920919224917,random_equal,0.0,0.047109768339288136,True,0.023891841838449834,15,64,0.0016875588607962017,1,0.9968808304532362,927,0.970873786407767,0.023891841838449834
0.0,927,64,24,True,0.032555753645052754,random_equal,0.0,0.1283864193225281,True,0.06511150729010551,16,64,0.003107063490623321,1,0.9966500486642239,927,0.9514563106796117,0.06511150729010551
0.0,927,64,24,True,0.01315648789387916,random_equal,0.0,0.051883743499576945,True,0.02631297578775832,17,64,0.0024081095090258287,1,0.9971190958865813,927,0.9611650485436893,0.02631297578775832
0.0,927,64,24,True,0.027460349950458707,random_equal,0.0,0.10829225586116031,True,0.054920699900917413,18,64,0.002055951963536717,1,0.996487302799476,927,0.9611650485436893,0.054920699900917413
0.0,927,64,24,True,0.0402585838642571,random_equal,0.0,0.1587631939251118,True,0.0805171677285142,19,64,0.005111682729807281,1,0.9979148292599211,927,0.9514563106796117,0.0805171677285142
0.0,927,64,24,True,0.014217988926143038,random_equal,0.0,0.05606986427335411,True,0.028435977852286076,20,64,0.0018526773985537634,1,0.9973071145924006,927,0.9611650485436893,0.028435977852286076
0.0,927,64,24,True,0.01654273289059985,random_equal,0.0,0.06523769238424239,True,0.0330854657811997,21,64,0.0024617831119169275,1,0.998254877564729,927,0.9805825242718447,0.0330854657811997
0.0,927,64,24,True,0.028131134500394867,random_equal,0.0,0.11093755252491191,True,0.05626226900078973,22,64,0.002490026242575246,1,0.9976309900111832,927,0.9611650485436893,0.05626226900078973
0.0,927,64,24,True,0.0196431091656927,random_equal,0.0,0.07746429333630411,True,0.0392862183313854,23,64,0.002620296477962561,1,0.9961796980556128,927,0.941747572815534,0.0392862183313854
0.0,927,64,24,True,0.017217346355116903,random_equal,0.0,0.0678980887025218,True,0.034434692710233805,24,64,0.002278922520012878,1,0.9965147535389075,927,0.9805825242718447,0.034434692710233805
0.0,927,64,24,True,0.023288734656438853,random_equal,0.0,0.09184113154594446,True,0.046577469312877706,25,64,0.0024549544803160956,1,0.9971736523103482,927,0.970873786407767,0.046577469312877706
0.0,927,64,24,True,0.02399601584089167,random_equal,0.0,0.09463035583226022,True,0.04799203168178334,26,64,0.002311114011246519,1,0.9982076469260805,927,0.970873786407767,0.04799203168178334
0.0,927,64,24,True,0.023268707638471775,random_equal,0.0,0.09176215327517444,True,0.04653741527694355,27,64,0.0025360359303422553,1,0.9965002263002638,927,0.9611650485436893,0.04653741527694355
0.0,927,64,24,True,0.012413055568770037,random_equal,0.0,0.04895195407550118,True,0.024826111137540074,28,64,0.0017939225859609645,1,0.9982056562236028,927,0.970873786407767,0.024826111137540074
0.0,927,64,24,True,0.012087322487603205,random_equal,0.0,0.04766739760656319,True,0.02417464497520641,29,64,0.001585098147563962,1,0.9968963663144688,927,0.9611650485436893,0.02417464497520641
0.0,927,64,24,True,0.016449377053352116,random_equal,0.0,0.06486953559703454,True,0.03289875410670423,30,64,0.002062938163858122,1,0.998686889339093,927,0.9805825242718447,0.03289875410670423
0.0,927,64,24,True,0.010181261142019393,random_equal,0.0,0.04015068047457407,True,0.020362522284038787,31,64,0.0019144473027735008,1,0.9981587091727459,927,0.9805825242718447,0.020362522284038787
0.0,927,64,24,True,0.010070118648761867,posterior_medoid,0.0,0.0397123804769919,True,0.020140237297523733,0,64,0.0016508832402960538,1,0.9981384501079501,927,0.970873786407767,0.020140237297523733
0.0,927,64,24,True,0.005064657660464794,acquisition_fw,0.0,0.01997291382687122,True,0.010129315320929588,0,64,0.0006465519825991416,1,0.9988133247906447,927,0.9805825242718447,0.010129315320929588
0.0,1823,4,32,True,0.03098641416784753,random_equal,0.0,0.09679386311611309,True,0.06197282833569506,0,4,0.0033803735588237545,1,0.9783120245803668,1823,0.912621359223301,0.06197282833569506
0.0,1823,4,32,True,0.010324860651744507,random_equal,0.0,0.03225230074071917,True,0.020649721303489015,1,4,0.0013543717642437514,1,0.9740047709078731,1823,0.9320388349514563,0.020649721303489015
0.0,1823,4,32,True,0.022208138790612578,random_equal,0.0,0.06937271071503004,True,0.044416277581225155,2,4,0.0033271703573948407,1,0.982751878320719,1823,0.9029126213592233,0.044416277581225155
0.0,1823,4,32,True,0.026128942979913583,random_equal,0.0,0.08162032936327218,True,0.052257885959827166,3,4,0.003793597700539306,1,0.9747367701417176,1823,0.9223300970873787,0.052257885959827166
0.0,1823,4,32,True,0.02105467801635641,random_equal,0.0,0.06576958569099912,True,0.04210935603271282,4,4,0.0031787825421414084,1,0.9820344079589973,1823,0.9029126213592233,0.04210935603271282
0.0,1823,4,32,True,0.01904572994880445,random_equal,0.0,0.0594941308027799,True,0.0380914598976089,5,4,0.0028652596303839675,1,0.9869282759998087,1823,0.9223300970873787,0.0380914598976089
0.0,1823,4,32,True,0.030572050800778794,random_equal,0.0,0.09549949485474775,True,0.06114410160155759,6,4,0.003456787711026905,1,0.9827876588000256,1823,0.8737864077669902,0.06114410160155759
0.0,1823,4,32,True,0.025825454350097615,random_equal,0.0,0.0806723062479617,True,0.05165090870019523,7,4,0.0028221164661410055,1,0.9895921491622286,1823,0.941747572815534,0.05165090870019523
0.0,1823,4,32,True,0.03255609195531273,random_equal,0.0,0.10169714673174235,True,0.06511218391062545,8,4,0.003634692585333855,1,0.9875518374948765,1823,0.941747572815534,0.06511218391062545
0.0,1823,4,32,True,0.02756751420669573,random_equal,0.0,0.086114068640546,True,0.05513502841339146,9,4,0.002306919110139371,1,0.9879363443642937,1823,0.970873786407767,0.05513502841339146
0.0,1823,4,32,True,0.04834447125462943,random_equal,0.0,0.15101612299163694,True,0.09668894250925886,10,4,0.004020816429346604,1,0.983579222631964,1823,0.8932038834951457,0.09668894250925886
0.0,1823,4,32,True,0.020979676152447474,random_equal,0.0,0.06553529849308941,True,0.04195935230489495,11,4,0.002447787988356502,1,0.983106997820373,1823,0.9320388349514563,0.04195935230489495
0.0,1823,4,32,True,0.02417268010098028,random_equal,0.0,0.07550944992117517,True,0.04834536020196056,12,4,0.0030434323408690595,1,0.9770617409210226,1823,0.8543689320388349,0.04834536020196056
0.0,1823,4,32,True,0.021400045484887942,random_equal,0.0,0.06684842789883637,True,0.042800090969775884,13,4,0.0038077938997137946,1,0.9788684971754461,1823,0.9320388349514563,0.042800090969775884
0.0,1823,4,32,True,0.02634048493224478,random_equal,0.0,0.08228113389090635,True,0.05268096986448956,14,4,0.0025336071194158824,1,0.9885534633900968,1823,0.970873786407767,0.05268096986448956
0.0,1823,4,32,True,0.020840808045934495,random_equal,0.0,0.06510150901295787,True,0.04168161609186899,15,4,0.0024222661381724203,1,0.9795184405107176,1823,0.941747572815534,0.04168161609186899
0.0,1823,4,32,True,0.02212569013685467,random_equal,0.0,0.06911516159486654,True,0.04425138027370934,16,4,0.002994455426810346,1,0.9767572936281941,1823,0.941747572815534,0.04425138027370934
0.0,1823,4,32,True,0.022289190330082864,random_equal,0.0,0.06962589559709935,True,0.04457838066016573,17,4,0.003298286666726573,1,0.965922889119835,1823,0.9514563106796117,0.04457838066016573
0.0,1823,4,32,True,0.023421432566804234,random_equal,0.0,0.07316273917899428,True,0.04684286513360847,18,4,0.0022076625444073785,1,0.9892501734374214,1823,0.9223300970873787,0.04684286513360847
0.0,1823,4,32,True,0.019914131790125245,random_equal,0.0,0.06220680250797529,True,0.03982826358025049,19,4,0.002545999187707411,1,0.9865780508266376,1823,0.912621359223301,0.03982826358025049
0.0,1823,4,32,True,0.023368851029793525,random_equal,0.0,0.07299848751475588,True,0.04673770205958705,20,4,0.002812044369450868,1,0.9864372853316884,1823,0.9611650485436893,0.04673770205958705
0.0,1823,4,32,True,0.015413251821353453,random_equal,0.0,0.04814717117278827,True,0.030826503642706907,21,4,0.0016101880056814692,1,0.9874638273807717,1823,0.941747572815534,0.030826503642706907
0.0,1823,4,32,True,0.02190553227253729,random_equal,0.0,0.06842744309774583,True,0.04381106454507458,22,4,0.0031037069642206195,1,0.9901175368298678,1823,0.941747572815534,0.04381106454507458
0.0,1823,4,32,True,0.022279193769140504,random_equal,0.0,0.06959466882312526,True,0.04455838753828101,23,4,0.0014845901970451227,1,0.9896297266403522,1823,0.941747572815534,0.04455838753828101
0.0,1823,4,32,True,0.023319151104929048,random_equal,0.0,0.07284323729128198,True,0.046638302209858096,24,4,0.0019255928304191137,1,0.9891591106014567,1823,0.9514563106796117,0.046638302209858096
0.0,1823,4,32,True,0.021267652354928737,random_equal,0.0,0.06643486463755129,True,0.042535304709857474,25,4,0.0020884623467422657,1,0.9842678359234406,1823,0.9029126213592233,0.042535304709857474
0.0,1823,4,32,True,0.055383875140281924,random_equal,0.0,0.17300547266068947,True,0.11076775028056385,26,4,0.0035503412765925083,1,0.9911154458848016,1823,0.9320388349514563,0.11076775028056385
0.0,1823,4,32,True,0.031414568076207176,random_equal,0.0,0.09813130960391593,True,0.06282913615241435,27,4,0.005196851481628775,1,0.983636462801288,1823,0.912621359223301,0.06282913615241435
0.0,1823,4,32,True,0.009865648567114672,random_equal,0.0,0.030817836222812908,True,0.019731297134229345,28,4,0.0013752161002852051,1,0.990505923927721,1823,0.941747572815534,0.019731297134229345
0.0,1823,4,32,True,0.018537584910777866,random_equal,0.0,0.05790681188980566,True,0.03707516982155573,29,4,0.002006163057200787,1,0.9846188893908938,1823,0.9223300970873787,0.03707516982155573
0.0,1823,4,32,True,0.02203614414600208,random_equal,0.0,0.06883544215607533,True,0.04407228829200416,30,4,0.0018437557070029628,1,0.9875713057892852,1823,0.9320388349514563,0.04407228829200416
0.0,1823,4,32,True,0.02229394411774524,random_equal,0.0,0.0696407452492657,True,0.04458788823549048,31,4,0.003584386741199561,1,0.9900337485118208,1823,0.9611650485436893,0.04458788823549048
0.0,1823,4,32,True,0.015941463155669522,posterior_medoid,0.0,0.049797172212380024,True,0.031882926311339044,0,4,0.0023240776636976115,1,0.9865591809020983,1823,0.941747572815534,0.031882926311339044
0.0,1823,4,32,True,0.008499747529261359,acquisition_fw,0.0,0.026551100569827398,True,0.016999495058522718,0,4,0.0010727858271440765,1,0.9967534562283055,1823,0.941747572815534,0.016999495058522718
0.0,1823,8,32,True,0.027205403619681656,random_equal,0.0,0.0849829250883274,True,0.05441080723936331,0,8,0.001926548134120096,1,0.990592229930993,1823,0.9611650485436893,0.05441080723936331
0.0,1823,8,32,True,0.021325915696482844,random_equal,0.0,0.06661686484824128,True,0.04265183139296569,1,8,0.002030274504828137,1,0.9862983702316712,1823,0.941747572815534,0.04265183139296569
0.0,1823,8,32,True,0.026439032634815895,random_equal,0.0,0.08258897244174371,True,0.05287806526963179,2,8,0.002393511123170358,1,0.9880459187119701,1823,0.9514563106796117,0.05287806526963179
0.0,1823,8,32,True,0.01362226065603947,random_equal,0.0,0.04255255952271067,True,0.02724452131207894,3,8,0.0017617943572257174,1,0.9885969301645596,1823,0.9611650485436893,0.02724452131207894
0.0,1823,8,32,True,0.020910884631654303,random_equal,0.0,0.06532041086488129,True,0.041821769263308606,4,8,0.0016812363555398972,1,0.9889740881493612,1823,0.970873786407767,0.041821769263308606
0.0,1823,8,32,True,0.017976824869197883,random_equal,0.0,0.05615513677142429,True,0.035953649738395765,5,8,0.003284337376992556,1,0.9864533265453107,1823,0.9514563106796117,0.035953649738395765
0.0,1823,8,32,True,0.015558302590935918,random_equal,0.0,0.04860027375703051,True,0.031116605181871836,6,8,0.0027773679451096873,1,0.9938951790678928,1823,0.9514563106796117,0.031116605181871836
0.0,1823,8,32,True,0.011195822040065855,random_equal,0.0,0.03497296783514123,True,0.02239164408013171,7,8,0.0021273270332520656,1,0.9868074701706123,1823,0.9611650485436893,0.02239164408013171
0.0,1823,8,32,True,0.011965886075378213,random_equal,0.0,0.03737845665423823,True,0.023931772150756425,8,8,0.0015950765545595987,1,0.9913199466184259,1823,0.9805825242718447,0.023931772150756425
0.0,1823,8,32,True,0.00999340942849783,random_equal,0.0,0.031216929427380923,True,0.01998681885699566,9,8,0.0017855172576648711,1,0.9877409146570465,1823,0.970873786407767,0.01998681885699566
0.0,1823,8,32,True,0.019882314040765847,random_equal,0.0,0.06210741176016324,True,0.039764628081531694,10,8,0.0023813186639169673,1,0.9881553479647558,1823,0.970873786407767,0.039764628081531694
0.0,1823,8,32,True,0.010845326568053995,random_equal,0.0,0.033878107017850025,True,0.02169065313610799,11,8,0.0016523011090665489,1,0.9889174796921593,1823,0.9805825242718447,0.02169065313610799
0.0,1823,8,32,True,0.020532618648763705,random_equal,0.0,0.0641388018677555,True,0.04106523729752741,12,8,0.002877202143912294,1,0.9763567144221725,1823,0.8640776699029126,0.04106523729752741
0.0,1823,8,32,True,0.0074278670198383925,random_equal,0.0,0.023202812034603084,True,0.014855734039676785,13,8,0.0010930659635328612,1,0.9874464094072626,1823,0.941747572815534,0.014855734039676785
0.0,1823,8,32,True,0.02627730244417875,random_equal,0.0,0.082083767488067,True,0.0525546048883575,14,8,0.00332097086798797,1,0.9919806834748528,1823,0.941747572815534,0.0525546048883575
0.0,1823,8,32,True,0.03293452065128599,random_equal,0.0,0.10287926400413243,True,0.06586904130257198,15,8,0.003108813333242627,1,0.9919862099331329,1823,0.9320388349514563,0.06586904130257198
0.0,1823,8,32,True,0.012100032468453037,random_equal,0.0,0.03779749667411501,True,0.024200064936906074,16,8,0.001390038679634357,1,0.9894011787015031,1823,0.9611650485436893,0.024200064936906074
0.0,1823,8,32,True,0.011073429109748754,random_equal,0.0,0.034590642714224656,True,0.02214685821949751,17,8,0.0012610729057264693,1,0.9903899473374818,1823,0.9223300970873787,0.02214685821949751
0.0,1823,8,32,True,0.022970389322137297,random_equal,0.0,0.0717537920885936,True,0.045940778644274594,18,8,0.0032200452349518335,1,0.9860549213174675,1823,0.9611650485436893,0.045940778644274594
0.0,1823,8,32,True,0.01619150117207513,random_equal,0.0,0.050578228884594185,True,0.03238300234415026,19,8,0.0026249980188584416,1,0.9913120229240694,1823,0.9611650485436893,0.03238300234415026
0.0,1823,8,32,True,0.019942796175422925,random_equal,0.0,0.06229634292952204,True,0.03988559235084585,20,8,0.003090215946625596,1,0.9795439642069619,1823,0.912621359223301,0.03988559235084585
0.0,1823,8,32,True,0.006995982824447661,random_equal,0.0,0.021853713056443812,True,0.013991965648895321,21,8,0.0008050283634253009,1,0.9871008793622965,1823,0.9805825242718447,0.013991965648895321
0.0,1823,8,32,True,0.006415354769916219,random_equal,0.0,0.020039975199353927,True,0.012830709539832438,22,8,0.0009640659471536728,1,0.9861504551337493,1823,0.970873786407767,0.012830709539832438
0.0,1823,8,32,True,0.015937102041960027,random_equal,0.0,0.04978354917613117,True,0.031874204083920055,23,8,0.001333826200241497,1,0.9899404467314058,1823,0.9514563106796117,0.031874204083920055
0.0,1823,8,32,True,0.014856750086315644,random_equal,0.0,0.04640879794659477,True,0.029713500172631288,24,8,0.0031490523104422937,1,0.9892545518372092,1823,0.9805825242718447,0.029713500172631288
0.0,1823,8,32,True,0.012285509289867724,random_equal,0.0,0.038376880205425755,True,0.024571018579735447,25,8,0.002007083759364468,1,0.9907704853325875,1823,0.9320388349514563,0.024571018579735447
0.0,1823,8,32,True,0.024393951925136888,random_equal,0.0,0.076200648152208,True,0.048787903850273776,26,8,0.0038836285732028113,1,0.9961041323865372,1823,0.9320388349514563,0.048787903850273776
0.0,1823,8,32,True,0.012178247753400984,random_equal,0.0,0.03804182180137336,True,0.024356495506801967,27,8,0.001742121704424862,1,0.9842334277621573,1823,0.941747572815534,0.024356495506801967
0.0,1823,8,32,True,0.01422637675994673,random_equal,0.0,0.044439668213348195,True,0.02845275351989346,28,8,0.0018545140957458906,1,0.9861211852688049,1823,0.9223300970873787,0.02845275351989346
0.0,1823,8,32,True,0.024142348078774425,random_equal,0.0,0.07541470021604553,True,0.04828469615754885,29,8,0.0024271203606199407,1,0.9881580136422549,1823,0.9029126213592233,0.04828469615754885
0.0,1823,8,32,True,0.014114346349342458,random_equal,0.0,0.04408971303072742,True,0.028228692698684915,30,8,0.00149953481351002,1,0.9882344887480412,1823,0.9611650485436893,0.028228692698684915
0.0,1823,8,32,True,0.032539281385811025,random_equal,0.0,0.101644634687127,True,0.06507856277162205,31,8,0.0032076471042315306,1,0.9907598394290721,1823,0.941747572815534,0.06507856277162205
0.0,1823,8,32,True,0.017460692899697816,posterior_medoid,0.0,0.054542868667892715,True,0.03492138579939563,0,8,0.0018784368667760102,1,0.9869368454961411,1823,0.9514563106796117,0.03492138579939563
0.0,1823,8,32,True,0.006654697256215009,acquisition_fw,0.0,0.020787621691496727,True,0.013309394512430017,0,8,0.0007739992440339002,1,0.9979736436915145,1823,0.970873786407767,0.013309394512430017
0.0,1823,16,32,True,0.01763206776012241,random_equal,0.0,0.05507820117495942,True,0.03526413552024482,0,16,0.0023848953525762895,1,0.9867974061035025,1823,0.9514563106796117,0.03526413552024482
0.0,1823,16,32,True,0.015827571721179712,random_equal,0.0,0.04944140365328217,True,0.031655143442359424,1,16,0.0018368407524603366,1,0.9871132649521768,1823,0.9611650485436893,0.031655143442359424
0.0,1823,16,32,True,0.007616333525197477,random_equal,0.0,0.02379153459613872,True,0.015232667050394954,2,16,0.0009028597575462084,1,0.9893525077721496,1823,0.970873786407767,0.015232667050394954
0.0,1823,16,32,True,0.008567443199538727,random_equal,0.0,0.026762565033152753,True,0.017134886399077454,3,16,0.0008619683533729855,1,0.9927006779530773,1823,0.9805825242718447,0.017134886399077454
0.0,1823,16,32,True,0.009670653362814984,random_equal,0.0,0.030208719627035037,True,0.01934130672562997,4,16,0.0013337710043681457,1,0.9924229169825713,1823,0.970873786407767,0.01934130672562997
0.0,1823,16,32,True,0.012020981271501419,random_equal,0.0,0.03755056036533619,True,0.024041962543002837,5,16,0.0013759011363469625,1,0.9891559203107368,1823,0.9611650485436893,0.024041962543002837
0.0,1823,16,32,True,0.019707063026800087,random_equal,0.0,0.06155997111198513,True,0.039414126053600174,6,16,0.0023542192670963666,1,0.9921516079561603,1823,0.9805825242718447,0.039414126053600174
0.0,1823,16,32,True,0.00846571668594253,random_equal,0.0,0.026444796666055707,True,0.01693143337188506,7,16,0.00133205153880311,1,0.9909576929036245,1823,0.9611650485436893,0.01693143337188506
0.0,1823,16,32,True,0.006847226691581665,random_equal,0.0,0.021389035837443296,True,0.01369445338316333,8,16,0.000949219300031591,1,0.9886065195930924,1823,0.9805825242718447,0.01369445338316333
0.0,1823,16,32,True,0.011477000014981142,random_equal,0.0,0.035851298004866285,True,0.022954000029962285,9,16,0.0012828622821596761,1,0.9897371573906325,1823,0.9611650485436893,0.022954000029962285
0.0,1823,16,32,True,0.019864981362956557,random_equal,0.0,0.06205326877884826,True,0.039729962725913115,10,16,0.0018990792877735779,1,0.9907687745399835,1823,0.9805825242718447,0.039729962725913115
0.0,1823,16,32,True,0.006017734695196134,random_equal,0.0,0.0187979088254845,True,0.012035469390392267,11,16,0.0010549235704803543,1,0.9868252110461226,1823,0.9514563106796117,0.012035469390392267
0.0,1823,16,32,True,0.010483081306541617,random_equal,0.0,0.03274654277594196,True,0.020966162613083233,12,16,0.001538643903862288,1,0.9926297502715292,1823,0.9514563106796117,0.020966162613083233
0.0,1823,16,32,True,0.012207594420376833,random_equal,0.0,0.03813349350145416,True,0.024415188840753665,13,16,0.0023206477191210074,1,0.9897319850149158,1823,0.9514563106796117,0.024415188840753665
0.0,1823,16,32,True,0.014636880213834913,random_equal,0.0,0.04572197906445577,True,0.029273760427669826,14,16,0.0027202940070819187,1,0.9949459975642855,1823,0.941747572815534,0.029273760427669826
0.0,1823,16,32,True,0.01275872528848876,random_equal,0.0,0.039855089473099174,True,0.02551745057697752,15,16,0.0019464067579237484,1,0.992650489898888,1823,0.9611650485436893,0.02551745057697752
0.0,1823,16,32,True,0.007375886237109039,random_equal,0.0,0.023040436977556495,True,0.014751772474218078,16,16,0.0013806875826573534,1,0.9940903209961228,1823,0.9805825242718447,0.014751772474218078
0.0,1823,16,32,True,0.0132086629465345,random_equal,0.0,0.041260582985441566,True,0.026417325893069,17,16,0.001595710078935045,1,0.984387286454184,1823,0.9320388349514563,0.026417325893069
0.0,1823,16,32,True,0.017814542280450485,random_equal,0.0,0.055648206263226176,True,0.03562908456090097,18,16,0.0019523817089133488,1,0.992803814502225,1823,0.970873786407767,0.03562908456090097
0.0,1823,16,32,True,0.013789517059301367,random_equal,0.0,0.04307502699232269,True,0.027579034118602734,19,16,0.0014416789095431518,1,0.9850988244994455,1823,0.9320388349514563,0.027579034118602734
0.0,1823,16,32,True,0.009687595246019698,random_equal,0.0,0.030261641863049936,True,0.019375190492039396,20,16,0.001304987051557601,1,0.9857997196414717,1823,0.9514563106796117,0.019375190492039396
0.0,1823,16,32,True,0.013411677096776986,random_equal,0.0,0.041894748777028874,True,0.026823354193553972,21,16,0.001381078119465804,1,0.9864691585824177,1823,0.9514563106796117,0.026823354193553972
0.0,1823,16,32,True,0.010482829852367023,random_equal,0.0,0.032745757295543236,True,0.020965659704734046,22,16,0.0013514625480257475,1,0.9929485741954623,1823,0.9611650485436893,0.020965659704734046
0.0,1823,16,32,True,0.008973316239935969,random_equal,0.0,0.028030411622368478,True,0.017946632479871938,23,16,0.0009522530648062483,1,0.9912305350927796,1823,0.970873786407767,0.017946632479871938
0.0,1823,16,32,True,0.018853005645360188,random_equal,0.0,0.05889210793734978,True,0.037706011290720376,24,16,0.0014185723925124287,1,0.9862047679837406,1823,0.9611650485436893,0.037706011290720376
0.0,1823,16,32,True,0.010450168288979086,random_equal,0.0,0.03264373068224732,True,0.020900336577958173,25,16,0.0015600232065625893,1,0.9890629315268071,1823,0.9902912621359223,0.020900336577958173
0.0,1823,16,32,True,0.016440105064983092,random_equal,0.0,0.05135480571113241,True,0.032880210129966184,26,16,0.0022404462574870036,1,0.9918063160985866,1823,0.9611650485436893,0.032880210129966184
0.0,1823,16,32,True,0.01376582246556271,random_equal,0.0,0.043001010965475955,True,0.02753164493112542,27,16,0.0022248416781513293,1,0.9894845877772552,1823,0.9805825242718447,0.02753164493112542
0.0,1823,16,32,True,0.004604671058147908,random_equal,0.0,0.01438384892433189,True,0.009209342116295816,28,16,0.0005246020958006196,1,0.9894257684173033,1823,0.9805825242718447,0.009209342116295816
0.0,1823,16,32,True,0.00792803282654267,random_equal,0.0,0.02476520581038011,True,0.01585606565308534,29,16,0.00108703456476448,1,0.9908246664806407,1823,0.9611650485436893,0.01585606565308534
0.0,1823,16,32,True,0.009794457133519514,random_equal,0.0,0.030595451862973046,True,0.01958891426703903,30,16,0.0013586990508154587,1,0.9913012713874929,1823,0.9320388349514563,0.01958891426703903
0.0,1823,16,32,True,0.0159114990288044,random_equal,0.0,0.049703571720936715,True,0.0318229980576088,31,16,0.0013112076525763744,1,0.983779838632456,1823,0.9611650485436893,0.0318229980576088
0.0,1823,16,32,True,0.014940061644798719,posterior_medoid,0.0,0.046669042566837675,True,0.029880123289597438,0,16,0.001397601103872512,1,0.9915546940993534,1823,0.9805825242718447,0.029880123289597438
0.0,1823,16,32,True,0.004501188688962571,acquisition_fw,0.0,0.014060595700399643,True,0.009002377377925141,0,16,0.00047633844549181854,1,0.9985960280900665,1823,0.970873786407767,0.009002377377925141
0.0,1823,32,32,True,0.010037513040950095,random_equal,0.0,0.03135469816059112,True,0.02007502608190019,0,32,0.0018989095326262411,1,0.9951909992554187,1823,0.970873786407767,0.02007502608190019
0.0,1823,32,32,True,0.008852997827966502,random_equal,0.0,0.027654566781612266,True,0.017705995655933005,1,32,0.0008649251602416586,1,0.9952367630606622,1823,0.970873786407767,0.017705995655933005
0.0,1823,32,32,True,0.01141619898640861,random_equal,0.0,0.03566137069010537,True,0.02283239797281722,2,32,0.001555768992991747,1,0.9867533697829234,1823,0.9805825242718447,0.02283239797281722
0.0,1823,32,32,True,0.013087792157108757,random_equal,0.0,0.04088301265468185,True,0.026175584314217515,3,32,0.0013827876964794714,1,0.9904697738217768,1823,0.9611650485436893,0.026175584314217515
0.0,1823,32,32,True,0.009523226411667862,random_equal,0.0,0.029748194441653393,True,0.019046452823335724,4,32,0.0012073632234162548,1,0.9896582740848123,1823,0.9611650485436893,0.019046452823335724
0.0,1823,32,32,True,0.0038132501112680406,random_equal,0.0,0.011911646416982658,True,0.007626500222536081,5,32,0.0004897598059773791,1,0.991880963949046,1823,1.0,0.007626500222536081
0.0,1823,32,32,True,0.006084829926198833,random_equal,0.0,0.019007497665620706,True,0.012169659852397666,6,32,0.0009315660270764913,1,0.9900078735705612,1823,0.9611650485436893,0.012169659852397666
0.0,1823,32,32,True,0.007835487176471922,random_equal,0.0,0.02447611618108591,True,0.015670974352943845,7,32,0.0010347924010124568,1,0.992719146084135,1823,0.9611650485436893,0.015670974352943845
0.0,1823,32,32,True,0.012600304525637651,random_equal,0.0,0.03936022235000781,True,0.025200609051275302,8,32,0.0010136735757827803,1,0.993489317440675,1823,0.941747572815534,0.025200609051275302
0.0,1823,32,32,True,0.006057046677888839,random_equal,0.0,0.018920709697213926,True,0.012114093355777678,9,32,0.0009038326346790418,1,0.9926802247074783,1823,0.970873786407767,0.012114093355777678
0.0,1823,32,32,True,0.013611545734478925,random_equal,0.0,0.04251908876855327,True,0.02722309146895785,10,32,0.0013747104618150572,1,0.992217381491931,1823,0.9514563106796117,0.02722309146895785
0.0,1823,32,32,True,0.00718430316781124,random_equal,0.0,0.022441979044201373,True,0.01436860633562248,11,32,0.0008511635032152762,1,0.9924804266309267,1823,0.970873786407767,0.01436860633562248
0.0,1823,32,32,True,0.010169713081034287,random_equal,0.0,0.031767658257055964,True,0.020339426162068575,12,32,0.0016430339443298347,1,0.9898815889933025,1823,0.941747572815534,0.020339426162068575
0.0,1823,32,32,True,0.008360929918529963,random_equal,0.0,0.026117468825978093,True,0.016721859837059927,13,32,0.0009043708613992312,1,0.9919141800422503,1823,0.970873786407767,0.016721859837059927
0.0,1823,32,32,True,0.009157031234232983,random_equal,0.0,0.02860429164327178,True,0.018314062468465966,14,32,0.0008138264503710274,1,0.9928410916284841,1823,0.9805825242718447,0.018314062468465966
0.0,1823,32,32,True,0.009079371320615953,random_equal,0.0,0.028361701358137856,True,0.018158742641231906,15,32,0.0007721031468326858,1,0.9898176406447925,1823,0.9805825242718447,0.018158742641231906
0.0,1823,32,32,True,0.007826076883294106,random_equal,0.0,0.024446720762022506,True,0.01565215376658821,16,32,0.0009591046745541495,1,0.9908632106715647,1823,0.970873786407767,0.01565215376658821
0.0,1823,32,32,True,0.021468294319258507,random_equal,0.0,0.06706162030942363,True,0.042936588638517015,17,32,0.0017651359013390966,1,0.9892576776910253,1823,0.9805825242718447,0.042936588638517015
0.0,1823,32,32,True,0.010455150001103697,random_equal,0.0,0.03265929231383403,True,0.020910300002207394,18,32,0.001191869204311047,1,0.9917769417119187,1823,0.9611650485436893,0.020910300002207394
0.0,1823,32,32,True,0.008772189712137078,random_equal,0.0,0.0274021422945485,True,0.017544379424274156,19,32,0.0012896128918089508,1,0.9906885135940203,1823,0.941747572815534,0.017544379424274156
0.0,1823,32,32,True,0.009819475687063817,random_equal,0.0,0.030673603611478466,True,0.019638951374127633,20,32,0.0010487862711556016,1,0.9918418637584123,1823,0.9611650485436893,0.019638951374127633
0.0,1823,32,32,True,0.007481358883847489,random_equal,0.0,0.023369907334326236,True,0.014962717767694977,21,32,0.0008067125541792058,1,0.9912443959699622,1823,0.9805825242718447,0.014962717767694977
0.0,1823,32,32,True,0.008086068453502265,random_equal,0.0,0.0252588698645858,True,0.01617213690700453,22,32,0.0013476956877367641,1,0.9884624612018375,1823,0.9805825242718447,0.01617213690700453
0.0,1823,32,32,True,0.00650924664099356,random_equal,0.0,0.02033327008877053,True,0.01301849328198712,23,32,0.0008696413674084359,1,0.9908576394985951,1823,0.970873786407767,0.01301849328198712
0.0,1823,32,32,True,0.00937196646587754,random_equal,0.0,0.029275695932840098,True,0.01874393293175508,24,32,0.0014915978847202384,1,0.9923646976662454,1823,0.9805825242718447,0.01874393293175508
0.0,1823,32,32,True,0.007545670460975505,random_equal,0.0,0.02357080073101264,True,0.01509134092195101,25,32,0.0012353055531754544,1,0.9921678025228506,1823,0.9902912621359223,0.01509134092195101
0.0,1823,32,32,True,0.007033554156084268,random_equal,0.0,0.02197107656652357,True,0.014067108312168536,26,32,0.0005329591591189398,1,0.9912211543439101,1823,0.9805825242718447,0.014067108312168536
0.0,1823,32,32,True,0.006381576278436288,random_equal,0.0,0.01993445958006133,True,0.012763152556872576,27,32,0.001087741462781834,1,0.9932163802565944,1823,0.9805825242718447,0.012763152556872576
0.0,1823,32,32,True,0.0069077219805056544,random_equal,0.0,0.021578008097465375,True,0.013815443961011309,28,32,0.0006709879154039885,1,0.9944459875842304,1823,0.9902912621359223,0.013815443961011309
0.0,1823,32,32,True,0.00775062986890826,random_equal,0.0,0.02421104302456553,True,0.01550125973781652,29,32,0.0006862919332283171,1,0.991986902848489,1823,0.9805825242718447,0.01550125973781652
0.0,1823,32,32,True,0.008561578585485619,random_equal,0.0,0.026744245435189256,True,0.017123157170971237,30,32,0.0007746975583508627,1,0.9923942969673686,1823,0.970873786407767,0.017123157170971237
0.0,1823,32,32,True,0.012460071695307828,random_equal,0.0,0.03892216981156938,True,0.024920143390615657,31,32,0.0015698844577906315,1,0.9943556571891983,1823,0.9514563106796117,0.024920143390615657
0.0,1823,32,32,True,0.00797884140570182,posterior_medoid,0.0,0.02492391919456246,True,0.01595768281140364,0,32,0.0006970964202260895,1,0.999550226968581,1823,0.9902912621359223,0.01595768281140364
0.0,1823,32,32,True,0.002346347550954156,acquisition_fw,0.0,0.007329407089173366,True,0.004692695101908312,0,32,0.00026233638300113054,1,0.998827290441642,1823,0.9805825242718447,0.004692695101908312
0.0,1823,64,32,True,0.008276501127137646,random_equal,0.0,0.025853734247565128,True,0.016553002254275292,0,64,0.001315976802706896,1,0.9996270988178787,1823,0.970873786407767,0.016553002254275292
0.0,1823,64,32,True,0.0031604784967630417,random_equal,0.0,0.009872549993684896,True,0.006320956993526083,1,64,0.0004329831524145745,1,0.9951886146033979,1823,0.9805825242718447,0.006320956993526083
0.0,1823,64,32,True,0.008354983691317708,random_equal,0.0,0.02609889428877212,True,0.016709967382635416,2,64,0.0008028410191188313,1,0.992730601354534,1823,0.970873786407767,0.016709967382635416
0.0,1823,64,32,True,0.0052210155169988,random_equal,0.0,0.016309155959190136,True,0.0104420310339976,3,64,0.0005766162940436336,1,0.9936026463865095,1823,0.9902912621359223,0.0104420310339976
0.0,1823,64,32,True,0.004509991856353729,random_equal,0.0,0.014088094609270877,True,0.009019983712707458,4,64,0.0004695544500347995,1,0.9953191655703881,1823,0.9902912621359223,0.009019983712707458
0.0,1823,64,32,True,0.007395189122834378,random_equal,0.0,0.023100734399146602,True,0.014790378245668756,5,64,0.0007590715792161879,1,0.9958466039381276,1823,0.9902912621359223,0.014790378245668756
0.0,1823,64,32,True,0.003239465515929074,random_equal,0.0,0.010119285826998578,True,0.006478931031858148,6,64,0.0004757480861030746,1,0.9891305912448387,1823,0.9805825242718447,0.006478931031858148
0.0,1823,64,32,True,0.004247023272411075,random_equal,0.0,0.013266646055072088,True,0.00849404654482215,7,64,0.0006208103815962823,1,0.9941710135971938,1823,0.9805825242718447,0.00849404654482215
0.0,1823,64,32,True,0.009661588515925468,random_equal,0.0,0.030180403296392853,True,0.019323177031850935,8,64,0.0009808563207197273,1,0.9960373188234435,1823,0.9611650485436893,0.019323177031850935
0.0,1823,64,32,True,0.007268807669309374,random_equal,0.0,0.022705950122184092,True,0.014537615338618748,9,64,0.0007154971057660316,1,0.9907540056230738,1823,0.9902912621359223,0.014537615338618748
0.0,1823,64,32,True,0.008597276588277636,random_equal,0.0,0.0268557571311555,True,0.01719455317655527,10,64,0.0012929378508165883,1,0.9991080465462617,1823,0.9805825242718447,0.01719455317655527
0.0,1823,64,32,True,0.0034988357229117917,random_equal,0.0,0.010929493945146475,True,0.006997671445823583,11,64,0.0003293331287328889,1,0.9952367840154253,1823,0.9902912621359223,0.006997671445823583
0.0,1823,64,32,True,0.0026124686815688636,random_equal,0.0,0.008160703416315133,True,0.005224937363137727,12,64,0.0003453617846688993,1,0.9995708688070464,1823,0.9902912621359223,0.005224937363137727
0.0,1823,64,32,True,0.006107496536115975,random_equal,0.0,0.019078302526284535,True,0.01221499307223195,13,64,0.000726364797867169,1,0.9936661197603929,1823,0.9611650485436893,0.01221499307223195
0.0,1823,64,32,True,0.008674586203764767,random_equal,0.0,0.02709725317191989,True,0.017349172407529534,14,64,0.0012339110238962301,1,0.9939658189706969,1823,0.9805825242718447,0.017349172407529534
0.0,1823,64,32,True,0.004374778924430483,random_equal,0.0,0.01366572298688137,True,0.008749557848860966,15,64,0.0006739448412572815,1,0.9900862387959634,1823,0.970873786407767,0.008749557848860966
0.0,1823,64,32,True,0.007984941195560313,random_equal,0.0,0.024942973423341622,True,0.015969882391120627,16,64,0.0007134476647716655,1,0.9936352687614307,1823,0.9805825242718447,0.015969882391120627
0.0,1823,64,32,True,0.007977380629341231,random_equal,0.0,0.024919356091961296,True,0.015954761258682462,17,64,0.0008365327191520474,1,0.9984097248808387,1823,0.970873786407767,0.015954761258682462
0.0,1823,64,32,True,0.003958788157969739,random_equal,0.0,0.012366271133941615,True,0.007917576315939479,18,64,0.0005011273170021629,1,0.9919201828833362,1823,0.9902912621359223,0.007917576315939479
0.0,1823,64,32,True,0.005410413604973255,random_equal,0.0,0.016900788553479647,True,0.01082082720994651,19,64,0.0008749564692302547,1,0.9947877960891238,1823,0.9611650485436893,0.01082082720994651
0.0,1823,64,32,True,0.002169224281486822,random_equal,0.0,0.006776117979738783,True,0.004338448562973644,20,64,0.0003704557888327757,1,0.9899945672961039,1823,0.9902912621359223,0.004338448562973644
0.0,1823,64,32,True,0.004038561878099242,random_equal,0.0,0.01261546442570657,True,0.008077123756198484,21,64,0.0004929704976425807,1,0.9994040898489273,1823,0.9902912621359223,0.008077123756198484
0.0,1823,64,32,True,0.005862604785420722,random_equal,0.0,0.018313321510195955,True,0.011725209570841444,22,64,0.0006156344519371845,1,0.9962260667550128,1823,0.9902912621359223,0.011725209570841444
0.0,1823,64,32,True,0.00473554508485511,random_equal,0.0,0.014792666884291128,True,0.00947109016971022,23,64,0.0005801671554206071,1,0.9944043602491881,1823,0.970873786407767,0.00947109016971022
0.0,1823,64,32,True,0.00405460831206059,random_equal,0.0,0.012665589500648871,True,0.00810921662412118,24,64,0.0006322439130996493,1,0.9933995234875737,1823,0.9805825242718447,0.00810921662412118
0.0,1823,64,32,True,0.005372601334264759,random_equal,0.0,0.016782672409570838,True,0.010745202668529519,25,64,0.0005983066284675446,1,0.9934332774196929,1823,0.9805825242718447,0.010745202668529519
0.0,1823,64,32,True,0.003954034727217559,random_equal,0.0,0.012351422596674082,True,0.007908069454435118,26,64,0.000511821159866102,1,0.994872372306257,1823,0.9902912621359223,0.007908069454435118
0.0,1823,64,32,True,0.012549584657589596,random_equal,0.0,0.03920178607730721,True,0.025099169315179193,27,64,0.0009644413848140871,1,0.999587115733234,1823,0.9611650485436893,0.025099169315179193
0.0,1823,64,32,True,0.0045452544820319685,random_equal,0.0,0.014198246295249307,True,0.009090508964063937,28,64,0.0006679591939684062,1,0.9905176498671234,1823,0.9514563106796117,0.009090508964063937
0.0,1823,64,32,True,0.0057954182271235805,random_equal,0.0,0.01810344738627089,True,0.011590836454247161,29,64,0.0009547468685906911,1,0.9943468478068647,1823,0.9611650485436893,0.011590836454247161
0.0,1823,64,32,True,0.006692965948413121,random_equal,0.0,0.020907163582797605,True,0.013385931896826242,30,64,0.00097039889795475,1,0.9931774686588273,1823,0.9805825242718447,0.013385931896826242
0.0,1823,64,32,True,0.008448872776653849,random_equal,0.0,0.026392180476224984,True,0.016897745553307697,31,64,0.0008409721371799898,1,0.9933687004282954,1823,0.9611650485436893,0.016897745553307697
0.0,1823,64,32,True,0.002708194684185719,posterior_medoid,0.0,0.008459727677197923,True,0.005416389368371438,0,64,0.00031343242295574334,1,0.9997004251212896,1823,0.9902912621359223,0.005416389368371438
0.0,1823,64,32,True,0.001693639177333811,acquisition_fw,0.0,0.005290508214694884,True,0.003387278354667622,0,64,0.0001839263593099856,1,0.9991257267782335,1823,0.9805825242718447,0.003387278354667622
0.0,1823,4,40,True,0.012178418423542031,random_equal,0.0,0.057198214752550595,True,0.024356836847084062,0,4,0.0008040312562812215,1,0.9919172211423212,1823,1.0,0.024356836847084062
0.0,1823,4,40,True,0.009731717795064848,random_equal,0.0,0.045706828669747936,True,0.019463435590129696,1,4,0.0011872620824055348,1,0.9904085297916041,1823,0.9805825242718447,0.019463435590129696
0.0,1823,4,40,True,0.01057589253092428,random_equal,0.0,0.04967165284897185,True,0.02115178506184856,2,4,0.000854376090262877,1,0.9937684725363582,1823,0.9805825242718447,0.02115178506184856
0.0,1823,4,40,True,0.016062798625907454,random_equal,0.0,0.07544193124088862,True,0.03212559725181491,3,4,0.0014360325047982816,1,0.9908961589160163,1823,0.9805825242718447,0.03212559725181491
0.0,1823,4,40,True,0.045581786459787915,random_equal,0.0,0.21408336616944404,True,0.09116357291957583,4,4,0.003569564037552473,1,0.9923293195406094,1823,0.9611650485436893,0.09116357291957583
0.0,1823,4,40,True,0.01638272986212802,random_equal,0.0,0.07694454799447449,True,0.03276545972425604,5,4,0.0011012918066059952,1,0.9832384475021883,1823,0.970873786407767,0.03276545972425604
0.0,1823,4,40,True,0.016806653419056072,random_equal,0.0,0.07893558408837012,True,0.033613306838112145,6,4,0.0018694389075811736,1,0.9830742198465943,1823,0.970873786407767,0.033613306838112145
0.0,1823,4,40,True,0.050294697789696335,random_equal,0.0,0.23621843371127904,True,0.10058939557939267,7,4,0.0040471630990108,1,0.9935631626579922,1823,0.9514563106796117,0.10058939557939267
0.0,1823,4,40,True,0.011858243926937267,random_equal,0.0,0.0556944554811753,True,0.023716487853874535,8,4,0.001034685505060267,1,0.992451292013415,1823,0.9611650485436893,0.023716487853874535
0.0,1823,4,40,True,0.007538488037816184,random_equal,0.0,0.03540591583411329,True,0.015076976075632367,9,4,0.0009156202141984902,1,0.991263166636262,1823,0.9805825242718447,0.015076976075632367
0.0,1823,4,40,True,0.026272770311188326,random_equal,0.0,0.12339496855345496,True,0.05254554062237665,10,4,0.0018681935414998,1,0.9899594672084127,1823,0.970873786407767,0.05254554062237665
0.0,1823,4,40,True,0.03174682269660517,random_equal,0.0,0.14910487709975034,True,0.06349364539321034,11,4,0.0026993457795208196,1,0.9724572210312564,1823,0.9611650485436893,0.06349364539321034
0.0,1823,4,40,True,0.013145069007521187,random_equal,0.0,0.061738269607804715,True,0.026290138015042375,12,4,0.0009668129244653357,1,0.988725048757607,1823,0.9902912621359223,0.026290138015042375
0.0,1823,4,40,True,0.010441068361748684,random_equal,0.0,0.049038425978770665,True,0.02088213672349737,13,4,0.000864404886487591,1,0.992419025439551,1823,0.9902912621359223,0.02088213672349737
0.0,1823,4,40,True,0.0037106438195850244,random_equal,0.0,0.017427731145496252,True,0.007421287639170049,14,4,0.0003816802052498642,1,0.9915302669025144,1823,0.9902912621359223,0.007421287639170049
0.0,1823,4,40,True,0.01855946267702524,random_equal,0.0,0.08716797986184527,True,0.03711892535405048,15,4,0.002269404397876012,1,0.9927061598030016,1823,0.970873786407767,0.03711892535405048
0.0,1823,4,40,True,0.017097675843021687,random_equal,0.0,0.08030242521049932,True,0.034195351686043374,16,4,0.002041310843280145,1,0.9910162015022747,1823,0.9805825242718447,0.034195351686043374
0.0,1823,4,40,True,0.007390252921988073,random_equal,0.0,0.03470970195032891,True,0.014780505843976145,17,4,0.001019398452709239,1,0.9892522353109698,1823,0.9805825242718447,0.014780505843976145
0.0,1823,4,40,True,0.03688577308889096,random_equal,0.0,0.1732409166016002,True,0.07377154617778192,18,4,0.002900759663033585,1,0.9757282458389404,1823,0.970873786407767,0.07377154617778192
0.0,1823,4,40,True,0.007983784318053133,random_equal,0.0,0.03749733291141364,True,0.015967568636106266,19,4,0.0007077687515422008,1,0.9908389278460229,1823,0.9902912621359223,0.015967568636106266
0.0,1823,4,40,True,0.006775742591007938,random_equal,0.0,0.031823539506516285,True,0.013551485182015877,20,4,0.0006175723141613698,1,0.9901619365499231,1823,0.9902912621359223,0.013551485182015877
0.0,1823,4,40,True,0.01502255127888194,random_equal,0.0,0.07055621545402449,True,0.03004510255776388,21,4,0.0014647252132926026,1,0.9860814932022189,1823,0.970873786407767,0.03004510255776388
0.0,1823,4,40,True,0.010705944720553251,random_equal,0.0,0.05028246722672861,True,0.021411889441106502,22,4,0.0008895410102696081,1,0.9914439265505967,1823,0.970873786407767,0.021411889441106502
0.0,1823,4,40,True,0.014811247469044747,random_equal,0.0,0.06956378767951675,True,0.029622494938089494,23,4,0.0016013517771369921,1,0.992279883102241,1823,0.9805825242718447,0.029622494938089494
0.0,1823,4,40,True,0.032588085847396586,random_equal,0.0,0.15305602647636862,True,0.06517617169479317,24,4,0.002447525462539728,1,0.9811424375692972,1823,0.9805825242718447,0.06517617169479317
0.0,1823,4,40,True,0.01800434836061174,random_equal,0.0,0.0845607818843923,True,0.03600869672122348,25,4,0.0013394270408992339,1,0.9897049715821253,1823,0.9611650485436893,0.03600869672122348
0.0,1823,4,40,True,0.01023749533354057,random_equal,0.0,0.0480823072628325,True,0.02047499066708114,26,4,0.0008689027155042665,1,0.9922632320926691,1823,0.9902912621359223,0.02047499066708114
0.0,1823,4,40,True,0.02446600397889595,random_equal,0.0,0.11490915331143928,True,0.0489320079577919,27,4,0.0021684714411399253,1,0.9834532677218316,1823,0.970873786407767,0.0489320079577919
0.0,1823,4,40,True,0.0066828383397673635,random_equal,0.0,0.03138719735361317,True,0.013365676679534727,28,4,0.0006909632080830931,1,0.9897552571721724,1823,0.9902912621359223,0.013365676679534727
0.0,1823,4,40,True,0.011530375180452274,random_equal,0.0,0.054154558729406124,True,0.023060750360904547,29,4,0.000982212192863962,1,0.9857137366700198,1823,0.9805825242718447,0.023060750360904547
0.0,1823,4,40,True,0.027955452488252236,random_equal,0.0,0.1312979994049765,True,0.05591090497650447,30,4,0.0022297353268867226,1,0.9820779786348383,1823,0.9902912621359223,0.05591090497650447
0.0,1823,4,40,True,0.0213957580250079,random_equal,0.0,0.10048917024745105,True,0.0427915160500158,31,4,0.001607949658205965,1,0.9843300846865088,1823,0.9611650485436893,0.0427915160500158
0.0,1823,4,40,True,0.012189015197907382,posterior_medoid,0.0,0.05724798448083173,True,0.024378030395814765,0,4,0.0011635155320723818,1,0.9896789757420265,1823,0.9902912621359223,0.024378030395814765
0.0,1823,4,40,True,0.004283647036319671,acquisition_fw,0.0,0.02011894768157239,True,0.008567294072639342,0,4,0.00044228856160455186,1,0.9925769495415876,1823,0.9902912621359223,0.008567294072639342
0.0,1823,8,40,True,0.004004886245287387,random_equal,0.0,0.01880969560666971,True,0.008009772490574774,0,8,0.00035816007218330767,1,0.9910168779096967,1823,1.0,0.008009772490574774
0.0,1823,8,40,True,0.017814294626248506,random_equal,0.0,0.08366815905484505,True,0.03562858925249701,1,8,0.0019241009836846834,1,0.9836231811241842,1823,0.970873786407767,0.03562858925249701
0.0,1823,8,40,True,0.012457165067130925,random_equal,0.0,0.058507400381345324,True,0.02491433013426185,2,8,0.0013301249188430065,1,0.9942347965437844,1823,0.9805825242718447,0.02491433013426185
0.0,1823,8,40,True,0.014527604446551462,random_equal,0.0,0.06823160529347956,True,0.029055208893102924,3,8,0.0012336635149292952,1,0.9936353164216992,1823,0.9805825242718447,0.029055208893102924
0.0,1823,8,40,True,0.015555532255124432,random_equal,0.0,0.07305946006904039,True,0.031111064510248865,4,8,0.0013812307923090612,1,0.9912118110072228,1823,0.970873786407767,0.031111064510248865
0.0,1823,8,40,True,0.004308299464374027,random_equal,0.0,0.020234732410343004,True,0.008616598928748054,5,8,0.0004361264969359557,1,0.9887788577134071,1823,0.9902912621359223,0.008616598928748054
0.0,1823,8,40,True,0.005452169191584311,random_equal,0.0,0.02560713004281703,True,0.010904338383168621,6,8,0.0005372014672499756,1,0.9932851563968165,1823,1.0,0.010904338383168621
0.0,1823,8,40,True,0.013146621943397524,random_equal,0.0,0.061745563260942785,True,0.026293243886795048,7,8,0.0011348610512466456,1,0.9859855113047814,1823,0.9805825242718447,0.026293243886795048
0.0,1823,8,40,True,0.008769996932424196,random_equal,0.0,0.04118992717070014,True,0.01753999386484839,8,8,0.0006558108907258386,1,0.9884994855256849,1823,0.9902912621359223,0.01753999386484839
0.0,1823,8,40,True,0.007835551761443862,random_equal,0.0,0.03680113104747811,True,0.015671103522887725,9,8,0.0007631201662687742,1,0.9945912328547822,1823,0.970873786407767,0.015671103522887725
0.0,1823,8,40,True,0.016224840771485977,random_equal,0.0,0.07620299241643894,True,0.03244968154297195,10,8,0.001054573574875691,1,0.9894622060889376,1823,0.9805825242718447,0.03244968154297195
0.0,1823,8,40,True,0.00959647538259123,random_equal,0.0,0.045071637441848805,True,0.01919295076518246,11,8,0.0007253844859429052,1,0.9910170784824216,1823,0.9805825242718447,0.01919295076518246
0.0,1823,8,40,True,0.016694664645582225,random_equal,0.0,0.07840960791541737,True,0.03338932929116445,12,8,0.0013946632401515779,1,0.9821085887038801,1823,0.970873786407767,0.03338932929116445
0.0,1823,8,40,True,0.006528710633324775,random_equal,0.0,0.030663307818385884,True,0.01305742126664955,13,8,0.0006225368351163125,1,0.9841466319659097,1823,0.9902912621359223,0.01305742126664955
0.0,1823,8,40,True,0.02142191654406697,random_equal,0.0,0.1006120286136784,True,0.04284383308813394,14,8,0.001955814771847178,1,0.9883961489226132,1823,0.9805825242718447,0.04284383308813394
0.0,1823,8,40,True,0.007176434754562977,random_equal,0.0,0.03370546502620289,True,0.014352869509125954,15,8,0.000732929137365856,1,0.9923667612448493,1823,0.9805825242718447,0.014352869509125954
0.0,1823,8,40,True,0.009140910922613182,random_equal,0.0,0.04293199394223948,True,0.018281821845226365,16,8,0.0006948085182947383,1,0.9935287088534441,1823,0.9902912621359223,0.018281821845226365
0.0,1823,8,40,True,0.00529427575963775,random_equal,0.0,0.024865554075034678,True,0.0105885515192755,17,8,0.0006376930453083734,1,0.9918340171940585,1823,0.9902912621359223,0.0105885515192755
0.0,1823,8,40,True,0.01399475403107725,random_equal,0.0,0.06572897388147594,True,0.0279895080621545,18,8,0.0009563420364224382,1,0.9928596260749775,1823,0.9902912621359223,0.0279895080621545
0.0,1823,8,40,True,0.004217567534722716,random_equal,0.0,0.019808592971162886,True,0.008435135069445432,19,8,0.0004246260355653157,1,0.990325717723104,1823,0.9902912621359223,0.008435135069445432
0.0,1823,8,40,True,0.012991262281352639,random_equal,0.0,0.0610158876163329,True,0.025982524562705278,20,8,0.0008651576074509643,1,0.9849157761312037,1823,0.9902912621359223,0.025982524562705278
0.0,1823,8,40,True,0.0088130556490673,random_equal,0.0,0.041392160468643045,True,0.0176261112981346,21,8,0.0007041401551952883,1,0.9932021083789095,1823,0.9902912621359223,0.0176261112981346
0.0,1823,8,40,True,0.008926144956620464,random_equal,0.0,0.04192330550527103,True,0.017852289913240928,22,8,0.0008032155165935626,1,0.9916111791776456,1823,0.970873786407767,0.017852289913240928
0.0,1823,8,40,True,0.01079729204615517,random_equal,0.0,0.05071149698783039,True,0.02159458409231034,23,8,0.0012525442690469975,1,0.9944612103427064,1823,0.9805825242718447,0.02159458409231034
0.0,1823,8,40,True,0.008347529865810999,random_equal,0.0,0.03920573175536528,True,0.016695059731621997,24,8,0.0005941148333624383,1,0.9923034229325631,1823,0.9902912621359223,0.016695059731621997
0.0,1823,8,40,True,0.0061580618230686335,random_equal,0.0,0.028922486513886635,True,0.012316123646137267,25,8,0.0008735420315487079,1,0.9911137504904352,1823,0.9902912621359223,0.012316123646137267
0.0,1823,8,40,True,0.011646477958691254,random_equal,0.0,0.054699857093456705,True,0.023292955917382507,26,8,0.0009220181448356822,1,0.9938637586831892,1823,0.9902912621359223,0.023292955917382507
0.0,1823,8,40,True,0.009895884776294578,random_equal,0.0,0.04647786953245176,True,0.019791769552589156,27,8,0.0010224470634716534,1,0.9875071807724324,1823,0.9902912621359223,0.019791769552589156
0.0,1823,8,40,True,0.019155288193556413,random_equal,0.0,0.08996638558780713,True,0.03831057638711283,28,8,0.0017760800613451355,1,0.9871091864880825,1823,1.0,0.03831057638711283
0.0,1823,8,40,True,0.012015522784599303,random_equal,0.0,0.05643314498614408,True,0.024031045569198606,29,8,0.0007861368643672897,1,0.9916560230127388,1823,0.9805825242718447,0.024031045569198606
0.0,1823,8,40,True,0.007691998916509429,random_equal,0.0,0.03612690832270897,True,0.015383997833018859,30,8,0.0007586355392887282,1,0.994367173714722,1823,0.9902912621359223,0.015383997833018859
0.0,1823,8,40,True,0.016831201636381604,random_equal,0.0,0.07905087937200594,True,0.03366240327276321,31,8,0.0013200279534334267,1,0.9907349452105477,1823,0.9902912621359223,0.03366240327276321
0.0,1823,8,40,True,0.0068992448133624595,posterior_medoid,0.0,0.0324035907406729,True,0.013798489626724919,0,8,0.000760317956935559,1,0.9936274519566985,1823,0.9902912621359223,0.013798489626724919
0.0,1823,8,40,True,0.003120185088508573,acquisition_fw,0.0,0.014654531528923494,True,0.006240370177017146,0,8,0.0002887266106711109,1,0.9953948249496922,1823,0.9902912621359223,0.006240370177017146
0.0,1823,16,40,True,0.006542072294902529,random_equal,0.0,0.03072606335541834,True,0.013084144589805058,0,16,0.0006379128948888796,1,0.9935030750920731,1823,0.9902912621359223,0.013084144589805058
0.0,1823,16,40,True,0.01101200075979944,random_equal,0.0,0.05171991652846044,True,0.02202400151959888,1,16,0.0009856568312578136,1,0.9921744214815199,1823,0.9902912621359223,0.02202400151959888
0.0,1823,16,40,True,0.012675708868228386,random_equal,0.0,0.05953383212586865,True,0.02535141773645677,2,16,0.0011534493320413501,1,0.9940191757229704,1823,0.9902912621359223,0.02535141773645677
0.0,1823,16,40,True,0.0042289677490964656,random_equal,0.0,0.019862136205374182,True,0.008457935498192931,3,16,0.0004254814603862077,1,0.9935312561356133,1823,0.9902912621359223,0.008457935498192931
0.0,1823,16,40,True,0.005510088309297362,random_equal,0.0,0.025879157987498687,True,0.011020176618594724,4,16,0.0006951285811993617,1,0.9943289998092298,1823,0.9902912621359223,0.011020176618594724
0.0,1823,16,40,True,0.013387230937629918,random_equal,0.0,0.06287562830263126,True,0.026774461875259836,5,16,0.0012870456443586833,1,0.9916137060377626,1823,0.9805825242718447,0.026774461875259836
0.0,1823,16,40,True,0.014996489576677013,random_equal,0.0,0.07043381180621971,True,0.029992979153354027,6,16,0.0012201837298667613,1,0.993135241178269,1823,0.9902912621359223,0.029992979153354027
0.0,1823,16,40,True,0.0033936591708168783,random_equal,0.0,0.015938953589746205,True,0.0067873183416337565,7,16,0.00038816020975847336,1,0.9928004360425859,1823,0.9902912621359223,0.0067873183416337565
0.0,1823,16,40,True,0.005289333051908873,random_equal,0.0,0.024842339725822563,True,0.010578666103817747,8,16,0.0005016577095484549,1,0.9933574521026046,1823,1.0,0.010578666103817747
0.0,1823,16,40,True,0.003651288683437226,random_equal,0.0,0.01714895867225902,True,0.007302577366874452,9,16,0.00045317151474829877,1,0.9945595472605417,1823,0.9902912621359223,0.007302577366874452
0.0,1823,16,40,True,0.006227982830662893,random_equal,0.0,0.02925088357407961,True,0.012455965661325785,10,16,0.0006087370026432605,1,0.9931626321643636,1823,0.9902912621359223,0.012455965661325785
0.0,1823,16,40,True,0.0046512833418111965,random_equal,0.0,0.02184562019527821,True,0.009302566683622393,11,16,0.00045299208377439187,1,0.9943660422612678,1823,0.970873786407767,0.009302566683622393
0.0,1823,16,40,True,0.010537064761852816,random_equal,0.0,0.04948929098584035,True,0.02107412952370563,12,16,0.0008038631031292927,1,0.9930581309436383,1823,0.9902912621359223,0.02107412952370563
0.0,1823,16,40,True,0.005614382633125008,random_equal,0.0,0.026368995741819397,True,0.011228765266250017,13,16,0.0007405833682081426,1,0.9926130403404617,1823,0.9902912621359223,0.011228765266250017
0.0,1823,16,40,True,0.01388332991246971,random_equal,0.0,0.0652056497154736,True,0.02776665982493942,14,16,0.0009918331346823977,1,0.992312350846876,1823,0.9805825242718447,0.02776665982493942
0.0,1823,16,40,True,0.00916061502599555,random_equal,0.0,0.04302453794077647,True,0.0183212300519911,15,16,0.0008115978658146471,1,0.9934347465657413,1823,0.9902912621359223,0.0183212300519911
0.0,1823,16,40,True,0.012616931267174086,random_equal,0.0,0.05925777215397242,True,0.025233862534348173,16,16,0.0011923456176318981,1,0.9889658341779224,1823,0.9902912621359223,0.025233862534348173
0.0,1823,16,40,True,0.007628353171314495,random_equal,0.0,0.03582798420340718,True,0.01525670634262899,17,16,0.0006771557213602835,1,0.9930968546296846,1823,0.9805825242718447,0.01525670634262899
0.0,1823,16,40,True,0.00397888057379478,random_equal,0.0,0.018687555117561285,True,0.00795776114758956,18,16,0.00048432413954649004,1,0.9938199629425745,1823,0.9902912621359223,0.00795776114758956
0.0,1823,16,40,True,0.007576033694509404,random_equal,0.0,0.03558225601720414,True,0.015152067389018808,19,16,0.0006763014438645006,1,0.9934537225466888,1823,0.9902912621359223,0.015152067389018808
0.0,1823,16,40,True,0.010911677283103993,random_equal,0.0,0.051248728598699715,True,0.021823354566207986,20,16,0.0009730739612074493,1,0.9922432170454786,1823,0.9805825242718447,0.021823354566207986
0.0,1823,16,40,True,0.0027971194780757463,random_equal,0.0,0.013137193601941164,True,0.005594238956151493,21,16,0.00027420683652192035,1,0.9922961962744865,1823,0.9902912621359223,0.005594238956151493
0.0,1823,16,40,True,0.002836095870320389,random_equal,0.0,0.013320253501540206,True,0.005672191740640778,22,16,0.000314889154253032,1,0.9926174679777027,1823,1.0,0.005672191740640778
0.0,1823,16,40,True,0.005743861956403251,random_equal,0.0,0.026977119545856822,True,0.011487723912806502,23,16,0.0005338427587033343,1,0.9939021744254887,1823,0.9902912621359223,0.011487723912806502
0.0,1823,16,40,True,0.004943110730665598,random_equal,0.0,0.023216241985222864,True,0.009886221461331196,24,16,0.0003836506423437817,1,0.9921566772973066,1823,0.9902912621359223,0.009886221461331196
0.0,1823,16,40,True,0.006211903826419285,random_equal,0.0,0.029175365530131045,True,0.01242380765283857,25,16,0.000558866153534437,1,0.9933741009127052,1823,1.0,0.01242380765283857
0.0,1823,16,40,True,0.0071969512377749595,random_equal,0.0,0.03380182451820865,True,0.014393902475549919,26,16,0.0005901317689640108,1,0.9932043978894542,1823,0.9902912621359223,0.014393902475549919
0.0,1823,16,40,True,0.004518276886571013,random_equal,0.0,0.021220930557780036,True,0.009036553773142025,27,16,0.00038646050826920486,1,0.9940481934183278,1823,0.970873786407767,0.009036553773142025
0.0,1823,16,40,True,0.0027830506392806237,random_equal,0.0,0.01307111667514032,True,0.005566101278561247,28,16,0.0002515965033685863,1,0.9917385079100355,1823,0.9902912621359223,0.005566101278561247
0.0,1823,16,40,True,0.00500576480469811,random_equal,0.0,0.023510508535853625,True,0.01001152960939622,29,16,0.0004195702474050169,1,0.9940419750146405,1823,1.0,0.01001152960939622
0.0,1823,16,40,True,0.003496303409436928,random_equal,0.0,0.016421041410965447,True,0.006992606818873856,30,16,0.0003544002480703109,1,0.9938757478299605,1823,0.9805825242718447,0.006992606818873856
0.0,1823,16,40,True,0.0161930908948672,random_equal,0.0,0.07605387319602382,True,0.0323861817897344,31,16,0.0017141827870093354,1,0.9935718577098049,1823,0.9805825242718447,0.0323861817897344
0.0,1823,16,40,True,0.009560951700835235,posterior_medoid,0.0,0.044904793841373324,True,0.01912190340167047,0,16,0.0007682414423225616,1,0.9948495943832388,1823,1.0,0.01912190340167047
0.0,1823,16,40,True,0.0023490544338590526,acquisition_fw,0.0,0.011032772507928236,True,0.004698108867718105,0,16,0.00019414321109228528,1,0.9969853947605299,1823,0.9902912621359223,0.004698108867718105
0.0,1823,32,40,True,0.005797138194354123,random_equal,0.0,0.027227341339323145,True,0.011594276388708247,0,32,0.0004600703418236049,1,0.9932813763265917,1823,1.0,0.011594276388708247
0.0,1823,32,40,True,0.005960654829261974,random_equal,0.0,0.027995327729164514,True,0.011921309658523949,1,32,0.0005283452296246229,1,0.9944237846346393,1823,0.9902912621359223,0.011921309658523949
0.0,1823,32,40,True,0.007701145626029887,random_equal,0.0,0.03616986755084806,True,0.015402291252059774,2,32,0.0007853765766975637,1,0.9893409999512895,1823,1.0,0.015402291252059774
0.0,1823,32,40,True,0.006587287083670651,random_equal,0.0,0.03093842304844308,True,0.013174574167341302,3,32,0.0004950429303463915,1,0.9926486215701515,1823,1.0,0.013174574167341302
0.0,1823,32,40,True,0.012769592269544827,random_equal,0.0,0.059974773039823216,True,0.025539184539089654,4,32,0.0010505474215636843,1,0.9849831824594761,1823,0.9902912621359223,0.025539184539089654
0.0,1823,32,40,True,0.0029946775126608108,random_equal,0.0,0.01406506177786493,True,0.0059893550253216216,5,32,0.00023618012173767038,1,0.9930148018439005,1823,0.9902912621359223,0.0059893550253216216
0.0,1823,32,40,True,0.008837928964114311,random_equal,0.0,0.0415089826343946,True,0.017675857928228622,6,32,0.00062692052543602,1,0.9923999171476076,1823,0.9902912621359223,0.017675857928228622
0.0,1823,32,40,True,0.008334329458288242,random_equal,0.0,0.0391437335780939,True,0.016668658916576484,7,32,0.000664857912603116,1,0.9935894133178966,1823,1.0,0.016668658916576484
0.0,1823,32,40,True,0.003968750059005793,random_equal,0.0,0.018639975264389697,True,0.007937500118011587,8,32,0.00031258442871551196,1,0.9939192561336435,1823,0.9902912621359223,0.007937500118011587
0.0,1823,32,40,True,0.004638883437673158,random_equal,0.0,0.021787381731535865,True,0.009277766875346316,9,32,0.0004057702928165227,1,0.9937416984905799,1823,0.9902912621359223,0.009277766875346316
0.0,1823,32,40,True,0.002584718841601552,random_equal,0.0,0.012139614376452874,True,0.005169437683203104,10,32,0.00032793238282171803,1,0.9905138328289891,1823,0.9902912621359223,0.005169437683203104
0.0,1823,32,40,True,0.004991608305893375,random_equal,0.0,0.023444019897459315,True,0.00998321661178675,11,32,0.0004033750453401907,1,0.9953264091295789,1823,1.0,0.00998321661178675
0.0,1823,32,40,True,0.010032028126138598,random_equal,0.0,0.047117292180835775,True,0.020064056252277196,12,32,0.0007249580629700497,1,0.9935983630396014,1823,1.0,0.020064056252277196
0.0,1823,32,40,True,0.0037067507390350363,random_equal,0.0,0.017409446566201723,True,0.0074135014780700725,13,32,0.0003086866981520525,1,0.9936573686130027,1823,0.9902912621359223,0.0074135014780700725
0.0,1823,32,40,True,0.005332386348998297,random_equal,0.0,0.025044547569820254,True,0.010664772697996594,14,32,0.0005328982512705751,1,0.9934840555399127,1823,0.9902912621359223,0.010664772697996594
0.0,1823,32,40,True,0.0033242383294710964,random_equal,0.0,0.01561290565367571,True,0.006648476658942193,15,32,0.0002922929593697466,1,0.9938408847020342,1823,1.0,0.006648476658942193
0.0,1823,32,40,True,0.00462778602732658,random_equal,0.0,0.021735260672944734,True,0.00925557205465316,16,32,0.0003729903257033875,1,0.9927369503876287,1823,1.0,0.00925557205465316
0.0,1823,32,40,True,0.003905537529937747,random_equal,0.0,0.018343085825470715,True,0.007811075059875494,17,32,0.00030192482201429866,1,0.9953061154334589,1823,0.9902912621359223,0.007811075059875494
0.0,1823,32,40,True,0.0034258728563210696,random_equal,0.0,0.016090251175143504,True,0.006851745712642139,18,32,0.0003660192477455588,1,0.9946665912263501,1823,0.9902912621359223,0.006851745712642139
0.0,1823,32,40,True,0.003745422618530725,random_equal,0.0,0.017591076264849886,True,0.00749084523706145,19,32,0.0003408649032163006,1,0.9945291997781648,1823,1.0,0.00749084523706145
0.0,1823,32,40,True,0.005886476656231501,random_equal,0.0,0.02764693609706662,True,0.011772953312463003,20,32,0.000499124235174378,1,0.9924436130781981,1823,0.9902912621359223,0.011772953312463003
0.0,1823,32,40,True,0.0029132460204512184,random_equal,0.0,0.01368260357869343,True,0.005826492040902437,21,32,0.0002910056517088788,1,0.9963612668069167,1823,1.0,0.005826492040902437
0.0,1823,32,40,True,0.004917774209328707,random_equal,0.0,0.02309724428469152,True,0.009835548418657414,22,32,0.0005022255139785465,1,0.9943167522880297,1823,0.9902912621359223,0.009835548418657414
0.0,1823,32,40,True,0.005828211632264851,random_equal,0.0,0.02737328353911504,True,0.011656423264529703,23,32,0.00046591558043080863,1,0.9914456153963818,1823,0.9902912621359223,0.011656423264529703
0.0,1823,32,40,True,0.005730952895395963,random_equal,0.0,0.026916489731863794,True,0.011461905790791926,24,32,0.00046980378035848744,1,0.9944746103091346,1823,0.9902912621359223,0.011461905790791926
0.0,1823,32,40,True,0.0036915974717429967,random_equal,0.0,0.017338276418598864,True,0.007383194943485993,25,32,0.00030349508239966146,1,0.9914054567121403,1823,0.9902912621359223,0.007383194943485993
0.0,1823,32,40,True,0.004555618056145509,random_equal,0.0,0.021396310328958258,True,0.009111236112291018,26,32,0.0004978128173482381,1,0.9932158103828663,1823,0.9805825242718447,0.009111236112291018
0.0,1823,32,40,True,0.0019806040248509793,random_equal,0.0,0.00930227640513631,True,0.003961208049701959,27,32,0.00019909822778991834,1,0.9916598637837302,1823,1.0,0.003961208049701959
0.0,1823,32,40,True,0.0025415844544572352,random_equal,0.0,0.01193702567788008,True,0.0050831689089144705,28,32,0.00025379138171295206,1,0.9939758540873397,1823,1.0,0.0050831689089144705
0.0,1823,32,40,True,0.00296444238934207,random_equal,0.0,0.013923056878992998,True,0.00592888477868414,29,32,0.00032950684765392294,1,0.9937334992768648,1823,0.9902912621359223,0.00592888477868414
0.0,1823,32,40,True,0.0037721487475351617,random_equal,0.0,0.017716600517107883,True,0.0075442974950703234,30,32,0.00040551011454915427,1,0.995924606767439,1823,0.9902912621359223,0.0075442974950703234
0.0,1823,32,40,True,0.003769681760886906,random_equal,0.0,0.0177050138539476,True,0.007539363521773812,31,32,0.00036436243564406327,1,0.9956137616805292,1823,0.9902912621359223,0.007539363521773812
0.0,1823,32,40,True,0.006545689377784575,posterior_medoid,0.0,0.030743051660161183,True,0.01309137875556915,0,32,0.0006101068195433792,1,0.9961766945598532,1823,0.9902912621359223,0.01309137875556915
0.0,1823,32,40,True,0.0017837805032503186,acquisition_fw,0.0,0.00837785800651197,True,0.003567561006500637,0,32,0.00013341242185842893,1,0.9999622408791157,1823,1.0,0.003567561006500637
0.0,1823,64,40,True,0.0018715004130162444,random_equal,0.0,0.008789850932224445,True,0.0037430008260324887,0,64,0.00017768492499360122,1,0.9952259090351552,1823,1.0,0.0037430008260324887
0.0,1823,64,40,True,0.0034521244656622596,random_equal,0.0,0.016213546757252492,True,0.006904248931324519,1,64,0.0003805358122785764,1,0.9937258790458027,1823,0.9902912621359223,0.006904248931324519
0.0,1823,64,40,True,0.0054778351368386935,random_equal,0.0,0.02572767494425099,True,0.010955670273677387,2,64,0.00044784194707138793,1,0.9956714108715576,1823,0.9902912621359223,0.010955670273677387
0.0,1823,64,40,True,0.0017888938921353445,random_equal,0.0,0.008401873991624917,True,0.003577787784270689,3,64,0.0002217925377076398,1,0.9967972748538512,1823,1.0,0.003577787784270689
0.0,1823,64,40,True,0.0041544669706894966,random_equal,0.0,0.019512229396923875,True,0.008308933941378993,4,64,0.0004443317163244107,1,0.9945274056730686,1823,1.0,0.008308933941378993
0.0,1823,64,40,True,0.004992536437349038,random_equal,0.0,0.023448379040040344,True,0.009985072874698075,5,64,0.00042401349865832323,1,0.9951713291798497,1823,1.0,0.009985072874698075
0.0,1823,64,40,True,0.008080893125350402,random_equal,0.0,0.03795342254645327,True,0.016161786250700805,6,64,0.0006562792282437591,1,0.9970208927675288,1823,0.9902912621359223,0.016161786250700805
0.0,1823,64,40,True,0.002658177060319865,random_equal,0.0,0.012484624608772338,True,0.00531635412063973,7,64,0.00035842560601755916,1,0.996167670684193,1823,1.0,0.00531635412063973
0.0,1823,64,40,True,0.004232528767136728,random_equal,0.0,0.01987886119112528,True,0.008465057534273457,8,64,0.00027858926839093246,1,0.9955484415526639,1823,0.9902912621359223,0.008465057534273457
0.0,1823,64,40,True,0.0036765155576345687,random_equal,0.0,0.017267441394538122,True,0.0073530311152691374,9,64,0.00021113300482433796,1,0.9939648937512123,1823,0.9902912621359223,0.0073530311152691374
0.0,1823,64,40,True,0.004174758456084948,random_equal,0.0,0.019607532144697237,True,0.008349516912169896,10,64,0.0003498037101542157,1,0.9933075078435901,1823,0.9902912621359223,0.008349516912169896
0.0,1823,64,40,True,0.0019445731939112185,random_equal,0.0,0.009133050883879676,True,0.003889146387822437,11,64,0.0002499663649125266,1,0.996402606997371,1823,0.9902912621359223,0.003889146387822437
0.0,1823,64,40,True,0.002370759382791937,random_equal,0.0,0.011134713850972942,True,0.004741518765583874,12,64,0.0001612914873606068,1,0.9958505970378357,1823,1.0,0.004741518765583874
0.0,1823,64,40,True,0.004485736869707324,random_equal,0.0,0.021068100296255853,True,0.008971473739414648,13,64,0.0003969036562305441,1,0.9937263791571038,1823,1.0,0.008971473739414648
0.0,1823,64,40,True,0.002580868530441413,random_equal,0.0,0.012121530671579008,True,0.005161737060882826,14,64,0.0003160122639529382,1,0.9956850714333899,1823,1.0,0.005161737060882826
0.0,1823,64,40,True,0.002841245276931831,random_equal,0.0,0.013344438650626567,True,0.005682490553863662,15,64,0.00036056010351747763,1,0.994143318957319,1823,0.9902912621359223,0.005682490553863662
0.0,1823,64,40,True,0.0022484798541914375,random_equal,0.0,0.010560405226200152,True,0.004496959708382875,16,64,0.00022528566077310394,1,0.9946843242734483,1823,1.0,0.004496959708382875
0.0,1823,64,40,True,0.002172554576722996,random_equal,0.0,0.0102038079920805,True,0.004345109153445992,17,64,0.00018842854871861967,1,0.9946565081553304,1823,0.9902912621359223,0.004345109153445992
0.0,1823,64,40,True,0.0022032137983962127,random_equal,0.0,0.010347804748015632,True,0.0044064275967924255,18,64,0.0001875318922114148,1,0.9968649130618071,1823,0.9902912621359223,0.0044064275967924255
0.0,1823,64,40,True,0.004071054265552543,random_equal,0.0,0.01912046606152297,True,0.008142108531105086,19,64,0.00043372853200400224,1,0.9930717900628162,1823,0.9902912621359223,0.008142108531105086
0.0,1823,64,40,True,0.002966912342858785,random_equal,0.0,0.013934657476604653,True,0.00593382468571757,20,64,0.0002767342640648884,1,0.9946676450643578,1823,0.9902912621359223,0.00593382468571757
0.0,1823,64,40,True,0.009225763819570937,random_equal,0.0,0.04333052140728236,True,0.018451527639141874,21,64,0.0007673433729912876,1,0.9960702805501637,1823,0.9902912621359223,0.018451527639141874
0.0,1823,64,40,True,0.0026359018182099403,random_equal,0.0,0.012380004777398704,True,0.005271803636419881,22,64,0.00024502292854874165,1,0.9956041825916662,1823,0.9902912621359223,0.005271803636419881
0.0,1823,64,40,True,0.002351082413783706,random_equal,0.0,0.011042297294087657,True,0.004702164827567412,23,64,0.00021344955098214695,1,0.9958838655943367,1823,0.9902912621359223,0.004702164827567412
0.0,1823,64,40,True,0.008069522575200022,random_equal,0.0,0.0379000186358027,True,0.016139045150400044,24,64,0.000683622755211773,1,0.9946868129841486,1823,0.9902912621359223,0.016139045150400044
0.0,1823,64,40,True,0.0027066401482860047,random_equal,0.0,0.012712240545148811,True,0.0054132802965720095,25,64,0.00026054573088621553,1,0.9941093547093633,1823,0.9902912621359223,0.0054132802965720095
0.0,1823,64,40,True,0.004304160807400648,random_equal,0.0,0.020215294435548765,True,0.008608321614801295,26,64,0.00031702060390386387,1,0.994676303366541,1823,0.9902912621359223,0.008608321614801295
0.0,1823,64,40,True,0.0022409718000310913,random_equal,0.0,0.010525142248750872,True,0.004481943600062183,27,64,0.0002474512952686861,1,0.9942295990303709,1823,0.9902912621359223,0.004481943600062183
0.0,1823,64,40,True,0.00904116392724208,random_equal,0.0,0.042463513564596274,True,0.01808232785448416,28,64,0.0007121305738609588,1,0.9938227275199003,1823,0.9902912621359223,0.01808232785448416
0.0,1823,64,40,True,0.0012898269910876087,random_equal,0.0,0.0060579131594994,True,0.0025796539821752174,29,64,0.00014400192470204212,1,0.9944331263752357,1823,1.0,0.0025796539821752174
0.0,1823,64,40,True,0.0033252923736872553,random_equal,0.0,0.015617856169033106,True,0.0066505847473745106,30,64,0.00025775664216329985,1,0.9943012497623399,1823,0.9902912621359223,0.0066505847473745106
0.0,1823,64,40,True,0.006032433106428009,random_equal,0.0,0.028332447802488194,True,0.012064866212856018,31,64,0.0005630820286332164,1,0.9967532820193674,1823,0.9902912621359223,0.012064866212856018
0.0,1823,64,40,True,0.0028471314315436647,posterior_medoid,0.0,0.013372084074182023,True,0.005694262863087329,0,64,0.0002934610933722645,1,0.9963584544408401,1823,1.0,0.005694262863087329
0.0,1823,64,40,True,0.0012977179689348181,acquisition_fw,0.0,0.006094974609501791,True,0.0025954359378696362,0,64,9.67625050759706e-05,1,0.9999668467402854,1823,1.0,0.0025954359378696362
0.059223826773949995,177,4,16,False,0.18161592412515914,random_equal,0.12339190655948327,0.3783939059679778,True,0.3040080214763683,0,4,0.046232754821090356,2,0.8967777123442799,149,0.6601941747572816,0.3632318482503183
0.09291053494291218,305,4,16,False,0.25616259971375244,random_equal,0.19357763033154965,0.5337107257279907,True,0.4194146644845927,1,4,0.08084847512487227,2,0.7428914235720453,149,0.6213592233009708,0.5123251994275049
0.0,149,4,16,True,0.40616884830121064,random_equal,0.0,0.8462463725663982,True,0.8123376966024213,2,4,0.08139741995265357,2,0.9060759162115256,149,0.5631067961165048,0.8123376966024213
0.0,149,4,16,True,0.15979052581897144,random_equal,0.0,0.3329210337285705,True,0.31958105163794287,3,4,0.042534732451079395,2,0.9144893135961745,149,0.6893203883495146,0.31958105163794287
0.0,149,4,16,True,0.15952137914613007,random_equal,0.0,0.33236027089180215,True,0.31904275829226014,4,4,0.038287167171725575,2,0.9174029239035664,149,0.6310679611650486,0.31904275829226014
0.0,149,4,16,True,0.28873601137304095,random_equal,0.0,0.6015769138270418,True,0.5774720227460819,5,4,0.06123475760192698,2,0.9153639640036736,149,0.7961165048543689,0.5774720227460819
0.2475659578877581,1973,4,16,False,0.21413008546626025,random_equal,0.5157997584247934,0.44613664696602845,True,0.1806942130447624,6,4,0.05009844428244934,2,0.7918901329151113,149,0.4563106796116505,0.4282601709325205
0.0,149,4,16,True,0.21783303797670306,random_equal,0.0,0.45385168996564323,True,0.4356660759534061,7,4,0.05773750159035537,2,0.9379767487962243,149,0.7378640776699029,0.4356660759534061
0.0,149,4,16,True,0.2992554270842902,random_equal,0.0,0.6234939501147706,True,0.5985108541685804,8,4,0.056591855794751435,2,0.9294597804003432,149,0.7669902912621359,0.5985108541685804
0.1103626664802998,1645,4,16,False,0.19637170657405964,random_equal,0.2299388704139341,0.4091373453626719,True,0.2823807466678195,9,4,0.04213601261785135,2,0.8937333107886162,149,0.6116504854368932,0.3927434131481193
0.0,149,4,16,True,0.29692741949645984,random_equal,0.0,0.6186435831190046,True,0.5938548389929197,10,4,0.05348230990117387,2,0.9140857639777993,149,0.6213592233009708,0.5938548389929197
0.0,149,4,16,True,0.2034336618476809,random_equal,0.0,0.42385081750245623,True,0.4068673236953618,11,4,0.05980524701839805,2,0.855320826137561,149,0.5922330097087378,0.4068673236953618
0.21795311260106032,1628,4,16,False,0.34916847216424274,random_equal,0.4541018635467157,0.7274869902489789,True,0.48038383172742516,12,4,0.053279121987378414,2,0.9306884307938055,149,0.6116504854368932,0.6983369443284855
0.0,149,4,16,True,0.33082954376378515,random_equal,0.0,0.6892781229255716,True,0.6616590875275703,13,4,0.10622767534559067,2,0.8966414183752641,149,0.6407766990291263,0.6616590875275703
0.0,149,4,16,True,0.15176743448261665,random_equal,0.0,0.3162050498008122,True,0.3035348689652333,14,4,0.0404810617810928,2,0.8593904213085287,149,0.5242718446601942,0.3035348689652333
0.0,149,4,16,True,0.23009009271238112,random_equal,0.0,0.4793890696829652,True,0.46018018542476224,15,4,0.07005280737536677,2,0.8363091145596779,149,0.46601941747572817,0.46018018542476224
0.0,149,4,16,True,0.1762087170883021,random_equal,0.0,0.3671280756124642,True,0.3524174341766042,16,4,0.046111812081300094,2,0.8245889340478623,149,0.5631067961165048,0.3524174341766042
0.10155794161588905,1297,4,16,False,0.23623050628343756,random_equal,0.2115943653906754,0.4921825242580696,True,0.37090307095098607,17,4,0.07780233505516819,2,0.8414860013131205,149,0.5145631067961165,0.4724610125668751
0.15992400256707245,649,4,16,False,0.2550897153824682,random_equal,0.3331991304225313,0.5314753881896,True,0.350255428197864,18,4,0.05993352754452062,2,0.8071723576971551,149,0.4563106796116505,0.5101794307649364
0.18416937125418698,573,4,16,False,0.15345241896140077,random_equal,0.38371397268288604,0.31971568831719666,True,0.12273546666861457,19,4,0.03677664087223099,2,0.8851989108239499,149,0.6407766990291263,0.30690483792280154
0.059223826773949995,177,4,16,False,0.17816867449702833,random_equal,0.12339190655948327,0.37121161588015406,True,0.2971135222201067,20,4,0.06041374012794235,2,0.5739329284306893,149,0.5436893203883495,0.35633734899405667
0.0,149,4,16,True,0.18185600024140844,random_equal,0.0,0.37889410075978797,True,0.3637120004828169,21,4,0.04098736752961134,2,0.8763527766301399,149,0.7766990291262136,0.3637120004828169
0.0879822328568109,1799,4,16,False,0.12709674143825278,random_equal,0.18330959086786883,0.26480405096790943,True,0.16621125001969467,22,4,0.03841249990876053,2,0.8401357588123105,149,0.5728155339805825,0.25419348287650556
0.1103626664802998,1645,4,16,False,0.2112212414251245,random_equal,0.2299388704139341,0.44007611640474076,True,0.3120798163699492,23,4,0.05589483539775676,2,0.78463306405215,149,0.5922330097087378,0.422442482850249
0.11507810332133339,1833,4,16,False,0.18390062278028346,random_equal,0.23976340850561803,0.38315403948730786,True,0.25272314223923353,24,4,0.04716051677185025,2,0.8644071130903633,149,0.5436893203883495,0.3678012455605669
0.0,149,4,16,True,0.1594193289993397,random_equal,0.0,0.33214765102471383,True,0.3188386579986794,25,4,0.04692318918934645,2,0.8984865243663549,149,0.6699029126213593,0.3188386579986794
0.0,149,4,16,True,0.09845664469508825,random_equal,0.0,0.20513286229792035,True,0.1969132893901765,26,4,0.02572374098099558,2,0.9545540198365497,149,0.7864077669902912,0.1969132893901765
0.11507810332133339,1833,4,16,False,0.1908803990850535,random_equal,0.23976340850561803,0.3976962930450112,True,0.2666826948487736,27,4,0.04759031055827772,2,0.8712747446692872,149,0.5728155339805825,0.381760798170107
0.0,149,4,16,True,0.1394719939988588,random_equal,0.0,0.2905876939843713,True,0.2789439879977176,28,4,0.03385971973410509,2,0.8723607685643778,149,0.7184466019417476,0.2789439879977176
0.0,149,4,16,True,0.22518908371694857,random_equal,0.0,0.4691778949420989,True,0.45037816743389714,29,4,0.04464480961042594,2,0.9274553665226083,149,0.7572815533980582,0.45037816743389714
0.09291053494291218,305,4,16,False,0.1932651962308259,random_equal,0.19357763033154965,0.4026649801867192,True,0.2936198575187396,30,4,0.04260026442486255,2,0.8924076119031281,149,0.49514563106796117,0.3865303924616518
0.0,149,4,16,True,0.17182745615418146,random_equal,0.0,0.3579997877384101,True,0.3436549123083629,31,4,0.04040024564554696,2,0.859948378192992,149,0.5728155339805825,0.3436549123083629
0.0,149,4,16,True,0.17091400109593968,posterior_medoid,0.0,0.3560966185693007,True,0.34182800219187937,0,4,0.041165028390851476,2,0.9628616752965274,149,0.7378640776699029,0.34182800219187937
0.09883015881336388,869,4,16,False,0.10680979758258696,acquisition_fw,0.20591107305685744,0.22253652424812526,True,0.11478943635181005,0,4,0.02278482642250534,2,0.9566490546820297,149,0.7766990291262136,0.21361959516517393
0.0,149,8,16,True,0.16074982797485884,random_equal,0.0,0.33491972460063074,True,0.3214996559497177,0,8,0.043449256427271155,2,0.888597228546525,149,0.6893203883495146,0.3214996559497177
0.059223826773949995,177,8,16,False,0.1225860033274036,random_equal,0.12339190655948327,0.25540599944360265,True,0.1859481798808572,1,8,0.0265041036151096,2,0.9375511463853472,149,0.7378640776699029,0.2451720066548072
0.0,149,8,16,True,0.1671289923537964,random_equal,0.0,0.34821061270851766,True,0.3342579847075928,2,8,0.03962680636856326,2,0.9289086938841508,149,0.7475728155339806,0.3342579847075928
0.0,149,8,16,True,0.12692796793921407,random_equal,0.0,0.264452414051528,True,0.25385593587842814,3,8,0.028975224970799594,2,0.9291062651678956,149,0.7281553398058253,0.25385593587842814
0.059223826773949995,177,8,16,False,0.1426319706775806,random_equal,0.12339190655948327,0.2971714554248342,True,0.2260401145812112,4,8,0.03843365975073089,2,0.9580902813664752,149,0.6893203883495146,0.2852639413551612
0.0,149,8,16,True,0.14450878520004395,random_equal,0.0,0.30108176880375864,True,0.2890175704000879,5,8,0.0382229731348958,2,0.923915896119987,149,0.7572815533980582,0.2890175704000879
0.0,149,8,16,True,0.131180601014174,random_equal,0.0,0.27331270781505146,True,0.262361202028348,6,8,0.0372542984837142,2,0.9362330945913423,149,0.7669902912621359,0.262361202028348
0.0,149,8,16,True,0.0983023819161089,random_equal,0.0,0.20481145823732025,True,0.1966047638322178,7,8,0.0214417925022375,2,0.9585614575927456,149,0.7087378640776699,0.1966047638322178
0.10155794161588905,1297,8,16,False,0.15521985746701517,random_equal,0.2115943653906754,0.32339811849461186,True,0.20888177331814128,8,8,0.03556376336924557,2,0.9268252051130427,149,0.6796116504854369,0.31043971493403033
0.19281813379534646,1468,8,16,False,0.15934364279790558,random_equal,0.4017335326719295,0.33198996002087433,True,0.1258691518004647,9,8,0.034809841405187184,2,0.9338881029517898,149,0.5145631067961165,0.31868728559581116
0.0,149,8,16,True,0.14989357833540984,random_equal,0.0,0.3123009001499531,True,0.2997871566708197,10,8,0.026820147823750112,2,0.9731744878298314,149,0.7766990291262136,0.2997871566708197
0.0,149,8,16,True,0.15889346627747108,random_equal,0.0,0.3310520243593247,True,0.31778693255494217,11,8,0.04422679789327031,2,0.9021805738641201,149,0.6699029126213593,0.31778693255494217
0.07521069611016529,673,8,16,False,0.13945628764621085,random_equal,0.15670029601635352,0.29055497004699854,True,0.2037018791822564,12,8,0.04183857753148365,2,0.9424282794461024,149,0.6990291262135923,0.2789125752924217
0.0,149,8,16,True,0.27210143417553756,random_equal,0.0,0.5669190352835755,True,0.5442028683510751,13,8,0.07444006976338916,2,0.9584509254092696,149,0.7864077669902912,0.5442028683510751
0.059223826773949995,177,8,16,False,0.14264887727206021,random_equal,0.12339190655948327,0.29720668004708345,True,0.22607392777017044,14,8,0.0340872738486934,2,0.8822935566931503,149,0.6407766990291263,0.28529775454412043
0.059223826773949995,177,8,16,False,0.18410568833333618,random_equal,0.12339190655948327,0.38358129032433047,True,0.30898754989272237,15,8,0.0436990051270964,2,0.8734277068613964,149,0.5533980582524272,0.36821137666667236
0.0,149,8,16,True,0.10469860372520906,random_equal,0.0,0.21813788523121672,True,0.20939720745041812,16,8,0.02663791257778602,2,0.96776198851603,149,0.8058252427184466,0.20939720745041812
0.0,149,8,16,True,0.12014499396237505,random_equal,0.0,0.25032019503197495,True,0.2402899879247501,17,8,0.03561296839789756,2,0.9221068882004949,149,0.6019417475728155,0.2402899879247501
0.0,149,8,16,True,0.12376814695946133,random_equal,0.0,0.25786897700740496,True,0.24753629391892265,18,8,0.031057090606666803,2,0.9205869177079304,149,0.7864077669902912,0.24753629391892265
0.2604556258292241,315,8,16,False,0.24356247708866602,random_equal,0.5426551777526731,0.5074585694881213,True,0.22666932834810793,19,8,0.06422538203710251,2,0.7696528351224269,149,0.3883495145631068,0.48712495417733204
0.07521069611016529,673,8,16,False,0.20639191382379596,random_equal,0.15670029601635352,0.4300142887149709,True,0.33757313153742663,20,8,0.05124835806880713,2,0.9299152000418783,149,0.6601941747572816,0.4127838276475919
0.09291053494291218,305,8,16,False,0.10159986025940793,random_equal,0.19357763033154965,0.21168170222157495,True,0.11028918557590367,21,8,0.031028877598208257,2,0.9247081286509344,149,0.7184466019417476,0.20319972051881585
0.0,149,8,16,True,0.15116289434011665,random_equal,0.0,0.3149454999736871,True,0.3023257886802333,22,8,0.03485470396088253,2,0.9008421889651571,149,0.6407766990291263,0.3023257886802333
0.0,149,8,16,True,0.20320544049589045,random_equal,0.0,0.4233753219249331,True,0.4064108809917809,23,8,0.0363618280990094,2,0.9609832861569909,149,0.7087378640776699,0.4064108809917809
0.059223826773949995,177,8,16,False,0.1007845611274136,random_equal,0.12339190655948327,0.20998303937263318,True,0.1423452954808772,24,8,0.034539864679265196,2,0.944723578960855,149,0.7281553398058253,0.2015691222548272
0.0,149,8,16,True,0.17294305793016018,random_equal,0.0,0.36032412639731803,True,0.34588611586032036,25,8,0.04104261478219257,2,0.9326322476881143,149,0.7087378640776699,0.34588611586032036
0.0,149,8,16,True,0.18096577848231676,random_equal,0.0,0.3770393378020627,True,0.3619315569646335,26,8,0.05322226364139121,2,0.8516619750535727,149,0.6407766990291263,0.3619315569646335
0.0,149,8,16,True,0.1623139668426924,random_equal,0.0,0.3381785831975674,True,0.3246279336853848,27,8,0.057319237045676236,2,0.8447472706952145,149,0.6407766990291263,0.3246279336853848
0.0,149,8,16,True,0.1226301117857807,random_equal,0.0,0.2554978987191311,True,0.2452602235715614,28,8,0.028449228955223366,2,0.9538434256649735,149,0.7572815533980582,0.2452602235715614
0.11507810332133339,1833,8,16,False,0.2046736914222132,random_equal,0.23976340850561803,0.42643439951203665,True,0.294269279523093,29,8,0.053028179410528765,2,0.8716275236910639,149,0.5436893203883495,0.4093473828444264
0.0,149,8,16,True,0.21632043556658087,random_equal,0.0,0.45070020676338685,True,0.43264087113316174,30,8,0.03831942983059305,2,0.93810776775292,149,0.7669902912621359,0.43264087113316174
0.0,149,8,16,True,0.23863186945530152,random_equal,0.0,0.4971857264531759,True,0.47726373891060303,31,8,0.06633082328621832,2,0.9567559225759621,149,0.7378640776699029,0.47726373891060303
0.0,149,8,16,True,0.12202350948399071,posterior_medoid,0.0,0.2542340524157348,True,0.24404701896798142,0,8,0.038980171129928486,2,0.9597456964616649,149,0.7766990291262136,0.24404701896798142
0.0,149,8,16,True,0.05515939017118371,acquisition_fw,0.0,0.11492371716976829,True,0.11031878034236742,0,8,0.0152544483145525,2,0.9787558615780442,149,0.8252427184466019,0.11031878034236742
0.0,149,16,16,True,0.14798273900553877,random_equal,0.0,0.30831969662283915,True,0.29596547801107753,0,16,0.028666432205335997,2,0.9673129125797244,149,0.7669902912621359,0.29596547801107753
0.0,149,16,16,True,0.09519486465318155,random_equal,0.0,0.1983369951601087,True,0.1903897293063631,1,16,0.026427006702647835,2,0.9785888269718177,149,0.7766990291262136,0.1903897293063631
0.0,149,16,16,True,0.07966896302253657,random_equal,0.0,0.1659890246283743,True,0.15933792604507313,2,16,0.024278199320352734,2,0.9738958555435195,149,0.8252427184466019,0.15933792604507313
0.0,149,16,16,True,0.08276067128029563,random_equal,0.0,0.17243054989331028,True,0.16552134256059126,3,16,0.030501221029438388,2,0.9707590644381201,149,0.8737864077669902,0.16552134256059126
0.0,149,16,16,True,0.11724909898048108,random_equal,0.0,0.2442866436308502,True,0.23449819796096216,4,16,0.02487647186303206,2,0.9704547887075934,149,0.8737864077669902,0.23449819796096216
0.10155794161588905,1297,16,16,False,0.10354976377288894,random_equal,0.2115943653906754,0.21574429535750664,True,0.10554158592988883,5,16,0.025181384841368424,2,0.9531795829664668,149,0.7378640776699029,0.20709952754577787
0.0,149,16,16,True,0.06761162371531196,random_equal,0.0,0.14086774884807549,True,0.13522324743062392,6,16,0.01763866577141187,2,0.9766969848744835,149,0.8058252427184466,0.13522324743062392
0.0,149,16,16,True,0.15489327429159416,random_equal,0.0,0.32271768761297936,True,0.3097865485831883,7,16,0.051725285611908235,2,0.9561876363903611,149,0.7669902912621359,0.3097865485831883
0.0,149,16,16,True,0.1535091825939019,random_equal,0.0,0.3198339544478925,True,0.3070183651878038,8,16,0.027567489810939982,2,0.9630947132150147,149,0.8058252427184466,0.3070183651878038
0.0,149,16,16,True,0.12676370808594933,random_equal,0.0,0.26411018124474095,True,0.25352741617189867,9,16,0.03119530907313802,2,0.9677672788951766,149,0.7281553398058253,0.25352741617189867
0.0,149,16,16,True,0.13192583316391332,random_equal,0.0,0.27486538721445497,True,0.26385166632782664,10,16,0.025306515802713835,2,0.9519971126795382,149,0.8058252427184466,0.26385166632782664
0.0,149,16,16,True,0.09432710871793026,random_equal,0.0,0.19652903939109612,True,0.18865421743586053,11,16,0.024640110379020252,2,0.9704103492433666,149,0.8155339805825242,0.18865421743586053
0.0,149,16,16,True,0.07076496342075839,random_equal,0.0,0.14743768225967158,True,0.14152992684151677,12,16,0.018298361348670942,2,0.9795950020442908,149,0.8640776699029126,0.14152992684151677
0.0,149,16,16,True,0.11260478764708245,random_equal,0.0,0.23461029440959486,True,0.2252095752941649,13,16,0.04283723269017233,2,0.9537423273157665,149,0.7766990291262136,0.2252095752941649
0.0,149,16,16,True,0.11613822495925324,random_equal,0.0,0.2419721551742043,True,0.2322764499185065,14,16,0.029127116559018413,2,0.9383490744208574,149,0.6990291262135923,0.2322764499185065
0.0,149,16,16,True,0.11381227799517141,random_equal,0.0,0.23712608145543307,True,0.22762455599034281,15,16,0.03349227961975901,2,0.957841762069139,149,0.7378640776699029,0.22762455599034281
0.0,149,16,16,True,0.07554190331036781,random_equal,0.0,0.1573903609804972,True,0.15108380662073562,16,16,0.01974919638785978,2,0.9648869251935305,149,0.8349514563106796,0.15108380662073562
0.0,149,16,16,True,0.2416171845209787,random_equal,0.0,0.5034055831848365,True,0.4832343690419574,17,16,0.03900543946500256,2,0.984001269009267,149,0.8446601941747572,0.4832343690419574
0.0,149,16,16,True,0.1738183415024832,random_equal,0.0,0.36214776587913283,True,0.3476366830049664,18,16,0.05423613660379931,2,0.9530140137966606,149,0.7184466019417476,0.3476366830049664
0.0,149,16,16,True,0.0855506873171874,random_equal,0.0,0.1782435041868183,True,0.1711013746343748,19,16,0.028916709278320473,2,0.9433515742402553,149,0.7669902912621359,0.1711013746343748
0.0,149,16,16,True,0.13863944630938002,random_equal,0.0,0.28885309403866727,True,0.27727889261876004,20,16,0.03757175752770326,2,0.8902014148343005,149,0.6407766990291263,0.27727889261876004
0.0,149,16,16,True,0.06473694001998304,random_equal,0.0,0.13487839082708858,True,0.12947388003996607,21,16,0.021814474686268886,2,0.968235876288623,149,0.8640776699029126,0.12947388003996607
0.0,149,16,16,True,0.05267384321413204,random_equal,0.0,0.10974511938944671,True,0.10534768642826409,22,16,0.01549572690468929,2,0.9855615313199836,149,0.883495145631068,0.10534768642826409
0.0,149,16,16,True,0.23129102944551905,random_equal,0.0,0.4818912023756872,True,0.4625820588910381,23,16,0.056918694315063724,2,0.9563510514105384,149,0.6699029126213593,0.4625820588910381
0.0879822328568109,1799,16,16,False,0.10521809190702291,random_equal,0.18330959086786883,0.21922023064320428,True,0.12245395095723494,24,16,0.03158309496546333,2,0.9330770027523049,149,0.6796116504854369,0.21043618381404583
0.0,149,16,16,True,0.13792327349208516,random_equal,0.0,0.28736095929888783,True,0.2758465469841703,25,16,0.030082834241523436,2,0.9807338221630628,149,0.8349514563106796,0.2758465469841703
0.0,149,16,16,True,0.15643602764731684,random_equal,0.0,0.3259319898336085,True,0.3128720552946337,26,16,0.04142037284426463,2,0.9178034057446494,149,0.6019417475728155,0.3128720552946337
0.1154980708011698,71,16,16,False,0.1692711390129643,random_equal,0.24063840410878615,0.3526737413984898,True,0.22304420722475882,27,16,0.02488648632619936,2,0.9590871553181781,149,0.7961165048543689,0.3385422780259286
0.0,149,16,16,True,0.07607767268274657,random_equal,0.0,0.15850662799556742,True,0.15215534536549313,28,16,0.020701894739142232,2,0.9728348893539345,149,0.8446601941747572,0.15215534536549313
0.0,149,16,16,True,0.09597135422005834,random_equal,0.0,0.1999547988938353,True,0.19194270844011668,29,16,0.022983103088198908,2,0.9714017344441674,149,0.8446601941747572,0.19194270844011668
0.0,149,16,16,True,0.12327850903177334,random_equal,0.0,0.2568488241278577,True,0.24655701806354668,30,16,0.03337099673430304,2,0.9780498844392324,149,0.7766990291262136,0.24655701806354668
0.059223826773949995,177,16,16,False,0.11578515824397728,random_equal,0.12339190655948327,0.24123654625607616,True,0.17234648971400457,31,16,0.039119020333661575,2,0.9336256850586976,149,0.7669902912621359,0.23157031648795456
0.0,149,16,16,True,0.10319879368479973,posterior_medoid,0.0,0.21501305472896748,True,0.20639758736959946,0,16,0.02995174018728026,2,0.9662580679748817,149,0.7087378640776699,0.20639758736959946
0.0,149,16,16,True,0.04657688240413513,acquisition_fw,0.0,0.0970421979548784,True,0.09315376480827026,0,16,0.010935876798016528,2,0.9877821508536402,149,0.9029126213592233,0.09315376480827026
0.0,149,32,16,True,0.10607413484494899,random_equal,0.0,0.22100378256751088,True,0.21214826968989797,0,32,0.023686068801302196,2,0.9850964082262297,149,0.8446601941747572,0.21214826968989797
0.0,149,32,16,True,0.08900104621015015,random_equal,0.0,0.18543227237875165,True,0.1780020924203003,1,32,0.030349024721892378,2,0.9823828949500074,149,0.8155339805825242,0.1780020924203003
0.0,149,32,16,True,0.10496920114673425,random_equal,0.0,0.21870167067992669,True,0.2099384022934685,2,32,0.024977342915104145,2,0.9770114949112225,149,0.8349514563106796,0.2099384022934685
0.0,149,32,16,True,0.0501389867187122,random_equal,0.0,0.10446378596568147,True,0.1002779734374244,3,32,0.01553931338338473,2,0.9767231406095661,149,0.8543689320388349,0.1002779734374244
0.0,149,32,16,True,0.04977459144067947,random_equal,0.0,0.10370457416619154,True,0.09954918288135894,4,32,0.011902060614855443,2,0.9903723048375082,149,0.8543689320388349,0.09954918288135894
0.0,149,32,16,True,0.07808638152344782,random_equal,0.0,0.1626917411008563,True,0.15617276304689565,5,32,0.017800453251792473,2,0.9820104058782234,149,0.7961165048543689,0.15617276304689565
0.059223826773949995,177,32,16,False,0.10737913964383217,random_equal,0.12339190655948327,0.22372273942955376,True,0.15553445251371434,6,32,0.024438147063368606,2,0.96827901376358,149,0.7961165048543689,0.21475827928766433
0.0,149,32,16,True,0.06290124313937223,random_equal,0.0,0.1310537454047584,True,0.12580248627874446,7,32,0.013229399045140741,2,0.989497588771752,149,0.8446601941747572,0.12580248627874446
0.0,149,32,16,True,0.04764954985887923,random_equal,0.0,0.09927708363442725,True,0.09529909971775846,8,32,0.010595671663932993,2,0.9894279030091533,149,0.883495145631068,0.09529909971775846
0.0,149,32,16,True,0.05822732066535519,random_equal,0.0,0.12131570184027438,True,0.11645464133071037,9,32,0.020059765966688143,2,0.984749180819644,149,0.8155339805825242,0.11645464133071037
0.0,149,32,16,True,0.04867822006383324,random_equal,0.0,0.10142030173978007,True,0.09735644012766648,10,32,0.012646351079555286,2,0.9838200801591767,149,0.8737864077669902,0.09735644012766648
0.0,149,32,16,True,0.048513668076981514,random_equal,0.0,0.10107746027728418,True,0.09702733615396303,11,32,0.012220750133781412,2,0.9863702524553841,149,0.8543689320388349,0.09702733615396303
0.0,149,32,16,True,0.05470903132092167,random_equal,0.0,0.1139854016269062,True,0.10941806264184334,12,32,0.014650799510265157,2,0.9867389109965053,149,0.8543689320388349,0.10941806264184334
0.0,149,32,16,True,0.05395103962185477,random_equal,0.0,0.11240613790824917,True,0.10790207924370954,13,32,0.014225108339911025,2,0.9905551337470434,149,0.8640776699029126,0.10790207924370954
0.0,149,32,16,True,0.08996239585832536,random_equal,0.0,0.1874352291686159,True,0.1799247917166507,14,32,0.02953970316399266,2,0.9820422808666005,149,0.8252427184466019,0.1799247917166507
0.0,149,32,16,True,0.07282070932879528,random_equal,0.0,0.1517207963509431,True,0.14564141865759056,15,32,0.013930825264918092,2,0.9829958469112746,149,0.8155339805825242,0.14564141865759056
0.0,149,32,16,True,0.07791289162400256,random_equal,0.0,0.16233027763880964,True,0.1558257832480051,16,32,0.014264515939871021,2,0.9871985355604675,149,0.883495145631068,0.1558257832480051
0.0,149,32,16,True,0.11341772035390552,random_equal,0.0,0.23630402684911328,True,0.22683544070781103,17,32,0.023161943642708502,2,0.9675809365703909,149,0.7087378640776699,0.22683544070781103
0.0,149,32,16,True,0.09017038100227262,random_equal,0.0,0.1878685629270989,True,0.18034076200454524,18,32,0.022004096732301845,2,0.9739861831445834,149,0.7864077669902912,0.18034076200454524
0.0,149,32,16,True,0.07282138318985601,random_equal,0.0,0.15172220032980716,True,0.14564276637971202,19,32,0.020690923730335688,2,0.9754181310600057,149,0.8058252427184466,0.14564276637971202
0.0,149,32,16,True,0.0781334722278223,random_equal,0.0,0.16278985383876118,True,0.1562669444556446,20,32,0.02146166214238144,2,0.9827694991500973,149,0.7961165048543689,0.1562669444556446
0.0,149,32,16,True,0.06835107488239484,random_equal,0.0,0.14240838366153075,True,0.13670214976478967,21,32,0.013377871276776391,2,0.9833782867014794,149,0.8446601941747572,0.13670214976478967
0.0,149,32,16,True,0.10882251696046208,random_equal,0.0,0.22672999324419607,True,0.21764503392092416,22,32,0.03621941251168731,2,0.9623781259812417,149,0.7184466019417476,0.21764503392092416
0.0,149,32,16,True,0.0627626899576461,random_equal,0.0,0.1307650720416148,True,0.1255253799152922,23,32,0.01660315768415181,2,0.9827152249171377,149,0.8640776699029126,0.1255253799152922
0.0,149,32,16,True,0.05615838915954935,random_equal,0.0,0.11700511576455906,True,0.1123167783190987,24,32,0.014476378204607412,2,0.9837666538956235,149,0.883495145631068,0.1123167783190987
0.0,149,32,16,True,0.05368505643227722,random_equal,0.0,0.1118519661388359,True,0.10737011286455445,25,32,0.013448375854893502,2,0.9843137548159075,149,0.8155339805825242,0.10737011286455445
0.0,149,32,16,True,0.10621757630012718,random_equal,0.0,0.2213026405710921,True,0.21243515260025436,26,32,0.02173394768876096,2,0.9780574910181741,149,0.8349514563106796,0.21243515260025436
0.0,149,32,16,True,0.056049752908580386,random_equal,0.0,0.11677877385356267,True,0.11209950581716077,27,32,0.014293397523014107,2,0.9818424716141755,149,0.8349514563106796,0.11209950581716077
0.0,149,32,16,True,0.0599536165980204,random_equal,0.0,0.12491241211754975,True,0.1199072331960408,28,32,0.013152392072468166,2,0.9904675246772231,149,0.8737864077669902,0.1199072331960408
0.0,149,32,16,True,0.07157571930530249,random_equal,0.0,0.14912687932439453,True,0.14315143861060498,29,32,0.017408454440489246,2,0.9891350364485472,149,0.8737864077669902,0.14315143861060498
0.0,149,32,16,True,0.06793990884937123,random_equal,0.0,0.1415517257336172,True,0.13587981769874247,30,32,0.01524516699254013,2,0.9783859681028947,149,0.8640776699029126,0.13587981769874247
0.0,149,32,16,True,0.10355605317823285,random_equal,0.0,0.21575739923408446,True,0.2071121063564657,31,32,0.025304514825239082,2,0.9491918957728198,149,0.7087378640776699,0.2071121063564657
0.0,149,32,16,True,0.11079941538704019,posterior_medoid,0.0,0.23084882985468697,True,0.22159883077408038,0,32,0.023819999702618243,2,0.9753056878021511,149,0.7184466019417476,0.22159883077408038
0.0,149,32,16,True,0.03202161372291493,acquisition_fw,0.0,0.06671652582436216,True,0.06404322744582985,0,32,0.007461373253919546,2,0.9941729777569719,149,0.9223300970873787,0.06404322744582985
0.0,149,64,16,True,0.052716678688789875,random_equal,0.0,0.10983436642352616,True,0.10543335737757975,0,64,0.010130780667325767,2,0.9944006009647195,149,0.9029126213592233,0.10543335737757975
0.0,149,64,16,True,0.03790374257044382,random_equal,0.0,0.07897184826233028,True,0.07580748514088764,1,64,0.009419683379721013,2,0.9929006730044003,149,0.883495145631068,0.07580748514088764
0.0,149,64,16,True,0.040711225800881434,random_equal,0.0,0.08482119517737714,True,0.08142245160176287,2,64,0.011413021644044449,2,0.9951714680193886,149,0.912621359223301,0.08142245160176287
0.0,149,64,16,True,0.03240865027140288,random_equal,0.0,0.06752291035281241,True,0.06481730054280577,3,64,0.010011780799859583,2,0.9959293431210443,149,0.8543689320388349,0.06481730054280577
0.0,149,64,16,True,0.05120567584283431,random_equal,0.0,0.10668621588791653,True,0.10241135168566862,4,64,0.013665055295418399,2,0.9937419340926551,149,0.8640776699029126,0.10241135168566862
0.0,149,64,16,True,0.08534475129352831,random_equal,0.0,0.1778144397380524,True,0.17068950258705662,5,64,0.019985031517274134,2,0.9705360875998051,149,0.7766990291262136,0.17068950258705662
0.0,149,64,16,True,0.0750384134851575,random_equal,0.0,0.15634134789150633,True,0.150076826970315,6,64,0.016183876105401146,2,0.9871322710121624,149,0.8737864077669902,0.150076826970315
0.0,149,64,16,True,0.03427491878665845,random_equal,0.0,0.07141125129248656,True,0.0685498375733169,7,64,0.010119103445543863,2,0.9927433614081709,149,0.8640776699029126,0.0685498375733169
0.0,149,64,16,True,0.07922910964435903,random_equal,0.0,0.16507259707047411,True,0.15845821928871806,8,64,0.022714465436852575,2,0.9849370654149808,149,0.8640776699029126,0.15845821928871806
0.0,149,64,16,True,0.04202008823285858,random_equal,0.0,0.0875481893569694,True,0.08404017646571715,9,64,0.010531715772846235,2,0.9909388685415969,149,0.9029126213592233,0.08404017646571715
0.0,149,64,16,True,0.029467737021225127,random_equal,0.0,0.06139556410160566,True,0.05893547404245025,10,64,0.00665192228316836,2,0.996166489570049,149,0.9320388349514563,0.05893547404245025
0.0,149,64,16,True,0.060338804415479175,random_equal,0.0,0.12571494484413523,True,0.12067760883095835,11,64,0.012995744817094953,2,0.9835006611199764,149,0.8737864077669902,0.12067760883095835
0.0,149,64,16,True,0.04403779553404796,random_equal,0.0,0.09175205061238997,True,0.08807559106809593,12,64,0.01230206994120022,2,0.9899921211767784,149,0.8932038834951457,0.08807559106809593
0.0,149,64,16,True,0.04901165263916418,random_equal,0.0,0.1021150032378133,True,0.09802330527832837,13,64,0.009385781153109929,2,0.9946828490484594,149,0.8737864077669902,0.09802330527832837
0.0,149,64,16,True,0.03828493347113382,random_equal,0.0,0.07976605347603245,True,0.07656986694226764,14,64,0.008448532925380055,2,0.9946606244269013,149,0.9320388349514563,0.07656986694226764
0.0,149,64,16,True,0.04903246345321374,random_equal,0.0,0.10215836223979796,True,0.09806492690642749,15,64,0.01145409008940312,2,0.9909149046747161,149,0.883495145631068,0.09806492690642749
0.0,149,64,16,True,0.046329750935429875,random_equal,0.0,0.09652730344779464,True,0.09265950187085975,16,64,0.010950505189522772,2,0.9917476176166815,149,0.8640776699029126,0.09265950187085975
0.0,149,64,16,True,0.03273128417286897,random_equal,0.0,0.06819511298461085,True,0.06546256834573794,17,64,0.006878923525996784,2,0.9959351643541849,149,0.8932038834951457,0.06546256834573794
0.0,149,64,16,True,0.030199132258935696,random_equal,0.0,0.06291941451360454,True,0.06039826451787139,18,64,0.00791022433220576,2,0.9944112529692063,149,0.9320388349514563,0.06039826451787139
0.0,149,64,16,True,0.04811891184137829,random_equal,0.0,0.10025499190280297,True,0.09623782368275657,19,64,0.014160363712609108,2,0.9854127050057544,149,0.8349514563106796,0.09623782368275657
0.0,149,64,16,True,0.035614119185924054,random_equal,0.0,0.074201454147181,True,0.07122823837184811,20,64,0.008226260539696044,2,0.9942927509908978,149,0.8932038834951457,0.07122823837184811
0.0,149,64,16,True,0.056316842967817915,random_equal,0.0,0.11733525176840927,True,0.11263368593563583,21,64,0.01085304538409705,2,0.9957708748219014,149,0.912621359223301,0.11263368593563583
0.0,149,64,16,True,0.05247487848360788,random_equal,0.0,0.10933057951968826,True,0.10494975696721576,22,64,0.009987112644518898,2,0.9930016162883619,149,0.8640776699029126,0.10494975696721576
0.0,149,64,16,True,0.03210667801191183,random_equal,0.0,0.06689375592534023,True,0.06421335602382366,23,64,0.006664536873232675,2,0.9965101756217006,149,0.912621359223301,0.06421335602382366
0.0,149,64,16,True,0.04578039263253064,random_equal,0.0,0.09538272411087083,True,0.09156078526506128,24,64,0.010441246468834403,2,0.9909813997254133,149,0.883495145631068,0.09156078526506128
0.0,149,64,16,True,0.031971681981916855,random_equal,0.0,0.06661249383157819,True,0.06394336396383371,25,64,0.008419372847202174,2,0.9953879349113548,149,0.883495145631068,0.06394336396383371
0.0,149,64,16,True,0.04776642789374408,random_equal,0.0,0.09952059717184092,True,0.09553285578748816,26,64,0.009712281481753286,2,0.9933291923182768,149,0.9029126213592233,0.09553285578748816
0.0,149,64,16,True,0.03445040963807933,random_equal,0.0,0.07177688370633277,True,0.06890081927615865,27,64,0.009351966747721329,2,0.9927932672715529,149,0.8543689320388349,0.06890081927615865
0.0,149,64,16,True,0.048984872369462085,random_equal,0.0,0.10205920696937339,True,0.09796974473892417,28,64,0.010600407020652134,2,0.9902282534152578,149,0.8543689320388349,0.09796974473892417
0.0,149,64,16,True,0.037026148396457625,random_equal,0.0,0.07714339467848853,True,0.07405229679291525,29,64,0.008105423689091548,2,0.9952863364418059,149,0.883495145631068,0.07405229679291525
0.0,149,64,16,True,0.03579518934015197,random_equal,0.0,0.0745787109501985,True,0.07159037868030393,30,64,0.008657747997600756,2,0.9927809640317474,149,0.9223300970873787,0.07159037868030393
0.0,149,64,16,True,0.059280191705839536,random_equal,0.0,0.12350934200375964,True,0.11856038341167907,31,64,0.013844191688570382,2,0.9900199770416267,149,0.8058252427184466,0.11856038341167907
0.0,149,64,16,True,0.04539209835549693,posterior_medoid,0.0,0.09457371912488433,True,0.09078419671099386,0,64,0.010564054721375022,2,0.9955247792921436,149,0.8640776699029126,0.09078419671099386
0.0,149,64,16,True,0.021438264435302223,acquisition_fw,0.0,0.0446662849412808,True,0.04287652887060445,0,64,0.004949570830082537,2,0.9972981026473589,149,0.9514563106796117,0.04287652887060445
0.13721483703733214,1949,4,19,False,0.13020824506710596,random_equal,0.4046765861576673,0.3840126129290329,True,0.12320165309687978,0,4,0.022511537683511114,2,0.946034905672945,149,0.7087378640776699,0.2604164901342119
0.09168567270267419,177,4,19,False,0.2843943121448299,random_equal,0.2704011157247722,0.8387410709099612,True,0.4771029515869856,1,4,0.06658393467455596,2,0.7667550121334225,149,0.36893203883495146,0.5687886242896598
0.10220811028358154,1645,4,19,False,0.3423908406100648,random_equal,0.3014340871602169,1.0097855268525922,True,0.582573570936548,2,4,0.07846225621736355,2,0.7240449416968088,149,0.2621359223300971,0.6847816812201296
0.0,149,4,19,True,0.13362923622905956,random_equal,0.0,0.3941018646060821,True,0.2672584724581191,3,4,0.02966614645399287,2,0.8728367476223107,149,0.7378640776699029,0.2672584724581191
0.0,149,4,19,True,0.07680543995073463,random_equal,0.0,0.22651605255446736,True,0.15361087990146927,4,4,0.01478777333688929,2,0.9679236838486633,149,0.8155339805825242,0.15361087990146927
0.15620746502335153,33,4,19,False,0.15579103854787588,random_equal,0.46069000293892826,0.4594618701209349,True,0.15537461207240022,5,4,0.03418326472908872,2,0.7832761942583191,149,0.6310679611650486,0.31158207709575175
0.11106728960479773,1532,4,19,False,0.21129954943326848,random_equal,0.32756174595627674,0.6231686176768487,True,0.31153180926173923,6,4,0.04278680430315684,2,0.8014381091745161,149,0.5145631067961165,0.42259909886653696
0.0,149,4,19,True,0.1300364652454814,random_equal,0.0,0.38350599663820945,True,0.2600729304909628,7,4,0.025407055092546357,2,0.9188619593425298,149,0.6893203883495146,0.2600729304909628
0.10042787736223799,1589,4,19,False,0.10963822581549479,random_equal,0.29618379064178146,0.3233471240673967,True,0.11884857426875159,8,4,0.02344101860320299,2,0.9305018803183748,149,0.6310679611650486,0.21927645163098958
0.0,149,4,19,True,0.10034337969151946,random_equal,0.0,0.29593458851712096,True,0.20068675938303893,9,4,0.019115779088060544,2,0.9723676190954731,149,0.7281553398058253,0.20068675938303893
0.0,149,4,19,True,0.12697811192983238,random_equal,0.0,0.3744862433391978,True,0.25395622385966476,10,4,0.03201049689980979,2,0.9155995919308584,149,0.7184466019417476,0.25395622385966476
0.10220811028358154,1645,4,19,False,0.29240262695439817,random_equal,0.3014340871602169,0.8623593440354124,True,0.4825971436252148,11,4,0.0576751398668513,2,0.732369430816336,149,0.3300970873786408,0.5848052539087963
0.0,149,4,19,True,0.14029583418389036,random_equal,0.0,0.41376312107000673,True,0.2805916683677807,12,4,0.02738143681054291,2,0.908015152394659,149,0.7184466019417476,0.2805916683677807
0.18626512563165365,444,4,19,False,0.1905384378804711,random_equal,0.5493366226885412,0.5619395557953064,True,0.19481175012928853,13,4,0.029592695745569712,2,0.8988308767794674,149,0.6990291262135923,0.3810768757609422
0.07219670573768305,869,4,19,False,0.11596875200881591,random_equal,0.21292388666253592,0.3420172313517707,True,0.15974079827994878,14,4,0.02489560883323891,2,0.9492722642735575,149,0.6019417475728155,0.23193750401763183
0.10220811028358154,1645,4,19,False,0.4818449645024282,random_equal,0.3014340871602169,1.4210662600506792,True,0.8614818187212748,15,4,0.08974281854243148,2,0.8828445887269589,149,0.2815533980582524,0.9636899290048564
0.0,149,4,19,True,0.12580660477877692,random_equal,0.0,0.3710312123470359,True,0.25161320955755384,16,4,0.023977603094336268,2,0.948730976204509,149,0.8446601941747572,0.25161320955755384
0.0,149,4,19,True,0.12932644015010764,random_equal,0.0,0.38141197723122683,True,0.25865288030021527,17,4,0.027662978625005042,2,0.9764963500043989,149,0.8349514563106796,0.25865288030021527
0.06117438509586298,673,4,19,False,0.11405997129103863,random_equal,0.18041665067279108,0.3363878192468426,True,0.16694555748621429,18,4,0.03239225866559661,2,0.8450753105238822,149,0.7475728155339806,0.22811994258207727
0.09168567270267419,177,4,19,False,0.35355488214522984,random_equal,0.2704011157247722,1.0427107287747708,True,0.6154240915877855,19,4,0.0693013780776361,2,0.8728345850907767,149,0.5242718446601942,0.7071097642904597
0.0,149,4,19,True,0.12320529728750156,random_equal,0.0,0.36335938721613353,True,0.2464105945750031,20,4,0.022276411922916094,2,0.9411378236778852,149,0.8058252427184466,0.2464105945750031
0.0,149,4,19,True,0.1161451164947693,random_equal,0.0,0.3425373688211294,True,0.2322902329895386,21,4,0.02590120353549547,2,0.9105430413959722,149,0.6796116504854369,0.2322902329895386
0.0,149,4,19,True,0.07337453542516544,random_equal,0.0,0.21639756419841233,True,0.14674907085033087,22,4,0.018527333439347683,2,0.9519908779390761,149,0.8543689320388349,0.14674907085033087
0.053897806491033984,1309,4,19,False,0.28549271719472313,random_equal,0.15895642776767652,0.8419805078061928,True,0.5170876278984122,23,4,0.06233801322434483,2,0.9246476182805284,149,0.4563106796116505,0.5709854343894463
0.12719651434409077,413,4,19,False,0.15325040098687404,random_equal,0.3751303598598232,0.451968973893026,True,0.1793042876296573,24,4,0.03126493350254034,2,0.9133053792698097,149,0.6699029126213593,0.30650080197374807
0.10257385578156103,1061,4,19,False,0.1257309851254351,random_equal,0.30251275068320466,0.3708081934387201,True,0.14888811446930916,25,4,0.029112562302743287,2,0.9308889678749963,149,0.7572815533980582,0.2514619702508702
0.09168567270267419,177,4,19,False,0.3075339429865452,random_equal,0.2704011157247722,0.906984906752774,True,0.5233822132704162,26,4,0.06471902983538812,2,0.9126253804490879,149,0.6407766990291263,0.6150678859730904
0.08524078446641886,1761,4,19,False,0.11179679701666148,random_equal,0.25139372974576235,0.3297132229786152,True,0.1383528095669041,27,4,0.026182110241638083,2,0.9226114146304525,149,0.6601941747572816,0.22359359403332296
0.0,149,4,19,True,0.1495035668192658,random_equal,0.0,0.44091873987617486,True,0.2990071336385316,28,4,0.03274001743872508,2,0.9401321263740067,149,0.6601941747572816,0.2990071336385316
0.0,149,4,19,True,0.11075418625642955,random_equal,0.0,0.32663833565409717,True,0.2215083725128591,29,4,0.0194003382943227,2,0.9791434366821498,149,0.7766990291262136,0.2215083725128591
0.0,149,4,19,True,0.08089079019557953,random_equal,0.0,0.23856464457292686,True,0.16178158039115906,30,4,0.019146521632281702,2,0.9516346860849111,149,0.8349514563106796,0.16178158039115906
0.05835942068758054,305,4,19,False,0.15114792150176168,random_equal,0.17211470453128785,0.44576830172905063,True,0.2439364223159428,31,4,0.033299777258849465,2,0.8825130983473297,149,0.6504854368932039,0.30229584300352336
0.0,149,4,19,True,0.07831853418270106,posterior_medoid,0.0,0.23097849861021305,True,0.15663706836540212,0,4,0.020501113883873344,2,0.9616582083371481,149,0.8349514563106796,0.15663706836540212
0.0,149,4,19,True,0.08449388015053005,acquisition_fw,0.0,0.24919094544585405,True,0.1689877603010601,0,4,0.01452818996951222,2,0.9753319259593013,149,0.7766990291262136,0.1689877603010601
0.09168567270267419,177,8,19,False,0.12419863138679176,random_equal,0.2704011157247722,0.3662889468825229,True,0.15671159007090932,0,8,0.03133907367980461,2,0.9123100936891363,149,0.7281553398058253,0.2483972627735835
0.0,149,8,19,True,0.09992344630844892,random_equal,0.0,0.29469611306108556,True,0.19984689261689784,1,8,0.026544040216652284,2,0.9292086627124044,149,0.7961165048543689,0.19984689261689784
0.0,149,8,19,True,0.12521903531127884,random_equal,0.0,0.3692983413880965,True,0.2504380706225577,2,8,0.032127945001448256,2,0.966599465766422,149,0.8640776699029126,0.2504380706225577
0.12719651434409077,413,8,19,False,0.09689849286850327,random_equal,0.3751303598598232,0.2857748633056379,True,0.06660047139291578,3,8,0.02191839379233887,2,0.9186649719981784,149,0.7766990291262136,0.19379698573700654
0.0,149,8,19,True,0.054740993703206245,random_equal,0.0,0.16144317140182765,True,0.10948198740641249,4,8,0.013247958923635303,2,0.9777758841501795,149,0.8543689320388349,0.10948198740641249
0.0,149,8,19,True,0.12287201174296258,random_equal,0.0,0.3623764552002391,True,0.24574402348592517,5,8,0.016655602572508692,2,0.9766073208409121,149,0.7864077669902912,0.24574402348592517
0.10220811028358154,1645,8,19,False,0.2031833242674875,random_equal,0.3014340871602169,0.5992320932929617,True,0.3041585382513935,6,8,0.03691082845399669,2,0.9256481146122492,149,0.3786407766990291,0.406366648534975
0.0,149,8,19,True,0.089140698453096,random_equal,0.0,0.26289542965309565,True,0.178281396906192,7,8,0.014274946321516935,2,0.9714332979050693,149,0.8155339805825242,0.178281396906192
0.0,149,8,19,True,0.13912740481563374,random_equal,0.0,0.4103171671329423,True,0.2782548096312675,8,8,0.027693807448992157,2,0.9104131162779013,149,0.7087378640776699,0.2782548096312675
0.0,149,8,19,True,0.09795968101112368,random_equal,0.0,0.2889045393967867,True,0.19591936202224736,9,8,0.021442470564373917,2,0.9619305154813567,149,0.8252427184466019,0.19591936202224736
0.0,149,8,19,True,0.0773410667956084,random_equal,0.0,0.22809573335078637,True,0.1546821335912168,10,8,0.015376593377649855,2,0.9654207184423729,149,0.7766990291262136,0.1546821335912168
0.0,149,8,19,True,0.06850605897339676,random_equal,0.0,0.20203936159562297,True,0.13701211794679352,11,8,0.014138342681662823,2,0.9682919442492889,149,0.8252427184466019,0.13701211794679352
0.0,149,8,19,True,0.08683801030835825,random_equal,0.0,0.25610429833291143,True,0.1736760206167165,12,8,0.016732089990426822,2,0.9669381394387818,149,0.8155339805825242,0.1736760206167165
0.05835942068758054,305,8,19,False,0.12538727640436276,random_equal,0.17211470453128785,0.36979452119394435,True,0.19241513212114497,13,8,0.02345174681101804,2,0.929090519759034,149,0.7572815533980582,0.2507745528087255
0.0,149,8,19,True,0.12369631019413468,random_equal,0.0,0.3648074917440833,True,0.24739262038826937,14,8,0.022745062966775764,2,0.9790609321925778,149,0.7766990291262136,0.24739262038826937
0.0,149,8,19,True,0.06107065624814539,random_equal,0.0,0.18011073159809945,True,0.12214131249629077,15,8,0.012733010443617411,2,0.968386019958948,149,0.8737864077669902,0.12214131249629077
0.0,149,8,19,True,0.07068246122652094,random_equal,0.0,0.20845804818168454,True,0.14136492245304189,16,8,0.013886311386956162,2,0.9583485963169864,149,0.8932038834951457,0.14136492245304189
0.0,149,8,19,True,0.11544938245457813,random_equal,0.0,0.3404854968637139,True,0.23089876490915626,17,8,0.02351309311792601,2,0.9165454801503969,149,0.7281553398058253,0.23089876490915626
0.0,149,8,19,True,0.14903689142432938,random_equal,0.0,0.4395424119968854,True,0.29807378284865876,18,8,0.028043503795015325,2,0.9172833839660012,149,0.7087378640776699,0.29807378284865876
0.0,149,8,19,True,0.09230978498090367,random_equal,0.0,0.27224175943055656,True,0.18461956996180734,19,8,0.018703523431497063,2,0.9596447587656401,149,0.7766990291262136,0.18461956996180734
0.0,149,8,19,True,0.09148321826473146,random_equal,0.0,0.2698040332767798,True,0.18296643652946293,20,8,0.01984556417108111,2,0.9442046719755941,149,0.8640776699029126,0.18296643652946293
0.0,149,8,19,True,0.07587220680416895,random_equal,0.0,0.22376374375174926,True,0.1517444136083379,21,8,0.017232178324821653,2,0.9157943468944663,149,0.8058252427184466,0.1517444136083379
0.0,149,8,19,True,0.1109254238224226,random_equal,0.0,0.32714335271438166,True,0.2218508476448452,22,8,0.02411102337753742,2,0.9304571991758822,149,0.7572815533980582,0.2218508476448452
0.0,149,8,19,True,0.13043070422567565,random_equal,0.0,0.38466869367651796,True,0.2608614084513513,23,8,0.03131398426129032,2,0.9314841026998407,149,0.7766990291262136,0.2608614084513513
0.09168567270267419,177,8,19,False,0.14497110273914335,random_equal,0.2704011157247722,0.4275515112992304,True,0.1982565327756125,24,8,0.024865312624019652,2,0.938895900135255,149,0.6601941747572816,0.2899422054782867
0.0,149,8,19,True,0.12387498893616941,random_equal,0.0,0.36533445446113905,True,0.24774997787233882,25,8,0.027674727151686583,2,0.9254573675962968,149,0.7669902912621359,0.24774997787233882
0.0,149,8,19,True,0.06573088195932955,random_equal,0.0,0.19385475718778916,True,0.1314617639186591,26,8,0.012276027102119474,2,0.9806965855493452,149,0.8155339805825242,0.1314617639186591
0.0,149,8,19,True,0.0791116171563106,random_equal,0.0,0.23331747387870214,True,0.1582232343126212,27,8,0.019065120978576294,2,0.939486553434802,149,0.8155339805825242,0.1582232343126212
0.0,149,8,19,True,0.12574934911222813,random_equal,0.0,0.3708623528550347,True,0.25149869822445625,28,8,0.02360052532637373,2,0.9626410020851499,149,0.8252427184466019,0.25149869822445625
0.0,149,8,19,True,0.10674596962020572,random_equal,0.0,0.31481722752942604,True,0.21349193924041143,29,8,0.020903133063399408,2,0.9057126598082864,149,0.8058252427184466,0.21349193924041143
0.0,149,8,19,True,0.08993320074455899,random_equal,0.0,0.2652326923628427,True,0.17986640148911798,30,8,0.017782614829991588,2,0.9693509099575067,149,0.8155339805825242,0.17986640148911798
0.05835942068758054,305,8,19,False,0.11612920137959322,random_equal,0.17211470453128785,0.3424904316631892,True,0.1738989820716059,31,8,0.02431754844232128,2,0.916594384376111,149,0.6893203883495146,0.23225840275918644
0.0,149,8,19,True,0.05690234152907784,posterior_medoid,0.0,0.16781745918701116,True,0.11380468305815568,0,8,0.015471524601692798,2,0.9885002286695491,149,0.8252427184466019,0.11380468305815568
0.0,149,8,19,True,0.05721939896215325,acquisition_fw,0.0,0.16875253095040918,True,0.1144387979243065,0,8,0.00926084335479059,2,0.9882875266499881,149,0.8932038834951457,0.1144387979243065
0.0,149,16,19,True,0.09811139734657215,random_equal,0.0,0.2893519840756514,True,0.1962227946931443,0,16,0.01665540252263977,2,0.9708967735521253,149,0.8446601941747572,0.1962227946931443
0.0,149,16,19,True,0.07757259378981482,random_equal,0.0,0.2287785571302098,True,0.15514518757962964,1,16,0.012017143697085455,2,0.9857407671861691,149,0.8640776699029126,0.15514518757962964
0.0,149,16,19,True,0.0794372053265969,random_equal,0.0,0.23427770465322786,True,0.1588744106531938,2,16,0.01603926124450944,2,0.9748753775545367,149,0.883495145631068,0.1588744106531938
0.0,149,16,19,True,0.05555149492873132,random_equal,0.0,0.16383351690748793,True,0.11110298985746264,3,16,0.013861857583384814,2,0.9680695541443359,149,0.8543689320388349,0.11110298985746264
0.0,149,16,19,True,0.04705651540656516,random_equal,0.0,0.1387799630299711,True,0.09411303081313031,4,16,0.012204939661369306,2,0.9818605388107692,149,0.912621359223301,0.09411303081313031
0.0,149,16,19,True,0.06759099024940127,random_equal,0.0,0.19934062365064842,True,0.13518198049880253,5,16,0.016953378345330467,2,0.9698572384970757,149,0.912621359223301,0.13518198049880253
0.0,149,16,19,True,0.05579258799610913,random_equal,0.0,0.16454455313038696,True,0.11158517599221826,6,16,0.013642338932356852,2,0.9757456414316635,149,0.9029126213592233,0.11158517599221826
0.0,149,16,19,True,0.06583374000921235,random_equal,0.0,0.1941581080890775,True,0.1316674800184247,7,16,0.01447466780343435,2,0.967986268740599,149,0.8446601941747572,0.1316674800184247
0.0,149,16,19,True,0.09785460892910267,random_equal,0.0,0.28859465883014523,True,0.19570921785820533,8,16,0.019601446718305732,2,0.925000373553574,149,0.8058252427184466,0.19570921785820533
0.0,149,16,19,True,0.054098578727842794,random_equal,0.0,0.1595485490363475,True,0.10819715745568559,9,16,0.011718748684860085,2,0.9741312711291066,149,0.9029126213592233,0.10819715745568559
0.0,149,16,19,True,0.05904214643666761,random_equal,0.0,0.17412821219115793,True,0.11808429287333522,10,16,0.011228871732907002,2,0.9793813696332561,149,0.8446601941747572,0.11808429287333522
0.0,149,16,19,True,0.0755214993595538,random_equal,0.0,0.22272943073945944,True,0.1510429987191076,11,16,0.01288003421038169,2,0.9797972825617571,149,0.7961165048543689,0.1510429987191076
0.0,149,16,19,True,0.07384865754913993,random_equal,0.0,0.21779585411147484,True,0.14769731509827985,12,16,0.014599671613098142,2,0.983625911928931,149,0.8446601941747572,0.14769731509827985
0.0,149,16,19,True,0.07635888845002559,random_equal,0.0,0.22519907444370113,True,0.15271777690005117,13,16,0.016270294995783276,2,0.9832968229651328,149,0.8737864077669902,0.15271777690005117
0.0,149,16,19,True,0.043347161952776964,random_equal,0.0,0.1278402678414489,True,0.08669432390555393,14,16,0.010142295457322259,2,0.9670291739138482,149,0.8932038834951457,0.08669432390555393
0.0,149,16,19,True,0.08420663695565989,random_equal,0.0,0.248343802396262,True,0.16841327391131977,15,16,0.015783231867335903,2,0.9721682554810063,149,0.8155339805825242,0.16841327391131977
0.0,149,16,19,True,0.10550693505486092,random_equal,0.0,0.3111630434130344,True,0.21101387010972184,16,16,0.021375050042290285,2,0.9716893231984852,149,0.8058252427184466,0.21101387010972184
0.0,149,16,19,True,0.06615763606448344,random_equal,0.0,0.19511334844607603,True,0.13231527212896688,17,16,0.016489614562208117,2,0.9752808256744326,149,0.8932038834951457,0.13231527212896688
0.0,149,16,19,True,0.0910720355469477,random_equal,0.0,0.2685913654479029,True,0.1821440710938954,18,16,0.019473038363744852,2,0.9827308934918686,149,0.8446601941747572,0.1821440710938954
0.0,149,16,19,True,0.04120213448391297,random_equal,0.0,0.1215141123610606,True,0.08240426896782593,19,16,0.009250800163898253,2,0.975658934813633,149,0.9223300970873787,0.08240426896782593
0.0,149,16,19,True,0.12643479272044317,random_equal,0.0,0.37288387607632156,True,0.25286958544088634,20,16,0.02514899765215718,2,0.9427669181938573,149,0.7669902912621359,0.25286958544088634
0.0,149,16,19,True,0.0652244089084821,random_equal,0.0,0.19236105731084335,True,0.1304488178169642,21,16,0.013870324843104727,2,0.9794435438118385,149,0.912621359223301,0.1304488178169642
0.0,149,16,19,True,0.08177593725391533,random_equal,0.0,0.24117513697702,True,0.16355187450783065,22,16,0.019594386944635694,2,0.9788068626770349,149,0.883495145631068,0.16355187450783065
0.0,149,16,19,True,0.08880322848190501,random_equal,0.0,0.26190015684717355,True,0.17760645696381003,23,16,0.018699510952170855,2,0.9566655558593408,149,0.8252427184466019,0.17760645696381003
0.0,149,16,19,True,0.11859756119596784,random_equal,0.0,0.34977016500301367,True,0.2371951223919357,24,16,0.02602843443175494,2,0.9345974775561637,149,0.8252427184466019,0.2371951223919357
0.0,149,16,19,True,0.1918384833298014,random_equal,0.0,0.5657736743618116,True,0.3836769666596028,25,16,0.04343431785312148,2,0.8688211109658744,149,0.4854368932038835,0.3836769666596028
0.10220811028358154,1645,16,19,False,0.15271594770976604,random_equal,0.3014340871602169,0.45039275420490293,True,0.20322378513595055,26,16,0.03270854498764901,2,0.9549064007178311,149,0.4563106796116505,0.3054318954195321
0.0,149,16,19,True,0.08366877484959606,random_equal,0.0,0.24675752932546963,True,0.16733754969919212,27,16,0.022179790783555545,2,0.9501783775590963,149,0.8446601941747572,0.16733754969919212
0.0,149,16,19,True,0.06713777035697484,random_equal,0.0,0.1980039789932199,True,0.13427554071394968,28,16,0.013772658351506524,2,0.9721097553708568,149,0.8543689320388349,0.13427554071394968
0.0,149,16,19,True,0.05262819923130296,random_equal,0.0,0.15521207808420057,True,0.10525639846260593,29,16,0.010272118192233882,2,0.9812265482675253,149,0.8932038834951457,0.10525639846260593
0.0,149,16,19,True,0.09955510210965463,random_equal,0.0,0.2936097854006264,True,0.19911020421930925,30,16,0.01427172544375367,2,0.982719582110842,149,0.8737864077669902,0.19911020421930925
0.0,149,16,19,True,0.09147998895910178,random_equal,0.0,0.269794509347691,True,0.18295997791820356,31,16,0.024971825452969255,2,0.9639156509772006,149,0.8446601941747572,0.18295997791820356
0.0,149,16,19,True,0.0837568465275905,posterior_medoid,0.0,0.24701727197981735,True,0.167513693055181,0,16,0.025180385116950678,2,0.9893730490277528,149,0.8349514563106796,0.167513693055181
0.0,149,16,19,True,0.024403241084341137,acquisition_fw,0.0,0.07197049901029937,True,0.048806482168682275,0,16,0.0057748939241536144,2,0.9930631310904041,149,0.9514563106796117,0.048806482168682275
0.0,149,32,19,True,0.055562724000230074,random_equal,0.0,0.1638666338970056,True,0.11112544800046015,0,32,0.010078471232601735,2,0.9821356119836837,149,0.9029126213592233,0.11112544800046015
0.0,149,32,19,True,0.04929319751673135,random_equal,0.0,0.14537642810769238,True,0.0985863950334627,1,32,0.010224849431744282,2,0.9847460306202842,149,0.8446601941747572,0.0985863950334627
0.0,149,32,19,True,0.04215589864793037,random_equal,0.0,0.12432697162779628,True,0.08431179729586075,2,32,0.007692772270785056,2,0.9903350388871227,149,0.9029126213592233,0.08431179729586075
0.0,149,32,19,True,0.04441481116878426,random_equal,0.0,0.13098899905212835,True,0.08882962233756853,3,32,0.007694807631556621,2,0.9901964524670429,149,0.9029126213592233,0.08882962233756853
0.0,149,32,19,True,0.06866549589552697,random_equal,0.0,0.20250957597439007,True,0.13733099179105393,4,32,0.015752352819593907,2,0.9681629551106287,149,0.8446601941747572,0.13733099179105393
0.0,149,32,19,True,0.034117813905749195,random_equal,0.0,0.10062090045542799,True,0.06823562781149839,5,32,0.009314897894904084,2,0.9885664499113441,149,0.9029126213592233,0.06823562781149839
0.0,149,32,19,True,0.06101644417219715,random_equal,0.0,0.17995084832091943,True,0.1220328883443943,6,32,0.01018444973992088,2,0.9823312414593974,149,0.8737864077669902,0.1220328883443943
0.0,149,32,19,True,0.03395892456973959,random_equal,0.0,0.10015230102797883,True,0.06791784913947918,7,32,0.006338402297013787,2,0.9927867210036151,149,0.9223300970873787,0.06791784913947918
0.0,149,32,19,True,0.07800783485762036,random_equal,0.0,0.23006217829886844,True,0.15601566971524072,8,32,0.01593680176886823,2,0.9874033655740895,149,0.9223300970873787,0.15601566971524072
0.0,149,32,19,True,0.04424406874831055,random_equal,0.0,0.1304854422843511,True,0.0884881374966211,9,32,0.008352191277577812,2,0.9884478249984265,149,0.8737864077669902,0.0884881374966211
0.0,149,32,19,True,0.035321700533853584,random_equal,0.0,0.10417142561219074,True,0.07064340106770717,10,32,0.0061565779251098645,2,0.9917111842688763,149,0.9223300970873787,0.07064340106770717
0.0,149,32,19,True,0.056306637939915,random_equal,0.0,0.1660605989229954,True,0.11261327587983,11,32,0.01022474884027101,2,0.9848030527211554,149,0.8932038834951457,0.11261327587983
0.0,149,32,19,True,0.04355825122822711,random_equal,0.0,0.12846281631512757,True,0.08711650245645422,12,32,0.010715630396738673,2,0.9795816147447503,149,0.912621359223301,0.08711650245645422
0.0,149,32,19,True,0.028279177235429276,random_equal,0.0,0.08340148303253518,True,0.05655835447085855,13,32,0.006873875061280585,2,0.9910088518618291,149,0.9029126213592233,0.05655835447085855
0.0,149,32,19,True,0.07467048664198689,random_equal,0.0,0.2202196079771583,True,0.14934097328397378,14,32,0.013992656650511808,2,0.976604497535854,149,0.8252427184466019,0.14934097328397378
0.0,149,32,19,True,0.07773447839246672,random_equal,0.0,0.2292559902545507,True,0.15546895678493344,15,32,0.01723795991633411,2,0.9697441554204598,149,0.8543689320388349,0.15546895678493344
0.0,149,32,19,True,0.09849581477826429,random_equal,0.0,0.29048571521781896,True,0.19699162955652857,16,32,0.022196818477326474,2,0.9642543777349598,149,0.7378640776699029,0.19699162955652857
0.0,149,32,19,True,0.04434581365485542,random_equal,0.0,0.13078551028230606,True,0.08869162730971084,17,32,0.008748685942982991,2,0.9866773710487476,149,0.912621359223301,0.08869162730971084
0.0,149,32,19,True,0.02951149868404268,random_equal,0.0,0.08703586869840939,True,0.05902299736808536,18,32,0.008202381136439077,2,0.9950025363086252,149,0.9223300970873787,0.05902299736808536
0.0,149,32,19,True,0.06171576539149054,random_equal,0.0,0.18201329965462082,True,0.12343153078298108,19,32,0.01166222833910187,2,0.9884821502970816,149,0.8640776699029126,0.12343153078298108
0.0,149,32,19,True,0.04525803558276653,random_equal,0.0,0.13347585240255944,True,0.09051607116553306,20,32,0.008849689310068722,2,0.9920067693607257,149,0.9029126213592233,0.09051607116553306
0.0,149,32,19,True,0.03477561241238941,random_equal,0.0,0.10256089222158336,True,0.06955122482477882,21,32,0.007006281357477165,2,0.9915498535491178,149,0.9029126213592233,0.06955122482477882
0.0,149,32,19,True,0.10500693143826134,random_equal,0.0,0.30968842331362817,True,0.21001386287652268,22,32,0.01994901434657005,2,0.9828420627001376,149,0.8155339805825242,0.21001386287652268
0.0,149,32,19,True,0.0514142273942044,random_equal,0.0,0.15163180943879934,True,0.1028284547884088,23,32,0.011181307295237416,2,0.975380684898659,149,0.883495145631068,0.1028284547884088
0.0,149,32,19,True,0.04865747260367942,random_equal,0.0,0.1435015362001996,True,0.09731494520735884,24,32,0.01077870214623887,2,0.9864920806530609,149,0.883495145631068,0.09731494520735884
0.0,149,32,19,True,0.15121709065520092,random_equal,0.0,0.4459722967013552,True,0.30243418131040184,25,32,0.027770625911363974,2,0.9595159624107988,149,0.6407766990291263,0.30243418131040184
0.0,149,32,19,True,0.07651540580415064,random_equal,0.0,0.22566067837742534,True,0.1530308116083013,26,32,0.014865763107899124,2,0.9757977671029312,149,0.7669902912621359,0.1530308116083013
0.0,149,32,19,True,0.03924944925031676,random_equal,0.0,0.1157552162297537,True,0.07849889850063352,27,32,0.009219868518276721,2,0.9866273562205986,149,0.9029126213592233,0.07849889850063352
0.0,149,32,19,True,0.07321594109049998,random_equal,0.0,0.21592983479449296,True,0.14643188218099995,28,32,0.01616136974192126,2,0.9818295145857668,149,0.8640776699029126,0.14643188218099995
0.0,149,32,19,True,0.07724672220698592,random_equal,0.0,0.22781749051006642,True,0.15449344441397184,29,32,0.016455468072100816,2,0.9415683546490025,149,0.8446601941747572,0.15449344441397184
0.0,149,32,19,True,0.030401012747897152,random_equal,0.0,0.0896592403575684,True,0.060802025495794304,30,32,0.006342749000058632,2,0.9894564210445098,149,0.9029126213592233,0.060802025495794304
0.0,149,32,19,True,0.03049747245645329,random_equal,0.0,0.08994372114990168,True,0.06099494491290658,31,32,0.0067939611766014655,2,0.9921003351711536,149,0.9029126213592233,0.06099494491290658
0.0,149,32,19,True,0.07430799824100268,posterior_medoid,0.0,0.21915055034607916,True,0.14861599648200535,0,32,0.019326629848994806,2,0.991636473554128,149,0.912621359223301,0.14861599648200535
0.0,149,32,19,True,0.020551968367131968,acquisition_fw,0.0,0.060612252852572684,True,0.041103936734263935,0,32,0.0036574098601354532,2,0.9968001182943865,149,0.9611650485436893,0.041103936734263935
0.0,149,64,19,True,0.05382216961087288,random_equal,0.0,0.15873335805370029,True,0.10764433922174577,0,64,0.01099658530790688,2,0.9907124593131147,149,0.8640776699029126,0.10764433922174577
0.0,149,64,19,True,0.027025259800255663,random_equal,0.0,0.0797034060756564,True,0.054050519600511326,1,64,0.005746055549235306,2,0.9931290422017081,149,0.941747572815534,0.054050519600511326
0.0,149,64,19,True,0.03948549109140137,random_equal,0.0,0.11645135528076975,True,0.07897098218280274,2,64,0.008905644626460712,2,0.9836965965352289,149,0.9514563106796117,0.07897098218280274
0.0,149,64,19,True,0.04607683905411844,random_equal,0.0,0.13589068304824672,True,0.09215367810823688,3,64,0.00905678885145984,2,0.9898245082190952,149,0.9029126213592233,0.09215367810823688
0.0,149,64,19,True,0.03623418659777328,random_equal,0.0,0.10686254672734394,True,0.07246837319554655,4,64,0.007528583121277646,2,0.9944264521572478,149,0.9320388349514563,0.07246837319554655
0.0,149,64,19,True,0.05036771193607456,random_equal,0.0,0.14854540630557264,True,0.10073542387214912,5,64,0.011290235531194799,2,0.9943364346866752,149,0.9320388349514563,0.10073542387214912
0.0,149,64,19,True,0.02468674048479494,random_equal,0.0,0.07280660079076627,True,0.04937348096958988,6,64,0.004729111998350617,2,0.9943125378750356,149,0.941747572815534,0.04937348096958988
0.0,149,64,19,True,0.021001778202705712,random_equal,0.0,0.06193884050599533,True,0.042003556405411424,7,64,0.005684314254092038,2,0.9940924206633679,149,0.9320388349514563,0.042003556405411424
0.0,149,64,19,True,0.03580296431039115,random_equal,0.0,0.10559077782173046,True,0.0716059286207823,8,64,0.0067062797480931325,2,0.9954216497279169,149,0.9611650485436893,0.0716059286207823
0.0,149,64,19,True,0.058090552593852485,random_equal,0.0,0.17132175367665844,True,0.11618110518770497,9,64,0.011442545830276476,2,0.9926115852860417,149,0.8737864077669902,0.11618110518770497
0.0,149,64,19,True,0.036728455771582263,random_equal,0.0,0.10832025469988317,True,0.07345691154316453,10,64,0.006888808446227434,2,0.9944391675073906,149,0.941747572815534,0.07345691154316453
0.0,149,64,19,True,0.05447291419154371,random_equal,0.0,0.16065254624830366,True,0.10894582838308742,11,64,0.015340838451352376,2,0.9907160914720219,149,0.912621359223301,0.10894582838308742
0.0,149,64,19,True,0.051983207288224254,random_equal,0.0,0.15330985567691613,True,0.10396641457644851,12,64,0.009600342844612577,2,0.9934387312459902,149,0.9611650485436893,0.10396641457644851
0.0,149,64,19,True,0.023088633539391515,random_equal,0.0,0.0680934336366577,True,0.04617726707878303,13,64,0.004672748690359257,2,0.9950093675613386,149,0.9514563106796117,0.04617726707878303
0.0,149,64,19,True,0.03543021116038585,random_equal,0.0,0.10449144719917816,True,0.0708604223207717,14,64,0.006097779785559256,2,0.994919671397131,149,0.9611650485436893,0.0708604223207717
0.0,149,64,19,True,0.0190212779902999,random_equal,0.0,0.05609791191441114,True,0.0380425559805998,15,64,0.004109906864640413,2,0.9966252801344468,149,0.9514563106796117,0.0380425559805998
0.0,149,64,19,True,0.04694720032109076,random_equal,0.0,0.13845756891749417,True,0.09389440064218152,16,64,0.009543072220260868,2,0.9922484881390007,149,0.912621359223301,0.09389440064218152
0.0,149,64,19,True,0.014218864276553833,random_equal,0.0,0.041934542784972356,True,0.028437728553107666,17,64,0.0032537049142063825,2,0.9974468591123783,149,0.9611650485436893,0.028437728553107666
0.0,149,64,19,True,0.027114037594078766,random_equal,0.0,0.07996523122012797,True,0.05422807518815753,18,64,0.005478867694508381,2,0.9942786875510067,149,0.941747572815534,0.05422807518815753
0.0,149,64,19,True,0.02417438780594408,random_equal,0.0,0.07129556060398465,True,0.04834877561188816,19,64,0.005161849183232933,2,0.9947610410478216,149,0.912621359223301,0.04834877561188816
0.0,149,64,19,True,0.026504433665894167,random_equal,0.0,0.07816737581401814,True,0.053008867331788334,20,64,0.005652006937592509,2,0.9942452507342998,149,0.9029126213592233,0.053008867331788334
0.0,149,64,19,True,0.031630344696285145,random_equal,0.0,0.09328480933297634,True,0.06326068939257029,21,64,0.007128342832675211,2,0.9930797160867672,149,0.9514563106796117,0.06326068939257029
0.0,149,64,19,True,0.031911442113021604,random_equal,0.0,0.09411382713774698,True,0.06382288422604321,22,64,0.006460538309285637,2,0.994718539200673,149,0.9320388349514563,0.06382288422604321
0.0,149,64,19,True,0.07013749694277002,random_equal,0.0,0.206850829234464,True,0.14027499388554004,23,64,0.014744131985968615,2,0.9850611190084803,149,0.8349514563106796,0.14027499388554004
0.0,149,64,19,True,0.019004694846762843,random_equal,0.0,0.056049004594625355,True,0.038009389693525686,24,64,0.0047358897248193105,2,0.994685905649878,149,0.9514563106796117,0.038009389693525686
0.0,149,64,19,True,0.04072882973182365,random_equal,0.0,0.12011823305658281,True,0.0814576594636473,25,64,0.008648450459023843,2,0.9935483931083128,149,0.941747572815534,0.0814576594636473
0.0,149,64,19,True,0.039597041813855025,random_equal,0.0,0.11678034277600458,True,0.07919408362771005,26,64,0.008024611665677516,2,0.9917612018909938,149,0.9320388349514563,0.07919408362771005
0.0,149,64,19,True,0.03680178710762799,random_equal,0.0,0.10853652485965673,True,0.07360357421525598,27,64,0.006889714901511798,2,0.9942813585847876,149,0.941747572815534,0.07360357421525598
0.0,149,64,19,True,0.0310871546178145,random_equal,0.0,0.09168282290544146,True,0.062174309235629,28,64,0.00591155922085196,2,0.9957776110796897,149,0.9223300970873787,0.062174309235629
0.0,149,64,19,True,0.04428067097061425,random_equal,0.0,0.13059339024892594,True,0.0885613419412285,29,64,0.007429590819406887,2,0.9906927115445344,149,0.9223300970873787,0.0885613419412285
0.0,149,64,19,True,0.035504610222712174,random_equal,0.0,0.10471086631744274,True,0.07100922044542435,30,64,0.008046231327729277,2,0.9950371801196767,149,0.970873786407767,0.07100922044542435
0.0,149,64,19,True,0.042868912670857004,random_equal,0.0,0.12642980603630846,True,0.08573782534171401,31,64,0.007136953910078086,2,0.9912147002769293,149,0.912621359223301,0.08573782534171401
0.0,149,64,19,True,0.03200274657539395,posterior_medoid,0.0,0.09438310398077343,True,0.0640054931507879,0,64,0.00883262297618683,2,0.9974090441472041,149,0.9611650485436893,0.0640054931507879
0.0,149,64,19,True,0.01371643137769743,acquisition_fw,0.0,0.040452758200502155,True,0.02743286275539486,0,64,0.0023872533448508304,2,0.9985851888896976,149,0.970873786407767,0.02743286275539486
0.023584015048131485,573,4,20,False,0.14768248574495346,random_equal,0.10632310650161811,0.6657925136258098,True,0.27178095644177547,0,4,0.024901373969739782,2,0.9634399415372175,149,0.7281553398058253,0.2953649714899069
0.0,149,4,20,True,0.10344850623858734,random_equal,0.0,0.4663737927486632,True,0.20689701247717468,1,4,0.02605487875760808,2,0.9195551429000839,149,0.7961165048543689,0.20689701247717468
0.0,149,4,20,True,0.13865515927021707,random_equal,0.0,0.6250948888897572,True,0.27731031854043414,2,4,0.019918533978852758,2,0.9779502096169197,149,0.7961165048543689,0.27731031854043414
0.023584015048131485,573,4,20,False,0.09813667113567642,random_equal,0.10632310650161811,0.44242660613886764,True,0.17268932722322136,3,4,0.010874715039231538,2,0.9828457647082544,149,0.8446601941747572,0.19627334227135285
0.03383162302235257,413,4,20,False,0.0824582214692302,random_equal,0.15252208966060582,0.37174392253882077,True,0.13108481991610782,4,4,0.01821188617358511,2,0.9509186646297372,149,0.5728155339805825,0.1649164429384604
0.0,149,4,20,True,0.3333550563169899,random_equal,0.0,1.5028545853328874,True,0.6667101126339798,5,4,0.065808878513341,2,0.9141640579570076,149,0.7378640776699029,0.6667101126339798
0.03383162302235257,413,4,20,False,0.09061862294807266,random_equal,0.15252208966060582,0.40853321536110765,True,0.14740562287379275,6,4,0.01999296435857657,2,0.9589940547034873,149,0.7184466019417476,0.18123724589614532
0.03261797186195814,2012,4,20,False,0.12200395917891958,random_equal,0.1470506225961946,0.5500267837739133,True,0.21138994649588103,7,4,0.01717399171525558,2,0.9539701265435223,149,0.7378640776699029,0.24400791835783917
0.023584015048131485,573,4,20,False,0.0990864732009431,random_equal,0.10632310650161811,0.44670857025459215,True,0.17458893135375472,8,4,0.019705898313819536,2,0.9553309609784988,149,0.7572815533980582,0.1981729464018862
0.03420507443939361,1532,4,20,False,0.08250980216905912,random_equal,0.15420570946436693,0.37197646225820896,True,0.13081452989872464,9,4,0.021900520325946245,2,0.9796329231802638,149,0.7864077669902912,0.16501960433811824
0.0,149,4,20,True,0.13833826096608262,random_equal,0.0,0.6236662257858748,True,0.27667652193216524,10,4,0.01666932181308318,2,0.9576909813740211,149,0.7669902912621359,0.27667652193216524
0.0,149,4,20,True,0.2277603607503517,random_equal,0.0,1.0268051917150216,True,0.4555207215007034,11,4,0.033513788387654675,2,0.9702263203244079,149,0.7184466019417476,0.4555207215007034
0.03261797186195814,2012,4,20,False,0.10560746569593166,random_equal,0.1470506225961946,0.47610696480810355,True,0.17859695952990517,12,4,0.028011623278635937,2,0.9771376062624412,149,0.7475728155339806,0.21121493139186331
0.027429890762961012,172,4,20,False,0.09766034681670903,random_equal,0.12366135244427422,0.4402792075219857,True,0.16789080287045705,13,4,0.02232149744643345,2,0.8462592937446938,149,0.6504854368932039,0.19532069363341806
0.03383162302235257,413,4,20,False,0.11279591058948565,random_equal,0.15252208966060582,0.5085144149576449,True,0.19176019815661874,14,4,0.02084364086635831,2,0.9448382140869115,149,0.6699029126213593,0.2255918211789713
0.03261797186195814,2012,4,20,False,0.10510652443666559,random_equal,0.1470506225961946,0.47384858637884536,True,0.17759507701137303,15,4,0.025480554598975972,2,0.9617296864304691,149,0.7669902912621359,0.21021304887333117
0.0,149,4,20,True,0.13098425307146966,random_equal,0.0,0.5905123729327059,True,0.2619685061429393,16,4,0.021970070363097564,2,0.9260048820239026,149,0.7766990291262136,0.2619685061429393
0.0,149,4,20,True,0.16859717271969324,random_equal,0.0,0.7600815685693803,True,0.3371943454393865,17,4,0.029621208413070633,2,0.9702004495741009,149,0.7961165048543689,0.3371943454393865
0.04178750855919011,673,4,20,False,0.0676773977126113,random_equal,0.1883893694058704,0.30510797886047125,True,0.0935672868660325,18,4,0.013221140643161157,2,0.9743093740411101,149,0.7864077669902912,0.1353547954252226
0.03261797186195814,2012,4,20,False,0.13586224798056246,random_equal,0.1470506225961946,0.6125036908306698,True,0.23910652409916677,19,4,0.027350798657720624,2,0.9241084759792034,149,0.6990291262135923,0.2717244959611249
0.03261797186195814,2012,4,20,False,0.11827494141378275,random_equal,0.1470506225961946,0.5332153650150672,True,0.20393191096560737,20,4,0.025833506908227184,2,0.9631142402600922,149,0.6893203883495146,0.2365498828275655
0.02915510119959186,957,4,20,False,0.08325013343446608,random_equal,0.13143906682485157,0.37531407546010426,True,0.1373451656693403,21,4,0.017505203099646982,2,0.9477783181995614,149,0.6310679611650486,0.16650026686893216
0.07359481854310396,972,4,20,False,0.126867937033782,random_equal,0.3317853094121752,0.5719549090074079,True,0.18014105552446003,22,4,0.03232640216721283,2,0.780302000937343,149,0.46601941747572817,0.253735874067564
0.03261797186195814,2012,4,20,False,0.09036556106090318,random_equal,0.1470506225961946,0.40739234405797675,True,0.14811315025984823,23,4,0.014294811847189542,2,0.9702763183887467,149,0.7766990291262136,0.18073112212180636
0.0,149,4,20,True,0.04873132705191209,random_equal,0.0,0.2196939777019068,True,0.09746265410382418,24,4,0.013844371263333329,2,0.9838037172833008,149,0.8543689320388349,0.09746265410382418
0.03420507443939361,1532,4,20,False,0.07237814751553279,random_equal,0.15420570946436693,0.32630022797129765,True,0.11055122059167197,25,4,0.013716446423077495,2,0.9485744790500652,149,0.7669902912621359,0.14475629503106557
0.023584015048131485,573,4,20,False,0.09924023138885044,random_equal,0.10632310650161811,0.4474017536737429,True,0.1748964477295694,26,4,0.015309382156980094,2,0.9509756559969561,149,0.6019417475728155,0.19848046277770087
0.023584015048131485,573,4,20,False,0.06375073740936016,random_equal,0.10632310650161811,0.28740553418486353,True,0.10391745977058883,27,4,0.010991439484308519,2,0.9737083020334371,149,0.8252427184466019,0.12750147481872032
0.023584015048131485,573,4,20,False,0.07456726922256006,random_equal,0.10632310650161811,0.33616937959481247,True,0.12555052339698863,28,4,0.015002079518770767,2,0.9590525855472889,149,0.6796116504854369,0.14913453844512012
0.02524309258633825,1277,4,20,False,0.08728318452228437,random_equal,0.1138026759230757,0.39349615851345376,True,0.14932327645823049,29,4,0.02493182840408427,2,0.9709679512938444,149,0.7475728155339806,0.17456636904456874
0.03383162302235257,413,4,20,False,0.11443883681681745,random_equal,0.15252208966060582,0.5159211699095224,True,0.19504605061128233,30,4,0.01920452892544729,2,0.9576730245391786,149,0.7281553398058253,0.2288776736336349
0.04386945215852331,1197,4,20,False,0.08176847061274028,random_equal,0.19777533318644402,0.3686343394748476,True,0.11966748906695726,31,4,0.01708833455073253,2,0.8962526530406245,149,0.6990291262135923,0.16353694122548057
0.03383162302235257,413,4,20,False,0.0853431190353824,posterior_medoid,0.15252208966060582,0.3847498195646778,True,0.13685461504841223,0,4,0.017569825210437613,2,0.9639897176822348,149,0.6990291262135923,0.1706862380707648
0.0,149,4,20,True,0.026458368369033036,acquisition_fw,0.0,0.11928146722339471,True,0.05291673673806607,0,4,0.0059251581140186745,2,0.987540272819167,149,0.8640776699029126,0.05291673673806607
0.0,149,8,20,True,0.04041717986857833,random_equal,0.0,0.18221155773907863,True,0.08083435973715666,0,8,0.00914625679836637,2,0.9825988058422641,149,0.8155339805825242,0.08083435973715666
0.023584015048131485,573,8,20,False,0.03573184378487528,random_equal,0.10632310650161811,0.16108879783552685,True,0.04787967252161908,1,8,0.006760577254393877,2,0.9714448914769034,149,0.9029126213592233,0.07146368756975056
0.045142072204111316,1405,8,20,False,0.05777118610219223,random_equal,0.2035126479043579,0.2604481026717643,True,0.07040030000027314,2,8,0.009968821354029357,2,0.9724528113826363,149,0.8252427184466019,0.11554237220438446
0.0,149,8,20,True,0.12861576003629627,random_equal,0.0,0.579834566939403,True,0.25723152007259253,3,8,0.01405279823497978,2,0.9872119591815972,149,0.8058252427184466,0.25723152007259253
0.023584015048131485,573,8,20,False,0.1774820099137137,random_equal,0.10632310650161811,0.8001368131620189,True,0.33138000477929597,4,8,0.0347276296402686,2,0.977132325662184,149,0.7864077669902912,0.3549640198274274
0.0,149,8,20,True,0.08670133499664412,random_equal,0.0,0.3908730237776461,True,0.17340266999328824,5,8,0.02090654973118374,2,0.9733224410289387,149,0.8058252427184466,0.17340266999328824
0.020869183526109947,1309,8,20,False,0.048209003144978224,random_equal,0.09408391311318295,0.21733920052457156,True,0.0755488227638465,6,8,0.00980726190841137,2,0.9743181317350285,149,0.8058252427184466,0.09641800628995645
0.03420507443939361,1532,8,20,False,0.049058418517083174,random_equal,0.15420570946436693,0.22116859432745506,True,0.06391176259477274,7,8,0.01073789851347056,2,0.9837065751933337,149,0.8252427184466019,0.09811683703416635
0.03261797186195814,2012,8,20,False,0.07299083091016678,random_equal,0.1470506225961946,0.32906237011234096,True,0.11336368995837542,8,8,0.015227846232642766,2,0.9715508010396782,149,0.7864077669902912,0.14598166182033356
0.020869183526109947,1309,8,20,False,0.055797650442041144,random_equal,0.09408391311318295,0.2515508711464813,True,0.09072611735797234,9,8,0.010327947120552503,2,0.965346845918142,149,0.7766990291262136,0.11159530088408229
0.023584015048131485,573,8,20,False,0.03833029776340707,random_equal,0.10632310650161811,0.1728033298410039,True,0.05307658047868266,10,8,0.008523491051529407,2,0.981631979623611,149,0.8640776699029126,0.07666059552681415
0.023584015048131485,573,8,20,False,0.0861776472939329,random_equal,0.10632310650161811,0.38851209824078065,True,0.14877127953973432,11,8,0.019111149657421778,2,0.9793290958816641,149,0.8058252427184466,0.1723552945878658
0.0,149,8,20,True,0.11089274099750066,random_equal,0.0,0.49993441266345146,True,0.2217854819950013,12,8,0.01259347147294459,2,0.9886566811204985,149,0.8155339805825242,0.2217854819950013
0.0,149,8,20,True,0.05116305277858593,random_equal,0.0,0.23065685373858705,True,0.10232610555717186,13,8,0.00929344329357026,2,0.9763206010107641,149,0.8543689320388349,0.10232610555717186
0.0,149,8,20,True,0.09322320760157943,random_equal,0.0,0.42027538610438914,True,0.18644641520315886,14,8,0.02044074155534806,2,0.9473258741343616,149,0.7961165048543689,0.18644641520315886
0.0,149,8,20,True,0.03289019613486702,random_equal,0.0,0.14827788310725462,True,0.06578039226973403,15,8,0.00696314163940383,2,0.9816219101615334,149,0.883495145631068,0.06578039226973403
0.03420507443939361,1532,8,20,False,0.07101646008565282,random_equal,0.15420570946436693,0.3201613734406518,True,0.10782784573191204,16,8,0.00926974403220875,2,0.9694566826158305,149,0.8640776699029126,0.14203292017130564
0.0,149,8,20,True,0.061142778692644104,random_equal,0.0,0.27564815225378336,True,0.12228555738528821,17,8,0.018810638116773873,2,0.9841208354895321,149,0.8058252427184466,0.12228555738528821
0.0,149,8,20,True,0.11223793778200644,random_equal,0.0,0.5059989229129891,True,0.22447587556401288,18,8,0.020065739047050758,2,0.9737309094286644,149,0.7766990291262136,0.22447587556401288
0.0,149,8,20,True,0.04704459263244132,random_equal,0.0,0.21208972359354858,True,0.09408918526488264,19,8,0.010565162074716306,2,0.9851432532972405,149,0.8543689320388349,0.09408918526488264
0.0,149,8,20,True,0.09475987611290113,random_equal,0.0,0.42720310258750277,True,0.18951975222580225,20,8,0.01891109473336434,2,0.94529917277078,149,0.8252427184466019,0.18951975222580225
0.023584015048131485,573,8,20,False,0.05769714267754483,random_equal,0.10632310650161811,0.26011429492492977,True,0.09181027030695818,21,8,0.011663632909376356,2,0.9740372680626257,149,0.8543689320388349,0.11539428535508967
0.027429890762961012,172,8,20,False,0.08962661356186652,random_equal,0.12366135244427422,0.4040609692484358,True,0.15182333636077203,22,8,0.01804783116038644,2,0.9627020963949495,149,0.8155339805825242,0.17925322712373304
0.03383162302235257,413,8,20,False,0.055254193557153386,random_equal,0.15252208966060582,0.24910082079953935,True,0.0766767640919542,23,8,0.011436203701000479,2,0.9731694139832353,149,0.7475728155339806,0.11050838711430677
0.023584015048131485,573,8,20,False,0.07931489091422045,random_equal,0.10632310650161811,0.3575729398334578,True,0.1350457667803094,24,8,0.01029800311111228,2,0.9851044548551929,149,0.8446601941747572,0.1586297818284409
0.0,149,8,20,True,0.06227418977869781,random_equal,0.0,0.28074885886180134,True,0.12454837955739562,25,8,0.00896930714222809,2,0.9828160354876009,149,0.7864077669902912,0.12454837955739562
0.027429890762961012,172,8,20,False,0.058099012838660855,random_equal,0.12366135244427422,0.2619260340988134,True,0.0887681349143607,26,8,0.011053924874704635,2,0.9577672497261466,149,0.7378640776699029,0.11619802567732171
0.03420507443939361,1532,8,20,False,0.06991073043182902,random_equal,0.15420570946436693,0.31517644566200287,True,0.10561638642426444,27,8,0.012342062639100483,2,0.9790128689513492,149,0.8543689320388349,0.13982146086365804
0.0,149,8,20,True,0.07721563642596938,random_equal,0.0,0.3481089338924506,True,0.15443127285193875,28,8,0.014670562061530107,2,0.977583452371288,149,0.8640776699029126,0.15443127285193875
0.0,149,8,20,True,0.033607578471620214,random_equal,0.0,0.15151203634356,True,0.06721515694324043,29,8,0.008693360576378706,2,0.9693086833162449,149,0.8737864077669902,0.06721515694324043
0.02524309258633825,1277,8,20,False,0.05031933773856784,random_equal,0.1138026759230757,0.22685315857159435,True,0.07539558289079742,30,8,0.009851436617286397,2,0.9709495767607277,149,0.7864077669902912,0.10063867547713568
0.0,149,8,20,True,0.06999297192000042,random_equal,0.0,0.3155472124923265,True,0.13998594384000085,31,8,0.014388061692373404,2,0.9656560320481139,149,0.7669902912621359,0.13998594384000085
0.03383162302235257,413,8,20,False,0.0702874389116191,posterior_medoid,0.15252208966060582,0.3168747491839028,True,0.10674325480088562,0,8,0.013424251504506133,2,0.9815127819471735,149,0.7281553398058253,0.1405748778232382
0.0,149,8,20,True,0.020160008088644946,acquisition_fw,0.0,0.0908867587943768,True,0.04032001617728989,0,8,0.004377224367645087,2,0.9896322957667222,149,0.9029126213592233,0.04032001617728989
0.03261797186195814,2012,16,20,False,0.05642493907584051,random_equal,0.1470506225961946,0.25437885764846535,True,0.08023190628972288,0,16,0.012688059252378203,2,0.9782472014718536,149,0.8155339805825242,0.11284987815168102
0.023584015048131485,573,16,20,False,0.061122348704954976,random_equal,0.10632310650161811,0.27555604835406716,True,0.09866068236177847,1,16,0.011966321811975333,2,0.9746664012918239,149,0.8640776699029126,0.12224469740990995
0.0,149,16,20,True,0.05806726144381441,random_equal,0.0,0.2617828902393415,True,0.11613452288762882,2,16,0.008407103411131574,2,0.9875966676741346,149,0.8737864077669902,0.11613452288762882
0.03261797186195814,2012,16,20,False,0.05612914722134796,random_equal,0.1470506225961946,0.2530453481173978,True,0.07964032258073778,3,16,0.005871156346823348,2,0.9897053468642467,149,0.883495145631068,0.11225829444269592
0.027429890762961012,172,16,20,False,0.06240706593426651,random_equal,0.12366135244427422,0.2813479004419234,True,0.097384241105572,4,16,0.010031038280925482,2,0.9881387408483008,149,0.8932038834951457,0.12481413186853302
0.027429890762961012,172,16,20,False,0.03982126592528759,random_equal,0.12366135244427422,0.17952501681171773,True,0.05221264108761417,5,16,0.008179985217191873,2,0.9859793567198473,149,0.883495145631068,0.07964253185057518
0.0,149,16,20,True,0.02832931451387219,random_equal,0.0,0.12771619751891686,True,0.05665862902774438,6,16,0.008554656938500558,2,0.9880593781761834,149,0.8737864077669902,0.05665862902774438
0.04338340983350039,1212,16,20,False,0.03725876074082429,random_equal,0.19558412317482218,0.16797255167452194,True,0.031134111648148194,7,16,0.007770309730437023,2,0.955056672910702,149,0.8543689320388349,0.07451752148164859
0.0,149,16,20,True,0.040171971547079494,random_equal,0.0,0.18110609243011422,True,0.08034394309415899,8,16,0.008300623881457381,2,0.9815561652913488,149,0.8543689320388349,0.08034394309415899
0.0,149,16,20,True,0.03629596080336667,random_equal,0.0,0.16363198964209696,True,0.07259192160673333,9,16,0.007211278955468839,2,0.9837628582895657,149,0.8349514563106796,0.07259192160673333
0.0,149,16,20,True,0.05257803057956885,random_equal,0.0,0.23703595564826174,True,0.1051560611591377,10,16,0.014972156226936135,2,0.98059270720159,149,0.8737864077669902,0.1051560611591377
0.035108827039474405,1773,16,20,False,0.05898973734566265,random_equal,0.15828007015966838,0.2659416606334927,True,0.0828706476518509,11,16,0.010660595040576159,2,0.9748731158371249,149,0.8446601941747572,0.1179794746913253
0.03261797186195814,2012,16,20,False,0.06691619227768272,random_equal,0.1470506225961946,0.30167625926724895,True,0.10121441269340731,12,16,0.016574182731490205,2,0.9868976936170921,149,0.8446601941747572,0.13383238455536545
0.0,149,16,20,True,0.03172393213150308,random_equal,0.0,0.14302005013922098,True,0.06344786426300617,13,16,0.007414102193422815,2,0.9914158618100554,149,0.8932038834951457,0.06344786426300617
0.0,149,16,20,True,0.05838473481077369,random_equal,0.0,0.2632141458816802,True,0.11676946962154738,14,16,0.013733539257893553,2,0.991524299914223,149,0.941747572815534,0.11676946962154738
0.020869183526109947,1309,16,20,False,0.03873910233878561,random_equal,0.09408391311318295,0.17464633122637507,True,0.05660902115146127,15,16,0.00844134744846823,2,0.9571025828069648,149,0.8155339805825242,0.07747820467757122
0.03383162302235257,413,16,20,False,0.03087520198639676,random_equal,0.15252208966060582,0.13919374552462896,True,0.027918780950440952,16,16,0.0055174913051464465,2,0.9924870371601373,149,0.8737864077669902,0.06175040397279352
0.0,149,16,20,True,0.05654739894615568,random_equal,0.0,0.25493093980271775,True,0.11309479789231136,17,16,0.01123504273436291,2,0.9840754865885941,149,0.8349514563106796,0.11309479789231136
0.0,149,16,20,True,0.03671116129472643,random_equal,0.0,0.16550382554333237,True,0.07342232258945286,18,16,0.007995511295023584,2,0.9830785302148237,149,0.8543689320388349,0.07342232258945286
0.0,149,16,20,True,0.09623834854010374,random_equal,0.0,0.43386845541298036,True,0.19247669708020748,19,16,0.018919113416562355,2,0.9847701258036795,149,0.8252427184466019,0.19247669708020748
0.03261797186195814,2012,16,20,False,0.04772803315071272,random_equal,0.1470506225961946,0.2151708579493142,True,0.0628380944394673,20,16,0.007613258074770307,2,0.9762213760173623,149,0.8543689320388349,0.09545606630142545
0.0,149,16,20,True,0.029689017327553024,random_equal,0.0,0.13384610486397647,True,0.05937803465510605,21,16,0.005770649242229059,2,0.9909315623142569,149,0.8737864077669902,0.05937803465510605
0.0,149,16,20,True,0.02181980845826567,random_equal,0.0,0.09836958693498178,True,0.04363961691653134,22,16,0.00569374377986809,2,0.9869167261297647,149,0.883495145631068,0.04363961691653134
0.0,149,16,20,True,0.07783538935481146,random_equal,0.0,0.35090294740217265,True,0.15567077870962293,23,16,0.0106685472608665,2,0.9719696336651467,149,0.8640776699029126,0.15567077870962293
0.023584015048131485,573,16,20,False,0.08545835880355249,random_equal,0.10632310650161811,0.38526935154934466,True,0.1473327025589735,24,16,0.018458842249256976,2,0.9772208204199841,149,0.7281553398058253,0.17091671760710497
0.0,149,16,20,True,0.05865610063842326,random_equal,0.0,0.26443753628976807,True,0.11731220127684652,25,16,0.012550860761456457,2,0.9712388963784628,149,0.7766990291262136,0.11731220127684652
0.03261797186195814,2012,16,20,False,0.0590509500569647,random_equal,0.1470506225961946,0.2662176240608285,True,0.08548392825197126,26,16,0.011738203533921092,2,0.9818354936781213,149,0.8058252427184466,0.1181019001139294
0.0,149,16,20,True,0.024042821305649775,random_equal,0.0,0.10839152896836814,True,0.04808564261129955,27,16,0.006193456090156254,2,0.9757878541030836,149,0.9029126213592233,0.04808564261129955
0.0,149,16,20,True,0.044649887212122444,random_equal,0.0,0.201293745091799,True,0.08929977442424489,28,16,0.0099984534107872,2,0.9575654385953698,149,0.8543689320388349,0.08929977442424489
0.0,149,16,20,True,0.047976145035876244,random_equal,0.0,0.21628941330711568,True,0.09595229007175249,29,16,0.00757658150400442,2,0.9918557483843264,149,0.8446601941747572,0.09595229007175249
0.0,149,16,20,True,0.035548110698178176,random_equal,0.0,0.16026047948070477,True,0.07109622139635635,30,16,0.0067497082877272605,2,0.9859847644456662,149,0.883495145631068,0.07109622139635635
0.0,149,16,20,True,0.02986473638954601,random_equal,0.0,0.1346382938319921,True,0.05972947277909202,31,16,0.006008924978936193,2,0.9892370889379595,149,0.8932038834951457,0.05972947277909202
0.03383162302235257,413,16,20,False,0.060783593456166365,posterior_medoid,0.15252208966060582,0.2740288482432537,True,0.08773556388998016,0,16,0.010651455989770867,2,0.9888901241644025,149,0.8058252427184466,0.12156718691233273
0.0,149,16,20,True,0.012172162933728907,acquisition_fw,0.0,0.05487539646309895,True,0.024344325867457814,0,16,0.002925292402507296,2,0.9943531957030467,149,0.9223300970873787,0.024344325867457814
0.0,149,32,20,True,0.0615720934534876,random_equal,0.0,0.2775836190920941,True,0.1231441869069752,0,32,0.011021267316089893,2,0.9814635200935056,149,0.883495145631068,0.1231441869069752
0.0,149,32,20,True,0.02562733787194546,random_equal,0.0,0.11553495740021108,True,0.05125467574389092,1,32,0.0064427943785676355,2,0.995257242848961,149,0.8737864077669902,0.05125467574389092
0.0,149,32,20,True,0.02372771529686646,random_equal,0.0,0.10697094601577106,True,0.04745543059373292,2,32,0.005913728465566828,2,0.9889600921178086,149,0.8737864077669902,0.04745543059373292
0.0,149,32,20,True,0.03992340457928609,random_equal,0.0,0.17998548543696458,True,0.07984680915857217,3,32,0.008492630769102203,2,0.9877974715793065,149,0.9029126213592233,0.07984680915857217
0.0,149,32,20,True,0.04967856134123158,random_equal,0.0,0.22396436559047286,True,0.09935712268246316,4,32,0.01199114661037555,2,0.9912743556930079,149,0.8932038834951457,0.09935712268246316
0.0,149,32,20,True,0.027284107170846505,random_equal,0.0,0.12300412065575367,True,0.05456821434169301,5,32,0.005197637181212319,2,0.9904134152883984,149,0.912621359223301,0.05456821434169301
0.0,149,32,20,True,0.019882419278398622,random_equal,0.0,0.08963531350080642,True,0.039764838556797244,6,32,0.0036940114411913635,2,0.9921737271328217,149,0.912621359223301,0.039764838556797244
0.0,149,32,20,True,0.03258618307924305,random_equal,0.0,0.14690731018211772,True,0.0651723661584861,7,32,0.007759131687595012,2,0.9931300075177867,149,0.9223300970873787,0.0651723661584861
0.023584015048131485,573,32,20,False,0.03002098483741239,random_equal,0.10632310650161811,0.1353427040153008,True,0.036457954626693295,8,32,0.003939063518810087,2,0.9939986019988007,149,0.9223300970873787,0.06004196967482478
0.0,149,32,20,True,0.04909121347731146,random_equal,0.0,0.22131644286138588,True,0.09818242695462293,9,32,0.0068423238593646055,2,0.9899828577745816,149,0.9029126213592233,0.09818242695462293
0.02524309258633825,1277,32,20,False,0.03601483680711501,random_equal,0.1138026759230757,0.16236460677566714,True,0.046786581027891766,10,32,0.006694464962792047,2,0.9934377337992749,149,0.8932038834951457,0.07202967361423002
0.0,149,32,20,True,0.05112562555113616,random_equal,0.0,0.23048812169350985,True,0.10225125110227232,11,32,0.00999529703440066,2,0.9891689398579753,149,0.8737864077669902,0.10225125110227232
0.0,149,32,20,True,0.0208568809415777,random_equal,0.0,0.09402844974094554,True,0.0417137618831554,12,32,0.00361233009826439,2,0.9929743415689389,149,0.9029126213592233,0.0417137618831554
0.0,149,32,20,True,0.048890630111787986,random_equal,0.0,0.2204121589007676,True,0.09778126022357597,13,32,0.008907333267635487,2,0.9935326309356408,149,0.8640776699029126,0.09778126022357597
0.0,149,32,20,True,0.023370304322846078,random_equal,0.0,0.10535964085937333,True,0.046740608645692155,14,32,0.004183998700605646,2,0.9914074966686957,149,0.8737864077669902,0.046740608645692155
0.03420507443939361,1532,32,20,False,0.03319023223339895,random_equal,0.15420570946436693,0.14963052683621408,True,0.0321753900274043,15,32,0.005688820755012593,2,0.9875234740842221,149,0.8932038834951457,0.0663804644667979
0.0,149,32,20,True,0.027910738453826855,random_equal,0.0,0.12582914364278927,True,0.05582147690765371,16,32,0.005671951362775796,2,0.9830757069097656,149,0.9029126213592233,0.05582147690765371
0.0,149,32,20,True,0.054145356154618685,random_equal,0.0,0.24410188245074385,True,0.10829071230923737,17,32,0.008711631389203889,2,0.9906249396502829,149,0.8543689320388349,0.10829071230923737
0.0,149,32,20,True,0.02898550521244178,random_equal,0.0,0.13067448233119328,True,0.05797101042488356,18,32,0.006412808329411301,2,0.9931160474547261,149,0.8932038834951457,0.05797101042488356
0.0,149,32,20,True,0.02875682291016951,random_equal,0.0,0.1296435207782131,True,0.05751364582033902,19,32,0.004145808779515099,2,0.9917340235634803,149,0.9223300970873787,0.05751364582033902
0.0,149,32,20,True,0.02221407488452109,random_equal,0.0,0.10014704641943407,True,0.04442814976904218,20,32,0.006193861109061022,2,0.9923064392343617,149,0.9223300970873787,0.04442814976904218
0.0,149,32,20,True,0.025101315478527064,random_equal,0.0,0.11316350644737211,True,0.05020263095705413,21,32,0.00550754725703821,2,0.9876277463815205,149,0.8737864077669902,0.05020263095705413
0.0,149,32,20,True,0.03888142435350353,random_equal,0.0,0.17528795728951554,True,0.07776284870700706,22,32,0.007785537061395009,2,0.9876790701838603,149,0.883495145631068,0.07776284870700706
0.0,149,32,20,True,0.07200289504856464,random_equal,0.0,0.32460848854825947,True,0.14400579009712927,23,32,0.013807040699327769,2,0.9860578588497005,149,0.8640776699029126,0.14400579009712927
0.0,149,32,20,True,0.020502699004241426,random_equal,0.0,0.09243170195362009,True,0.04100539800848285,24,32,0.005314398736497204,2,0.9789900380386505,149,0.912621359223301,0.04100539800848285
0.0,149,32,20,True,0.04730219820538767,random_equal,0.0,0.2132510790587604,True,0.09460439641077534,25,32,0.009229966605150967,2,0.9949473512419705,149,0.912621359223301,0.09460439641077534
0.03261797186195814,2012,32,20,False,0.03383233793681145,random_equal,0.1470506225961946,0.15252531268798247,True,0.035046704011664764,26,32,0.006020053059369305,2,0.9828797267910189,149,0.912621359223301,0.0676646758736229
0.0,149,32,20,True,0.02886484134967504,random_equal,0.0,0.13013049706381358,True,0.05772968269935008,27,32,0.005712123223091039,2,0.990015480149503,149,0.8932038834951457,0.05772968269935008
0.0,149,32,20,True,0.02768145276526761,random_equal,0.0,0.12479546186153918,True,0.05536290553053522,28,32,0.006492832632360672,2,0.9835335056153849,149,0.8932038834951457,0.05536290553053522
0.027429890762961012,172,32,20,False,0.03250286859739629,random_equal,0.12366135244427422,0.14653170600664372,True,0.03757584643183157,29,32,0.005165209228086909,2,0.9779060048460376,149,0.8737864077669902,0.06500573719479258
0.023584015048131485,573,32,20,False,0.03743124443736784,random_equal,0.10632310650161811,0.16875015474168267,True,0.05127847382660419,30,32,0.0056741124583722805,2,0.9923727051796508,149,0.8932038834951457,0.07486248887473568
0.0,149,32,20,True,0.028464483546646574,random_equal,0.0,0.12832557600845995,True,0.05692896709329315,31,32,0.006277942315439596,2,0.9919731844636941,149,0.912621359223301,0.05692896709329315
0.0,149,32,20,True,0.03224554457173065,posterior_medoid,0.0,0.14537161983257896,True,0.0644910891434613,0,32,0.006615567209868213,2,0.9938431539794873,149,0.8737864077669902,0.0644910891434613
0.0,149,32,20,True,0.0074338422280701005,acquisition_fw,0.0,0.03351376758021295,True,0.014867684456140201,0,32,0.0018850586545832622,2,0.9964438132845017,149,0.941747572815534,0.014867684456140201
0.0,149,64,20,True,0.0219125804015248,random_equal,0.0,0.09878782789960854,True,0.0438251608030496,0,64,0.0033700775173739236,2,0.9957641665037971,149,0.941747572815534,0.0438251608030496
0.0,149,64,20,True,0.019070004726129366,random_equal,0.0,0.08597272938236421,True,0.03814000945225873,1,64,0.004686526165178372,2,0.9919308362848072,149,0.9223300970873787,0.03814000945225873
0.0,149,64,20,True,0.029197637559158607,random_equal,0.0,0.1316308322167569,True,0.058395275118317214,2,64,0.004862264771608027,2,0.9919189675070864,149,0.9029126213592233,0.058395275118317214
0.023584015048131485,573,64,20,False,0.018078804884537877,random_equal,0.10632310650161811,0.08150413291535726,True,0.01257359472094427,3,64,0.0035867499939305574,2,0.9942878447824051,149,0.9320388349514563,0.036157609769075755
0.0,149,64,20,True,0.01275104858585617,random_equal,0.0,0.057485169256992326,True,0.02550209717171234,4,64,0.002922489608690526,2,0.9962330726307507,149,0.941747572815534,0.02550209717171234
0.0,149,64,20,True,0.01851748086994423,random_equal,0.0,0.08348180268112335,True,0.03703496173988846,5,64,0.0033524625751700657,2,0.9954811151541448,149,0.9029126213592233,0.03703496173988846
0.0,149,64,20,True,0.023272048052537297,random_equal,0.0,0.1049166750678755,True,0.046544096105074595,6,64,0.004132452198814908,2,0.9932761683861717,149,0.8932038834951457,0.046544096105074595
0.0,149,64,20,True,0.022028700052407424,random_equal,0.0,0.09931132663307385,True,0.04405740010481485,7,64,0.004429237848897102,2,0.9943882837550722,149,0.912621359223301,0.04405740010481485
0.0,149,64,20,True,0.02085258918227939,random_equal,0.0,0.09400910133143926,True,0.04170517836455878,8,64,0.003798768445002513,2,0.9922344260960941,149,0.9514563106796117,0.04170517836455878
0.0,149,64,20,True,0.024501820299426852,random_equal,0.0,0.11046082034220324,True,0.049003640598853704,9,64,0.004884373096914745,2,0.9958496759063723,149,0.9029126213592233,0.049003640598853704
0.02524309258633825,1277,64,20,False,0.03552586045783429,random_equal,0.1138026759230757,0.1601601693906314,True,0.04580862832933033,10,64,0.007192709885301381,2,0.9950408150725519,149,0.883495145631068,0.07105172091566858
0.0,149,64,20,True,0.021055374941465865,random_equal,0.0,0.09492331427724143,True,0.04211074988293173,11,64,0.004665072040114437,2,0.9968262027832755,149,0.9029126213592233,0.04211074988293173
0.0,149,64,20,True,0.014245583721607474,random_equal,0.0,0.06422293710884441,True,0.02849116744321495,12,64,0.0033594865090786625,2,0.9931275166949671,149,0.912621359223301,0.02849116744321495
0.0,149,64,20,True,0.03172960588728618,random_equal,0.0,0.14304562896196,True,0.06345921177457237,13,64,0.005818344245987307,2,0.9930904812469737,149,0.8932038834951457,0.06345921177457237
0.0,149,64,20,True,0.018244429773750265,random_equal,0.0,0.08225081462748764,True,0.03648885954750053,14,64,0.003391694735745671,2,0.996117806067838,149,0.9223300970873787,0.03648885954750053
0.023584015048131485,573,64,20,False,0.02596784406663835,random_equal,0.10632310650161811,0.11707005124784078,True,0.028351673085145218,15,64,0.0038054572918043853,2,0.9949099679449125,149,0.9320388349514563,0.0519356881332767
0.0,149,64,20,True,0.021966208048186088,random_equal,0.0,0.09902959580790416,True,0.043932416096372176,16,64,0.005240188570772815,2,0.9935770159174839,149,0.9320388349514563,0.043932416096372176
0.0,149,64,20,True,0.01325938389969862,random_equal,0.0,0.05977688208035598,True,0.02651876779939724,17,64,0.003780946797869378,2,0.99613932940333,149,0.941747572815534,0.02651876779939724
0.0,149,64,20,True,0.009895563310765174,random_equal,0.0,0.0446118707792865,True,0.019791126621530347,18,64,0.002668629367150621,2,0.994170728612418,149,0.9320388349514563,0.019791126621530347
0.0,149,64,20,True,0.015572735084898703,random_equal,0.0,0.07020609372806311,True,0.031145470169797407,19,64,0.0038377688472924737,2,0.9947077363218931,149,0.9514563106796117,0.031145470169797407
0.0,149,64,20,True,0.02658648020124696,random_equal,0.0,0.11985902994767211,True,0.05317296040249392,20,64,0.005194038947312626,2,0.9951685930259152,149,0.9320388349514563,0.05317296040249392
0.0,149,64,20,True,0.018521855005119797,random_equal,0.0,0.08350152246332222,True,0.037043710010239594,21,64,0.004697184158442705,2,0.9963596799113584,149,0.9320388349514563,0.037043710010239594
0.0,149,64,20,True,0.013146945018752548,random_equal,0.0,0.05926997725141342,True,0.026293890037505097,22,64,0.0025553909387641136,2,0.9965618151424683,149,0.941747572815534,0.026293890037505097
0.0,149,64,20,True,0.013267568551303427,random_equal,0.0,0.0598137806992926,True,0.026535137102606854,23,64,0.0033856158162207683,2,0.9951740203095129,149,0.9223300970873787,0.026535137102606854
0.0,149,64,20,True,0.010329781560744433,random_equal,0.0,0.04656944387035137,True,0.020659563121488866,24,64,0.0021655259339075543,2,0.9938637147928692,149,0.9514563106796117,0.020659563121488866
0.0,149,64,20,True,0.016439103863946453,random_equal,0.0,0.07411191806613182,True,0.032878207727892905,25,64,0.0028144832576134622,2,0.9935285517417914,149,0.9514563106796117,0.032878207727892905
0.0,149,64,20,True,0.035553246389455534,random_equal,0.0,0.16028363256339775,True,0.07110649277891107,26,64,0.00839733503389784,2,0.9873718551985874,149,0.9029126213592233,0.07110649277891107
0.0,149,64,20,True,0.021820697566026073,random_equal,0.0,0.09837359527278633,True,0.043641395132052146,27,64,0.00510217512626161,2,0.9966030638947939,149,0.9029126213592233,0.043641395132052146
0.0,149,64,20,True,0.024165550734794143,random_equal,0.0,0.10894482636659182,True,0.048331101469588286,28,64,0.006435407126954996,2,0.9929684909991303,149,0.9029126213592233,0.048331101469588286
0.0,149,64,20,True,0.014197519129973898,random_equal,0.0,0.06400624895439812,True,0.028395038259947797,29,64,0.0032530539421667193,2,0.9933129425981206,149,0.9514563106796117,0.028395038259947797
0.0,149,64,20,True,0.030522175958618974,random_equal,0.0,0.13760220888963878,True,0.06104435191723795,30,64,0.004916713268603491,2,0.995172730893101,149,0.912621359223301,0.06104435191723795
0.0,149,64,20,True,0.018460944030383453,random_equal,0.0,0.08322691934588049,True,0.036921888060766905,31,64,0.0028440014561528473,2,0.9940005549827053,149,0.9320388349514563,0.036921888060766905
0.0,149,64,20,True,0.031002609895714475,posterior_medoid,0.0,0.1397681347744615,True,0.06200521979142895,0,64,0.005821862799310821,2,0.9964976460704555,149,0.9029126213592233,0.06200521979142895
0.0,149,64,20,True,0.006077565684606809,acquisition_fw,0.0,0.0273993067862389,True,0.012155131369213618,0,64,0.0012597890923619413,2,0.9979151338024759,149,0.9611650485436893,0.012155131369213618
0.0073594418095628,444,4,24,False,0.06941533766757782,random_equal,0.04691757825065901,0.44253349929102515,True,0.13147123352559284,0,4,0.007695109250728669,2,0.9794428690684722,2012,0.8155339805825242,0.13883067533515564
0.012795273857854145,413,4,24,False,0.06260879640707008,random_equal,0.08157184715890112,0.39914074743975636,True,0.11242231895628602,1,4,0.010879688188836806,2,0.983111288097212,2012,0.8640776699029126,0.12521759281414016
0.0,2012,4,24,True,0.038033629496424526,random_equal,0.0,0.24247026258654233,True,0.07606725899284905,2,4,0.006177067504434938,2,0.9865470785238336,2012,0.8543689320388349,0.07606725899284905
0.0,2012,4,24,True,0.06340710781906221,random_equal,0.0,0.40423010599570913,True,0.12681421563812442,3,4,0.008428666428437153,2,0.9789772095327879,2012,0.7669902912621359,0.12681421563812442
0.0,2012,4,24,True,0.06585700072171677,random_equal,0.0,0.419848551652372,True,0.13171400144343354,4,4,0.010908590965709968,2,0.9847946023637599,2012,0.7475728155339806,0.13171400144343354
0.0,2012,4,24,True,0.055136880994978606,random_equal,0.0,0.3515061326006817,True,0.11027376198995721,5,4,0.010148836698930566,2,0.9910671256605388,2012,0.7766990291262136,0.11027376198995721
0.023275790506979643,1164,4,24,False,0.05020686424881443,random_equal,0.14838675958252304,0.3200765143700352,True,0.07713793799064922,6,4,0.007342490159021129,2,0.9907433117090613,2012,0.883495145631068,0.10041372849762886
0.012795273857854145,413,4,24,False,0.07029763144668535,random_equal,0.08157184715890112,0.44815825840897333,True,0.12779998903551656,7,4,0.015695907440901352,2,0.9883001386233006,2012,0.8252427184466019,0.1405952628933707
0.0073594418095628,444,4,24,False,0.06385901085806575,random_equal,0.04691757825065901,0.4071110576687843,True,0.1203585799065687,8,4,0.006410007293265625,2,0.9861181163659671,2012,0.8737864077669902,0.1277180217161315
0.02400103836214204,1725,4,24,False,0.07739431116699204,random_equal,0.15301032667853434,0.4934006877552737,True,0.13078758397184204,9,4,0.012214018928107724,2,0.9749661340297483,2012,0.7378640776699029,0.15478862233398408
0.0,2012,4,24,True,0.06232524911165025,random_equal,0.0,0.3973330896356908,True,0.1246504982233005,10,4,0.007970836090559343,2,0.9790226506346824,2012,0.8349514563106796,0.1246504982233005
0.016095324569007724,573,4,24,False,0.039853133859298784,random_equal,0.1026101801572687,0.25406988393440644,True,0.06361094314958984,11,4,0.006069000903588912,2,0.9906133223297174,2012,0.8543689320388349,0.07970626771859757
0.012795273857854145,413,4,24,False,0.03842046878174333,random_equal,0.08157184715890112,0.24493642278034813,True,0.06404566370563251,12,4,0.009018770481586636,2,0.9861808912477533,2012,0.883495145631068,0.07684093756348666
0.009521259951849076,172,4,24,False,0.11633406470872913,random_equal,0.0606995028149129,0.7416476310875643,True,0.2231468694656092,13,4,0.022243883354450697,2,0.9854784973734017,2012,0.6990291262135923,0.23266812941745826
0.016095324569007724,573,4,24,False,0.10465225876171555,random_equal,0.1026101801572687,0.6671743138427904,True,0.19320919295442338,14,4,0.013351604347723898,2,0.9855780157334842,2012,0.8640776699029126,0.2093045175234311
0.0,2012,4,24,True,0.05825322076107048,random_equal,0.0,0.3713732799489045,True,0.11650644152214096,15,4,0.005629043239350663,2,0.9901116541294228,2012,0.883495145631068,0.11650644152214096
0.0,2012,4,24,True,0.048778161942635734,random_equal,0.0,0.3109683164955801,True,0.09755632388527147,16,4,0.008864598810962208,2,0.9845187943771587,2012,0.7378640776699029,0.09755632388527147
0.0,2012,4,24,True,0.07292812567361948,random_equal,0.0,0.4649280654029932,True,0.14585625134723895,17,4,0.00674428422785675,2,0.988758103570039,2012,0.9029126213592233,0.14585625134723895
0.016095324569007724,573,4,24,False,0.03250822298441544,random_equal,0.1026101801572687,0.2072449426367284,True,0.04892112139982316,18,4,0.0057437076925932655,2,0.989422341615073,2012,0.8446601941747572,0.06501644596883088
0.0073594418095628,444,4,24,False,0.09047755070399618,random_equal,0.04691757825065901,0.5768083605969689,True,0.17359565959842957,19,4,0.00839559749816047,2,0.9834591134130332,2012,0.8252427184466019,0.18095510140799237
0.0073594418095628,444,4,24,False,0.04099343004685775,random_equal,0.04691757825065901,0.26133944825641914,True,0.0746274182841527,20,4,0.005891650909726532,2,0.99117214813835,2012,0.9223300970873787,0.0819868600937155
0.018691827195768784,1532,4,24,False,0.08554698823357315,random_equal,0.11916328544995675,0.5453752632898815,True,0.15240214927137752,21,4,0.009765638815375314,2,0.9758683944328772,2012,0.7864077669902912,0.1710939764671463
0.013141192009997638,1212,4,24,False,0.11773625108226148,random_equal,0.08377712880817335,0.7505867857958368,True,0.2223313101545253,22,4,0.02453471494097641,2,0.9885764327604015,2012,0.7766990291262136,0.23547250216452295
0.026995168525673713,1853,4,24,False,0.07462374156388821,random_equal,0.17209836893435063,0.4757378786025992,True,0.1222523146021027,23,4,0.010651815524725517,2,0.9678497861787168,2012,0.7961165048543689,0.14924748312777641
0.0073594418095628,444,4,24,False,0.04765191139469664,random_equal,0.04691757825065901,0.3037882952955865,True,0.08794438097983048,24,4,0.008605651836462523,2,0.9825999793089878,2012,0.8543689320388349,0.09530382278939328
0.0,2012,4,24,True,0.07232540385872599,random_equal,0.0,0.4610856207386574,True,0.14465080771745198,25,4,0.011736754157657877,2,0.983261081124504,2012,0.7669902912621359,0.14465080771745198
0.023275790506979643,1164,4,24,False,0.026831444306391825,random_equal,0.14838675958252304,0.17105460174813486,True,0.030387098105804006,26,4,0.004601631313399274,2,0.9925359246220411,2012,0.8543689320388349,0.05366288861278365
0.012795273857854145,413,4,24,False,0.06285055800323873,random_equal,0.08157184715890112,0.4006820149570167,True,0.11290584214862331,27,4,0.008207477111700109,2,0.9863609680984244,2012,0.8737864077669902,0.12570111600647746
0.016095324569007724,573,4,24,False,0.053808275431089715,random_equal,0.1026101801572687,0.3430360669189311,True,0.0915212262931717,28,4,0.008250794443326707,2,0.9876063124530169,2012,0.8446601941747572,0.10761655086217943
0.0,2012,4,24,True,0.02961686979994304,random_equal,0.0,0.18881211949700244,True,0.05923373959988608,29,4,0.00508016136677861,2,0.9887609143022393,2012,0.8446601941747572,0.05923373959988608
0.012795273857854145,413,4,24,False,0.040987991928924966,random_equal,0.08157184715890112,0.26130477941464414,True,0.06918070999999579,30,4,0.003678431236837471,2,0.9944324759530965,2012,0.9029126213592233,0.08197598385784993
0.016095324569007724,573,4,24,False,0.03623817037290003,random_equal,0.1026101801572687,0.23102393335347995,True,0.05638101617679234,31,4,0.00554388845303467,2,0.9826127128199251,2012,0.883495145631068,0.07247634074580006
0.016095324569007724,573,4,24,False,0.04550954446744605,posterior_medoid,0.1026101801572687,0.29013037523155455,True,0.07492376436588438,0,4,0.005787149172392513,2,0.9892046425830467,2012,0.8640776699029126,0.0910190889348921
0.012795273857854145,413,4,24,False,0.023790817792970043,acquisition_fw,0.08157184715890112,0.15167013808009888,True,0.03478636172808594,0,4,0.0030806812334476345,2,0.9895291927451951,2012,0.8932038834951457,0.047581635585940085
0.016095324569007724,573,8,24,False,0.0280195927129651,random_equal,0.1026101801572687,0.17862923135745695,True,0.039943860856922475,0,8,0.0046880898946457085,2,0.9864204181578263,2012,0.8543689320388349,0.0560391854259302
0.0,2012,8,24,True,0.04977374746299733,random_equal,0.0,0.31731532796268525,True,0.09954749492599466,1,8,0.011324476037655094,2,0.9905009908305982,2012,0.9029126213592233,0.09954749492599466
0.009521259951849076,172,8,24,False,0.03676722877112171,random_equal,0.0606995028149129,0.23439676235872872,True,0.06401319759039434,2,8,0.00477699200118573,2,0.9903020518993264,2012,0.8932038834951457,0.07353445754224341
0.0,2012,8,24,True,0.02684582373264452,random_equal,0.0,0.17114627281149372,True,0.05369164746528904,3,8,0.00421136156002046,2,0.9851349230804857,2012,0.912621359223301,0.05369164746528904
0.0073594418095628,444,8,24,False,0.03181719203845751,random_equal,0.04691757825065901,0.20283951362192462,True,0.05627494226735222,4,8,0.005031050956749444,2,0.9912988308561042,2012,0.883495145631068,0.06363438407691502
0.012795273857854145,413,8,24,False,0.04829175851701775,random_equal,0.08157184715890112,0.30786741952902386,True,0.08378824317618136,5,8,0.006036550188524769,2,0.9817914844850266,2012,0.8446601941747572,0.0965835170340355
0.0,2012,8,24,True,0.05284420449756294,random_equal,0.0,0.3368899658105354,True,0.10568840899512588,6,8,0.006812388393907294,2,0.9935366821898062,2012,0.883495145631068,0.10568840899512588
0.0,2012,8,24,True,0.023208530822837914,random_equal,0.0,0.14795796870741432,True,0.04641706164567583,7,8,0.003909372049837984,2,0.9888323756317497,2012,0.883495145631068,0.04641706164567583
0.0,2012,8,24,True,0.048830006741698004,random_equal,0.0,0.3112988350973758,True,0.09766001348339601,8,8,0.006453697647926018,2,0.9808707070563931,2012,0.8349514563106796,0.09766001348339601
0.0073594418095628,444,8,24,False,0.04257431245772324,random_equal,0.04691757825065901,0.271417817803481,True,0.07778918310588367,9,8,0.008775074979162798,2,0.9927137034337113,2012,0.8640776699029126,0.08514862491544647
0.0,2012,8,24,True,0.03524320661402318,random_equal,0.0,0.22468088571187522,True,0.07048641322804636,10,8,0.005248661626652321,2,0.991436922743779,2012,0.8446601941747572,0.07048641322804636
0.0,2012,8,24,True,0.04559204313016982,random_equal,0.0,0.2906563169488853,True,0.09118408626033964,11,8,0.0072360829952434,2,0.986127649386114,2012,0.8446601941747572,0.09118408626033964
0.023275790506979643,1164,8,24,False,0.035709636532121364,random_equal,0.14838675958252304,0.22765444848295177,True,0.048143482557263084,12,8,0.0037623154069068927,2,0.9944599462503069,2012,0.941747572815534,0.07141927306424273
0.012795273857854145,413,8,24,False,0.0931878830088047,random_equal,0.08157184715890112,0.5940871476689599,True,0.17358049215975527,13,8,0.017830337486024753,2,0.9928382375897737,2012,0.7864077669902912,0.1863757660176094
0.009521259951849076,172,8,24,False,0.0408161293310324,random_equal,0.0606995028149129,0.26020912880775865,True,0.07211099871021573,14,8,0.007808018951525235,2,0.9915474591182075,2012,0.8446601941747572,0.0816322586620648
0.012795273857854145,413,8,24,False,0.04155365260249996,random_equal,0.08157184715890112,0.264910953578735,True,0.07031203134714578,15,8,0.005502351266213191,2,0.9937386218431289,2012,0.883495145631068,0.08310730520499993
0.012795273857854145,413,8,24,False,0.033194983665701505,random_equal,0.08157184715890112,0.2116231480546783,True,0.053594693473548866,16,8,0.005958820731435079,2,0.9897613365937977,2012,0.883495145631068,0.06638996733140301
0.0073594418095628,444,8,24,False,0.018978035467567975,random_equal,0.04691757825065901,0.12098790738944622,True,0.03059662912557315,17,8,0.0025082818500086774,2,0.9920333274272567,2012,0.9223300970873787,0.03795607093513595
0.0,2012,8,24,True,0.031270436602378666,random_equal,0.0,0.19935386326691132,True,0.06254087320475733,18,8,0.00464572194752379,2,0.9909391102198627,2012,0.8932038834951457,0.06254087320475733
0.0073594418095628,444,8,24,False,0.05694919898846691,random_equal,0.04691757825065901,0.36305993973372785,True,0.10653895616737102,19,8,0.010681139116056787,2,0.9871960419436795,2012,0.8543689320388349,0.11389839797693382
0.0,2012,8,24,True,0.03253986034549035,random_equal,0.0,0.20744663570018163,True,0.0650797206909807,20,8,0.006383931207565059,2,0.9900235421452921,2012,0.883495145631068,0.0650797206909807
0.0073594418095628,444,8,24,False,0.02572588900859798,random_equal,0.04691757825065901,0.16400651596433613,True,0.04409233620763316,21,8,0.0037664981977939844,2,0.9879118231175716,2012,0.883495145631068,0.05145177801719596
0.0,2012,8,24,True,0.04064522254025753,random_equal,0.0,0.2591195716188792,True,0.08129044508051506,22,8,0.006171381366742628,2,0.9872563190177248,2012,0.8349514563106796,0.08129044508051506
0.0073594418095628,444,8,24,False,0.07845447513655793,random_equal,0.04691757825065901,0.5001593968106268,True,0.14954950846355305,23,8,0.008025424266468446,2,0.9848424993638694,2012,0.7864077669902912,0.15690895027311585
0.0073594418095628,444,8,24,False,0.04799831834947649,random_equal,0.04691757825065901,0.3059966931371643,True,0.08863719488939018,24,8,0.012513325171417424,2,0.9886760950098563,2012,0.912621359223301,0.09599663669895298
0.0,2012,8,24,True,0.02110249905650785,random_equal,0.0,0.1345316909064578,True,0.0422049981130157,25,8,0.0037690458818782184,2,0.9890829093802953,2012,0.883495145631068,0.0422049981130157
0.0073594418095628,444,8,24,False,0.03955518777068315,random_equal,0.04691757825065901,0.25217043159972835,True,0.0717509337318035,26,8,0.007718190566337157,2,0.9944026084310076,2012,0.9223300970873787,0.0791103755413663
0.009521259951849076,172,8,24,False,0.035235642874161255,random_equal,0.0606995028149129,0.2246326657019856,True,0.060950025796473434,27,8,0.005595731424329612,2,0.990586884403827,2012,0.8252427184466019,0.07047128574832251
0.012795273857854145,413,8,24,False,0.03504839392025043,random_equal,0.08157184715890112,0.22343892469895874,True,0.05730151398264671,28,8,0.006480489041754811,2,0.989256722153836,2012,0.9029126213592233,0.07009678784050086
0.0073594418095628,444,8,24,False,0.03521534391133707,random_equal,0.04691757825065901,0.2245032566786717,True,0.06307124601311134,29,8,0.004294174059652571,2,0.988581021853482,2012,0.8737864077669902,0.07043068782267414
0.023275790506979643,1164,8,24,False,0.04484537739999439,random_equal,0.14838675958252304,0.2858962075915328,True,0.06641496429300914,30,8,0.004330767401756074,2,0.9944868605478075,2012,0.9029126213592233,0.08969075479998878
0.0073594418095628,444,8,24,False,0.060916484946083566,random_equal,0.04691757825065901,0.3883520004872156,True,0.11447352808260433,31,8,0.0057513689465633205,2,0.9868516224753257,2012,0.9029126213592233,0.12183296989216713
0.016095324569007724,573,8,24,False,0.03067271404759786,posterior_medoid,0.1026101801572687,0.1955432896579628,True,0.045250103526187996,0,8,0.004592725796750804,2,0.9935387581083199,2012,0.8737864077669902,0.06134542809519572
0.0,2012,8,24,True,0.01663099970443621,acquisition_fw,0.0,0.1060251918842099,True,0.03326199940887242,0,8,0.0020504979250407355,2,0.9933468935050116,2012,0.9223300970873787,0.03326199940887242
0.012795273857854145,413,16,24,False,0.02430354340712096,random_equal,0.08157184715890112,0.1549388430641895,True,0.03581181295638777,0,16,0.003385973880275897,2,0.9953708539856028,2012,0.912621359223301,0.04860708681424192
0.016095324569007724,573,16,24,False,0.038561811108821786,random_equal,0.1026101801572687,0.24583750194673504,True,0.06102829764863585,1,16,0.005305129926753899,2,0.9889475877122791,2012,0.8932038834951457,0.07712362221764357
0.0,2012,16,24,True,0.02684231023272554,random_equal,0.0,0.17112387370682683,True,0.05368462046545108,2,16,0.004354276717507002,2,0.9938800134074722,2012,0.9029126213592233,0.05368462046545108
0.0,2012,16,24,True,0.03630777495175164,random_equal,0.0,0.23146767329454873,True,0.07261554990350327,3,16,0.004672567618524869,2,0.9910391845796549,2012,0.8543689320388349,0.07261554990350327
0.0073594418095628,444,16,24,False,0.025019543065992564,random_equal,0.04691757825065901,0.15950345148040163,True,0.04267964432242233,4,16,0.0036933125817736785,2,0.9927250958398214,2012,0.9029126213592233,0.05003908613198513
0.0,2012,16,24,True,0.02672307079736226,random_equal,0.0,0.1703637038890627,True,0.05344614159472452,5,16,0.003608307988784791,2,0.9932013109880832,2012,0.8932038834951457,0.05344614159472452
0.0,2012,16,24,True,0.0222871387081649,random_equal,0.0,0.14208395166123844,True,0.0445742774163298,6,16,0.003327682958992965,2,0.9944284246989311,2012,0.883495145631068,0.0445742774163298
0.016095324569007724,573,16,24,False,0.03130579014014463,random_equal,0.1026101801572687,0.1995792475307582,True,0.04651625571128154,7,16,0.005021010263141463,2,0.993887543152283,2012,0.8640776699029126,0.06261158028028926
0.0,2012,16,24,True,0.031280560430549095,random_equal,0.0,0.19941840423519033,True,0.06256112086109819,8,16,0.004697080309435404,2,0.9906970407985547,2012,0.912621359223301,0.06256112086109819
0.0,2012,16,24,True,0.030716107829064976,random_equal,0.0,0.19581993171727358,True,0.06143221565812995,9,16,0.005653186485447879,2,0.9946795898843325,2012,0.8737864077669902,0.06143221565812995
0.012795273857854145,413,16,24,False,0.021500402346490338,random_equal,0.08157184715890112,0.13706838583890363,True,0.03020553083512653,10,16,0.003950595649790652,2,0.99527688025579,2012,0.9320388349514563,0.043000804692980676
0.0073594418095628,444,16,24,False,0.018315771713513937,random_equal,0.04691757825065901,0.1167658736663137,True,0.029272101617465074,11,16,0.003054456774217051,2,0.9904714963032895,2012,0.9029126213592233,0.036631543427027874
0.0073594418095628,444,16,24,False,0.02949625632376099,random_equal,0.04691757825065901,0.1880431899567889,True,0.05163307083795918,12,16,0.004045761774949499,2,0.991985929150505,2012,0.9029126213592233,0.05899251264752198
0.012795273857854145,413,16,24,False,0.023436237996164067,random_equal,0.08157184715890112,0.14940963710825475,True,0.03407720213447399,13,16,0.0028208042632719213,2,0.9961438248984695,2012,0.9320388349514563,0.04687247599232813
0.0,2012,16,24,True,0.039100729235771986,random_equal,0.0,0.24927318824552877,True,0.07820145847154397,14,16,0.0050880539491968855,2,0.9923366392386888,2012,0.8932038834951457,0.07820145847154397
0.0,2012,16,24,True,0.016156775028970963,random_equal,0.0,0.10300193633096626,True,0.032313550057941925,15,16,0.00242335314381277,2,0.9965796071331758,2012,0.941747572815534,0.032313550057941925
0.0,2012,16,24,True,0.05540838801276324,random_equal,0.0,0.35323703177512195,True,0.11081677602552648,16,16,0.005968337749128242,2,0.9930328109454362,2012,0.9029126213592233,0.11081677602552648
0.0,2012,16,24,True,0.01866812499684333,random_equal,0.0,0.11901218027084484,True,0.03733624999368666,17,16,0.0022225402748627175,2,0.9947446739809928,2012,0.941747572815534,0.03733624999368666
0.0,2012,16,24,True,0.0321357601427498,random_equal,0.0,0.20487043449174877,True,0.0642715202854996,18,16,0.0050559802881315246,2,0.9944201266128128,2012,0.9029126213592233,0.0642715202854996
0.012795273857854145,413,16,24,False,0.028028619504257724,random_equal,0.08157184715890112,0.17868677854619533,True,0.0432619651506613,19,16,0.006319866500279864,2,0.9956911265821461,2012,0.912621359223301,0.05605723900851545
0.012795273857854145,413,16,24,False,0.025409871770161532,random_equal,0.08157184715890112,0.16199185725834117,True,0.03802446968246892,20,16,0.003354748027893801,2,0.9903985863011687,2012,0.8932038834951457,0.050819743540323065
0.0,2012,16,24,True,0.0271435017390165,random_equal,0.0,0.17304401608046147,True,0.054287003478033,21,16,0.0036473781280012174,2,0.9916267170165104,2012,0.8932038834951457,0.054287003478033
0.0,2012,16,24,True,0.03171431696532531,random_equal,0.0,0.20218366914096814,True,0.06342863393065062,22,16,0.005364020437855252,2,0.9899411675752505,2012,0.883495145631068,0.06342863393065062
0.0,2012,16,24,True,0.03164033153920519,random_equal,0.0,0.20171200062191158,True,0.06328066307841038,23,16,0.006739368571329673,2,0.9931632836813115,2012,0.8932038834951457,0.06328066307841038
0.0073594418095628,444,16,24,False,0.036763819820369276,random_equal,0.04691757825065901,0.23437502977114685,True,0.06616819783117575,24,16,0.004237558607135374,2,0.9950840321756083,2012,0.8932038834951457,0.07352763964073855
0.0,2012,16,24,True,0.019873234428927328,random_equal,0.0,0.1266949390375409,True,0.039746468857854655,25,16,0.00412345077974861,2,0.991496207959046,2012,0.9223300970873787,0.039746468857854655
0.0,2012,16,24,True,0.0147345505210843,random_equal,0.0,0.09393503542116186,True,0.0294691010421686,26,16,0.0023635045228587626,2,0.9928970478304143,2012,0.9514563106796117,0.0294691010421686
0.012795273857854145,413,16,24,False,0.035052469143921586,random_equal,0.08157184715890112,0.22346490487930773,True,0.05730966442998903,27,16,0.007947379997880023,2,0.995496283608534,2012,0.9029126213592233,0.07010493828784317
0.012795273857854145,413,16,24,False,0.024560151078861697,random_equal,0.08157184715890112,0.15657475660629694,True,0.03632502829986925,28,16,0.0044545277312439645,2,0.9958655400588907,2012,0.8932038834951457,0.049120302157723394
0.0,2012,16,24,True,0.02360004825080461,random_equal,0.0,0.15045395278317067,True,0.04720009650160922,29,16,0.004399568142183695,2,0.9954348358617333,2012,0.9611650485436893,0.04720009650160922
0.0,2012,16,24,True,0.02159674873622522,random_equal,0.0,0.1376826089548037,True,0.04319349747245044,30,16,0.002396948589760828,2,0.9948554981341657,2012,0.9223300970873787,0.04319349747245044
0.0,2012,16,24,True,0.03565209323015968,random_equal,0.0,0.22728760104500062,True,0.07130418646031936,31,16,0.006665591453927443,2,0.9877437519490725,2012,0.8640776699029126,0.07130418646031936
0.0073594418095628,444,16,24,False,0.015689135332313357,posterior_medoid,0.04691757825065901,0.10002066103471509,True,0.024018828855063915,0,16,0.0031310470158939117,2,0.9951006115840344,2012,0.912621359223301,0.031378270664626715
0.0,2012,16,24,True,0.013941050449654477,acquisition_fw,0.0,0.08887634990443734,True,0.027882100899308954,0,16,0.0016079263584886816,2,0.997337149752593,2012,0.941747572815534,0.027882100899308954
0.0073594418095628,444,32,24,False,0.018389200101168707,random_equal,0.04691757825065901,0.11723399097911531,True,0.029418958392774613,0,32,0.0032001049545886807,2,0.9954756627248319,2012,0.883495145631068,0.036778400202337413
0.0073594418095628,444,32,24,False,0.022862171531733755,random_equal,0.04691757825065901,0.145749874729131,True,0.03836490125390471,1,32,0.002345235158327509,2,0.9950300778520295,2012,0.9320388349514563,0.04572434306346751
0.0,2012,32,24,True,0.03248780068286382,random_equal,0.0,0.20711474730997662,True,0.06497560136572764,2,32,0.005551604125481189,2,0.9964505914518157,2012,0.883495145631068,0.06497560136572764
0.0,2012,32,24,True,0.012526384020888653,random_equal,0.0,0.07985763291642384,True,0.025052768041777307,3,32,0.00185002720452945,2,0.9913908571899492,2012,0.9320388349514563,0.025052768041777307
0.0073594418095628,444,32,24,False,0.012544256855876845,random_equal,0.04691757825065901,0.0799715750000517,True,0.01772907190219089,4,32,0.0020392092711526383,2,0.9947733778152472,2012,0.941747572815534,0.02508851371175369
0.012795273857854145,413,32,24,False,0.019375427235385767,random_equal,0.08157184715890112,0.12352134128908412,True,0.02595558061291739,5,32,0.001997879505909343,2,0.9951957476046974,2012,0.941747572815534,0.038750854470771534
0.0,2012,32,24,True,0.018520870236184345,random_equal,0.0,0.1180734084271674,True,0.03704174047236869,6,32,0.0023520191230829513,2,0.9935170880894872,2012,0.912621359223301,0.03704174047236869
0.012795273857854145,413,32,24,False,0.021067866007258046,random_equal,0.08157184715890112,0.13431089986818567,True,0.029340458156661947,7,32,0.0022076471574734736,2,0.9951001827098866,2012,0.941747572815534,0.04213573201451609
0.0,2012,32,24,True,0.012669320047791505,random_equal,0.0,0.08076887216534878,True,0.02533864009558301,8,32,0.002137402153866974,2,0.9967876250647308,2012,0.941747572815534,0.02533864009558301
0.0073594418095628,444,32,24,False,0.022210712770261737,random_equal,0.04691757825065901,0.14159672450261176,True,0.037061983730960674,9,32,0.0029073106771609135,2,0.995619933473601,2012,0.9029126213592233,0.044421425540523474
0.0,2012,32,24,True,0.026120636434632638,random_equal,0.0,0.16652309177667043,True,0.052241272869265276,10,32,0.003269993473284371,2,0.9950940876678439,2012,0.941747572815534,0.052241272869265276
0.0,2012,32,24,True,0.017460064639504613,random_equal,0.0,0.11131060889985991,True,0.03492012927900923,11,32,0.0017126812266730915,2,0.9954227226117787,2012,0.941747572815534,0.03492012927900923
0.0,2012,32,24,True,0.02753608570016019,random_equal,0.0,0.17554679946995427,True,0.05507217140032038,12,32,0.006021100007895765,2,0.9979805517783588,2012,0.9320388349514563,0.05507217140032038
0.0,2012,32,24,True,0.025594759683421814,random_equal,0.0,0.16317054626254238,True,0.05118951936684363,13,32,0.0026888613162250876,2,0.9946145770338661,2012,0.941747572815534,0.05118951936684363
0.0,2012,32,24,True,0.014955260541994211,random_equal,0.0,0.09534209589459204,True,0.029910521083988423,14,32,0.002134517140356015,2,0.9960629981869158,2012,0.9223300970873787,0.029910521083988423
0.0073594418095628,444,32,24,False,0.012833542820919364,random_equal,0.04691757825065901,0.08181581770933756,True,0.018307643832275927,15,32,0.002423228244870772,2,0.992438811868742,2012,0.9320388349514563,0.025667085641838727
0.016095324569007724,573,32,24,False,0.016457412378488426,random_equal,0.1026101801572687,0.10491854586957666,True,0.016819500187969127,16,32,0.0030186676455371824,2,0.9933704005580607,2012,0.9320388349514563,0.03291482475697685
0.016095324569007724,573,32,24,False,0.03594758033817019,random_equal,0.1026101801572687,0.2291713769985152,True,0.05579983610733266,17,32,0.0049174168009084645,2,0.9949629346006656,2012,0.8932038834951457,0.07189516067634039
0.0,2012,32,24,True,0.02348023683033583,random_equal,0.0,0.14969013647201207,True,0.04696047366067166,18,32,0.004003309329700937,2,0.9955764956470421,2012,0.912621359223301,0.04696047366067166
0.0,2012,32,24,True,0.016852961709224706,random_equal,0.0,0.10744023394824329,True,0.03370592341844941,19,32,0.00236187929260139,2,0.9913270750825585,2012,0.941747572815534,0.03370592341844941
0.012795273857854145,413,32,24,False,0.01502536464363985,random_equal,0.08157184715890112,0.09578902037062738,True,0.017255455429425554,20,32,0.002320706596966365,2,0.9963504095242405,2012,0.9223300970873787,0.0300507292872797
0.0073594418095628,444,32,24,False,0.02023777022832754,random_equal,0.04691757825065901,0.12901891106369406,True,0.03311609864709228,21,32,0.002450491243109195,2,0.9944435023493475,2012,0.9223300970873787,0.04047554045665508
0.0073594418095628,444,32,24,False,0.020388051266992335,random_equal,0.04691757825065901,0.1299769758970873,True,0.03341666072442187,22,32,0.0030117725582681247,2,0.9913085580570539,2012,0.9223300970873787,0.04077610253398467
0.0073594418095628,444,32,24,False,0.021726201171714782,random_equal,0.04691757825065901,0.13850788822583862,True,0.036092960533866764,23,32,0.0031512736040941788,2,0.9925828283663879,2012,0.9223300970873787,0.043452402343429564
0.0,2012,32,24,True,0.022111700998318995,random_equal,0.0,0.1409655091634506,True,0.04422340199663799,24,32,0.0022623676486933334,2,0.9967684556476072,2012,0.9514563106796117,0.04422340199663799
0.0,2012,32,24,True,0.017605337612794078,random_equal,0.0,0.11223674654295641,True,0.035210675225588156,25,32,0.002845560329394814,2,0.988443673161399,2012,0.941747572815534,0.035210675225588156
0.0,2012,32,24,True,0.01873120585878768,random_equal,0.0,0.11941433050899841,True,0.03746241171757536,26,32,0.0025234439049934654,2,0.992441470329665,2012,0.9320388349514563,0.03746241171757536
0.0,2012,32,24,True,0.025414720400751434,random_equal,0.0,0.16202276802725502,True,0.05082944080150287,27,32,0.005179365825589428,2,0.9927723432422803,2012,0.9320388349514563,0.05082944080150287
0.0,2012,32,24,True,0.01596128325817596,random_equal,0.0,0.10175564609714494,True,0.03192256651635192,28,32,0.0020972011990662274,2,0.9950411196151067,2012,0.941747572815534,0.03192256651635192
0.012795273857854145,413,32,24,False,0.01645551735020323,random_equal,0.08157184715890112,0.10490646477155884,True,0.020115760842552316,29,32,0.002968549705201501,2,0.9961083484848379,2012,0.9320388349514563,0.03291103470040646
0.0,2012,32,24,True,0.02268838251200661,random_equal,0.0,0.1446419428855014,True,0.04537676502401322,30,32,0.004680323484817568,2,0.9925147728843446,2012,0.9514563106796117,0.04537676502401322
0.0,2012,32,24,True,0.018623935838287725,random_equal,0.0,0.11873046755974365,True,0.03724787167657545,31,32,0.0026173666821012833,2,0.9948006106251444,2012,0.9320388349514563,0.03724787167657545
0.0,2012,32,24,True,0.012968617475777794,posterior_medoid,0.0,0.08267693949723817,True,0.025937234951555588,0,32,0.0015378373661658852,2,0.9975378754266503,2012,0.941747572815534,0.025937234951555588
0.0,2012,32,24,True,0.010758645135133055,acquisition_fw,0.0,0.06858802448071312,True,0.02151729027026611,0,32,0.0010580210397418994,2,0.9980002283007451,2012,0.941747572815534,0.02151729027026611
0.0073594418095628,444,64,24,False,0.015231593613103903,random_equal,0.04691757825065901,0.09710376190439558,True,0.023103745416645005,0,64,0.0034186593688801535,2,0.9961689650260426,2012,0.9514563106796117,0.030463187226207805
0.0,2012,64,24,True,0.009992104503821035,random_equal,0.0,0.06370120955880429,True,0.01998420900764207,1,64,0.0016171712657796343,2,0.9946604498038769,2012,0.9514563106796117,0.01998420900764207
0.0,2012,64,24,True,0.011389271475025164,random_equal,0.0,0.07260836480195447,True,0.02277854295005033,2,64,0.001964970592103737,2,0.9977628150277592,2012,0.941747572815534,0.02277854295005033
0.0,2012,64,24,True,0.01745796826788923,random_equal,0.0,0.1112972442070133,True,0.03491593653577846,3,64,0.003356166263771859,2,0.9983478440689372,2012,0.941747572815534,0.03491593653577846
0.0073594418095628,444,64,24,False,0.013797349932552494,random_equal,0.04691757825065901,0.08796023691241234,True,0.020235258055542188,4,64,0.0016323810490020446,2,0.9954657217853004,2012,0.941747572815534,0.027594699865104988
0.0,2012,64,24,True,0.017705055462673466,random_equal,0.0,0.11287246323802212,True,0.03541011092534693,5,64,0.0021931980306549716,2,0.9973927301657749,2012,0.941747572815534,0.03541011092534693
0.0,2012,64,24,True,0.011433796456777473,random_equal,0.0,0.07289221843780477,True,0.022867592913554946,6,64,0.001202087729757843,2,0.9973837768940692,2012,0.9805825242718447,0.022867592913554946
0.012795273857854145,413,64,24,False,0.019972313342505155,random_equal,0.08157184715890112,0.1273265824149962,True,0.027149352827156165,7,64,0.0018975577189616827,2,0.9982338725103733,2012,0.9611650485436893,0.03994462668501031
0.0,2012,64,24,True,0.010580724877246608,random_equal,0.0,0.06745375535572079,True,0.021161449754493217,8,64,0.0015177819811927802,2,0.9978500203691473,2012,0.941747572815534,0.021161449754493217
0.0,2012,64,24,True,0.01153637326903062,random_equal,0.0,0.07354616145958892,True,0.02307274653806124,9,64,0.0017341460972142605,2,0.997694686902538,2012,0.941747572815534,0.02307274653806124
0.0,2012,64,24,True,0.010951970326022117,random_equal,0.0,0.06982050243299141,True,0.021903940652044235,10,64,0.002424556792828981,2,0.9960771119182378,2012,0.9611650485436893,0.021903940652044235
0.012795273857854145,413,64,24,False,0.014521791121251973,random_equal,0.08157184715890112,0.09257866138512753,True,0.0162483083846498,11,64,0.0019527048093561574,2,0.996440477286244,2012,0.941747572815534,0.029043582242503946
0.0073594418095628,444,64,24,False,0.009778103621687989,random_equal,0.04691757825065901,0.062336920881347686,True,0.012196765433813178,12,64,0.0017979281553253022,2,0.9977000317640679,2012,0.9611650485436893,0.019556207243375978
0.012795273857854145,413,64,24,False,0.011781375846136005,random_equal,0.08157184715890112,0.07510809073091201,True,0.010767477834417866,13,64,0.002456318504691852,2,0.9966526302910164,2012,0.941747572815534,0.02356275169227201
0.0,2012,64,24,True,0.0158417815140324,random_equal,0.0,0.10099380402039118,True,0.0316835630280648,14,64,0.002335205786147411,2,0.9976223203272689,2012,0.941747572815534,0.0316835630280648
0.0,2012,64,24,True,0.0209723841810439,random_equal,0.0,0.13370218847826787,True,0.0419447683620878,15,64,0.0032465322175721273,2,0.9956699818293707,2012,0.9223300970873787,0.0419447683620878
0.0,2012,64,24,True,0.008497975230353366,random_equal,0.0,0.05417590466225207,True,0.016995950460706732,16,64,0.0010319328925087543,2,0.9974839141181503,2012,0.9611650485436893,0.016995950460706732
0.012795273857854145,413,64,24,False,0.014444254168757345,random_equal,0.08157184715890112,0.09208435133687667,True,0.016093234479660545,17,64,0.0023790431042071602,2,0.9980968143910026,2012,0.9320388349514563,0.02888850833751469
0.0,2012,64,24,True,0.016392227394567416,random_equal,0.0,0.10450298152882626,True,0.03278445478913483,18,64,0.0017234479676362347,2,0.997457811468467,2012,0.9514563106796117,0.03278445478913483
0.0073594418095628,444,64,24,False,0.012725138768106575,random_equal,0.04691757825065901,0.08112472512892967,True,0.01809083572665035,19,64,0.0015259610223086052,2,0.9981480697411169,2012,0.9611650485436893,0.02545027753621315
0.0,2012,64,24,True,0.011749171929665958,random_equal,0.0,0.07490278578930654,True,0.023498343859331916,20,64,0.0019500333885987806,2,0.9970119667566043,2012,0.9514563106796117,0.023498343859331916
0.0,2012,64,24,True,0.010543364888573714,random_equal,0.0,0.06721557965743255,True,0.021086729777147428,21,64,0.00110483082014462,2,0.994232851102585,2012,0.9805825242718447,0.021086729777147428
0.0,2012,64,24,True,0.008818775665957679,random_equal,0.0,0.056221056988988785,True,0.017637551331915358,22,64,0.0012347961988440333,2,0.9982054969674046,2012,0.9514563106796117,0.017637551331915358
0.0073594418095628,444,64,24,False,0.015241535687521068,random_equal,0.04691757825065901,0.09716714416442448,True,0.023123629565479337,23,64,0.00274452339070764,2,0.9987716038576615,2012,0.9611650485436893,0.030483071375042137
0.0,2012,64,24,True,0.011647882116053235,random_equal,0.0,0.07425704758264058,True,0.02329576423210647,24,64,0.00155164182560046,2,0.9979893485878347,2012,0.941747572815534,0.02329576423210647
0.0,2012,64,24,True,0.017068700826449984,random_equal,0.0,0.10881560414289483,True,0.03413740165289997,25,64,0.002404497572150554,2,0.9976496118105023,2012,0.9223300970873787,0.03413740165289997
0.0,2012,64,24,True,0.010153107538800138,random_equal,0.0,0.0647276287747848,True,0.020306215077600276,26,64,0.001516819653872816,2,0.9983040206747403,2012,0.9611650485436893,0.020306215077600276
0.0,2012,64,24,True,0.010169110936116804,random_equal,0.0,0.06482965290450961,True,0.02033822187223361,27,64,0.0016623705540754713,2,0.9967171528000303,2012,0.9611650485436893,0.02033822187223361
0.0,2012,64,24,True,0.00637185450728589,random_equal,0.0,0.04062155665922166,True,0.01274370901457178,28,64,0.0011050335503818111,2,0.9948220529355533,2012,0.970873786407767,0.01274370901457178
0.0,2012,64,24,True,0.0111755960023866,random_equal,0.0,0.07124615066028686,True,0.0223511920047732,29,64,0.001544986903408505,2,0.9982363395844613,2012,0.9514563106796117,0.0223511920047732
0.0,2012,64,24,True,0.014737993049896897,random_equal,0.0,0.09395698207406362,True,0.029475986099793794,30,64,0.0018020099393631197,2,0.9941588109402506,2012,0.9514563106796117,0.029475986099793794
0.0073594418095628,444,64,24,False,0.012901726228166932,random_equal,0.04691757825065901,0.08225049746192119,True,0.018444010646771064,31,64,0.0018482404844941513,2,0.9982684995576143,2012,0.970873786407767,0.025803452456333864
0.0,2012,64,24,True,0.006924166571690468,posterior_medoid,0.0,0.044142631378069695,True,0.013848333143380936,0,64,0.0013306897229517355,2,0.9987239890483592,2012,0.9611650485436893,0.013848333143380936
0.0,2012,64,24,True,0.005868078631761878,acquisition_fw,0.0,0.03740990764122416,True,0.011736157263523755,0,64,0.0006525966270594666,2,0.9988826040308426,2012,0.9514563106796117,0.011736157263523755
0.0,317,4,32,True,0.013465739059329403,random_equal,0.0,0.14467576185522849,True,0.026931478118658807,0,4,0.0013061995734641476,2,0.9901678002868651,317,0.9223300970873787,0.026931478118658807
0.0,317,4,32,True,0.02509919053367933,random_equal,0.0,0.2696654447565415,True,0.05019838106735866,1,4,0.002725198275190883,2,0.9860114468242483,317,0.883495145631068,0.05019838106735866
0.0,317,4,32,True,0.02658781955997068,random_equal,0.0,0.2856592596930707,True,0.05317563911994136,2,4,0.0027619963762413094,2,0.9787026357992782,317,0.8446601941747572,0.05317563911994136
0.0,317,4,32,True,0.011981486328107716,random_equal,0.0,0.12872896578788398,True,0.023962972656215432,3,4,0.0014790681681871051,2,0.9888011312769761,317,0.9223300970873787,0.023962972656215432
0.0,317,4,32,True,0.020176442477794994,random_equal,0.0,0.21677549031226762,True,0.04035288495558999,4,4,0.0017031108443164337,2,0.9934147515825416,317,0.8932038834951457,0.04035288495558999
0.0,317,4,32,True,0.016795632653580587,random_equal,0.0,0.18045210435841721,True,0.033591265307161174,5,4,0.0013339350098206491,2,0.9813200433453166,317,0.9611650485436893,0.033591265307161174
0.005452289011952091,1725,4,32,False,0.017579458172573253,random_equal,0.05857933702588344,0.18887351766682878,True,0.029706627333194416,6,4,0.0016842034714517609,2,0.994982652447851,317,0.9320388349514563,0.03515891634514651
0.0,317,4,32,True,0.01965137785050574,random_equal,0.0,0.21113420136098093,True,0.03930275570101148,7,4,0.0014554280652792568,2,0.9937291470704198,317,0.8932038834951457,0.03930275570101148
0.011706247057810357,1085,4,32,False,0.024312326927457842,random_equal,0.12577179790075202,0.26121139027021345,True,0.03691840679710533,8,4,0.002104427635643794,2,0.9796983875760075,317,0.8737864077669902,0.048624653854915684
0.0,317,4,32,True,0.0074726485627910726,random_equal,0.0,0.0802860592452336,True,0.014945297125582145,9,4,0.0008024300338595145,2,0.9900032470049946,317,0.9611650485436893,0.014945297125582145
0.0,317,4,32,True,0.010654485863804939,random_equal,0.0,0.11447168645777293,True,0.021308971727609878,10,4,0.00091628285973124,2,0.9949774897439113,317,0.9611650485436893,0.021308971727609878
0.0,317,4,32,True,0.020855008503802216,random_equal,0.0,0.2240659967114432,True,0.04171001700760443,11,4,0.0017218865873709032,2,0.9865015612514058,317,0.912621359223301,0.04171001700760443
0.05502572609042408,1164,4,32,False,0.08303211149899928,random_equal,0.5911958347547009,0.8920961513243697,True,0.11103849690757447,12,4,0.009818404936558509,2,0.9946764159362416,317,0.7281553398058253,0.16606422299799856
0.0,317,4,32,True,0.013881596513716721,random_equal,0.0,0.1491437300648885,True,0.027763193027433443,13,4,0.001159042819265619,2,0.9932066525336868,317,0.9320388349514563,0.027763193027433443
0.005452289011952091,1725,4,32,False,0.02656123586073529,random_equal,0.05857933702588344,0.2853736447021026,True,0.04767018270951849,14,4,0.002490338823469386,2,0.9796145341428464,317,0.8640776699029126,0.05312247172147058
0.0,317,4,32,True,0.028565910993917143,random_equal,0.0,0.3069118536995788,True,0.057131821987834286,15,4,0.0029500340812205986,2,0.9661528712218466,317,0.8155339805825242,0.057131821987834286
0.0,317,4,32,True,0.019220762887925985,random_equal,0.0,0.2065076786351953,True,0.03844152577585197,16,4,0.0017208367362049706,2,0.9898049824997907,317,0.9223300970873787,0.03844152577585197
0.005452289011952091,1725,4,32,False,0.012109783128269214,random_equal,0.05857933702588344,0.13010738528830443,True,0.018767277244586336,17,4,0.0013994419121777931,2,0.9917363970280831,317,0.912621359223301,0.024219566256538427
0.0,317,4,32,True,0.015673759379158436,random_equal,0.0,0.1683987094450802,True,0.03134751875831687,18,4,0.0012198200686199699,2,0.9943584912519241,317,0.9223300970873787,0.03134751875831687
0.0,317,4,32,True,0.01756841286931804,random_equal,0.0,0.18875484704234025,True,0.03513682573863608,19,4,0.0017042579989804008,2,0.9858277394622513,317,0.9223300970873787,0.03513682573863608
0.005452289011952091,1725,4,32,False,0.019926863296495338,random_equal,0.05857933702588344,0.21409401415721654,True,0.034401437581038585,20,4,0.0014238063520622098,2,0.9950501147617636,317,0.9223300970873787,0.039853726592990676
0.0,317,4,32,True,0.013066384325705602,random_equal,0.0,0.14038509870759486,True,0.026132768651411203,21,4,0.0014289493213736164,2,0.9884041939329395,317,0.9223300970873787,0.026132768651411203
0.0,317,4,32,True,0.017641309721271186,random_equal,0.0,0.1895380500694227,True,0.03528261944254237,22,4,0.002281486294118775,2,0.9826172328771826,317,0.912621359223301,0.03528261944254237
0.0,317,4,32,True,0.018047470502971508,random_equal,0.0,0.19390183732753816,True,0.036094941005943015,23,4,0.0015191859340158121,2,0.9919590023267615,317,0.9223300970873787,0.036094941005943015
0.005452289011952091,1725,4,32,False,0.015759056936031895,random_equal,0.05857933702588344,0.16931514551819032,True,0.0260658248601117,24,4,0.001345203629399929,2,0.9950223734494258,317,0.941747572815534,0.03151811387206379
0.0,317,4,32,True,0.012882912265001331,random_equal,0.0,0.1384138767758028,True,0.025765824530002663,25,4,0.0015649031810858927,2,0.984798923346976,317,0.8640776699029126,0.025765824530002663
0.0,317,4,32,True,0.013321896256033215,random_equal,0.0,0.1431303162571386,True,0.02664379251206643,26,4,0.001700643248612623,2,0.9801462110100602,317,0.8932038834951457,0.02664379251206643
0.0,317,4,32,True,0.04659919986057426,random_equal,0.0,0.5006613236725218,True,0.09319839972114852,27,4,0.004608986211808585,2,0.9843912357503143,317,0.7766990291262136,0.09319839972114852
0.0,317,4,32,True,0.012747743249648391,random_equal,0.0,0.13696162226609887,True,0.025495486499296782,28,4,0.0013033585819339616,2,0.9920911034536717,317,0.9320388349514563,0.025495486499296782
0.0,317,4,32,True,0.016542724035385675,random_equal,0.0,0.17773485676763223,True,0.03308544807077135,29,4,0.0015469534346407416,2,0.9923343769322985,317,0.883495145631068,0.03308544807077135
0.0,317,4,32,True,0.01748323072196166,random_equal,0.0,0.18783965092789376,True,0.03496646144392332,30,4,0.001709985329214227,2,0.9883162599441307,317,0.941747572815534,0.03496646144392332
0.0,317,4,32,True,0.01143906716289092,random_equal,0.0,0.12290121985972809,True,0.02287813432578184,31,4,0.0009940370410499388,2,0.9867247326144587,317,0.941747572815534,0.02287813432578184
0.0,317,4,32,True,0.013519394180585169,posterior_medoid,0.0,0.1452522319257468,True,0.027038788361170338,0,4,0.0012290153701945926,2,0.9912563199552406,317,0.9029126213592233,0.027038788361170338
0.0,317,4,32,True,0.011811612762458863,acquisition_fw,0.0,0.1269038459470027,True,0.023623225524917725,0,4,0.0008492374086850596,2,0.9975129797713114,317,0.9611650485436893,0.023623225524917725
0.0,317,8,32,True,0.018717113735328417,random_equal,0.0,0.20109647732357402,True,0.03743422747065683,0,8,0.0015492476416077586,2,0.9906980675819381,317,0.941747572815534,0.03743422747065683
0.005452289011952091,1725,8,32,False,0.009988701587256912,random_equal,0.05857933702588344,0.10731850704322882,True,0.014525114162561734,1,8,0.0008486457628917786,2,0.9916433480549811,317,0.941747572815534,0.019977403174513825
0.0,317,8,32,True,0.01106645373160188,random_equal,0.0,0.11889786498914014,True,0.02213290746320376,2,8,0.0016911660659354566,2,0.9902915701354852,317,0.9611650485436893,0.02213290746320376
0.0,317,8,32,True,0.009075564854441762,random_equal,0.0,0.0975077753844642,True,0.018151129708883523,3,8,0.0008592729207897268,2,0.9855585570901961,317,0.9805825242718447,0.018151129708883523
0.0,317,8,32,True,0.015832240891521077,random_equal,0.0,0.17010143318270887,True,0.03166448178304215,4,8,0.0021832364838525135,2,0.9881987205781184,317,0.8932038834951457,0.03166448178304215
0.0,317,8,32,True,0.019716652677187557,random_equal,0.0,0.2118355134269991,True,0.039433305354375114,5,8,0.002547040904516622,2,0.9943101853457025,317,0.9029126213592233,0.039433305354375114
0.0,317,8,32,True,0.009176716089225191,random_equal,0.0,0.0985945432098626,True,0.018353432178450382,6,8,0.0009835829948626697,2,0.9950025991659326,317,0.9611650485436893,0.018353432178450382
0.0,317,8,32,True,0.026239366120495947,random_equal,0.0,0.28191547952586526,True,0.05247873224099189,7,8,0.0027187355515681804,2,0.9869580126006634,317,0.883495145631068,0.05247873224099189
0.0,317,8,32,True,0.016126188658120363,random_equal,0.0,0.17325960496154866,True,0.03225237731624073,8,8,0.0016293800696214652,2,0.9845006293916715,317,0.9514563106796117,0.03225237731624073
0.0,317,8,32,True,0.011782753270108373,random_equal,0.0,0.12659377985822987,True,0.023565506540216746,9,8,0.0011387592030858667,2,0.9838677340840363,317,0.941747572815534,0.023565506540216746
0.0,317,8,32,True,0.01243367662844494,random_equal,0.0,0.13358729372046838,True,0.02486735325688988,10,8,0.0014234677627173804,2,0.9930545605923679,317,0.9611650485436893,0.02486735325688988
0.0,317,8,32,True,0.011576868729007622,random_equal,0.0,0.12438175846774195,True,0.023153737458015244,11,8,0.0009318612000265412,2,0.9905828149888671,317,0.941747572815534,0.023153737458015244
0.0,317,8,32,True,0.013948715157936817,random_equal,0.0,0.14986485208756017,True,0.027897430315873634,12,8,0.001752959891429094,2,0.9826287264497523,317,0.9611650485436893,0.027897430315873634
0.0,317,8,32,True,0.013367733730129623,random_equal,0.0,0.14362279360704108,True,0.026735467460259246,13,8,0.0011826359778506965,2,0.9880977162703704,317,0.9514563106796117,0.026735467460259246
0.0,317,8,32,True,0.007919533597470517,random_equal,0.0,0.08508738745819606,True,0.015839067194941034,14,8,0.0010872309294103417,2,0.9911029457322827,317,0.941747572815534,0.015839067194941034
0.0,317,8,32,True,0.008625127311920909,random_equal,0.0,0.09266827906381839,True,0.017250254623841818,15,8,0.0013191904716916849,2,0.9929708574345457,317,0.9611650485436893,0.017250254623841818
0.0,317,8,32,True,0.008556556852952025,random_equal,0.0,0.09193155875842877,True,0.01711311370590405,16,8,0.0009053424962513815,2,0.9888394876782864,317,0.941747572815534,0.01711311370590405
0.0,317,8,32,True,0.005690160605871554,random_equal,0.0,0.061135026982623894,True,0.011380321211743108,17,8,0.0006810312237641733,2,0.9932001123756439,317,0.9514563106796117,0.011380321211743108
0.0,317,8,32,True,0.011181698174893631,random_equal,0.0,0.12013605010169541,True,0.022363396349787262,18,8,0.0010952197034848367,2,0.9887736216158022,317,0.9514563106796117,0.022363396349787262
0.0,317,8,32,True,0.015488003642404796,random_equal,0.0,0.1664029517213188,True,0.030976007284809592,19,8,0.0019001306169646635,2,0.9939935127853783,317,0.8446601941747572,0.030976007284809592
0.0,317,8,32,True,0.011460544475135493,random_equal,0.0,0.1231319718814252,True,0.022921088950270986,20,8,0.001284181126037907,2,0.9909353593172991,317,0.9611650485436893,0.022921088950270986
0.0,317,8,32,True,0.027718562228371827,random_equal,0.0,0.2978079472840285,True,0.055437124456743654,21,8,0.002024392971579381,2,0.9924638091520491,317,0.9029126213592233,0.055437124456743654
0.0,317,8,32,True,0.00753860452231149,random_equal,0.0,0.08099468939545904,True,0.01507720904462298,22,8,0.0008625425606503754,2,0.9898286555123716,317,0.9223300970873787,0.01507720904462298
0.0,317,8,32,True,0.015508311823594204,random_equal,0.0,0.1666211426109927,True,0.031016623647188407,23,8,0.0013560556220993333,2,0.9932108678479796,317,0.941747572815534,0.031016623647188407
0.0,317,8,32,True,0.011743686070099485,random_equal,0.0,0.1261740422634396,True,0.02348737214019897,24,8,0.001353342537035281,2,0.9868286015727764,317,0.941747572815534,0.02348737214019897
0.0,317,8,32,True,0.018189307563271084,random_equal,0.0,0.19542573324351686,True,0.03637861512654217,25,8,0.0016199682041345325,2,0.983044237046805,317,0.9611650485436893,0.03637861512654217
0.0,317,8,32,True,0.026688178471851745,random_equal,0.0,0.2867375148093612,True,0.05337635694370349,26,8,0.002427800844366165,2,0.9783858908198699,317,0.8446601941747572,0.05337635694370349
0.0,317,8,32,True,0.013210186010971806,random_equal,0.0,0.14193010253399382,True,0.02642037202194361,27,8,0.0018651616999514947,2,0.9868107252515328,317,0.8932038834951457,0.02642037202194361
0.0,317,8,32,True,0.015038667338137735,random_equal,0.0,0.16157528709313707,True,0.03007733467627547,28,8,0.0010874120604598902,2,0.9903638010421018,317,0.912621359223301,0.03007733467627547
0.0,317,8,32,True,0.01319974078836448,random_equal,0.0,0.14181787916980979,True,0.02639948157672896,29,8,0.0015655694366724401,2,0.9855983343433139,317,0.9320388349514563,0.02639948157672896
0.0,317,8,32,True,0.019964697997098456,random_equal,0.0,0.2145005097910769,True,0.03992939599419691,30,8,0.002053821380630832,2,0.9881980991608539,317,0.8932038834951457,0.03992939599419691
0.0,317,8,32,True,0.008503035860299282,random_equal,0.0,0.09135652976424083,True,0.017006071720598565,31,8,0.0011417728127854762,2,0.9930330232276833,317,0.941747572815534,0.017006071720598565
0.0,317,8,32,True,0.00975762631805209,posterior_medoid,0.0,0.10483583672927023,True,0.01951525263610418,0,8,0.0011682551605957262,2,0.995408467785053,317,0.941747572815534,0.01951525263610418
0.0,317,8,32,True,0.0089733891567647,acquisition_fw,0.0,0.09641000074028105,True,0.0179467783135294,0,8,0.0005828084898093957,2,0.9977775448291112,317,0.970873786407767,0.0179467783135294
0.0,317,16,32,True,0.009993658864205772,random_equal,0.0,0.10737176797574381,True,0.019987317728411544,0,16,0.0013172804646705582,2,0.9925668287064027,317,0.970873786407767,0.019987317728411544
0.0,317,16,32,True,0.005998272446535544,random_equal,0.0,0.06444537742742892,True,0.011996544893071087,1,16,0.0009126676409106184,2,0.9923431729230723,317,0.9611650485436893,0.011996544893071087
0.0,317,16,32,True,0.007134371676053283,random_equal,0.0,0.07665161585589009,True,0.014268743352106567,2,16,0.0006722054119601425,2,0.9948668318310849,317,0.9805825242718447,0.014268743352106567
0.0,317,16,32,True,0.004131169992437345,random_equal,0.0,0.044385247878039304,True,0.00826233998487469,3,16,0.000518813565236493,2,0.9882648090988088,317,0.970873786407767,0.00826233998487469
0.0,317,16,32,True,0.006788273821785998,random_equal,0.0,0.07293314407190819,True,0.013576547643571996,4,16,0.0006146371205440675,2,0.9952337874510354,317,0.9805825242718447,0.013576547643571996
0.0,317,16,32,True,0.006288222285876804,random_equal,0.0,0.06756059551695776,True,0.012576444571753609,5,16,0.0005926930535899201,2,0.9959176444247235,317,0.970873786407767,0.012576444571753609
0.0,317,16,32,True,0.007019265516242983,random_equal,0.0,0.0754149164596362,True,0.014038531032485965,6,16,0.0006891052129987191,2,0.99220463680512,317,0.970873786407767,0.014038531032485965
0.0,317,16,32,True,0.007625832116510571,random_equal,0.0,0.08193186176973043,True,0.015251664233021142,7,16,0.0010335253366741415,2,0.9886403053385097,317,0.9805825242718447,0.015251664233021142
0.0,317,16,32,True,0.00992406237820585,random_equal,0.0,0.10662402404649327,True,0.0198481247564117,8,16,0.001252963651361122,2,0.9942178139647101,317,0.9611650485436893,0.0198481247564117
0.0,317,16,32,True,0.006258250801206441,random_equal,0.0,0.06723858219414554,True,0.012516501602412883,9,16,0.0009506741303299098,2,0.995613061708346,317,0.9514563106796117,0.012516501602412883
0.0,317,16,32,True,0.010048407242053158,random_equal,0.0,0.10795998398382996,True,0.020096814484106315,10,16,0.0014124054923541887,2,0.9821471575343128,317,0.912621359223301,0.020096814484106315
0.0,317,16,32,True,0.011279338442083543,random_equal,0.0,0.12118509612740624,True,0.022558676884167086,11,16,0.0014803036477428098,2,0.9955537771760428,317,0.970873786407767,0.022558676884167086
0.0,317,16,32,True,0.0076274848313352545,random_equal,0.0,0.08194961852079599,True,0.015254969662670509,12,16,0.0007362012436149902,2,0.994469209301326,317,0.941747572815534,0.015254969662670509
0.0,317,16,32,True,0.006069984365853737,random_equal,0.0,0.06521584955047754,True,0.012139968731707473,13,16,0.0005837750989751852,2,0.9835696755742872,317,0.970873786407767,0.012139968731707473
0.0,317,16,32,True,0.00714690457963299,random_equal,0.0,0.0767862692429536,True,0.01429380915926598,14,16,0.0005669547288543571,2,0.9942699116962938,317,0.9805825242718447,0.01429380915926598
0.0,317,16,32,True,0.006751058119916789,random_equal,0.0,0.07253329895407379,True,0.013502116239833578,15,16,0.0006396698561964673,2,0.9968956301037982,317,0.9805825242718447,0.013502116239833578
0.0,317,16,32,True,0.007172285949240128,random_equal,0.0,0.07705896641677101,True,0.014344571898480256,16,16,0.0006271579226418592,2,0.9934092646583653,317,0.9805825242718447,0.014344571898480256
0.0,317,16,32,True,0.009014714907066429,random_equal,0.0,0.09685400417617114,True,0.018029429814132858,17,16,0.0007198811718704741,2,0.9840924948711682,317,0.9514563106796117,0.018029429814132858
0.0,317,16,32,True,0.006757295603951986,random_equal,0.0,0.07260031441834768,True,0.013514591207903971,18,16,0.0009550442447746492,2,0.9891584191548572,317,0.970873786407767,0.013514591207903971
0.0,317,16,32,True,0.00972580805610504,random_equal,0.0,0.1044939816504055,True,0.01945161611221008,19,16,0.0008707309024598602,2,0.988968127570898,317,0.9805825242718447,0.01945161611221008
0.0,317,16,32,True,0.008812870377042942,random_equal,0.0,0.09468538862311492,True,0.017625740754085885,20,16,0.001169218439809696,2,0.9940465250841825,317,0.970873786407767,0.017625740754085885
0.0,317,16,32,True,0.007887307966137458,random_equal,0.0,0.08474115560684098,True,0.015774615932274916,21,16,0.0010182356587085468,2,0.992490401098079,317,0.9611650485436893,0.015774615932274916
0.0,317,16,32,True,0.005795294392387476,random_equal,0.0,0.06226458330284517,True,0.011590588784774952,22,16,0.0006929518253722595,2,0.9924952765624353,317,0.9902912621359223,0.011590588784774952
0.0,317,16,32,True,0.00568181881569875,random_equal,0.0,0.061045402874866456,True,0.0113636376313975,23,16,0.0005063050874268592,2,0.9931654839314185,317,0.970873786407767,0.0113636376313975
0.0,317,16,32,True,0.007652264094747167,random_equal,0.0,0.08221584667184918,True,0.015304528189494335,24,16,0.0007281475687777513,2,0.9846582497214079,317,0.9805825242718447,0.015304528189494335
0.0,317,16,32,True,0.009779729875705315,random_equal,0.0,0.10507331712519218,True,0.01955945975141063,25,16,0.0007640593398991036,2,0.9925848679633126,317,0.9805825242718447,0.01955945975141063
0.0,317,16,32,True,0.006959703366857424,random_equal,0.0,0.07477498133969042,True,0.013919406733714848,26,16,0.0007709110551173082,2,0.9925216187792744,317,0.9902912621359223,0.013919406733714848
0.0,317,16,32,True,0.003429708132261646,random_equal,0.0,0.03684874887221653,True,0.006859416264523292,27,16,0.00036143947472657095,2,0.9939252673134846,317,1.0,0.006859416264523292
0.0,317,16,32,True,0.00963612335387068,random_equal,0.0,0.10353041013269325,True,0.01927224670774136,28,16,0.0012421883890510904,2,0.9920040113788174,317,0.941747572815534,0.01927224670774136
0.0,317,16,32,True,0.010156782274206883,random_equal,0.0,0.10912436421382277,True,0.020313564548413765,29,16,0.0014346948869190185,2,0.9913990951757086,317,0.9611650485436893,0.020313564548413765
0.0,317,16,32,True,0.0052877391252100225,random_equal,0.0,0.05681141473638187,True,0.010575478250420045,30,16,0.000661160148817915,2,0.9929176344632689,317,0.9514563106796117,0.010575478250420045
0.0,317,16,32,True,0.0060569898604306005,random_equal,0.0,0.06507623671795933,True,0.012113979720861201,31,16,0.0005891485729278979,2,0.9912017362635999,317,0.970873786407767,0.012113979720861201
0.0,317,16,32,True,0.0069340724637726725,posterior_medoid,0.0,0.07449960318075789,True,0.013868144927545345,0,16,0.00061784462262413,2,0.992744314151392,317,0.9514563106796117,0.013868144927545345
0.0,317,16,32,True,0.0052935023759290885,acquisition_fw,0.0,0.05687333504278837,True,0.010587004751858177,0,16,0.0003417541663131564,2,0.9995079193022358,317,0.9902912621359223,0.010587004751858177
0.0,317,32,32,True,0.003932314263581704,random_equal,0.0,0.04224874397396772,True,0.007864628527163409,0,32,0.0004425334008978188,2,0.9880358306105926,317,0.970873786407767,0.007864628527163409
0.0,317,32,32,True,0.006728662041063531,random_equal,0.0,0.0722926757133895,True,0.013457324082127062,1,32,0.0008934976468819239,2,0.9883678993416786,317,0.9902912621359223,0.013457324082127062
0.0,317,32,32,True,0.004791385891363922,random_equal,0.0,0.05147860070073197,True,0.009582771782727845,2,32,0.0004378671509678595,2,0.9887720412813524,317,0.9902912621359223,0.009582771782727845
0.0,317,32,32,True,0.0062792648194906,random_equal,0.0,0.06746435659030049,True,0.0125585296389812,3,32,0.0005515533988966927,2,0.9938661064298109,317,0.970873786407767,0.0125585296389812
0.0,317,32,32,True,0.0075336043752039575,random_equal,0.0,0.0809409678664005,True,0.015067208750407915,4,32,0.0008537144030043351,2,0.9979359125453919,317,0.9611650485436893,0.015067208750407915
0.0,317,32,32,True,0.003598760281568518,random_equal,0.0,0.03866504342437411,True,0.007197520563137036,5,32,0.00033712976086877616,2,0.9951035508387808,317,0.9805825242718447,0.007197520563137036
0.0,317,32,32,True,0.0032976985232432837,random_equal,0.0,0.03543043899165261,True,0.0065953970464865674,6,32,0.0003550411314282344,2,0.9907787811377722,317,0.9805825242718447,0.0065953970464865674
0.0,317,32,32,True,0.0036224404706441254,random_equal,0.0,0.03891946313207042,True,0.007244880941288251,7,32,0.0003812474370896539,2,0.9957979413906793,317,0.9805825242718447,0.007244880941288251
0.0,317,32,32,True,0.0075767435305737,random_equal,0.0,0.08140445450767655,True,0.0151534870611474,8,32,0.0009288767154125595,2,0.990036693354504,317,0.970873786407767,0.0151534870611474
0.0,317,32,32,True,0.01075051821030374,random_equal,0.0,0.11550345700012825,True,0.02150103642060748,9,32,0.0009606970678149949,2,0.9941049627874705,317,0.9223300970873787,0.02150103642060748
0.0,317,32,32,True,0.005103139598868191,random_equal,0.0,0.05482807932538447,True,0.010206279197736381,10,32,0.0006546694294594985,2,0.9991449953812351,317,0.9805825242718447,0.010206279197736381
0.0,317,32,32,True,0.005437869005208474,random_equal,0.0,0.05842440862185017,True,0.010875738010416948,11,32,0.0005836139681675988,2,0.9884089106066909,317,0.970873786407767,0.010875738010416948
0.0,317,32,32,True,0.003968816515866384,random_equal,0.0,0.04264092379680923,True,0.007937633031732769,12,32,0.0005818230279668203,2,0.9980654758445565,317,0.9805825242718447,0.007937633031732769
0.0,317,32,32,True,0.004746868890185094,random_equal,0.0,0.05100031049826477,True,0.009493737780370187,13,32,0.0005374492665829182,2,0.9937278385221275,317,0.9902912621359223,0.009493737780370187
0.0,317,32,32,True,0.005439505886068466,random_equal,0.0,0.05844199525296208,True,0.010879011772136932,14,32,0.0005626460370583743,2,0.9941847263940518,317,0.9805825242718447,0.010879011772136932
0.0,317,32,32,True,0.008420497461534462,random_equal,0.0,0.09046973805745086,True,0.016840994923068925,15,32,0.0006668282574093173,2,0.994811217926137,317,0.9902912621359223,0.016840994923068925
0.0,317,32,32,True,0.0030183909571749497,random_equal,0.0,0.03242956137663085,True,0.006036781914349899,16,32,0.0004661335131460566,2,0.9955564195871758,317,0.9805825242718447,0.006036781914349899
0.0,317,32,32,True,0.0049608272692388405,random_equal,0.0,0.053299077120618446,True,0.009921654538477681,17,32,0.0004640631251921902,2,0.9949742334088347,317,0.9902912621359223,0.009921654538477681
0.0,317,32,32,True,0.007938329332682938,random_equal,0.0,0.0852893286438603,True,0.015876658665365875,18,32,0.0007514712869367881,2,0.9844408985384462,317,0.9902912621359223,0.015876658665365875
0.0,317,32,32,True,0.007319351406316916,random_equal,0.0,0.07863903617391,True,0.014638702812633832,19,32,0.0008791513142829376,2,0.9938090172736985,317,0.9611650485436893,0.014638702812633832
0.0,317,32,32,True,0.007360471977378144,random_equal,0.0,0.079080835166152,True,0.014720943954756288,20,32,0.0007183085424714001,2,0.9901234837777885,317,0.9611650485436893,0.014720943954756288
0.0,317,32,32,True,0.004470296177203514,random_equal,0.0,0.048028816116658206,True,0.008940592354407029,21,32,0.0005069284196020744,2,0.9921227092700208,317,0.9805825242718447,0.008940592354407029
0.0,317,32,32,True,0.0053262909526197305,random_equal,0.0,0.05722561517327111,True,0.010652581905239461,22,32,0.0005749282034655338,2,0.9908383010335847,317,0.9805825242718447,0.010652581905239461
0.0,317,32,32,True,0.008084023347338931,random_equal,0.0,0.08685466363774605,True,0.016168046694677862,23,32,0.0007795210381396573,2,0.9940867586864255,317,0.9805825242718447,0.016168046694677862
0.0,317,32,32,True,0.012395064673342823,random_equal,0.0,0.13317244727227076,True,0.024790129346685646,24,32,0.0011699699718148724,2,0.9955771256869141,317,0.941747572815534,0.024790129346685646
0.0,317,32,32,True,0.004072853584833218,random_equal,0.0,0.04375869699497123,True,0.008145707169666436,25,32,0.00048788714781226763,2,0.9938851626912149,317,0.9805825242718447,0.008145707169666436
0.0,317,32,32,True,0.005695746241227685,random_equal,0.0,0.06119503899139915,True,0.01139149248245537,26,32,0.0009617367288809591,2,0.9958324035937856,317,0.970873786407767,0.01139149248245537
0.0,317,32,32,True,0.005681124579169278,random_equal,0.0,0.061037944004739345,True,0.011362249158338555,27,32,0.0005097536199806033,2,0.9895738138173674,317,0.9805825242718447,0.011362249158338555
0.0,317,32,32,True,0.003290202348254917,random_equal,0.0,0.03534990016473314,True,0.006580404696509834,28,32,0.00038578595686915046,2,0.992971892655645,317,0.9805825242718447,0.006580404696509834
0.0,317,32,32,True,0.0032433845751855643,random_equal,0.0,0.034846890492755196,True,0.006486769150371129,29,32,0.0004817682000940004,2,0.9888041481691059,317,0.970873786407767,0.006486769150371129
0.0,317,32,32,True,0.004792353878615291,random_equal,0.0,0.051489000745797514,True,0.009584707757230582,30,32,0.0005056618945256385,2,0.9923255611540225,317,0.9805825242718447,0.009584707757230582
0.0,317,32,32,True,0.0035331296931082785,random_equal,0.0,0.0379599090574703,True,0.007066259386216557,31,32,0.00038471543006526144,2,0.9958448199893106,317,1.0,0.007066259386216557
0.0,317,32,32,True,0.00324365279014429,posterior_medoid,0.0,0.03484977219151111,True,0.00648730558028858,0,32,0.00039784955918075604,2,0.9986098358818499,317,0.9805825242718447,0.00648730558028858
0.0,317,32,32,True,0.0025220660755345646,acquisition_fw,0.0,0.02709705195678733,True,0.005044132151069129,0,32,0.00017581764963300208,2,0.9996663624556631,317,1.0,0.005044132151069129
0.0,317,64,32,True,0.00261869747976309,random_equal,0.0,0.0281352587692249,True,0.00523739495952618,0,64,0.0003147666906555909,2,0.9923765105645981,317,0.9902912621359223,0.00523739495952618
0.0,317,64,32,True,0.0025504747597497254,random_equal,0.0,0.027402274567594233,True,0.005100949519499451,1,64,0.00032452852679074013,2,0.9944413551846398,317,0.9805825242718447,0.005100949519499451
0.0,317,64,32,True,0.002705221687137431,random_equal,0.0,0.029064873962691,True,0.005410443374274862,2,64,0.00029321949904052955,2,0.9961930182999118,317,1.0,0.005410443374274862
0.0,317,64,32,True,0.006285752396877009,random_equal,0.0,0.06753405905496568,True,0.012571504793754018,3,64,0.0005637759052166967,2,0.9957664058694615,317,0.970873786407767,0.012571504793754018
0.0,317,64,32,True,0.0030450663990412297,random_equal,0.0,0.03271616204948104,True,0.006090132798082459,4,64,0.0003074789971506753,2,0.992931212475887,317,1.0,0.006090132798082459
0.0,317,64,32,True,0.005801007421674487,random_equal,0.0,0.06232596403070258,True,0.011602014843348975,5,64,0.0007487394594878742,2,0.9942759033615062,317,0.9902912621359223,0.011602014843348975
0.0,317,64,32,True,0.00605913299561479,random_equal,0.0,0.06509926254031971,True,0.01211826599122958,6,64,0.0005500361750262155,2,0.9959700596223915,317,0.9805825242718447,0.01211826599122958
0.0,317,64,32,True,0.003999386239939926,random_equal,0.0,0.04296936459761174,True,0.007998772479879852,7,64,0.0005008586812989904,2,0.9990193967232162,317,0.9611650485436893,0.007998772479879852
0.0,317,64,32,True,0.006289952224867924,random_equal,0.0,0.06757918196367269,True,0.012579904449735849,8,64,0.0006695009952619015,2,0.9984234474565858,317,0.970873786407767,0.012579904449735849
0.0,317,64,32,True,0.003124752137898916,random_equal,0.0,0.0335723048075902,True,0.006249504275797832,9,64,0.00031245852635969823,2,0.9924463304376795,317,0.9902912621359223,0.006249504275797832
0.0,317,64,32,True,0.0024325909396277767,random_equal,0.0,0.026135732017541505,True,0.0048651818792555535,10,64,0.0002459764708101512,2,0.9961988744576572,317,0.9902912621359223,0.0048651818792555535
0.0,317,64,32,True,0.005757001070926738,random_equal,0.0,0.061853160251210945,True,0.011514002141853476,11,64,0.0007107986840849171,2,0.9870004487895546,317,0.9902912621359223,0.011514002141853476
0.0,317,64,32,True,0.0030944484153374308,random_equal,0.0,0.03324672192429536,True,0.0061888968306748615,12,64,0.0003583155446341454,2,0.9915841341442788,317,0.9902912621359223,0.0061888968306748615
0.0,317,64,32,True,0.003910037386358513,random_equal,0.0,0.04200940143436996,True,0.007820074772717026,13,64,0.0003291284506210869,2,0.9942718311525779,317,0.9902912621359223,0.007820074772717026
0.0,317,64,32,True,0.0027581853716540025,random_equal,0.0,0.029633915244000112,True,0.005516370743308005,14,64,0.0002795677270585909,2,0.9991235321160632,317,1.0,0.005516370743308005
0.0,317,64,32,True,0.0032057690262325828,random_equal,0.0,0.03444274942196823,True,0.0064115380524651655,15,64,0.0003028906790667456,2,0.9929199807229594,317,0.9902912621359223,0.0064115380524651655
0.0,317,64,32,True,0.009047723433807636,random_equal,0.0,0.09720864744773329,True,0.018095446867615272,16,64,0.0007318453460680726,2,0.9946144219686205,317,0.9611650485436893,0.018095446867615272
0.0,317,64,32,True,0.005043904978208134,random_equal,0.0,0.05419166317069434,True,0.010087809956416269,17,64,0.0006766478815989207,2,0.9940589600979294,317,0.970873786407767,0.010087809956416269
0.0,317,64,32,True,0.006697733783472645,random_equal,0.0,0.07196038283216691,True,0.01339546756694529,18,64,0.0005121844686162416,2,0.9946830613900571,317,0.9805825242718447,0.01339546756694529
0.0,317,64,32,True,0.006903081039280598,random_equal,0.0,0.07416663163499909,True,0.013806162078561196,19,64,0.0008512235431726438,2,0.9886540701570382,317,0.9611650485436893,0.013806162078561196
0.0,317,64,32,True,0.004718842716572899,random_equal,0.0,0.05069919757743909,True,0.009437685433145798,20,64,0.00048429512356093805,2,0.9935383376160773,317,0.9902912621359223,0.009437685433145798
0.0,317,64,32,True,0.0031933692060302325,random_equal,0.0,0.03430952588134126,True,0.006386738412060465,21,64,0.00031697244963103645,2,0.9910097738713978,317,0.9902912621359223,0.006386738412060465
0.0,317,64,32,True,0.0068825611763929165,random_equal,0.0,0.07394616643933771,True,0.013765122352785833,22,64,0.0005535243587024426,2,0.9967068793782604,317,0.9902912621359223,0.013765122352785833
0.0,317,64,32,True,0.004674002480183528,random_equal,0.0,0.050217434539196776,True,0.009348004960367057,23,64,0.00047948407386067015,2,0.996726106071736,317,1.0,0.009348004960367057
0.0,317,64,32,True,0.0024336712781782774,random_equal,0.0,0.026147339163808535,True,0.004867342556356555,24,64,0.00027578512369111845,2,0.9955767876167388,317,0.9902912621359223,0.004867342556356555
0.0,317,64,32,True,0.006439997872029646,random_equal,0.0,0.06919127085241014,True,0.012879995744059292,25,64,0.0006326156945232993,2,0.9933858106907155,317,0.9805825242718447,0.012879995744059292
0.0,317,64,32,True,0.0036432146437562624,random_equal,0.0,0.03914266063416582,True,0.007286429287512525,26,64,0.00047096903936094913,2,0.9947176744674562,317,1.0,0.007286429287512525
0.0,317,64,32,True,0.002564042759751351,random_equal,0.0,0.027548049019960955,True,0.005128085519502702,27,64,0.0003786110756351426,2,0.995282626051784,317,0.9902912621359223,0.005128085519502702
0.0,317,64,32,True,0.0029910751317248976,random_equal,0.0,0.032136080429147854,True,0.005982150263449795,28,64,0.00033587071975984265,2,0.995010151269472,317,0.9902912621359223,0.005982150263449795
0.0,317,64,32,True,0.004552934500318413,random_equal,0.0,0.048916681409636925,True,0.009105869000636826,29,64,0.0005162898535849605,2,0.9985105242754279,317,0.970873786407767,0.009105869000636826
0.0,317,64,32,True,0.0032776773284102917,random_equal,0.0,0.03521533148043819,True,0.006555354656820583,30,64,0.0005396277449409624,2,0.9946643879023227,317,0.9805825242718447,0.006555354656820583
0.0,317,64,32,True,0.002619284856975851,random_equal,0.0,0.02814156954395313,True,0.005238569713951702,31,64,0.00029532078098890187,2,0.9933962028561422,317,0.9902912621359223,0.005238569713951702
0.0,317,64,32,True,0.007472224920055323,posterior_medoid,0.0,0.08028150763204112,True,0.014944449840110646,0,64,0.0005454216397120546,2,0.9997407923765881,317,0.9611650485436893,0.014944449840110646
0.0,317,64,32,True,0.001280427889510903,acquisition_fw,0.0,0.013756904065902608,True,0.002560855779021806,0,64,0.00010677555873798258,2,0.9997615347979153,317,1.0,0.002560855779021806
0.0,317,4,40,True,0.005236095715546871,random_equal,0.0,0.07535169031993502,True,0.010472191431093743,0,4,0.0003782796028925557,2,0.9905258245858597,317,0.9805825242718447,0.010472191431093743
0.0,317,4,40,True,0.003218379171189993,random_equal,0.0,0.04631510266697046,True,0.006436758342379986,1,4,0.00027218956595127623,2,0.9898130777125695,317,0.9805825242718447,0.006436758342379986
0.0,317,4,40,True,0.013825209035702796,random_equal,0.0,0.19895604023690794,True,0.027650418071405593,2,4,0.0012458688346888083,2,0.993049040630461,317,0.9029126213592233,0.027650418071405593
0.0,317,4,40,True,0.01292797344833771,random_equal,0.0,0.1860440879358034,True,0.02585594689667542,3,4,0.0009843477942472055,2,0.9932165683051636,317,0.9029126213592233,0.02585594689667542
0.0,317,4,40,True,0.016742277865171757,random_equal,0.0,0.24093504119891065,True,0.033484555730343514,4,4,0.0013819774957642085,2,0.9909166812309127,317,0.8932038834951457,0.033484555730343514
0.0,317,4,40,True,0.0034895357457113696,random_equal,0.0,0.0502172670546234,True,0.006979071491422739,5,4,0.0003298152269988969,2,0.990443998325153,317,0.970873786407767,0.006979071491422739
0.0,317,4,40,True,0.005332047065718,random_equal,0.0,0.07673250855104702,True,0.010664094131436,6,4,0.0004974059025490568,2,0.9842006741204161,317,0.9514563106796117,0.010664094131436
0.0,317,4,40,True,0.005256550158045659,random_equal,0.0,0.07564604643956424,True,0.010513100316091317,7,4,0.00039041863833460963,2,0.9871586501103325,317,0.970873786407767,0.010513100316091317
0.0,317,4,40,True,0.01301595396436243,random_equal,0.0,0.18731019935886215,True,0.02603190792872486,8,4,0.0010241551383401012,2,0.9923316582463498,317,0.9223300970873787,0.02603190792872486
0.0,317,4,40,True,0.023551017660725957,random_equal,0.0,0.33891836320356455,True,0.047102035321451914,9,4,0.0018192125411974278,2,0.9923611171812639,317,0.8155339805825242,0.047102035321451914
0.0,317,4,40,True,0.0024298347180674827,random_equal,0.0,0.034967304486206274,True,0.0048596694361349654,10,4,0.0001820310281450552,2,0.9920535711864402,317,0.9902912621359223,0.0048596694361349654
0.0,317,4,40,True,0.005816356760765487,random_equal,0.0,0.08370212028900756,True,0.011632713521530974,11,4,0.0004931762900641424,2,0.9857120029604036,317,0.9805825242718447,0.011632713521530974
0.0,317,4,40,True,0.004273786975721842,random_equal,0.0,0.06150328225127365,True,0.008547573951443684,12,4,0.00036340624853762964,2,0.9920236940280504,317,0.970873786407767,0.008547573951443684
0.0,317,4,40,True,0.006089156606716824,random_equal,0.0,0.08762793269354728,True,0.012178313213433649,13,4,0.0003635862160166805,2,0.9920345261264715,317,0.9611650485436893,0.012178313213433649
0.0,317,4,40,True,0.003453033495938118,random_equal,0.0,0.04969196989232588,True,0.006906066991876236,14,4,0.0003302911142344367,2,0.9905761336155805,317,0.9611650485436893,0.006906066991876236
0.0,317,4,40,True,0.008514575109796751,random_equal,0.0,0.12253168424218205,True,0.017029150219593503,15,4,0.0006448391959400564,2,0.9774962760436544,317,0.941747572815534,0.017029150219593503
0.0,317,4,40,True,0.00628259201445866,random_equal,0.0,0.09041162606603385,True,0.01256518402891732,16,4,0.00048509042062587325,2,0.9919338521563391,317,0.9611650485436893,0.01256518402891732
0.0,317,4,40,True,0.010536773841552747,random_equal,0.0,0.15163277422955798,True,0.021073547683105494,17,4,0.0007476551802590561,2,0.9934789221060258,317,0.9514563106796117,0.021073547683105494
0.0,317,4,40,True,0.0043303843289231835,random_equal,0.0,0.06231776435073046,True,0.008660768657846367,18,4,0.0004977499230970388,2,0.9914777080363824,317,0.941747572815534,0.008660768657846367
0.0,317,4,40,True,0.004416519780361408,random_equal,0.0,0.06355732378870438,True,0.008833039560722816,19,4,0.00048750262677951545,2,0.9865686412469367,317,0.9805825242718447,0.008833039560722816
0.0,317,4,40,True,0.004446504811210717,random_equal,0.0,0.06398883285223854,True,0.008893009622421434,20,4,0.000374496130366086,2,0.9861170769477917,317,0.9611650485436893,0.008893009622421434
0.0,317,4,40,True,0.005235153441826429,random_equal,0.0,0.07533813023214507,True,0.010470306883652858,21,4,0.0007057080326771071,2,0.9878979830701383,317,0.970873786407767,0.010470306883652858
0.0,317,4,40,True,0.0033108558839790234,random_equal,0.0,0.047645918030638196,True,0.006621711767958047,22,4,0.0002947282539040201,2,0.9829672057283887,317,0.9611650485436893,0.006621711767958047
0.0,317,4,40,True,0.0040303176961418285,random_equal,0.0,0.057999560632346986,True,0.008060635392283657,23,4,0.0002785560058820159,2,0.9866866263988993,317,0.970873786407767,0.008060635392283657
0.0,317,4,40,True,0.010757582169108507,random_equal,0.0,0.15481038625613774,True,0.021515164338217013,24,4,0.0007914767271067449,2,0.9941281426864977,317,0.9223300970873787,0.021515164338217013
0.0,317,4,40,True,0.010125679756633511,random_equal,0.0,0.14571679486974295,True,0.020251359513267023,25,4,0.0006999041697629117,2,0.9922215724775268,317,0.9320388349514563,0.020251359513267023
0.0,317,4,40,True,0.005391342114311068,random_equal,0.0,0.07758581268867462,True,0.010782684228622136,26,4,0.0005884628498625064,2,0.9907947768926874,317,0.9902912621359223,0.010782684228622136
0.0,317,4,40,True,0.004273051627420282,random_equal,0.0,0.061492699989125175,True,0.008546103254840565,27,4,0.0003386747798140355,2,0.9886287618278535,317,0.970873786407767,0.008546103254840565
0.0,317,4,40,True,0.004262197901392019,random_equal,0.0,0.06133650601427655,True,0.008524395802784038,28,4,0.0003763354547055536,2,0.9913205722398412,317,0.970873786407767,0.008524395802784038
0.0,317,4,40,True,0.0037359990072574206,random_equal,0.0,0.0537640745173131,True,0.007471998014514841,29,4,0.00024118267659319642,2,0.9900230865136119,317,0.9805825242718447,0.007471998014514841
0.0,317,4,40,True,0.00491747764226088,random_equal,0.0,0.07076651623358375,True,0.00983495528452176,30,4,0.0004887694680892749,2,0.9899881294890537,317,0.9514563106796117,0.00983495528452176
0.0,317,4,40,True,0.005175182390500455,random_equal,0.0,0.07447509786353151,True,0.01035036478100091,31,4,0.0005168650361221409,2,0.9893218793867145,317,0.9514563106796117,0.01035036478100091
0.0,317,4,40,True,0.006979698284238139,posterior_medoid,0.0,0.10044355416936154,True,0.013959396568476279,0,4,0.0004778759941674645,2,0.9946581208966374,317,0.970873786407767,0.013959396568476279
0.0,317,4,40,True,0.0027170646158644757,acquisition_fw,0.0,0.03910077711260671,True,0.005434129231728951,0,4,0.00022343103794726643,2,0.9936650673761593,317,0.9611650485436893,0.005434129231728951
0.0,317,8,40,True,0.0039078562006783675,random_equal,0.0,0.05623723977658412,True,0.007815712401356735,0,8,0.0002987451110888679,2,0.9943488931509881,317,0.9805825242718447,0.007815712401356735
0.0,317,8,40,True,0.004296736759559341,random_equal,0.0,0.061833548369117544,True,0.008593473519118683,1,8,0.00026746679696508714,2,0.9951390298168304,317,0.9805825242718447,0.008593473519118683
0.0,317,8,40,True,0.0034344192519707856,random_equal,0.0,0.04942409573127845,True,0.006868838503941571,2,8,0.0002544487271991051,2,0.988892735600313,317,0.9805825242718447,0.006868838503941571
0.0,317,8,40,True,0.0023723271880188718,random_equal,0.0,0.03413972419915747,True,0.0047446543760377435,3,8,0.0002909355779751484,2,0.9937810968083879,317,0.970873786407767,0.0047446543760377435
0.0,317,8,40,True,0.006059275210535155,random_equal,0.0,0.08719791501745265,True,0.01211855042107031,4,8,0.0005840438866861409,2,0.9867562946006777,317,0.9805825242718447,0.01211855042107031
0.0,317,8,40,True,0.0022339403828275615,random_equal,0.0,0.03214822514038756,True,0.004467880765655123,5,8,0.00021327771921462893,2,0.9908487198679905,317,0.9902912621359223,0.004467880765655123
0.0,317,8,40,True,0.0022648592565238206,random_equal,0.0,0.032593172964561996,True,0.004529718513047641,6,8,0.00019313238273391023,2,0.9923104366625349,317,1.0,0.004529718513047641
0.0,317,8,40,True,0.006305628207911557,random_equal,0.0,0.09074313568875882,True,0.012611256415823113,7,8,0.00042473643663602404,2,0.9943462189797571,317,0.9611650485436893,0.012611256415823113
0.0,317,8,40,True,0.005206430800980877,random_equal,0.0,0.07492478799095216,True,0.010412861601961754,8,8,0.0004270007353058726,2,0.9921090758883753,317,0.9320388349514563,0.010412861601961754
0.0,317,8,40,True,0.009181353163250541,random_equal,0.0,0.1321271645629102,True,0.018362706326501083,9,8,0.0007379515760438739,2,0.9914488805595224,317,0.941747572815534,0.018362706326501083
0.0,317,8,40,True,0.0031060131537156595,random_equal,0.0,0.04469806397799644,True,0.006212026307431319,10,8,0.00027305856779097565,2,0.9877304944201206,317,0.9514563106796117,0.006212026307431319
0.0,317,8,40,True,0.006749191724705131,random_equal,0.0,0.09712637667028085,True,0.013498383449410262,11,8,0.0004889339289780022,2,0.991515179919721,317,0.970873786407767,0.013498383449410262
0.0,317,8,40,True,0.005185889357799761,random_equal,0.0,0.07462917986050638,True,0.010371778715599522,12,8,0.0005415511987400277,2,0.9891360772677332,317,0.9611650485436893,0.010371778715599522
0.0,317,8,40,True,0.0038890329331643277,random_equal,0.0,0.05596635759612362,True,0.007778065866328655,13,8,0.00035193594629909843,2,0.990589188076911,317,0.970873786407767,0.007778065866328655
0.0,317,8,40,True,0.003315856190383902,random_equal,0.0,0.047717876520359165,True,0.006631712380767804,14,8,0.00029397371942723263,2,0.9921243025348673,317,0.9805825242718447,0.006631712380767804
0.0,317,8,40,True,0.005472637097250092,random_equal,0.0,0.07875571383482775,True,0.010945274194500185,15,8,0.000564435268728246,2,0.9867057767740106,317,0.9611650485436893,0.010945274194500185
0.0,317,8,40,True,0.004269520232207807,random_equal,0.0,0.06144188033018395,True,0.008539040464415615,16,8,0.00032316946286842853,2,0.9937882548253341,317,0.9805825242718447,0.008539040464415615
0.0,317,8,40,True,0.0032120322566484907,random_equal,0.0,0.04622376538724916,True,0.0064240645132969815,17,8,0.0002523350800254171,2,0.9921689162276514,317,0.9902912621359223,0.0064240645132969815
0.0,317,8,40,True,0.006975594793916552,random_equal,0.0,0.10038450159493571,True,0.013951189587833104,18,8,0.0006808672651796349,2,0.9934690154898457,317,0.9223300970873787,0.013951189587833104
0.0,317,8,40,True,0.0031300427690465447,random_equal,0.0,0.045043869752238466,True,0.0062600855380930895,19,8,0.0003014211660649718,2,0.9913631886186692,317,0.9611650485436893,0.0062600855380930895
0.0,317,8,40,True,0.0046535463722039185,random_equal,0.0,0.06696832987346253,True,0.009307092744407837,20,8,0.0003263322664920381,2,0.9929337060113873,317,0.9805825242718447,0.009307092744407837
0.0,317,8,40,True,0.004637013115807036,random_equal,0.0,0.06673040282176657,True,0.009274026231614073,21,8,0.00046402157665081706,2,0.9909369128338212,317,0.9805825242718447,0.009274026231614073
0.0,317,8,40,True,0.007497323522476014,random_equal,0.0,0.10789260376134542,True,0.014994647044952028,22,8,0.0009166566928430501,2,0.9919139450310749,317,0.9514563106796117,0.014994647044952028
0.0,317,8,40,True,0.004372414733361061,random_equal,0.0,0.06292261616996307,True,0.008744829466722122,23,8,0.0003177465009068315,2,0.9939354879769821,317,0.970873786407767,0.008744829466722122
0.0,317,8,40,True,0.0027336461688685226,random_equal,0.0,0.039339399191892756,True,0.005467292337737045,24,8,0.00021414804736735212,2,0.9893865507633162,317,0.9805825242718447,0.005467292337737045
0.0,317,8,40,True,0.004466988901957299,random_equal,0.0,0.06428361563434828,True,0.008933977803914597,25,8,0.00029187785143991766,2,0.9946635744485169,317,0.9902912621359223,0.008933977803914597
0.0,317,8,40,True,0.0037107553215550027,random_equal,0.0,0.0534007972796693,True,0.0074215106431100054,26,8,0.0004023157359138551,2,0.9928482792058243,317,1.0,0.0074215106431100054
0.0,317,8,40,True,0.009960884456399869,random_equal,0.0,0.14334525601637246,True,0.019921768912799738,27,8,0.000634164959954237,2,0.9893052497320718,317,0.9223300970873787,0.019921768912799738
0.0,317,8,40,True,0.008895999046844245,random_equal,0.0,0.12802068596147384,True,0.01779199809368849,28,8,0.0014830632178097476,2,0.992595800573201,317,0.9320388349514563,0.01779199809368849
0.0,317,8,40,True,0.004458142549742881,random_equal,0.0,0.06415630940682028,True,0.008916285099485763,29,8,0.0003888189970509649,2,0.9911026989423055,317,0.9611650485436893,0.008916285099485763
0.0,317,8,40,True,0.008413272376387435,random_equal,0.0,0.12107385523921767,True,0.01682654475277487,30,8,0.0006487431065239954,2,0.9948624721654157,317,0.9611650485436893,0.01682654475277487
0.0,317,8,40,True,0.006023978687785779,random_equal,0.0,0.08668996925097544,True,0.012047957375571558,31,8,0.0004394853066217453,2,0.9921649710237459,317,0.970873786407767,0.012047957375571558
0.0,317,8,40,True,0.006603375825743357,posterior_medoid,0.0,0.09502796688956068,True,0.013206751651486714,0,8,0.0004302387989301018,2,0.9954518706988545,317,0.9805825242718447,0.013206751651486714
0.0,317,8,40,True,0.0014148505655601114,acquisition_fw,0.0,0.020360854242698973,True,0.0028297011311202228,0,8,0.00012402010689829685,2,0.999642697403639,317,0.970873786407767,0.0028297011311202228
0.0,317,16,40,True,0.0035783418272921294,random_equal,0.0,0.051495259039745354,True,0.007156683654584259,0,16,0.0002787112190501805,2,0.9889620502593996,317,0.9805825242718447,0.007156683654584259
0.0,317,16,40,True,0.003466297112649879,random_equal,0.0,0.049882844160727705,True,0.006932594225299758,1,16,0.00033351725448328094,2,0.9928687699029507,317,0.9611650485436893,0.006932594225299758
0.0,317,16,40,True,0.0022567461875371876,random_equal,0.0,0.032476419281085606,True,0.004513492375074375,2,16,0.0001821927304525457,2,0.9926627615412779,317,0.9611650485436893,0.004513492375074375
0.0,317,16,40,True,0.0029520041706245816,random_equal,0.0,0.04248174903059961,True,0.005904008341249163,3,16,0.00040131899184426455,2,0.9932564187941043,317,0.970873786407767,0.005904008341249163
0.0,317,16,40,True,0.002846345271615758,random_equal,0.0,0.04096123124976171,True,0.005692690543231516,4,16,0.0002655251138671224,2,0.9914479019198563,317,0.9805825242718447,0.005692690543231516
0.0,317,16,40,True,0.0026868210963668857,random_equal,0.0,0.038665548186481304,True,0.005373642192733771,5,16,0.00021083698411955782,2,0.9951734934163975,317,0.970873786407767,0.005373642192733771
0.0,317,16,40,True,0.0040937788053419764,random_equal,0.0,0.05891281778186983,True,0.008187557610683953,6,16,0.00027062398116937074,2,0.9958913166715381,317,0.9902912621359223,0.008187557610683953
0.0,317,16,40,True,0.0018580944313880896,random_equal,0.0,0.026739495185971407,True,0.003716188862776179,7,16,0.00015374660372132582,2,0.9948039851337359,317,0.9805825242718447,0.003716188862776179
0.0,317,16,40,True,0.005599052925558956,random_equal,0.0,0.08057494076721257,True,0.011198105851117912,8,16,0.00041891180412256937,2,0.9931917308423918,317,0.9611650485436893,0.011198105851117912
0.0,317,16,40,True,0.0029351848254825647,random_equal,0.0,0.04223970492839531,True,0.005870369650965129,9,16,0.000381173776229806,2,0.9950692651698101,317,0.970873786407767,0.005870369650965129
0.0,317,16,40,True,0.0019471070057753646,random_equal,0.0,0.02802045877108983,True,0.003894214011550729,10,16,0.0002169585945561127,2,0.9933120611924394,317,0.9805825242718447,0.003894214011550729
0.0,317,16,40,True,0.0024431149602734646,random_equal,0.0,0.03515841800903735,True,0.004886229920546929,11,16,0.0002571828571822655,2,0.9913323261349464,317,0.9902912621359223,0.004886229920546929
0.0,317,16,40,True,0.003082974694935573,random_equal,0.0,0.04436652175536456,True,0.006165949389871146,12,16,0.000437866162045121,2,0.9921033737268802,317,0.9902912621359223,0.006165949389871146
0.0,317,16,40,True,0.0013374781076084512,random_equal,0.0,0.019247401432133465,True,0.0026749562152169025,13,16,0.00010959975228551159,2,0.9937112976657788,317,0.9902912621359223,0.0026749562152169025
0.0,317,16,40,True,0.00334636924697769,random_equal,0.0,0.04815698430525756,True,0.00669273849395538,14,16,0.0003117866600481395,2,0.9933708832017113,317,0.9611650485436893,0.00669273849395538
0.0,317,16,40,True,0.002678919849733105,random_equal,0.0,0.03855184279952241,True,0.00535783969946621,15,16,0.00023661569721745095,2,0.996071121588051,317,0.9805825242718447,0.00535783969946621
0.0,317,16,40,True,0.002681851106465464,random_equal,0.0,0.03859402597598519,True,0.005363702212930928,16,16,0.0003111866890688595,2,0.9907378694397195,317,0.9805825242718447,0.005363702212930928
0.0,317,16,40,True,0.0036097994903217384,random_equal,0.0,0.05194796048211163,True,0.007219598980643477,17,16,0.00034250195334451823,2,0.9919959426027867,317,0.9805825242718447,0.007219598980643477
0.0,317,16,40,True,0.0026780292850335924,random_equal,0.0,0.038539026846741355,True,0.005356058570067185,18,16,0.00023303322795763668,2,0.9944538879492408,317,0.970873786407767,0.005356058570067185
0.0,317,16,40,True,0.0024500663940611213,random_equal,0.0,0.035258454814035355,True,0.004900132788122243,19,16,0.00038555937087223353,2,0.9940524092683191,317,0.9611650485436893,0.004900132788122243
0.0,317,16,40,True,0.0033174383064160998,random_equal,0.0,0.0477406444611656,True,0.0066348766128321995,20,16,0.0004322232274201149,2,0.992117354776657,317,0.970873786407767,0.0066348766128321995
0.0,317,16,40,True,0.003671649814503207,random_equal,0.0,0.05283803712071694,True,0.007343299629006414,21,16,0.00027376582065619413,2,0.9940360501547191,317,0.9805825242718447,0.007343299629006414
0.0,317,16,40,True,0.0033991275078414894,random_equal,0.0,0.04891621873304383,True,0.006798255015682979,22,16,0.0003155117461130236,2,0.9916896064692998,317,0.9611650485436893,0.006798255015682979
0.0,317,16,40,True,0.0010447478666357757,random_equal,0.0,0.015034774378819707,True,0.0020894957332715514,23,16,9.375125946739538e-05,2,0.9933446053465543,317,0.9902912621359223,0.0020894957332715514
0.0,317,16,40,True,0.0032552625764817114,random_equal,0.0,0.046845884968224845,True,0.006510525152963423,24,16,0.00027740276981426805,2,0.9904396982967463,317,0.970873786407767,0.006510525152963423
0.0,317,16,40,True,0.0028212613973577078,random_equal,0.0,0.04060025382921825,True,0.0056425227947154155,25,16,0.0002624244458079146,2,0.9916415440645194,317,0.9611650485436893,0.0056425227947154155
0.0,317,16,40,True,0.0021771307439554435,random_equal,0.0,0.03133068807689022,True,0.004354261487910887,26,16,0.0002341540035383449,2,0.993709067133488,317,0.9902912621359223,0.004354261487910887
0.0,317,16,40,True,0.004586576097055081,random_equal,0.0,0.06600457296224477,True,0.009173152194110162,27,16,0.00035790640543895017,2,0.9934277095344329,317,0.9805825242718447,0.009173152194110162
0.0,317,16,40,True,0.004361365672796366,random_equal,0.0,0.06276361117173031,True,0.008722731345592732,28,16,0.00033062639177778235,2,0.9913851104157781,317,0.970873786407767,0.008722731345592732
0.0,317,16,40,True,0.0035279058621378832,random_equal,0.0,0.050769444342354385,True,0.0070558117242757665,29,16,0.0002797159471752601,2,0.9913128031972854,317,0.9805825242718447,0.0070558117242757665
0.0,317,16,40,True,0.00329107402992411,random_equal,0.0,0.04736124100758948,True,0.00658214805984822,30,16,0.0002456002685596126,2,0.9918659847391549,317,0.9805825242718447,0.00658214805984822
0.0,317,16,40,True,0.003319704088502469,random_equal,0.0,0.047773250914404715,True,0.006639408177004938,31,16,0.0002916020139784499,2,0.9933207220715318,317,0.9611650485436893,0.006639408177004938
0.0,317,16,40,True,0.002462723261165714,posterior_medoid,0.0,0.035440597460445374,True,0.004925446522331428,0,16,0.00023128546937864312,2,0.9918320186885703,317,1.0,0.004925446522331428
0.0,317,16,40,True,0.0006273515100779746,acquisition_fw,0.0,0.009028100187087952,True,0.0012547030201559492,0,16,7.546965620982772e-05,2,0.999700807777928,317,0.9805825242718447,0.0012547030201559492
0.0,317,32,40,True,0.002418528955555447,random_equal,0.0,0.03480460533746685,True,0.004837057911110894,0,32,0.00018387765704838135,2,0.9949910983105749,317,0.9805825242718447,0.004837057911110894
0.0,317,32,40,True,0.002122279538853321,random_equal,0.0,0.030541334473544426,True,0.004244559077706642,1,32,0.0002119090561672486,2,0.994519052332439,317,0.9805825242718447,0.004244559077706642
0.0,317,32,40,True,0.0037990382888390545,random_equal,0.0,0.05467126122316848,True,0.007598076577678109,2,32,0.0003528989263443925,2,0.99279910470583,317,0.9902912621359223,0.007598076577678109
0.0,317,32,40,True,0.0024527258617194694,random_equal,0.0,0.035296726723926676,True,0.004905451723438939,3,32,0.00018504360616392653,2,0.9934116064598117,317,0.9902912621359223,0.004905451723438939
0.0,317,32,40,True,0.0010827178146453863,random_equal,0.0,0.015581192916469642,True,0.0021654356292907725,4,32,0.00010026905478866767,2,0.9938989760510786,317,1.0,0.0021654356292907725
0.0,317,32,40,True,0.0011456606038489636,random_equal,0.0,0.01648699101826113,True,0.0022913212076979272,5,32,0.00012183212256549024,2,0.9958754141399662,317,0.9902912621359223,0.0022913212076979272
0.0,317,32,40,True,0.002257130651304732,random_equal,0.0,0.032481952028446434,True,0.004514261302609464,6,32,0.00020765600067261837,2,0.9935080867733205,317,1.0,0.004514261302609464
0.0,317,32,40,True,0.0027396208089565527,random_equal,0.0,0.039425379138429945,True,0.005479241617913105,7,32,0.00017156993673042752,2,0.9933597306589362,317,1.0,0.005479241617913105
0.0,317,32,40,True,0.0030322561801552905,random_equal,0.0,0.04363664093827722,True,0.006064512360310581,8,32,0.00022151999492483457,2,0.9932003481104027,317,0.9805825242718447,0.006064512360310581
0.0,317,32,40,True,0.004111139963581895,random_equal,0.0,0.05916265901670544,True,0.00822227992716379,9,32,0.0002889863437284052,2,0.9917303280631636,317,0.970873786407767,0.00822227992716379
0.0,317,32,40,True,0.0022060309679380156,random_equal,0.0,0.031746585884343516,True,0.004412061935876031,10,32,0.00017774757330623185,2,0.9914372668830952,317,0.9902912621359223,0.004412061935876031
0.0,317,32,40,True,0.0037948095118596065,random_equal,0.0,0.054610405671494486,True,0.007589619023719213,11,32,0.0002959018218189896,2,0.9936648719967973,317,0.9805825242718447,0.007589619023719213
0.0,317,32,40,True,0.0020262817813167418,random_equal,0.0,0.02915984840257236,True,0.0040525635626334836,12,32,0.00015534993833400023,2,0.9937370143758695,317,0.9902912621359223,0.0040525635626334836
0.0,317,32,40,True,0.0019334872237147284,random_equal,0.0,0.02782445899266506,True,0.003866974447429457,13,32,0.00020718244889220898,2,0.9931465306185593,317,0.9805825242718447,0.003866974447429457
0.0,317,32,40,True,0.0024384937049133013,random_equal,0.0,0.03509191437317859,True,0.0048769874098266025,14,32,0.00020146011168768835,2,0.9927323743852741,317,0.9611650485436893,0.0048769874098266025
0.0,317,32,40,True,0.002167932183468545,random_equal,0.0,0.03119831328489779,True,0.00433586436693709,15,32,0.00021867083271537587,2,0.9934151679726259,317,0.9805825242718447,0.00433586436693709
0.0,317,32,40,True,0.00302785005593139,random_equal,0.0,0.04357323321502939,True,0.00605570011186278,16,32,0.000255034274816992,2,0.9921560598308676,317,0.9611650485436893,0.00605570011186278
0.0,317,32,40,True,0.0035516430799855704,random_equal,0.0,0.05111104227819902,True,0.007103286159971141,17,32,0.00035881269523836007,2,0.9950978716562597,317,0.9902912621359223,0.007103286159971141
0.0,317,32,40,True,0.0015034923123951605,random_equal,0.0,0.02163648131672298,True,0.003006984624790321,18,32,0.00011623475101970012,2,0.9947091748415305,317,0.9902912621359223,0.003006984624790321
0.0,317,32,40,True,0.0024280514848852366,random_equal,0.0,0.0349416423054868,True,0.004856102969770473,19,32,0.00018602984971365932,2,0.9913966247877972,317,0.9902912621359223,0.004856102969770473
0.0,317,32,40,True,0.0015974121707275878,random_equal,0.0,0.022988064722454914,True,0.0031948243414551755,20,32,0.00014186805352112519,2,0.9917615156267525,317,0.9805825242718447,0.0031948243414551755
0.0,317,32,40,True,0.003520571515767637,random_equal,0.0,0.05066389711281292,True,0.007041143031535274,21,32,0.00023593075836253783,2,0.993907893573498,317,0.9805825242718447,0.007041143031535274
0.0,317,32,40,True,0.0020359663186745383,random_equal,0.0,0.029299216798323757,True,0.004071932637349077,22,32,0.00018451308962058187,2,0.9940923866336282,317,0.9611650485436893,0.004071932637349077
0.0,317,32,40,True,0.001532811122681105,random_equal,0.0,0.02205840292267374,True,0.00306562224536221,23,32,0.00018715420030933493,2,0.9928669947774234,317,0.9805825242718447,0.00306562224536221
0.0,317,32,40,True,0.0015849332843599524,random_equal,0.0,0.022808483364092847,True,0.003169866568719905,24,32,0.0002126091595747242,2,0.995240411792982,317,1.0,0.003169866568719905
0.0,317,32,40,True,0.0014151248915989442,random_equal,0.0,0.020364802018264544,True,0.0028302497831978884,25,32,0.0001224556357787076,2,0.9935170379327019,317,0.9805825242718447,0.0028302497831978884
0.0,317,32,40,True,0.0031179532434773317,random_equal,0.0,0.04486989161350783,True,0.0062359064869546635,26,32,0.00025756126361879954,2,0.995565786932497,317,1.0,0.0062359064869546635
0.0,317,32,40,True,0.002112293409895689,random_equal,0.0,0.030397625928554273,True,0.004224586819791378,27,32,0.0002703502196730545,2,0.993720482588599,317,0.9805825242718447,0.004224586819791378
0.0,317,32,40,True,0.0028965565801325893,random_equal,0.0,0.041683812954806776,True,0.005793113160265179,28,32,0.00026973273725874197,2,0.9933522029290759,317,0.9902912621359223,0.005793113160265179
0.0,317,32,40,True,0.001292356338508589,random_equal,0.0,0.01859806235267293,True,0.002584712677017178,29,32,0.0001472157400716359,2,0.9959497560812278,317,0.9902912621359223,0.002584712677017178
0.0,317,32,40,True,0.002092438531342087,random_equal,0.0,0.030111898023376993,True,0.004184877062684174,30,32,0.00020315392979513284,2,0.9907695346851376,317,1.0,0.004184877062684174
0.0,317,32,40,True,0.006372870829424684,random_equal,0.0,0.09171081188640996,True,0.012745741658849369,31,32,0.0005472143268315,2,0.9952138647275182,317,0.9611650485436893,0.012745741658849369
0.0,317,32,40,True,0.001946212515112164,posterior_medoid,0.0,0.028007586320487474,True,0.003892425030224328,0,32,0.00015334949660049158,2,0.9932688022149148,317,1.0,0.003892425030224328
0.0,317,32,40,True,0.000502995339748277,acquisition_fw,0.0,0.0072385134138297814,True,0.001005990679496554,0,32,5.274493601172834e-05,2,0.9997463969779797,317,0.9805825242718447,0.001005990679496554
0.0,317,64,40,True,0.0014971725826736018,random_equal,0.0,0.021545535248745147,True,0.0029943451653472036,0,64,0.00013500173860606175,2,0.9943107036531731,317,0.970873786407767,0.0029943451653472036
0.0,317,64,40,True,0.0012083850759512862,random_equal,0.0,0.017389647358805507,True,0.0024167701519025725,1,64,0.00010578815973926936,2,0.9948155346469991,317,0.9902912621359223,0.0024167701519025725
0.0,317,64,40,True,0.001516828525712173,random_equal,0.0,0.021828400309517628,True,0.003033657051424346,2,64,0.00013226994832005854,2,0.9937722159336381,317,0.9805825242718447,0.003033657051424346
0.0,317,64,40,True,0.00265542863921929,random_equal,0.0,0.038213785109969166,True,0.00531085727843858,3,64,0.000260370695990063,2,0.9945008640752304,317,0.9805825242718447,0.00531085727843858
0.0,317,64,40,True,0.0019709312615509393,random_equal,0.0,0.02836330925374502,True,0.003941862523101879,4,64,0.00015603015726263866,2,0.9945686432369081,317,0.9902912621359223,0.003941862523101879
0.0,317,64,40,True,0.0016211401778594703,random_equal,0.0,0.02332953010858262,True,0.0032422803557189406,5,64,0.0001459487994964699,2,0.9956859333411127,317,0.9805825242718447,0.0032422803557189406
0.0,317,64,40,True,0.0027614028281671386,random_equal,0.0,0.039738840170325446,True,0.005522805656334277,6,64,0.00019156815020518345,2,0.9943165546440842,317,0.970873786407767,0.005522805656334277
0.0,317,64,40,True,0.0005939328723167242,random_equal,0.0,0.00854717871805846,True,0.0011878657446334484,7,64,7.274392821356759e-05,2,0.9941207035934563,317,0.9805825242718447,0.0011878657446334484
0.0,317,64,40,True,0.0018455611135250634,random_equal,0.0,0.026559130513971244,True,0.0036911222270501268,8,64,0.00016066739743968034,2,0.9945330193865207,317,0.9902912621359223,0.0036911222270501268
0.0,317,64,40,True,0.0014100237235050682,random_equal,0.0,0.020291392046529615,True,0.0028200474470101364,9,64,0.00013502720244827146,2,0.9996709137014461,317,1.0,0.0028200474470101364
0.0,317,64,40,True,0.0012063825292775998,random_equal,0.0,0.01736082907797103,True,0.0024127650585551996,10,64,0.00011124354154233358,2,0.9937162352146364,317,0.970873786407767,0.0024127650585551996
0.0,317,64,40,True,0.0016593519912637272,random_equal,0.0,0.023879429286638415,True,0.0033187039825274545,11,64,0.00010656302845585862,2,0.9922291960895626,317,1.0,0.0033187039825274545
0.0,317,64,40,True,0.0008321715566810897,random_equal,0.0,0.01197562780334748,True,0.0016643431133621794,12,64,8.081922215573002e-05,2,0.9995998532786041,317,0.9902912621359223,0.0016643431133621794
0.0,317,64,40,True,0.001486067956138204,random_equal,0.0,0.021385730610848752,True,0.002972135912276408,13,64,0.0001040844735327604,2,0.9943658152865459,317,1.0,0.002972135912276408
0.0,317,64,40,True,0.0025980520222136164,random_equal,0.0,0.037388088768441255,True,0.005196104044427233,14,64,0.0002088735156502133,2,0.9950388945593813,317,1.0,0.005196104044427233
0.0,317,64,40,True,0.0009927931222379043,random_equal,0.0,0.014287103208696549,True,0.0019855862444758086,15,64,0.00010401675801121017,2,0.9930672893399836,317,0.9902912621359223,0.0019855862444758086
0.0,317,64,40,True,0.0021132419627228546,random_equal,0.0,0.030411276377814104,True,0.004226483925445709,16,64,0.0001873403777406445,2,0.9958334206420288,317,0.9805825242718447,0.004226483925445709
0.0,317,64,40,True,0.0008968586674331369,random_equal,0.0,0.01290652811569414,True,0.0017937173348662738,17,64,7.054967843488628e-05,2,0.9925615185830176,317,1.0,0.0017937173348662738
0.0,317,64,40,True,0.0022869661921029634,random_equal,0.0,0.03291130980815259,True,0.004573932384205927,18,64,0.0002535212869529108,2,0.9920382090033212,317,1.0,0.004573932384205927
0.0,317,64,40,True,0.0011331183702686619,random_equal,0.0,0.016306498041813607,True,0.0022662367405373238,19,64,8.487130084080914e-05,2,0.9933608012013682,317,1.0,0.0022662367405373238
0.0,317,64,40,True,0.0014223958656513006,random_equal,0.0,0.020469437268435905,True,0.002844791731302601,20,64,0.00011007080346675019,2,0.9930777074878739,317,1.0,0.002844791731302601
0.0,317,64,40,True,0.0007461416604140798,random_equal,0.0,0.010737587390426797,True,0.0014922833208281597,21,64,5.596444552085264e-05,2,0.9942230275090584,317,0.9902912621359223,0.0014922833208281597
0.0,317,64,40,True,0.002176184452313896,random_equal,0.0,0.031317070167936695,True,0.004352368904627792,22,64,0.00019950863672636598,2,0.9961700186835631,317,0.9902912621359223,0.004352368904627792
0.0,317,64,40,True,0.0025213690076438394,random_equal,0.0,0.03628455761076886,True,0.005042738015287679,23,64,0.00019123727242432558,2,0.9947151193515721,317,0.9805825242718447,0.005042738015287679
0.0,317,64,40,True,0.0008049957029625347,random_equal,0.0,0.011584545091184617,True,0.0016099914059250695,24,64,6.30067944271171e-05,2,0.9931034936922608,317,0.9902912621359223,0.0016099914059250695
0.0,317,64,40,True,0.0011798199716134376,random_equal,0.0,0.016978572196517838,True,0.0023596399432268753,25,64,9.943386168978225e-05,2,0.9925074220209428,317,1.0,0.0023596399432268753
0.0,317,64,40,True,0.0011833917318659487,random_equal,0.0,0.017029972741325516,True,0.0023667834637318974,26,64,9.211781906619878e-05,2,0.9940224753267503,317,0.9805825242718447,0.0023667834637318974
0.0,317,64,40,True,0.0006218676350910057,random_equal,0.0,0.008949182750849268,True,0.0012437352701820115,27,64,6.100238888591785e-05,2,0.9948174699426275,317,0.9902912621359223,0.0012437352701820115
0.0,317,64,40,True,0.001870850743180566,random_equal,0.0,0.026923068922592993,True,0.003741701486361132,28,64,0.0001534851501842129,2,0.9932996310550037,317,0.9902912621359223,0.003741701486361132
0.0,317,64,40,True,0.0014539088758791577,random_equal,0.0,0.020922935202151664,True,0.0029078177517583154,29,64,0.0001291621152774847,2,0.9967842093172092,317,1.0,0.0029078177517583154
0.0,317,64,40,True,0.0025798089447333222,random_equal,0.0,0.037125555996036785,True,0.0051596178894666445,30,64,0.00022397255166648578,2,0.9948474682076608,317,0.9805825242718447,0.0051596178894666445
0.0,317,64,40,True,0.0009013192810820164,random_equal,0.0,0.012970719986234105,True,0.0018026385621640328,31,64,7.513739709949623e-05,2,0.994966085994733,317,0.9805825242718447,0.0018026385621640328
0.0,317,64,40,True,0.0010479205953921288,posterior_medoid,0.0,0.015080432534763653,True,0.0020958411907842575,0,64,8.951724482680154e-05,2,0.9998839804172241,317,1.0,0.0020958411907842575
0.0,317,64,40,True,0.00040170321886024666,acquisition_fw,0.0,0.005780837133707173,True,0.0008034064377204933,0,64,3.703030558088465e-05,2,0.9997568212781203,317,0.9805825242718447,0.0008034064377204933
